row_id,pred_displacement_m,pred_v_final_m_s
train:2,24.04270636076664,9.870932524932003
train:3,2.601171590834663,-0.1412352661064522
train:4,-0.9432125302443733,0.04351904250018193
train:5,-0.8399062286112398,0.05528221091964845
train:6,1.4973818763868674,-0.09596949040431879
train:7,0.5638751453569488,-0.24353059223862805
train:8,-0.4393001338798108,0.046130448627345486
train:9,-6.610509675038573,-0.21792836228809226
train:10,-0.7745009645305884,-0.014066350110847198
train:11,-3.2285881772589144,-2.0778745575023856
train:12,-0.5954956249074816,-0.17629524795415308
train:13,-6.023906419848351,-6.047429999169494
train:14,-1.0821235307036767,0.10061389591600473
train:15,29.1995339271553,10.45837321937019
train:16,-3.1373943446922605,-8.91495621982367
train:17,2.909513499032206,4.882157041349784
train:18,-9.789153415466595,-7.20151600709288
train:19,8.234410697704197,10.20382410671936
train:20,2.5348015088278526,3.106134384485474
train:21,14.369459732384351,2.592424505839555
train:22,-7.967037867761652,-4.970513788524384
train:23,5.694065670682691,2.4921214022539133
train:24,-12.03981874673433,-12.206762537155175
train:25,0.9552234744412915,-0.08587887732136501
train:26,-29.707595295039543,-14.590267449690584
train:27,1.0059484195045392,-0.07792774840607425
train:28,-0.8357150065395278,-0.5719076726933376
train:29,-1.612591026601467,-1.8162543191427887
train:30,-10.244336404531339,-1.3351685425115185
train:31,0.02378724895728196,0.12437869029886314
train:32,-0.31554204004034003,-0.31345643023681385
train:33,-1.664172928967397,0.0587533980835169
train:34,-0.927224982312922,0.05934861464806528
train:35,17.583383659935155,7.104915177029643
train:36,-1.074578517370754,-0.030476837077075825
train:37,25.775788542789815,17.693498371461374
train:38,-2.5470759419063587,-0.4531377335608355
train:39,0.10916892814295887,0.09550492698806257
train:40,1.1534984980045029,0.2932621264531171
train:41,-6.173280365701318,-1.5434698737745365
train:42,1.8322809762418002,0.16980303349131845
train:43,17.389375872288216,4.403451845655088
train:44,2.2315485764258685,0.07977143689571839
train:45,1.0097611995611238,3.430863200045895
train:46,-2.0956820221576944,-2.2710586933722863
train:47,2.852030760466643,9.851175714675865
train:48,-0.693184747508648,-0.31499887891460093
train:49,-1.0278773082171186,0.03716164882387547
train:50,-5.984063542385938,-4.781868263664021
train:51,5.96413332962303,14.959830788836017
train:52,1.6558784134202158,4.302527311581059
train:53,-1.8458493881146594,-1.614450331810693
train:54,1.245556610308407,-0.7547233635527975
train:55,14.138065221041485,5.621051016836476
train:56,-4.917897077893526,0.054230408432675216
train:57,-0.47312943289606935,0.08512631739490874
train:58,-11.34940568536259,-1.1746038008495363
train:59,-0.7014506138445866,-0.8026611048959422
train:60,-0.5361035324710636,-0.05560083232726834
train:61,6.558095747783095,10.113027919512533
train:62,-14.324389507092004,-2.080415061206976
train:63,4.852823474874019,1.591445503074267
train:64,5.7231117927184405,0.4146150465463892
train:65,6.3416436521235156,6.903048989584384
train:66,-0.08599778006074618,0.07569968338692631
train:67,-33.92478760135232,-13.145008445971575
train:68,-0.8506818303380401,0.06647684034603776
train:69,24.291339975206466,11.250574403767038
train:70,0.7125900720988066,-0.12342477728122772
train:71,-2.7648028385554704,-0.27592989648190946
train:72,0.6930233646422223,0.0009827247454922139
train:73,-0.1628661992282982,0.34143318955102686
train:74,0.5429479760492999,4.220300188588063
train:75,0.003965534811143062,-0.07374529010871736
train:76,-3.398547695035483,-0.1240636837188405
train:77,4.212604191486556,0.028494968950796104
train:78,-0.2826637276849452,-0.46620500010977123
train:79,7.315187130788215,0.42699058649280736
train:80,-0.4836062095550281,0.02785495689190577
train:81,-3.4593694637640002,0.2681527539359502
train:82,6.38403427189907,1.3262902725035264
train:83,6.654537092665158,5.199090584929847
train:84,0.1254093906398024,-0.07054890333012337
train:85,0.43115485652287006,0.08695936614267845
train:86,-3.065391799524187,0.223534515650435
train:87,-4.677256772502947,-4.995012073461889
train:88,19.77066134841849,5.576655543405785
train:89,-2.218858854167419,-0.08271088004396224
train:90,-0.3592300092547319,4.06566585679804
train:91,3.341786333770845,1.8515439785735273
train:92,0.9916401499006556,3.378181986770044
train:93,-1.1134156642567241,0.179243826584694
train:94,0.10808555651427257,-0.0026692136646540854
train:95,-2.3581803758790048,-0.01729647617100767
train:96,1.9557225781871703,3.2300247410759213
train:97,3.703939535087438,2.5476184545976666
train:98,-1.4858131839920254,-4.1879193830733525
train:99,0.28598619646515,0.47986489117500164
train:100,0.5891549789841637,0.03881202040443224
train:101,-0.8213053851428952,0.19510100359931354
train:102,-4.328910660824258,0.11446201640850942
train:103,13.425638364318049,3.180342828669641
train:104,13.928060587133487,8.14314919436319
train:105,1.9155961016716523,4.891077907121093
train:106,-13.736074894337058,-6.485778163643156
train:107,0.5752574630908025,0.04417396261371791
train:108,0.40563826417796034,-2.128597751160901
train:109,11.761270838112848,7.274727763039467
train:110,1.2706002663635276,-0.015796041101767425
train:111,7.473567438701438,2.5119552493474555
train:112,0.6057980591531207,-0.2362571735012718
train:113,0.043669053558525545,0.08160013448878291
train:114,0.8663804920582884,0.011195669473026332
train:115,-4.814446652151437,-9.012425509079348
train:116,7.466662499133045,5.998772331560181
train:117,7.660236054787195,4.0019852097490904
train:118,-0.44467979870480223,0.15436271136353702
train:119,-0.33298564827415883,-0.35330223644519154
train:120,0.47404677249352495,0.2718105771045093
train:121,-0.789644572820811,0.13243745679530358
train:122,16.300701406225333,7.080424310454258
train:123,-18.339528181146306,-6.338353053225985
train:124,-0.17553616126945792,0.028596151130293
train:125,1.8252458600588666,0.1606993478919876
train:126,-0.18025767870174086,0.10278333885376907
train:127,-0.06448045739566188,0.23001638088347187
train:128,0.005448618383939646,0.03240975990337883
train:129,-3.5188982997602456,0.0979502046019739
train:130,1.961449884310456,9.32489542141706
train:131,12.819394712409082,5.103672758122057
train:132,0.8581421720238195,-0.254832003281307
train:133,-1.642152392326731,-0.07680754006070303
train:134,-2.993094962223956,-9.335371920479552
train:135,-1.7968248750788423,-0.20089444758213654
train:136,1.2500544447990092,2.097418743332739
train:137,-1.375372274049131,-0.2019603378240979
train:138,0.8915497917922642,0.2941679512662515
train:139,-2.5889793292103493,-0.12746746364998102
train:140,11.292625727438732,4.652717943189767
train:141,1.5321648353337527,-0.1554054077123434
train:142,-1.5277252884800254,-0.7078785466751105
train:143,2.771069274719325,3.1179829353997293
train:144,5.252561454307234,3.9678099567472445
train:145,6.915660223437148,0.32481655771433926
train:146,2.912116566406528,-0.3335759199371912
train:147,0.6786776692616586,0.16711694443011665
train:148,0.8111742170394965,4.697213849830702
train:149,-25.603874224289555,-19.86483590460147
train:150,20.301361651243887,13.505953930906156
train:151,-2.78627826062275,0.35630721959348866
train:152,-0.13660114946434276,-0.036995223477474276
train:153,2.833700033473469,6.520662095730236
train:154,0.31395557193206014,0.5233959827578647
train:155,2.5717381933706567,3.0704046992978
train:156,0.3312142015211998,0.056713455496035695
train:157,18.75076662648085,10.767102625088414
train:158,-12.923109848705389,-10.680017961333585
train:159,0.1219506444831189,0.019547175951599494
train:160,-0.1455223155795468,0.10062391783790767
train:161,-0.44795955201649296,-0.410975258458767
train:162,11.100927644866921,2.755453855655204
train:163,-0.8375157442976263,-0.15006860947082132
train:164,-2.9622565871558777,0.15079883033836705
train:165,3.751226655235625,5.990544797325503
train:166,-5.801327189892255,-3.735934557092817
train:167,-0.8170296645008522,-3.886515609948945
train:168,-0.6875236919838337,0.13111459876931858
train:169,1.4225651917623243,6.771299448970695
train:170,-33.65531457059054,-13.040398127210226
train:171,-3.7637823627848332,-4.069275520431693
train:172,-1.3540310966155964,-4.619989901263501
train:173,-1.246797413013435,0.005182908648492357
train:174,-2.6738414642290667,-4.654148320289766
train:175,2.909189452245297,0.10429129928073715
train:176,20.36164086243966,7.646136051598778
train:177,0.009889268147440206,-0.06691968365397055
train:178,-0.33576532579651125,-0.05921739085653313
train:179,0.7524441075567512,-0.07723491618227912
train:180,-0.6329987520672153,0.08658124366575701
train:181,-5.8787864597919635,-0.03052662569976798
train:182,3.062849928048479,0.03524343157253206
train:183,33.43577107217531,11.175504002968815
train:184,-1.5110131682137142,-0.03721691837622393
train:185,0.14467576204998345,0.06115933697906903
train:186,-4.258982108075696,-10.797568186205735
train:187,1.0121480807720133,0.013018196986058078
train:188,0.6367703301675836,-0.4115736135611355
train:189,0.38135032986189343,0.09345581844353845
train:190,-6.694491723159704,-2.3504821034662298
train:191,6.333709387467294,0.5868597140451994
train:192,8.053644661254875,10.386665048542191
train:193,-18.115626263803186,-15.824896327084032
train:194,-7.730803575856776,-0.592679229291051
train:195,-0.8627984836528443,-0.03154636516969232
train:196,0.139639786733202,0.0030019815155225282
train:197,-6.996042131410095,-0.1959526771235216
train:198,-0.4769605771536338,-0.179450673247674
train:199,-1.9828858453245846,-0.17064397178957358
train:200,0.06557324484994631,0.10184013690841305
train:201,0.23972630928062927,0.001150850510084525
train:202,-4.817353309987526,-0.6847055093321577
train:203,-0.5036475386236434,0.15073327769616918
train:204,3.7037419455832254,0.3014840969162047
train:205,-3.633936768778809,-2.268183507407421
train:206,-1.3432319003774107,-0.13236893242976916
train:207,-12.910723543831894,-3.0979639743936747
train:208,10.00435052846849,6.256190067778615
train:209,-0.4279188622080383,0.789802312967157
train:210,-1.497953664276455,0.09849923472928276
train:211,3.1744647521046367,9.332377695580265
train:212,-2.8444923128121395,0.14792275274343947
train:213,2.7488202316284926,0.3285553408925769
train:214,-0.024621133512751664,0.11733670306053942
train:215,3.6429964231575105,0.8725604194949956
train:216,2.7502865782079913,-0.21023166892744755
train:217,1.515569176645807,1.8485372593418365
train:218,-12.835295494035492,-11.856290578429135
train:219,-1.0581642923393235,-0.46828873956592426
train:220,-0.019102516774650663,-0.021624662485785873
train:221,0.9284468422051054,-0.22987060568931905
train:222,0.5402534363574392,-0.12209760376574
train:223,0.06617996085699947,-0.09415837575608754
train:224,-3.4992523240437357,-0.11668127212263946
train:225,13.44550889469464,3.6216688948913722
train:226,-10.839732625117266,-2.090128265117058
train:227,14.86370686380667,7.386635467554253
train:228,-3.183645630921892,-5.500172289764136
train:229,-4.3376803803959385,-2.59126102409202
train:230,-0.25868298693336894,0.5512266815563048
train:231,3.5324955389886314,10.588444498214965
train:232,0.9948104153811885,-0.20760396380274077
train:233,-0.3339822548646717,0.09189033004493538
train:234,25.824342560347365,8.07457556685265
train:235,1.0041763903391114,0.01708534968372745
train:236,-9.3988160472691,-2.3178247614828495
train:237,-0.7235215939233869,-0.4729875586650986
train:238,-21.95931954700924,-6.150999464661037
train:239,-22.738995642804117,-6.145159501742624
train:240,9.612577498179212,1.0859102315025133
train:241,-1.1775166051513315,-0.3590114863964373
train:242,0.9040010687439085,-0.08444078502609748
train:243,-1.1727456322284353,0.06049482292606013
train:244,-1.0242203914106218,0.040722890624060336
train:245,-3.0910496102500487,-5.427694891848584
train:246,-0.45769891302281784,-0.1752718884661748
train:247,0.9032381407994072,1.9721477154230518
train:248,1.3003172628806392,-0.05556423982950176
train:249,-10.22552774339621,-8.224956098428784
train:250,6.181609636289152,-0.08034913033430954
train:251,-0.6294648056698109,0.02482687420391659
train:252,-6.1203138258273375,-0.24866463380392884
train:253,2.592405590594826,0.06254664202597435
train:254,-0.6811955394240612,0.003866042376527601
train:255,6.795204547587792,1.3157975699275701
train:256,-0.009039050866856913,0.1291857176224272
train:257,1.2105139955071622,0.19421864648942516
train:258,1.3584239193630334,6.163009162471723
train:259,2.5833318156448977,-0.04662539879613306
train:260,-0.9625714200341738,-0.08260709430468274
train:261,-5.4401275322771685,-3.800321089829677
train:262,-18.391172963466225,-3.930624049829903
train:263,11.774143445624945,2.473051218476334
train:264,0.7940276323221576,0.14556703045300953
train:265,0.7608586309373297,0.09802688478735223
train:266,-9.928116951488194,-3.914725073197952
train:267,2.3413725421991383,-0.22066252804226616
train:268,-6.590205377585675,-6.671255477234902
train:269,-0.4884189087320492,-2.9168386714719783
train:270,0.7507190349558541,-0.24311166877004486
train:271,1.681747528686465,-0.16005037235574038
train:272,-5.62192382364728,-5.07505049430777
train:273,5.702736827960505,1.4424148879012861
train:274,1.4081039646363562,-0.09440771118677588
train:275,-1.3812589302961085,-0.2878150398939313
train:276,-3.5104084599098258,-0.3878745501464874
train:277,-0.7314277311325382,0.08529048432202338
train:278,0.219530802284168,-0.0866169330219321
train:279,-1.3990796439101731,-1.87032419274324
train:280,2.2808855133365817,0.14799643705180768
train:281,5.929609096697543,5.568247685907259
train:282,-0.02528143114418252,-0.0026679653825665423
train:283,2.087873693019996,-0.04532279860516891
train:284,3.352466395160903,0.5741872256227534
train:285,1.8639875828372139,3.600212138423199
train:286,2.2690910471427643,0.22041316845790426
train:287,-2.031299458105024,-0.1100572810576339
train:288,3.9582200250994215,-0.09977411154637425
train:289,-4.833768116164557,-5.979121720765564
train:290,1.888756008335878,-0.06012967107132028
train:291,-4.5724274044796935,-0.17497444067731188
train:292,-4.745681785353569,-0.26141437305499327
train:293,2.4052046451388964,-0.4295246946146211
train:294,-0.4914898564294351,-0.0888363072431986
train:295,6.767866063784921,0.41416274044826457
train:296,12.672723790973745,11.434841953689931
train:297,3.6711694320428796,0.38635558068347536
train:298,0.00932648674779435,-0.08284284129321798
train:299,-2.204802569295967,-0.09507407983031485
train:300,-0.7397583370883865,-0.0536818304414699
train:301,1.0052545316573922,-0.039142411328877635
train:302,-3.9737660754512096,0.3896751550715097
train:303,-5.691475329130155,-4.3724448637407365
train:304,-1.427493711990682,0.09134661403279923
train:305,-0.310707024872255,-0.0824362579847003
train:306,15.12761763379574,22.002537322963796
train:307,1.8556248976442111,-0.28331198709128796
train:308,-0.04162969614994208,0.1269916300297343
train:309,2.2621028875243616,-0.4597634722207636
train:310,1.2470441105877685,0.20022737714607647
train:311,0.12619114770176398,0.007800021208056174
train:312,14.622785283945387,4.496417618460491
train:313,-17.247939618583647,-4.361558702650783
train:314,-2.694680415634541,-4.160483712057819
train:315,1.1105413774974577,0.099447358472584
train:316,8.359950235267826,1.3057043176196312
train:317,-13.855112110004407,-14.477007320696938
train:318,0.10144771146392664,-0.08257082279373865
train:319,0.8828571321272262,0.10058607705805352
train:320,-8.386581289264187,-2.452565328639129
train:321,1.906597643191565,0.9007386400266111
train:322,3.0822620507752965,8.213717790640858
train:323,-2.3517691776129026,-6.496533647431144
train:324,-5.3305908848888475,0.060975518525376034
train:325,-0.6041946771741266,-1.3830847420723522
train:326,6.512140148435062,14.304173118912306
train:327,1.2141110543167946,-0.38086130906138
train:328,-17.88830999982727,-6.07585373895513
train:329,10.505672758891064,5.802962951464546
train:330,-2.5655693896677074,0.012427117584999883
train:331,0.8565307715024048,0.09688053384854738
train:332,-14.331998330211874,-4.308855804931811
train:333,-4.788993869593476,-2.5376182769567275
train:334,0.35844005930666956,0.6093805774952088
train:335,-2.990724353089884,-0.01896724824739532
train:336,-0.07568674612708592,-0.02142804022439483
train:337,-1.002472528285769,0.4937451460149602
train:338,5.373376975512496,0.9105614074387782
train:339,-11.411829091366432,-4.664286653413667
train:340,0.5562514449097017,0.04673401084927923
train:341,-6.0195710736676835,-14.26893253480021
train:342,-1.0985211349709294,0.16246270683406927
train:343,-2.7559392058547285,1.3648285210577924
train:344,-0.04055742440222776,-0.014980449250961952
train:345,-5.339001688937582,-1.6656441634814194
train:346,-3.9002339550622893,-0.05335192731833055
train:347,-4.909386781717965,-5.32778724402828
train:348,-2.820364774681845,-0.08519442642015773
train:349,3.054445632830471,0.06665331176801544
train:350,2.65767382054285,0.028583989296239967
train:351,-1.9009447805528517,0.009621478765012875
train:352,-3.2019479980097554,-0.4036115710938793
train:353,-3.2847003420399616,-1.6225827112850968
train:354,11.330684720365465,10.984238084350256
train:355,8.782244102669003,3.320463420292874
train:356,-2.4423934874909436,0.039347640415600536
train:357,2.288187956495803,-0.30895252146931046
train:358,11.54903832443029,3.8850646896923062
train:359,-9.074383379681436,-7.7419117315369395
train:360,0.7129258580268482,-1.761165562037273
train:361,-0.6153655160239124,0.14192422233470364
train:362,-1.2078500809215864,-0.20543823004603662
train:363,-2.688844319054818,-0.036172070603738476
train:364,0.5185878634496353,-0.10364685322520764
train:365,1.0120553299341535,3.519817921517163
train:366,6.170058786331117,-0.1990433700745023
train:367,1.2765683992237125,-0.11231028756485939
train:368,-1.5209992255275044,0.019834102505724482
train:369,-8.120650922083822,-14.99884344440243
train:370,-1.0579988983013857,-1.3228081246109609
train:371,0.918087340728353,0.4707986540382974
train:372,-19.66931763232636,-5.44276272660144
train:373,6.386808428538217,4.007770105594842
train:374,2.036647335532529,-0.13481331841361793
train:375,-0.8456309776938827,0.08409413076931135
train:376,13.02107455181724,3.063065371266221
train:377,1.3124099729966976,-0.20203366548044105
train:378,1.3443611256608543,6.777449271168442
train:379,-5.713840601341112,-0.8399004267751016
train:380,-7.230770093918149,-3.6030619905827588
train:381,-5.978007540310939,-0.6013348886165573
train:382,-20.892507313525414,-11.574307221370873
train:383,-4.654509803861498,-1.8902566184564968
train:384,0.2658157949586357,-0.005595793186323861
train:385,-1.0515486470509217,0.07318032914741926
train:386,0.6701860859744371,-0.08837879402550872
train:387,5.549664006588676,-0.08762287005848834
train:388,-5.04084052183004,-2.8239353841013584
train:389,-1.8222539468962977,-0.06902371661034706
train:390,0.9769473943673983,0.04078715931896813
train:391,-6.4463100075389255,0.014189834553436531
train:392,-4.193115995533749,-0.0602818188251919
train:393,-3.0745529787724495,0.3178245374247203
train:394,-0.14631278982551776,0.031076558968668358
train:395,-2.9097977360786036,-0.8627947762257071
train:396,0.184895803007202,-0.029068560891099576
train:397,3.82907320056359,2.7305141781715396
train:398,-0.22066711501020325,0.21927730308863486
train:399,-0.0833861117315346,-0.11023360981880159
train:400,-36.9340766803449,-13.689248023280442
train:401,11.144968253231772,4.578723204898989
train:402,-2.8565283031175768,-0.021264693596937723
train:403,1.1480080668280324,-0.07700494695654911
train:404,0.47778098166490496,-0.0677829598805206
train:405,0.29363012077929895,-0.05833136023078708
train:406,9.410880921777757,7.736050024356528
train:407,-0.059067260469514354,-0.04296614901947393
train:408,4.223100145950336,-0.050708707830535604
train:409,1.04254780714074,-0.0272522747885056
train:410,5.371680960191631,11.782836179467784
train:411,6.274361403981963,5.053008198056454
train:412,-2.443477672723471,-4.304483536426741
train:413,-2.284878389147932,-2.1806736546198957
train:414,52.751105626416745,18.7873324422435
train:415,0.9245628136978841,-0.07153907634717394
train:416,-2.1769015365516906,1.0520194441558195
train:417,-2.6556153434440057,-0.09893683525244784
train:418,2.2656818145912543,2.3475245423951154
train:419,-0.14942238370534539,-0.5007688968232766
train:420,0.042018018907148125,-0.08540221188993177
train:421,-6.632202678018727,0.14603916640372505
train:422,-0.31260597623685926,-0.035883396454690936
train:423,26.11641239172739,9.504390111280385
train:424,-0.3432043381718797,-0.061762780693866315
train:425,-7.7451825127656955,-0.25711425525458376
train:426,6.476700030042989,1.977300909202096
train:427,0.20956183065103598,-0.014111965904846688
train:428,5.15823826891033,-0.3538749482669615
train:429,2.3700802050370835,5.261443059837638
train:430,-6.652270332983051,-0.4627477223748783
train:431,12.055233809401471,5.407666395591317
train:432,-0.10531250278489926,-0.04936470033946716
train:433,3.6935835204842893,6.33241659178113
train:434,0.1767426789177848,-0.3411300238182347
train:435,-1.548083748702902,0.06933572731335957
train:436,-0.07087137368030197,-0.09427246873889
train:437,2.184995559400392,-0.35840528494951845
train:438,0.9181319727104811,4.983867351165328
train:439,10.553003116271938,1.8037167993581376
train:440,6.912619669654674,2.251639644095366
train:441,-2.725777284265778,-3.3620867686824
train:442,-3.845830358347081,-7.806559333556111
train:443,-4.96316692543282,-9.030347701318808
train:444,-0.7412246255533249,0.07094290833368697
train:445,-0.1288402986553479,0.07449708842377653
train:446,0.2075510668728713,-0.03058012350352031
train:447,1.196017434728676,-0.06555595330591876
train:448,-24.449639095812415,-7.877232357546704
train:449,-1.5661479623236292,-0.7310604289882836
train:450,6.323109291711882,7.738237870538783
train:451,2.6163036924419933,-0.012593876560368172
train:452,-34.54148257574294,-10.39409260077323
train:453,-0.24396396361896328,-0.06289853906752818
train:454,-1.7004193287657778,0.003995899378835738
train:455,-3.6145599797045094,-0.13117810698344487
train:456,-5.794473856053197,-0.3864247953300019
train:457,-3.8459707631241926,-0.14998618718784024
train:458,-1.9166654664244955,-0.064170538514746
train:459,-1.0836221889785702,0.11885771695162307
train:460,-9.838377842589027,-12.912979198145086
train:461,5.0985741422182596,0.8510256275637493
train:462,-2.6076094624169652,-0.19541165383417436
train:463,2.679384025432782,0.5495885074750035
train:464,8.579125811670178,2.3713999702361335
train:465,-35.62279276475469,-12.16638952792342
train:466,1.9075618799721235,5.687508128569766
train:467,-7.3167187387517965,-4.441347467079153
train:468,3.70509299287556,3.4569732668148503
train:469,-6.250709880946274,-7.977065251102566
train:470,11.818903744701613,4.385154740806932
train:471,-12.141932072678498,-3.1756490625176927
train:472,-2.0063422765152765,-0.5893920389068881
train:473,1.7152268618220265,-0.1316571619834457
train:474,0.9321680337150314,0.1906364335501694
train:475,-1.5253295738560064,0.25433191732335925
train:476,2.4826132391422298,0.1152044589289842
train:477,0.03496360869027376,0.023428441613830772
train:478,-3.2269088989313466,-3.492287868864282
train:479,-1.946144425703591,0.17411930762846115
train:480,0.4945863176855566,5.727574702381628
train:481,0.7642042861601315,0.7427272415421198
train:482,-4.57980934835708,-4.103441357820079
train:483,13.162133001499974,19.509709719790912
train:484,-0.4679626998191472,-3.3560975825567194
train:485,-10.41060355561977,-3.5896895368960173
train:486,-1.291734845269172,0.03910675763790506
train:487,1.0475349662270688,1.555277991860684
train:488,2.114108348869039,4.6941437891993685
train:489,0.20007172299281947,-0.1341574353396144
train:490,-10.260541533375664,-5.156481284659311
train:491,1.6614225424501843,-0.012455424244257149
train:492,-2.7684603365075677,-1.3468106632336947
train:493,-5.584496187301068,-1.6753503770118114
train:494,1.1999032066726993,8.69205777466194
train:495,-21.241763731672922,-6.586909270570073
train:496,0.949604958774443,-0.5602714010643717
train:497,4.793927390207735,0.6022992515385257
train:498,-0.2608536238662657,0.2995689468722764
train:499,2.0497535635760786,0.16497054121316831
train:500,-0.4839078241217528,0.6381330791175039
train:501,-2.168897534423394,-7.217373612089929
train:502,5.105815216402055,-0.09533579108627124
train:503,-7.237940500796909,-0.5696022740036375
train:504,-0.5080472176222999,0.12576628066738849
train:505,0.5657121466005265,0.03852976599183497
train:506,-0.042482643547980314,-0.056299228322653716
train:507,2.8191890602840877,0.05897584195151907
train:508,-0.46499420809115155,0.6320272677796435
train:509,-10.168388578109736,-3.47798555201792
train:510,2.9482038485394573,0.034741336851715224
train:511,19.258739952073462,8.401053118622126
train:512,3.924950136838325,3.231303552576817
train:513,23.319949059846483,7.288048288191366
train:514,17.506017838248027,3.716299234027927
train:515,5.597732651340585,4.906612528044288
train:516,-0.15294290563937535,-0.7797788816141871
train:517,15.072960192682178,6.652233595653037
train:518,4.261626844856451,-0.2910785842488357
train:519,4.505237966557429,12.269235357967736
train:520,2.0834400170037033,6.664605711740015
train:521,1.107089837546222,-0.15039865525477067
train:522,0.1279652689913539,-0.06380343658539755
train:523,0.23832586461224164,0.19499707519922405
train:524,-3.623219049153831,-3.6479399428728905
train:525,-12.007857598365842,-7.606185948826758
train:526,-5.682241622910935,-0.960506874180016
train:527,1.1782548356746743,0.13686108319197596
train:528,0.548637507708545,-0.0018156383731844777
train:529,1.4271852992872982,-0.055880340519273014
train:530,0.23136455392058752,3.3617931129165313
train:531,-2.227307781367555,-6.053252842790707
train:532,3.0091344077244115,-0.25987171038599116
train:533,2.9061823724494196,0.14179507863644553
train:534,-11.396439426028905,-2.4013443914145016
train:535,-0.9939711817524571,-0.0005478830850643435
train:536,-1.0114404185072634,0.09425864215184837
train:537,-0.0447992061411942,0.38841802801373504
train:538,2.332067238841921,0.15292411975543446
train:539,-0.7124735511390132,0.09259072329166083
train:540,0.5119461828383252,0.251843484814421
train:541,0.4436403048358311,0.05805475243171402
train:542,0.8517656100355149,2.305753742546919
train:543,-8.893815397652807,-8.287702317172194
train:544,-0.3720775112768828,0.012877141110164456
train:545,5.745974990480013,14.409040227131666
train:546,7.415925233783064,5.235206024947777
train:547,0.6796881652320265,4.514316984970349
train:548,-0.24926529001699038,-0.41907914143637187
train:549,7.181723556730936,2.156194426412055
train:550,2.9648311215480776,-0.03952759551589441
train:551,-1.174159327016517,0.03277447226415969
train:552,1.185786482658782,-0.04702502739016293
train:553,-5.935244987350983,-4.944594031275977
train:554,-0.08970014245321192,-3.998315748212987
train:555,1.2591333338302233,-0.322060375018693
train:556,-0.5133939896062959,0.046577012627867405
train:557,0.03697495361403906,-0.07584222568979607
train:558,5.488312233072389,7.934678382057885
train:559,4.207301354109967,0.10427571358724397
train:560,0.062343702518149566,-0.07043855519358358
train:561,27.422011308594044,11.412769473165772
train:562,0.24204647497656703,-0.04963525656564394
train:563,-5.077366220204081,-3.947983302513078
train:564,-0.009262966266777972,0.05116148908782176
train:565,26.261585352262557,14.200238441747146
train:566,11.824578515262601,13.495198447118167
train:567,-3.9303944819017977,-2.304400949904506
train:568,-1.1024171350775238,0.16913844810790457
train:569,0.9353280710329933,0.15772173146553808
train:570,20.45385053751621,13.733877971263906
train:571,-0.026834717105534672,-0.09480840973688082
train:572,-0.9176377071102809,0.10338722206252532
train:573,-0.46589016026363606,-1.1699677525067647
train:574,-17.60654643698698,-4.865059488411038
train:575,2.6353401626525668,1.3940655701212736
train:576,-2.3493195326771454,-0.23031135626183324
train:577,0.7360075665342566,0.15565304272484065
train:578,-0.5873503462836729,0.060275339269865585
train:579,2.095898965077276,0.04982757484906126
train:580,-10.334292164510419,-15.187097508000138
train:581,9.671889683095543,5.355800060862221
train:582,3.112514166161464,0.5391359639170641
train:583,-1.84054608582159,-0.5638504754658074
train:584,0.08895412711255679,-0.04857899592835799
train:585,3.1394030757276914,2.1977894681423242
train:586,-0.6863282754833467,-0.9077011893474347
train:587,-10.861485137406925,-5.049853742044474
train:588,10.693670106278091,4.056750697459131
train:589,-0.3006364689881336,-0.9116747208885376
train:590,-0.614066539377394,0.05786679681453085
train:591,-0.11139047216360243,0.13338194268794967
train:592,0.5209294153036761,2.853369673246202
train:593,-1.0126961579210954,0.22284097012258983
train:594,3.926649871491035,-0.357532807100723
train:595,0.6594852195718771,-0.10288779072036713
train:596,4.310432847146433,11.420711685780438
train:597,0.9163752857889099,-0.18237300861024608
train:598,6.391756999556664,-0.05845176595443233
train:599,3.1963604586702883,-0.2530222439107708
train:600,-6.560181071274952,-0.7346264499256037
train:601,22.057613410989287,6.617747342085377
train:602,-0.7741000902952767,0.05550472611805563
train:603,-0.9035888609025168,0.01955377401406229
train:604,-8.863396842166619,-1.199479138307888
train:605,-1.2736495941777024,0.19903230754065449
train:606,2.984988040476657,0.07172832742317613
train:607,-0.24129034516872505,0.14339355734736253
train:608,7.064628762119119,7.210227957619462
train:609,-1.402698553794389,0.08303836944486044
train:610,-1.038118255991343,0.04133155296995181
train:611,16.081656936270484,11.907545694429288
train:612,0.2893480075356491,-0.013884707234506799
train:613,-2.0415369190056447,-9.232252121861148
train:614,0.7560769649353821,0.11513698036585127
train:615,-1.056023816863099,0.12660234434442985
train:616,6.63029448770594,6.019886131441099
train:617,1.3591845227251325,-0.1254990297935154
train:618,-1.2281911067764444,-3.2290415825922345
train:619,-5.415561810364003,-6.040311795393424
train:620,9.01428205842088,13.578635619101636
train:621,3.3757154736012915,0.27593054996708344
train:622,17.2790809461202,8.029728714619099
train:623,-1.74837116325196,0.04264314079194634
train:624,5.43211498857541,4.515420038353317
train:625,1.044622264476733,-0.08548306490400279
train:626,8.117168059651581,0.45938043945742585
train:627,-0.42964323743421473,-0.35583171960220905
train:628,7.003131469744434,-0.12892370953332183
train:629,-6.977174890798423,-0.0416183610169403
train:630,3.920889091381153,6.859600783932135
train:631,-8.265869444434077,-5.122493773283432
train:632,-3.92153503344938,-4.53142207590897
train:633,-0.9729946150687548,-0.1272442351475238
train:634,2.619362377967206,3.707461682169663
train:635,0.9796941209341953,0.41388811838900263
train:636,12.355327169401974,4.190448699415885
train:637,-5.578245850137218,-13.302010661886083
train:638,1.2259190030885465,0.13718017975875735
train:639,-5.293206020858841,-0.2701065178826587
train:640,0.1997129236989932,0.5338121478092526
train:641,1.4011169673091541,0.033460421103872026
train:642,1.4950552018602026,-0.06818636898601563
train:643,0.8356481179477637,-0.03380796699072067
train:644,0.5771222430940899,0.016794321631314793
train:645,0.1714483262669652,-0.016204015353182652
train:646,3.692093928080766,0.12611533600427116
train:647,0.19048421533193813,-0.028328115621964883
train:648,-2.2233085698022896,0.12952510768943193
train:649,-7.5216078966248485,-5.675372318603035
train:650,10.582058536637298,19.340007267926413
train:651,0.7729461107429825,-0.0911930638245011
train:652,1.0020798494702943,-0.22893396614122336
train:653,-4.659185468905892,-9.978713397353808
train:654,11.678013594784819,9.86464061256749
train:655,1.1122604061841082,8.151700853958202
train:656,-2.3740791247626802,0.19361355066378388
train:657,3.4800961972208615,3.285661315691861
train:658,1.334136449963447,-0.19691446063938095
train:659,-0.010224994694053635,-0.016066098015109165
train:660,6.992436531027001,1.7839307436359473
train:661,-0.5420533011302688,0.1728446332910557
train:662,-1.549050774982343,-0.10353857367041294
train:663,14.69336518468313,8.208639636447879
train:664,-0.235806074135621,-0.07011371652919945
train:665,27.63791294314071,8.461577252588878
train:666,-7.689414851096699,-3.509888788959607
train:667,-7.109392953604442,-0.5584745881623436
train:668,-0.5535120976251646,0.04844897211156631
train:669,1.814124360470574,0.5475069435962031
train:670,0.45023386659140935,-1.0048684656683302
train:671,1.9848440166927608,0.2408486161872429
train:672,2.757486739741503,0.22552584656690658
train:673,1.2137832881980417,-0.03948986173164776
train:674,-6.516069795605065,-9.927228822952289
train:675,4.017243961797843,4.33267781781101
train:676,-14.530301016305676,-6.671498571255152
train:677,-0.6134086825574858,0.030145625852972882
train:678,10.785111739328853,2.2835594296910138
train:679,-5.930386610129752,-1.5397414335050243
train:680,-2.8159013440108,-9.185878228317291
train:681,1.2946824751369732,2.116244263821158
train:682,2.230660121031632,-0.021201245201687466
train:683,2.9631406852249778,0.8996039159438216
train:684,3.3520051980122463,1.6734713316643437
train:685,-0.2587473197513582,-0.03535148562458279
train:686,-1.5676881143944073,-0.13625319396901056
train:687,1.7698654738181272,-0.17040663769952696
train:688,1.4458045069566223,-0.2214502297047154
train:689,0.5629518212266749,0.31538246967903405
train:690,4.558336542711872,0.27050301945039745
train:691,10.029672669495431,1.7543408943893204
train:692,2.45334395719584,1.7071332910717876
train:693,-1.6264906346189902,-0.4803167577791673
train:694,-1.1195674391267065,0.3440554378997509
train:695,-14.336988743713567,-9.584247127394814
train:696,0.6784691542201541,-0.07093708339415025
train:697,-2.762775337784008,-10.184873104537013
train:698,-3.100162438184339,-6.305184985542782
train:699,-0.4174146554767302,-0.005130504954488621
train:700,17.994459092661852,4.31957156919574
train:701,22.317767655815913,6.668470107761463
train:702,0.4427338339279753,0.004549601647672319
train:703,-0.05986610321213434,0.35140396755357545
train:704,0.9611307032425309,1.8213568085154046
train:705,-6.220574459596712,-2.7247398990446046
train:706,-6.672110643788409,-2.874615922177682
train:707,-2.2867215505348764,-2.32357998388012
train:708,-6.0763299372731066,-8.515886000204157
train:709,0.4010254790875545,-0.09975702791437602
train:710,8.187371378040117,7.292171185600545
train:711,13.674000467533261,20.19976804679628
train:712,-7.036621901494101,-4.272449051539848
train:713,0.6482681796468415,0.29383155707625686
train:714,8.0737504393706,3.090272784985744
train:715,-0.18193480679058632,0.1399844276358468
train:716,0.3487878120258785,-0.15877537703151245
train:717,-1.8809738282164719,1.145370115826619
train:718,-1.523208624871963,-0.21515796068817677
train:719,-12.57964164074011,-6.763539331368475
train:720,-2.0270910341235333,0.13822263796267517
train:721,13.948282594369337,11.746739570676775
train:722,1.3205583316921898,-0.053004155928737945
train:723,-8.959154759822347,-2.051493863176848
train:724,-1.8107240181798852,0.27428246095948683
train:725,0.33800942080019514,3.23643677384246
train:726,-9.800231445363961,-1.8128955130320026
train:727,-11.840924686877331,-3.6968317997133564
train:728,-6.398764393827581,-0.1794847691812655
train:729,-0.23673904528286538,-0.008842646226457543
train:730,3.762761233116842,9.835990898058805
train:731,-9.867830301628734,-10.996678166801674
train:732,-0.567981867591462,-0.15798186194105546
train:733,-8.828344929035765,-4.03310672527082
train:734,-4.490231100560166,0.12202157706553565
train:735,-0.6279977617155915,0.1176627186766061
train:736,1.2000364052443628,-0.12966076660821887
train:737,-16.090379407437965,-11.506520510888326
train:738,3.398261133406683,12.423080775478425
train:739,0.7716027345725762,0.07810084314534324
train:740,-2.1654817930411565,-1.4709783524387943
train:741,-15.042754277104393,-6.036890789169476
train:742,0.9270309390637411,2.383649398026506
train:743,0.6575250154609669,0.049286462396707725
train:744,3.9639231555657215,0.11107400049687459
train:745,-12.148859328237956,-9.15756747589318
train:746,1.045612304121959,-0.048581777814153126
train:747,-0.3293726079605092,0.004141912717877089
train:748,-1.7922982157664493,-3.845056381309802
train:749,5.497599869603348,0.34660749712995187
train:750,-40.20886654368987,-13.849202747318838
train:751,-0.62833994024524,-2.745969254181628
train:752,-0.6037564352766948,0.010448661806631343
train:753,-5.581341264064391,-0.4383753356022035
train:754,25.42447161480073,8.905058923649802
train:755,2.7304453375696713,0.187040097190723
train:756,2.416037199134558,0.05328649318326917
train:757,-7.934851699816603,-4.923484225897739
train:758,-0.463992429304793,0.127801622443747
train:759,0.5622398016367884,-0.11043989735007056
train:760,-1.9119879417141799,0.02485858056894047
train:761,-0.0746518420414918,-0.02779780972596932
train:762,-4.7828723142947265,-0.4566747943537242
train:763,4.255026425582786,8.631738501618358
train:764,-1.0646164032557097,-2.3650280849760823
train:765,-1.8081697670360155,0.19843591402442357
train:766,0.5918394067425736,0.06660527074024584
train:767,0.9412257690463824,-0.0917382421099398
train:768,0.551662021872441,0.015683778555821495
train:769,0.08423011075419119,6.508316229232299
train:770,-21.682900664028786,-15.302801131347568
train:771,-0.8987809271194208,-0.11101293015866298
train:772,-10.395119047320222,-2.9575044206858667
train:773,3.860001304512405,-0.020612947686424382
train:774,1.1353509481046462,7.481935171211357
train:775,-0.12049899962044813,0.024694306646218328
train:776,-9.45279378048817,-4.741560878404868
train:777,4.37902941417836,2.080972519833604
train:778,-11.844745370514085,-1.0650073441176604
train:779,-2.969666890938575,-2.290759295269283
train:780,-24.78626838234953,-6.8800367194627805
train:781,-0.17329061466864054,-0.02967643860253602
train:782,-0.7108025250789743,-0.11392231905272698
train:783,-7.529226947907291,-13.335247206758089
train:784,-3.7257796247522417,-1.4362365933604135
train:785,-0.8970699182420588,-5.017707125760916
train:786,-0.8454168836546122,0.1619757341591131
train:787,8.851715642517231,1.9451825397589193
train:788,-4.466782108033162,-6.96855946400135
train:789,2.131385110200918,4.6367907197174345
train:790,-7.969654417713908,-1.6594081741544282
train:791,14.827906435142209,8.582167864643882
train:792,7.740286304232732,0.3682091969810912
train:793,0.5967789118896512,-0.06827688726996459
train:794,0.1436824679893941,0.0936019031129848
train:795,-1.349196778822232,-0.09142848982621382
train:796,-1.9133399188394753,-1.2853354096466314
train:797,-11.810183479353677,-5.703738423421428
train:798,-16.017733417860878,-8.949515515726052
train:799,10.862973161984193,1.0650042884217743
train:800,4.660855740743518,5.50732124845629
train:801,-4.906674458970724,-4.707018701799686
train:802,-4.4549834575910205,0.15174634777322576
train:803,7.674999012709008,11.265205696441274
train:804,7.315133200476477,4.266149946315958
train:805,3.8185316842847215,0.21824244157284986
train:806,1.059154856282458,-0.1491666008343546
train:807,-6.899137264796973,0.04311459910381434
train:808,9.695363316196014,6.039096836116535
train:809,-8.535925480462403,-12.043558570508079
train:810,6.767324436085138,0.35761064008411036
train:811,-2.4030369126671345,-0.39777060954979526
train:812,0.23829332045860663,-0.046225056898053146
train:813,-1.5183615218753848,1.006409071267116
train:814,8.717746239329168,3.3324338035388745
train:815,-13.60001057748786,-6.817456557902219
train:816,-6.48794699769959,0.12410485287405625
train:817,-3.1603602889960243,-0.5383731807196344
train:818,-1.389135545308748,0.1096461084495225
train:819,4.618718965366315,4.375651818930799
train:820,2.119763592937847,0.16633487786966264
train:821,-4.237232385284922,-5.620162014487394
train:822,8.84397571294986,8.759357155817506
train:823,-0.6442421760025193,0.035998820561514905
train:824,-10.08398113140895,-16.0099947335644
train:825,-1.1377699654003823,-6.097557583946234
train:826,2.4944704690609147,0.11685304724941589
train:827,-0.974964931113116,0.22314298305737296
train:828,-1.9360785189842744,-0.17335862867797913
train:829,10.615817981952361,4.405882215214354
train:830,0.5570212303722903,-0.2847521479683006
train:831,1.8648197833373095,-0.14337084493444133
train:832,-0.7143473388991105,0.011608244535564277
train:833,0.3314679296904329,0.7892139797866913
train:834,-0.04454966222028556,-0.05246725197027957
train:835,0.8414322601107906,0.0518568535409945
train:836,1.008597513610431,-0.17532622440218593
train:837,-0.07454839812458045,0.03101671275887076
train:838,4.77231621252815,0.3606354772386719
train:839,2.688442923055334,-0.5752655515088587
train:840,5.636494597985833,0.09562904189276795
train:841,32.11898254545597,13.474724908952556
train:842,1.7901797669753567,-1.0418985754696155
train:843,-6.498206309674794,-8.315552560501605
train:844,-1.9408815711443252,0.08298833116575077
train:845,3.061139500316717,-0.04704717548091639
train:846,0.6210516201909817,0.5676690532135699
train:847,-1.2164374370037914,0.0766535135626278
train:848,-3.799116480219352,-1.55114046020695
train:849,-3.30205056017576,0.35348952593505617
train:850,-0.42944564793000195,0.061278316094614205
train:851,0.6906504309257477,-0.2593670121053917
train:852,-0.020871814555755375,0.013174695894634894
train:853,0.11087679883407746,-0.014445720869856196
train:854,0.03878034053694264,-0.192196685485077
train:855,1.979271062841001,0.28804872981225044
train:856,-16.658196782400605,-12.6699890349642
train:857,1.1753625902494806,0.2349707054933673
train:858,-2.397655969321822,-0.8650730693615061
train:859,8.724776706347297,15.999484566550747
train:860,-15.823340679368087,-8.077408870358248
train:861,-0.5791299255337033,-0.17985654325214168
train:862,8.218430588436433,17.663249714594137
train:863,1.2575588941690081,0.1790649299289462
train:864,4.2795814544169,1.0119574354898775
train:865,-13.725707256821897,-4.734972231555541
train:866,-4.4600333804022165,0.01688412661121369
train:867,0.7618361178375821,0.13142267478852696
train:868,-0.23101237841974037,-0.10324890089569536
train:869,-7.678173170598197,-1.6991036871994643
train:870,-0.6629246123131918,0.0063929933041674825
train:871,-2.001026886393714,0.3072522301167805
train:872,0.23481539649710248,0.0447485646912204
train:873,0.6403885426770788,-0.06007474665946791
train:874,-2.828390395426485,-1.890584880980321
train:875,9.237865972891338,1.2750425150466178
train:876,-0.3409084643620481,-0.11932142440301927
train:877,-0.2362633194941932,-0.044397001278633635
train:878,-5.676174927756883,-9.217025077644326
train:879,-4.514496021510448,-0.052090877088280724
train:880,6.649847015209869,1.794620460790522
train:881,9.585267374281651,18.425542345494808
train:882,-7.122090752519871,-1.3496126642030266
train:883,-4.175915480504672,-13.62272699950427
train:884,-0.8302945452933724,0.013361652886148018
train:885,-0.30379162468305027,-0.0536908537377028
train:886,1.019263162589593,0.038175396539779555
train:887,1.8080455774880297,-0.04579525554270694
train:888,-2.9460007824151777,-2.3778852478170815
train:889,-0.03947556375210309,0.057638824840140934
train:890,-0.5069702385952204,-0.025864327767955247
train:891,1.5105380829520705,1.285301824537404
train:892,-15.015271204276086,-5.8214284558873866
train:893,-2.9186492809508526,-2.613162596965793
train:894,-1.6705235718619136,0.1551072224657569
train:895,3.8781851178977407,6.982205766624427
train:896,-20.693303619292404,-5.553203877989362
train:897,-1.0935859303012965,0.1358455522159468
train:898,0.1991800131832195,0.014349614660643481
train:899,1.5774112045907822,4.3918204244936625
train:900,0.5813210200586101,0.4144154640731905
train:901,0.2866146473176665,0.09582395222443893
train:902,4.239662795568166,1.0459021486227535
train:903,-0.9914709771494455,0.02338186285936375
train:904,-3.6655813090240756,-0.07466698593696494
train:905,0.15519368381746643,0.09676850944749
train:906,-0.7182995938998452,0.16342852051781126
train:907,-0.2874373738776042,-1.6152906039816297
train:908,-0.002377669419685674,-0.008754232189456201
train:909,-15.614394195369707,-6.479805240849816
train:910,0.4980931826979719,0.2095208729531206
train:911,0.46899661722408825,3.8725407825034814
train:912,1.0188930890711145,-0.1804296830563416
train:913,0.7462279417542192,-0.05470453012320187
train:914,-0.8316246713440844,0.20497869542333308
train:915,7.45212084145595,7.3989031559283065
train:916,2.248462702902957,4.108007014564641
train:917,5.469252981954271,12.233764174167794
train:918,-11.54506764584715,-8.383641711901365
train:919,0.5499713530911009,-0.15795543402600182
train:920,-1.1711104047373948,0.001606794458864358
train:921,0.335021983725619,-0.08477318471341191
train:922,1.5222137629851202,-0.4094994680444553
train:923,0.09282641647864548,-0.015982213458825514
train:924,-0.9922733067656692,0.08694627701336038
train:925,-1.0992550056353996,-0.025326211192611844
train:926,-1.481366955230759,0.23196883672921675
train:927,30.088880101368396,17.030755595069515
train:928,3.1580397177650346,1.143899140214645
train:929,-0.7808642182846386,-1.5686062805151997
train:930,13.566352775805214,3.3743586770618776
train:931,-1.7687805318294512,-2.0002850521210713
train:932,2.469073476480614,2.7214977296575276
train:933,-0.1649786053720123,0.18724795399090205
train:934,0.24595839847261838,-0.4415714370591775
train:935,-0.28056288633868354,0.05087449120329179
train:936,23.68087674132048,7.503087204189357
train:937,0.9998122193366532,-0.19889972847142728
train:938,0.1735391719088961,0.7161174339557128
train:939,-1.4464795063048812,-0.002004663946442692
train:940,30.72526521854117,10.540396337404877
train:941,0.32209974637922767,-0.0010109244091419806
train:942,-0.06429815202074562,-0.04146471532456364
train:943,6.0997066946688205,-0.34214052600071115
train:944,0.1883061978499134,-0.0591826886144991
train:945,5.980670408834433,4.65139861601883
train:946,-0.2319846931241471,0.3653959971381739
train:947,-10.027494708861099,-4.567501280081158
train:948,-3.1948171090318387,-0.6026047124864227
train:949,0.5964132550777375,-0.026853894476563278
train:950,-3.3457178406067696,-0.03652062662778613
train:951,-7.236350951350078,-4.756775939113649
train:952,-1.4580446524446913,0.12121846803560572
train:953,0.10440922944471484,-0.26491683860145554
train:954,-0.09552089678907819,0.04191457203524466
train:955,28.87177338740021,18.217111478216303
train:956,-1.2477600225863115,-0.3652036075243516
train:957,6.935614438780229,12.042533635430118
train:958,5.654909939778458,2.9068417980527275
train:959,-1.5837772465768478,-1.1159473822073855
train:960,6.190615998349408,0.06329885681193456
train:961,5.264377306659154,9.036669227312926
train:962,-4.231719870575628,0.02953796213275145
train:963,0.9877188118458742,-2.5680814956822124
train:964,0.6122583061079154,0.1433287180092147
train:965,-26.500668360520272,-9.884830030218446
train:966,14.008529261411475,4.601964933421961
train:967,0.13662201385827324,0.25618607987100983
train:968,-2.2312005270587854,0.1210613628185864
train:969,0.981780201182201,-0.12453474971348097
train:970,-25.558760588687708,-16.96597623428077
train:971,1.3021755340532,0.014994156200251504
train:972,0.16897543550718302,-0.631243941425573
train:973,-0.07445611220320109,-0.05869464598346788
train:974,-6.834568269235621,-0.8179684671487979
train:975,-6.4471338395423725,-0.11376435787084763
train:976,-29.695466553896242,-8.792923021657883
train:977,7.439105039667858,6.9786369638013115
train:978,-3.8399728756092553,-0.059497755013397796
train:979,-0.5565552084482807,-0.15808661064080248
train:980,-0.862745250715827,0.16043242951646597
train:981,-3.351558586351297,-5.537767978346691
train:982,-6.501609033395577,-10.096915296806069
train:983,-0.1030690483082441,-3.2475991860794613
train:984,1.0474189695651839,0.47822322190385524
train:985,-1.697028111727887,-2.3489610539099437
train:986,1.0320232603134096,-0.3887202434282042
train:987,7.505840081111861,13.624142134920655
train:988,1.5601442065049937,-0.10493500900915867
train:989,1.0421686677508917,3.16238782444388
train:990,-4.224655464654423,-11.564403137297003
train:991,-0.3888437943131724,0.16356469026096218
train:992,-11.491234966569996,-0.9343685605706795
train:993,1.4531097396147268,-0.0433471960430005
train:994,0.38585664907826467,0.04980004131273006
train:995,0.46898418070823483,0.9034969867880811
train:996,-0.8944030410807878,-0.19196844602166835
train:997,1.1619418462068722,0.2859190892404778
train:998,-3.8683560267438115,-0.6578211510168936
train:999,0.06831427618985714,0.1341695016895889
train:1000,-19.089103724327657,-11.649278330245334
train:1001,-0.671657487253793,-1.719054658818022
train:1002,1.9109948232641392,-0.1356105783503376
train:1003,14.833624907852364,4.584621373427886
train:1004,5.070847453154171,-0.24394523588291112
train:1005,-5.481431177321314,-7.317578565038287
train:1006,-0.12091428626665524,-0.022990211759165255
train:1007,-10.847840768537196,-4.561038460066258
train:1008,-0.24515914766120994,-0.4238685144846977
train:1009,-3.2953910965090705,-6.339987946108656
train:1010,-9.433568554186513,-4.20511314921692
train:1011,-0.8710732996310325,-0.21305553266591287
train:1012,1.0216853774530006,8.64192904859872
train:1013,11.338998356869775,2.834804651396855
train:1014,-2.1752740964116986,-5.924834717412283
train:1015,0.7634909880499237,0.0880457282108757
train:1016,-19.755115179303846,-7.508310361584181
train:1017,-2.6363157305054687,-4.798529904986265
train:1018,4.816310329244951,2.620199138939663
train:1019,2.14578450343498,3.1595052201168947
train:1020,-0.8004125034256832,0.13438449153026827
train:1021,4.7977215736050995,0.27079718604063024
train:1022,-4.51913356340344,-1.610648278563218
train:1023,1.8493431786179282,5.236767304852485
train:1024,-1.2478824118498029,-2.8523642596761545
train:1025,2.11660773986821,3.1020308889464556
train:1026,3.9080797125104034,-0.5643101285956473
train:1027,-0.2073319156000074,-0.1667423769619164
train:1028,0.9384290639579317,0.22302806977491296
train:1029,-10.428978914595074,-4.000344384931275
train:1030,2.336799158780455,6.26158378768333
train:1031,3.0225700290943958,3.4037177011179143
train:1032,4.500939813695202,1.9817690457714903
train:1033,-2.7157485708649016,0.01858685470904274
train:1034,-1.1441131696312112,-0.8793534164431271
train:1035,8.321467238510877,9.602529335699852
train:1036,1.8293801298617174,-0.013099858788257673
train:1037,7.866724990269648,6.907660928250265
train:1038,-6.313500570969711,-1.8642201646655046
train:1039,-7.135641208260539,-12.518854172843627
train:1040,3.8298272950949617,0.5123454050843791
train:1041,-1.2941327682464734,0.12307077599272628
train:1042,11.58153040741951,10.278506470114367
train:1043,8.220363711162355,7.712274744404134
train:1044,-0.5904561046025364,0.10476072467606255
train:1045,0.42459128188028405,1.428131687603465
train:1046,-3.6531829163220886,0.22086625919048397
train:1047,2.215044506284581,3.31714512985213
train:1048,-1.8944303708280783,0.31366533283939435
train:1049,0.061780456202023215,0.8197500981860892
train:1050,30.480384409931947,17.32728464831601
train:1051,0.6237914892396914,-0.31623296625155956
train:1052,-1.8168434813544732,-0.5808087086120548
train:1053,1.9980946013035052,-0.08913575228340162
train:1054,0.07984292638594821,0.1514372017979423
train:1055,-1.3557501253022473,0.27438696000281637
train:1056,-3.7983921403427323,0.9564900565946055
train:1057,-3.7705134235895197,-4.221754818025763
train:1058,-16.42380077025963,-5.379037284058149
train:1059,-0.4005393495257632,-0.024176935707201863
train:1060,-1.3025076574970895,0.07666991955577851
train:1061,2.9867012577073013,4.508907287054914
train:1062,0.18481525622695527,-0.13717998992121586
train:1063,-0.987760362489451,-0.06285395756440126
train:1064,4.9363582733409075,0.09296592122197715
train:1065,-6.737893536280347,-3.947016347542856
train:1066,-1.4461919554616913,-0.08174149983997009
train:1067,-2.5542463487851177,0.17462240097494802
train:1068,-3.9303819291568245,-0.010407849303440603
train:1069,-7.911374347384289,-7.57613131066113
train:1070,0.2863276776200776,-0.06491601257743343
train:1071,1.1447824762863195,-0.2303288678762615
train:1072,2.862444889629854,12.026551059563502
train:1073,-0.7511790104318813,-0.06248182684150008
train:1074,0.4649427779723641,-0.1789251464888137
train:1075,10.11013297527677,2.762822857135265
train:1076,-0.8360676456899874,0.10912004671262462
train:1077,12.166201004800293,6.6621884669752705
train:1078,-0.23107845467453153,-2.242842667726019
train:1079,0.5696763732006342,2.2723848084432277
train:1080,6.784792743006983,0.6158409009459347
train:1081,0.7298954257942366,0.02227659823384069
train:1082,4.459607808745746,-0.5092998349356352
train:1083,1.606816242149478,1.0952888958131313
train:1084,4.095025418818538,9.431111530255839
train:1085,0.4517784353687522,-1.0857475153371723
train:1086,1.2967362436895842,-0.2979469532813819
train:1087,-0.824674402418842,0.11654233200522238
train:1088,6.205804819767359,6.540147850447363
train:1089,0.10521655691310397,1.8672768980226315
train:1090,1.7202363368994193,-1.3803107026217816
train:1091,0.11998672104036466,-0.08466340722011215
train:1092,3.9562143754025425,-0.10102774341430376
train:1093,-2.8884513283346633,-0.06863935272298782
train:1094,0.2807826187571481,0.016400649126102673
train:1095,6.6163204930515365,-0.35897799677128833
train:1096,-0.8892814049024743,-0.27349314285139603
train:1097,-2.4174469989802474,-1.115681462457534
train:1098,-0.3320398338091406,0.017684239764133483
train:1099,9.911890728325433,4.0072182935817375
train:1100,-2.84603444077796,0.023380436251263695
train:1101,-0.43749184122890405,0.12523832867475804
train:1102,23.709837318723814,11.653004570783818
train:1103,-0.8897359769912835,0.15481088029817153
train:1104,3.6239869181028057,0.1490477758911484
train:1105,-0.25330308965013726,2.4491931952541366
train:1106,-5.089040273029449,0.16405608542102856
train:1107,-0.30120052890810084,0.138379707514492
train:1108,1.0371182800232148,0.024030541562461954
train:1109,1.8197138188573914,-0.23585397838699174
train:1110,14.355693555396732,3.199242532779263
train:1111,-10.615113806561215,-15.44724805469505
train:1112,-10.090147783606307,-7.414943426581041
train:1113,-15.335765099440952,-6.206083656620633
train:1114,-0.9338615488429466,2.001798052853121
train:1115,-0.9262234359848037,-2.9715485214661173
train:1116,-0.1409868809685842,-0.057332770225946156
train:1117,1.1199296684464446,-0.21736741998314785
train:1118,-3.3703788703984383,0.02211264529794106
train:1119,3.7816535792184607,0.39356501604754385
train:1120,-0.0620308705744648,-0.07248003138477235
train:1121,-1.7329923072226037,-0.28411662972492546
train:1122,-0.9296355742643171,0.05910644792307976
train:1123,-3.160108304263593,0.04803061928622312
train:1124,2.1590978517705923,-0.48769110903960305
train:1125,21.37563672407271,5.917372355943601
train:1126,16.946844190490854,2.795869092486722
train:1127,-0.07639551130160893,-1.0606902853460627
train:1128,0.27471859687285993,0.9753061614695637
train:1129,-8.860468798172427,-0.08527042896668854
train:1130,0.16849110876362164,-0.12623120073566974
train:1131,3.524618923975992,0.12405855944120922
train:1132,1.444244479706303,-0.09870044629026756
train:1133,0.5387101461004178,0.1431676896199202
train:1134,-1.4868976016827928,-0.033715237464216646
train:1135,-0.5676583438355937,-1.9359453121298937
train:1136,13.649060487853292,3.4140255152841026
train:1137,4.611325863493397,10.400855804635128
train:1138,7.853541818548576,0.7751400628971494
train:1139,-0.8731591474207979,0.0737906677578283
train:1140,-2.064576785029808,-0.6669876073726273
train:1141,0.9352209077842379,-0.12314915659629572
train:1142,1.6478507005514134,0.2887669556602267
train:1143,-0.05484605128481004,-0.004161588398128982
train:1144,-4.246998885790796,0.03804700181077397
train:1145,3.20843805900073,3.59976789266084
train:1146,5.704789899138396,0.3664817172327261
train:1147,-13.591813170103675,-20.082002178598273
train:1148,3.336271029562668,2.17469496557528
train:1149,0.1688786166501188,-0.02430001632103472
train:1150,4.797717854273255,0.6658403049848838
train:1151,-7.399167492320236,-3.134310810245435
train:1152,-9.744716698260357,-4.52566770947656
train:1153,1.6385793360972722,0.22398182862020943
train:1154,0.9706600963433497,-0.10673774233480207
train:1155,-2.898483063692663,-7.418961325634056
train:1156,2.3899642179916096,0.6847337320188656
train:1157,1.1520437743370167,-0.07456337852369793
train:1158,5.374505792727152,0.40289531834356956
train:1159,0.6832868512493405,-0.28990862294597486
train:1160,-9.699299937113224,-2.7348582596551045
train:1161,-2.5003880991015373,-0.7143011363415899
train:1162,-1.1484738537600654,0.0952231005578953
train:1163,4.951077529113554,5.007542197907477
train:1164,-24.38750951702425,-10.958409689839131
train:1165,0.12266243161476517,-0.035032995366243935
train:1166,18.279782056076854,21.64486270526216
train:1167,-0.7713166353265203,0.17071663331859818
train:1168,0.10631341111972478,0.08261691374689961
train:1169,13.424547670254794,5.379886912023669
train:1170,-0.335505960514952,-1.0469778709490762
train:1171,-5.5622555127068845,0.16475897523192912
train:1172,-1.101618641022264,-1.1297686468024066
train:1173,-3.0088928242313635,-0.9175174656927467
train:1174,-1.6118124077257487,0.01809046642062616
train:1175,-5.418004481552552,-0.09531125342695018
train:1176,-0.39910961511910403,-0.9668370196416114
train:1177,2.4988285961491266,6.240922507891751
train:1178,4.433185675325942,-0.08800167017425731
train:1179,7.063641279514536,5.468471856675401
train:1180,-17.11891041791738,-8.255336003241226
train:1181,-1.1241531428321232,0.06809629019602569
train:1182,7.913569974844879,1.4339295655829272
train:1183,-1.5798423097150116,0.026978520205632656
train:1184,1.9280591177644295,-0.08957889242448341
train:1185,7.262837535083858,10.458569520644758
train:1186,-0.13592864777529884,-0.5184980333215952
train:1187,-1.9332350897895334,-0.026531195724329243
train:1188,1.067830895183318,0.04250026599072513
train:1189,-2.512306000620927,-6.557906327895812
train:1190,8.80998752872639,5.315212489772216
train:1191,3.397257843641763,0.19122676398197508
train:1192,0.5585381366190434,2.3793729975857603
train:1193,4.77814998452547,0.052510240050822915
train:1194,2.347868820181172,0.06093753508471188
train:1195,2.3983141179813985,6.666351880054491
train:1196,0.5330666411727423,0.14350583140483741
train:1197,-5.920090569752588,-0.5592770552186284
train:1198,-3.0216524570387,0.11663827139995156
train:1199,3.845229048260982,7.971304547775638
train:1200,-0.5632267599434629,1.6845806142611468
train:1201,1.7945355694811655,0.2854712056274633
train:1202,0.9898081465092434,-0.2211949025200068
train:1203,16.126043442496826,23.27481381747464
train:1204,-27.585043278971487,-12.58674588168234
train:1205,-6.691451634293711,-6.31732370854459
train:1206,0.6371197149026797,0.9991106868880089
train:1207,0.9530998521874854,-0.1415130980339393
train:1208,12.155143431228069,1.5011911416238422
train:1209,-2.2654620821727893,-8.530735278596081
train:1210,-2.881935756318689,-0.06088177886167298
train:1211,13.913213014412223,4.814571197287726
train:1212,0.17335308908757577,-0.05245940562572923
train:1213,-5.420837217668241,-0.29826822542551584
train:1214,4.898997120051407,1.2891130080767197
train:1215,-1.2061661534292138,-0.023925317703553425
train:1216,-7.595092130616277,-1.3716245138829337
train:1217,-1.2610926649558643,0.08952166128599738
train:1218,-6.253449633765864,-0.3162699510665537
train:1219,4.4836226046295184,-0.1406049549826423
train:1220,6.955110246473537,5.8213616308094265
train:1221,1.2047880841333183,5.8668418970394045
train:1222,-14.044035571020592,-5.428384228882535
train:1223,-0.9600025240211684,0.23381130109044687
train:1224,1.4907193907630552,1.9327964429125606
train:1225,-1.9298058658293615,-0.025498830772719347
train:1226,2.178206384035643,0.0551406913961223
train:1227,-0.5190027420270539,0.12225354354260573
train:1228,-9.144444433626939,-0.1289481758622379
train:1229,-0.34522085529149055,2.6862602242643754
train:1230,-5.685123640173557,-13.802410001636803
train:1231,-0.24688032658658288,-0.039914669958643734
train:1232,5.038327010259641,7.683382506518438
train:1233,0.051233942070989455,-0.07938410128502257
train:1234,2.1127596261591073,-0.4683283636059035
train:1235,1.9743885099627847,2.7906497040918348
train:1236,0.7373815109632557,-0.07790331774236067
train:1237,3.7968140407311015,2.2572091221180077
train:1238,0.11464680657445603,0.1662077670879471
train:1239,-0.12221047341429064,-0.11619333648721575
train:1240,12.479371535564313,9.773676656248094
train:1241,0.9094668593469126,-0.11868551384241663
train:1242,0.1099093076381559,-0.055015281032597896
train:1243,0.11558954096779092,0.14233019933477878
train:1244,-0.02943499498097399,-0.01780017582593707
train:1245,-4.884902420188886,0.041305339046113165
train:1246,9.11153607731086,3.2579018046376134
train:1247,2.2120662513104947,-0.20010494482696095
train:1248,-0.6395382672819354,-0.06667701761615
train:1249,-0.7853008581434948,0.09392292560070127
train:1250,-0.5825597887540357,-0.9038573364826277
train:1251,-5.248984559983075,-1.6502222445981287
train:1252,-3.3230694342591875,-0.07202387344477751
train:1253,-2.97838453986444,0.01663760873152298
train:1254,-6.644656395781894,-6.9683038158298185
train:1255,0.393277994627374,1.397128925694537
train:1256,-0.1861921051170895,-0.05703657071917079
train:1257,-0.2465147278892293,-0.010444120814384686
train:1258,2.112312841421346,0.3228959865596308
train:1259,6.769669009896302,1.1124790954364487
train:1260,-0.4432620358975159,0.10900306484841954
train:1261,-14.43463608194605,-3.498336116565305
train:1262,-4.411056753763892,0.08391969226387627
train:1263,0.25100460195197083,-0.47190483444755654
train:1264,-16.171239541392534,-5.049846894325594
train:1265,-3.8995235626800846,-4.865853823801152
train:1266,-1.7606573948530264,-0.29266465146928217
train:1267,-10.091200354518161,-8.283060705057832
train:1268,8.291106332668273,5.656514782274298
train:1269,0.46580891737553654,-0.9355051392439988
train:1270,-19.387989231311817,-12.7114120277576
train:1271,-1.6695729338884102,0.1570964491352809
train:1272,-14.390450419639281,-9.568673132088056
train:1273,1.2221245872329418,-0.24585642708936173
train:1274,-1.1164441302107044,0.17911885571512856
train:1275,-30.286836597761038,-11.123200044693496
train:1276,-0.40280105197427796,-0.4246760459997378
train:1277,6.871345314348801,1.242550374281225
train:1278,1.25693823066754,-0.6357117213429422
train:1279,7.081863216051272,3.046078748618782
train:1280,14.788749309488534,10.864569631771133
train:1281,5.956299951843077,-0.021780091438287644
train:1282,8.022408782595969,2.211418711287077
train:1283,-17.031803666130806,-9.014427896208595
train:1284,-1.1093548512577924,0.07893501656665201
train:1285,-4.7013324724456655,-10.929479218856352
train:1286,7.602234004512913,2.794428788948899
train:1287,-1.3116360601334764,0.021801252414900024
train:1288,3.8327348827640115,-0.14049835169236516
train:1289,5.007921937351389,1.3109807703385208
train:1290,-0.8302553760798902,-0.1708181249733886
train:1291,-0.18334216709162143,-0.0004864676063566775
train:1292,0.40387390613446095,-0.05478302923390779
train:1293,1.9138573140345807,-0.1340328567872765
train:1294,-1.6926667302243117,0.13825873114760673
train:1295,0.5058166077302865,2.842942309321229
train:1296,-8.096558950064287,-16.596558919985906
train:1297,12.027871614858094,15.232966893100935
train:1298,3.611578762154728,3.9232698252552076
train:1299,-8.070120079651184,-16.565680272981684
train:1300,14.042591832271825,7.431577617208887
train:1301,0.9223373747348483,-0.13265247078965647
train:1302,1.87993352074366,2.956429839646024
train:1303,2.828519934047733,0.11365951368702203
train:1304,-0.6853384101818012,-1.2710573451379705
train:1305,-0.9942464123089133,-2.5275954990889318
train:1306,-3.3366422059909193,-9.091706686345717
train:1307,2.0791021137823935,0.9174860204956694
train:1308,-4.14441459945188,-0.015397018816180066
train:1309,-32.27004942529125,-13.490106086663063
train:1310,-0.8842160236183011,-0.5964872742925467
train:1311,2.1428824947636955,3.9286749580247227
train:1312,0.7005038708134754,6.964175722812603
train:1313,9.997580414679442,1.4329213816386133
train:1314,0.3494703094192532,0.004475846008899109
train:1315,-4.86720211994327,-4.652119398249858
train:1316,0.294130835828798,0.00744561609079826
train:1317,18.6731367322328,7.328745422783456
train:1318,-0.0011796958785559863,-0.03469585220699678
train:1319,11.022847711465745,14.715560102224515
train:1320,-4.385214371195271,-1.465220704807754
train:1321,9.259620344846917,13.712670585891624
train:1322,4.912787472696013,0.05524943459854953
train:1323,0.5240341275604584,0.1348704655795544
train:1324,3.6171396281779944,2.5941846549134113
train:1325,32.00522306167526,11.142573322873462
train:1326,2.2678836590429046,0.24573696017251048
train:1327,-3.3816600687977827,-0.2366468158386012
train:1328,-0.47233454194353364,-0.12822078405721876
train:1329,-0.5284498449108241,0.1837376420998894
train:1330,-5.715094016172541,-0.15222029113773988
train:1331,1.5517912845580817,0.9199449222169362
train:1332,11.086543128960235,1.3855030683047014
train:1333,2.3424850873369762,-0.24782496794143483
train:1334,-12.040645368236659,-5.724319813159403
train:1335,2.174957547669906,-0.057799841717906475
train:1336,2.401997651256404,6.2596464538834455
train:1337,0.9601004483217418,0.4201594875968753
train:1338,-0.13215015530915108,-1.2696945064199814
train:1339,-0.047387744875500876,0.04468365402266757
train:1340,-3.4204954722469507,-3.5820160972474038
train:1341,-1.9818555904037956,0.17509867408915375
train:1342,0.16022140686671896,0.0983919181349556
train:1343,1.8394571945765659,-0.40812364719275546
train:1344,1.7481369047272155,7.388966545189755
train:1345,6.727785149084492,0.9087731541853505
train:1346,1.0290496545041286,-0.14129133180478465
train:1347,-0.8851946728097547,0.06936069295511066
train:1348,-1.630430569332992,-1.3331618755579713
train:1349,-5.046644539172608,-0.24965241725241177
train:1350,-5.918290878056571,-0.2553490060567695
train:1351,-5.546084322765635,0.20493996301341638
train:1352,-0.5024595607868445,-0.37737032771012313
train:1353,7.921607450959772,-0.3715416706609022
train:1354,-0.7226287218225858,-2.5901171697173906
train:1355,5.3293521743079815,0.5550902216128928
train:1356,0.03774892332495228,0.11313819542205686
train:1357,-3.4450663082414024,-3.8179967641894454
train:1358,-0.42497291892934697,7.460860745714001
train:1359,6.743770372433541,9.51647861767707
train:1360,-1.1783102175835456,-0.10322183100699667
train:1361,-4.382602470407819,-1.6930766959591323
train:1362,0.01924745575431469,0.20970069690413343
train:1363,0.011241477730975918,0.026281693479157348
train:1364,-9.324032371714672,-18.39930537042382
train:1365,-1.3413468965072215,-2.727785707338237
train:1366,-2.4833888929085166,-7.712819197873994
train:1367,11.710757662506468,10.964258723230508
train:1368,20.957403437212225,5.6317203334952195
train:1369,-1.8781671274236906,-0.9659606542857433
train:1370,6.940380762538321,3.2599561203017027
train:1371,0.9433313757865692,0.12980425922941158
train:1372,3.1385727348935175,0.3522488048704322
train:1373,-30.530356130915358,-12.37656770480288
train:1374,0.0405584136166168,0.008568142674332077
train:1375,2.9303385029432647,3.4622260378392786
train:1376,-1.6493909094698833,0.154511542253576
train:1377,-4.495504183282002,0.3193799682362179
train:1378,-0.7561324630733739,-0.27423037825230556
train:1379,5.273126569905693,0.05470543326479337
train:1380,-2.5100827700111736,0.22992272406170278
train:1381,2.587101823385276,11.23934756866279
train:1382,-10.287540163231288,-6.7076071635542025
train:1383,-0.5177402613242548,0.062187279445568726
train:1384,1.7259334234514725,0.011428491914956457
train:1385,39.99125709783352,13.390745625891064
train:1386,13.005788097938382,14.825671421819703
train:1387,7.6107577832664095,0.6198155024431125
train:1388,-22.148112831410884,-10.120565035245656
train:1389,-0.5178069187246466,0.17732261345634043
train:1390,1.5699202377987183,-0.20786267918168705
train:1391,-3.614825447014875,-0.1398738183313605
train:1392,-3.8886119728827375,-8.315020150358661
train:1393,4.9531389687880925,0.16076425856054039
train:1394,-2.0508319942002915,0.04486319265206038
train:1395,3.7645864952192873,1.8637330608412674
train:1396,-1.6063143054273499,0.14348307700564142
train:1397,-9.246804165305774,-5.451054172879
train:1398,-1.0656361975556874,0.16191538863648047
train:1399,5.831014723594282,1.2956471584966238
train:1400,20.78732583064961,13.500141358863262
train:1401,-1.3182375254692231,-0.8350322692944498
train:1402,10.177526338457161,1.76444698617016
train:1403,2.833752569035766,0.4932413393644233
train:1404,9.31905340804818,7.63307402783461
train:1405,-0.2800861144879303,-0.009545286380940599
train:1406,-2.2977145007163107,-8.37709415136532
train:1407,-0.44660803980767805,-0.16706589601380795
train:1408,-12.847640886258702,-12.588360802051609
train:1409,-0.020557414785816908,-0.029881727508134948
train:1410,2.22815933528302,0.15161128365135237
train:1411,-2.5983106678904746,0.18462670426784805
train:1412,0.9526622495502143,-0.09252084364843133
train:1413,-11.716227577976369,-3.3019172894893236
train:1414,0.09119188636232584,-0.20943569293801795
train:1415,-2.851962125904341,-7.657458243942987
train:1416,-0.6010678232699603,-0.16533424343675018
train:1417,0.5607743848902509,0.13950979512095613
train:1418,3.0023540657727925,1.6389733799102637
train:1419,4.178750368125951,10.794565401657849
train:1420,1.2393732211177504,8.2818023768947
train:1421,-4.438094901520359,-0.15728592684464268
train:1422,25.469397424144454,7.388788504498867
train:1423,-0.588084216948143,0.15198740887693374
train:1424,2.8455214648231557,0.3204793837685307
train:1425,1.5144310611015417,-0.2043435579856565
train:1426,3.5351976335733006,-0.044309193550074816
train:1427,3.2158850911853873,4.249125090571437
train:1428,2.5934409595969004,-0.17686665799603163
train:1429,-0.23651228226950127,0.0013941228563476016
train:1430,-3.52913901507623,-3.5494426398203074
train:1431,1.0300908349622093,-0.13199854930179053
train:1432,7.258998254787885,3.6836721361362685
train:1433,5.636393711109565,0.5555856112756394
train:1434,-1.8290779909970842,0.04371805433014058
train:1435,4.941750374681752,5.10304048541211
train:1436,27.24432766841044,7.601873538043013
train:1437,-0.10876404273613499,-2.1015929157915867
train:1438,-0.7631827471564838,-6.360880907055685
train:1439,-0.8900750173346886,-0.295132647817187
train:1440,-3.3603757274039894,-2.173921803803922
train:1441,1.2367731757005513,0.1174788288925081
train:1442,-3.5621973663386988,0.025183918546159617
train:1443,-0.9747084134449998,-0.962847510089788
train:1444,8.059766681470107,7.898720439574202
train:1445,-8.730575782685392,-4.692583710400018
train:1446,-3.377353082522426,-4.378153293392325
train:1447,-10.316284089554713,-0.2543856889372026
train:1448,12.326488400116528,19.125491061136284
train:1449,4.515873860881839,1.5762812296138475
train:1450,0.5674766208731461,0.1180790029202042
train:1451,-0.01959898946126512,-0.1039585670950712
train:1452,-6.585065725893742,-5.16680707408756
train:1453,1.3668784255609352,0.163813918696043
train:1454,0.9432688445199419,0.2043676791740765
train:1455,-5.6497867332401555,-0.34529233127617825
train:1456,-5.946651248283582,-0.7695028808086302
train:1457,-8.403371283040983,-0.12255461767059486
train:1458,-1.1057199017549992,0.01966601240633467
train:1459,0.47297351279828953,4.180109499871496
train:1460,24.632739304833517,10.248966552151243
train:1461,3.14011718744174,0.9194481772764946
train:1462,35.13132519589248,10.866597697846181
train:1463,25.771570820478715,9.041559639879939
train:1464,1.591423322396587,-0.0968735676225306
train:1465,3.249034101161554,-0.0342451510429847
train:1466,-3.2454878913251077,0.015899374704943375
train:1467,-6.013898627689096,-0.575318264678156
train:1468,-0.300435276381197,-0.01520613865239176
train:1469,12.619649855392769,1.2977685247414161
train:1470,-0.555583765462275,0.1924923080275401
train:1471,6.869500525754175,14.184318636636934
train:1472,-0.16325155687607307,-1.8662694872012437
train:1473,0.9477667952396641,0.0921137368734051
train:1474,-11.412227989706702,-6.878037756192973
train:1475,3.279826449498063,-0.03640446506323858
train:1476,-0.46050299866039657,0.07647704214065013
train:1477,7.947683686518084,0.7037570160551552
train:1478,0.5835572683298176,-0.6916045861040578
train:1479,2.8932683873705574,3.382965689051172
train:1480,7.297165108338094,5.477514840100074
train:1481,-1.7341764494984386,-0.10519340340128241
train:1482,1.4531206651520185,1.265941326011462
train:1483,0.9334088958014872,-0.7237438553559004
train:1484,-2.842376942825862,0.32760978504385574
train:1485,0.2036494877685111,0.015132929503185039
train:1486,7.9204814232439995,3.838311318393833
train:1487,9.384287699093127,2.672363920083291
train:1488,5.313197256443551,11.339408719514662
train:1489,0.16682728890903048,0.668119168763923
train:1490,1.2863858080842014,-0.13436882299484113
train:1491,-1.3359939643798588,-0.42523342178443196
train:1492,0.6731577158886761,0.03126740346725416
train:1493,0.07188216149033812,-0.0031192728550211574
train:1494,8.952376569376318,2.7574873428410327
train:1495,-4.006455747944641,-2.9745155809926263
train:1496,0.8044399018194468,-2.6293232135232953
train:1497,-0.8220304223942357,0.16716052730757353
train:1498,-7.179371717332897,-4.684661470298753
train:1499,-1.57671051607324,-1.269782100157325
train:1500,-0.08623384140372031,-0.09219982116071487
train:1501,6.9569206312486065,8.092931447954527
train:1502,-2.853438700646411,0.13671103968505194
train:1503,0.2843372539379348,0.08328531530698119
train:1504,-22.312101891744867,-4.918059691258063
train:1505,0.16301160312444274,2.568692880095023
train:1506,-6.14652070291667,-1.3790978004151087
train:1507,-2.2438151059242055,-3.2677879732682995
train:1508,2.835329100821143,0.1765625166606274
train:1509,20.92537999003535,7.04806027909625
train:1510,-9.404600538119487,-6.7760478311898185
train:1511,-2.473614488822474,0.18026691858365348
train:1512,-7.097416705066749,-0.6561333309737103
train:1513,0.34141144714625754,0.07258229503187326
train:1514,12.805532762626479,3.3890675772167573
train:1515,13.213303569009781,4.562763454761976
train:1516,-5.557968052923709,-0.25560536753235064
train:1517,-22.32490383195193,-13.387361771296595
train:1518,-0.9341646743882329,-6.699238109795998
train:1519,0.893547654138095,-1.154591342421866
train:1520,0.18909876422004662,-0.09674256933374242
train:1521,-6.227299941403632,-0.0319849044996514
train:1522,-1.7937582859734609,-2.6539458986871263
train:1523,-3.2889780385770466,-0.958920771294367
train:1524,3.6795988327508344,-0.36409156651035324
train:1525,0.36690084187705796,0.14439300331706348
train:1526,-1.1004117178388846,0.11644143514734549
train:1527,-0.9493053769504526,-0.026272480345382987
train:1528,-10.268446043377134,-8.34281675322351
train:1529,-14.478580917515917,-6.241456689783291
train:1530,11.275240640566896,3.5702122820086144
train:1531,-0.04498052356858939,-0.03134956458228877
train:1532,-2.4766727094312064,0.18351088274238453
train:1533,-4.0122806865288325,-1.0296433699164376
train:1534,-1.5777656440257362,0.041381555583858975
train:1535,2.337891247593151,0.11676006806649436
train:1536,-3.208573522773368,-1.3463457316538845
train:1537,-1.2494162875480943,-0.7228430950015212
train:1538,8.95793418098422,1.024917456774891
train:1539,1.6004608338610362,0.004892272913307225
train:1540,-7.971480609649316,-0.7524613337493391
train:1541,18.535099309840355,4.525910743677933
train:1542,1.5126123078298237,0.8751509971438984
train:1543,-1.8849144603051942,0.14513077369601057
train:1544,-0.9546229754252972,-0.10181405413385544
train:1545,14.754059101379509,10.311090199119784
train:1546,24.871775183449888,10.618598428304356
train:1547,-3.278239397710446,0.004774292423432094
train:1548,3.234787200533096,2.9054885176090086
train:1549,6.947512581349198,0.23880293150215895
train:1550,-0.7147179354486294,0.1379585014729487
train:1551,11.100631957985323,4.68107377642984
train:1552,0.06545643458422055,0.03519674582245753
train:1553,-2.1019988423782547,0.21236966666813448
train:1554,0.9779850879518753,0.08561628594687505
train:1555,-12.35582340836348,-2.5344389381449295
train:1556,6.020012571247346,0.3003917430939872
train:1557,-9.871586826791178,-16.495841529408008
train:1558,2.4190015066142294,-0.3196644223798413
train:1559,8.132793902561202,7.67102693908542
train:1560,8.57845912143714,2.1997750212959906
train:1561,4.027867303377279,0.16031509100023586
train:1562,-1.9594177912218802,-0.6958953239562093
train:1563,-1.7369464218892605,0.012127636879594353
train:1564,-4.044236255899554,-2.2108415654686677
train:1565,19.08256078162076,8.187453364875477
train:1566,14.67609818659734,9.55875985790347
train:1567,12.402134960658765,2.8247907184992793
train:1568,10.042286783444371,3.3712889017521643
train:1569,5.741407650975576,2.9967352276538364
train:1570,5.887430478837096,3.221510743934751
train:1571,-1.6510395033097383,0.12676597629350697
train:1572,0.29639741990035806,0.29176525790412705
train:1573,0.4754121159676348,0.025848824916396035
train:1574,0.19412625481105894,0.02976960762299903
train:1575,7.199289961030167,8.288901749443848
train:1576,2.1950224131353466,0.3880650138393747
train:1577,0.8904926879447262,-0.06356915187016485
train:1578,3.3926370387420683,-0.1153506034173066
train:1579,-2.0511327951631753,0.18367458602186665
train:1580,8.698272747626923,1.6656008774371116
train:1581,-2.1106300168387464,-3.263993195722134
train:1582,3.6951158852040193,4.793875108258506
train:1583,-1.910796128316417,-0.15230710024062866
train:1584,1.3585485169798077,0.13381413361186345
train:1585,-0.20997380350045147,-0.0848350281745496
train:1586,-0.012304449882212243,-0.011451413128635984
train:1587,-1.5909385875842372,0.4073616716528388
train:1588,1.03287824172105,-0.22654175834863433
train:1589,4.395984453305733,0.11659272693635708
train:1590,-1.2295122831849068,0.16201239798728467
train:1591,-4.377329852602463,-8.79100451908492
train:1592,-2.1868828284715556,0.9868418572274753
train:1593,-9.024683807915931,-0.13200621732032838
train:1594,-0.8663018617916557,0.027580691484668837
train:1595,5.155012213452138,2.0881572035471363
train:1596,-0.7234274483360855,-0.030636367527865263
train:1597,-2.3174099900379934,0.05886717007949685
train:1598,-15.923762639156195,-7.381690903698315
train:1599,6.028830642132999,1.110483841347702
train:1600,-1.4981363764532918,0.17885664514633715
train:1601,0.1025266663860482,0.014478722693699098
train:1602,-9.147052615082547,-11.721493232270474
train:1603,-2.6709933858695205,0.4371316301720984
train:1604,0.8015811303808492,-0.0597295788296579
train:1605,-4.152487409219291,0.037321928243917446
train:1606,-23.19149513394341,-6.154908941498448
train:1607,-1.2830882123357035,-6.452031463714568
train:1608,-7.3034904701321155,-1.7268656234874815
train:1609,0.14606237545307618,0.009630145409220747
train:1610,21.998682457586966,8.371903520635177
train:1611,0.7301908802175947,-0.1529912658202159
train:1612,4.0437460608522935,-0.255302034985075
train:1613,-0.1247633298087189,-1.4421795573836518
train:1614,-1.278713696941554,0.1599204198693537
train:1615,-2.4556305895237536,-1.537479689023186
train:1616,0.37046431047097417,0.1526301671564167
train:1617,8.884332323123225,10.494421894129037
train:1618,-10.953717128474535,-1.0081464544302476
train:1619,-0.6307092127444306,-1.571491167415145
train:1620,3.6494982801373097,5.818402274966658
train:1621,3.192854523490834,0.3488244461174483
train:1622,-1.3764379788515586,-0.05346059919035279
train:1623,-0.7427210173603759,0.10748151597929836
train:1624,0.7564395997901725,-0.051829843471171866
train:1625,2.5998707545222226,-0.06533236815143653
train:1626,-4.745897971517001,-3.322577713316042
train:1627,1.2583755199670072,-0.059868530458603936
train:1628,1.1793969030090237,0.026620726894137095
train:1629,3.311210171597769,-0.2976335274817983
train:1630,-2.1812433915630844,0.25029019391507346
train:1631,-5.409983277514477,-1.7945359227490643
train:1632,1.1048526594420536,1.9230830963416683
train:1633,1.7795429428179856,-0.41988299943555435
train:1634,-0.6383952701146249,0.11145041104407596
train:1635,-1.0081167305881653,0.03406747851565092
train:1636,0.5624957381593039,-0.04761400254427353
train:1637,-12.952365183157363,-3.9896214278079687
train:1638,9.466669039771894,15.752756690147699
train:1639,0.9531074070802935,1.5592251311519358
train:1640,-1.273816382965082,0.20438429915844225
train:1641,-3.0508003957836785,-0.5935243519295277
train:1642,1.566920829124769,-0.30208907423470954
train:1643,0.9577584315512205,-0.08178715129917208
train:1644,-0.21989343587209037,-6.724900506943154
train:1645,20.26777236536069,12.150121570617916
train:1646,-1.7494109489605991,-0.1622693899249819
train:1647,-0.9964905641602894,-0.09568388346268639
train:1648,1.8963576252503014,5.754798379433492
train:1649,-2.4305839115115098,-4.2745786921116204
train:1650,-0.9422115650618558,0.21971027864700368
train:1651,-1.954580800158753,0.4280183862984971
train:1652,-0.6225684670563068,0.2349776245426526
train:1653,-1.5718631806184216,-0.37540167986244255
train:1654,5.495862011799236,5.101520291820684
train:1655,-1.1315866924388458,0.07929430781665263
train:1656,9.727122690811964,6.013304902953894
train:1657,-1.087900815348616,0.21096916549630357
train:1658,-4.73609613735861,-7.221964436955929
train:1659,-7.88997331195389,-4.285275114324266
train:1660,-0.5945380713013309,0.046473048562575385
train:1661,-4.670958084025126,-5.354393485094437
train:1662,-7.767323695233052,-1.073900533691827
train:1663,-1.904589493301735,-3.5325692898560135
train:1664,0.7265756896652228,0.9884146926577937
train:1665,-2.274517260463498,0.10920328929526324
train:1666,-0.12652048164677054,-0.019819289935157372
train:1667,-0.4388325441295474,0.15259410963668762
train:1668,13.995385142674765,7.210008259972052
train:1669,-0.20813296669590975,-0.02365237190880906
train:1670,-0.05249299274787689,0.07578025107937733
train:1671,-4.497233207672984,-3.9993366289693912
train:1672,-2.633537389617998,-0.4217148712316415
train:1673,2.9179210486655767,-0.3067046507512452
train:1674,2.4926968126878055,4.821733911236517
train:1675,-0.41691382419811096,0.36780881941780885
train:1676,-0.9993714191317106,-0.07194255678307399
train:1677,0.678561905058014,-0.08828199866591951
train:1678,-3.556457042553959,-0.48124612162595276
train:1679,0.5946028703026686,0.12229569981196257
train:1680,-1.6380670549834528,-3.45890381271473
train:1681,29.568314977817906,11.01905645228361
train:1682,2.968864272016419,-0.004743858494169306
train:1683,11.3749903311242,4.539252953272953
train:1684,-0.9621657804049372,0.017818768907969337
train:1685,-15.034393219119073,-4.25869626413363
train:1686,-4.483856165779543,-5.079644172389969
train:1687,-17.509304505925495,-3.306142902681707
train:1688,5.662112890810852,9.140110868718704
train:1689,3.0925408892426822,-0.001338794615738742
train:1690,0.39136451462275407,-0.06746967674174698
train:1691,3.4997654187613962,-0.06243592572588058
train:1692,0.4412100701631349,0.008809810086482586
train:1693,5.790472146828717,0.5107513131933697
train:1694,8.79886858617874,6.7272457908407794
train:1695,0.4278512762415536,-0.1299123489466648
train:1696,0.6150419935349121,-5.698522173564362
train:1697,-4.036447045185248,-1.7480168005006214
train:1698,4.281955317966336,-0.1559184159851257
train:1699,-14.370648696901803,-2.9500087364065206
train:1700,0.3448356732542639,-0.03259527877526294
train:1701,-1.4005810916839496,0.26599422455015137
train:1702,12.78382581215191,5.279386365876978
train:1703,-0.7510608635312741,-0.01787988755352804
train:1704,-8.843966122780582,-0.8827939671980467
train:1705,0.7837447258355676,-0.05140457159654338
train:1706,1.6616099037918257,3.0702055448070316
train:1707,-0.12387150376999878,0.05571286823985468
train:1708,1.2385382311187718,-0.03698152803971369
train:1709,-3.386736956764848,0.06369556085935932
train:1710,29.00054409450332,11.859883288449454
train:1711,0.13450245962367147,0.3791244608762859
train:1712,0.8021669251462799,0.00932296102007489
train:1713,-4.527780080107789,-0.5665396317344242
train:1714,1.662962810750082,0.926745705690742
train:1715,2.4405224904965976,-0.016448214994710775
train:1716,-13.260816811644304,-9.019437573212773
train:1717,0.06503696368968898,0.04247255412838142
train:1718,-2.307096980209291,-4.884752386624294
train:1719,15.060602712630475,8.763258073006316
train:1720,3.3209622596927475,10.29467279310427
train:1721,-1.268310842002995,-0.29991271224765986
train:1722,4.106585567106183,3.151672285682694
train:1723,1.722589744123713,0.06395409791229306
train:1724,0.2690528921832406,0.04125080695148829
train:1725,-1.876604543132728,0.048672949583276046
train:1726,-0.9309210683329011,-2.527605485345632
train:1727,0.6135084665239812,-0.04478600164231805
train:1728,-0.72614395533165,0.11739059318151927
train:1729,-7.451008934311406,-0.3605960913435812
train:1730,7.964582470751316,8.87971266285762
train:1731,-0.7483945094010437,-3.679229167688311
train:1732,-0.8488449453235827,-0.15068790004705826
train:1733,0.07122186385890728,0.015811852298004567
train:1734,0.5517000287947219,0.12725244965562812
train:1735,2.083516728222986,0.3649571724865948
train:1736,-11.891979025267014,-9.693319876293158
train:1737,26.31114730874983,7.1977211697278385
train:1738,-1.5349620621863762,0.1627209942305855
train:1739,-0.2869006278008664,2.5879743445322214
train:1740,-5.033757054333134,-0.7533044591364759
train:1741,-1.394411649987708,0.020068708207779673
train:1742,33.555775314122094,16.50685260154865
train:1743,-0.7487398261169353,-0.025433135469711488
train:1744,0.9652456790114409,-0.13906789175043296
train:1745,-10.578563002697226,-4.027170894288082
train:1746,-0.16132157233639532,0.03836463610425279
train:1747,-3.370908410269728,-3.193733317437319
train:1748,-0.6293976252383786,0.2475177237334129
train:1749,-0.8273348869785062,0.12174064226543094
train:1750,-2.0256214331286713,-0.030693396186665237
train:1751,8.304742333041352,5.96724885769473
train:1752,-4.455427452829898,-5.207682249370537
train:1753,6.888775033202765,1.5863759085298863
train:1754,0.6464932447534107,0.1238279482418342
train:1755,-8.624631544941899,-2.9174078881039027
train:1756,42.09675969672866,17.289261547946676
train:1757,-4.245675268570811,-1.3338162606934696
train:1758,-0.4871399816087524,-0.46879497145023136
train:1759,-1.5093376092179902,0.10363102938682593
train:1760,-4.9844740477341585,-9.508609507216006
train:1761,1.3855959630658852,0.060704890968794264
train:1762,4.835930734555033,6.849248744914845
train:1763,10.015240732107735,4.316827916497701
train:1764,0.6813766256600841,-0.13109953654233394
train:1765,7.453353799962237,11.444585116370115
train:1766,1.0489020531379805,-0.2439453428785186
train:1767,-2.1258369699994373,-1.714547718508306
train:1768,0.6414592453316714,0.00926471974438986
train:1769,0.9183117791593146,0.11062868477844023
train:1770,0.3238670101507302,0.07264160626363333
train:1771,0.5763260736212328,0.7778212301604059
train:1772,0.9719674414865171,-0.5952676670278034
train:1773,0.3160574593404029,-0.3641917143989776
train:1774,-12.444433700047993,-5.340776796100965
train:1775,-1.1874159555415083,0.11325849415009459
train:1776,-5.473598729374322,0.08809248529135523
train:1777,-0.21529581868186087,-0.004835732055813308
train:1778,-10.557734744370805,-0.09206793124186413
train:1779,-1.306628677180246,0.45578182052501937
train:1780,0.6559690562298518,0.09856275445493803
train:1781,0.04164283130738422,-0.627563720509843
train:1782,-3.095505834715646,0.10049491680045955
train:1783,-4.907364395027787,-1.2174602494618798
train:1784,1.4496468092097188,-0.10466965990254712
train:1785,0.2914089822937078,0.05270054957137119
train:1786,-0.7121400897933743,-0.15514722731143468
train:1787,-0.03810812815383097,-0.07487922955705167
train:1788,1.2962555200487467,-0.34930545119205775
train:1789,0.5799227837435048,0.20857453246994445
train:1790,0.054210221150033544,-0.11735052964758105
train:1791,-0.6115034548203948,0.0051807330711397676
train:1792,-4.611970410812183,-0.43997006946685785
train:1793,0.10275982200101919,0.04323304324132199
train:1794,3.6535481675989496,6.561803190763065
train:1795,-2.607155703931997,-11.639882118655084
train:1796,-2.596818285988068,-1.4920017053661685
train:1797,2.56646511064882,0.3468383223205419
train:1798,-6.335529708565266,-2.727503524256045
train:1799,-6.473482516158258,-14.2406331952409
train:1800,-2.070936842483055,0.29400046747530423
train:1801,-1.151339715174991,-6.544307328842781
train:1802,0.14920893019310358,0.445862614405288
train:1803,-11.788314737943894,-1.759207399759128
train:1804,-13.450082451190136,-2.7546321892084444
train:1805,1.820769876642848,0.027088083707717425
train:1806,-7.847038274979668,-6.762864831058765
train:1807,2.261457118532946,-0.10124394587186816
train:1808,1.8486416196488533,0.08929554390213754
train:1809,1.3263139977207858,5.580855477652368
train:1810,-0.3432171233750934,-0.9095394452147698
train:1811,-0.12694564776818823,-0.021143538904039957
train:1812,11.645871128988935,7.512667162902893
train:1813,-0.6120257884862371,0.030711810942685
train:1814,0.9785778564645136,-0.11353246272418255
train:1815,-2.001687067796025,2.19701339333589
train:1816,-0.2731039987837737,-0.1384640798720817
train:1817,1.5266895139428982,0.17690433196140226
train:1818,7.307110601688961,1.5297137453508125
train:1819,-0.14780203354168098,-0.04115539102326768
train:1820,-1.070714828959555,0.15766502379356062
train:1821,-6.701312512845126,-4.679605000548894
train:1822,8.139224627319486,7.614144650276507
train:1823,6.247670548836429,9.02619564128551
train:1824,0.24798113385015594,-1.233007709857976
train:1825,-11.91713937535874,-4.380027856435806
train:1826,-3.0232582785623485,-0.10959152917816617
train:1827,11.51351591582117,12.361695540862476
train:1828,-7.652927275874059,-8.520710788798565
train:1829,-3.8606509659124764,-0.07181130883786827
train:1830,-0.6044520665606437,-1.981667816415262
train:1831,-1.2313645104432207,0.21964101682374568
train:1832,2.2971422479102426,4.381091760937956
train:1833,19.332609601827226,10.83597127515405
train:1834,-0.5403687343777352,-2.4667840462508273
train:1835,0.46224114830417573,-0.041446561736490334
train:1836,-0.727130391874152,-0.18594755353096404
train:1837,-2.4894095613309983,-0.07525164560157288
train:1838,20.779009404646416,7.857455514958287
train:1839,-1.7256499974751796,-0.9081971496534214
train:1840,-1.3053689859763296,0.024540232971411627
train:1841,-14.651642358050385,-4.002312533466121
train:1842,-13.481750702175908,-4.714978033711551
train:1843,3.3741989160418986,0.08660324909570047
train:1844,0.21588853034680694,-0.0032093631565400793
train:1845,-0.7017665827076468,-0.10992970662828586
train:1846,-16.32221837893619,-9.19412116991945
train:1847,6.946486975593214,-0.49579235279222283
train:1848,-0.8202210836812479,-1.14134457290874
train:1849,1.5804768638632027,-0.013359073480038938
train:1850,-0.12531413960899185,-0.011585228968421804
train:1851,0.5771689672003802,-0.1611180993556306
train:1852,1.1666175112512658,0.096871760208732
train:1853,-2.6327884091679117,-3.113442672279348
train:1854,1.3626660497893606,3.411782316707565
train:1855,6.530296066831568,3.707327010365017
train:1856,39.15846894330627,16.454655864383582
train:1857,0.5371488403297769,-0.33775038922918776
train:1858,-0.6512961213029133,0.1763582977111035
train:1859,-1.2101271256139579,0.3184431146969071
train:1860,-0.8727826813007126,-0.10492559339569826
train:1861,-8.615368548984407,-2.2795781116242364
train:1862,39.939134381371645,17.362767244980752
train:1863,-2.1022977836752164,0.011378845953074299
train:1864,-0.3840099995508487,0.4519642172492534
train:1865,-0.17583173192193613,0.059928352514727994
train:1866,5.564725440890971,4.774235279866572
train:1867,2.846983162237849,0.45807416575060406
train:1868,-31.204672853899208,-9.432515943088417
train:1869,-4.768279050888296,-0.041640687433706275
train:1870,0.5769518512039865,-0.2315735477783631
train:1871,1.5313712229015386,1.339594819644705
train:1872,2.639205478271448,0.1081260218537039
train:1873,-5.475302183358876,-3.860619249073379
train:1874,-4.758702236306466,-5.157789769608687
train:1875,0.6526402542294683,0.06316076114784856
train:1876,8.149286349790478,5.577043580809002
train:1877,-28.308918239110767,-14.88639134623666
train:1878,-0.302492822380212,-0.455518243167004
train:1879,0.05560043765585017,0.14243491236932332
train:1880,-2.1501214174419006,0.04514023994509243
train:1881,1.7301255753561455,0.011244102818023433
train:1882,-2.420467561354059,0.08616841894680156
train:1883,-0.12192187650901992,0.2360031417753822
train:1884,-0.33995782638854466,0.03690792657327944
train:1885,-0.6451667786531147,-0.026521994102083835
train:1886,5.110740076679996,11.865710697216588
train:1887,17.51334120264887,6.027275390756181
train:1888,-6.313773476943765,-12.476433695666662
train:1889,6.624346346254416,-0.06105375646813546
train:1890,1.5891638283013547,-3.736802505460895
train:1891,0.0714579252018814,-0.25082986824779796
train:1892,-0.9947897834454983,0.03365868396457815
train:1893,6.294753105733196,1.9646394769924254
train:1894,-0.36803575985365167,-0.089373853175302
train:1895,2.5528946634994907,1.6185103986445937
train:1896,-12.324775355962696,-11.545473759738899
train:1897,0.5788719562684537,-0.01791198623577943
train:1898,-0.525703931947868,1.1681567563656698
train:1899,0.3843441595380764,0.28621675102055577
train:1900,11.601730098664296,5.513211427979827
train:1901,-12.859544607825438,-15.012338015742538
train:1902,-18.60807695794485,-8.094121869572096
train:1903,-0.10816720620429249,0.11141260592942431
train:1904,0.865780052423722,3.179857496594
train:1905,-3.4171815475739433,-0.0845104748317855
train:1906,6.8559026485324965,2.856671700354606
train:1907,-2.3441278103393963,-0.004885057030872941
train:1908,-3.0646735035618136,0.03179082597916692
train:1909,9.07090609624696,2.6636610400296727
train:1910,2.6453358669833276,1.8830008298407053
train:1911,-0.9151430815050353,0.054842458972804334
train:1912,-0.7418383734221456,-0.08310512319241439
train:1913,0.8278175296666938,-0.09492660421797094
train:1914,-0.6921794818486858,-0.16630412295357733
train:1915,0.9570519909591,0.19675907886361066
train:1916,-7.089405264274764,-12.250335713676991
train:1917,-10.751751830347352,-7.716648784657801
train:1918,-0.1206490514145297,0.1008523534599301
train:1919,-3.195155568229643,-0.05741726109067233
train:1920,1.0163216360174663,5.639457685186716
train:1921,4.717805220105946,4.759627383565176
train:1922,-2.4368535427092994,-0.4196816337022306
train:1923,-22.3771195317099,-11.306383372460342
train:1924,0.3421209096955013,-0.1877222896726437
train:1925,1.9499204205105238,-0.011072149365234499
train:1926,10.656467489508442,1.0219011792689299
train:1927,-0.1812237170336608,-2.241039435087541
train:1928,-34.131325817981704,-12.443892194261007
train:1929,3.6232267796571875,0.9195591673866794
train:1930,-2.5173482523101955,0.5169399391314389
train:1931,1.314848692395163,-0.6154092334885295
train:1932,-10.369901047584914,-12.095874001467074
train:1933,1.720611059582703,-0.08429587730833366
train:1934,-9.066881487352079,-3.444947876315063
train:1935,6.772177699225083,5.566374264150258
train:1936,-2.022797530426111,0.5281917398774382
train:1937,-1.2291361657521818,0.3070244721336056
train:1938,-0.7583450006040757,0.17338546042178923
train:1939,-6.946682878508318,-4.624723101617887
train:1940,-1.1698811655629515,-0.2532561719739785
train:1941,6.031765194957918,13.814650239316459
train:1942,-3.0757487439602964,-2.970277698970582
train:1943,-1.5593396091540597,-0.0009363484707112374
train:1944,12.958971008351982,5.498919097390165
train:1945,-4.723051045832246,-0.19618988638535945
train:1946,-6.4712769523747635,-0.4330182795256606
train:1947,0.903051244374246,-0.10663677414652017
train:1948,2.9570758497368486,-0.776555317951287
train:1949,0.323270406077128,0.027870435589791437
train:1950,0.5835406475656396,0.3551208522974771
train:1951,1.8985387809185696,-0.03012639079729558
train:1952,0.5817358417883367,-0.13674009531356174
train:1953,-2.8668083038761636,-0.08583533010911062
train:1954,0.7666582315733332,0.04488238053100621
train:1955,-3.854910177211256,0.03226196330421241
train:1956,-4.503779231718431,-5.692774654850831
train:1957,-1.802848333000207,-1.469182395501626
train:1958,11.21751289101611,0.6786031690304688
train:1959,1.5939208537298355,1.9889717047470834
train:1960,-4.1481697298648825,-0.11287254948229633
train:1961,13.867417811249963,15.868889437211628
train:1962,0.039047086367629796,-0.009796226745741515
train:1963,-0.3919228780489672,2.575852740827614
train:1964,-0.20482473724978828,5.442129823429376
train:1965,0.5232512082072955,2.3450642140657485
train:1966,-15.237089365953603,-5.879842351152527
train:1967,0.3589497239984182,0.0033598818226255878
train:1968,-14.687413032060094,-4.493562750149524
train:1969,0.2594258666215167,0.08392657564795906
train:1970,0.6693929384587032,0.00021018079410611845
train:1971,1.3982240245092399,-0.006146535243352805
train:1972,-3.353414068024975,-0.7909427319708175
train:1973,-0.5903072150996561,0.04837225626098547
train:1974,0.4488924663160453,-0.05958631171120915
train:1975,-7.434138045067003,-1.5547196772691958
train:1976,1.120805106179227,0.7037336196823143
train:1977,0.2923527627491238,0.0744204439036007
train:1978,1.4820354482820264,0.035808511040966634
train:1979,-1.0220446985109994,0.08677387142446788
train:1980,0.23045750186713104,-0.1529607007416721
train:1981,0.9758036998253671,-0.26448757222414687
train:1982,-16.490650181157832,-6.401219107049799
train:1983,5.530737721583981,-0.03584655430050682
train:1984,1.043768445360294,-0.028720896497114456
train:1985,0.4384928657928497,0.0815012705474486
train:1986,-0.9040958523245025,0.008921870152742456
train:1987,-0.38186307335845737,1.242254638422082
train:1988,-7.931309966068149,-4.4154006042768446
train:1989,0.645742985783003,-0.019137620919745232
train:1990,-1.8399103125345055,-2.9810580057395106
train:1991,-0.12105044868088183,0.03700136940383351
train:1992,-6.68965752159546,-1.5665910539130519
train:1993,-0.6505722463427739,-0.33972998629403633
train:1994,6.269708054928634,0.8512123705640473
train:1995,1.1075005912567442,0.0782378688533542
train:1996,10.141884911229033,18.728177281409568
train:1997,15.359084672109564,17.187151787863115
train:1998,1.060775787591723,-0.11962286669456237
train:1999,1.0120434745639006,0.6421683114589345
train:2000,-4.356663385211254,-8.069236688517853
train:2001,-5.042748539066014,-2.639736596688888
train:2002,0.06552454484861388,0.1637838172651317
train:2003,-24.266147718954397,-11.908432533843163
train:2004,1.9975994652517723,7.99503075240939
train:2005,0.13664316755813602,-5.262170689787546
train:2006,14.041701052295185,16.39039915298383
train:2007,-0.4407517193610535,0.08550205030326258
train:2008,16.922594146867947,4.412546186971364
train:2009,1.1120911765852062,-0.15282007284820848
train:2010,15.742491995248717,6.114665408463301
train:2011,-5.762275600279654,-4.1179288483978285
train:2012,14.225554134175031,2.7262543263847547
train:2013,-1.3612347450227116,-5.173627972735576
train:2014,0.2745575033123665,-0.9121626921891639
train:2015,0.5969680166680947,-0.2896039707862066
train:2016,1.487654661323596,2.958754640205885
train:2017,-3.6092227385083633,-0.13214088912497424
train:2018,5.253643779873839,4.88597007947963
train:2019,-4.373869479238098,-1.964081019740127
train:2020,0.41963887530087257,-0.509547208780186
train:2021,-3.1326940390744005,-0.1748098101025647
train:2022,0.22917154288206665,-0.32744974376870234
train:2023,2.909699465624406,-0.08821348581191402
train:2024,-0.23625495099754423,-0.006685151131531231
train:2025,-3.2056180487068264,-4.580075689196725
train:2026,-1.9443842519084158,0.06418652803699566
train:2027,0.525966785369899,0.66494674900141
train:2028,7.824752330410063,-0.07967174114319758
train:2029,-3.3817669995882977,-0.5288602012563959
train:2030,-0.3107348036319649,0.10960673406596079
train:2031,-1.3303442993088166,-0.19080854230591293
train:2032,-30.470785452435866,-13.903222118992547
train:2033,4.465325351622941,-0.20452919536467706
train:2034,0.664019085089718,0.26779859847510984
train:2035,0.9122560095425554,1.6297507865257925
train:2036,-0.2257530688486385,0.020009325645614598
train:2037,-3.9610622326215332,-0.19862551656199412
train:2038,-0.8798806774376339,0.19215370259499037
train:2039,0.1009580381808395,-0.035648612426623205
train:2040,-2.5387939197227225,0.04839108748790629
train:2041,3.3492445239510342,0.2512973792337173
train:2042,-2.007970414029989,-0.2390422334994154
train:2043,4.838223237720381,0.06255327575363964
train:2044,2.0727904076431187,1.0503119369208553
train:2045,-0.0002032550403848199,-0.6672824159365052
train:2046,-2.208772956039441,0.044782410968394366
train:2047,-9.594238110849721,-12.112157876964421
train:2048,-2.0556643360986135,-0.14338644846053575
train:2049,0.6235241622634036,4.4940294765009865
train:2050,-3.8233056197833126,-2.8758907391758974
train:2051,15.686188749794184,9.062975880678069
train:2052,-1.702090006138456,-8.349200539149667
train:2053,1.8231979029622618,-0.015647959180980983
train:2054,-1.1484440991053138,-0.20520872446793914
train:2055,0.08606839051809018,-0.018050937864725475
train:2056,-1.4387980399849316,-0.10651615443165993
train:2057,-3.153791948959513,-0.41752196302995165
train:2058,-18.362811198489773,-6.867499687479435
train:2059,3.668274397118803,-0.01610532973786087
train:2060,-0.5831194900819983,-0.07100623822180077
train:2061,-0.054296055088377954,-0.10767356158324026
train:2062,27.172224701282577,12.610942236526995
train:2063,6.737414499228619,0.41436467682482836
train:2064,2.3620404043397882,7.745516995708539
train:2065,-1.0164898764019794,0.28030945219981884
train:2066,4.507466776164948,6.646508332025868
train:2067,6.5676716325319635,4.665912356185621
train:2068,-4.317377012776001,-0.6071496005716002
train:2069,1.18070331831923,1.6951320930908258
train:2070,13.108083671142907,10.49722945886996
train:2071,8.365246563813688,0.2191169523381879
train:2072,-7.561837119682557,-0.7146087130479633
train:2073,-11.635164740436302,-3.5736795701538813
train:2074,-3.024027250421096,-2.279629469515839
train:2075,3.2682593274632104,5.493597278533693
train:2076,4.284126013013792,0.09836392095099189
train:2077,-3.9805506016511534,-0.010885941342973895
train:2078,-2.1224105355381484,-0.06713724138923002
train:2079,5.201801872966189,2.152962017778935
train:2080,-1.6278830594780893,-0.769407012744306
train:2081,-0.2210889686016974,-0.04324747613680616
train:2082,2.87067112183583,-0.15996898436363183
train:2083,-3.3208183086606042,-1.506458666530577
train:2084,-9.156615947086442,-1.5610114469728993
train:2085,3.2024336626550665,1.3715187424038433
train:2086,2.270492305414993,0.23379888959997636
train:2087,-1.4058780013754117,-0.2443657642856069
train:2088,0.6993629657703272,-0.1261905780700205
train:2089,8.33981563233031,17.746306838179752
train:2090,-3.011622813804862,-0.07401655963894416
train:2091,19.789189199999395,15.87835070213124
train:2092,8.058182246104561,2.2391747984818835
train:2093,3.3020657293428046,3.152824414384304
train:2094,-6.285759004578246,-3.7442043189272565
train:2095,-2.2125785298905782,-0.5811807680045509
train:2096,-3.352816185431051,-0.2556747363512162
train:2097,-0.9046546819340643,-2.3618361920130035
train:2098,-1.0107184032130463,-2.6760511911975873
train:2099,0.8346829513342447,-0.06320112264555136
train:2100,3.153328719068123,1.9306997569878994
train:2101,-2.3713203103673903,-3.886648855145491
train:2102,-11.2349925290103,-13.591720528414282
train:2103,3.142593332616886,-0.24632349858132202
train:2104,-0.24130766330762365,0.16475733463261405
train:2105,0.41272103430014523,-0.043001885552380464
train:2106,7.315035568015572,3.966994507557249
train:2107,0.9546179207254397,-2.612507213204624
train:2108,14.484524701642304,21.99916824527469
train:2109,1.2606852250421339,5.08120139797312
train:2110,-10.507817591692426,-9.883072449039169
train:2111,-4.112103833890056,-0.35032051852045437
train:2112,-0.9527746999570673,-1.9511167186308134
train:2113,1.605739495580639,-0.12978366889603923
train:2114,-1.5742187961959977,0.1749411052245019
train:2115,3.9671478162744727,2.813899136298546
train:2116,-2.041037598705587,-3.979901090857386
train:2117,1.807090639037082,3.829368197536164
train:2118,0.29562472870976625,0.8481933825026962
train:2119,-0.510643659936775,1.3626314019228867
train:2120,-2.71106546715682,0.15723525810341693
train:2121,-1.0352397256023242,0.01153359726672852
train:2122,-0.17603059994647025,-0.08879607689477687
train:2123,0.2750564749250637,0.009158045123707728
train:2124,1.8768664667217982,3.686057710201192
train:2125,-0.47553584059914,0.040994659467122156
train:2126,14.46402932351592,5.772416418826018
train:2127,-1.929008301607063,-0.05772112861598555
train:2128,-5.36171099934411,-3.5607818916428404
train:2129,-3.528020426024146,0.06541783348815922
train:2130,-15.48065260125709,-6.992850034799486
train:2131,0.8711023000633716,0.10822898729332588
train:2132,-6.847016872917503,-1.1004743907541126
train:2133,-2.242160933086585,-4.399331005316125
train:2134,2.0351498395488368,-0.2030094654208835
train:2135,-29.806644821377212,-12.787618008603474
train:2136,5.470922032119267,2.9838606601940167
train:2137,1.410201202879894,-0.07217224068718398
train:2138,3.8884765091100997,11.386673957799436
train:2139,3.6900283041579023,0.018431746743363495
train:2140,1.0014308260635159,-0.28588280621800477
train:2141,1.1245792981679301,0.01662997637818764
train:2142,-1.0315943154787202,0.026292607031122822
train:2143,-3.2033115980470632,0.3561947315447988
train:2144,1.3676639019547405,0.30375190448246825
train:2145,-12.019200630657092,-4.277269845631578
train:2146,10.955988072404967,14.696233556971356
train:2147,0.4662602350489824,-0.02870930530630146
train:2148,-3.165351632330678,-12.950981755357779
train:2149,1.5994800925454205,-0.0862951972301656
train:2150,-0.2625906680665357,-1.6717443397172846
train:2151,0.6547095974841759,-0.11797912884167089
train:2152,-4.159905151665677,-0.045337813655422055
train:2153,-1.1144829962668332,-5.48623147541033
train:2154,-8.209815394213091,-0.7498671895801863
train:2155,0.9997087754197418,-0.12981633822153066
train:2156,-1.1253912154196963,0.05358404796773961
train:2157,2.2412290673828497,-0.6274998084669601
train:2158,9.914175327910613,1.0523957833726159
train:2159,-1.5690818177738275,-0.01187001561039669
train:2160,-10.085247563901833,-5.074490693289305
train:2161,-0.8097272213416309,-2.0039460138274507
train:2162,0.430994111649737,0.05599105681936678
train:2163,25.008181678828734,7.457526477262536
train:2164,1.5368325967979777,-0.21696807671073798
train:2165,-0.6162359559045295,0.009933228300078936
train:2166,-9.445622908692929,-9.439617027567285
train:2167,0.0668254973901744,-1.1261024066460572
train:2168,0.94390798845151,0.833447675858835
train:2169,-1.0682450763860158,0.049249085264486105
train:2170,-2.1842030498779508,-4.591421503416519
train:2171,-1.2288753476066212,0.1084710113575014
train:2172,0.8407231462489072,-0.07177610728299924
train:2173,0.21603067856071995,-0.04599501634191813
train:2174,-2.3529554120128995,-0.08363211222457731
train:2175,-8.050532218494737,-2.645001351221357
train:2176,-21.315754259711618,-10.269272381023162
train:2177,-0.5736813368404777,0.009123235886066214
train:2178,15.48452843687821,9.150680322810443
train:2179,4.998240516561446,0.26459985779315076
train:2180,-15.139142621507679,-9.503091387084964
train:2181,14.635940560677628,2.925800849059312
train:2182,-0.6339163809706032,-0.2291404319985048
train:2183,-0.03183768335220058,0.07017236163364096
train:2184,14.828138893382459,10.254569127481806
train:2185,-0.6641773297699004,0.16226854547165082
train:2186,-5.243617564132178,-0.783618882637124
train:2187,1.0106928921880467,-0.050144484326961086
train:2188,1.3123042044973836,0.03963007315421031
train:2189,3.27823550530179,-0.1652669966974335
train:2190,-5.680108586098398,-0.3703532347831455
train:2191,-1.2216865765268823,0.08542633307835179
train:2192,3.723221481199716,0.21408081175375387
train:2193,-15.755317819273097,-4.904614195236598
train:2194,-3.3099462367641,-1.982061132268449
train:2195,0.4259925401525126,-0.18360028389352695
train:2196,9.30119038703439,4.725978263630633
train:2197,1.0449607236745373,-0.08014505404559566
train:2198,0.7565611754498234,-0.15979980647556574
train:2199,-4.1856866301753515,-1.9741842583047662
train:2200,-6.523472195807594,-1.639930265781851
train:2201,-0.8621949058320345,-2.077956444807329
train:2202,3.25591393524,0.13637881832374998
train:2203,0.08974925052333277,0.08528463522881313
train:2204,11.661813115105298,7.92971720972911
train:2205,-1.4476510958357425,0.2610073019451695
train:2206,-4.334209313952522,0.062310324394199076
train:2207,-0.9023176630157083,-0.11198038444172004
train:2208,3.536049825482058,0.21524071546950935
train:2209,-3.0332930358774712,-3.1465416921305067
train:2210,-33.22287901508373,-11.978066987136911
train:2211,0.01510342270537346,0.02489888224776722
train:2212,-5.842505307486665,-3.9351501066881602
train:2213,-1.334237509916528,0.16730989317565004
train:2214,-8.920953502452582,-8.347701459358122
train:2215,6.469199997379555,-0.38197912783818355
train:2216,-0.5156470910999215,-1.8831465463465975
train:2217,2.709150768013307,10.561119817309617
train:2218,0.2936019933322287,0.40369671544377944
train:2219,0.33394581830238046,-3.438369501044057
train:2220,-1.2090826907405137,0.08143792914780584
train:2221,-15.787099509880111,-5.463645986613388
train:2222,-0.726626131836489,-1.4807292188027181
train:2223,-0.9579017989040269,0.14082370118111326
train:2224,-17.069673902966457,-8.316626511079331
train:2225,24.68387825802265,8.612353750754714
train:2226,0.11570588631703617,-0.13195082926084348
train:2227,1.2400819862922736,-3.770566324686683
train:2228,-0.6676709446626213,-0.07124890425962133
train:2229,0.5128056971816506,0.09299859054746858
train:2230,6.485624566802676,14.347236140377538
train:2231,13.772273583348495,9.463565152602529
train:2232,-1.2500660083295938,0.02742668914026715
train:2233,5.335576476148923,8.238012355941676
train:2234,-1.0647342595835165,0.24704922563335255
train:2235,-0.9707225682285491,0.035462629907106594
train:2236,-2.7671548510303223,0.08413956823729833
train:2237,-0.20408063842274726,-0.041548742541657274
train:2238,-1.0036358655491013,0.10523396624805563
train:2239,1.0116861862486362,-0.22478399884334538
train:2240,-1.4827596125480982,-4.747165165665152
train:2241,3.60039659096573,3.2172483242533856
train:2242,2.96113643027754,-0.23657355951266307
train:2243,0.18109487832087012,0.1734194136945707
train:2244,-1.4078541288757793,0.060522392127593826
train:2245,-1.4335357665712665,0.10883715032638232
train:2246,5.716150598255906,8.16844010276109
train:2247,-12.674367443809126,-7.079341289403567
train:2248,-1.1096958674962396,0.1651589248127815
train:2249,1.5412211759156622,-0.08424091723127877
train:2250,6.986586951869343,3.9612843659759407
train:2251,-1.6757557419334663,0.08346949041269919
train:2252,-9.796450744544531,-3.4549429779857177
train:2253,4.405981552385935,2.9136518544791836
train:2254,-2.6896797739702776,-1.6668279628828508
train:2255,-4.995461418917827,-0.9153747003264534
train:2256,-1.5571728658966868,0.15365436477665373
train:2257,-3.806128815494741,0.0037468492697674133
train:2258,-6.255754689676185,-0.5672390976858848
train:2259,1.8154584383113699,-0.4624125408017688
train:2260,2.2409687141537695,-0.022243739070807803
train:2261,29.824283114654108,10.246657729602102
train:2262,1.0949615613194053,-3.722019136363192
train:2263,12.876645457650875,7.1348254424555435
train:2264,1.499736213444122,0.14691760034133827
train:2265,9.796263210126076,2.419339708830618
train:2266,1.445053666840614,0.01672384719117173
train:2267,10.031885671942613,3.8457311071222557
train:2268,3.4209016361740963,1.1491687452146542
train:2269,-0.002092326929778482,0.207597876564642
train:2270,-1.7075466146409704,0.07678946931456371
train:2271,-1.7278270851242432,-0.13422166836931973
train:2272,-1.8839688201838563,0.015506058851756266
train:2273,0.745545909277325,-0.27261014376786263
train:2274,1.8056596261101014,0.2482415133529794
train:2275,1.9234452866119423,-0.06048386219736318
train:2276,-1.9099474232812632,-6.886310371243613
train:2277,-1.127976151051279,0.05783398482822942
train:2278,3.6290740342324423,2.5283218681146074
train:2279,-0.30950242627127816,-0.0738014271374548
train:2280,6.041045857741669,9.695685703347424
train:2281,1.1733390412681022,-0.64623966113897
train:2282,-1.4521052281771771,0.16479000395810545
train:2283,2.1548466554728956,-0.28257706992854104
train:2284,0.42702070294913946,-0.02427829621271127
train:2285,10.733975575638603,11.463444875452936
train:2286,0.8441372604234627,-0.06666260887433936
train:2287,-2.4449268173931906,-4.661381794000321
train:2288,-18.97640425012249,-16.33341477885382
train:2289,-9.607432440566324,-8.827147920621611
train:2290,2.097442952709018,-0.33055001282655466
train:2291,-1.7086112733813166,-3.5374842400823474
train:2292,-2.364351444782928,-8.599268961079822
train:2293,1.3259290468749314,-0.02832740231791485
train:2294,0.03779239301587907,0.012798463673446031
train:2295,17.73646206030475,4.486593995083464
train:2296,-5.123482680654368,0.05531099273806721
train:2297,1.2354674577650657,-0.22876969221850119
train:2298,-2.7550660927043484,0.04123076310768242
train:2299,-0.5907677148735919,-0.02250352440582909
train:2300,0.8863156458256695,-0.0648416149650152
train:2301,-1.189257489720771,0.10835235322877873
train:2302,-7.64284974624273,-3.82546505759327
train:2303,5.748273537559608,0.2021464503622799
train:2304,0.4588076238665594,2.5278371066822065
train:2305,-0.498671944334767,0.8690844888591946
train:2306,-0.4873605263641898,0.058790846546143534
train:2307,1.3955326230036227,0.8091535385404485
train:2308,-9.775332378334276,-7.570253685288875
train:2309,0.03357978478606402,0.08516947228993561
train:2310,-1.3555545116930765,-0.4464081021660203
train:2311,-20.01959500706505,-12.561814478525655
train:2312,0.7228851826430098,-0.16632734100040586
train:2313,-23.14072811393868,-8.816127658370252
train:2314,2.098860483058064,-0.182170055775411
train:2315,0.3684684240201855,-0.16541450797497992
train:2316,-7.014864275123157,-14.474027421697528
train:2317,-0.054313373227276585,-0.016997387782829665
train:2318,1.1169811681271105,0.3599843733018036
train:2319,-17.293912419841458,-4.423163064270902
train:2320,5.2479118245857475,4.403569398162533
train:2321,0.9163462285088786,0.07454184825291597
train:2322,-8.114441497570258,-1.7455210922903728
train:2323,-2.1074848568481603,-6.603013393446814
train:2324,0.5875982061492078,-0.06407324384232177
train:2325,-0.9366934713547953,0.12392189038522329
train:2326,-1.6232365679428473,0.09791304146096728
train:2327,0.12419107700265083,-0.011427553108162458
train:2328,-21.255030588360487,-7.214206542107791
train:2329,0.3402617086899798,2.9378842196668375
train:2330,0.40050326165083233,-0.21305774390846793
train:2331,-0.06416721991692467,-0.4563737800446112
train:2332,-1.8874108293472416,-8.559483714385292
train:2333,-5.953889532968494,-11.395923003252635
train:2334,-3.3960004176388208,-9.854852999533461
train:2335,0.7966276777393566,-0.13146485521155735
train:2336,-3.555996310321783,-3.3462534160230515
train:2337,0.08925411447159974,-0.07805860403405243
train:2338,-0.41390093294622743,-0.515549091717957
train:2339,6.703443051998447,5.003075202624563
train:2340,15.600850540299435,5.621279274132486
train:2341,-1.8201255592485666,-6.12735143815117
train:2342,8.240721474010511,8.05616490399973
train:2343,-7.58648420197981,-1.71786144380313
train:2344,2.7397538953422527,-0.16709906465213442
train:2345,-1.907981756401707,-6.900393275764186
train:2346,6.7219206925994595,5.64023033613371
train:2347,-0.904188138245882,0.10592045006580549
train:2348,0.8988772242123125,0.1608860195618807
train:2349,-1.8347141734901915,-0.1588959610811702
train:2350,-31.167851468643565,-11.370858069577785
train:2351,0.10976471861272025,-0.02676066563722422
train:2352,0.6307152579255451,-0.10577877636994037
train:2353,0.1306603898288153,-0.032100566751363926
train:2354,-8.171639242333274,-1.8650767001687818
train:2355,-1.025104081410933,0.07525468865531447
train:2356,1.756105340744754,0.22704489887185264
train:2357,1.3569873274382869,-0.30311013331712644
train:2358,0.957426248725903,2.764690572459866
train:2359,3.252992400076535,2.784626850014993
train:2360,4.740625645551313,8.190546821879652
train:2361,-3.0877705543130785,0.0963520468778794
train:2362,0.1470603186784705,0.05370274176166477
train:2363,0.4310152653495998,0.17780723222793152
train:2364,0.660497575208167,-0.10156364874709206
train:2365,-8.574301546428837,-0.8785941756122742
train:2366,-0.11447635530292455,0.4328572269826925
train:2367,21.515673287331307,9.364048395401642
train:2368,-1.1457294517756713,-1.295764057518895
train:2369,-2.958684168919712,0.0800203086787742
train:2370,-33.64897682912836,-13.128570496799421
train:2371,-0.20682608646922285,0.08529512079834858
train:2372,0.25996435613505636,-0.1287506619707843
train:2373,-7.825207656721286,-0.0772003209358526
train:2374,10.189483060502674,5.856542357200197
train:2375,0.2728299898999468,-0.029228198337496528
train:2376,3.9745265057364962,3.4958146695903793
train:2377,-13.419362629824585,-12.775480426888146
train:2378,-0.004737004329105593,0.10907007976391994
train:2379,1.8034545272430873,0.6548214693416248
train:2380,-1.6621863408462185,-0.02238368932542388
train:2381,-9.598196409764702,-0.1553880209261239
train:2382,-3.596798310483468,-1.1635451628402853
train:2383,10.328939407993603,16.786931151471713
train:2384,0.2616798979481032,0.013279765581204458
train:2385,0.268280433450889,-1.0155887835666513
train:2386,-3.4001628148887417,-0.03341636306725365
train:2387,0.38762240187120556,0.14452282465416913
train:2388,4.787242356134618,1.0786245439354964
train:2389,-10.456596813202726,-7.019698799242653
train:2390,3.6240896646449965,0.19037807482324817
train:2391,12.156377319567316,9.15452759953469
train:2392,-0.5934521426320017,-0.12385835914803905
train:2393,-9.020690175348433,-11.125069471947818
train:2394,11.129504201257365,3.356752906499012
train:2395,-2.334504039193036,-4.85798864802389
train:2396,6.867281014476266,7.692679426184922
train:2397,1.113290196188417,-0.33150691020967127
train:2398,-14.526463595675626,-9.840453388014675
train:2399,1.1301557388932935,0.11121302345622563
train:2400,10.900484483296896,10.153484242657331
train:2401,-2.6656991494478213,-0.032845791157633836
train:2402,0.08790829748967091,0.1318149563508415
train:2403,2.778222014771825,-0.13505937264567613
train:2404,-22.944626342463565,-14.21695834849875
train:2405,-6.8493089111663705,-0.9797766404307942
train:2406,5.187958054926325,1.2181111509190623
train:2407,0.5012350882731943,-0.06031620008040339
train:2408,0.5067961867547011,-0.10262893268061088
train:2409,30.310924212455436,10.970695578977988
train:2410,0.6097949461359835,0.18923086791958327
train:2411,5.806794434626128,6.297845312370707
train:2412,-0.20854714916547562,-0.03815987066516241
train:2413,0.05328062064727279,-2.420642119184041
train:2414,0.24633509705094392,0.12809404143905723
train:2415,-1.5660593957340936,-3.8909460840644976
train:2416,9.103053211207646,9.361800061035945
train:2417,0.5971674658382295,0.10773933972818209
train:2418,6.730080906665204,2.2079626105038663
train:2419,-15.001882539470634,-7.163254948492456
train:2420,3.209387883370393,0.6658180498985229
train:2421,0.09516448145908249,-0.022735918865329205
train:2422,3.5583876676206656,3.383743761108946
train:2423,0.13150002899259922,-0.11917155922210776
train:2424,-1.9216054364880537,-3.015697191695497
train:2425,-0.013357253252305634,0.2333059965014049
train:2426,0.5333856901074858,0.204424458176459
train:2427,-1.0478898705785027,-0.02236692668024816
train:2428,-8.458279779054013,-3.072471914253666
train:2429,-1.860766698307998,-3.249331658956177
train:2430,-2.323141945326084,0.22506676408030662
train:2431,4.854550174682598,3.241104635545863
train:2432,8.979872659866079,17.85577218962723
train:2433,3.7623999930114933,-0.16166600602906067
train:2434,0.6548718533358706,0.005366548776172847
train:2435,-0.7823549148648035,0.02998951926162359
train:2436,-14.795777625001072,-4.428137361394199
train:2437,-3.46693969881599,-3.659910896762131
train:2438,-0.2711408889448604,0.05591013247489076
train:2439,3.50079985793051,1.1956114012689338
train:2440,-0.878334016536129,-5.61225289918065
train:2441,-6.981106224557536,0.004322342977332444
train:2442,16.77539601014372,5.683513625889592
train:2443,-13.027808110281141,-12.248575849924753
train:2444,2.115422667759414,0.10454612715261072
train:2445,-0.1237549259625133,-0.192994248576018
train:2446,-15.57737010652857,-21.73905427956601
train:2447,-17.155047446113723,-12.05391916917397
train:2448,1.2119001439937747,4.1838238167208175
train:2449,-0.884570754892923,-0.09303210432629105
train:2450,-0.8418575993090205,-0.06460390639034236
train:2451,-0.9964436075957587,0.03392685062218731
train:2452,1.1100820400147233,-0.1328924619372894
train:2453,-0.5988449413475674,0.18446007644176082
train:2454,-11.642012960194075,-13.370145464745047
train:2455,2.8382534254834915,-1.072200587479793
train:2456,-1.237230826594176,-1.5298520434945844
train:2457,11.937097601873333,2.2520764714956045
train:2458,16.585747279417955,13.177101361971694
train:2459,3.305296433965802,2.4501826906323396
train:2460,17.684865629298802,10.15943605165079
train:2461,-34.049366621467236,-12.495328834630364
train:2462,-0.3463418270405373,-0.058995125314543456
train:2463,11.60411140087742,12.144608015632796
train:2464,-12.107660289401924,-14.119120423710015
train:2465,-2.372927991556961,0.02061081928580326
train:2466,-10.64585594391783,-5.616019715208054
train:2467,-0.6790297841142097,0.05537101727387732
train:2468,-6.890741338075614,-5.567311890812496
train:2469,-4.63377778324654,-5.437975600460872
train:2470,-0.4696846342338009,-1.643011881938795
train:2471,3.7390839665979128,0.007699980315039323
train:2472,0.3070373822439724,-6.184876271248351
train:2473,6.765749763965683,-0.10978579753619211
train:2474,-0.7982648217440111,0.09756109724268197
train:2475,-13.583638078710555,-2.6431912708639986
train:2476,-16.484420300319126,-7.4561472923702725
train:2477,4.656105689062244,2.557165601324902
train:2478,-0.6587718620802412,-0.5131304916755168
train:2479,2.8261060876809743,1.711646508457144
train:2480,1.7127116636625188,0.45470180686286743
train:2481,-4.530469621947484,0.31690259194005516
train:2482,0.6577352739392732,0.12343634431836717
train:2483,-9.530008969235615,-1.5185394692435223
train:2484,0.4566447161701509,-0.13830768795911239
train:2485,3.365828559726968,0.11034903392562556
train:2486,-2.272836819844729,-0.9332944673321428
train:2487,1.6371201957232215,0.022367615830624646
train:2488,10.978499328390802,4.58953232915154
train:2489,-3.663164673158434,-0.012510812303742055
train:2490,-9.027508640451453,-17.053193347086165
train:2491,3.0577697856660495,0.019788451046522493
train:2492,4.437308089758539,2.9382300294702923
train:2493,-0.48552340889149204,-0.2643540417059811
train:2494,6.572996785899616,0.8800056018475995
train:2495,-5.9681554951726525,-9.029843823337865
train:2496,11.263811133810272,1.6412906194471943
train:2497,-2.839553505039783,-2.807099411269286
train:2498,-13.425240103971072,-9.925042118056513
train:2499,2.251072744024487,3.6552512495668323
train:2500,1.0111431637994115,-0.15237001365784142
train:2501,-2.737422047352874,-7.993524884717841
train:2502,-3.0623019645947807,-0.11337211197373556
train:2503,6.171966338650611,0.6236151304568176
train:2504,2.3554920557119385,0.060884714919807084
train:2505,-6.873267917072483,-6.499469036257831
train:2506,-9.925043853552086,-14.065340722197117
train:2507,-2.100101518221332,-3.2003681863890874
train:2508,3.7487175009903635,2.3097907581484747
train:2509,-1.7694124695555717,0.027645459492411664
train:2510,-5.37721456921936,-4.106281734547302
train:2511,2.3324233648659844,0.06281530799641853
train:2512,3.8971792807085888,7.973889561652951
train:2513,-2.83703365771547,-1.4942613099358566
train:2514,0.01786212087154332,-0.05813698487715363
train:2515,1.3841689019289891,-0.016976523639366248
train:2516,-0.8170825487505091,-0.21932315702752292
train:2517,5.088140951479348,0.5433314756785366
train:2518,-0.9068407192253775,0.2891376597750278
train:2519,-2.634909823068435,-0.0874009611685237
train:2520,4.395130401731053,9.45161017672401
train:2521,2.690772619539122,1.7351490209408058
train:2522,-5.252011166271133,0.11081578443076337
train:2523,-0.6724791690185177,-5.4328164149278075
train:2524,-0.8390970414769287,0.10910406870190392
train:2525,-6.7638986396171425,-3.1854943703378407
train:2526,2.230267266605609,0.15602824065515694
train:2527,2.103372962417802,2.5667253022034173
train:2528,1.7638036602871217,-0.15242508073050381
train:2529,-2.1591882186446214,-3.118013239310326
train:2530,-0.8530021122630981,0.02865264481105545
train:2531,-5.469803616143996,-10.108572396913296
train:2532,0.5220074403928365,0.018054123579277076
train:2533,0.8781870460805986,5.520393543798779
train:2534,0.8266189749799635,2.7900043065873668
train:2535,-9.17735680111453,-15.795607492146518
train:2536,2.22932069665131,6.4826338595717425
train:2537,0.2658270691832878,-0.11260609475440725
train:2538,0.14023209032935963,0.27662908862327884
train:2539,0.2238556878440239,-0.04803492326419684
train:2540,-5.209308587537162,-12.407270593689175
train:2541,0.21689832894245403,0.06362990122155396
train:2542,3.217814029662984,9.057502270719752
train:2543,-0.9067974819926911,0.12834351953055556
train:2544,17.459849772068402,16.266122185598263
train:2545,-0.9615331453040962,0.037482671311591935
train:2546,-18.955769397051956,-12.22136643895389
train:2547,-4.818335678510824,0.13224522135382022
train:2548,-3.600341903897843,-0.0005086513623126371
train:2549,-26.82326460800996,-8.067935051287357
train:2550,-10.03566980025422,-2.358228014806327
train:2551,0.9598369569064181,-0.3273892555852597
train:2552,-1.3873864132799847,0.7122718691611856
train:2553,0.8157496925823423,0.2390249830529336
train:2554,4.979305398143622,-0.20230896517855051
train:2555,-6.6490814708432975,-0.48721233936122216
train:2556,-0.2502103489927278,-0.14594212770879064
train:2557,-1.1546323699190153,0.030036205011698118
train:2558,0.9591618981767315,-0.13930171281803314
train:2559,-1.4185293086427913,-2.3550004566407465
train:2560,0.030881874449719612,-0.02729007990315724
train:2561,-4.699021837537578,-4.521525695518839
train:2562,-1.2259973983632029,-0.2319387237867765
train:2563,0.44211282173914673,-0.2049974438083199
train:2564,1.4646719800265338,4.213751486765538
train:2565,0.7578871172522108,-0.12731335430997182
train:2566,-1.524152289098259,-4.019109987879491
train:2567,-4.470587449426058,-5.309794862670297
train:2568,0.005445131510335904,-0.01732458035057889
train:2569,-0.90708445169028,0.05045842095090869
train:2570,1.0085814739918537,-0.17771392054665852
train:2571,2.330365644523289,0.0493387832487775
train:2572,-0.8520241604463652,-0.07277270003650008
train:2573,1.2393192908060127,0.47070057473141813
train:2574,7.745044259494174,10.919392469126796
train:2575,0.7539949527065808,0.056771661106518226
train:2576,-1.0925391708454497,1.0183934352724973
train:2577,0.5996660432335592,0.26376557737623446
train:2578,23.2281503709387,12.837672491226614
train:2579,0.7071372991572565,-0.13633122943208395
train:2580,-0.41539145518271203,-0.09344881655231918
train:2581,1.7362273717044747,-0.03909886411662325
train:2582,-0.39213261349623296,0.037213577358717734
train:2583,0.1432568369514959,-0.029566019135591218
train:2584,-1.722449512423414,0.14680814383486102
train:2585,2.309224032489009,-0.23293075139435715
train:2586,-16.39979062354066,-11.205527886218356
train:2587,10.535436711972707,6.636345746564267
train:2588,0.05285777910825758,0.10109316490722056
train:2589,-0.7770489974165313,-0.09708360000006225
train:2590,-0.5118147845511558,2.5952945560152596
train:2591,-30.466815065692394,-13.329531644066
train:2592,-0.5229939337830306,-0.2800721600960471
train:2593,-3.0124587336368025,-0.40820927934396173
train:2594,2.4939827716728695,0.12269058493405974
train:2595,-2.7871427728182403,-3.085833811040467
train:2596,-1.4222516624439185,0.0799975186143757
train:2597,-4.659761965341713,-4.118144551542558
train:2598,1.9592701233916294,0.023352795719324984
train:2599,1.6434614240590082,3.4523653226516497
train:2600,0.17956111885169895,-0.007981224590437583
train:2601,-21.634595841704783,-7.662382324461161
train:2602,12.79002128917106,4.012416282855124
train:2603,-0.1991880898402002,0.08081200484390363
train:2604,-17.24320676881215,-8.029170114705991
train:2605,-2.4934403872169377,-0.9367775310084443
train:2606,4.64057933827945,0.2868080800780315
train:2607,0.4647484428835149,0.006670325918819539
train:2608,1.2188529699596597,-0.13219670516688917
train:2609,-1.4282666356395142,-0.9463239644316292
train:2610,0.3617978023579643,-0.06320272757966391
train:2611,-1.8996867165566171,-0.24102778665308172
train:2612,-1.6943793663093554,-7.406305029213545
train:2613,15.005257195125774,15.980824532601936
train:2614,-0.5879947205256466,0.08039818149927813
train:2615,0.3971993326821555,0.030227727149131446
train:2616,-11.61830221968855,-6.136612977936772
train:2617,4.157435807160925,-0.17885602732636569
train:2618,1.1016235820267375,8.37726243130225
train:2619,1.6196307351015133,6.639589282740568
train:2620,-6.986297481978805,-3.606232484424337
train:2621,-3.5185426386526624,-1.0813913675036328
train:2622,-6.360354388958071,-4.742783196225001
train:2623,-0.8143334976013097,-0.04538025524639891
train:2624,2.209648220695412,0.5004427857231315
train:2625,-3.7048346723892136,-0.029373712363702856
train:2626,8.353328894752538,0.124973157894159
train:2627,-1.2992358077655672,-0.40878042189682157
train:2628,0.8557982955873763,2.218316076129257
train:2629,-0.9731949940718506,0.16504479616477652
train:2630,0.9985529930492176,-0.113922889695967
train:2631,0.8436416594552492,1.0504809899807126
train:2632,-2.216304138107069,-4.702503772484609
train:2633,0.6505681214758775,-0.22888353554488616
train:2634,0.20603404439699816,-0.026726855025252752
train:2635,-15.106635661191085,-11.235003892138598
train:2636,0.31792898063265773,0.08031247801766692
train:2637,4.952583393593894,1.5937356370572964
train:2638,-1.6910416146667222,0.10857123057653076
train:2639,-5.037562395726031,-13.36401219120126
train:2640,3.2542462798244447,-0.14458861544125554
train:2641,-4.803285867120542,-1.0838730949545008
train:2642,6.853945350149589,0.47025433171771874
train:2643,23.62504585101013,9.160811522893844
train:2644,-0.18999744650998612,-0.00325954409645976
train:2645,2.8606479874327198,0.26732610587236927
train:2646,-2.156431263915253,-4.282431884380842
train:2647,0.07926387290948483,-0.07783516154038023
train:2648,-1.718632431889385,-0.18803999529652754
train:2649,-3.0950864800502345,-1.4433699191823437
train:2650,-2.0571292879286704,0.27114520708664036
train:2651,-0.32456723121805603,0.07405783578976742
train:2652,-12.301234774889034,-5.895091079812469
train:2653,0.12119724732646785,0.11596819357535242
train:2654,0.08232651022478188,-1.171152693194676
train:2655,-1.0687639231782544,-0.3998865546838073
train:2656,0.9009823660360188,0.006044151958499819
train:2657,0.33637721526627795,0.052757292908551155
train:2658,33.73724895345474,13.967652246118393
train:2659,-24.243175265819907,-13.623379815370859
train:2660,-1.0231384145313767,-3.59043251439453
train:2661,2.781715397206306,9.548055732007084
train:2662,0.2341779960023363,0.14998951556320184
train:2663,-0.23675985029536778,-0.12430567211781351
train:2664,2.5399848626689527,0.03136887096837107
train:2665,-11.47287541475503,-6.856749910123848
train:2666,-0.868629931067762,-5.11070086008508
train:2667,-0.9845092015413109,0.2790755788540752
train:2668,-3.11183044709546,-2.1848984118474193
train:2669,0.041010544893903544,-0.04911914542024398
train:2670,13.262158852446696,5.5102686207910185
train:2671,13.679458587014336,1.6412212862935314
train:2672,1.0270426100578078,-0.2371401725848052
train:2673,1.247436267639071,0.004364499246689274
train:2674,1.1592636948209494,0.13966401145657284
train:2675,11.144135122898716,2.41363327643037
train:2676,0.6931671400638171,0.2715599220613284
train:2677,-1.5787202337893236,0.4254148978462889
train:2678,-0.5931562232921632,0.14040513436455507
train:2679,10.226576886815886,0.09445330282710183
train:2680,-12.60759055988188,-1.714755860630105
train:2681,-0.3484410411791172,-0.06242162397967746
train:2682,4.050233505421198,-0.09905634934603053
train:2683,18.89803729017603,5.9843076667120325
train:2684,37.80727659702989,21.146853219400665
train:2685,1.804661915342947,-0.11132500068055154
train:2686,-0.4220295326912983,0.03565183380637732
train:2687,-0.9049512986486236,0.11010265870674485
train:2688,-3.1932480159101493,-0.010971466498572613
train:2689,1.7970512325571542,0.022221780817595807
train:2690,0.2189447750604971,0.31120379189314235
train:2691,-0.8543409554978194,0.12954090737414015
train:2692,-13.135144307967252,-5.099725108006442
train:2693,-0.505341403705787,0.038780849017445884
train:2694,-0.2559048203895781,-0.10515499197818823
train:2695,0.9203159178776321,-0.04556443035211691
train:2696,-2.7781154895163622,-8.76615928305748
train:2697,1.3409170243733066,0.35675039539977293
train:2698,-5.527385846836386,-0.016474036601321906
train:2699,-1.9749687825781415,-0.05125873658351454
train:2700,-0.2733033317247883,0.0017747775626466566
train:2701,-0.39283847294275287,-0.021422868770032105
train:2702,-0.07953578966914956,0.18765025747511954
train:2703,-0.08821316520489111,-0.3198326194748386
train:2704,0.2561139178435512,0.0870041616370204
train:2705,-11.927198308330848,-8.763310632003275
train:2706,37.464413710322226,13.13586554016102
train:2707,26.884592032792447,15.769535883977388
train:2708,0.5525288586503342,-0.16741381006421058
train:2709,-0.6997545404091607,-0.18199442248569214
train:2710,-0.888862166466183,0.06384328612812074
train:2711,2.0552079637253104,4.586261402099717
train:2712,-16.5480971211544,-7.327702346759567
train:2713,1.5933515634994628,0.01170111672287831
train:2714,-2.0985208021876303,0.025549058889370493
train:2715,-13.594168436993892,-14.210659588415355
train:2716,5.324246461519125,5.063068638378092
train:2717,5.257158083549942,5.710272799344076
train:2718,0.22575580149982943,-0.030914663102984866
train:2719,6.481666267887696,0.5518496099831969
train:2720,-0.44006311993887215,-0.029811895041636907
train:2721,11.198362981184294,4.598608409884134
train:2722,3.2883423246713908,2.40351833967931
train:2723,-4.460236083987715,-2.0313520113945023
train:2724,-11.340592728558223,-11.956120048125557
train:2725,-4.65257017230485,-4.78371030004282
train:2726,0.7790740586433395,-0.057580643383331936
train:2727,-0.008309887481751932,-0.09246752417069151
train:2728,-8.758327577239427,-10.60242874127389
train:2729,8.377573359377678,6.4958425386485965
train:2730,1.3301909362516797,-0.07992075558706341
train:2731,0.6504872260082704,0.04467837557269734
train:2732,-0.12845000126996775,0.04217656861282105
train:2733,1.0667232316685258,-0.05541505228743776
train:2734,12.196004940699257,5.18354340985537
train:2735,-4.163901573732058,-9.059977210270617
train:2736,-2.435300721664428,0.08268442797523505
train:2737,-0.47995184978917405,-0.09736125360153683
train:2738,-4.375587810550027,0.09019016984168644
train:2739,-0.3404054247301465,-3.722364660845027
train:2740,-8.265848058275974,-0.6260186326070707
train:2741,5.729979538968394,4.737463600122613
train:2742,12.564843641005448,8.72171981027843
train:2743,-0.12947525833859147,-0.05643179588035199
train:2744,0.894025123363569,-0.25337925258781135
train:2745,-9.869265033887558,-2.2083892261446607
train:2746,0.32276201990570064,-0.04545950332635734
train:2747,4.322838678512109,0.4987894895959696
train:2748,-4.7418745842947505,-8.344480748911423
train:2749,-0.9149112044103856,-0.056146866577567095
train:2750,-17.713819406031746,-13.637984858456052
train:2751,1.4823453151162802,0.30807352839998625
train:2752,-0.6997907457800797,-0.800955880233938
train:2753,0.5987674759058719,-0.09072905953995591
train:2754,5.638595555561215,0.7763074563054302
train:2755,-1.8541025854765043,0.037560671109462825
train:2756,6.265260198959686,2.6344087262595206
train:2757,-2.3021888569246474,-10.720838354865519
train:2758,3.6763811457892905,3.9613876524023848
train:2759,-1.1224434124750826,0.17658926556250354
train:2760,2.273301330790177,4.116109577929753
train:2761,-0.400655229958528,-0.058035160724011714
train:2762,2.6327891659240605,-0.031442900417235325
train:2763,-1.5011656560111128,0.6980801144425783
train:2764,-10.940645536708784,-9.24565025449369
train:2765,0.03602849988886017,-0.08851785265006226
train:2766,0.8576086803624452,-0.11393226964422493
train:2767,-0.5324265080267852,-0.0741347897852368
train:2768,-13.93899420108223,-3.243445188613701
train:2769,-0.1990079347040063,-0.1295855486961431
train:2770,-3.4886973251869327,0.06356488355739363
train:2771,1.0015654193846206,-0.042303774878615114
train:2772,-0.0777072731513411,0.2801426817129216
train:2773,9.21779366876221,10.803926233367216
train:2774,6.042534055395752,9.243642671756406
train:2775,-13.584037906883784,-2.276324589191235
train:2776,-2.9131644287721477,0.02066791927500823
train:2777,-0.8692329277429712,0.031061686579225214
train:2778,-0.8820500939647694,0.03989239071860922
train:2779,-2.661548607568153,-1.3346414108185456
train:2780,-0.43485785690862844,0.11382442958338919
train:2781,4.031820488210975,0.19360242312060338
train:2782,0.5127533940775942,-0.20645113962968192
train:2783,-10.286238397085887,-0.567728424264206
train:2784,-0.3409665208075506,-0.42900651488747604
train:2785,-2.393822732940095,-7.214663627343052
train:2786,0.708973254338753,-0.07580491988797944
train:2787,-1.8848247314244575,0.0021533280219981216
train:2788,-3.161061383048619,0.1458263164751958
train:2789,-0.7373688988368541,-0.10280836431439619
train:2790,-0.8835454978242993,0.021264170130429166
train:2791,4.930111190592422,7.210130948268658
train:2792,-0.7472765596091201,-0.20272318084040353
train:2793,2.211246138638892,-0.4924726714085809
train:2794,1.1319012678193325,-0.1960321391946951
train:2795,-0.8801754344862712,0.07222931652271541
train:2796,-7.106293355428945,-1.3289168604954267
train:2797,-3.6687497148386865,-0.19044821676503976
train:2798,-15.278251211471195,-14.651551109809809
train:2799,-5.546324684586054,-4.771209218583597
train:2800,-0.7360408649103044,0.026852372384384676
train:2801,7.483683091484168,4.996746198449448
train:2802,-12.886053215710616,-9.567770374482338
train:2803,9.141877456661282,1.5257296569097691
train:2804,1.1060872451560226,-0.14807713589353974
train:2805,9.316928739732292,15.042284171873684
train:2806,0.6406800453103525,0.014317087995962069
train:2807,2.0845604657217094,0.1349190415853615
train:2808,2.3325033305006304,-0.009389821763236342
train:2809,0.34851885784190895,-0.03911937160806164
train:2810,0.34463076131548326,-0.04201684832449015
train:2811,5.757764342592545,2.785156121620116
train:2812,-5.904729729236852,-0.2469949673488187
train:2813,0.018711058364937222,0.004762023593771564
train:2814,39.688172465197475,13.27724468545013
train:2815,-0.33706023442382527,0.04562906721057868
train:2816,-23.934227106531793,-6.296592239634489
train:2817,-7.494979805204182,-2.4279255241780975
train:2818,-0.43929618208972654,-4.329637775768655
train:2819,-10.734397427963229,-4.721132991698459
train:2820,3.0951253599577844,0.3155257011322803
train:2821,5.221685421004234,-0.13729226397869074
train:2822,1.4999456583185875,0.3042907343618617
train:2823,-4.542314764037676,-0.3390182158477129
train:2824,13.508383269684566,10.116844381501817
train:2825,-11.590107824645077,-7.884670121537187
train:2826,3.814791896115575,1.2110366013508547
train:2827,-1.1862155411888562,0.005203772791955774
train:2828,-15.652009657974041,-5.286288926327195
train:2829,-13.016956959626258,-6.318951183065141
train:2830,-5.642667932090732,-2.1758609921943366
train:2831,7.606607938761462,8.902382606854086
train:2832,0.5742360415831429,0.08981753980595024
train:2833,-2.9701982904757873,0.150775005983096
train:2834,-2.431647407960655,-0.7115119748451584
train:2835,0.1999181843251342,-0.2431129527173349
train:2836,6.9683110850208685,2.4196216065911904
train:2837,0.7670747967398618,0.0337518414735122
train:2838,0.5382359312903072,-0.06945868942005595
train:2839,-1.0854397799590867,-0.0232163291430251
train:2840,-25.047928956572978,-11.372896407231154
train:2841,-4.658514129508049,-2.7046093174662493
train:2842,-0.691548009039046,-0.4301279715149348
train:2843,-0.8702066953113795,0.12718639770059526
train:2844,0.9117465773090468,-0.1372103766737472
train:2845,2.833853920828515,-0.16207478274753218
train:2846,5.627054468849271,6.420410920679436
train:2847,3.4022245464029495,9.774982287981272
train:2848,-5.156193739305902,-12.199662593962787
train:2849,2.019052106411507,1.36178742057089
train:2850,-12.768628330397643,-3.5117599281436487
train:2851,-1.2289992478486744,-0.7906426449569695
train:2852,0.2238991575349507,-0.061893850313059495
train:2853,0.5539996219363975,-0.11580262419381127
train:2854,-5.160458418181533,-0.48414841314471896
train:2855,3.097280712761385,-0.667349823169233
train:2856,6.4229663779761825,2.982715093889667
train:2857,-2.46199948039013,-0.030111197421029925
train:2858,0.7271983290617331,0.08443537542684619
train:2859,-3.1118295172624992,-0.1710127143182371
train:2860,-0.6142878396221123,0.053237596190639544
train:2861,1.1789842896325795,-0.002091936696963989
train:2862,1.5163716224911505,0.11836674977398672
train:2863,-0.4163807974532171,-2.315233470529897
train:2864,-39.63495132416899,-12.55159083423737
train:2865,-3.8697605394314034,-2.8869577941729387
train:2866,4.130262833625113,1.6363447118250893
train:2867,-5.160889395758957,-7.185128274525847
train:2868,-0.8271828592893825,-0.18646216673785893
train:2869,-0.11595432479443563,0.13172540102736013
train:2870,-0.20959489656884356,0.012835519818845134
train:2871,2.372431752595455,7.059363009751421
train:2872,8.605148116916752,1.6241576268086892
train:2873,-2.5929041541387345,-2.2198287685166282
train:2874,2.009411133355368,-0.06064011144952247
train:2875,0.34481707659504385,0.10431540895762818
train:2876,-1.4840604488605385,-0.10034949825833175
train:2877,-27.914921978211733,-13.03263281399997
train:2878,5.747873244469897,2.2603425241489843
train:2879,3.4157917391369153,4.827735936835098
train:2880,3.0818696612657543,2.9059413230199684
train:2881,-1.6980233816835182,-0.2724624898295062
train:2882,-0.7299183797785933,-0.07555754604342868
train:2883,3.5279658577191153,1.7370897786001303
train:2884,0.7771291967762857,0.03395937728686872
train:2885,-2.7424212942676958,-6.8720596976104735
train:2886,-3.264010628824728,-0.1985643685723052
train:2887,1.4278373446511998,2.9987033761886823
train:2888,0.7198765918685709,0.072357639921316
train:2889,0.6106822392390187,-0.05248854409617301
train:2890,1.6482842351694802,-0.03446934250590944
train:2891,-1.618896456368255,1.8804944220697062
train:2892,0.6502440746889686,-0.3533974625358707
train:2893,-4.266914977982477,-0.06950747941707808
train:2894,2.5471157516468694,-0.07314447410737623
train:2895,2.75179011810593,-0.06336290000409839
train:2896,-0.33464336609994344,0.0742249985938922
train:2897,-2.5317694966188404,-0.19767341614861395
train:2898,-7.676079186770023,-0.986651036882563
train:2899,-1.437828572893968,-0.6066602739932789
train:2900,-0.19957211085309362,-0.1598733659557252
train:2901,6.528018440993596,5.47121265615724
train:2902,44.27768290675651,16.682410994342288
train:2903,-13.8939874962709,-2.5515006003784313
train:2904,-1.8032499046102393,0.05359203697309996
train:2905,-3.96412417256211,-7.266777621238318
train:2906,1.1065584380090099,-1.8386403681273422
train:2907,-2.3550826373694296,-1.7692709786185856
train:2908,1.1604796838756983,0.002100721848308326
train:2909,0.5433349027901965,2.8868142175791967
train:2910,-5.9171774030857724,-3.1177159341822733
train:2911,3.9278986371576594,3.840450089257446
train:2912,6.020199002756027,7.031802082544703
train:2913,9.414136266974221,9.255303195723073
train:2914,0.04805309974052514,0.03498607147128087
train:2915,2.8038872641613746,0.4419631238245785
train:2916,-4.391531191415831,-2.181990984539493
train:2917,2.63400585235353,3.2927370065465484
train:2918,2.6252603084388353,1.594808446348543
train:2919,2.671493927842208,-0.29835756675778224
train:2920,0.5234415915060605,0.018644097359057726
train:2921,3.0432397509009674,0.20971867216619422
train:2922,-3.3895822456255114,-0.38650443572718785
train:2923,0.6081124133930522,0.26794946228169136
train:2924,-2.0987272251049727,0.04274788949169339
train:2925,-14.3169173694174,-12.18799978742316
train:2926,-4.084418057476252,-0.1278883487047018
train:2927,-26.311901111441536,-8.760501925975873
train:2928,1.6002055947132416,-0.16619948124943779
train:2929,1.4274740124216887,-0.19490347819633097
train:2930,6.585810813935171,4.381923188138671
train:2931,12.188465855051462,12.154427644507143
train:2932,-4.386130256661857,-2.9750103286817278
train:2933,-1.4064067276428611,0.14095220290572635
train:2934,2.1516145561004563,0.004854396468250574
train:2935,-1.2954750983547987,0.02765287785453198
train:2936,0.1308583280203884,-0.04179800664194064
train:2937,20.79992506727117,16.045654169814675
train:2938,13.74717832156404,4.375508016834313
train:2939,-7.268618944595695,-13.671407433024306
train:2940,1.4350500589296846,-0.04533891927669961
train:2941,-0.19934627767269053,-0.04420801137057792
train:2942,-0.21147135759870367,-0.054755174710754084
train:2943,8.32413585910895,14.88746523699551
train:2944,0.8907941862823308,-0.16409933580013397
train:2945,2.5688194477060744,-0.08958406387884613
train:2946,-0.05447632645369202,0.0006469725291426143
train:2947,-15.297113802918062,-6.064982414589418
train:2948,-13.317005687644633,-1.4798818135912815
train:2949,-4.772022093472805,-0.6094879539084119
train:2950,-6.694668856338774,0.10178435653170062
train:2951,-0.20241681856815608,-0.1289502801091855
train:2952,-14.641163140579904,-18.96707028594595
train:2953,4.964415982939113,10.356628670960244
train:2954,3.4722349244520787,8.006216501200356
train:2955,0.154454815300831,0.08577895493548462
train:2956,-0.8662959341065294,0.0007795757520433766
train:2957,-2.012693965471874,0.07087282621077143
train:2958,-8.442216914652722,-10.178032233375596
train:2959,0.8998533163631233,-0.0013319468968584353
train:2960,5.100391500740536,3.9706166655233064
train:2961,-0.8898426753235585,-0.028863699967930673
train:2962,-13.267490222805408,-10.458850336937727
train:2963,0.9421235227702289,0.055136625563037125
train:2964,-12.05607408655855,-6.939503451505766
train:2965,0.8834784930034151,-0.21014361154247124
train:2966,-2.961856758982647,-1.2436249553210676
train:2967,-0.8974627726680818,-0.17820189184728474
train:2968,12.260662735308385,2.736010328537839
train:2969,0.7074876137253137,0.04411019323164513
train:2970,4.876495162395182,0.40221832146968517
train:2971,-4.650122851951496,-12.286019176762222
train:2972,3.463259246879536,5.522695518629039
train:2973,-1.2364321000806764,0.09103689741427577
train:2974,20.976758840128422,9.018037154882876
train:2975,-12.750383148036882,-6.958582337592756
train:2976,-6.774660991224249,-8.155002655563862
train:2977,0.2700311926873338,-0.03962396289305359
train:2978,-2.0485287979558917,0.3841123821069378
train:2979,-6.895807997880109,-8.71303353869765
train:2980,-1.293773736494407,0.0304933259121605
train:2981,-0.6773981597258931,0.3398097808635613
train:2982,-0.7315100213495868,-0.10786561869871111
train:2983,-2.0055500588325033,0.06655212958851853
train:2984,2.3726284122667067,-0.06514344957378582
train:2985,0.7756992299113863,0.030675361105728417
train:2986,-0.09877449854874085,0.9045712226874276
train:2987,-0.0685811950973565,-0.026498062751205295
train:2988,10.552260179736098,9.368452619928153
train:2989,-16.11745428359639,-6.660379587723268
train:2990,1.1962057259032788,5.923349843882861
train:2991,-7.3717495077991995,-4.255517210643451
train:2992,-0.5878989477306635,-3.9287777336268026
train:2993,-8.268034095567288,-9.142562411896728
train:2994,2.0663694461309263,-0.007100365419054289
train:2995,-1.1848279979528025,0.007637245223839087
train:2996,4.628682125543441,-0.2622751883825707
train:2997,16.524649815216502,12.259554966043954
train:2998,-11.046474475165112,-9.695738262344383
train:2999,-22.270467691083084,-18.04767614720701
train:3000,13.972155125810076,2.817926450965021
train:3001,-0.37962205969332485,-0.5559362243699031
train:3002,3.246641640952898,1.8063361944906615
train:3003,-16.906382217353226,-2.6442988893928865
train:3004,-2.8526539216273257,-9.735282697591622
train:3005,-4.091892054816777,-0.036501688405257804
train:3006,-5.071625431502861,-0.025521585171915342
train:3007,2.8675231723463614,-0.14620257285005822
train:3008,2.217348632361942,-0.6159501319496679
train:3009,-19.145267494838038,-4.523569739604608
train:3010,2.141099540060976,0.14743759899381087
train:3011,-42.36199518684748,-17.036470076293995
train:3012,-1.4292738771945186,0.3469273426659858
train:3013,2.387006884259146,0.1530678148563132
train:3014,2.304619499666132,-0.17334664516993858
train:3015,-0.8985003500234389,0.00428789039171594
train:3016,-15.176752505114248,-4.698361473205269
train:3017,0.2943365613714195,0.023270016784318892
train:3018,-7.345101424969871,-7.19370275985046
train:3019,-5.69511190584063,-5.682824919317759
train:3020,-3.561262419296412,0.004907466289572879
train:3021,3.248462253890538,0.45972967312032104
train:3022,-2.1784129800297976,-0.027203805778305987
train:3023,0.6770818434423406,-0.209460301927744
train:3024,-7.919815371004255,-7.613233392841064
train:3025,3.0649741314478853,-0.04708640720366811
train:3026,-2.7994014581178375,-7.642467446027535
train:3027,-0.04225919306453976,-0.06501027570764503
train:3028,0.3984858728128205,-0.15752827189564073
train:3029,-5.592581084896971,-4.62043300573938
train:3030,-0.34158108228021217,0.03190370634508433
train:3031,12.779603440676006,3.766657073352017
train:3032,-0.2849659940963837,-1.9987982411591867
train:3033,4.900376527249052,1.4527948884373376
train:3034,-4.277790304294345,-0.06308381979452374
train:3035,0.8266794141224286,-0.07129430606240578
train:3036,9.705462231985445,2.159621709711644
train:3037,1.703243639537126,-1.0104893729129796
train:3038,-3.2855785692716273,-0.0683076663397234
train:3039,-4.60024475225748,-2.9930375192773515
train:3040,1.6576439337549163,0.1527019612090523
train:3041,2.954107358008853,0.08458317202601262
train:3042,-2.7642670223116936,-1.761436474915475
train:3043,-0.31068906747319563,-0.5426754740973965
train:3044,-5.863989098050593,-0.5190105422815425
train:3045,5.474902647025313,0.3806010002598501
train:3046,4.683407444463155,5.174640234024503
train:3047,-0.9018605338862561,-0.007503738859346826
train:3048,-1.789341463179586,2.7681952905686535e-05
train:3049,-5.371334770490471,-12.142544629495744
train:3050,-1.0963746155804586,0.17276524255028725
train:3051,-3.503793163308784,-0.6032882004271622
train:3052,11.911556020267597,4.739768998812313
train:3053,1.8628655069115259,3.830593083250877
train:3054,-20.863721544718747,-5.492305972700394
train:3055,13.196984070711252,7.549206590848162
train:3056,5.4596585005461815,8.2826920097059
train:3057,0.56209265557071,0.04974875475153283
train:3058,6.42051115404266,4.560908293588655
train:3059,-2.0344062624859682,-0.140931826563569
train:3060,-1.0124391753364987,-0.7566743927904425
train:3061,-0.680690930699038,0.021682166303747336
train:3062,20.87209126304038,9.947301709744526
train:3063,-0.10910343176690035,0.084764386919923
train:3064,-0.5151578827333148,0.16484036322403767
train:3065,17.567331023696433,5.845990593048898
train:3066,-0.5713183988283339,0.10972574884670847
train:3067,3.157556204625314,0.3220176239524226
train:3068,0.7541322192974486,1.3447189106185078
train:3069,-0.38764651814676354,0.008864912824347482
train:3070,-30.16109342677895,-11.076725717939395
train:3071,10.318232381447677,16.12732919547295
train:3072,3.1981950191023434,0.36386089549210215
train:3073,-21.88179379405282,-8.801038709817517
train:3074,-3.872619775786481,0.049864131681625345
train:3075,-0.43507869223686624,-0.06995818058109018
train:3076,-0.03744015940047188,-0.1417502359653721
train:3077,-0.632106693570255,0.05945143742687726
train:3078,4.774226554346526,-0.090178888126167
train:3079,-5.956554899151204,-2.8307762552627755
train:3080,-0.19302242559036265,-0.36279313914808176
train:3081,-0.5682428600807029,-0.30084796085285803
train:3082,-0.16431121776425384,0.04218823113403906
train:3083,0.1298266783501578,0.1716119012317921
train:3084,5.12070091227472,-0.14830566067856843
train:3085,-0.6155773435953404,-0.4387345911870016
train:3086,23.202074135380386,7.437475215094544
train:3087,-4.060410700256166,-4.742412848762225
train:3088,-2.121981882543127,-0.49921485695467666
train:3089,0.7658142919321047,0.038344128612814395
train:3090,0.33212299701145814,2.3707594231992055
train:3091,1.0821663624013107,8.046955292748969
train:3092,-11.240956477622161,-5.4846313917653005
train:3093,0.009189801302527195,-0.023485815413126818
train:3094,-17.5793822968643,-6.543098706460408
train:3095,1.8477752477874403,-0.3687988025973179
train:3096,2.6230868238924954,7.393311422819304
train:3097,-0.20994358392921897,0.0014722653150285037
train:3098,1.7213149431341805,2.582921583963422
train:3099,-1.6062289932531781,0.05977281656661873
train:3100,5.343434029585861,5.3708290918747545
train:3101,-0.9526062839620061,0.4611287476840519
train:3102,-4.084595655571802,-2.9057388044886356
train:3103,-22.89272120691457,-6.405991967109366
train:3104,21.121903905674756,8.580357784286523
train:3105,7.199447102800576,2.5580789158305612
train:3106,1.898460210033365,0.014411850439008694
train:3107,-0.25193902469634877,-0.06438074921829015
train:3108,-0.9747292184575024,0.028835821291103417
train:3109,-9.592772694103182,-3.5582091465951886
train:3110,-4.763783773438337,-0.17915108554666098
train:3111,-2.182323857463768,-0.07625034260202129
train:3112,1.0304827595552712,-0.13318534458023215
train:3113,16.841029199528936,9.535622557093422
train:3114,0.13704392556432746,0.12445094799913128
train:3115,-1.2500777474707263,0.1391139113731889
train:3116,-8.15898514556701,-2.090197027627481
train:3117,-1.6213900359114195,-0.20353838037398148
train:3118,0.38708298252470486,0.3694248097431541
train:3119,-1.4655434065878041,-0.5955236005209548
train:3120,3.837588610820437,6.836762500179861
train:3121,2.3240604472147415,-0.03218559259412762
train:3122,3.8767475961400333,3.000998503300062
train:3123,3.0591445436988898,0.08972409697539618
train:3124,-1.2757119636852026,-0.04774378821617667
train:3125,7.593041675860457,9.384069984121153
train:3126,1.3869230671594739,0.062048720133850196
train:3127,-4.68519196699213,-0.011093584151937924
train:3128,1.01092837238542,-0.0827232558692303
train:3129,12.853692531008566,7.862157615256091
train:3130,-0.9036867258216622,0.06662766848741682
train:3131,-0.24725987277835149,0.232871594334936
train:3132,-5.863943536235504,-7.041440306687599
train:3133,0.7664204267935573,1.447815883507311
train:3134,1.1689448831526517,-0.08509406454031837
train:3135,8.043640588427467,10.744103419942455
train:3136,-4.215628181352544,0.10231034693819349
train:3137,-2.618498736223248,-5.199917506803519
train:3138,1.1240560346691268,-0.14819700663914745
train:3139,0.337701878548344,0.052922173139715825
train:3140,3.077028021037822,0.14942593403327234
train:3141,-0.9542121054856548,0.01478305386664483
train:3142,1.5323496396347518,0.12256639869894934
train:3143,-0.619511699311576,-0.5593709973620176
train:3144,3.9714287672269215,4.541219960521319
train:3145,1.8817390238956837,0.08692862273812212
train:3146,2.6685426380239905,0.2260225915073482
train:3147,9.316660947839525,2.5449461323046303
train:3148,-0.3046754890270418,-0.015398516754685135
train:3149,2.0960482032675167,0.9561282687804298
train:3150,-4.8995472893246514,-0.41426968887903776
train:3151,1.5322287613498218,0.5763707206503033
train:3152,-0.026460459338731784,-0.026997732238252026
train:3153,-1.328230440301101,0.14268656603817428
train:3154,-0.07920779109215648,0.03209672642102272
train:3155,-3.8874566554286933,-5.388620666631125
train:3156,-0.943909904965124,0.007620696569878377
train:3157,-6.052035261668072,-0.14499166789472556
train:3158,1.5719735414348484,5.566294374096655
train:3159,10.789050511751652,5.038466496370902
train:3160,-3.177480373473975,-6.1067158373053925
train:3161,-7.202986685043439,-0.06410758943233077
train:3162,0.6694179277195301,0.09099281522398385
train:3163,-1.0075230322425663,0.24524799024621421
train:3164,1.3853388642521685,0.003563244807289437
train:3165,-0.49617464545975853,0.04569001904165383
train:3166,0.1699744247946585,0.04177437212421106
train:3167,-1.6380010368432218,-0.7177435416870395
train:3168,-1.3354008471798604,0.09994339010897557
train:3169,3.0610237361130728,-0.036291549032118675
train:3170,24.327075315563658,8.069859771117084
train:3171,0.8782760775866145,-0.11026164266796781
train:3172,-15.2167994809116,-3.8091871738499425
train:3173,-19.142336661344963,-12.12085676251536
train:3174,0.481961045741085,0.09561506113338734
train:3175,-12.705230459450672,-3.3006587358234487
train:3176,-0.1353392499071443,0.04578421084146043
train:3177,2.0553641756627585,0.34587086803748485
train:3178,6.407759424815492,10.793488027220683
train:3179,3.524071717278443,-0.17341182332751015
train:3180,-0.6935663277100188,-0.062836873932403
train:3181,-6.202938317825406,0.05217998027565855
train:3182,1.1963326481024557,0.11483689335200323
train:3183,0.9945347199082517,-0.05736058908389738
train:3184,3.9170047141865716,0.3764758202777107
train:3185,-8.994877082518084,-4.629576707695918
train:3186,0.30277107616065957,-0.061507988487195214
train:3187,-3.455167083696756,-0.24940012160991581
train:3188,-2.3503962792459845,0.14146332092277608
train:3189,2.357367993710758,-0.16758903320410073
train:3190,2.572686158074397,-0.1931839517881237
train:3191,-0.2375865299122577,0.03897326278494175
train:3192,-0.2961163766210275,-0.03739214151611403
train:3193,-0.3186211818906949,0.021639510721555483
train:3194,0.7477756487178054,0.012758910963871814
train:3195,1.440726689156596,-0.3439166887504909
train:3196,-0.8898717326035898,0.2246015471788764
train:3197,0.5156247182611653,-0.03690092468206019
train:3198,-7.9216294751111676,-0.10579140185162592
train:3199,-2.3719579433203966,-1.983535674400673
train:3200,0.5362356281329539,-0.14421172341382038
train:3201,0.27717475063934405,-0.5912857898293153
train:3202,1.1433128752914574,-0.24829022050806754
train:3203,0.9133124160153726,-0.23489034028060235
train:3204,3.8988148568869896,0.1520171179906175
train:3205,-0.1975891258346389,-0.0005469201245967975
train:3206,5.224359620600072,10.859860683754448
train:3207,-2.187464903905142,0.04850125729843358
train:3208,-6.626287545637319,-0.02764195279103754
train:3209,0.08236579566738418,0.10512008725646818
train:3210,-19.505267203016952,-4.360540675110578
train:3211,-0.7807837296189519,0.08227285153836716
train:3212,-0.10556239539316828,-1.0504468112051872
train:3213,-12.94943620933021,-7.0056313020895615
train:3214,5.887554146620909,-0.05418421048390676
train:3215,6.781642933851593,1.3638705537186007
train:3216,3.1930781483179547,0.19183314375490645
train:3217,0.45658276604912423,0.012104490163170847
train:3218,-1.0939578634856968,-0.348678920579713
train:3219,-0.5320366755578855,-0.030942232304518563
train:3220,-0.369764668015513,0.4845848954044619
train:3221,-0.8079436854933107,0.6290055691629022
train:3222,-9.976899707954152,-3.88202835683101
train:3223,1.0117501122647048,4.737334634750367
train:3224,4.258615115895769,0.2070854389350997
train:3225,-0.36568613007576223,-0.14597271061993572
train:3226,-2.84739106706806,0.024261366753052002
train:3227,0.25671993647588365,-0.046489407378994624
train:3228,-17.74720970766129,-5.077378718727071
train:3229,2.0882860739382,0.34983591126039226
train:3230,-0.45898655733012406,-0.7446653484649302
train:3231,-1.9016414578988816,-0.6921333583963458
train:3232,-2.416986731664552,-4.14509774369865
train:3233,5.569614967516395,9.413387351220667
train:3234,-1.170701045776314,0.16340840534360038
train:3235,-3.275046816238849,0.09469375762236729
train:3236,-0.17729726489759384,0.03508251017884506
train:3237,0.473067774614711,0.027937949818126875
train:3238,-18.52654548459244,-6.126131402903996
train:3239,9.277977107163,18.870623529557523
train:3240,-3.9622221992403817,-5.911278516602254
train:3241,2.200443804214463,0.1776223438181635
train:3242,-0.12888004901443073,1.783121571521592
train:3243,-1.092695615241138,-2.852285796230651
train:3244,-0.14482924133624064,0.10644679712432337
train:3245,-0.4627957342839848,-0.5561924431846743
train:3246,-0.9470820301115789,0.2140513522964876
train:3247,-5.043631415462484,0.0686276303828938
train:3248,5.6948095370514915,12.859715298302293
train:3249,0.6858708570479624,0.021561189936862082
train:3250,-1.0559905753347434,-0.39531088752887084
train:3251,0.7485557785720852,-0.06119081784134894
train:3252,1.5973584461866563,0.009745593669718278
train:3253,-1.7441350767398793,0.07049605901154504
train:3254,2.5657226390294605,3.06235691768373
train:3255,-0.10990146090567948,0.29600585048156147
train:3256,1.4556972322869521,3.4605198145516045
train:3257,0.8580763863418287,-0.023262016267429575
train:3258,-3.0229295826106344,0.050863292329706294
train:3259,0.3774122548138139,0.029565032021450124
train:3260,0.5719012310180693,-0.10315952389822647
train:3261,-6.720042138178569,-11.302603431638417
train:3262,-2.95721456792485,-0.1090658954236983
train:3263,3.2254744585121906,0.017140916069224868
train:3264,0.7238703406651904,-0.11250123905905268
train:3265,-1.1159285378338293,0.17587910005029267
train:3266,-0.6882489616934144,1.9048043947380033
train:3267,0.05877825802919122,-0.09406236503095336
train:3268,1.473405668570976,0.03626573893703652
train:3269,2.1493522725063405,0.03904206096056725
train:3270,-1.1805265906752118,0.060958827210605304
train:3271,-1.8299571480617107,-2.772321844327594
train:3272,-2.3405172689518294,-0.8227018814943987
train:3273,-10.687444582764522,-1.95311853511682
train:3274,16.788255599994365,5.854915453322886
train:3275,6.398848370633739,0.2997578297847246
train:3276,-1.669194491873283,0.16289767964377816
train:3277,-7.996601906756679,-6.830419860385863
train:3278,-1.8614659326946708,-0.571870224230711
train:3279,-0.1157689974623961,0.02438505367532738
train:3280,28.586586179597514,8.506870918479366
train:3281,-0.2615945263925033,-0.004474800206497612
train:3282,-0.5794465336569241,-0.04540914406042515
train:3283,2.969416592795254,6.399710837147536
train:3284,7.901470058523373,3.0592763001524563
train:3285,-5.353600531341779,-5.414077061568633
train:3286,-6.535156011879052,-1.3680614174922188
train:3287,-1.342435963362794,-0.7919434262226062
train:3288,-0.8018170161132752,0.05828229642367391
train:3289,-5.197301189595276,-4.611600589670276
train:3290,6.421360091536053,0.30385190971028264
train:3291,-2.1821843825196177,0.053318484869913065
train:3292,6.260695184037651,3.413069117213821
train:3293,-0.7259965768073313,0.021317382612561483
train:3294,1.8153800998844059,0.32504032119483406
train:3295,0.19148889984629971,-0.07684648646183473
train:3296,-0.88972342424631,0.10114124160019267
train:3297,-3.3412662653059773,-0.7790033774509935
train:3298,10.713944184159757,15.146487051361655
train:3299,4.647049116022094,7.443658134600213
train:3300,3.358602827787029,6.607523127153853
train:3301,-20.944265535466574,-12.041580721038153
train:3302,-1.1272241486440695,0.18205823904449636
train:3303,-0.5608625434109977,0.17298957667402204
train:3304,0.8088591654248444,0.009717953137779567
train:3305,-1.9319540124275143,-3.880487620082943
train:3306,0.21675362368789824,0.02695897567466181
train:3307,-0.08567849866776245,0.10894443125550698
train:3308,-0.30187983000067214,-2.942527318208175
train:3309,-1.9704558383019233,-6.07263245786519
train:3310,24.700659883302794,8.456287389753848
train:3311,0.1415646571915942,0.013675114350934145
train:3312,2.020826227701097,9.860315136808103
train:3313,-3.410120860984582,-0.11853800256487021
train:3314,-0.481918330272571,-0.05749850642197088
train:3315,0.957408581899644,-2.257101615686139
train:3316,4.566162481828137,0.461406793602754
train:3317,3.9824882004650672,8.867689780433537
train:3318,11.484506057270899,5.684406111916991
train:3319,0.8929397758398406,0.3225247831319946
train:3320,11.500444324055417,6.094816724645518
train:3321,0.0668925615924866,0.02824035507013753
train:3322,0.5776534101730617,-0.04004406331331936
train:3323,1.153747693238051,-0.20322302865346276
train:3324,2.6273087304519205,2.4063316108526327
train:3325,-0.5524725443747656,0.050034361693165254
train:3326,8.287153612751057,1.63015137808029
train:3327,-1.1356923698781456,-0.5239945403399191
train:3328,1.462976662080389,-0.3513558793490744
train:3329,-0.180816101509382,-0.007844662530059152
train:3330,-10.750320817420372,-3.174108325769626
train:3331,0.7441196617442696,1.8520779579853806
train:3332,6.224260609293788,8.308069655876283
train:3333,-0.14840723857017252,-2.014009592686908
train:3334,-10.245032849419127,-9.306646310419943
train:3335,-7.514530008125709,-1.499465718945693
train:3336,3.0200915593368474,-0.011199652464177548
train:3337,-3.9919647661639206,-5.531820163855913
train:3338,0.5744826797760483,0.15140535277210843
train:3339,0.21121449251009514,0.005205056739245831
train:3340,-1.8492639672056952,-0.5107716665124691
train:3341,1.5468343450429853,-0.06481037224762384
train:3342,2.25558987254903,6.243068697117485
train:3343,-11.690090903275593,-3.6493959390998136
train:3344,0.647806982498185,-0.17367134117351268
train:3345,-0.2717422584123878,-0.041409755247508756
train:3346,-0.3142058700753816,-0.035952301625923916
train:3347,-10.951244702631234,-3.8192227911906387
train:3348,-1.048075023566862,-6.395558896751993
train:3349,-2.1040914314569874,0.038307072467415285
train:3350,1.2442945945220885,-0.2940441101716372
train:3351,4.955334769325496,1.7441848713249788
train:3352,4.781045484366027,0.06579681192994069
train:3353,13.424910305109584,3.890007886759021
train:3354,-2.009970019812622,-8.414694975737035
train:3355,1.1760483420582188,0.04202417120253192
train:3356,13.793981463656024,10.015369176701165
train:3357,4.330155069165745,0.42189131849994566
train:3358,3.7734031713554987,-0.0010496211538561645
train:3359,5.284456119619009,-0.11213021395742906
train:3360,-11.737467752304516,-5.864837287156074
train:3361,-0.32930844948620014,0.036587403398398
train:3362,-1.1191070555818912,-6.330222528342111
train:3363,1.586918281700537,-1.6456699381508308
train:3364,-3.1341892104756903,0.11195386104258785
train:3365,-15.65084736677279,-9.339507372040012
train:3366,1.9806951020207744,-0.43910287006803267
train:3367,-19.20285205011283,-11.302262186980883
train:3368,2.71074171220958,-0.6555996368834771
train:3369,-2.1021587736475467,-0.6014919581683742
train:3370,0.5029750382014675,0.16910356753985803
train:3371,-4.313044921010698,-0.013690973854518382
train:3372,0.8491832314445749,-0.10429324935534576
train:3373,-1.8718400790405592,0.12685089514066317
train:3374,1.8185987166789106,1.578342535657627
train:3375,4.294760512588761,11.626678515548514
train:3376,2.787042875156361,0.16976187584763167
train:3377,3.5373185825573437,5.1858739168476315
train:3378,7.642092224219182,4.8311940348696485
train:3379,2.465533602398083,0.1514831742439668
train:3380,0.9578772177119884,0.053727136760175834
train:3381,-7.223861899934392,-0.31645573110638425
train:3382,0.08457961171840744,0.016398830200775094
train:3383,14.523903127540695,8.145723936662183
train:3384,-2.7287783201474087,0.1906621838263755
train:3385,38.249129500765726,11.915461657454912
train:3386,0.19290643019534576,-0.025896319454599137
train:3387,1.798627531884291,0.1774779710784372
train:3388,-3.707453546923873,-0.16617109174824657
train:3389,-17.442661517944632,-7.41883064833209
train:3390,-3.067222640624398,-0.026419706301309395
train:3391,1.0764702056822189,-0.15398158149807648
train:3392,16.230043399518866,11.985291270736749
train:3393,-19.814524066848122,-7.659659785563003
train:3394,-0.28811621005369503,-0.0392747292301584
train:3395,0.8893356270538806,0.5737007522606321
train:3396,0.10601481851012333,-0.41439309047969314
train:3397,0.543937202090685,-0.2640482839249353
train:3398,-4.564912494488883,-6.880181092202506
train:3399,5.1013789833451195,3.3825608176723745
train:3400,1.93191490259546,-0.406169372421683
train:3401,2.7728959315712114,0.10894521588996202
train:3402,3.218625308921457,0.22792811194660106
train:3403,5.073235729114502,10.027128992591596
train:3404,-0.7883025913998464,-0.08653832691561869
train:3405,11.274277333619299,2.2437256783210815
train:3406,-10.934922414833823,-2.939117154205787
train:3407,32.25304958110494,12.87437169927909
train:3408,0.47988379890620875,0.30938522321758827
train:3409,-2.4979398489152214,-4.6041305843367315
train:3410,-0.5615825828101729,0.08610258098298369
train:3411,-2.005891539987431,-3.359970538226768
train:3412,5.065118287364963,0.9646914839010521
train:3413,-3.0053817749706235,-3.9484141381592965
train:3414,-6.623164701637797,-0.3808577068759273
train:3415,-0.07991167464363422,0.2637834813078902
train:3416,16.446199808296846,10.501884766422082
train:3417,-0.11062498717845837,-0.02643493534277755
train:3418,0.16225623007274953,-0.25474319692707814
train:3419,0.4113673137380479,2.0718271059473463
train:3420,0.7377340338845952,0.03562633318658871
train:3421,1.740893738419258,-0.6963863624642508
train:3422,-0.1073756277816803,-0.07046323551371464
train:3423,8.988561948886632,1.7314164435078037
train:3424,-12.261235220572694,-4.101467502852833
train:3425,-0.9721005806767525,0.24994502608526348
train:3426,0.6934852591655996,3.4228547928153867
train:3427,-7.9224374999542775,-11.098964826289642
train:3428,-1.370006789176795,0.9227750273658393
train:3429,2.477012855218121,2.6851297800058864
train:3430,-9.273363914003806,-3.597727617575007
train:3431,2.04252806409438,-0.21060558291047382
train:3432,2.7278213489537264,3.6254996229616587
train:3433,3.7544852548474528,0.7720701449266258
train:3434,1.4201197310748914,0.05045653069517611
train:3435,-20.426281628215822,-8.232305412717064
train:3436,1.0213441287563132,0.2652470385577439
train:3437,0.19143264495215917,0.1303013964870807
train:3438,0.40101920271506775,0.2932334516303059
train:3439,11.503535088817785,1.9181821268747152
train:3440,2.837208293235326,3.276884537338659
train:3441,0.15014132019474732,-0.04664822452573403
train:3442,0.9445696808323824,0.08630879718384767
train:3443,-1.442941259430032,-0.08170134082195335
train:3444,-0.31515464838296303,-3.0807596513501663
train:3445,-2.397439783158389,0.0724476232272274
train:3446,-0.3242928723800007,-2.4451515316647265
train:3447,-2.500938095297969,0.043451742263061505
train:3448,10.233713354791568,5.111402120808194
train:3449,0.48846220534616375,0.9382267623584213
train:3450,-0.6249846380054678,0.07834939394157654
train:3451,-0.2329148747725085,-0.17081131291971086
train:3452,-4.782516653187144,0.03521818060916096
train:3453,1.4072578166418452,-0.04125928375815471
train:3454,3.245523981733775,1.2548620021847603
train:3455,0.7711789632006001,0.25556479204343285
train:3456,0.252427827527903,1.3609257492784526
train:3457,0.30080261978222045,0.5743004269754932
train:3458,0.15461800098548667,-0.39266538546811575
train:3459,-0.2632976316896968,-0.021636895650243904
train:3460,2.8373579963420474,2.601094003263632
train:3461,-2.8489768971830474,-7.212134536503262
train:3462,4.392520360609524,0.4505095049696201
train:3463,0.9008438209248296,-0.16069944337606612
train:3464,-3.5479765010331494,0.3150637654294802
train:3465,-9.85542632992898,-5.009155466165904
train:3466,-2.015691049563421,-0.09296894125266081
train:3467,1.5283448490717206,-0.4984015120116288
train:3468,5.3405580562374855,3.4773338176189355
train:3469,26.431395166932404,11.947885606353122
train:3470,1.3382321316984163,0.05928320466667744
train:3471,0.36078126247334996,0.035044419742573406
train:3472,1.0193415010165574,0.04655094136483877
train:3473,4.586187829392735,1.528304541869571
train:3474,-2.4834577005476306,-0.6905913377009887
train:3475,-0.9837065232377268,0.08648776517000045
train:3476,2.242796300838617,-0.08190591642350223
train:3477,-3.1741167027375536,-7.576416061637903
train:3478,4.667959199649085,-0.2072108619407687
train:3479,17.99366687497908,9.642811042013204
train:3480,-0.4069055671223767,-0.09995910695174978
train:3481,0.3883933496249955,0.2671414314538163
train:3482,-0.11440638537260922,-0.044577074886063967
train:3483,0.2649631381333978,0.11740856844358005
train:3484,2.203800036287196,-0.09825541589345321
train:3485,0.682836812096216,-0.18222107484758948
train:3486,-1.8671248960953228,-0.11463622941120052
train:3487,-0.6844031725667143,-5.279386425695855
train:3488,7.259871367938265,4.933755173756069
train:3489,20.6044183888911,11.223553305065384
train:3490,4.3879916091729685,-0.08709887690333556
train:3491,0.8748075681838405,0.0034859939786710675
train:3492,-1.0874669320431893,-7.240028719362154
train:3493,9.61879250169054,13.317586879946923
train:3494,1.5479327102281677,0.03215083053321758
train:3495,0.04672657679253708,-0.07221807047239845
train:3496,-5.480347921921748,-4.346187571015855
train:3497,2.5921192020428374,0.27711228078676986
train:3498,0.01907962090485399,0.0680368719686581
train:3499,1.5494355527513854,1.3219181466592662
train:3500,0.47361184312601673,0.35681059826159556
train:3501,0.4108893795960934,1.0662910889280302
train:3502,0.9537392285772938,-0.16630740415220746
train:3503,0.9829071587309341,0.10538611400192725
train:3504,-7.873314424624596,-6.533810917085765
train:3505,-0.20801150726537898,0.1650809606801131
train:3506,0.47736964680878213,0.22361454836484848
train:3507,0.43024303907548844,-0.019140295809932845
train:3508,-3.1020165251085747,-2.8489820571925275
train:3509,-3.623020994733138,-0.15729955095199827
train:3510,0.708480907785903,0.037106653081618084
train:3511,3.9024532932633864,5.170814071100137
train:3512,12.944526983135793,1.403731125320814
train:3513,15.84726650312727,3.608353220207013
train:3514,1.1477170291112389,0.3155974595197134
train:3515,-8.117547139660001,-6.540805861921989
train:3516,-1.7900231469691201,0.14789653881960085
train:3517,2.319636766902779,-0.47434964841383537
train:3518,1.1063857215365038,3.1169395142353435
train:3519,0.797753821684249,0.18685214157353985
train:3520,-3.96052014000527,-4.0495737772482165
train:3521,3.9149711695008627,6.952119743080598
train:3522,4.9682654913976565,4.689055934071307
train:3523,2.0087953514769454,-0.0590561128108211
train:3524,2.6790706717249244,0.22117954232925757
train:3525,-0.33232755899601035,-4.06299616221846
train:3526,2.5598442350500124,0.17144662868339994
train:3527,2.580749204595717,-0.15097536157922076
train:3528,20.074203458871345,9.005453900797088
train:3529,0.11995499049057051,-1.2659984501543406
train:3530,-0.8937119427325239,0.05899988029800512
train:3531,-2.5982279127569456,0.10493876536695029
train:3532,2.1404560956519636,0.15170822167175158
train:3533,-5.692546961617708,-11.721944040430094
train:3534,-0.41350215083507813,0.48178146782703
train:3535,3.551673343809277,1.607225357929863
train:3536,2.3858371543942063,-0.06114274114837684
train:3537,-0.03421294165107766,0.3574791068172846
train:3538,5.776064850014486,1.3316283546923386
train:3539,-8.585420488976487,-9.231280887066625
train:3540,-2.688373358660071,-0.10246961622103645
train:3541,2.2927594802485647,-0.01765976192368847
train:3542,-28.562353510961202,-9.50457848336847
train:3543,-0.012647790703061879,-0.1468188318840825
train:3544,-0.5921305594216191,-0.2630510135325869
train:3545,-3.0291143665507327,-0.2971330020298915
train:3546,17.830416102016134,14.38731355641096
train:3547,0.6824674359524584,-0.6987801395257498
train:3548,-13.448516612483811,-9.109455403040208
train:3549,1.1514324091651584,-0.1038019255256844
train:3550,-1.5647519343618064,-0.1949868634397796
train:3551,1.2446402599253408,-0.04562734376932964
train:3552,-0.16446766215994224,-0.00591792129531786
train:3553,-2.0264559582111694,0.2540689221201128
train:3554,0.6268346000628073,0.09939849714515687
train:3555,4.227073787109173,0.029926035201170827
train:3556,-0.27986103679680796,-0.11943566004663175
train:3557,-5.714289710661276,-0.13650349236016646
train:3558,-17.851879144415253,-11.880064717095049
train:3559,-8.993811493944776,-3.8346250228821486
train:3560,-0.5569876970042663,-2.10833606429815
train:3561,-1.6807810241711962,-9.400361908442738
train:3562,0.15662899722189158,-0.002037261941529117
train:3563,-0.19598725610107437,0.026109608877087367
train:3564,-23.392504563786684,-10.846741655485154
train:3565,-1.7501442384794688,0.035868535576776744
train:3566,-0.5421741213006389,-1.0826951446462796
train:3567,-2.2067919469160286,1.0072755930270938
train:3568,-1.4346329694652478,0.12208128061452325
train:3569,0.47501635581360874,-0.004449691903936515
train:3570,-0.15698087961620238,-1.8553867499707304
train:3571,-1.816400183490316,0.1559861200510026
train:3572,-2.3501898563286425,-1.0269017858001432
train:3573,-2.858221064023079,-0.0175363959882356
train:3574,-2.3292500180469,-2.7318869203042953
train:3575,1.8361437348200385,-0.027012319306075158
train:3576,-7.5731731782266,-8.543235789412066
train:3577,-1.3648015842611114,-0.43372594847369633
train:3578,-3.393062610398538,-0.29375547168779215
train:3579,-0.6999003498403576,0.06627668722959906
train:3580,4.781896281525343,0.0664224509122229
train:3581,2.9961716064150967,1.7979908224269185
train:3582,-10.573582817358105,-2.1310442413916975
train:3583,1.6602818698652761,0.053438533941533285
train:3584,0.4786415420703114,0.11381112646285611
train:3585,1.2402574922636624,0.347966626666881
train:3586,-1.484882072510703,0.32478217645912777
train:3587,-4.8189251926080985,-3.8960439254492596
train:3588,0.7072804934332507,-0.11465638025061392
train:3589,0.06154846287825347,-0.07869469292066761
train:3590,17.653928227020376,6.532158274443776
train:3591,10.844538293699388,4.629392900753753
train:3592,0.6496699028355505,8.902041932839792
train:3593,-6.133274302554249,-0.3113031436357827
train:3594,1.3211610959091584,6.503712279571779
train:3595,36.92794844313862,18.662044295036612
train:3596,23.015912278258376,6.361798441566767
train:3597,-10.56275584236021,-4.1045398460571265
train:3598,-5.618160789654109,-1.061043941494068
train:3599,4.7745185218962805,1.6578010403108323
train:3600,-8.545822622499298,-0.9321360615548924
train:3601,0.33332190038554876,-0.10689755810721152
train:3602,-0.574614191758602,0.06590355788102784
train:3603,-1.5852688148754135,-1.3345770707932327
train:3604,5.548935947380213,3.411048754822513
train:3605,-0.2531772716276018,-0.030549201772951465
train:3606,2.9173505961440025,-0.05886337805650271
train:3607,0.3149289908131081,0.1995378974513165
train:3608,1.7613777260918702,5.4351200418689105
train:3609,0.19213676096187715,0.07272962798340717
train:3610,-3.858009310470272,0.14306015903437802
train:3611,-1.6628688382395929,-0.38604403362809536
train:3612,-3.9814125568060015,-0.590241869352095
train:3613,-0.8564577202335381,-0.26566873240059324
train:3614,7.063628261853082,2.891288060580991
train:3615,3.369060659099407,1.717674783644766
train:3616,1.2487322223284658,-0.09031291795716781
train:3617,-0.6481184171586922,0.06778653791229972
train:3618,0.7012237939835304,-0.07247821245944477
train:3619,16.610382273886717,6.776648658702688
train:3620,-1.497897060694954,-2.8449598783152124
train:3621,-0.20422470441714236,-0.11643425493011372
train:3622,11.763422471584605,18.563991808389627
train:3623,2.326449653008033,2.9334080940920826
train:3624,-7.337493066766481,-4.236915667626743
train:3625,9.914518436273223,9.276467212209113
train:3626,17.69149533831074,4.32141389089616
train:3627,0.16023860877649748,0.060593151889356905
train:3628,0.8322524842033082,1.703718989905909
train:3629,-1.7434673404447607,-0.18189231301093017
train:3630,0.7060514867170476,-0.013080242926881813
train:3631,-0.854452070536659,0.09190570174721355
train:3632,-0.22975076943534223,0.11839114477249778
train:3633,22.192697683897592,10.864463492128488
train:3634,0.8114287588125706,0.043866635563762045
train:3635,9.65991343455785,4.994743811320201
train:3636,-30.07564177766296,-18.164622631531213
train:3637,1.1422084661920286,0.015974663947424153
train:3638,-1.7235187040994453,-0.06238374753462081
train:3639,22.296002125864803,9.320742279916159
train:3640,0.11297845378417998,-0.032558008638648814
train:3641,-3.6304684918342756,-0.3135737330878414
train:3642,-2.226214297805418,-0.01886738568039098
train:3643,-4.583948499782976,-0.053256629897246416
train:3644,4.466138955463817,0.6967272619812894
train:3645,0.8643155655101454,3.827923328852421
train:3646,-1.240481638854956,-0.7854145542526723
train:3647,2.017488127371103,0.281992136453842
train:3648,1.4633639375086456,-0.08186097826835029
train:3649,8.184487036195092,5.1798045553467285
train:3650,10.972472151137593,10.557141292640164
train:3651,2.5584141519559926,0.16573812770140667
train:3652,-0.28153212097140695,-0.017457682886314677
train:3653,-0.1570923433424024,0.044762331459386
train:3654,-4.509679951688943,-0.06704565314920605
train:3655,1.825266548842249,-0.3229999391133938
train:3656,-0.3276080174587696,-0.007902547153719172
train:3657,-0.7013210764902071,0.10139546316362372
train:3658,5.262890038838032,-0.18249797947981156
train:3659,-12.854689949936052,-7.314719071762522
train:3660,11.85309556234354,8.168523416674134
train:3661,-1.5939291628450567,0.07041438569781648
train:3662,5.639193903071619,0.2333841032948833
train:3663,-0.380804690990598,0.1059619643615173
train:3664,0.6588576985523216,-0.0798973948794249
train:3665,-0.9789762305068744,0.06861247267183063
train:3666,5.9961042412376075,12.891207957432782
train:3667,-15.048665225237476,-6.466090401219059
train:3668,7.079011418359882,11.9515194625056
train:3669,-1.1182549799022539,0.18603562242746935
train:3670,-0.7489443893683556,0.1417717535940095
train:3671,-4.407494563690297,-2.5210824624689083
train:3672,-7.141570288136362,-0.5208206939693061
train:3673,3.767447591240287,2.3871023602718964
train:3674,4.405061482671025,0.182854785677166
train:3675,0.16907341665544853,0.015442325134885998
train:3676,6.305316008170167,5.391274097878364
train:3677,7.472994661597461,0.5315793634718455
train:3678,0.23851520184892547,-0.02360197697767437
train:3679,0.5797432097529116,-0.054655133817737234
train:3680,14.156672108424077,4.394332396036251
train:3681,-17.370850518366524,-8.773184471985426
train:3682,1.4614996224218388,-0.028707700372188893
train:3683,5.5777584445888415,5.340946787967615
train:3684,1.2696153407995876,-0.3571772606969851
train:3685,2.104888590144234,3.4013986069904534
train:3686,29.09193923590603,9.222906637700385
train:3687,-1.1555211740006124,-0.0783865455710542
train:3688,-3.0454250314361317,0.375722571200878
train:3689,8.854606493192984,0.7546251530966372
train:3690,-3.7353043686882557,-0.07652139814103309
train:3691,-3.07512947520827,-1.9760512603253177
train:3692,0.35058052997468847,0.06886558861398413
train:3693,-2.959999882559528,-1.848136727606215
train:3694,-2.1219153994864155,0.3400407487149613
train:3695,-1.3268209297613436,-1.1751852863111214
train:3696,20.622425534013846,18.19560051064033
train:3697,0.791608206957633,0.023401407390334597
train:3698,-0.9328425681468097,0.20017487796799419
train:3699,-0.4137687804366452,0.2174131542842838
train:3700,-3.2509269492304833,-0.6345006737267995
train:3701,7.0205583990995155,6.543962029863689
train:3702,-0.2823593817338976,-0.0283628535292014
train:3703,2.2168311803191445,-0.19379043855666261
train:3704,-12.281447929478933,-4.89845296017405
train:3705,0.7450386853970989,-0.04259266301887768
train:3706,0.977678243074745,-0.14468544646604725
train:3707,4.538050377001713,1.081784623537944
train:3708,3.507873562181325,-0.14814939359380788
train:3709,-0.8675623665994127,-0.001020019035779876
train:3710,-0.4510070795461738,-0.23376249958189582
train:3711,-0.5017251670913339,-1.8975598533031444
train:3712,-1.9567686971159883,-1.7208364923349995
train:3713,-2.4329347616951607,-3.5255007320418263
train:3714,-1.4188124427794162,-4.6328613301855
train:3715,-1.30390159333475,0.05361472004189095
train:3716,-8.858433393820796,-4.205046098636217
train:3717,0.20896882968015756,-0.07221072344068313
train:3718,9.829666529417077,10.352030427732124
train:3719,3.844935221045306,-0.21104323061037034
train:3720,-4.73574373066639,-0.10113391872215088
train:3721,-0.5165669283565917,-0.2451229721999173
train:3722,1.6452611157550256,-0.010166395882505105
train:3723,-3.7238790461799556,0.2232611062080581
train:3724,-0.8781088807304466,0.2591403712550233
train:3725,-0.01780743380365643,-0.0009122744590226856
train:3726,-8.880687086076433,-5.315177740353452
train:3727,0.470013505796063,0.06933644061740961
train:3728,0.16606912635845428,-0.02297095254981442
train:3729,10.863036390625542,20.491266309238718
train:3730,3.79690562927776,9.77080061431837
train:3731,0.6658761939710772,0.10558155931163575
train:3732,-1.0424821945355611,-0.2832337019717971
train:3733,7.856593530326581,1.722893886718033
train:3734,3.657998813066781,0.15954179807959723
train:3735,-10.995129099058637,-2.0653018603165387
train:3736,0.83858917960341,-0.25070275746608245
train:3737,-17.022003226721857,-5.107279283217891
train:3738,2.1631268179906096,0.5006089142363837
train:3739,0.3374082837909079,-0.12507218864997685
train:3740,1.432566475090851,-0.010731439685737185
train:3741,11.79019794152959,7.868271486929717
train:3742,-8.269439073171359,-10.969622829505617
train:3743,5.974877549487396,0.23502691385250973
train:3744,8.213668913843147,2.1238035748217667
train:3745,-7.770550215607725,-6.8488972884978665
train:3746,1.1144720138818491,-0.15877241681970483
train:3747,-1.9568151887640384,0.03010600181299366
train:3748,-1.0834499374225448,0.1581061310180998
train:3749,6.0629922402036955,3.1470158368440915
train:3750,7.682886785717179,0.2554704219176137
train:3751,0.2741503527045682,0.8785545987490264
train:3752,-4.817337502827189,-0.5671719757747768
train:3753,1.1767961602171035,6.069277015794968
train:3754,-12.919284515903831,-2.337978454112426
train:3755,3.3821964093394685,7.04508437459952
train:3756,8.848516087298426,3.5238783334915595
train:3757,-6.601113248051178,-3.255683774182513
train:3758,-12.878127319551043,-3.3850023745936966
train:3759,-0.26373453695224713,0.004513437132335749
train:3760,2.8252153077043354,0.3788782283182152
train:3761,-0.9022723336588595,0.13043118215898386
train:3762,-1.1725451369962192,0.061518770889879656
train:3763,2.2583719327683447,1.6516877392804465
train:3764,-0.7940924869043194,-5.379084076803831
train:3765,0.8164699644397577,-0.061346282459053186
train:3766,-0.9197007739925019,0.12456479132551625
train:3767,2.836757789165721,0.015096729322645969
train:3768,6.399529938194152,5.132425759057187
train:3769,-3.7368874093043596,-9.781073393744173
train:3770,-4.255067046393402,-2.354371322468619
train:3771,0.6165776126700053,4.024740464909939
train:3772,-1.271674164052056,0.2040685907858985
train:3773,0.3171135171258598,-0.13794247628549652
train:3774,-11.984945584373817,-16.46581199954494
train:3775,8.781956784284054,6.493551406039897
train:3776,-0.9238910662312528,-0.16182899600449274
train:3777,3.340008958065892,-0.0684843160877136
train:3778,3.5901251911620324,1.396854303635275
train:3779,0.5491712318281595,-0.11334432878098685
train:3780,-0.8911035288186758,0.11837138625031192
train:3781,-16.820367089462867,-5.001489444879411
train:3782,-1.6489930571916953,0.006876221132861002
train:3783,0.7632834028413802,-0.12560944926046022
train:3784,0.09611686286938778,0.07783745562486928
train:3785,0.633949681880387,-0.20224038099414005
train:3786,-31.075091332454107,-14.335507199040945
train:3787,3.647011906799593,-0.07964188936870378
train:3788,1.3355091158721248,3.2050548195005355
train:3789,-32.97240061204928,-16.199844315661213
train:3790,0.6770498804343061,-0.016219387055460832
train:3791,0.5091799297793472,-0.04505292001783967
train:3792,1.203184587192072,1.3994644258151485
train:3793,1.8410592967683703,4.4539783100566055
train:3794,22.847714793942902,9.188438644716406
train:3795,-1.3365953338473862,-8.205043502568119
train:3796,-5.107119945123152,-11.139075339630987
train:3797,0.6497256928132106,0.04484732163694719
train:3798,10.407369888421078,5.144780755846965
train:3799,2.8327688057630267,4.896937842552908
train:3800,25.111296434871903,6.992753536273045
train:3801,-0.1604548517876223,-0.015404365847895382
train:3802,-1.5521917507246048,-0.05473709245308578
train:3803,0.5474704511133686,-0.03756187221481891
train:3804,-4.657521532822181,-0.07613731957529388
train:3805,1.4994498248921335,0.04678255118988384
train:3806,4.088499386181753,2.315352247165756
train:3807,-3.430064383248612,-0.3154863152371896
train:3808,-9.2409954987984,-3.7744335739243313
train:3809,2.212632984500225,0.08784828564982711
train:3810,-1.0544633246962993,0.046057869940254834
train:3811,-2.3919691109323393,-9.642049863749888
train:3812,-0.32791416496117914,0.05087563248977183
train:3813,17.21602897303472,23.51599504158465
train:3814,-5.368545271607467,-1.0170275178355639
train:3815,5.665076268457563,4.6367530572635935
train:3816,0.8147996357544395,0.7641289309376305
train:3817,-2.338006952415367,-0.5371295351084053
train:3818,-2.314884563715915,-6.560122706240069
train:3819,-22.136915782894512,-12.523676108221837
train:3820,-0.3441955401083067,0.10100264662327163
train:3821,-3.0071447382646816,-0.033625361153912736
train:3822,-0.9614563178556935,0.03011135159336889
train:3823,0.18774934413539393,0.10662045099530343
train:3824,-0.7260288885027262,-0.3163885735300738
train:3825,4.664324482604532,4.736383943112486
train:3826,-0.03823412052004663,0.10620530803818537
train:3827,1.0096758873869518,-0.210955244555799
train:3828,1.118805035480114,-0.16432659447047382
train:3829,8.130287072898344,-0.42617551810851045
train:3830,8.53445663622369,11.71053453967016
train:3831,0.22271292313495367,-0.034683262390513725
train:3832,2.581154611766714,0.08193709932201756
train:3833,20.20619696701728,5.871610191953051
train:3834,-10.971049214867595,-9.752737533017502
train:3835,-1.5450631863290902,-0.8282413294165345
train:3836,0.5094734083076632,0.08026736153650245
train:3837,-3.823113144360385,-10.72542404394236
train:3838,0.01655500818661615,0.06393405406848718
train:3839,1.771236280060883,0.010984531474217143
train:3840,-10.512806145528197,-4.46383309330909
train:3841,15.298571143007617,6.129003390512165
train:3842,-2.366195536002833,0.4103302291178529
train:3843,1.344321142843531,0.09143752463397568
train:3844,3.547619272099313,2.8727621277935858
train:3845,0.23851101760060095,0.17108826472866434
train:3846,-1.0427130255681298,0.1471294516441975
train:3847,20.77121926409915,19.675312670619075
train:3848,2.2048651599440228,5.688830879600143
train:3849,3.7921788234205116,0.02410526016170271
train:3850,-1.2892721826719606,0.10998984967123245
train:3851,2.771270118638901,-0.16944134116122128
train:3852,-6.828077105334874,-4.483453519830864
train:3853,19.091165455841864,8.067819150890756
train:3854,2.613450035084681,0.05940514399403024
train:3855,0.4744710087819817,-0.0977310304210729
train:3856,-0.28537546928658447,-0.01925328317145776
train:3857,0.37760949563066626,0.20665595856657604
train:3858,-0.9839696659656901,-0.046618194425227744
train:3859,0.23491233158328684,0.07187826393449265
train:3860,-0.056692583316237916,-0.07244161996167817
train:3861,0.9149324174916765,-0.10378862240515133
train:3862,-0.08049845735658592,-0.7640010240099311
train:3863,-4.996121600320138,-12.627671273570439
train:3864,-0.0076866669396410126,0.0852194035734378
train:3865,-1.3481879100595462,-1.8385781680141795
train:3866,9.945242906803578,10.011742168267567
train:3867,-1.9699965008191884,-0.5976374057428167
train:3868,-1.599311384710691,-3.2358733234618113
train:3869,0.0019143232991748471,0.03947150566388842
train:3870,5.817277371428453,0.27976113537656
train:3871,-4.7815482321582605,-0.5106794362988001
train:3872,-0.8761085775730931,0.03398848009210999
train:3873,15.897747134580015,8.417561827556044
train:3874,-1.1304897220031047,0.18410684827618545
train:3875,-6.564839999326048,0.12149915317929294
train:3876,0.3446420355401354,2.1945773173442245
train:3877,-0.9420833643423577,0.028969316144066726
train:3878,8.471002045466097,3.58873336432848
train:3879,1.2676729197440562,0.45824642867868653
train:3880,-15.941338341785038,-1.9486154466489745
train:3881,6.173049129133696,3.1542735628923473
train:3882,6.123735438047008,5.154133027907732
train:3883,-9.725939651445902,-4.309092051233182
train:3884,1.7790310697729543,-0.04214959420820091
train:3885,-1.1726639231569873,-3.466509060496161
train:3886,-1.5160406588047266,-9.971299600379405
train:3887,-8.661958759328323,-3.3588186948467778
train:3888,0.1818839578173996,0.08785078221400222
train:3889,-0.1558820495145395,-0.05969897808591157
train:3890,13.859210175703206,2.7770686803008644
train:3891,0.9098373977818716,-0.17935979831170007
train:3892,-2.253401683752126,-0.036198819505614654
train:3893,-2.3529416969767247,-11.793590581788168
train:3894,20.903028665318807,9.242279975699226
train:3895,-6.116021251962876,-3.579813129019288
train:3896,8.986681826639488,3.4309761874074196
train:3897,-0.4222224730307059,0.364593744073104
train:3898,0.5138187501926611,-0.13593591632755675
train:3899,21.282649708640765,6.450528900244706
train:3900,-9.848338213267269,-11.243361533032001
train:3901,2.8992695293008577,3.7313476669106214
train:3902,0.6719886833984576,-0.010183764836123363
train:3903,-4.03611462990169,-0.22440480641034888
train:3904,9.568073832999781,2.6372707874298653
train:3905,2.1292181344853054,6.608868133270591
train:3906,0.6823449304598466,0.22094015749006718
train:3907,3.6593489305261544,0.009559385647457674
train:3908,-0.6034433140270777,-0.6440151511285432
train:3909,-0.10544988560488716,-0.0606338343738822
train:3910,0.9720783240671165,-0.5390304190713331
train:3911,2.398691630163565,1.070214974507251
train:3912,4.396081620850158,0.17459821996765196
train:3913,-0.45553490114976813,0.17680832123626808
train:3914,0.7929641358730127,0.04139838955943971
train:3915,-8.560710178037885,-4.199693179723164
train:3916,2.853003830660331,0.06109549626659125
train:3917,6.761823544287856,0.4048424957393443
train:3918,8.010551552677285,14.513587775136612
train:3919,0.08077334049254983,0.3982415800603572
train:3920,-2.8918626530103357,-2.4269340315485546
train:3921,1.1625327550535887,-0.16613696014945256
train:3922,1.7581291221843727,1.4415273950022376
train:3923,14.004638840302647,4.9753407998728765
train:3924,-10.497160776126394,-9.066402082510056
train:3925,4.84199371037724,0.5361997191255163
train:3926,2.152425370442449,2.227542236033978
train:3927,1.1962252523954597,-0.05579734759305188
train:3928,-3.2039201737200385,-2.9524245545631658
train:3929,-19.6814668297948,-8.137835994974196
train:3930,4.654055407383237,0.006076571627573718
train:3931,0.2907655378846951,-0.02720191552257341
train:3932,-13.248042766426073,-1.5228816363176811
train:3933,0.6962052530347678,-0.03999124314841457
train:3934,1.54752614076597,2.6097960273523904
train:3935,-0.9221378661832856,0.04225299914178188
train:3936,6.911303956014859,2.6467263459170765
train:3937,-4.498666545182367,-1.363974042624731
train:3938,-4.044839717491244,-0.1649111114742718
train:3939,-1.8402950309221198,-0.22002319362222333
train:3940,-1.054087555950935,-0.41581516909903743
train:3941,-4.640838934752382,0.07698295303813463
train:3942,-23.574655121514937,-6.877580100314473
train:3943,-0.3904393876742501,0.11899053416573885
train:3944,1.1091973039523308,0.2921995174097859
train:3945,-3.1457665606731138,-0.4474906123923474
train:3946,-0.21556640007351213,0.0024224576400748293
train:3947,-5.606268690999387,-0.9232942298723279
train:3948,-4.732583228431948,-0.3105652305960256
train:3949,0.3659416029486653,-0.07860770549176632
train:3950,0.806205887070628,-3.574775775817969
train:3951,1.0638972368418034,0.5500587888351891
train:3952,0.9353231894099481,0.07247012797000588
train:3953,1.3501367830981121,-0.27785214390113555
train:3954,-18.732165026256357,-9.927786912041034
train:3955,-1.709811571504849,-8.46147345533807
train:3956,10.43632581665961,0.0038728900954078938
train:3957,1.4122115017415782,-0.1534943591667028
train:3958,1.382166971563954,0.0383005457353575
train:3959,-6.1633148809417895,-5.552177290800557
train:3960,1.6788915467467502,0.06969088139987002
train:3961,-0.696729386985104,-0.19973299243007225
train:3962,3.3329775612148023,9.595522977998828
train:3963,11.750100754752342,4.627882408097407
train:3964,-0.5626309694737015,0.143806596057533
train:3965,1.218316456341162,-0.05523469335838743
train:3966,3.070231407009385,-0.07821613723350179
train:3967,4.807413222557613,2.1063047998664057
train:3968,-1.2023210616772344,-0.4475040581736905
train:3969,-4.660197127167462,-0.24221879042541855
train:3970,-0.20380726753221295,-0.03751147728368423
train:3971,0.9536849495781953,-0.1769599938309782
train:3972,0.1353339627490466,-0.030932602699843145
train:3973,-0.6701623158525034,0.0211269304312032
train:3974,-4.27710780690097,-2.7994516505664735
train:3975,6.8641883900479765,-0.1880889814521634
train:3976,0.5893873209952938,1.9904630808548884
train:3977,8.84265813964412,0.3938556161175265
train:3978,-15.758973922475754,-8.364464675177091
train:3979,-10.702106188893586,-10.72270207568744
train:3980,-1.249178017851838,0.15222886229786922
train:3981,-2.6166739390372835,0.1358693052408128
train:3982,-6.668336916716187,-6.590404460415225
train:3983,2.1015425862340713,2.545352430291528
train:3984,2.7749229674261935,-0.0945389591319816
train:3985,0.5366087236085555,-0.11670160128806534
train:3986,0.03221200050043155,0.0149870588249537
train:3987,-31.27181795167901,-8.762811319168254
train:3988,-2.6713597400561553,-11.576532730006969
train:3989,-9.727681228581858,-0.8294993124391692
train:3990,1.4666490373598622,-0.016038350487562955
train:3991,-2.8888267483926673,-0.45901478828985104
train:3992,0.38824690093363784,0.039925987339365684
train:3993,16.959543849072205,10.138041495295779
train:3994,10.558460305920052,2.2860811021686835
train:3995,-0.003040930893679683,-0.3322767436056672
train:3996,-0.9543571594275709,0.050284374762701124
train:3997,5.773540818441849,13.230357212990251
train:3998,8.270477988428466,4.22734706195913
train:3999,-0.6954673711987854,0.0421086977324606
train:4000,6.786648224680661,0.7611565929611512
train:4001,-2.8481791005025086,-1.7500130532150382
train:4002,-4.407891137448163,-2.893999817076465
train:4003,-3.6271736287369682,-6.057238785822281
train:4004,1.5696389633280154,3.949241225716837
train:4005,1.0298397800627392,0.27121339895382335
train:4006,4.237101570677089,-0.024498778494575865
train:4007,2.238122030543665,2.9514044699527453
train:4008,3.873588023738552,0.21581749312436443
train:4009,0.1576513485625122,0.07435678151713543
train:4010,3.76263849516599,-0.23707119608316718
train:4011,7.150008814097114,3.551646404194407
train:4012,6.395189013015719,0.3969096987381393
train:4013,-0.7105818059798567,0.10735148065097772
train:4014,-1.6569821819926158,-0.7475222738461145
train:4015,0.19794356780332845,0.6096820197867518
train:4016,-0.7699307192981483,-0.0029962279063908137
train:4017,-3.4707073819739658,-9.922040534613984
train:4018,-1.563902648181052,-0.9751130585516912
train:4019,-0.8964697110657328,-0.022791199929206613
train:4020,0.018586344519042952,1.3300485288823298
train:4021,0.5502960972527304,-0.019006265978932013
train:4022,0.7439418311904782,3.0899583605604906
train:4023,5.212366170152602,0.6293682129419378
train:4024,0.4721399175487521,0.008042080937434193
train:4025,33.130376734464136,11.615353529806981
train:4026,4.445461330077077,6.527451609000051
train:4027,23.133266496266312,7.682802162343332
train:4028,3.8778847818513373,-0.0016409502113318708
train:4029,8.109445796910467,5.133652071380001
train:4030,0.32554628847829803,-0.3036733938602334
train:4031,-1.1420512650401915,0.1491692515708687
train:4032,-6.53290581611343,-0.10396384554504143
train:4033,-0.3841172209141641,-0.07454504660961214
train:4034,1.4729249449301385,0.2749221520315546
train:4035,-2.540927188993499,-1.2511921126662267
train:4036,1.1798044023041823,0.09220336352729148
train:4037,-12.78176965963547,-1.4425523300801981
train:4038,16.229764449630565,12.394606819087667
train:4039,0.31509182781040335,-0.06704643778366107
train:4040,-0.21874375553037267,-0.3766602691935198
train:4041,1.2718513566125544,0.47901106622711453
train:4042,1.0858554746740823,0.0955313905683187
train:4043,1.486876391135238,-0.9561637798105922
train:4044,1.4047361096516107,-0.12597897642357878
train:4045,-1.9152139971723732,-1.2788915635194613
train:4046,0.07519841074574819,0.012955319234047843
train:4047,-4.902424657422469,-3.764796836208412
train:4048,-0.2666074302289399,-0.03781085099348225
train:4049,0.9792738364358228,-0.2613230344713868
train:4050,0.1182382863863224,-1.4589627457160217
train:4051,0.2651479424343967,0.007442406222573111
train:4052,-3.2676430212868786,-0.14245309011107016
train:4053,-1.8278678133983415,0.12125866271882497
train:4054,0.9303791513271856,1.4695157339957348
train:4055,-0.36218257759327055,-0.3489254384594037
train:4056,-0.25000491402290664,-1.3039326728390401
train:4057,5.714615444037293,8.41469948106408
train:4058,-8.641812998395276,-2.889133371525533
train:4059,-5.513607582020273,-0.009158140607786261
train:4060,1.1995696290979403,0.19139546038980743
train:4061,-2.980095432512682,-7.141345101291703
train:4062,-2.452254366042359,-0.44269613922006384
train:4063,-1.9638052080483632,-4.574274815340253
train:4064,2.9234014841377167,1.465066428653261
train:4065,-0.1826379348527833,-0.07819466678159587
train:4066,-1.637009021302954,2.087967179348208
train:4067,-1.811008779524192,0.062473421365238674
train:4068,1.9196364583454422,-0.06152596374925601
train:4069,3.308854904707553,0.379494451687037
train:4070,-0.5772161549562831,0.060156146163105405
train:4071,-2.6781224151815155,0.010143652994838076
train:4072,0.14362156393044856,0.03296157191648283
train:4073,4.859012443062442,2.0965542188241018
train:4074,11.52752384937865,2.0771937202981596
train:4075,-1.0837217973345172,1.6215326679045752
train:4076,-8.742953719062237,-4.271387369791782
train:4077,4.354481359091453,1.7428913657606526
train:4078,0.9288713109518024,-0.20665635720487585
train:4079,6.658673919508652,2.488944916658315
train:4080,-7.353151918746218,-2.649139655998017
train:4081,1.704568186590072,0.1846085863449773
train:4082,8.466713655849961,0.8667615428898636
train:4083,0.15314084509781645,-0.42014132249727304
train:4084,0.7170804679257208,-0.3247676135449782
train:4085,0.8536754869374109,0.12649192487748506
train:4086,15.247893386967142,5.82833888570521
train:4087,-4.051763718635337,-0.2670755463132669
train:4088,1.642907708530732,-0.0340590143511291
train:4089,-6.852498238222604,-3.6693102468901997
train:4090,3.5824424463217617,0.09241154131429305
train:4091,1.356634455829587,-0.20180804740941627
train:4092,11.164532868564194,8.53634806568609
train:4093,10.800815688207198,2.738864971346063
train:4094,6.376026085522449,3.3974911274043835
train:4095,11.54571138209583,2.1880708431214613
train:4096,23.27808054127853,14.92974191207599
train:4097,-0.2544035469594819,-0.5156810529672127
train:4098,-0.004594623656952318,-0.055061859787064904
train:4099,-3.6898160104031255,-11.322311166575915
train:4100,2.5400680827189626,-0.11837326499451553
train:4101,0.5201246448759297,-0.10935503322037837
train:4102,-0.19150139320984516,0.04803457812370079
train:4103,-0.8895894120708058,-0.28158411502569536
train:4104,1.836296459883883,0.19788474398496458
train:4105,2.2890540958989756,0.010293197188927086
train:4106,0.3843359072705475,-0.0532055573272642
train:4107,-0.5971056887940149,0.05479409695821223
train:4108,-0.4562211759895469,-0.012104549982046894
train:4109,-2.3509820740114153,-1.6730977628218136
train:4110,0.3518667214179931,-0.1609612259624275
train:4111,0.08568704277495964,-0.016305411523894572
train:4112,14.525865075088408,4.401705677340612
train:4113,-1.0835085168990877,0.19229208358069638
train:4114,11.15185924530575,10.27836266801788
train:4115,2.325741585208231,2.9398888893690445
train:4116,-2.418958442458355,-2.8716306020674924
train:4117,3.2688641838043417,0.05016079483603325
train:4118,7.530144055046505,5.892072887897101
train:4119,1.958803579703447,2.497836108981142
train:4120,1.5566178150003975,-0.051477649596469055
train:4121,7.306156593070973,7.200706204516408
train:4122,-4.613588320164325,-0.5372246898686794
train:4123,-5.659397951641543,-12.749453388710615
train:4124,-0.9223879912497949,0.20418036553053837
train:4125,-3.39359354501927,-5.501255370633703
train:4126,-29.54869428066816,-10.266386067515118
train:4127,-0.2018511314405071,0.04340316625725439
train:4128,2.8256207148753316,7.863936880878489
train:4129,-5.252980982049458,-0.4248781250371116
train:4130,-5.97474801086615,-2.366025854681266
train:4131,-0.6163854265530104,-1.8195209663703107
train:4132,-2.712881663387895,-0.4814144613817601
train:4133,-15.302475219771194,-3.5320026411186687
train:4134,-1.4815644285058513,0.17150697420603256
train:4135,-8.882813614058243,-1.847075331179769
train:4136,1.2284102580493084,-0.08187991649087861
train:4137,-12.861853383067603,-0.77455578403824
train:4138,-5.88228542122421,-0.8680368476893849
train:4139,-2.3001155618798554,-0.04480376291316385
train:4140,-0.30198251842830265,-0.22406784157711424
train:4141,-4.997321549756309,-12.038002787923197
train:4142,-0.2435559994073241,-0.07809109503353134
train:4143,0.5067601557274622,0.2538094934371165
train:4144,3.039717078728215,3.0862894098487508
train:4145,2.1444511229689045,8.559067085001198
train:4146,6.459368873482892,5.7830994309225225
train:4147,-2.4960932006546734,0.12334600436043075
train:4148,3.9562571477187487,0.2132506685003278
train:4149,0.12837474418155473,-0.03328825365986807
train:4150,0.6404292228691225,-0.014599188236220376
train:4151,-1.688140303370159,-0.29962450174624483
train:4152,-1.6957294837687291,-3.325010365448268
train:4153,-0.6385810042485849,-4.496525529851732
train:4154,3.597827462494484,7.976205802564211
train:4155,-5.796819824613802,-15.195136729965606
train:4156,0.5021700353154808,0.023787590203021403
train:4157,-0.867517153471684,0.10811806851354605
train:4158,7.092585119924575,6.3667647496847035
train:4159,6.42928040869786,0.3715989604876487
train:4160,14.474727981565197,7.822171502141073
train:4161,-0.061779002071153666,0.027562252574975535
train:4162,2.7114223499370325,-0.09274014897861338
train:4163,-12.723718328214256,-6.75079458524576
train:4164,-3.9009336543654425,0.10131200658977009
train:4165,-1.0516327969338923,0.05515627708961548
train:4166,5.854005308471512,-0.04049515679455898
train:4167,-1.367081534681486,0.11873741822358534
train:4168,9.459626484925273,1.7681846993923225
train:4169,-0.8462025925066581,0.1036143024068527
train:4170,-3.444757138781869,-2.7944197184759347
train:4171,4.878020553367705,6.27079225764761
train:4172,1.3642986040106377,0.053532939732554886
train:4173,2.3968147623317844,-0.6113264237669618
train:4174,-0.8141640355441673,-0.11582416597612219
train:4175,-5.2588342805389585,-2.788866218464013
train:4176,-0.14639403398048523,-0.04797842958343437
train:4177,-2.9797802191389025,-3.1235653127141476
train:4178,6.103552483795521,7.079076451121319
train:4179,-0.41357711861755886,0.031232166247182627
train:4180,6.926719656675294,0.5907172623477671
train:4181,6.991671278500097,2.01120995713247
train:4182,-6.35975836603007,-10.478348075162895
train:4183,4.443887587790583,1.3146131998828987
train:4184,0.6365178805186718,0.18611651110674285
train:4185,0.7558199823507855,0.738685375473024
train:4186,4.367744496447171,8.766534706490539
train:4187,0.9423794592927445,-0.18340394695375595
train:4188,-0.47067438330622646,0.9276647266288021
train:4189,-1.3897242458021815,-0.03865657994040153
train:4190,0.15291013029436806,0.03378850530168379
train:4191,19.049034724378906,8.295909819074593
train:4192,7.25066137245955,2.7728627543002613
train:4193,-6.338008178322815,-5.073584511824146
train:4194,0.02965449494119829,-0.04424802772778466
train:4195,2.0630025209791416,-0.13312021992046433
train:4196,2.41294596945571,-0.07898058518392004
train:4197,21.390681421381707,4.642109114714466
train:4198,-0.9639650071844742,0.23438765076287194
train:4199,-1.8153959638924348,0.12362019843726267
train:4200,-5.976933118324502,-3.667779781720453
train:4201,-16.705833984658607,-4.488785039622416
train:4202,-1.5847097528076115,0.19384273525505885
train:4203,-0.7577100409208322,0.607501306644997
train:4204,2.477686519198366,0.034915454370327795
train:4205,0.03618168986918509,-0.5997772465625046
train:4206,-3.8354092554366623,-2.3303238456907334
train:4207,8.22208669163909,2.7179506112775336
train:4208,-6.706355926825596,-4.878806284063236
train:4209,-0.4893529259413747,0.008714156013373414
train:4210,2.9069141509897274,-0.14639017181521638
train:4211,0.056292117149714785,-0.10400172199009808
train:4212,-42.940738099101885,-16.63641264386924
train:4213,8.217638370753662,5.102854455715862
train:4214,-3.9867400347560564,-0.007074329821228145
train:4215,3.45743895746015,0.29520994582253685
train:4216,36.79496373305626,15.4547405406177
train:4217,0.23722436124081583,0.011168956236352667
train:4218,24.16553357558303,7.350360247429116
train:4219,0.6432269740196545,-2.0791169904967295
train:4220,5.143742637964805,-0.0718299617387766
train:4221,0.12881141698586482,0.029337095712262715
train:4222,-0.14701655714787543,-0.011030028761080168
train:4223,0.23750889012688214,-0.04906261607427903
train:4224,-0.43164598140309074,-0.046356590164878864
train:4225,0.13309027581415117,0.30700521292425476
train:4226,-19.687209478161943,-9.594627127930865
train:4227,4.535845743051179,8.69204179665122
train:4228,3.4848276522429154,-0.25202789806502757
train:4229,-0.33617782294383536,-0.27224129424359156
train:4230,-0.5734997869548423,2.563179895753143
train:4231,11.236114199400935,1.606556992034984
train:4232,-6.868697788069164,-4.671377466314215
train:4233,0.374130525607081,-0.04400397074706655
train:4234,-0.552441394970572,0.024158472643835027
train:4235,-5.649689565695731,-14.535028042769701
train:4236,1.7653195204717935,3.1056213762126914
train:4237,-0.18952578874051834,-0.26012621727104224
train:4238,-6.210583404430756,-0.47036987546229475
train:4239,-4.588440057901092,-0.13355184020113808
train:4240,1.9324960481960858,1.0344009767808635
train:4241,-6.86842534701159,-1.4666544459483162
train:4242,-1.6350140646851261,-1.664601170299464
train:4243,15.011725113202496,5.389843495275621
train:4244,1.2192539604240915,4.250167370449343
train:4245,0.09057622071302304,0.06146142124425716
train:4246,-8.685086494567301,-0.5849176965922585
train:4247,-9.162180067525073,-5.619333440502878
train:4248,1.249708546937517,5.493402118545605
train:4249,-2.4606972493282484,-0.03698826876298647
train:4250,2.5108411081722983,0.04304205608192618
train:4251,4.038882104633298,4.052420656553823
train:4252,3.61047505043002,1.9981239663522214
train:4253,0.42775852540369375,0.30729274578682225
train:4254,-4.884631373880754,-5.354150961717426
train:4255,-38.662401836939594,-13.517014198003192
train:4256,4.5974997122797925,1.3071673042262448
train:4257,3.3022014849551105,6.198685207194835
train:4258,9.881930580489021,18.3177660980378
train:4259,-5.848111735325021,-0.05268213481535142
train:4260,5.797636974709709,10.114006002025935
train:4261,4.336066017298828,9.753025077391596
train:4262,0.1538632090793941,-0.8022567328299797
train:4263,-0.5084397233609624,-0.20801771581696127
train:4264,20.9471994502982,10.251783247184006
train:4265,-3.68053162828753,-0.24179412485923257
train:4266,0.2729199512389236,-0.035276267712507026
train:4267,-0.2108938151008019,-0.01692263351838641
train:4268,2.4389255023860783,6.404686846200553
train:4269,0.0333761513676048,0.1246510654503675
train:4270,8.77309268666683,7.99250850928848
train:4271,7.8985141195403505,12.956989427569884
train:4272,1.9579155892256912,1.633442277645513
train:4273,-23.434004868502083,-10.211919311541228
train:4274,-2.5312427462464333,-1.3582530588218622
train:4275,11.511056507639323,12.826169464794194
train:4276,2.0599175676727803,2.216522259104239
train:4277,-9.964890915262824,-2.10051012024364
train:4278,-5.42415160725773,-1.8590288804501889
train:4279,-3.5596668259353343,-10.015565537794611
train:4280,-0.7307695256252696,-0.1220008084061508
train:4281,1.3660064747017566,-0.2853964398514911
train:4282,2.893327896680061,-0.19541901869849093
train:4283,0.2970433051208934,-0.09695242338526155
train:4284,1.3746313727897617,-0.04698354875965363
train:4285,2.101542121317591,-0.015544030780891463
train:4286,-0.07816428605167308,0.16559603753464053
train:4287,4.018009214324747,6.679618194098588
train:4288,-0.8032775512367675,0.16997144457753077
train:4289,-1.1593762614569223,-0.5386921702908083
train:4290,-8.650256811514126,-0.11162294778224949
train:4291,0.7843335425581215,-0.3603748244272616
train:4292,-0.5145912657727048,-0.1025141977241634
train:4293,-3.1190338630443346,-0.14408493361892738
train:4294,-7.617157531697312,-11.936850567196398
train:4295,-34.163873690948584,-12.40369836700662
train:4296,2.1563488006213927,0.35411473693490836
train:4297,0.7980922808820533,0.853136008926171
train:4298,-0.8048759922112882,0.13614927708045
train:4299,8.491173841722054,7.9492486159054385
train:4300,-0.15780285195372729,0.3993744495526165
train:4301,-3.7205809286672853,-7.649196471113908
train:4302,14.076565139167919,1.1333266902458954
train:4303,10.145614471235607,3.1874247965999687
train:4304,5.872579186783988,2.380197862389216
train:4305,2.2694787874875018,3.2965295015197533
train:4306,0.14804129245232656,0.04653835154835573
train:4307,-1.9723001619800686,-0.0643751854466999
train:4308,0.11738353743692223,0.626978216391904
train:4309,-0.18865755721318367,-0.1367597111749376
train:4310,0.5085008030304561,-0.12279475147903782
train:4311,1.8853472407008485,0.1817834029940194
train:4312,-0.9111074902251709,-0.03353573450002634
train:4313,-0.5792043121705834,-2.2671834551292775
train:4314,-1.0111961048967606,0.1107453099906203
train:4315,-5.682231859664844,-4.915172807106777
train:4316,35.85602956703298,14.45652002727469
train:4317,-5.907608027167631,-4.845425366451504
train:4318,-5.48010848993429,-0.030803601662395028
train:4319,-0.9559424083969575,0.09351320375436345
train:4320,-0.47968963689417177,-0.10105310137328236
train:4321,1.1609490170627637,0.02197654688519514
train:4322,1.1034937085695506,-0.10238872754176295
train:4323,4.926479727963232,12.44414435875422
train:4324,11.802482894610334,1.4176231496775982
train:4325,0.1961865321943969,-0.010550189126624296
train:4326,0.7957057483585241,0.4574570150865172
train:4327,-0.6383589485145859,-0.681536656089895
train:4328,35.87043825859665,16.73328041533106
train:4329,0.02265901288822736,-0.3440989736004763
train:4330,0.760399060996355,-0.21007648963136333
train:4331,0.8587154140442766,-0.2265605182451501
train:4332,-7.427656179495865,-13.120837139610604
train:4333,-4.420287670484229,-4.874900231085266
train:4334,0.44389101104794104,0.1623720458893103
train:4335,16.217020159067086,5.3950568919164885
train:4336,-3.0997951541647435,-0.12396139591806604
train:4337,0.8611842367848545,0.3526001071150725
train:4338,-0.7233164495263661,0.03103279776519896
train:4339,-0.31301242946993685,-0.2534444129127817
train:4340,8.678013547072634,3.1947558503045674
train:4341,4.761347902920182,5.231108806484399
train:4342,1.2453348451472084,-0.04069991072212037
train:4343,2.5606118121593187,0.10851420191773077
train:4344,-0.36276104992413327,-0.07056495267124907
train:4345,-0.7091721792109792,0.037286441367428404
train:4346,-2.1627806282894486,-0.14893074685021185
train:4347,0.6338702973913416,0.044092538956406864
train:4348,-4.5607491674060014,-5.790190303641948
train:4349,3.0887866886626405,0.1419859231350313
train:4350,19.339315557141965,5.49695380207152
train:4351,3.1745912093873327,0.04383125568288051
train:4352,2.537348786224515,8.750420312035478
train:4353,0.9731636715908449,-0.23920757737821258
train:4354,-2.59656909075452,-5.557371856214504
train:4355,1.8719669443920437,-0.5718510363517653
train:4356,-1.2833447300038197,0.004703425666061509
train:4357,-0.35323839811228175,-0.045753206268957625
train:4358,8.719535237946134,10.359302705183001
train:4359,10.014686551662978,9.295568924025703
train:4360,-2.278706622869288,0.04505952959183142
train:4361,-0.9672403437896003,0.07372465146799793
train:4362,-1.9250183883714076,-5.461741179478185
train:4363,4.997326490760782,1.6028345435194922
train:4364,13.348632387986829,19.431593225377437
train:4365,-8.851165819397613,-7.055969454221871
train:4366,-2.1958185232267753,-2.2498172120664126
train:4367,0.8841275164101938,-0.022563905593664224
train:4368,1.4702553944991048,0.5262561893376789
train:4369,1.1652701832907755,0.361419541050466
train:4370,-1.6533896561186685,0.17073475124146897
train:4371,-3.926713738125676,-10.971071122048802
train:4372,-0.7911464855110679,-0.023630544804878112
train:4373,2.4375112264523957,-0.2332931811821779
train:4374,1.7140080832683946,-0.0639492002680214
train:4375,38.581053832520176,13.175202261268891
train:4376,-3.601660407036542,-4.446703239208405
train:4377,0.001072708240348802,-0.9963927729546467
train:4378,6.65874737631257,2.0233538159234383
train:4379,-0.011304879449136163,0.8571202400280242
train:4380,3.136646120998323,-0.0028868070651160566
train:4381,1.5811684271279471,-0.03985849726470378
train:4382,-0.46763667713719625,-3.621990512176002
train:4383,-4.20388253138918,-0.21086465494144507
train:4384,-0.8233342806637994,-3.4398759991977226
train:4385,0.11869181241305064,-0.025639993644220482
train:4386,-0.6028227086401696,0.04372975251656109
train:4387,-9.840576897541794,-11.856442369530981
train:4388,1.4492002569301978,3.9457914020092666
train:4389,0.7081928920262329,0.05455146658559418
train:4390,0.18664191307884173,3.6550090115114418
train:4391,-16.578671888578032,-9.057483499311708
train:4392,-0.30525483307630547,-0.313574910039524
train:4393,-0.5807094792762038,0.029835909234449412
train:4394,4.052571570401635,1.4668596750350391
train:4395,5.953917719796992,2.0239501381092646
train:4396,2.2418157919812414,1.8539891848570338
train:4397,1.1367187323902788,0.0022137805402382416
train:4398,-3.5514684887181884,-7.140062295288128
train:4399,-1.4513167298262486,0.09212893024967075
train:4400,13.772775693147436,2.2938575429221215
train:4401,-11.922940603202425,-8.656130706732094
train:4402,-0.04622307097728706,-0.025256343060911304
train:4403,12.532990353260436,2.907704325310025
train:4404,-9.06311008486226,-2.7195821401196403
train:4405,-4.295791405502843,-5.841771316751031
train:4406,-3.9615122717746574,-0.1284403033786158
train:4407,-0.5837145831770388,-0.3655313707353408
train:4408,-1.0284010366324021,-1.3834419647406075
train:4409,31.14621175798186,13.380611001948225
train:4410,6.359088248304855,12.81435144329328
train:4411,0.09603480511057944,0.2303281660837404
train:4412,2.0853101435465167,4.149299900699316
train:4413,-3.71115707160754,-1.722828893207546
train:4414,-4.388412066748153,-8.610855301425286
train:4415,-15.232765642684948,-3.89398504463925
train:4416,-35.66454970336733,-12.231443998572729
train:4417,4.607938946932951,1.395178609760942
train:4418,-28.718070777274118,-13.65399596648467
train:4419,0.072233173433116,-0.012451322745969468
train:4420,22.313270983616512,11.927454295787273
train:4421,0.0736931274110077,-0.5986845360882622
train:4422,-2.36060026616001,0.03418931084739622
train:4423,-1.351390835922834,0.18651061159438498
train:4424,0.06584870786464285,0.34005715470811204
train:4425,2.0608908703247084,0.004859924574638311
train:4426,-2.4765253309068878,-5.056095437803865
train:4427,3.142938300645417,-0.11761134927347491
train:4428,-2.4202539322312693,0.019558731477210003
train:4429,-8.766980602774504,-0.14686105948384434
train:4430,-7.969907332279302,-8.891254552849238
train:4431,-3.6176042528188264,-9.918922539950488
train:4432,0.2824344670123664,0.11810999598117805
train:4433,1.3255873332617636,-0.019829597178680325
train:4434,-1.1489464413624946,-6.90349072727104
train:4435,-2.720279181967379,-0.10288957398049223
train:4436,-2.435053851013282,0.08060471868696462
train:4437,0.43371968451667114,-0.10718066848466881
train:4438,2.201449883478266,3.550904567982375
train:4439,0.3698396951794217,-0.14186350864851702
train:4440,-23.360919997767404,-7.931618652823749
train:4441,3.1756275082223686,10.383384991198529
train:4442,-5.819762523093542,-0.11569427330861154
train:4443,4.993615527413427,0.6257456269934503
train:4444,0.0475093799165798,4.807963719211478
train:4445,-1.049942941756393,0.14795338915238831
train:4446,-3.0462934954217067,-0.3583996498475232
train:4447,1.6030471642420605,0.26797984903422273
train:4448,2.178818214123982,-0.21147442290861407
train:4449,1.160617531612167,-0.06038867177188656
train:4450,-1.305884927040565,-3.9397129700353983
train:4451,-20.22085177247595,-14.946040684116454
train:4452,0.20372143359386854,-0.08469639753242608
train:4453,-0.7526711598760476,1.4063824764747792
train:4454,2.425490345932575,0.10398846604629647
train:4455,6.453526732988922,12.949870082507333
train:4456,9.004975360314223,2.469376276010574
train:4457,-2.918220627955831,0.16666185644619685
train:4458,2.2188851813299957,2.2567180836099667
train:4459,-1.0458386590665345,0.14647656444720408
train:4460,1.9848691221827077,-0.005679677742607497
train:4461,-1.6646321502210113,0.10743065740053116
train:4462,-0.49917417036282763,3.315634922517404
train:4463,3.2769267654091814,-0.2565975378007413
train:4464,-0.07022513977240627,-0.011687088786766234
train:4465,-4.059694263959715,-0.1458664996468861
train:4466,4.027739451345142,13.152491801602384
train:4467,-1.0026179309150458,-2.9357326691492
train:4468,-3.4243194102990673,-2.704308303157136
train:4469,-2.2645638635324628,0.05001110798113424
train:4470,-0.5381961796643564,1.944672384702337
train:4471,-3.1885202802199397,-12.125351148673795
train:4472,2.298058133376829,0.06268388172520031
train:4473,2.738197354965537,-0.06558573375000754
train:4474,-13.51378902668016,-9.78604597893775
train:4475,6.687805586176813,14.6811571625699
train:4476,1.8080416256979457,-0.01746246202344988
train:4477,2.902249643940866,2.6115647360748473
train:4478,1.3408393833210632,5.246879103065725
train:4479,2.2882177111505553,0.23385224474291866
train:4480,1.6342016825168795,-0.12146907590205516
train:4481,-1.8848582054110539,-0.42464540959078895
train:4482,1.762603013476229,0.8670756819934973
train:4483,0.6152849123959736,0.03415846044723238
train:4484,13.92066934492649,4.690410641123126
train:4485,4.0106491215219435,1.025721065117656
train:4486,-2.0764549361901157,-0.8080936285409783
train:4487,-0.1294642165721796,-0.3613320427972007
train:4488,1.112440328862062,7.9101059134991765
train:4489,-8.252727185363288,-0.486496039434181
train:4490,3.508245960282206,4.618378915578034
train:4491,-3.8974472456781686,-7.783026576980728
train:4492,-1.0695970535113113,0.06648361673451306
train:4493,8.797669101659048,1.5093601849264173
train:4494,9.791708888283093,7.543327253546187
train:4495,-0.50085763293872,-1.2585487026558166
train:4496,3.6709788162858747,0.5975865230103758
train:4497,-5.585988104286994,-0.028511185106405337
train:4498,0.8147089770407419,-0.07150244818420484
train:4499,1.727953020642767,-0.13886117623673397
train:4500,-3.5830260895816015,0.12623053460835118
train:4501,2.488544178683975,0.02625936706239139
train:4502,-4.57795991059765,-7.521837459588969
train:4503,22.568476657424693,7.184714498357953
train:4504,-5.495346127582693,-2.1260959085358224
train:4505,17.523098869741613,13.293916598350695
train:4506,-0.2658937253168116,-0.14312705544274198
train:4507,-2.33134981333108,-0.7751386961079254
train:4508,-6.543057267465158,-0.17809211435398492
train:4509,-1.6375419318187276,0.12858461629946605
train:4510,0.37622357960229424,0.20516572374525122
train:4511,3.281379735459415,4.951648833833526
train:4512,-1.6622442229480408,0.13038057323663416
train:4513,1.153557309939286,1.8500129427605407
train:4514,1.567648888333233,0.17840383973537746
train:4515,-2.9425724882879667,0.04415288447903949
train:4516,8.52143432560487,13.391392735325253
train:4517,0.7366018460254563,-0.03299487170409032
train:4518,3.721585440104835,3.468379854539706
train:4519,2.5466652475772644,11.115430106518442
train:4520,-0.6858752143730991,0.17419234996318433
train:4521,-2.578514989067244,0.2103279764857307
train:4522,-5.359152099035435,0.04214664550792225
train:4523,1.2715970472977207,-0.009756495710154786
train:4524,2.7161379977987488,0.4720003573713847
train:4525,-0.04650928518559516,-0.0704669446947748
train:4526,5.273880664437065,12.2325452802071
train:4527,-31.064137900173517,-9.148987854779406
train:4528,0.05334012995677685,-0.06312355083011048
train:4529,20.21609968805194,7.8790686276742266
train:4530,8.048445965169918,3.749824524379385
train:4531,4.419405085927426,3.234060044747757
train:4532,4.683015054953613,10.998222267590306
train:4533,-6.893068245060519,-3.6385788258419036
train:4534,-8.122419464375646,-2.848554930727369
train:4535,8.016286762380739,0.977408411165815
train:4536,-1.3753593726167974,0.20037410378916787
train:4537,12.538481016895147,2.82341689489892
train:4538,-0.7394763071284028,0.5899481065906187
train:4539,1.5135804964004658,-0.7196564804884127
train:4540,-3.5054189762410943,0.14442923916280506
train:4541,2.3526597845127295,0.06284344784119225
train:4542,-7.097022920807765,-5.644036015720312
train:4543,1.1146802964651135,0.2745021586068963
train:4544,1.3661180546570764,4.226028876074673
train:4545,-0.8805901399868777,0.15677032652360673
train:4546,2.0113872608557357,-0.043768758736568825
train:4547,-0.011698315020759714,0.055414457490524205
train:4548,-33.10125314445295,-15.014790640388163
train:4549,1.952166432027822,0.09119050744144995
train:4550,0.36857558726894085,-0.011303687859874567
train:4551,-1.7168216984269558,0.04986366803399283
train:4552,-0.6418303055308029,0.13238388766114625
train:4553,-0.012396852032711736,0.2455122693967507
train:4554,11.848658399453644,6.106769417951077
train:4555,-0.19829690306164083,-0.03712839734361506
train:4556,-3.142755296628912,-0.33374582896190863
train:4557,-34.39779734794537,-10.561892528075488
train:4558,1.4216534905440628,0.06521122497006773
train:4559,-13.580547313948188,-4.316471894934803
train:4560,-24.75021875845152,-7.908459096927341
train:4561,2.405698386441188,3.248716445724554
train:4562,-3.8647161956179725,-0.26285610320091596
train:4563,2.5419974861130394,-0.13997057802574722
train:4564,-3.648128344346087,-0.8109863617854742
train:4565,-0.6968814146742277,-0.14558007240559614
train:4566,-6.869429101692991,-4.900266464390849
train:4567,-0.14635451607964267,-0.1252913869845514
train:4568,-5.924878744585263,-12.747711785542059
train:4569,0.5434111490929986,-0.14580961364889614
train:4570,-4.0662728321587975,-0.34070917442871645
train:4571,0.8256549706576457,2.3336781694975333
train:4572,-2.552456420335191,-4.9775834876250515
train:4573,-5.811853363927267,-0.0972022937939874
train:4574,5.165496545003904,2.4985748066553537
train:4575,-4.5365177204423155,-6.747481430594176
train:4576,1.637725052064353,-0.09518004114694698
train:4577,-1.4854325336236154,0.08562349031778037
train:4578,2.0488490685632645,-1.4541894576740242
train:4579,7.693494320136279,3.6396358826251736
train:4580,-24.68724117200292,-7.73249098228737
train:4581,2.142055408344885,0.12666885994709523
train:4582,-0.034274426855623846,-0.05406879788861174
train:4583,11.881504748801005,3.492549448970957
train:4584,-30.37910764181301,-11.242563773782447
train:4585,1.5324793513328112,2.8405595884725052
train:4586,-13.311423900379745,-3.9604632701724207
train:4587,3.3831587864541044,0.17515959025502637
train:4588,10.309025175467845,2.468247829003425
train:4589,-0.1807127738215908,0.14256466237602397
train:4590,-0.5133728359064331,0.15959657983063963
train:4591,0.1550021382275002,1.0297547995205814
train:4592,-21.23387502883179,-7.599981915521208
train:4593,-0.6122800978010708,0.11087816286993857
train:4594,0.30378354802606955,0.25556279479209276
train:4595,0.09769630038276811,0.0717668101766753
train:4596,15.667739004182003,3.4789213471126845
train:4597,-3.11115213395041,-0.1456292903850483
train:4598,-0.07786569344207164,-1.1704743410430967
train:4599,-0.05285074597962203,-0.1584851157809536
train:4600,7.486315448596762,1.0294763256194492
train:4601,-3.496280112983896,-2.859246217150854
train:4602,0.6996688808144965,-3.839278903826171
train:4603,1.1986432830105431,0.31873549802701484
train:4604,-0.6716692263949257,0.05409488066316932
train:4605,14.845755508661583,16.848225083169257
train:4606,0.12590336440033417,-0.0922049569498751
train:4607,-5.7770766813528684,-15.013165448440574
train:4608,-0.12608909726742612,-0.04383010288487149
train:4609,4.728610344029258,2.7658572525640968
train:4610,-9.321851913421126,-4.108496115640219
train:4611,-2.523534198541495,0.4939969423446212
train:4612,-0.7361788288758929,-3.3842805108950653
train:4613,-1.1141367497179804,0.2684014117277911
train:4614,-15.598133276547722,-9.516902094780045
train:4615,-13.488297656054316,-2.0378423649457345
train:4616,0.25105283703682274,0.19877651670831337
train:4617,0.6904937540718191,-0.22898782059700068
train:4618,8.735241976323362,1.096112048686867
train:4619,1.0017351139000032,0.10715457306796665
train:4620,-2.231317221095391,-7.16311228768245
train:4621,0.7931029134424421,0.37574304302711387
train:4622,5.684017430789633,10.998988070818418
train:4623,-0.4331103520875472,0.15970949586175953
train:4624,-7.085572957725999,-6.07033162432141
train:4625,-0.4799989225828247,-0.5522878168148044
train:4626,6.713009638417706,1.0621146937150985
train:4627,-0.7861711236804317,0.04269171679775345
train:4628,6.203608554313475,12.917625315586491
train:4629,-10.248022262388746,-7.770876441114119
train:4630,0.19786778641700686,0.06843361168128535
train:4631,-3.374787208466544,-1.0026873958745504
train:4632,-7.694330877961511,-5.937782612528446
train:4633,-1.3392474499104012,0.3277192058851305
train:4634,-11.951775653156027,-6.531948337550324
train:4635,9.003503434736958,0.7393105151424713
train:4636,-0.27501695575735313,-0.023673735365107487
train:4637,1.7863576885891619,-0.21806189280625804
train:4638,-2.7421869763615234,-0.27000415875147926
train:4639,10.708342870402687,9.443523020726378
train:4640,0.5478438952763306,0.010138552870880363
train:4641,2.647314086607857,0.6405078822912722
train:4642,-4.5832739059697705,-3.4328248460023563
train:4643,5.412595005225116,11.867238879813375
train:4644,4.588144197942681,5.822397348290071
train:4645,33.85989392101077,9.682162599845315
train:4646,-1.043407145873517,0.16398297175590038
train:4647,-2.502828445707684,1.4122559646835446
train:4648,-7.476643034296762,-0.043050568553795104
train:4649,0.23849985960506898,0.125811967791793
train:4650,-0.705286407266956,-1.1007015067636425
train:4651,-2.0676164089793203,-2.782885306665313
train:4652,-6.320696083338417,-0.32756034156165964
train:4653,9.343005905123565,8.706488200915688
train:4654,-1.3063441482941793,-3.2996652459425655
train:4655,1.1596093602242012,-0.11630418393659056
train:4656,-0.9279514143137041,0.19755255828886514
train:4657,2.6592359399173318,5.847218046658191
train:4658,-37.41872793560969,-16.508460734017916
train:4659,6.667898792314743,10.568156989745603
train:4660,-2.598948068385241,0.3162165361047353
train:4661,7.749013716404687,6.127459229904657
train:4662,0.7536777634377593,-2.8587568905725322
train:4663,-11.983001303652363,-4.844544293288906
train:4664,-34.756612448931975,-15.012962299447125
train:4665,4.334111043498323,-0.1728203337766232
train:4666,8.192995007788252,4.596643685208729
train:4667,0.29748032661256385,4.343808499529314
train:4668,-6.3358221410315005,-10.22944490672887
train:4669,0.18048014250452832,-0.34114817740630804
train:4670,-8.813811639855318,-9.494763419640043
train:4671,1.5739206116551845,0.09761031522213412
train:4672,1.0628727933770206,-0.10106879406238306
train:4673,1.1959074819810378,0.013145521758988615
train:4674,8.026945437612692,1.0655190086242765
train:4675,-0.01083647609503191,0.07492910102167781
train:4676,3.680194855678836,9.095143040118268
train:4677,0.25284625236035346,0.09702073375958098
train:4678,0.5994015057561546,0.10664163612558934
train:4679,2.913145426577876,0.33695677865465223
train:4680,-2.1014786008365745,-0.13846950098286193
train:4681,0.5853359225550923,3.9262679848382978
train:4682,-10.748234272255885,-5.767134604815225
train:4683,-1.8016765110111055,-9.020027047679719
train:4684,-0.5760615929915202,-0.1996537800153163
train:4685,1.7588504401038692,-0.18200134153497743
train:4686,-2.0211747394509243,-4.561129477663042
train:4687,3.5119852835348713,0.02451508900364803
train:4688,1.3989834655801374,-0.01804070195160752
train:4689,-7.63605917612854,-8.780055587238564
train:4690,-4.22321282881543,-0.026915416950878443
train:4691,-6.480324227085303,0.12540488517044027
train:4692,16.59068469244087,11.128537781741812
train:4693,5.899957188487702,0.11457575273928687
train:4694,0.006898227970140225,-0.09638748657763699
train:4695,3.2416303062095833,0.3710059908308579
train:4696,1.6490811020170582,-0.15950715565643925
train:4697,1.6028372544511145,0.12094152773818118
train:4698,2.0008403980373415,-0.02385684051475044
train:4699,-16.00018746988679,-4.991902067803754
train:4700,30.047567622911124,11.20161663763235
train:4701,1.3189002070644844,0.2270829893081243
train:4702,-0.767267329010481,-0.035579778585795224
train:4703,-3.117778123630503,-2.307349178204094
train:4704,-1.6066729884920559,0.12513557722635107
train:4705,-5.376503711920675,-0.08774737728042126
train:4706,12.712907452216363,4.205214093251527
train:4707,-4.481074105560228,-11.131221006075286
train:4708,22.43034625173615,5.463488429260265
train:4709,33.20550351838118,14.224587788799004
train:4710,-1.785560646131036,-1.636706702118951
train:4711,3.3113742871153855,7.049075453420254
train:4712,-2.121407943147949,-4.588631057972798
train:4713,0.19381231995760098,-2.1240741195364143
train:4714,-1.1395214220115477,-0.6418774502210054
train:4715,0.57946309757341,0.643972828044703
train:4716,-2.8428716139611145,-0.21190557954165534
train:4717,0.4617427578370792,0.145923254495595
train:4718,-0.6025933304716027,0.09099363552364138
train:4719,0.4800223440173979,0.3550222023473578
train:4720,-1.0903144292571345,0.01321007577551643
train:4721,-0.7080747438587578,-1.478653789338748
train:4722,-0.26766761414816126,-0.30089350531645254
train:4723,0.025196178351438725,-0.21105763935218097
train:4724,2.6429522401878014,10.261060764980328
train:4725,-9.342961911134731,-7.755562088481573
train:4726,-0.01949879995971726,0.12481594568153218
train:4727,-0.3071285627218426,-0.007423706144933345
train:4728,-10.192677674717006,-8.135248127880685
train:4729,-2.3432105301233688,-0.06850075774606681
train:4730,1.023882572739846,-0.15960345170319346
train:4731,2.6747181236344786,1.664067701711975
train:4732,-9.621800219479713,-7.879464713901681
train:4733,-3.21834746194293,-1.2761143855310704
train:4734,1.3003509693254758,-0.16793887317543843
train:4735,13.31179333590493,6.874770193181715
train:4736,-12.737679770123686,-4.983101607756091
train:4737,0.39044804801056743,4.8912433936607
train:4738,7.834130625654719,2.516702430461222
train:4739,-0.8889265573987323,-0.7132825381581456
train:4740,13.201091142899994,18.347318570152204
train:4741,6.283676935501751,4.435537973755204
train:4742,3.475099739804923,0.35855070349164625
train:4743,0.368260838811642,0.5130826761504912
train:4744,-0.1751821273695568,0.17019171286818036
train:4745,-0.22485624495775303,-0.0839907615009329
train:4746,-11.748304025632022,-4.771026042103549
train:4747,19.96823969463567,7.19016471194343
train:4748,6.437434578849358,-0.4700346225587802
train:4749,-9.33291878532296,-5.436651137500774
train:4750,-2.946031931819371,-0.3501138743371604
train:4751,-3.2943496835927495,-9.186807806155292
train:4752,-0.4900729653405498,-0.11312035130927711
train:4753,11.104178340898581,3.70991887196121
train:4754,-2.184921345840324,0.2215942573039456
train:4755,-7.525286315818568,-0.40446853457958654
train:4756,0.4405722047518882,2.773819152370543
train:4757,-3.8326681078676317,-7.867615307022565
train:4758,-0.3945076974514299,-0.40525727053290833
train:4759,-7.769744980263498,-9.74073462310682
train:4760,4.729535062908973,8.662560084298578
train:4761,1.0294390220565477,1.74834885504744
train:4762,1.8659348855157902,0.4579673841343144
train:4763,7.786318614800048,-0.2382488967349709
train:4764,0.35346533673619407,0.20576233125269716
train:4765,9.081593596300705,2.046575286611388
train:4766,-23.761369299415783,-14.28823054789137
train:4767,-0.8638616314146287,0.16818640119232814
train:4768,-3.5977899773363755,-9.748037715292657
train:4769,-0.26115500597475017,-0.026499881676532874
train:4770,1.0538376064949737,-0.09620873258269921
train:4771,-0.7415790662551466,-0.2374369784000231
train:4772,0.5232370282546404,-0.17415576378649
train:4773,-7.460885155106678,-3.316413054394054
train:4774,1.5047726536773838,0.1503058659093906
train:4775,-0.6207978326403205,-0.19108254022413107
train:4776,1.6678239774701953,0.9893474090336143
train:4777,9.418448832247343,2.3725170043784822
train:4778,-0.5666383170773756,-0.033487122829016724
train:4779,2.0018402009286578,1.9441506741201444
train:4780,7.018610399046218,0.41422686648236234
train:4781,11.249576321010307,2.311941797841748
train:4782,11.823287907112732,1.644205465117241
train:4783,0.6657592674762314,0.03670163904201047
train:4784,1.0025935821812475,-0.26892036457786217
train:4785,1.2927319180430334,4.4518520933442725
train:4786,-4.013873490391027,-1.642340520166906
train:4787,-1.6666579075556722,0.23055706535339537
train:4788,4.076776052209452,5.525573272488484
train:4789,-6.227364099877941,-3.1158082738308703
train:4790,5.786915535752888,-0.26635339729301555
train:4791,12.060985756098223,2.542958581899624
train:4792,5.131811951242201,1.784938499597831
train:4793,12.289164905061948,10.544543772473377
train:4794,3.227426177897332,2.5071427295827062
train:4795,2.8254254499535216,0.3024428488898514
train:4796,-2.6497053251438833,-0.09312379956192254
train:4797,3.1794844553446007,2.360558319318902
train:4798,-18.575720630567936,-4.902332192919739
train:4799,0.2791519242017926,0.10676814059886235
train:4800,-0.1078984263640031,0.39608055411038323
train:4801,-7.248434130678286,-4.726986079411394
train:4802,9.157030944426715,9.749341004633997
train:4803,-0.058083845884135676,0.22235321281317863
train:4804,26.644882955112312,12.794422298778654
train:4805,11.309449195202124,6.059425430899179
train:4806,3.1274779680028533,1.5596842136385356
train:4807,1.485890768196577,1.503534345428194
train:4808,0.5863106199564616,0.1650489333282667
train:4809,0.40551692097654973,0.1541069205311959
train:4810,5.63494968052113,8.015076878788221
train:4811,3.4872642795172184,4.341616373522759
train:4812,0.3714700410474169,0.01966847330530727
train:4813,1.6421071223513102,-0.02204786577866928
train:4814,0.11820179044260311,-0.12089886064446037
train:4815,0.36269323149940824,-0.016281836825041043
train:4816,0.9067140888658692,-0.1579741582573151
train:4817,-15.46457392969546,-5.3100567879174685
train:4818,3.6505555002139682,0.2143266876597996
train:4819,-2.1467907557755948,0.3183893315715348
train:4820,-0.8262788291930493,0.06480449900074003
train:4821,-4.876004383668587,-7.875460510286427
train:4822,-0.09553077626428882,-0.04076396542581315
train:4823,1.4326013438268888,-0.012634748882434946
train:4824,7.916173507135682,9.596489647647429
train:4825,1.946153899643749,-0.1073364540891956
train:4826,2.042742623050131,1.1590649829439745
train:4827,1.533362227729282,0.018171355099899672
train:4828,-6.042590483366705,-2.722083554762289
train:4829,-5.049308045689395,-2.6017075045655345
train:4830,1.3071038812047453,5.800714617098849
train:4831,-0.9437081312125869,-0.014115389764286834
train:4832,1.5472192958888393,0.03884183651372354
train:4833,-2.583209948145578,-5.027887971806199
train:4834,0.2466773918097124,-0.11488342492973877
train:4835,-3.4067762518238616,-0.14919745123451844
train:4836,-10.79110887008764,-5.671759576250437
train:4837,0.2879560475930306,0.028965392971791556
train:4838,1.9059311854167675,-0.17825137731575563
train:4839,0.5440232116395775,0.14196883950303307
train:4840,18.801379294214055,9.060792599641735
train:4841,0.38582933523503526,-0.048095161791221974
train:4842,0.8511923680150578,-0.014142602313795521
train:4843,2.2749378368015387,-1.238895321486932
train:4844,1.292694492266353,-0.09215071017687024
train:4845,2.0693439817731685,0.24050658689525303
train:4846,7.309498412732811,2.3141245082348427
train:4847,-6.560079719482204,-0.9830468541785662
train:4848,-0.6295761531668908,0.007915291142541178
train:4849,0.0792317936723303,0.03720294912837227
train:4850,1.3718530319022904,-0.07841814494047059
train:4851,-22.364544470745322,-14.142595545318157
train:4852,8.798165632460222,2.8860056161080814
train:4853,-0.33434884150954636,0.1656966134056949
train:4854,-0.4806161573252492,-0.11447145617564336
train:4855,-5.637758414056647,-2.3726390391899135
train:4856,0.1883232835305718,0.16639978853821547
train:4857,-6.015635090743766,-2.083753466821931
train:4858,-1.7920652926097183,-0.046737137875570406
train:4859,0.7405804850364595,-0.037545002574035674
train:4860,3.836001385956008,0.4738382565866946
train:4861,-8.050094267170106,-8.923202585285269
train:4862,-1.879719948468562,0.20001053271486705
train:4863,-0.9337872784351867,0.09871508053482216
train:4864,0.04517886982895092,0.0455582361184106
train:4865,0.3961051517452976,0.12023189720400783
train:4866,9.519771800174661,6.892117177035229
train:4867,-0.9165442235481437,-4.435698384324527
train:4868,-1.5185200583952358,-2.2344122698195124
train:4869,0.3371582749535188,0.038148504977093385
train:4870,3.162582416696005,5.460048591809395
train:4871,16.624047099081587,8.722601454084268
train:4872,-0.3159187386186656,-0.03474831571987658
train:4873,-3.6617290110666487,0.3818937211897213
train:4874,-1.683481026631703,-1.2321254954088976
train:4875,3.7110123095052923,0.8344221918519872
train:4876,-1.5089733471555182,-0.7352440285721205
train:4877,-3.8170394754591266,-0.13542758019630216
train:4878,0.20792648693087545,-0.03402559605638514
train:4879,2.0599787041899664,4.041459741199427
train:4880,-0.484104018876524,0.05151568021386466
train:4881,-8.267441791971128,-9.218161798978455
train:4882,4.625184558860636,4.9321773451974
train:4883,-4.896396085419819,-9.636670980569415
train:4884,-8.69102161835737,-1.0251402101181868
train:4885,4.5670430336422045,7.627458327709525
train:4886,-11.545518614833234,-3.4212268074704717
train:4887,0.5452481503365763,0.15892571737158545
train:4888,-8.420819598554166,-0.13442217813778343
train:4889,-0.14414035134125908,0.011507205016877381
train:4890,-0.749954536651363,-0.030353292815610444
train:4891,-8.273009631741603,-6.057199982081959
train:4892,-3.0234823683059497,-4.233928635586833
train:4893,-1.2450311953040134,0.16947134710805403
train:4894,-0.9796647718144956,0.06605848752069457
train:4895,-0.8204022848795229,5.565446398241978
train:4896,0.9228910902631244,0.16863435613574762
train:4897,7.317083060195696,2.3345555334790715
train:4898,0.14181792044434685,-0.0694108980487039
train:4899,-2.095753154379211,0.2346371645195728
train:4900,11.255261319733869,5.674589906902084
train:4901,-1.3529629510016465,0.07277492279058413
train:4902,7.522992709743447,5.170328453702876
train:4903,-0.007036132554300689,0.02686014739853
train:4904,13.807573761879938,5.478448412440755
train:4905,9.959878477609735,1.6966141962459802
train:4906,0.14052684737799695,-0.20719185238783538
train:4907,-2.4314084408896774,0.11538881236071472
train:4908,-4.962025090556711,0.2191907079769611
train:4909,0.0623262681501308,-0.04712406965750973
train:4910,-0.20730948337982325,-0.04385949101173278
train:4911,2.6204042558000076,0.24196536500797147
train:4912,-3.822060108532052,-2.708033462228018
train:4913,-10.728040160008865,-1.5107738707116447
train:4914,-7.362371212554543,-4.343759198707929
train:4915,-0.992411386960378,0.26439171567135167
train:4916,-0.9528548980499537,-0.2452445548752451
train:4917,-4.772315920688482,-0.05634309652173064
train:4918,1.8850376063248349,-0.2738053203688921
train:4919,-0.20363292385202525,0.015364254006610109
train:4920,2.545867915813206,10.976365490210874
train:4921,-0.7252752588878348,0.12896840954358524
train:4922,0.48927267100079624,0.5975015684980172
train:4923,-8.8920440658621,-2.168103810650249
train:4924,-5.26490097569301,-0.14210991953260024
train:4925,0.17307530149047673,-0.009561763704496323
train:4926,7.757396160548112,3.6256066185691633
train:4927,2.742522472983633,1.8426206875684494
train:4928,3.4701799936082662,2.800475610041822
train:4929,2.5831560772152686,-0.616298794969323
train:4930,0.1415899951397815,-0.49256565059150254
train:4931,27.47312794579211,10.643550374617682
train:4932,3.2783108217716315,5.6918164850319535
train:4933,-0.021814316490850028,0.11213939142600092
train:4934,-3.3042063778958406,-0.12792522652408841
train:4935,1.6811489487178202,-0.24075184498132723
train:4936,-6.532434855718683,-1.3698572317685769
train:4937,-1.6548518184498424,0.051987816164580196
train:4938,1.1277725770142477,-0.970301965395042
train:4939,-2.8004252042078996,0.19150038741556696
train:4940,-0.23198120625054336,0.07501537514652906
train:4941,-1.0779850766525017,0.044516312892530295
train:4942,0.62323289208837,-0.21779761365572153
train:4943,6.84030098127986,8.668335564530869
train:4944,-2.4147416499802152,0.23991383122967724
train:4945,0.09379158309216451,0.12098386233355052
train:4946,4.046799632296221,0.17287637532128208
train:4947,0.21275139016550965,-0.8709586837391221
train:4948,-0.38563982238780325,-0.6542774564963396
train:4949,-6.125218229780137,-0.15896843277265332
train:4950,3.469099062791103,9.643442173436672
train:4951,-3.4472030643857825,-0.15283273399509653
train:4952,7.101014055716049,13.139232335277168
train:4953,15.19659822184056,9.732034536450524
train:4954,-9.641819523130064,-2.8713381474069797
train:4955,2.47398345943118,-0.13334384074014904
train:4956,-3.727090689227253,0.024261616409469514
train:4957,11.217511031350188,2.5233390113427108
train:4958,-0.5458184853621622,-0.31452866888482045
train:4959,-2.1837541730160277,-0.1134029980391019
train:4960,0.5215779737939743,-0.14759208913951863
train:4961,-0.07387763987233834,0.02653423877807083
train:4962,2.266295039429034,-0.07294018382744735
train:4963,0.8991824418817611,-0.14533391117793043
train:4964,0.6256692869044329,0.17968236591465306
train:4965,-0.02296957583033371,-0.5706307157829722
train:4966,0.8383248745842454,0.009018344525509148
train:4967,-14.957065520583345,-6.395521234298151
train:4968,-7.7655616617719545,-2.5834646108251813
train:4969,0.8227228586442492,0.042008514178633743
train:4970,-0.23680773669285932,0.18146049025057037
train:4971,1.1727544087938728,0.9005467612371527
train:4972,12.699273311509206,2.8366070280704734
train:4973,-5.024794859338526,-0.6566759413645689
train:4974,-0.41307663602630007,0.11218803876221303
train:4975,-0.9760974676596154,0.08157053237070662
train:4976,7.7462158490250355,0.8492208256563607
train:4977,-13.214821694395429,-9.01707568084231
train:4978,0.9183105006389932,-0.2463047743500087
train:4979,-3.0035616269494643,0.12930376944270733
train:4980,3.7632493954213677,-0.06445051035438318
train:4981,7.260736112591997,2.689035832983856
train:4982,-1.731681475205833,-0.8322386853129082
train:4983,0.32517586627245926,-0.14459086234901314
train:4984,-3.3061037020527633,-2.963354084539361
train:4985,-0.09540949117743827,-0.6292621687833717
train:4986,1.7968185418586633,1.7830405401815084
train:4987,-0.36525555930025877,0.03316504189675418
train:4988,-4.412728128511291,-2.9610512537442406
train:4989,-0.18188250368653003,-0.7658183800686
train:4990,-0.807445062567974,0.18028211195991914
train:4991,-0.75768946836657,0.3096343803222641
train:4992,-5.485874849041937,-0.24689414182134684
train:4993,19.481862669395266,5.8497317301305
train:4994,-12.584801283840706,-13.438329342922652
train:4995,1.7049050185801948,-0.01636889558434733
train:4996,-1.4189512203488457,-0.22276327980001248
train:4997,-3.1329446290573904,-4.715450526314292
train:4998,6.687111930787906,10.714886486053183
train:4999,-14.795247620213303,-3.876956765035289
train:5000,1.052255960628311,-0.11224024110714634
train:5001,-10.0590597483882,-0.08893948667403559
train:5002,4.153453797505438,4.303535067542943
train:5003,-1.0658528486356005,0.2973101982674482
train:5004,-1.4327907379112643,-0.10670353940560307
train:5005,2.5626765062492214,1.3087852204725252
train:5006,0.8473393726829098,0.11721768827979176
train:5007,0.5771568793718873,-0.15336600010289972
train:5008,2.5505170806182114,-0.02463569720697932
train:5009,6.50206866271798,0.7055379936072728
train:5010,0.16483849243456944,0.11942657693152281
train:5011,-0.30749822943840055,0.16940893300367632
train:5012,-0.9895549401041829,-2.0031830638155372
train:5013,1.1479636673041442,-0.09477260187356926
train:5014,0.22580763968740525,0.1453383808397721
train:5015,6.0036893536169735,1.8729298326191273
train:5016,0.046100915438903545,0.09198587712243704
train:5017,7.071127364683555,6.276844499851314
train:5018,-0.9242667187474974,0.16590653878761902
train:5019,-0.2609048227936808,-0.01994839796821299
train:5020,-3.633884698132993,-2.09085341001432
train:5021,8.27520061003739,5.410331870165472
train:5022,4.2961859465179755,0.06946893684470287
train:5023,11.938815933185262,3.6843888640457396
train:5024,-9.513335204578945,-2.2629504235747735
train:5025,28.022294731222992,9.652251763776174
train:5026,0.875576191355228,0.01614450164173653
train:5027,-2.2738382499437266,0.2382315036276791
train:5028,-20.70571874898769,-8.597101087410968
train:5029,-0.6266099860212976,0.07286315850157297
train:5030,-18.559993435865568,-9.234191738233992
train:5031,-1.7250308449522729,0.10643199606528522
train:5032,0.07621402079740154,0.129641304919182
train:5033,-0.029027728144055548,4.40120522321911
train:5034,1.2742110402093347,0.5937980225398511
train:5035,-0.423022245606287,-0.27146860763139546
train:5036,-0.95428195918685,0.004906931311535356
train:5037,-0.23000996037322124,-0.2897723462072164
train:5038,-9.595413419712425,-15.93407521562502
train:5039,-9.797671615222326,-6.856640917265003
train:5040,1.0211444471279383,3.6606792080659485
train:5041,26.36052515831083,7.139546373980268
train:5042,-6.750029716087332,-15.381440334968907
train:5043,0.5898504940389924,-0.06892199945281263
train:5044,15.941860269915825,8.782953253792533
train:5045,5.549246511589187,12.34457167851581
train:5046,-0.8496556434364554,-0.838922058940079
train:5047,-3.062800355061877,-4.546193461498632
train:5048,5.529349480973207,-0.09782654183337205
train:5049,3.3509493726850295,0.6916391215316082
train:5050,-0.4953104819516282,-0.26882378320948797
train:5051,6.574431053241961,2.7059331499642307
train:5052,3.824767144121194,-0.14337450061769774
train:5053,2.097063115944449,0.08327975153539094
train:5054,-0.3364303888218672,-0.06209674965009082
train:5055,3.02243473839857,0.041082502860883476
train:5056,2.0962364944421195,-0.06150827380881524
train:5057,-3.8044890550680157,-5.2791239298054435
train:5058,-12.04242041935921,-6.284503733237803
train:5059,-0.4854808690335263,0.06979338319185949
train:5060,-0.6317661422482884,0.11343664183658983
train:5061,-0.0581559660531733,-0.003616802429917798
train:5062,-0.29638376171187536,-0.06881204363350035
train:5063,3.496685811994561,0.00992388401702353
train:5064,0.7948858681451615,0.28901889465069763
train:5065,10.751217468234444,13.570678569762729
train:5066,0.6448819604611161,0.1818498829314823
train:5067,-5.531385988234612,-6.379497572118254
train:5068,3.6314836963508763,-0.5630714047823635
train:5069,-0.06884398913795942,-0.08641253574639571
train:5070,-2.5237459679983627,-2.8981954714987475
train:5071,-0.11008521914459729,0.040122859257174244
train:5072,-0.9113796988245039,0.2614392075474633
train:5073,7.2963152410117385,0.25628758303732924
train:5074,21.195169164003868,11.077090869794134
train:5075,15.050244373444924,4.7995256176212315
train:5076,2.992205403919947,-0.005806360541893013
train:5077,-0.7109681515751526,-0.0032625756386723964
train:5078,6.907847766898818,1.7845364814352336
train:5079,13.887317166448344,4.80937035479814
train:5080,9.620261637768923,6.213690841834527
train:5081,3.1073856724650635,1.2018061616218332
train:5082,-1.5548921018724715,1.1583345595967427
train:5083,-6.294399942284828,-4.515513683663558
train:5084,-2.820890362763051,-0.01499607060965763
train:5085,10.329256481033305,5.995210376455947
train:5086,3.907290749242994,2.0619156035113555
train:5087,3.0450417671793875,3.7337375207998456
train:5088,6.326046634035684,2.193768430551489
train:5089,1.3589987885911725,6.5064011505187755
train:5090,34.26637225957828,14.592478061783563
train:5091,2.383195034035522,-0.4855826535981163
train:5092,1.5261118552158766,-0.0386929227817506
train:5093,0.6931535412567624,-0.15257647951512288
train:5094,1.9977928705076606,0.10658560609245941
train:5095,-0.08406733060458796,0.3374943245867556
train:5096,1.4857664030380429,-0.08775379701687153
train:5097,-0.30676000018192584,-4.318464866450589
train:5098,1.2334529746550573,7.344548816672703
train:5099,-20.507485800365963,-11.08373093435394
train:5100,-3.686164091448794,0.01575468097839458
train:5101,-0.2897516118884156,-0.08671886417068153
train:5102,13.580277954229164,2.0537348620223597
train:5103,-11.201689631679088,-12.9855273558224
train:5104,-8.333494336021758,-7.167092524281623
train:5105,-9.033354500277266,-5.192315397559909
train:5106,2.739018862386581,0.012773747688112458
train:5107,-0.6470556761988282,-1.9913827322550643
train:5108,1.8863754034974751,-0.5365309303496193
train:5109,1.393213387140646,0.0033765374721938107
train:5110,-7.311454489443089,-3.0759203113531357
train:5111,1.4510076197481436,0.14741605721149995
train:5112,-0.9274862653749633,-0.017980891407012423
train:5113,-3.6234505775611203,-0.37663130904908854
train:5114,0.9025783080844568,-0.20069361682685027
train:5115,4.561138594339848,7.907709782534313
train:5116,0.8580247806124931,-0.00017543137534065112
train:5117,-2.3908760922866827,0.1548589213259411
train:5118,1.3967004932026397,0.10625313507473995
train:5119,-4.998560552176843,-4.649712139741814
train:5120,-0.2905513844639966,-0.06192548534767839
train:5121,0.42144228632873404,0.12714438409204842
train:5122,-11.516290245537128,-6.1305732898843495
train:5123,-0.15615158484410963,-0.21281450722740736
train:5124,-2.7489849851394017,-0.32503995303128
train:5125,0.31400775880699633,0.4712676514511928
train:5126,-0.3222052230388732,-0.5275890934392404
train:5127,9.780785210657253,0.31007534488599325
train:5128,6.389520751285457,0.17896485337072687
train:5129,3.7386511293545666,7.6749421223552305
train:5130,3.0163285253436767,8.302162357055545
train:5131,-3.9035669413109972,-1.6281800081656903
train:5132,-24.389493780563026,-10.787255521572007
train:5133,0.8349307518183515,-0.09076037358775227
train:5134,-4.3510183693050175,-0.11719506502987681
train:5135,12.165089854411896,3.1666063045957635
train:5136,-0.42758365742559745,-2.101624871813028
train:5137,1.5347523280059785,8.145033458341752
train:5138,-28.196042096643012,-18.26275957337772
train:5139,-0.5578513955959161,0.031677267974401985
train:5140,19.80114871154379,6.760500025653226
train:5141,0.11739585772365549,-0.0955345889250149
train:5142,-0.4769045547177335,-0.23391158012835228
train:5143,10.086730939314297,1.7906035603631774
train:5144,1.593561705748649,4.793238270402638
train:5145,2.8490418124135055,8.866676888682493
train:5146,-0.9699633596158918,-0.07912413762398876
train:5147,4.457099119416966,10.67458195401023
train:5148,-2.2491170134678335,-0.055900990671521406
train:5149,0.1820620208294313,-0.051531076069816384
train:5150,-2.380147214666173,-0.033198840997196694
train:5151,-15.344778900164895,-13.838610467497498
train:5152,-0.4195401955110184,-3.1255077823031923
train:5153,3.220841100867523,0.7915618913977736
train:5154,0.556025030583698,-0.059156938338293
train:5155,3.781901844619048,2.2761424941787913
train:5156,-2.1014804605024966,-0.32453218754326546
train:5157,-3.736695398797913,-0.06662951156641794
train:5158,0.09031214815209876,-0.014295499036919665
train:5159,-1.7908828937706853,-0.3340473425838567
train:5160,-8.990505007935457,-0.47673768337773165
train:5161,3.1953683269009003,0.23435733534074563
train:5162,11.674922830022451,17.747543992724125
train:5163,1.6308377793222184,0.9500560540633256
train:5164,-0.6561877400524992,0.018531288323545322
train:5165,-2.5225511326434766,-6.539430041070289
train:5166,0.004099779444887569,0.7460339764572537
train:5167,2.823138060869459,-0.32932701736757397
train:5168,-21.486776576562608,-6.18462290564978
train:5169,-1.1340863158962566,0.2982278639278131
train:5170,-2.643298311126106,-0.08515037989506832
train:5171,-1.146438100721074,-0.02633682037069579
train:5172,-0.6114841026718939,-1.5517456273629964
train:5173,11.099132137419229,6.628544482829887
train:5174,7.437238864915129,3.6909184493197236
train:5175,0.25621712930222235,-0.14288931120286663
train:5176,3.6913179824748106,0.4103287311793478
train:5177,-0.6598230963572128,-2.5715127734844816
train:5178,1.1905462975861463,0.11405500511756173
train:5179,-9.155019423892403,-0.8369409282715228
train:5180,-3.7725423191104235,-0.06353862245682354
train:5181,0.48439267516322276,0.22904557407137965
train:5182,-0.7756031652767349,-0.025065141910300487
train:5183,2.921493931818223,11.542233587603162
train:5184,-1.2637253707558185,-1.4718842485823336
train:5185,2.5456684666430713,-0.012747807574364861
train:5186,-1.424496860357376,-0.8642740974950665
train:5187,-1.8354385133668116,-7.634590286742233
train:5188,-4.861631955590394,-9.79224772967034
train:5189,-1.0924304966181326,0.05817658476345932
train:5190,-0.7043354206060922,0.14516658155932213
train:5191,-0.009864335734305368,-0.0837195633011111
train:5192,-6.134159503533123,-0.5711571341718951
train:5193,-0.2504352523401699,-0.1528506022615498
train:5194,-13.823280208417499,-6.589753356478357
train:5195,1.543052481932354,-0.5455684926635123
train:5196,-8.906581074374389,-9.756334868002618
train:5197,10.637262719531927,7.753105409514389
train:5198,-18.400270449156658,-10.180949361618602
train:5199,0.4356272368361647,0.11212940516930048
train:5200,-8.002201360847828,-15.483100428179329
train:5201,16.516069316652384,11.250868855678892
train:5202,-2.0650549516300027,-5.719962952021814
train:5203,-22.65208229627343,-7.287374988987014
train:5204,-0.8144255510644488,0.06500429546515372
train:5205,1.5333366573228542,0.39725579386321436
train:5206,11.82808956452334,4.392858995190507
train:5207,1.2014985675755367,0.22873542947042616
train:5208,1.2970040355823524,-1.1191150228327633
train:5209,0.48137478605917383,0.20173801246323214
train:5210,0.17844218111225438,-2.7413196530619057
train:5211,0.2250232093556808,-0.7388075529452653
train:5212,1.224665355798877,-0.17406836620775995
train:5213,6.4981345394599845,0.5116258239587078
train:5214,-0.953031798770784,0.09580123349044545
train:5215,-8.1633414129893,-0.12866941663948578
train:5216,4.2806554114868565,8.06865114873471
train:5217,2.3771594882856646,3.9829191631350014
train:5218,-7.86892561304867,-7.193456812614009
train:5219,4.309810788895523,4.62862766816888
train:5220,-4.919349476978609,-1.982635056707104
train:5221,0.2747661345829911,0.07339877851274126
train:5222,-1.4592018295646572,0.8235831088293359
train:5223,-3.1093059506063425,-6.251607291736852
train:5224,3.06691980691878,0.20268642152815342
train:5225,-8.226197191320008,-14.615198852847268
train:5226,0.9740284162445758,0.27031185396498913
train:5227,3.891482659073016,0.5619614081964366
train:5228,-8.619013494191531,-12.264877986005782
train:5229,-0.2049147567033252,-0.012901096614716528
train:5230,-1.3627368901712087,4.193157257554663
train:5231,-0.857944871825539,0.04384202657403597
train:5232,0.9409719246480291,0.26042995364707444
train:5233,5.729403507449053,4.858297876841107
train:5234,0.9850218313424908,5.312556716133141
train:5235,0.9272008660373641,4.659987938067683
train:5236,-8.018517139814511,-0.7437294935512895
train:5237,14.255252069116443,2.4627459722047256
train:5238,0.4519225594777073,0.26579221684318255
train:5239,1.0468838506961278,-0.07083800546160093
train:5240,-7.883024670236328,-0.5906612921335133
train:5241,2.4899333491277105,0.09423941860770003
train:5242,1.8270978548589403,4.101907979615255
train:5243,0.4018695349579032,0.3441638601153556
train:5244,2.055433680676593,0.22145979949051478
train:5245,-18.484435209454624,-10.502523946669786
train:5246,0.6968115041253404,-0.24752930341269697
train:5247,0.17069039617462928,-0.07830016445059546
train:5248,-2.6104835760994196,-0.1435966591640799
train:5249,-0.8532846652541223,0.14212512442039488
train:5250,0.7606380280673323,0.13775399720180478
train:5251,8.077737563107373,0.8454219109467056
train:5252,-5.161566314154566,-7.938392758726083
train:5253,3.4888138461467264,8.141555958437042
train:5254,-0.979256342686376,-1.1930066173579064
train:5255,-0.160761115519152,0.057861696690573124
train:5256,-5.63700896869008,-7.236786324472334
train:5257,2.8436859745581398,0.02822487637225185
train:5258,-5.565340698471486,-0.044226771267093734
train:5259,0.2303656808622322,0.04188550489520589
train:5260,-7.7789791513991995,-0.09507618407726245
train:5261,-14.806861233896205,-7.832392923675274
train:5262,9.101450179182882,0.27542695730776157
train:5263,3.8251130419826866,0.7547862171511341
train:5264,-1.3377838928297856,0.13554275464670862
train:5265,6.629648253798044,2.6477440881356604
train:5266,1.0972436038639422,0.036510188234982144
train:5267,-1.9502417346462417,-0.04382040194979106
train:5268,-1.934001969524119,0.12098871280109073
train:5269,-3.5139771588141477,0.04022514705794869
train:5270,2.071864758930442,-0.005536874271791295
train:5271,-0.15027515675970343,0.04188250901819576
train:5272,0.2988941376297659,-0.04979945915796108
train:5273,0.0009540383087010551,3.2106890655309206
train:5274,-7.878132819028503,-15.611272606321302
train:5275,-2.6348912264092155,-1.3505700608989781
train:5276,-1.022326786585543,0.06891651852315635
train:5277,-0.5536655200637298,0.007655327481507379
train:5278,3.928285447669436,11.219646681444173
train:5279,-1.1183011228629436,-2.5545210150478828
train:5280,8.985265691039883,-0.08711328564514617
train:5281,0.35076696148336917,-0.0398541461099986
train:5282,-4.0468830254230435,-7.986253748553445
train:5283,-0.9860488886956084,0.0664178144358977
train:5284,-2.0020938697164627,0.11016279023816247
train:5285,11.433839459225954,0.9531593546633905
train:5286,-1.5288974591564872,-0.035196555984916056
train:5287,-1.7863873838624857,-0.024413645656204658
train:5288,-9.821988606818422,-16.689207415149856
train:5289,6.853654312432796,2.804634457975123
train:5290,0.4357681065297564,0.08026764685812246
train:5291,0.1273074121714457,-0.03131782255206239
train:5292,11.12438175147521,1.9882541208727522
train:5293,-3.5571004869629714,-9.77065230689484
train:5294,9.953765755724113,16.31321965477047
train:5295,0.9887455798930594,-0.255624662406904
train:5296,-0.24125164087172335,0.01869409997296491
train:5297,-0.0949569530982311,-0.02895935404103983
train:5298,12.42010491246307,8.572415001028617
train:5299,-2.4706980677402943,-6.0134396345774155
train:5300,0.6351921711745246,-0.08329700198187273
train:5301,-0.3622136107683439,-0.1548121883991351
train:5302,-4.015419802605172,-4.2547582551342185
train:5303,1.1601214657274728,0.03670370762375556
train:5304,-2.2609170586594165,-0.6987679420264943
train:5305,6.902138592518272,-0.22579278909610173
train:5306,-1.2243150980785118,0.10905310312752921
train:5307,0.6853926904477675,0.624428867717093
train:5308,1.7115519295019106,-0.061607708393389554
train:5309,2.4590066399283366,-0.09812295533136245
train:5310,1.167371605782638,-0.05726778822698833
train:5311,-4.81193191890841,-2.9211475985774054
train:5312,-1.6613741317547839,0.05118980725860799
train:5313,-3.7306589232150946,-1.4750507479212314
train:5314,-6.368495076531635,-0.8275812378486358
train:5315,-8.82638949031878,-0.1170634604326461
train:5316,19.387774731737494,4.844704584220476
train:5317,0.9286355982961886,0.006757598669340836
train:5318,0.3815937136394354,0.2444224121387083
train:5319,14.659337017642336,5.448890233893949
train:5320,3.916598842099095,0.3657587122476147
train:5321,-0.6542185862993394,0.179980241685946
train:5322,-0.14108666366821165,0.02726961958845031
train:5323,4.502363387958494,1.3791764893633562
train:5324,3.625078541999021,9.811016126015879
train:5325,-2.226886102119741,-4.424698665229808
train:5326,0.8839134223709233,-0.051072564226456424
train:5327,-2.7566468087380502,0.055209239915330284
train:5328,9.51545086640489,9.405247696044954
train:5329,1.8160890975171688,0.1632068969494666
train:5330,0.3706556236027001,0.0929785110384602
train:5331,-0.8825165214238316,0.043375311734100676
train:5332,-1.8310669037006653,0.023924223593804833
train:5333,-0.5793388473771283,-0.029660567587422818
train:5334,-1.4941755204976679,0.20284441837523526
train:5335,-3.724151487237529,0.039217462426469875
train:5336,-1.6257089937861489,0.04529213804254653
train:5337,-1.985433122721247,-4.602318792049653
train:5338,-6.103560560452502,-2.306422168260674
train:5339,17.32401233446169,5.100686011403767
train:5340,11.200214278609648,3.0413586730589173
train:5341,-3.1221687948723496,-5.123195664468663
train:5342,-14.620422286551815,-6.591845905239528
train:5343,0.8938438059361739,-0.1644663307338749
train:5344,0.6358053960123048,0.07595265666826982
train:5345,-1.0128651550617573,0.16878850114095933
train:5346,0.98996296369725,0.07965745090852343
train:5347,0.1895316014633926,-0.065676644351184
train:5348,0.273597450780133,0.05574671451702865
train:5349,4.414183144018445,-0.05378961068342958
train:5350,0.4107950015505518,0.01051945723359693
train:5351,-10.622787717988357,-13.724016174608675
train:5352,-1.9515799967353624,-6.527999486329351
train:5353,-5.155818086789658,-9.32843974639973
train:5354,32.792624209710134,13.037152248642089
train:5355,9.160606152161765,4.009680048519205
train:5356,-1.4693305000088412,1.8180619144475014
train:5357,3.06134638815054,3.550123072065161
train:5358,-1.933858077873404,-0.06437254622171479
train:5359,-15.590270609029497,-5.5635764601632935
train:5360,0.424498298584184,-0.22211895225161948
train:5361,-0.21282594987920195,-1.2540587389824913
train:5362,0.9154619573629666,-0.17008623935285433
train:5363,8.815081153686753,4.129075162986356
train:5364,7.405575263094161,4.346986126411393
train:5365,-3.0062902217735217,-0.03742249260344285
train:5366,-0.7289907551708747,-2.397576148778998
train:5367,-0.2855354005558767,0.04123283168942751
train:5368,16.623836956832402,4.904005829723855
train:5369,-4.069715073780423,-0.8002396516373018
train:5370,1.5559739056749042,-0.2310623940961109
train:5371,-5.5257056386758565,-3.9832947062058133
train:5372,-1.150201018485125,-0.14780918322714556
train:5373,3.4273137642731593,0.0726777351137674
train:5374,4.382170854837102,-0.06019615100878317
train:5375,-16.635772930713102,-13.665180573989156
train:5376,20.329626713592397,10.164240867731799
train:5377,-0.38494849158129896,-0.4570013806130309
train:5378,-4.699350998405772,-2.45051985794526
train:5379,0.3089227348015221,-0.05154031335726428
train:5380,-3.363396289777801,-0.05500675704920002
train:5381,-1.7841020869025859,0.16205319897894643
train:5382,-0.10542082832485589,0.4942716357342881
train:5383,-7.894233806581196,-1.5712798867555258
train:5384,-0.2938138777513488,-0.495958766627095
train:5385,8.555814899337882,4.445448905547954
train:5386,7.42548949561992,6.67460908773765
train:5387,-14.612965026204588,-5.074482133640704
train:5388,9.806847498721151,1.4062714863645944
train:5389,-1.8825020086878772,-0.7029405567279607
train:5390,-4.366731616512974,-8.032181969726842
train:5391,-13.682615078077268,-2.406980349374607
train:5392,-1.7775474619022495,-0.5083470747160088
train:5393,0.6660805247642573,1.1192862986467047
train:5394,0.9035261565590773,-0.3025044311830426
train:5395,3.0479679515076574,4.0162367393470895
train:5396,-9.25657299039405,-2.0851257211533807
train:5397,-6.010713949797668,-4.340307948392259
train:5398,-0.2610925328226829,-0.0706667411591885
train:5399,5.913048306745635,13.358078582972604
train:5400,1.3477417658488138,-0.0185897677441189
train:5401,-3.0257018795838593,-0.11219284205302177
train:5402,4.312192091108646,-0.17018463964655606
train:5403,1.7798532745687194,0.1311728043798011
train:5404,-2.3711180716983726,-4.072063397980834
train:5405,1.4192326704300968,0.18652288042404552
train:5406,4.355078311852416,8.256343128740992
train:5407,-1.8375534184366082,0.015585271266512213
train:5408,-5.545542230149372,-0.19891153365345526
train:5409,-0.7935800908282478,0.1803433134474118
train:5410,0.7151526917393254,0.04019051614631969
train:5411,-0.25943400139305745,-0.2093079045174549
train:5412,-3.5577439313719843,-0.10592621631708177
train:5413,-12.847917976481082,-5.313472087709018
train:5414,1.4924114542938365,0.2119014538896941
train:5415,7.720141473132645,14.163887326071086
train:5416,-7.81207655564603,-3.1812807406534978
train:5417,-5.106889346548824,-0.09278626408544788
train:5418,2.0622674880234704,-0.1443131552497348
train:5419,-1.6995707399597442,0.13614096708826715
train:5420,-0.30511762459999775,-0.03145292233913827
train:5421,-0.8437983931568699,0.058791452854586056
train:5422,-2.233370059815041,-8.903577022974336
train:5423,15.595632317722297,5.6758955386352605
train:5424,4.8977446350529386,1.4945521355085833
train:5425,0.43304822888970834,0.16413205230235683
train:5426,-6.8333418195600615,-1.92091228661468
train:5427,7.258750919220259,6.629180750042515
train:5428,-0.0362125474337103,0.011406700476228007
train:5429,6.918299089380469,3.679889912741384
train:5430,-16.359108571830944,-9.946904601868345
train:5431,1.0022897592612403,0.20750150918748278
train:5432,1.0827984163565514,-0.22955760787216545
train:5433,0.5462999076445885,0.040222258176546066
train:5434,26.525442191939888,10.532476950519811
train:5435,6.195659412329877,2.349034179086601
train:5436,-13.388242980285803,-3.0057488827705243
train:5437,15.939055893705447,12.893262273096871
train:5438,0.49645958241461324,0.014870255286761128
train:5439,2.8434758323089535,6.069365465497171
train:5440,-0.270706773181193,-0.11720262605280712
train:5441,-13.357714704510219,-11.381961645742189
train:5442,1.0820901160985088,-0.0842800776236255
train:5443,7.6392859883428805,5.128657231100064
train:5444,-21.586865656150678,-14.08632555670579
train:5445,-0.7397297447248357,-0.050900051641956434
train:5446,0.8678738037936561,0.00336851280163096
train:5447,0.8075886649127566,-0.08639459614953743
train:5448,-0.9517934937249711,0.014667997923374823
train:5449,-4.636383175203265,-1.7760566400465307
train:5450,0.16183396967933494,-0.12530490409629946
train:5451,8.474564235539692,2.612521419466749
train:5452,-2.5519812756921194,-0.4466958490198028
train:5453,-5.415197780759771,-0.7702682560543135
train:5454,4.998135445436853,3.9909523933464506
train:5455,2.57977659931851,1.0371661712612137
train:5456,0.2745601765821294,0.30709944038926384
train:5457,-0.9305807494691746,-0.06103906240470483
train:5458,-0.5016657740109499,-0.16085929481367806
train:5459,1.5602083649793026,-0.07859047919895806
train:5460,-0.7984222540872206,-2.300439829853874
train:5461,0.11892915227634615,0.2951055181096123
train:5462,6.3715317379054515,1.2245266075450412
train:5463,3.8429314310143488,6.893344630644522
train:5464,-10.367381200260601,-2.2557924174327124
train:5465,-2.9534664112590545,-0.06308895558368396
train:5466,5.954327311216313,1.2539459771237105
train:5467,-6.362634804294926,-0.053635964991052915
train:5468,-4.337302403297292,-1.3100551041612665
train:5469,-2.32088105648141,0.12691470018793843
train:5470,2.6582028954976593,0.6411147613770387
train:5471,0.31716965579088024,-2.434140685026828
train:5472,0.02454483036225752,-0.1984553222156567
train:5473,6.250924499283452,0.23415803818916697
train:5474,-4.2047528550406765,-0.020988823255588235
train:5475,3.789567852466021,-0.13247446576397123
train:5476,-2.492135831572653,-0.5796561519280146
train:5477,-8.76179306468508,-5.900528168603426
train:5478,-0.3216243098964879,0.49189454998755977
train:5479,2.430098598087296,-0.04657190099238073
train:5480,4.485895116386205,0.31840973206736567
train:5481,0.3580332573862316,-0.0862280396538552
train:5482,4.274786305837018,4.960166254834137
train:5483,0.35292405772377133,-0.05149633816257987
train:5484,3.856387973625955,1.2376475502237418
train:5485,0.5366188355420063,3.7413025382328544
train:5486,-0.10007626469414224,0.22614891765460868
train:5487,-1.182729481188943,0.12043568817110169
train:5488,-0.9786825195203183,1.160523832387098
train:5489,-0.30441374104852,-1.065710947232611
train:5490,-0.5115569883627182,0.024058003768388153
train:5491,0.26853857832668687,0.1578967762794157
train:5492,7.4953720216369115,0.5170842405407601
train:5493,-0.02993106086566802,-1.726280856827266
train:5494,-1.2453846480583142,-3.519310964817277
train:5495,1.4084212701342977,-0.6889533062804976
train:5496,-0.4097148249558009,0.07444219967712663
train:5497,-0.3282868536348604,-0.0022507895089058927
train:5498,0.20359323287437053,0.20118077933934791
train:5499,-0.2084422523845627,-0.06504087645139137
train:5500,0.9804098598559258,-1.8502461103429668
train:5501,-4.054257995553223,0.35126993772257464
train:5502,43.84590939231793,19.041302922648946
train:5503,-0.5972616682732229,0.14361928241399485
train:5504,1.1797393139969121,0.08402066045215817
train:5505,1.1006516741242511,-0.19372410128000972
train:5506,-0.3011684496709463,-0.03982461532232731
train:5507,-3.166406062908453,-0.11370515363469505
train:5508,2.9591758774792694,0.7558692980207014
train:5509,4.5271118220484965,1.5045971684627402
train:5510,-1.743458274573391,-0.04882822436343884
train:5511,0.20467160665089146,0.03288453507907948
train:5512,-15.476360492309109,-5.232781992283028
train:5513,-2.321043312333105,-1.3071776356234412
train:5514,-0.6617398888917564,0.005747524469294413
train:5515,34.04639609699651,18.809487095394225
train:5516,-29.111736017639036,-18.98713638483818
train:5517,10.88329466134687,4.431172552969014
train:5518,-0.17519473822909037,-2.711225640512717
train:5519,-0.15705706780444445,-0.24740968232350674
train:5520,-0.24786670501452474,-0.1306085336994951
train:5521,0.734483686540296,-0.23967507685260292
train:5522,0.04620587033437652,-0.04178306292209247
train:5523,1.7712532495124216,0.02362335194550176
train:5524,-14.158612377974018,-5.264522881222929
train:5525,-6.412794178459644,-6.2281607022907135
train:5526,-9.301761942465738,-2.589742542430314
train:5527,1.0167500565542475,1.7069769348240207
train:5528,0.20284390373692385,-4.21705642690902
train:5529,14.771141992539018,5.66069759722368
train:5530,-2.6175414731898976,-0.09579665683299629
train:5531,-2.9982662282365635,-10.495776660999732
train:5532,-9.245725559071012,-14.547040082972224
train:5533,1.1118503498483068,-0.1965047744582456
train:5534,-0.47856111025231685,-4.155169596885088
train:5535,4.273661672870687,6.175769886605158
train:5536,-4.036995646632239,-0.01047122636828586
train:5537,-19.699159691376725,-13.074906065221008
train:5538,-2.793265955324672,-0.11521921281129088
train:5539,-7.71493225704545,-2.6889694128652692
train:5540,-5.438007978042567,-5.015890197684677
train:5541,-0.6494063520387988,0.06582177757169178
train:5542,-3.407331362101579,-1.1775490332721144
train:5543,3.1865446770174812,0.036574956242724964
train:5544,-0.031003971873543062,-0.11449531619611691
train:5545,-4.476133438121949,-5.187562510013742
train:5546,-0.7136339826743425,0.11903928849755846
train:5547,0.12953726784104622,-0.016991824011239415
train:5548,0.11819132982179185,0.02068724981476408
train:5549,2.871660929022816,0.024218461514442638
train:5550,-0.7937035261538207,0.11557487772216532
train:5551,-6.447095251474491,-0.13435109738919784
train:5552,-6.886113559428712,-0.4426836920643909
train:5553,-1.3137467809549488,-0.1646056746800485
train:5554,2.2041026969160016,-0.2326559153438802
train:5555,4.216503446008514,2.892701258564913
train:5556,-10.773491324975556,-2.229713165398718
train:5557,-1.6622037752142371,0.29160647642259013
train:5558,0.16448376115994756,-0.7421025896739788
train:5559,-5.78200154163081,-0.028478801102533938
train:5560,0.1769281805935045,-0.08372691033282642
train:5561,6.387253353610056,2.2893015272937633
train:5562,0.07770535663772703,0.009207548424779874
train:5563,0.7343029502585015,-0.14751647891021535
train:5564,1.3471390016318447,-0.06799013904185211
train:5565,-0.6290470782120812,0.1555283928420977
train:5566,-0.9182864980588193,0.10999947927590786
train:5567,-0.48744002708235534,5.850484408564093
train:5568,-0.37941110384029775,-0.006599304989109989
train:5569,-6.046414421418821,-0.18025577952894406
train:5570,-1.0861139088558125,-5.739379088263658
train:5571,0.3907247895455854,0.051363924777220564
train:5572,0.09255885704411743,0.05507292751136936
train:5573,-2.9106459761972765,-0.056574492355560696
train:5574,7.609430911631061,0.41809918017876574
train:5575,0.5368784913963659,2.4379084398610256
train:5576,5.966515561669114,-0.028558084847694884
train:5577,-21.735689140890734,-6.638222081356345
train:5578,1.9739319619789333,0.13486483047755915
train:5579,3.9557954856536117,0.4644772822165175
train:5580,-3.917353574623759,-0.031348779947833735
train:5581,0.13591859522327598,0.011370821282511448
train:5582,1.2293916967396452,-0.1906747264661271
train:5583,-15.132754669065603,-4.107557407510377
train:5584,-4.982366116411569,-0.6475302421566913
train:5585,-15.252148010757015,-2.4818541635766427
train:5586,-1.7428250583269493,-0.0012206001346486
train:5587,0.4697869752409391,0.2976820436687293
train:5588,-2.7914769567077062,-4.827669802038132
train:5589,-0.049982153180373856,-0.09922615137514043
train:5590,1.3463507357391564,0.032498708918417704
train:5591,-1.4806393609387754,-0.22930948505836218
train:5592,-0.4660737441588737,-0.17881690259922145
train:5593,0.3366816193318857,-0.014973779858094158
train:5594,-7.092189184160001,-0.583089997624864
train:5595,5.737191323413917,8.168973654190513
train:5596,2.802045265065632,0.15319931245793644
train:5597,0.7745762241527373,0.21270463425002906
train:5598,-1.1589721328062472,-0.19965484997139138
train:5599,0.24857413482103433,3.5418775625684225
train:5600,-2.8887035455253347,0.03464760869954115
train:5601,-2.3257396661608807,-0.027337015309649285
train:5602,-0.920636185951269,0.14540860562349764
train:5603,2.7360773358144543,-0.3430513439421958
train:5604,1.2172689995105945,-0.9106536261409182
train:5605,2.8439049502204554,0.22738364696521238
train:5606,-1.1150068409112368,-0.1572886730652353
train:5607,-7.964219544056858,-6.39963899591817
train:5608,0.11716107490100273,0.4315676445906414
train:5609,-1.7799179548072015,-10.59230553019585
train:5610,-5.467381866197069,-0.8386618456226276
train:5611,-4.871465868985941,-0.4893848138411992
train:5612,-1.7680141170113464,0.06363828254414182
train:5613,-8.538405344969393,-5.027655149364269
train:5614,0.7462530472441663,0.03235183961451632
train:5615,0.05228070152683634,-0.30264188487348354
train:5616,0.12957062559852214,-0.159701334851459
train:5617,3.2167186864349246,-0.03456143005876844
train:5618,4.911098896038835,5.0616745569427115
train:5619,3.511295347477809,0.2617418624558915
train:5620,-7.582624465358695,-12.218444745564964
train:5621,3.159450274366873,5.8460830372537815
train:5622,0.251299242771488,-0.41336065419767826
train:5623,-3.360335744586666,-0.08738323556288041
train:5624,-21.506602474957074,-4.665885310450597
train:5625,2.9954728369449044,2.488432193707153
train:5626,18.085565985846653,6.668455841680463
train:5627,0.5575747134423262,0.33717333776424163
train:5628,1.8230600552257936,1.6490469450264216
train:5629,-2.1029737722378643,0.17649924659138966
train:5630,-7.237595997684858,-2.3077243761344106
train:5631,0.6061448868475741,0.2060185500674683
train:5632,-8.460292867414582,-16.003037451182017
train:5633,-2.3564992378855147,-1.2143208556768834
train:5634,0.46415149012255225,-0.2369910207079437
train:5635,1.0325528001846997,0.1342912983561317
train:5636,-11.469128187922196,-19.007006182455846
train:5637,-0.5460600094737822,-1.8122659508774452
train:5638,9.322437070193264,16.67811062688546
train:5639,-6.165502312982545,-3.764242741622348
train:5640,-0.16642775004173238,0.06173286910049647
train:5641,-8.721261645915044,-16.224186814994194
train:5642,0.3695509820450309,0.0259263967318369
train:5643,-0.8936064066914503,0.044002876637317966
train:5644,-2.499534512443338,-7.616819885604619
train:5645,1.0158253376745319,-0.3656146846483845
train:5646,0.1021422966857944,-0.018319175852739636
train:5647,-1.8109922749891343,-8.31912079268148
train:5648,6.013822673225962,6.987426581627413
train:5649,9.469016867998421,0.26709478136894427
train:5650,10.344106843253453,2.7564253757713466
train:5651,-3.855273276982527,-0.36854664961563194
train:5652,1.134551756674666,-0.15904982076476187
train:5653,-4.711837260322574,-0.31767993918225
train:5654,17.266928029319917,7.9147840467809
train:5655,-22.022328747778513,-9.736058772398057
train:5656,-6.507927248365579,-0.5072575027795865
train:5657,-32.776782353713884,-16.025711389681163
train:5658,-2.1657956116654944,0.12820770643942966
train:5659,9.57389644700157,3.3258166245275467
train:5660,-3.331168744265987,-6.482403950164889
train:5661,6.438203550708106,1.0154363620026887
train:5662,-0.9712163095308405,0.00885449858521703
train:5663,3.8364458461113666,0.23789446746403944
train:5664,-27.373095294174995,-7.851151108261369
train:5665,3.794306281235282,0.1020250966485861
train:5666,-2.382387182269224,-0.24076657470996038
train:5667,-1.399096380903471,0.6688354686909641
train:5668,-1.926341308216672,0.20815396840204614
train:5669,-9.360845388473663,-2.8323652113646247
train:5670,4.391434780627555,0.6430213517723666
train:5671,18.763291476465533,13.73284396571298
train:5672,2.9908785322845985,5.212930395430169
train:5673,14.626060155634033,3.0463848987170556
train:5674,-1.3666963513773913,-0.05611180768350807
train:5675,-2.05560552416383,-3.5468987122562767
train:5676,0.481024703949357,0.012680269192355889
train:5677,16.79444828751463,9.618199199070935
train:5678,0.049191796430391,-0.06567939057177663
train:5679,-15.274773636197052,-9.7265256064302
train:5680,-2.838700150839824,-1.721722843947568
train:5681,6.061009836330841,2.1395287905871307
train:5682,2.0359845970895756,-0.37490728882536606
train:5683,4.822993503652145,0.47170761738925193
train:5684,2.201650262481362,-0.04469295112899152
train:5685,0.054213359336276926,0.04195276946712382
train:5686,-0.5246963998200633,-0.20854695175688182
train:5687,-0.12378148431646191,0.02453534683866891
train:5688,1.1041587715949066,-0.0015696554715312755
train:5689,-15.379913568429279,-4.065794881989161
train:5690,6.005032032412659,0.20974627703293042
train:5691,1.6202128105351,3.2876793955102084
train:5692,2.4992270295729155,-0.04769289397220697
train:5693,0.9572577165017215,-0.2593644442108116
train:5694,7.283273403900739,1.6836573134987867
train:5695,-19.943702040788146,-10.24438320546624
train:5696,-5.165381883710033,-1.656302448320593
train:5697,0.1892317303334698,-0.035037132529734116
train:5698,1.3513783425592885,-0.15888522585521725
train:5699,-12.990162893022054,-8.705735011657731
train:5700,0.8945897644291368,-0.1938641585302333
train:5701,-8.327957180738997,-3.1773823913592683
train:5702,1.4475291146410387,3.0016390503369896
train:5703,-6.543875520470839,-1.4517432527648477
train:5704,0.7499236790868379,0.07184652190426627
train:5705,-0.7944899323805873,0.1512372983379211
train:5706,3.023376659188064,0.9243480054569677
train:5707,3.55694270719927,0.3248629938079963
train:5708,6.660465707624501,4.366214521027269
train:5709,0.8539480442241044,1.335090447229569
train:5710,0.7535424727419336,1.422563208206493
train:5711,-4.26817211214575,-9.779702708681635
train:5712,7.058478846915058,0.7202744272984836
train:5713,-9.03435221104442,-7.262562850267495
train:5714,1.016137529091188,-0.027654827929140605
train:5715,-0.45321717626535307,-2.4967525172872107
train:5716,0.05737723221520295,-0.04790973840341639
train:5717,-7.688396684004403,-4.9982116701087085
train:5718,-1.3672372817024536,0.07398194023884412
train:5719,-5.198791711831761,-0.3865565069228401
train:5720,0.05161528981411999,-0.02347839705100649
train:5721,-0.46443224029534647,-1.6377378544536758
train:5722,-0.32630067231560217,0.001717748903846683
train:5723,-1.4062606276388636,-0.33172949673848345
train:5724,7.129640823086387,2.80939248131045
train:5725,-1.4130599149370635,1.174967668756986
train:5726,0.5714729267104082,-0.2613719314640164
train:5727,-2.2932712939121673,-8.649006225880385
train:5728,1.748806152000896,4.6890022936067455
train:5729,-0.7666280688497928,-0.030073320975973275
train:5730,-0.6305778157241291,-0.04109533082225508
train:5731,-0.6206909018498055,-1.8785410274171672
train:5732,-0.1940123490064683,-0.038192932307881344
train:5733,0.21146682592988678,-0.15511573493762582
train:5734,5.13021310346576,3.4901128023360513
train:5735,-0.16736723001970377,0.1697811350569825
train:5736,2.3118642931817717,0.010511325567426566
train:5737,-33.38815124490389,-11.624361763812889
train:5738,-4.728861572005541,-0.33189683786862073
train:5739,0.18301091536613281,-0.0988763470690052
train:5740,-2.1895207645819155,0.09391582822540345
train:5741,-0.11144730820334364,-0.24135505055123596
train:5742,0.13059041989849998,-0.0667646470186963
train:5743,-0.8010424652567614,-0.15504297792452265
train:5744,-0.5299450744266738,-0.027929129001580025
train:5745,7.536954151652877,12.998056338981508
train:5746,0.3666494382902273,0.02545647202367647
train:5747,-1.2843318639210421,0.06638607240567132
train:5748,-10.639666045896448,-0.36468100531209635
train:5749,-11.29186855156881,-3.2422131698584873
train:5750,-9.421009300382272,-10.200312428039124
train:5751,5.835337517029976,0.7705590816270402
train:5752,13.154089946387316,4.559536467239635
train:5753,-2.5791802845508403,-1.254143622164445
train:5754,0.2554651268950128,-0.028934424064491246
train:5755,-0.8377490161417175,0.018579721668542423
train:5756,-12.604200388906069,-2.0523521106098457
train:5757,2.7254154061671363,10.529041678214861
train:5758,0.21152668392675122,-0.13257582626948064
train:5759,-6.5984929787670765,-5.302920323557719
train:5760,0.5473607308239705,0.12487069176737205
train:5761,-14.279698945487413,-7.958822928005452
train:5762,16.62672315834335,5.946896295896005
train:5763,-0.27906678510443295,0.1975051235695381
train:5764,6.904732826479464,3.681683729766402
train:5765,0.08554780028904974,-3.845879819505158
train:5766,15.733463317197398,2.779364378055484
train:5767,-2.815151433727753,0.0938522728345457
train:5768,-3.638384159831277,-7.2593877912799964
train:5769,-0.9045641394494867,0.019992491670033863
train:5770,0.2294632779735807,0.0948802153010454
train:5771,0.2493802999982222,-1.8989478003236946
train:5772,-1.52235131888192,0.09630421984132481
train:5773,1.9319497713314977,0.0020608481519115984
train:5774,0.3353481226366901,-0.06305193510348736
train:5775,-0.3693312496265664,0.004388073945542803
train:5776,-4.950664391439202,-4.237420686894165
train:5777,1.9742255567363696,-0.4944898239316637
train:5778,11.113260019428678,5.082659962094624
train:5779,0.2719622232890926,-0.41222275591186625
train:5780,-4.336834697317908,0.03329225967407721
train:5781,-2.7478949884508683,-0.4411477701186615
train:5782,4.949649305685456,3.536738634870379
train:5783,-2.6792047407481205,-11.283370471876621
train:5784,-0.9352443266850753,0.007916111442198712
train:5785,-2.0373814955029315,-0.27849401055055595
train:5786,1.5326334711460974,0.0971341134383334
train:5787,-2.8926000105484095,-1.0176659249603417
train:5788,0.8446025255913235,0.3947898304318521
train:5789,-1.9532469547761968,-6.214328310152512
train:5790,3.1153515514419587,0.19482531158397656
train:5791,-9.404698170580392,-6.221295293469975
train:5792,0.12557385484477945,-0.15979158564638912
train:5793,-15.644407343684898,-4.265865255158062
train:5794,-8.934681556288801,-1.3851624541092824
train:5795,-0.9760770113344733,0.0274856080547997
train:5796,-1.5102726724893971,-1.6663463399882699
train:5797,-0.2937358298971848,-0.05283941835838327
train:5798,-8.090135663969692,-13.974988495431028
train:5799,28.481005506541774,12.253100990999274
train:5800,6.107879461479539,14.083864883235925
train:5801,-0.0657491563563877,-2.0719298815494267
train:5802,-0.8401298534383606,0.11326612650342992
train:5803,-0.23869361228144953,-0.4701334865001145
train:5804,2.9068843963349753,0.39253714491144914
train:5805,-1.0454518485547584,-0.2757624126909622
train:5806,-0.22870819422781985,0.2232633174506132
train:5807,2.289678013815807,6.872803185933349
train:5808,-0.5439951410401993,-0.21126920533342014
train:5809,19.58769067801863,4.431740913636078
train:5810,5.884933877336809,-0.22480215243141866
train:5811,19.2168621351759,3.410081229209051
train:5812,-0.1815177767075774,-0.33791355753063235
train:5813,-3.0998174701558074,-8.881192971241122
train:5814,4.617220074633182,0.2856440391987859
train:5815,1.6951508383610538,-0.517184840565488
train:5816,-2.026337404508642,-8.813587154665662
train:5817,-2.6069185965269415,-8.766836065940149
train:5818,17.65361580314548,11.556042012725282
train:5819,-0.2917866675526864,0.09336651277647458
train:5820,-13.16648339808483,-1.5084928670204556
train:5821,-4.179058315912855,-1.5558277237805138
train:5822,-3.899477071032034,-0.5030343148209728
train:5823,-1.0694579272545215,-0.18725851721191478
train:5824,17.558265152326673,5.192757586252052
train:5825,-9.235476940174859,-15.488713275088212
train:5826,0.7879235113914262,0.0186525500120506
train:5827,-3.91428001177117,-10.445044194388567
train:5828,2.212320560625329,3.476123768628463
train:5829,0.2159323487250941,0.016289516355107836
train:5830,-3.529088804096336,-5.5465330585134724
train:5831,-5.328291407976292,0.09187363873016466
train:5832,-10.02466243766189,-15.401613714790265
train:5833,-3.1638811015028545,-7.969220618481945
train:5834,0.07745488288385738,-0.09772015253430993
train:5835,-1.080656021832977,0.5827706272479916
train:5836,-9.802180375250218,-0.9296379281108738
train:5837,-2.4467060527640663,0.1229932755076904
train:5838,-4.862338163724274,-12.71344694155153
train:5839,18.88428692034875,5.7024629759610965
train:5840,-3.8616798260838237,-8.299160833431891
train:5841,9.330379703346134,6.967628114414753
train:5842,1.3630888913283754,-0.035591369776608234
train:5843,0.18104908404754083,0.03983500540778423
train:5844,0.27437165294928645,-0.1359826020776313
train:5845,11.202780617582011,1.9552655204885379
train:5846,4.4788748775306475,3.4402893704062447
train:5847,1.690706004349229,1.0871686425075782
train:5848,-1.1060741681131407,-0.41660354840033426
train:5849,0.1462664737880159,-0.08063908843064715
train:5850,-2.2250343397779075,0.1053919630951375
train:5851,6.600895958977971,13.33267468721318
train:5852,-1.4680083937674175,0.05573658559951822
train:5853,-0.8244009734137477,-0.27254890661516745
train:5854,-0.02663183917635628,0.009893711255707219
train:5855,-7.621327832527401,-1.0352796845285677
train:5856,3.3331142466600694,9.573130937260254
train:5857,1.1323580482614242,-0.2351790500948524
train:5858,13.600283310385102,11.132164790175409
train:5859,-1.4043712070621095,-3.075737420194708
train:5860,1.6609450732247102,-0.06250978836026128
train:5861,-0.10148449671357826,-0.3299438470448383
train:5862,-0.4182187866443158,0.10240321912550754
train:5863,-2.8238049241793086,-5.029840142330324
train:5864,-4.861531068714125,-1.2151692595139902
train:5865,0.1756543094369331,0.01298053453221644
train:5866,-3.770023401619072,-3.242718189125909
train:5867,1.5830757469892003,-0.16778337289253165
train:5868,-24.86378483697634,-10.948797775104152
train:5869,1.8592349741152971,2.8534478513700856
train:5870,1.8444934023515875,0.0893012859997403
train:5871,-9.068886207215998,-1.9110577058418814
train:5872,-0.5245478008899834,0.027911450572668223
train:5873,-1.8460678988604946,0.004846585788902735
train:5874,2.134630227234812,7.302533496196156
train:5875,-0.7158409412072784,0.1310142725546817
train:5876,2.6948536564049554,-0.09222735469704607
train:5877,5.85430936384976,2.707038485920159
train:5878,3.1244997130287673,-0.11544172800969807
train:5879,-19.245873561552425,-6.068978058556071
train:5880,-1.5216689377176653,-0.6474053426175308
train:5881,4.91100172849441,4.231776394788202
train:5882,-0.07860386458398633,-0.015643108713440768
train:5883,2.381101980040309,0.2924150778937053
train:5884,-6.865477311608736,-0.04041943956964819
train:5885,-40.60048243220874,-12.926299152653746
train:5886,0.6122803896407392,0.030752647599549272
train:5887,-5.247209973777005,-0.24716038255802092
train:5888,-0.33530040931601074,0.08520831169545981
train:5889,5.856683227399195,-0.32476943247030576
train:5890,2.8485680625198753,6.3727296834726825
train:5891,-8.994174128799568,-0.7492031035096074
train:5892,-9.522912484077255,-3.5629674552521355
train:5893,0.7716560837387136,0.08370013727727672
train:5894,-1.0739312374007772,0.08587425235656877
train:5895,1.1410387363270895,8.591701030611736
train:5896,-0.13305755604996794,-0.005313003795689053
train:5897,1.1788506261444356,0.2013067488345834
train:5898,14.536941245319852,3.180743134902518
train:5899,-1.1813129969019784,0.11144156607385558
train:5900,-1.0955383470611584,-0.20085806907558496
train:5901,-7.906280722423924,-5.460899480699148
train:5902,-0.3044991113372519,-0.04480836372428654
train:5903,1.5744217916211642,0.0014413792496621586
train:5904,-1.6830874748309594,-0.30950875596752464
train:5905,-0.296730821864569,-0.05221566963183363
train:5906,-3.068048332293767,-2.544618072260492
train:5907,-15.128594596398084,-6.015317050837098
train:5908,-7.610276302869424,-2.685292758469789
train:5909,-1.0341959881036007,0.01636437761515859
train:5910,0.49199940615893173,0.14811488118931532
train:5911,4.672420073279487,7.27984357968629
train:5912,-2.2411576433216647,-0.3130718880234421
train:5913,-0.19017283625225495,-1.4829675669117155
train:5914,-3.5553468219985236,-6.906458072119169
train:5915,2.6473108321924936,0.041204156866616264
train:5916,2.9102006455903853,-0.2138201946075461
train:5917,-3.1212496549904003,-0.11090871643695344
train:5918,-0.3964633686266552,-0.02986050671264652
train:5919,0.3108006486953837,-0.013254717097519408
train:5920,-2.771517162366859,0.014724170617314764
train:5921,1.1344722559565001,4.581456586018708
train:5922,-1.8928045578957682,-0.011125611503784327
train:5923,0.20124191777423925,-0.14438393284409912
train:5924,0.06517876321624164,0.14328484981013778
train:5925,2.7356184632482003,0.36780418294148365
train:5926,-3.0032505978240094,-4.3239869810843095
train:5927,14.069950307483357,4.0408266125246195
train:5928,-35.319730448109716,-12.97285108688849
train:5929,-0.19353604207219555,0.8553141541733458
train:5930,-0.10230925854998615,3.035196296709889
train:5931,-2.3625956876943177,0.09627511703608355
train:5932,-5.5567499717447975,-0.06524948222082291
train:5933,-1.17280560645442,-0.13054455032620732
train:5934,-3.4337348988621637,-0.14106970823644
train:5935,-1.9746233496331298,-0.036075917217794295
train:5936,-4.5899705629549,-0.0020919723621664887
train:5937,-1.0088715224942577,0.03432091544462695
train:5938,2.731654120418973,7.158877484379349
train:5939,7.0661908814936005,1.710775992194486
train:5940,9.796736495103225,8.68723869249993
train:5941,3.503110957755078,-0.05242744960428786
train:5942,1.6706978586944095,1.0995905472172482
train:5943,12.847275753744697,9.263894800344886
train:5944,18.802930255593004,6.60010305310381
train:5945,-25.609278413458892,-17.31988803045768
train:5946,-0.09380128695682696,0.1225056251938867
train:5947,-18.203171896747353,-4.503131010676639
train:5948,-1.8093664620568237,0.08594690237406442
train:5949,11.664873195379952,2.7699510471680346
train:5950,1.6032607933648504,0.021755921942520545
train:5951,0.5253224111279253,0.21873191081198115
train:5952,-5.090612620566501,0.0886688706289828
train:5953,-2.173503926912193,-7.798654783395287
train:5954,3.256197999209586,2.7342593097558225
train:5955,-8.171082272389635,-5.432786170836086
train:5956,-4.13144714897776,-3.82568418459744
train:5957,4.543115177140285,2.3560881854981677
train:5958,6.595587077687136,0.12442491240130515
train:5959,-2.6527402999285905,-3.565931090919204
train:5960,-8.037371362764729,-6.629099207878068
train:5961,-4.608091147698887,0.07439451530138207
train:5962,-4.7238056052800985,-0.3732336991979808
train:5963,-4.8312222335173365,-6.510158896073216
train:5964,-0.38620376607865037,0.11900073441365429
train:5965,3.206823404063952,6.376403484651963
train:5966,-0.4662497731613031,0.21857990571891953
train:5967,-0.0919714919186971,0.026146665022486484
train:5968,-10.244353141524636,-13.441437066007826
train:5969,-0.0033913035762968835,0.12280628285097478
train:5970,3.0949765866840244,1.3858387491906459
train:5971,3.430517503740288,0.19060968464829325
train:5972,-0.31270907146641025,-0.00631373371268007
train:5973,-10.297243900012296,-10.685599993507507
train:5974,-0.38684854712254446,0.14979242965417827
train:5975,-0.14989270483993172,0.579215662523447
train:5976,-19.39084381850209,-5.386405429573349
train:5977,0.7487798683156864,0.08944148591077389
train:5978,5.93751128211661,13.909403266749619
train:5979,3.6897126258676423,8.789688555954546
train:5980,0.11455614786075843,-0.616526124970068
train:5981,-1.2188845248989058,0.09255448744591926
train:5982,-6.049638617211093,-8.425479562330265
train:5983,1.6427480097196803,-0.5526164359906538
train:5984,-1.1487812797827965,0.10905813192108194
train:5985,-2.4485980303814627,-2.149821399865524
train:5986,0.16574531202978568,0.04352239502921707
train:5987,-0.048278873539500194,-0.06120815112976469
train:5988,6.854778480482646,1.9577138653098642
train:5989,-2.1239298825964243,0.2758072196968331
train:5990,7.054335511240837,2.1428530727818953
train:5991,3.6690401145621876,-0.05309898970218954
train:5992,0.45347282348193624,-0.09946057875118311
train:5993,4.201100763009532,-0.16558953495625628
train:5994,-0.30277985019236103,0.11908786450336557
train:5995,2.2377686940184844,-0.3025009003279949
train:5996,-8.600791557654794,-6.60936636463801
train:5997,18.653980313570255,11.906179574512668
train:5998,5.695860713213904,3.506750761963835
train:5999,0.5335200509703504,0.2223110565438218
train:6000,0.23689508414350136,-0.12890598392767857
train:6001,-17.345888222695493,-4.542322503079924
train:6002,5.874953980166384,7.344208142658408
train:6003,0.23793824049662435,0.03845280048483662
train:6004,-2.0112620227119327,0.06468066941765466
train:6005,-0.7896135396457377,2.223732051120332
train:6006,10.782121396526273,3.9593978194244186
train:6007,0.2508433921623573,0.408930369919667
train:6008,20.981660919498818,9.019814137932313
train:6009,-6.9825060880803225,-0.6661357083456754
train:6010,-28.1722141971844,-17.5774238898268
train:6011,5.433112699342564,0.4834625828121431
train:6012,-2.573072676746505,0.38449478440815943
train:6013,0.5616186732188397,-0.034905741923718425
train:6014,0.5082638118545211,0.09978232605447857
train:6015,-0.6536671953534657,-0.0012300870785140056
train:6016,2.0001558085198043,6.464594114824838
train:6017,-0.2835403277089289,-0.4735554200193283
train:6018,-0.018340693006790504,0.04657134186066966
train:6019,-4.180129483483928,-0.1954790788995035
train:6020,1.5212411577079128,-0.10777902358703734
train:6021,-1.9341951423217671,0.0542346169265704
train:6022,4.5683759491917995,-0.14100936271380737
train:6023,1.6872281966168448,-0.1721560693800318
train:6024,2.4696732187404593,3.6224575238490866
train:6025,1.7399836644086784,-0.42224667506614216
train:6026,-0.11153796691704121,0.020948533088290436
train:6027,0.14904167648924352,0.029751275708913227
train:6028,0.6349490198552229,0.02012901806520981
train:6029,2.1374969022535777,-0.0868837800670487
train:6030,-7.22161216908525,-11.825308074355227
train:6031,-2.4912720167518834,-2.6579786344643814
train:6032,-4.333461728251877,-0.013260780181944667
train:6033,-3.382230521319357,-10.141791822488099
train:6034,-0.7278861136132055,-0.17063132847528678
train:6035,-22.011473877791786,-9.309463005452706
train:6036,1.3363710710269725,1.4115179803133826
train:6037,8.149525316861455,12.164399064483337
train:6038,-1.0135194087789414,-2.9694168836430044
train:6039,-0.765123482889773,-0.027148845701251104
train:6040,9.169776164823157,2.194784175518733
train:6041,0.5695094681841345,0.20453616159069382
train:6042,2.226594426409655,-0.2714211372468659
train:6043,0.7974065290733151,0.07399021456582448
train:6044,-17.198184256840484,-5.093377272604407
train:6045,-0.22353204659216752,-0.0063001809357294825
train:6046,-5.272429368261754,-4.7800302217879
train:6047,-3.253220847145273,-2.238612061405285
train:6048,14.433335537473276,5.363664665996243
train:6049,3.5561337525231993,-0.6582701045859831
train:6050,5.039581819840512,5.197283928431928
train:6051,-0.06285563241087269,-0.020361543673990956
train:6052,0.7428705473902849,-0.06407249487306924
train:6053,0.6907529450096981,0.2886949832815785
train:6054,18.930996149311675,7.99436252917532
train:6055,-1.407760796892319,0.35290590056132076
train:6056,0.18299534066403605,-0.08298172159175901
train:6057,3.0923484138197552,0.015324701297035878
train:6058,-14.847175071753364,-4.92329705491501
train:6059,-0.05948115236627993,0.14511743491027498
train:6060,-9.501622098769216,-5.692884788996157
train:6061,2.590463634455775,-0.20000479693833656
train:6062,0.3534950913909461,-0.06093274443604771
train:6063,-12.745879037173792,-2.2490318643073284
train:6064,4.669472967709594,0.668209330395847
train:6065,-0.4367469287980221,-0.008151418936774985
train:6066,-10.89530223236557,-1.1913770029252055
train:6067,-7.769690120118799,-6.074540118216593
train:6068,-10.133339454477765,-7.858526672138691
train:6069,-2.3622423511691375,-7.632018397659441
train:6070,3.161563784687228,0.35907519595963405
train:6071,4.664847048728614,0.1114260160455649
train:6072,-2.489655502149183,-0.024496923904045786
train:6073,0.2747671806450722,-0.0656577417938582
train:6074,0.20621605919911412,0.16986487695245614
train:6075,1.5371550163772048,-0.07736302558966468
train:6076,5.654115862429763,8.995314141065087
train:6077,-5.135562605567212,0.05090844447607326
train:6078,-6.770425137170409,-4.013439791324985
train:6079,4.58017366980098,6.721764191877101
train:6080,0.14569625372468203,0.0026395873929042635
train:6081,1.8923142466193887,-0.36539894583845256
train:6082,-1.1904548821163,0.08060150881873948
train:6083,-0.3008478897576412,-1.8166417859027655
train:6084,1.3273686607568012,-0.22272625931981588
train:6085,23.948315297563585,12.461450826937694
train:6086,5.613270160118911,0.14604508682734033
train:6087,6.718988464356943,4.550923748817941
train:6088,0.4389313982630818,0.024032182161777035
train:6089,0.46267107981951855,0.0275590070415479
train:6090,0.6937398009386736,0.057590034843118816
train:6091,-2.1695251716720696,0.036805924094125
train:6092,4.612269643948813,5.561880448635063
train:6093,0.930600567801024,-0.10924974954259381
train:6094,-3.9093253968384762,-2.2005100696080184
train:6095,0.18328126429954386,2.635839328862263
train:6096,2.7147246516980275,9.349552915818531
train:6097,1.2758891562457015,5.3568180884024255
train:6098,-2.2745251640436663,-2.5483072808072524
train:6099,2.2790621109000586,-0.30484296284586676
train:6100,0.7541171095118322,3.6514085379885053
train:6101,-8.267587775746007,-2.416901838067298
train:6102,-0.7853886692437494,-5.469758717000533
train:6103,-0.14509098931476244,0.011735462312887301
train:6104,2.7783786916257536,-0.2301247202571426
train:6105,-17.51613319919109,-12.227983617965219
train:6106,-22.113314762678385,-9.460810146858567
train:6107,0.9606223170711037,-0.08734428916174872
train:6108,-0.572552984542303,0.08284003525374932
train:6109,-5.248920866425247,-1.9025548362438915
train:6110,-4.378878024482529,-8.685553072187775
train:6111,-3.1839101683992967,-9.864653226537648
train:6112,-17.69719585235497,-21.89976795911364
train:6113,3.955107409262471,0.26163023037206157
train:6114,-3.103837138046215,-5.738537960127862
train:6115,2.2946340234979425,4.831033684119202
train:6116,0.5674996342389308,0.9444942797244238
train:6117,5.885749340843606,1.4789577397059952
train:6118,0.08991406341567021,-0.0645132454455834
train:6119,-8.802355167942826,-10.380724712232409
train:6120,5.944781646038677,0.88300889721985
train:6121,-0.7481930843358668,0.04388382619136779
train:6122,0.6172646429990649,-0.0241960522557427
train:6123,6.009561248765695,0.8794505086358653
train:6124,0.748325179997757,-0.22731305401793284
train:6125,-0.10210004613376092,-0.022538868621508126
train:6126,1.3821992832593488,-0.2205163363772123
train:6127,1.8549858699417632,2.9213775079842597
train:6128,-2.305936781132202,-6.758113084799079
train:6129,1.2417440627100627,-0.2265896567155939
train:6130,-0.046297341385047014,-0.2200131360351179
train:6131,-1.8385283482962178,-0.002152175223989111
train:6132,-0.9586705383045345,0.2897812026889658
train:6133,7.4376898339012145,1.035357232190335
train:6134,-4.665492990796842,-11.525274130328501
train:6135,5.825829975003741,6.738955390126089
train:6136,0.34864670987404656,-0.062276858922723666
train:6137,4.680006580408294,0.7774025206830377
train:6138,-0.999001113154992,-1.4340958252454603
train:6139,0.9737682954737358,-0.09490866462111266
train:6140,0.5053038048522944,-0.008378927263532385
train:6141,-0.778118712123603,-0.05313415559185608
train:6142,-3.240058596665823,-2.299613681103128
train:6143,0.8092761955078532,0.03389560790479595
train:6144,0.7556445926085167,0.06230540259625386
train:6145,3.091297702573824,11.318099759645655
train:6146,-7.196508538804145,-2.4955769922127593
train:6147,-3.9315930365885285,-7.82586933015531
train:6148,-0.2585435701037789,-0.11071726562992512
train:6149,0.9699097211438219,-0.15750341324949713
train:6150,-0.09256460911869563,0.26946651733529736
train:6151,6.745639336685153,1.3596850282138286
train:6152,-5.079899085189847,-2.123950289953329
train:6153,1.0847178240462976,2.273928969050735
train:6154,-1.3092886968234296,0.29243490774629616
train:6155,-1.3016718538942698,-0.2758409118016681
train:6156,-4.792709947022117,-0.04350797477587748
train:6157,-9.474098113290625,-6.837357740898084
train:6158,-1.5675081917164535,0.015440185222735908
train:6159,-10.532776168031615,-12.805548760491535
train:6160,15.824846370771615,10.241278846421629
train:6161,1.4728307993428373,-0.11807317798066749
train:6162,1.2314782419041315,0.6652561089679085
train:6163,0.056441587798195705,0.04943679122525176
train:6164,0.8950823434402272,-0.2502866515484969
train:6165,14.397529529811049,6.1720293201667955
train:6166,-0.06736799554149045,-0.06449298761056252
train:6167,1.766930688534968,1.6138077277035492
train:6168,-0.27505246375355136,0.026464441976775305
train:6169,11.275354080188139,9.320807333245522
train:6170,1.9472959669780985,0.09901802076487033
train:6171,-3.3052594137241744,-7.037950823274847
train:6172,-1.496026817923021,0.07063354836718852
train:6173,1.982358340729765,3.584482072190295
train:6174,0.14954913282770982,0.006429835458351588
train:6175,3.5614426338140346,1.580573608065314
train:6176,5.031579677378137,-0.3280693196665593
train:6177,4.700677696964307,1.8384588437581384
train:6178,7.548951786348672,8.82797244028457
train:6179,3.5552894641946104,2.967815884214239
train:6180,4.182034073227726,0.3804874422550852
train:6181,-2.000396924562636,-2.824365363782717
train:6182,0.7355255643730977,0.7360802464215008
train:6183,-0.03998121853920744,-0.5506514973240333
train:6184,-3.2983893428918183,0.07671450105890545
train:6185,0.6294999662455167,0.013008817037800172
train:6186,1.546326888704519,-0.08095629474169594
train:6187,-0.28057543908365706,0.012069538264719334
train:6188,-1.5003540280652792,0.2605671933463004
train:6189,2.5659351058610493,-0.2553423009986992
train:6190,9.270599812450417,0.6117849827870532
train:6191,-3.2843395668510933,-2.1973371505326704
train:6192,2.652083664781312,0.09452495421892744
train:6193,3.5443639269028484,0.26476113583886274
train:6194,0.44250509501956903,0.04095756765652054
train:6195,-0.19448871405530116,-0.14060802219005744
train:6196,10.21965056108939,3.8260855722979215
train:6197,5.203264965130324,-0.31719881560050406
train:6198,-0.4299094021193013,0.12902921871385037
train:6199,3.5246059063145383,0.665104032544442
train:6200,1.7374903173237541,0.24927088242757914
train:6201,0.3724225386868423,-0.11578086842028532
train:6202,-1.5281397615223917,0.2884874118030195
train:6203,-12.75954014303682,-7.054295186955638
train:6204,11.196692071353375,1.5033739946777471
train:6205,0.4739897039955435,0.5636392419829196
train:6206,8.223719478318607,9.902279099393047
train:6207,0.5807778813802654,-0.3652334592988454
train:6208,0.7866922963219408,-0.03450554268644851
train:6209,-1.7431284163304759,0.8431607371081073
train:6210,6.1160754741142815,0.7896386810180798
train:6211,-5.6222646074274865,-5.387146124498901
train:6212,-8.16570969754097,-0.6008615400489568
train:6213,-1.9975716271106343,-1.4574967632323979
train:6214,-1.7144745675751487,-2.2555865578838734
train:6215,-6.973117564673096,-2.5169039273438267
train:6216,-0.09033138280461148,0.5285530283787789
train:6217,-3.8400788765668095,-0.008044993972510364
train:6218,-36.744792444139854,-12.034040241264465
train:6219,0.0761263840408272,-0.025094708363174276
train:6220,-0.6387502338474871,2.68636151343948
train:6221,0.9877515884577495,0.15222372650870902
train:6222,-8.401833339323487,-3.7504346018218477
train:6223,2.1210030602748615,0.037215717270867824
train:6224,-6.259184843469318,-0.8412507113418102
train:6225,9.367842673344864,2.462316277844987
train:6226,-2.6795604018557033,-1.180599834694097
train:6227,2.1469286628934916,4.657272246888406
train:6228,0.39256597503748747,-0.06983802451386245
train:6229,0.40883003204571644,0.31149396398069495
train:6230,26.034570354166004,8.909615509921402
train:6231,-1.2586773076105442,-6.428774898467357
train:6232,0.40753233391951943,0.009945211808119456
train:6233,-3.4113677669852844,-0.6445086148703547
train:6234,-0.8104488879484878,-0.3338737957084842
train:6235,-0.1693530045370415,-0.19459850504974024
train:6236,-0.5877630758892373,0.0571183268748333
train:6237,7.51252743976738,0.6658407329673139
train:6238,-0.7753176484431475,-0.025532926706310827
train:6239,1.7815072149481002,-0.048273487803729725
train:6240,-2.7652226581373625,-0.12823747537198948
train:6241,-0.8939523045529426,0.1649767469584036
train:6242,-7.419505728676211,-0.21683122932873955
train:6243,-1.0631015891331188,-0.16185310568138378
train:6244,5.940663880770884,0.1984087371401174
train:6245,-0.4252846454295225,0.03867634997411634
train:6246,-0.2757195607885095,0.9220411801591675
train:6247,0.1476783089101758,-0.007784566663844028
train:6248,-19.240491688374153,-12.119609336392665
train:6249,1.7789236740659589,-0.0891788358480235
train:6250,0.13155209963841527,0.0007016116193749866
train:6251,-6.03577666742849,-0.009785955167421062
train:6252,5.439980910508998,-0.22662846045591556
train:6253,-3.5521091436283183,-5.509340244058375
train:6254,-1.0428106580290346,0.13725418505394804
train:6255,9.111738780896356,2.0913827644613767
train:6256,2.4207333205040937,-0.5747818600325327
train:6257,0.3714789906896665,1.3001285625213488
train:6258,-0.6835529565529991,0.08489823842491133
train:6259,-0.48216113290451235,-0.03823301999549311
train:6260,-0.02266023202712067,-4.0297399301546735
train:6261,-2.0628596160090797,-0.04873627947138984
train:6262,1.3959036263550622,-0.15249555517064686
train:6263,11.525131389169994,4.36623848804335
train:6264,-5.025065905646658,-12.196091508566711
train:6265,2.7204115100875095,0.05848958258061293
train:6266,-1.899227611532123,-0.40825150694372353
train:6267,-1.1877494168871472,-0.019300432569164805
train:6268,39.93516213496225,16.702834315902773
train:6269,0.8162036835255511,-0.012500005747384094
train:6270,-0.39553673196645767,0.07086487287061358
train:6271,-6.177432069872188,-1.036321393763233
train:6272,-6.455083911358931,-5.43356167499928
train:6273,2.145457667149188,0.15976798679386206
train:6274,-1.3145279568713097,-0.1842720379826437
train:6275,-0.14308685059644494,0.008700103923587804
train:6276,-2.7473577774576503,-6.323238996370688
train:6277,-8.246971519334693,-1.993265426964716
train:6278,1.2090476489276636,-1.7028879078456889
train:6279,-2.120308648129806,0.03805206626952919
train:6280,17.080171079102865,10.610675617559853
train:6281,-0.13075075670284458,0.06425600385146868
train:6282,-35.82830444579513,-11.152098559654833
train:6283,-0.5264467522545877,0.04266015309353958
train:6284,0.29658210797223694,-0.135711225551797
train:6285,-33.304685718992594,-14.000673147664545
train:6286,0.6637536177793523,-0.14531318969527704
train:6287,3.9031952999662654,0.030167381626498825
train:6288,-0.8872973738219384,-0.14101724472356023
train:6289,-1.8075677001937676,0.06165747286240819
train:6290,-0.17806431897585961,-0.11001088062917941
train:6291,-3.876911884734462,-2.395888471396624
train:6292,1.520077936673701,-0.3934025495386203
train:6293,-20.720581199036328,-8.652740515243107
train:6294,8.187488536993204,3.176461598672612
train:6295,6.429776009666074,2.195759975459176
train:6296,-1.379182613294193,0.024682751120607818
train:6297,5.189721018220383,10.95694992461227
train:6298,-0.08588532838702512,0.7918402226380956
train:6299,8.804370407808982,4.7479286265014276
train:6300,-0.1625061795287106,0.09688545564649259
train:6301,-11.044714301369938,-2.318407673552535
train:6302,0.32669126154065065,0.521013903882786
train:6303,-0.8186916246895214,-0.07343311259122129
train:6304,13.094808445958696,3.375885147728944
train:6305,-6.878368980696535,-7.872713433728947
train:6306,-14.758539674578904,-8.898472048549072
train:6307,-4.598194005661992,-6.460852466918872
train:6308,9.988565684122538,9.196679874388844
train:6309,2.4933667573362066,0.02955176456611955
train:6310,0.27834169100540035,0.10286294358575253
train:6311,0.7197504832732352,0.09438090246602368
train:6312,1.346764976323282,-0.207482452457818
train:6313,-2.2265643799152346,0.03388173414102284
train:6314,2.167193907362028,1.2338044106629846
train:6315,0.8231376803739757,0.08351724611884877
train:6316,-7.5949884542411255,-0.8858517589997197
train:6317,-0.05676859716079974,0.0070764455797047016
train:6318,40.96333422991872,12.546800795061726
train:6319,1.6825999530534625,0.5105450256621008
train:6320,2.0881291646260314,-0.07619324261281632
train:6321,-1.1219340964706945,0.04924744466517103
train:6322,-1.674903666253829,0.04774297942804811
train:6323,-0.7659647492612387,0.05003750023098539
train:6324,7.137586245738141,2.4252079185894133
train:6325,-3.9918192473055245,-0.035787243068746755
train:6326,-1.2123255994211246,-5.384497769221946
train:6327,0.001697439761021352,0.12437376850091794
train:6328,-15.233669440323041,-7.966732043312195
train:6329,-5.778289183534014,-0.5541451179002752
train:6330,-0.2820355092906689,-0.1490459632868931
train:6331,-14.86454063213302,-2.4414728800179066
train:6332,-4.999316971290618,-1.3045416918369566
train:6333,-0.02351753801716361,-0.060414279387282666
train:6334,-10.722091088724381,-1.783378420798479
train:6335,-9.658492357953772,-4.156269226408616
train:6336,-3.3212660232313262,-2.099682116902364
train:6337,0.17983960382351877,0.2278923754136945
train:6338,0.9552962338704899,-0.10497270712820281
train:6339,-10.294499962944382,-1.3050668262785894
train:6340,1.2007030954774005,1.5269887812188838
train:6341,0.40481698921515624,-0.13045638594562348
train:6342,0.06289788296290617,0.024914931588892922
train:6343,2.3932479230933845,-0.015996515205028636
train:6344,-4.054824263826473,-5.494391103099445
train:6345,1.5658461746800922,-0.31000336099581616
train:6346,25.954961775376944,9.528951737617533
train:6347,1.3685709540081974,-0.075967446215779
train:6348,22.616965586674972,6.587849630810758
train:6349,8.617523263794714,0.3790057670823607
train:6350,-0.1371439394553271,0.7256276315331562
train:6351,-1.2710737244174894,-0.4342027565659396
train:6352,-0.7007371995052586,0.06772223355218941
train:6353,1.953533054022253,0.8004080029046381
train:6354,0.5211686148328936,-0.03647786404998679
train:6355,6.215829348919911,9.689254554032344
train:6356,5.499091321672793,3.6941383038015636
train:6357,-0.8492659271966759,0.2033808943512636
train:6358,-2.718925810092642,0.2844452604123037
train:6359,-5.339174637868329,0.039828300349713935
train:6360,1.449368324237899,-0.0038238032652368054
train:6361,12.347140920013322,3.716715803593145
train:6362,5.686812508670402,0.37372817307699124
train:6363,2.2795474837057013,0.048007722226217124
train:6364,32.325877817942384,12.52341355251255
train:6365,-0.01840520016845995,-0.0310075709555014
train:6366,7.3635849364083175,1.0365087902487051
train:6367,3.9603711936546975,0.11889320382811211
train:6368,-0.7453701114662677,0.017865668649258884
train:6369,-0.8293000308270218,1.2154528093854067
train:6370,-0.07331758985701542,0.07977108024369337
train:6371,1.2351159809058072,-0.12926523951247668
train:6372,17.122212546601563,17.524092654081688
train:6373,0.055849516660278306,0.002455626278401263
train:6374,-1.8520118560636933,-0.022073116742040377
train:6375,-1.885949131932548,-3.717259686419765
train:6376,-0.05741663262005739,0.155293822805245
train:6377,-0.9668539981943044,0.19765798462745973
train:6378,1.5257276017447428,4.337094596488802
train:6379,3.189420185449377,4.212288072176495
train:6380,-9.77172369661263,-1.7232015232432822
train:6381,0.4448741931750795,-0.25685229434220985
train:6382,1.1704098349827086,0.3544237402493818
train:6383,1.494639334068395,0.08009431397396492
train:6384,6.3676971067742825,-0.22942001152091446
train:6385,-0.14776437530676045,-0.0601391223499832
train:6386,19.167170002074084,8.220453092802872
train:6387,-0.4328766734415357,-0.02276709025231556
train:6388,1.197049316857147,-0.20696858822017566
train:6389,2.911116066140491,0.011336903674932466
train:6390,13.805776394766323,5.995332494109312
train:6391,-3.2719858061312337,-0.07963193877720584
train:6392,-2.677771868155218,-6.334411049723894
train:6393,1.5902526626986866,8.369812683803728
train:6394,2.1489147860981896,0.1501166620101199
train:6395,17.18483679652498,4.7606271505216995
train:6396,0.12151583134473082,2.631228246161242
train:6397,1.6482047344513147,0.7038580199086395
train:6398,-0.09829453039718414,-0.24550252128493882
train:6399,-1.3467283047690146,-9.873824604691327
train:6400,-9.211302213021794,-0.09418016719481598
train:6401,4.860482044057304,0.0316799071993871
train:6402,26.563948434520864,7.475302584832549
train:6403,-2.608742463879945,-0.12039052451320575
train:6404,2.885332727964894,8.199551001564004
train:6405,-0.4760685767712335,-1.999517822284858
train:6406,13.310993679558468,5.081677314435301
train:6407,-0.5330900019590195,-3.8265093347225156
train:6408,-0.232428572133905,-0.08366257030751362
train:6409,-12.500657909700841,-9.701318011945345
train:6410,5.1002529556293466,-0.13048819930625485
train:6411,1.0237807560306162,-0.47093245836655423
train:6412,-15.827316645109327,-4.547576700712452
train:6413,0.17634261828631412,-0.21264634579761255
train:6414,4.579380987201727,0.3211434698391096
train:6415,3.5809458801710305,4.926854955697689
train:6416,-0.096155159097601,-0.25393609339446804
train:6417,-4.296890003146266,-7.4996959312327665
train:6418,-2.935499248953632,-0.11442701733332644
train:6419,10.848491013616602,4.305901525059326
train:6420,-10.23420494458827,-5.099772471395364
train:6421,5.468583037305869,12.92497291794505
train:6422,0.9740465479873154,-0.18473896681379398
train:6423,10.483349329163353,4.701475413547207
train:6424,1.023005740257622,-0.0906829800983239
train:6425,-11.054481266792292,-1.2731242149533404
train:6426,-2.1927747150289387,-1.102759388947982
train:6427,5.775495327325873,3.152173881090676
train:6428,-7.114373603860043,-3.2047407402157777
train:6429,-0.6369641409585243,0.018357456126552762
train:6430,1.7708959611971569,0.4098289190314911
train:6431,3.3542326128703244,0.10327487667464544
train:6432,-1.0465904290155037,0.19281086961628396
train:6433,1.100386904188606,0.08045314157633303
train:6434,-24.567593985913156,-9.719075288288437
train:6435,-2.4400712296708433,-0.3869742891049433
train:6436,-0.21831335909854938,0.03808077675754294
train:6437,-5.002907056353043,-2.8378916058226453
train:6438,0.12570345031371896,0.03701891668346427
train:6439,0.8061599765681785,0.1535200852892354
train:6440,-6.787333684649732,-1.5941506971724804
train:6441,4.115294382618918,2.015013009005616
train:6442,0.647520012800596,0.08806045793950884
train:6443,12.52032323883272,12.40780922108888
train:6444,2.19409676442267,0.15773699617220877
train:6445,-0.07448935373155688,0.022574010357501118
train:6446,-1.08930707147301,-0.054996057488449546
train:6447,-2.413076086688822,-0.7907669025224848
train:6448,-0.17045863404223177,0.003382101243784047
train:6449,-2.922063162667168,0.4163087156827829
train:6450,-5.340745125739459,-11.096832903144909
train:6451,6.076921602875971,14.942971704952724
train:6452,17.30838928105095,6.770593563282785
train:6453,-1.4839000526747657,-2.7376327270881053
train:6454,-1.3134836382269857,-5.611000907912036
train:6455,8.028376450539673,-0.2901398761189949
train:6456,-0.6039394380263318,0.15164669919743642
train:6457,-7.97148525881412,-1.77350757669334
train:6458,-2.76866675942491,0.1369746411967409
train:6459,0.5904437274681111,0.14832145404220431
train:6460,-9.734551764330694,-2.1461929648238263
train:6461,1.311194448858429,6.887040164128728
train:6462,0.18394679224138033,0.07288131208964627
train:6463,-1.4396147820120508,-0.14212215269705827
train:6464,20.3833580410768,3.9797791987067646
train:6465,-1.254358001048454,-3.536374053658879
train:6466,4.62822604247607,-0.09981534052046603
train:6467,2.814850459688057,0.29158293738893915
train:6468,2.2061422855159574,0.10180290243700144
train:6469,11.88912658958233,2.57851422089909
train:6470,0.959664007975672,-0.1671961809985461
train:6471,-1.3520339316444865,-2.3953420804943004
train:6472,-0.6720451113694104,0.07566191393747718
train:6473,3.094420081656865,-0.11819458232998278
train:6474,10.696604659103011,17.4645916834443
train:6475,1.203077656401557,5.320104614268949
train:6476,-2.0825281401748934,-0.1933597099060514
train:6477,0.19587492192334144,4.0942824739988035
train:6478,-0.9754064855404715,0.1632476979411284
train:6479,-8.225838275797061,-9.576748875220888
train:6480,-1.5936105788267936,-1.435073765098053
train:6481,2.5066987023310388,7.321908546124718
train:6482,-0.9937173373541038,0.2218835734266382
train:6483,-17.119185648473838,-8.836747281205309
train:6484,-13.737823910136703,-2.809909543904788
train:6485,-2.3516734048179195,0.2272674497354623
train:6486,3.1680400712606,1.5933975309375816
train:6487,6.796598367196333,1.2120385082195282
train:6488,27.919581663018977,9.537486277915344
train:6489,0.7796419541242708,4.683308415357778
train:6490,-4.161709492526499,0.04151280352906469
train:6491,-1.982596434815473,-0.34057321867678053
train:6492,-0.7465125856025376,-0.061263325198034596
train:6493,-1.0648839626902378,0.07968851529990227
train:6494,-2.061026450326466,-0.26303778174245884
train:6495,13.977062784178239,3.426560264694488
train:6496,-0.15756830158931479,0.05510755842299836
train:6497,-3.029079497814695,-1.8495927238331384
train:6498,8.885595966117226,0.8067321566122132
train:6499,-8.923077240935507,-6.324093249301005
train:6500,0.09083331952673981,-0.12884824196482855
train:6501,-3.0312116047942705,-0.965401851892949
train:6502,-5.492563602446898,-5.565317492688609
train:6503,0.1292800527982093,0.04397908794724943
train:6504,1.3565593718179865,0.07068972106112846
train:6505,0.49039067890727983,0.2256066639157751
train:6506,8.88407568922599,2.098515234318447
train:6507,-1.3490539332335985,0.1368211024999717
train:6508,1.445127123644533,0.1297747641069428
train:6509,-1.0156497723217148,0.06637284061554324
train:6510,-2.2849960130174987,0.23453530470122838
train:6511,1.0117524368471074,-0.16355110813988138
train:6512,21.836701836448746,13.230171183294003
train:6513,1.3995267204876023,-0.11002792859597513
train:6514,-0.8761794773363695,0.19286265549031623
train:6515,-1.605894602074578,-0.18769215257652988
train:6516,-0.09258355446527602,0.41201769250901127
train:6517,0.8106732695317573,1.0017449187447733
train:6518,0.2939790405979146,0.06739771587462781
train:6519,0.862501926319713,0.13862315818676757
train:6520,-1.1691954137542133,0.1047248811475485
train:6521,-5.831743420796039,-0.04852207426516553
train:6522,-6.828462521097209,-1.6804055628143812
train:6523,-0.04303223294249198,-0.029412658764834537
train:6524,-36.787839990902356,-13.682823721684242
train:6525,5.5208238425537886,0.41524054286786144
train:6526,1.8520401591213118,3.8243705040400267
train:6527,-11.381503519176345,-3.5531752172533095
train:6528,0.6178249835871881,-0.01587536051213087
train:6529,-0.02585339464431824,-0.5151325221527387
train:6530,14.516623465289019,12.621163598242319
train:6531,-0.19868272562589617,-0.6593541840812203
train:6532,-0.6511590290557256,0.16212616998326462
train:6533,18.019068051807704,6.448410101894494
train:6534,-0.5122818512703786,-0.16542579601157165
train:6535,29.696284168908633,19.41146093186936
train:6536,2.1952474327119087,1.3492058784148229
train:6537,3.9383141610703123,-0.050143521366493526
train:6538,7.6479613298690206,13.056548412370532
train:6539,-3.69900740922262,-0.03738968061714143
train:6540,1.0192822241652935,-0.18307097662320143
train:6541,0.25646864911817313,-0.09544592523159603
train:6542,1.60953042456264,-0.06224518822290229
train:6543,-3.690084267212374,-1.033630668225706
train:6544,2.2244214067797956,0.04978659553138698
train:6545,-1.5146706661658116,0.18146041892016537
train:6546,4.600076744331206,0.017792269662510685
train:6547,1.8502004846079712,-0.01800382413222093
train:6548,-4.879043077785138,-0.6326440859453788
train:6549,3.025225167114534,0.1813204686655493
train:6550,0.1278848384402273,-0.013795615558657923
train:6551,1.2956211415111039,0.10825381027426695
train:6552,-3.009293582237555,-3.6320500965327795
train:6553,-3.0862112244374797,-0.012788251914001625
train:6554,6.051476258981698,0.6969017361519272
train:6555,1.8808040768533973,-0.024764412922807413
train:6556,1.0216602719630536,0.0595811517683754
train:6557,-0.17698885092734185,-0.02438154697395327
train:6558,-39.17452779653604,-14.70953531071521
train:6559,3.169161914728048,6.593954942835783
train:6560,0.8946937894916489,-0.08649831055841195
train:6561,-0.6879129433071327,0.11733677439094443
train:6562,1.1568326465444123,0.10144418183024083
train:6563,-13.412899360912666,-0.841957452994581
train:6564,-3.602572573171284,-0.6260378918164216
train:6565,-1.6115766950701351,0.18578368343699836
train:6566,14.180509306212299,5.739785897074919
train:6567,1.7704898566514395,0.21241503280571644
train:6568,-0.5293523640285958,-0.9721950743438244
train:6569,-1.697490936084225,0.10773149338363174
train:6570,18.16682408830853,6.045953114645433
train:6571,6.547423125056725,7.541582797161431
train:6572,-3.295276262138387,0.0278350913741124
train:6573,8.323348290590982,4.359147675142801
train:6574,2.9774912622285865,10.003857019976904
train:6575,1.0615740491887422,-0.09040136765937168
train:6576,-4.9391604980456965,-2.7214022067336994
train:6577,13.999621461645084,9.37295271251899
train:6578,-16.03664807995356,-8.290538414075117
train:6579,0.24507389486846617,1.7394364062639223
train:6580,10.083899597948049,1.329888748775123
train:6581,1.0791258086188376,-0.16571794751786312
train:6582,-0.4450950272364492,-0.10011350161337901
train:6583,-0.5453683880944776,0.06399757379414245
train:6584,20.794790529660524,14.36589275046691
train:6585,0.13568660189950624,-0.035402272872945006
train:6586,-3.097908058170392,0.17873873598686701
train:6587,-2.326657643751629,-0.06753476573631231
train:6588,2.4339597294578525,3.8338192148083574
train:6589,-2.7460583358946513,1.4917723896256125
train:6590,0.20453608349682556,-0.02240123660505465
train:6591,1.648569461430267,-0.1345617004099695
train:6592,-5.374854188247859,-0.28704128332566015
train:6593,-14.8274970167997,-8.254221536993457
train:6594,5.007346835665009,2.477379547451922
train:6595,-8.626692984616438,-2.5014406368256346
train:6596,-8.002851314087566,-3.0447349436074
train:6597,11.584876876246152,11.243421961396567
train:6598,3.2498300381761704,0.24674878196747949
train:6599,9.521677027911753,2.832734928365285
train:6600,1.2359195890423527,0.08745746636081511
train:6601,14.633413274689628,9.940798659381203
train:6602,-1.7979867013636128,0.02859793439041808
train:6603,2.330374013019938,0.12995876088664832
train:6604,0.04966403534545938,-0.13112981629925777
train:6605,-1.9194286975263504,0.9103869332681407
train:6606,-2.2377777005084263,0.12479204999585614
train:6607,0.09731820705500108,0.04017824731665915
train:6608,-11.978861687309987,-4.68066810890506
train:6609,-3.370093411679411,-1.849602139446599
train:6610,7.206030320164463,-0.12200480290883095
train:6611,-0.2318957778472514,-1.1288804405993078
train:6612,1.8763873702886427,1.881086179109612
train:6613,28.987574784363275,14.297041219698476
train:6614,15.767576099037642,16.53439526817169
train:6615,1.3295984001972818,-0.1011782149036578
train:6616,8.94417637249325,17.389982362384014
train:6617,-8.299987805272087,-9.2730028969178
train:6618,9.85398817017798,3.3178261925590995
train:6619,2.8679680974182005,5.186551841016781
train:6620,-2.8635264584403104,-0.09601688945844336
train:6621,-2.958298288240896,-8.97635001408822
train:6622,1.5468503846615622,0.4325887393382608
train:6623,1.6359042066684726,-2.4415065479690683
train:6624,0.7886889963765703,3.7034372207193877
train:6625,6.280567109163684,3.70463756877478
train:6626,-7.3868704514109975,-1.7186788902444656
train:6627,0.23419322201707268,-0.014393756669811436
train:6628,-1.5642916670461107,0.07733122374056227
train:6629,3.3718580615625786,0.17435405599132636
train:6630,-29.897950698815666,-9.88079786508443
train:6631,-11.54425962100404,-4.123399890461567
train:6632,0.12208361059654205,0.0248087206158433
train:6633,-1.3266594875134898,-1.5435685950550608
train:6634,-5.569908967808884,-2.3758563257771734
train:6635,-0.20125627080370673,0.03794250276744443
train:6636,2.8996647083092832,-0.15807655305369706
train:6637,-2.797194964501382,-0.9591111521453204
train:6638,-0.15319965576573175,0.413321540982063
train:6639,1.5135335398359353,6.680715541049156
train:6640,-1.1088634345379034,-0.6014787620434485
train:6641,-0.9054102874439977,-0.0639058313817795
train:6642,7.077900267971486,2.8705534531330694
train:6643,14.175196240673138,14.781613198543868
train:6644,2.350898215968113,2.5186003898775446
train:6645,-0.0358933822698467,-0.04556243310077682
train:6646,7.503868835234539,4.71716068428577
train:6647,14.374569164505052,2.269856573568298
train:6648,-0.16677550756914672,-0.04753204390892499
train:6649,-1.3633655734819654,-4.242298830631517
train:6650,0.4015214287431284,-0.08198223995685555
train:6651,4.235992279954615,0.2389603577060008
train:6652,0.4151286042944171,-0.11886073698230673
train:6653,-3.0935731769062054,0.02116901537015503
train:6654,-0.3811819707145242,0.01804121277597151
train:6655,4.150569455660413,-0.3039916701273572
train:6656,-3.3485017604920064,-0.026588188717926717
train:6657,1.8016422828020966,8.135643523827143
train:6658,2.6297723228820926,-0.3271705208983177
train:6659,1.9905929414323897,4.03234257415355
train:6660,7.99755248788249,4.690477977025449
train:6661,0.16303287305342562,0.04074072322531111
train:6662,-0.33329510830649195,0.027562216909773035
train:6663,-4.049811069417236,-2.1637011553926477
train:6664,-0.6231071890280867,1.5949869150218607
train:6665,0.6114695752987462,-0.21458870839104954
train:6666,-1.3400485010063035,0.054872310747298134
train:6667,-2.8448937681930517,-0.043214521489694735
train:6668,-2.6634201288604076,-0.12358691129179974
train:6669,-4.870936794031131,-8.190243299494835
train:6670,-1.9338604024558066,0.03887924931114767
train:6671,3.6948257773201867,1.9179774086123562
train:6672,12.637243224847868,15.612142206800224
train:6673,0.8278271766836642,-0.13357684150809168
train:6674,7.756752716139099,5.553421803888175
train:6675,0.49247978111240887,-0.17943423158932081
train:6676,0.9564148229225741,-0.24261164263097312
train:6677,2.2515934504826474,0.11398702724159376
train:6678,1.0557388824419807,-0.2416271047159178
train:6679,1.8457644840092757,0.07984251764430397
train:6680,1.0095554740185022,0.1945708760293305
train:6681,8.293409528912672,2.664719583239919
train:6682,-0.6109762395315071,0.1018527980553011
train:6683,-10.895985659591906,-4.010427650982514
train:6684,-1.9215735897091393,-4.716520482389338
train:6685,1.035811632254768,0.9195536036150893
train:6686,-2.7006634258221016,-0.13439246902409965
train:6687,-1.789915518803884,-5.307846116005613
train:6688,0.9301923711311445,0.017236391816321514
train:6689,-0.10896674632163322,-0.7069658028126908
train:6690,-1.7328730561453556,0.021717332193413874
train:6691,4.316074143720826,2.6005259279181874
train:6692,5.2093739676841,-0.07340843227109023
train:6693,4.929039093188388,3.5369360774314273
train:6694,-3.707950542641528,-0.5937999726144596
train:6695,3.890707178383541,3.073205416319842
train:6696,0.07960070489960745,-0.02945731159836648
train:6697,14.227338483627191,3.2800216485506954
train:6698,0.3191607768477438,0.22977293021119627
train:6699,5.304941269582822,0.36469453393537343
train:6700,10.531383570095704,3.4197678982084723
train:6701,4.126774100355437,1.829437259454966
train:6702,0.7737312384494277,3.405785141576524
train:6703,0.6054809861134194,4.251423356220637
train:6704,0.13127384712483572,-0.02379645932691532
train:6705,-0.3034573497335704,0.10416914596216933
train:6706,37.454669060890936,18.899733182517668
train:6707,1.6598762302360393,3.317471537785424
train:6708,2.5698608606223954,0.040011726486179414
train:6709,-0.7622184522613656,-0.00714530357420623
train:6710,0.10438470510036846,0.013865566532292428
train:6711,3.00616963532826,7.242420796005462
train:6712,-27.432546954035477,-13.277299527020048
train:6713,-0.2525831664800822,0.15588351126340566
train:6714,-0.23107822221629126,-0.012105013629679418
train:6715,2.785961479422717,4.339922704386366
train:6716,2.8100567058576162,4.093330926396062
train:6717,6.465871660295652,6.181442080411005
train:6718,-1.663203229418193,-1.2348635843353466
train:6719,-12.299795393465404,-4.944936987863231
train:6720,0.36953866175829764,-0.006470624938484396
train:6721,-14.488478059552811,-2.968963507588805
train:6722,0.11180942129396146,0.044576373093542905
train:6723,-1.802082150640342,-9.322947305214491
train:6724,0.6079101747240344,-0.210023205818826
train:6725,-2.0628803047924618,0.01960566688370205
train:6726,-0.7126275547231791,-0.009546926980255666
train:6727,-10.163850993260052,-3.3192043558026354
train:6728,-0.03604448012600939,-0.12226251966210716
train:6729,2.027406888024341,2.9553367725197566
train:6730,0.22824078008810464,-0.13708308756601914
train:6731,3.920394885162381,0.37342908468881325
train:6732,1.114754218185513,0.8511182144294434
train:6733,-1.7734000582088245,-1.658874337403385
train:6734,-7.682850230392032,-8.760643445499399
train:6735,0.3980257217262451,0.04124467253665803
train:6736,-0.30926043724317764,-0.3569440459378274
train:6737,-0.3884405954954584,-4.693123538905081
train:6738,0.009784778168447722,1.0248456983874579
train:6739,25.29395096206502,8.800236896246405
train:6740,-13.148300514532455,-14.674752322662737
train:6741,-5.529556541883842,0.13710260794331647
train:6742,8.733229817795756,4.899872090093115
train:6743,-4.52022844171502,-12.421481892938752
train:6744,4.509060044943623,-0.030975365277642497
train:6745,-1.433242636730311,-1.3196286431383526
train:6746,0.30851721140140553,-0.03428784229037904
train:6747,3.633062552718656,0.9508438270561799
train:6748,6.45419342322196,5.700906831845549
train:6749,-3.2173957779073454,0.05792421779055835
train:6750,33.4117069951446,11.119324175988371
train:6751,-3.4228316775614656,-1.3711236317790019
train:6752,33.281266308043534,9.904794494795077
train:6753,2.1107302657217226,4.785829038574156
train:6754,1.2791031238754016,-0.007825153664290804
train:6755,-0.04960097978092351,0.1250258710634563
train:6756,-2.5563166218727864,0.10254438199700867
train:6757,2.075742162377816,-0.8500826994284842
train:6758,-0.6282550929875486,0.13135908373246669
train:6759,-2.128711083681891,-3.1878999169161655
train:6760,0.5058024277776312,-0.24857379453315737
train:6761,7.898451820731964,15.257110808586384
train:6762,-13.385745448952555,-1.8623055139344113
train:6763,16.51913032676,5.770223436854603
train:6764,-14.795985907584337,-2.3217519282607006
train:6765,0.8969615358544102,4.638902099705526
train:6766,9.270317143230274,7.521737537203088
train:6767,-0.5193052864267396,-0.07110242727294744
train:6768,4.394233112923687,-0.12533115368534062
train:6769,0.18758569353425775,-0.12961672008312947
train:6770,-29.901610521350168,-9.756978553577365
train:6771,2.5777109753956466,3.359139336528796
train:6772,-5.125559462572763,-2.6205898040563356
train:6773,-0.5898384630581915,0.035672662284638224
train:6774,-1.7460246135457536,-5.050609844337507
train:6775,0.7140966339538686,0.04010652459442853
train:6776,0.1403647077554224,0.18776795264337465
train:6777,-6.797287546497247,-3.983015376339821
train:6778,1.8263270233342705,2.69786083069084
train:6779,0.18794181955832112,2.92115181858283
train:6780,25.38856332551279,6.31126912394905
train:6781,25.953764150523174,8.03962024454169
train:6782,5.990326259217947,4.051709920398372
train:6783,0.20230587913986464,-0.45189786846107155
train:6784,3.294478757297517,-0.1467635864854076
train:6785,6.862999133690856,4.28712821842737
train:6786,1.4863912507878356,-0.036921146851878556
train:6787,-2.267080921357892,-5.350173578334453
train:6788,-0.8043022271597906,0.09706388865460785
train:6789,-0.31793078091715166,0.016520912188937906
train:6790,-1.3336764719536838,-0.1437640181268184
train:6791,-10.767231689482097,-7.10354169856978
train:6792,2.587701565645122,0.08739904675911757
train:6793,-23.994015365924156,-8.379779027809636
train:6794,0.4938984737526561,0.23885664329712628
train:6795,-13.246199837497368,-10.841301142834759
train:6796,-1.7369494438463837,-5.116933996195871
train:6797,-2.4918731537611705,-7.005378507134231
train:6798,2.7344826722863376,-0.005341821279310308
train:6799,-1.0917787999415909,-1.3770650265333304
train:6800,-0.5727303501796139,-0.1824501702758582
train:6801,25.615838676838422,21.243695942378796
train:6802,3.985006188123458,-0.14084573076473025
train:6803,-2.0710070448716107,0.052538272899989136
train:6804,2.7635943475458378,-0.11090397296502075
train:6805,1.3010536905857522,0.13097693108766256
train:6806,-2.4400665805060386,-0.03199175221853169
train:6807,10.756806694163021,2.804447572314015
train:6808,2.7795256405831483,-0.8617151192155801
train:6809,5.010536162721243,0.08380417267297374
train:6810,-2.5023956084643384,-5.479634839555643
train:6811,-1.066885893055273,0.17387856751157568
train:6812,14.162882462770602,8.514451343279857
train:6813,0.25419241802964265,-0.0476178900513462
train:6814,-1.6463650005565462,0.11588345305420873
train:6815,0.017582241150282008,0.14480358112826133
train:6816,0.3973413646669484,-0.020813243463673095
train:6817,1.3408716950164576,-0.21894025541346623
train:6818,0.2425606726040006,0.06714734615306692
train:6819,4.533668539172996,-0.09166127660294146
train:6820,12.15157008315894,9.526739924419196
train:6821,-6.818665336103622,-2.1863263038947713
train:6822,-6.828799120629091,-1.2941502784361048
train:6823,-7.325793908451167,-2.61355805273113
train:6824,-7.087477255630128,-7.077504959457167
train:6825,1.4989333026822975,-0.02249564239607625
train:6826,-0.576153413996419,-0.31712384734484583
train:6827,2.215207691969237,0.17540482418742703
train:6828,-3.5377041713964905,-0.4785469077702304
train:6829,9.305900920814821,5.440893239528242
train:6830,9.675586698948482,1.2827828626151245
train:6831,2.5751613734165817,0.3040001342918791
train:6832,-0.3798582372654191,-0.049837371268220215
train:6833,-5.04843028337421,0.3476784518306685
train:6834,-3.826476350180326,-0.33111980010171943
train:6835,1.7243348081332717,-0.0825831986190067
train:6836,-10.11372555799841,-5.911926196679682
train:6837,20.4768062536574,8.962136943090044
train:6838,0.2468697510035195,0.012969442654238467
train:6839,-17.081464184911948,-10.903153163621047
train:6840,2.3957338315146206,10.923101650186958
train:6841,16.415082018423988,8.212856119348421
train:6842,0.9502409645197677,-0.13199138059608773
train:6843,42.501199841445654,16.619358340178984
train:6844,-6.573516735601629,-5.023696026564976
train:6845,-1.4187816420625832,1.5425931632781724
train:6846,-8.792445938077439,-11.019612318618272
train:6847,0.02510621701246188,0.20861297955824112
train:6848,-6.844706238009415,-13.409617998944043
train:6849,-1.0139793274072768,0.17344352337146177
train:6850,-0.8830118899338048,0.030983151803316802
train:6851,-6.543563096595943,-4.8865019787982105
train:6852,10.607304431361435,3.743112333268593
train:6853,-1.0697651208190124,0.38269440498588114
train:6854,5.879392072889242,3.4094252748046427
train:6855,0.11750557801305361,1.0208805838341455
train:6856,5.345889253519385,2.3864849242861896
train:6857,-2.7917586960948895,0.14119319267902936
train:6858,19.985002723256596,5.12097922630553
train:6859,6.54761281098077,6.43726829263301
train:6860,-4.1871315905967466,0.0775368336329837
train:6861,-1.095610757802996,-0.03477934444605291
train:6862,6.826891860149265,7.552278934052456
train:6863,6.376901058338752,7.6320788260240064
train:6864,1.3149784040932224,-0.08719499462407723
train:6865,12.968153108841866,9.425448466741832
train:6866,0.5225832394539365,-0.21744010566584604
train:6867,3.548538876897743,-0.1429346773404486
train:6868,-2.9781134935563083,-0.14310503218019727
train:6869,-4.163472455820557,-1.4022125608171738
train:6870,-14.15150659448605,-10.622055444871304
train:6871,3.671611102699355,0.013489797958736088
train:6872,-2.6551978484445162,-0.702161985357352
train:6873,-1.0577000732335438,-0.10833828962746417
train:6874,0.06943832801058723,0.016986771064013154
train:6875,4.944923429661168,4.928809979438014
train:6876,5.174329028300453,2.499248165678583
train:6877,11.938779669699784,1.6708485126723798
train:6878,-1.3991837852018052,0.02654582996888384
train:6879,6.640805319497095,8.03710028399374
train:6880,5.911329045600744,3.9587136181796287
train:6881,0.031170587584110426,-0.06132923449225744
train:6882,-0.9130492139059813,0.13458414533387195
train:6883,0.23529600390881988,-0.05263569872169441
train:6884,4.521428682990859,0.03756117042229785
train:6885,1.6448810465322166,-0.24668057858876757
train:6886,4.32927777176704,1.889960537456858
train:6887,1.0288962320655632,0.39482521031273365
train:6888,0.06636453269975816,-0.15308362086209368
train:6889,-6.102705579044861,-8.047191598869215
train:6890,-0.9348954068664596,-4.319131948398178
train:6891,9.98344881333815,4.948710591790639
train:6892,16.22515061847808,22.86844735338817
train:6893,1.254611323682635,0.011576145853312875
train:6894,2.1436421682928333,0.18398216272824003
train:6895,2.6823841314814514,7.633799886035921
train:6896,5.096044531647856,0.704394852536693
train:6897,-0.3621138280687165,0.22220377561469712
train:6898,-3.2463312498207357,0.20508847291663285
train:6899,0.08489714967458929,0.10220788081140654
train:6900,0.3289873678087225,-0.11304028292966115
train:6901,4.134442432784812,2.051648590336829
train:6902,-0.5427039517447293,-0.010202667393449188
train:6903,2.462975167005889,11.431976183338527
train:6904,12.961467609852269,1.4554679240344237
train:6905,-6.400127064031928,-0.6616410368656198
train:6906,-17.836609427529694,-13.716585258337071
train:6907,-0.8195466060971618,-5.301525671479098
train:6908,0.5575303139184384,-0.014126766963884832
train:6909,-0.2131615033490032,0.4023182553670945
train:6910,-0.40573926601648114,-1.1720070887858034
train:6911,1.8119160071881963,-0.2665346835173309
train:6912,-3.1135176290031965,-0.4981643027497909
train:6913,0.2975576189774471,-0.02628253793248843
train:6914,-0.3597618737084245,0.10809599175319759
train:6915,1.6965018856533884,-0.08801201308298276
train:6916,7.0081851118874745,1.9992070472217887
train:6917,-2.1340171754738435,0.06423731528535787
train:6918,-10.66526992631057,-5.459436922074965
train:6919,-13.304696558906903,-20.046108718800713
train:6920,0.9247349490247894,-0.1794180039221826
train:6921,49.797506103124434,17.099973478798045
train:6922,-1.2652248426345527,0.06771681244140917
train:6923,-3.0861293991369116,-0.06171106615023905
train:6924,13.90789808920714,18.26997130282628
train:6925,0.0700183113200116,-0.056499452769497416
train:6926,5.151297065856458,-0.15555445259359738
train:6927,-10.47727908775427,-14.485521317838108
train:6928,-3.506953200626746,-0.6961534686919155
train:6929,5.2895130161774135,-0.08927819910219284
train:6930,0.7660482611509166,-0.09350245701688151
train:6931,1.6040402258444098,0.2660273931884778
train:6932,0.028852978928815415,-0.7232438292168286
train:6933,-5.065807466665878,-0.34718283666517796
train:6934,1.912704321162939,0.3216351503207959
train:6935,0.55517237375846,-0.14465741361688103
train:6936,4.59009452257838,3.168648351430192
train:6937,-12.123635749504881,-12.757310004839276
train:6938,-4.670242112645155,-6.195371541718887
train:6939,-2.5762008672855528,-0.10981932282654358
train:6940,-0.011108219777884454,-0.10091311545346376
train:6941,0.9779044249425085,-0.19848972130346942
train:6942,-0.8521729337201254,0.007843996402740583
train:6943,-29.083290567696093,-11.073685330756543
train:6944,2.644426025430988,0.01688555321931376
train:6945,3.458242333138455,-0.05276345147705497
train:6946,0.33221969963940223,0.5350662789900171
train:6947,-1.8702168231488918,-1.2100531575455478
train:6948,1.1712950359615815,0.09266947205878426
train:6949,-0.020408873970297003,0.08080244656963322
train:6950,-8.587053275656004,-11.443890132722641
train:6951,-3.9245686134846465,-1.5228352715544293
train:6952,-4.405053752167669,0.07094658184954464
train:6953,-1.4123196516709866,-0.06889086373102876
train:6954,-11.733740051963863,-13.747992320981556
train:6955,-2.0314352137173297,0.09992862471513993
train:6956,0.9940618998475828,-0.1205752702621638
train:6957,-0.5915057697863865,-0.17872866688823263
train:6958,26.843078710415597,13.293907468058855
train:6959,-4.903000688941809,-0.9643206256139119
train:6960,-1.5851035370665953,-1.021398930375774
train:6961,0.37143296395809694,1.211785570603387
train:6962,1.588728666475606,0.9126184336582577
train:6963,3.19448545050443,7.7363262156846995
train:6964,7.147196999223047,5.630265763876396
train:6965,-0.4476606107195311,-0.6810479001548138
train:6966,10.329264849529954,2.6730341405687
train:6967,0.5670352989040309,0.19400215871024076
train:6968,3.6152985589152125,2.157112306063635
train:6969,-7.923472404039872,-4.782143884348953
train:6970,3.687401990959555,0.5954876971735645
train:6971,-0.8712918103768678,0.0160103291499257
train:6972,0.5327717678949848,0.33342307039079855
train:6973,-3.481366522122401,-0.6240442069965848
train:6974,2.431140940836578,6.721961063794909
train:6975,1.2810055621136094,-0.08998597504583611
train:6976,0.24388638194814777,-0.0098534693957565
train:6977,0.4026442020435371,0.24733162270675982
train:6978,0.07022357194615257,0.1560160074906989
train:6979,5.85898223939527,10.246218334307283
train:6980,0.2516823339514204,-0.06955245323743253
train:6981,-0.9285202396275963,0.15187303057251125
train:6982,0.7534869152225138,-0.09505382199529397
train:6983,-1.168154814441733,-0.012092316817588863
train:6984,-2.5363082437597266,-2.1270434616358833
train:6985,7.16634411955598,4.6996037037199265
train:6986,-0.27434497709934974,-0.02419883414153781
train:6987,0.7753109084210482,0.20938620114847473
train:6988,7.004642448306061,5.029087404077854
train:6989,-0.40859443435235476,-0.15772464450061424
train:6990,-0.46813437022957205,0.07936863409866586
train:6991,21.49497892495127,12.3360200189208
train:6992,6.4742610781862835,7.962461289484973
train:6993,9.521173058446891,0.0371393224071095
train:6994,-0.7909733622366415,-0.18116167567248342
train:6995,0.3649880592471587,0.07702650025038901
train:6996,1.131116721258488,-1.1813569356128
train:6997,-2.918846870455065,0.0524316339445095
train:6998,-1.3614018824974514,0.0781965328836549
train:6999,-0.13710837334456882,-0.36630723155055955
train:7000,-34.71093905388761,-18.76796829435537
train:7001,0.6712901463865056,-0.030706948963615824
train:7002,-10.857176291465645,-3.4815346676492545
train:7003,4.186773431829948,5.798430902852269
train:7004,-3.7597087645826877,-2.7397332648546366
train:7005,-5.052672646258777,0.10570139439204096
train:7006,0.057469053220101804,0.18781303345933664
train:7007,0.1780125982842719,-0.13131185149282568
train:7008,-5.432430375026002,-0.18314444694035464
train:7009,4.04571172773185,9.956398904277
train:7010,10.953793666617006,2.4978332557649416
train:7011,0.27762141914798494,1.2723027141904488
train:7012,6.130349339898609,4.468374497715951
train:7013,0.26039533371248036,0.0005817765389697777
train:7014,4.339553820735543,-0.04226761036327856
train:7015,0.3704013142878663,0.21536269046206463
train:7016,1.8170398517197923,0.3938989136733634
train:7017,1.9950991444196409,-0.20855593938791217
train:7018,-1.0043654357361271,1.3427992667590642
train:7019,-12.20302767721403,-3.8668389750680294
train:7020,21.430476412446627,11.954824628151822
train:7021,-17.90349603174634,-5.7221873193714305
train:7022,6.887625759662968,9.54452801549725
train:7023,-21.633379620191793,-5.809750812623518
train:7024,1.2951343739560195,-0.06835991586138818
train:7025,3.994152025127864,0.1861796385151706
train:7026,24.626574512302078,14.072881142151928
train:7027,4.439316064037821,3.692746504939143
train:7028,2.414807030127154,-0.24351347294142733
train:7029,0.7522030483616117,-0.18095503148918946
train:7030,-0.5577994411792202,-0.05838639163824699
train:7031,-32.91913234137945,-13.710320736848079
train:7032,-1.1143599096286203,-0.2037892494083774
train:7033,1.7866194365676837,-0.09397716086217717
train:7034,-0.30306623874434935,0.05015640801612556
train:7035,0.5202362248312498,0.606327921482696
train:7036,-3.772081586878248,-2.4393067182787727
train:7037,5.7192683281741425,11.285199894285265
train:7038,6.653011236776155,1.7466837180730475
train:7039,1.8728825974003898,0.32682543591044166
train:7040,12.52737509200895,3.8314519013271147
train:7041,-0.44002226540314815,0.15272043578394812
train:7042,3.695808610759965,10.231000420382301
train:7043,15.14601902809395,9.85060963658176
train:7044,-0.36988310548892045,0.14919560815551733
train:7045,0.27391324529951294,-0.03397159893979779
train:7046,1.6626964136067555,-0.2263138577046494
train:7047,6.186080738082126,6.659102428333216
train:7048,0.9437307390433192,-0.02195499359135525
train:7049,-10.552393783842815,-2.3642003669564264
train:7050,-0.63024418003481,0.15199422093061152
train:7051,0.492148295661812,0.12617992568600148
train:7052,-0.7737121174922991,0.09411969052290232
train:7053,0.4362476678793927,-0.06498777096486655
train:7054,0.30641997315786773,0.04609927724035913
train:7055,-0.40989033092718985,-0.13310531186581867
train:7056,3.561877795639783,3.128418573651683
train:7057,0.7041750838017475,3.4404885248970136
train:7058,-0.25412680542446403,0.1465320595022965
train:7059,-1.0914435951591503,-9.16469709253405
train:7060,1.6878572286149622,-0.02192335855673637
train:7061,-0.2299348763616204,0.048075236454552556
train:7062,0.1787322889960867,0.03983561171622675
train:7063,-1.2102444007961641,-1.0468374927120303
train:7064,-8.87499929785399,-1.0885399580322337
train:7065,-5.787794865894327,-2.5626760775910773
train:7066,4.303704575840629,0.2964870453937124
train:7067,-0.20466672376097822,0.3785333458100252
train:7068,-1.7819943880382367,0.0688578849302438
train:7069,16.40322106917346,10.903409893260182
train:7070,-1.9940224546984937,-0.06097286778886196
train:7071,0.8199904282592276,-0.6789655516415583
train:7072,-4.069301298112777,-0.07509921252608123
train:7073,0.24062964200224174,-0.05076142099983291
train:7074,-0.5126229256233857,0.09320787395574767
train:7075,2.483691845376991,-0.1690805341401143
train:7076,-0.8657797605840537,0.06823060534864653
train:7077,0.7307472690156337,0.00011374208654192641
train:7078,-18.218231471383724,-7.567360524061949
train:7079,5.25376605290821,7.539547312724262
train:7080,1.2528646324653945,0.00591311800450911
train:7081,2.2100113204666827,0.22016037350257325
train:7082,1.2558975151259397,1.892789358658471
train:7083,-1.743825209905626,0.14718380541280984
train:7084,2.7677111829806695,0.03631734648505626
train:7085,-1.0582661090485534,0.0839915933121194
train:7086,26.333333123199317,10.126002064217737
train:7087,6.299332533066125,8.19028603791896
train:7088,-1.4642915027349361,-0.4561867873878956
train:7089,2.4526521614728556,0.3449332298637191
train:7090,-2.1485911448463333,0.20995449048513445
train:7091,3.0937003909450507,0.1622222520388038
train:7092,1.521345066541305,-0.012001406216412408
train:7093,2.412995250602643,0.40433940239285737
train:7094,0.2291824684193584,0.08385018078420076
train:7095,-1.1139596165389096,-0.0441935669635648
train:7096,-5.571538964989519,-2.792858723892847
train:7097,-1.5617560125614611,0.012359246704639434
train:7098,-0.10122042415265398,0.07970877313492315
train:7099,6.02822811037427,5.938814846330774
train:7100,-1.9418485974237663,-3.519563759772608
train:7101,2.1911371061078038,1.3731880165417258
train:7102,1.079500763760361,-0.01761639303744658
train:7103,-1.0797032917353113,-3.3736939375061246
train:7104,0.8269042012407506,-0.2599415428524892
train:7105,-0.22293834824656833,-4.441941506692019
train:7106,3.6139712223633835,1.9928295383712713
train:7107,-0.2444260906005808,-0.03030892530369851
train:7108,-8.741137755289403,-4.579840298860215
train:7109,9.467031674626686,16.5254133435737
train:7110,-2.538324354077417,-7.369901985002643
train:7111,1.240696373421255,-0.3667124952465847
train:7112,0.5177800710647656,0.011779294846761712
train:7113,-5.948338430191319,-0.6237039609647201
train:7114,8.165643971240407,1.923674140077524
train:7115,0.6682850424856704,-0.10371169256335547
train:7116,6.157907729196756,11.624288661659289
train:7117,0.4326982630090116,0.000658456724348111
train:7118,-4.267194392787258,-7.22290713958845
train:7119,7.019031613377551,13.760006583938162
train:7120,-12.038183170555929,-2.538200903704793
train:7121,-0.11507290126196673,-0.08248590394658245
train:7122,-1.7940654795379518,-0.04506547416912021
train:7123,-2.5032029359327272,-3.451717702393098
train:7124,-4.390921685909895,-1.3107313164006957
train:7125,-1.523621703164888,-4.5297460967130165
train:7126,11.76159720948216,4.68014476923508
train:7127,3.0875453616597044,10.158454545277948
train:7128,-6.912059618372484,-10.691461640869042
train:7129,-0.47441771646353625,-0.18037966260983318
train:7130,-14.402791162697687,-9.473188540021185
train:7131,-4.076598162274233,-0.039928971704846855
train:7132,8.874504918558404,6.504261809011923
train:7133,1.139096780188039,-0.0276203753435241
train:7134,0.26050110221179423,-0.06716174338334857
train:7135,10.376057763459368,3.722161452032702
train:7136,0.27890040438584185,0.046659078258823476
train:7137,-1.7113546293036301,-2.601209618338613
train:7138,2.8747307725435607,7.665537921759621
train:7139,0.4160788935805601,0.06870249164294454
train:7140,-0.022028003728200046,-0.06610487643762011
train:7141,0.7436216199645335,-0.22683506897400707
train:7142,5.708956480636641,5.705489667706187
train:7143,0.5817532761563555,-0.05374260394653255
train:7144,10.578935227721296,2.6518196221559176
train:7145,-0.7262039295576346,0.160249681018848
train:7146,4.309867043789664,5.223134637848292
train:7147,-0.8219161691691528,0.2112795954188771
train:7148,28.464376373867232,9.762011567135508
train:7149,-3.4974182285281614,0.042266623249137464
train:7150,5.427246848108089,-0.1432314831556665
train:7151,0.6251496265083534,-0.18620848015246538
train:7152,1.159841818464452,3.799289592354456
train:7153,1.804545453764582,7.230249546338973
train:7154,8.883674001386836,4.616830189824607
train:7155,1.102431374411607,-0.08209790220856808
train:7156,2.827668207055456,2.2834929497535508
train:7157,7.1627028936807,3.198854780697666
train:7158,0.6606463484819272,-0.13928363056036483
train:7159,0.40278158486352506,0.11183559523109271
train:7160,-3.8242689267309093,0.03476673047589633
train:7161,0.5910980974144155,0.14814548193306165
train:7162,0.30787469682535384,-0.18810444231744783
train:7163,9.164322694506886,2.384802668014596
train:7164,-6.105972547153338,-3.1320350850042162
train:7165,-19.434075472190873,-14.733582216849856
train:7166,0.1725658692569683,0.009339474008833115
train:7167,0.6099659191716875,-0.30013469246802954
train:7168,1.6668839163466234,-0.10311348012179697
train:7169,-0.15248670634288425,0.03654528279424367
train:7170,-4.144407160788192,-1.4189057301784298
train:7171,3.0508034771222303,0.3740003699024831
train:7172,-8.44532720590727,-3.408215285633046
train:7173,-2.4413711361503228,-1.5368455617227084
train:7174,-0.8286508330765628,0.021136381709866106
train:7175,0.2006926189525279,-0.1278399510249072
train:7176,-1.6067824763232137,0.10908769837395571
train:7177,-8.159800609073809,-1.5435655991780508
train:7178,1.543112921074819,-0.25707987399937227
train:7179,2.7440608816176093,-0.2888500797357288
train:7180,0.8272982179579748,-0.016683747992031026
train:7181,-3.0115316901746843,-0.10942686293821649
train:7182,2.7573309927205347,5.261965769045501
train:7183,-0.1732195986762441,-0.009918701051131837
train:7184,-5.3924949791839705,-2.4760792539875913
train:7185,6.932026213383726,8.59778465819364
train:7186,-8.593127874390223,-4.147516985714735
train:7187,9.366215465663112,2.299473813690446
train:7188,-1.9925421606245801,-2.4760769714146313
train:7189,1.7938233174330391,6.046368542924171
train:7190,-2.8365134161737897,-0.0010207323398299106
train:7191,2.379956890748836,8.280797474149017
train:7192,-0.5572216662230781,-3.572532006598191
train:7193,-5.679351702068144,-7.328022477617221
train:7194,-0.6629995219811124,-0.339940232662783
train:7195,-1.955981593514501,1.5152024304177913
train:7196,2.8579723930874397,2.9924768024751516
train:7197,2.495244555000948,3.9380335071611294
train:7198,-0.5751104901015363,0.13271660833528323
train:7199,1.8552359950082722,5.876367074001898
train:7200,-7.598069920673883,-2.328202194124321
train:7201,-5.849343299081866,-0.07084624412337881
train:7202,17.081318492976738,5.402092352422755
train:7203,-5.761595892385163,-0.28624084918591786
train:7204,1.015775126694638,0.0726593675344791
train:7205,-1.0287818032299323,0.16122519563767046
train:7206,-1.5472677040505038,-3.8920654007798063
train:7207,-8.59246490348903,-7.149283319403689
train:7208,3.81821461124502,3.4941001719757248
train:7209,16.335731933198083,21.218142538090486
train:7210,-4.385184616540519,-0.48020990483247267
train:7211,1.0004284661315566,0.048922035357546884
train:7212,-15.26644047320056,-2.4300443225283095
train:7213,-0.3097811437013382,0.32920958336726536
train:7214,2.2847447850412164,-0.16360086109737104
train:7215,-2.2716096727944475,-0.06955769602220027
train:7216,-6.8024318473539855,-4.065938969407267
train:7217,-5.389972342360775,-3.942165594681025
train:7218,-3.5267660813597552,-0.718400566047523
train:7219,-0.9242185998917655,0.0009217372492145576
train:7220,3.909210854307461,10.945121631533036
train:7221,-2.485417788429421,-2.2503219460122144
train:7222,-0.7790622601207787,-0.12361244757679088
train:7223,-1.125085300375527,-0.15004023780223136
train:7224,-1.2170272997884264,0.08107232515696246
train:7225,-2.0008627708760973,-0.024844944950055917
train:7226,6.2543160650087035,-0.23982875821018207
train:7227,-0.6505572527862777,0.07092732264019379
train:7228,-0.05325057415285245,0.9562994617524372
train:7229,0.5567124096001179,0.7788722123477216
train:7230,-0.6957019215631979,-0.3941007315427907
train:7231,1.5084115549702615,-0.09532537684714079
train:7232,1.646465249439522,0.18599781731281767
train:7233,-3.7050950256182937,-0.37879533087607264
train:7234,4.007621120484444,-0.49438125905524893
train:7235,-0.15402470817493996,-0.3644495738130638
train:7236,0.17429152300346604,-0.01170802426063465
train:7237,0.11921740049425646,0.14535414485927778
train:7238,-1.0514089396485313,-1.9679501235683055
train:7239,-20.139885637563825,-5.509407009317457
train:7240,0.7995216666013522,-0.4570264175851871
train:7241,0.6524537064916673,0.2437895687855208
train:7242,1.7492480551156118,-0.038659219165386643
train:7243,13.470871018538903,3.634930643789549
train:7244,5.311666751389742,1.9649122444611573
train:7245,-0.33352053468497467,-0.05174884779629085
train:7246,-0.2533682360719674,-0.08877289451315085
train:7247,2.503478225870612,-0.10626453642801148
train:7248,5.701855811229957,3.5584079559454613
train:7249,-4.997544244750469,-5.072508278673459
train:7250,3.9057807005143284,0.35322481880208967
train:7251,-8.264152042955107,-0.37886551999459567
train:7252,13.924215727839748,5.979906866044961
train:7253,1.264845065251412,1.8866682112835347
train:7254,5.905256306532446,3.548880781731627
train:7255,0.48914505142689885,0.10622920372386141
train:7256,1.9511106067006052,-0.03238428343726377
train:7257,-0.8439217122533226,-0.16799147934912823
train:7258,0.02034384504445498,-0.034863728315171594
train:7259,-19.0965033350313,-7.1746136021851505
train:7260,-8.711058588833982,-1.2158965443234018
train:7261,1.175866559714343,0.4953564998639803
train:7262,2.283602950165107,2.412616390176646
train:7263,-0.6847556954880538,-0.006957133965808049
train:7264,-7.078001327924567,-5.421897727173173
train:7265,0.43682172350369064,0.07040140356410593
train:7266,-8.952399523360675,-1.8317469977878424
train:7267,0.6518568699598248,0.08909150327862617
train:7268,3.0896737493074355,1.5754747680548824
train:7269,6.729319838386624,9.08895840868288
train:7270,5.297315244553173,-0.25408082278621935
train:7271,-10.764168819708559,-6.988501733310497
train:7272,1.1974000963416849,-0.2248972715264903
train:7273,-2.000499206188346,-4.242713688267015
train:7274,0.2626943457085553,-0.06954011307736702
train:7275,13.648934960403556,3.8711652469734017
train:7276,-0.9751336957955378,-0.15736223254539475
train:7277,0.17517009892249186,0.06518472572460907
train:7278,37.46238667446725,10.969267829591447
train:7279,-2.9969658568406037,-1.591864415031321
train:7280,1.262371477116909,2.6942649223138235
train:7281,-10.617576934074908,-14.223718188320085
train:7282,-9.236883777444854,-6.102822909121943
train:7283,-7.738639278219131,-5.963824487430219
train:7284,-14.001067989892736,-5.554827358007233
train:7285,0.05850837401226068,0.10197523669548893
train:7286,5.511254931552127,0.44460263413131323
train:7287,1.7597835274802338,-0.17950713126323398
train:7288,-0.38925390876353394,0.014453685721543014
train:7289,0.8984417136992037,0.5959850127572461
train:7290,0.21070517650570683,0.4263764317057307
train:7291,0.46740299975805266,0.36115461992628445
train:7292,-18.7849274677954,-9.398206588925165
train:7293,1.79271890833361,4.567758295041913
train:7294,4.128705828331916,-0.07642602938954393
train:7295,9.288878468797776,2.6586225455418737
train:7296,-2.7768413859015504,-0.5564330406407498
train:7297,-9.779670978930307,-3.408126835930842
train:7298,-4.219812429677049,-3.0114287802601116
train:7299,-0.8984537421462685,-3.697898617250583
train:7300,2.1730141967814136,-0.07998884045863888
train:7301,-0.22539194497240977,0.3070908807406635
train:7302,-5.092018992920015,-5.683807566977082
train:7303,1.6583015581165843,-0.0826640159678752
train:7304,-1.18099848090292,3.127219937526011
train:7305,0.6882052026965554,0.6447590317686471
train:7306,-2.854232313078625,0.11293476110698801
train:7307,3.6612067367822347,0.010319553773575726
train:7308,0.02391231149053659,0.09195160286283305
train:7309,-3.7207399301036164,0.23947308065716308
train:7310,0.2383720075729313,-0.06635767139295112
train:7311,22.397050793068626,8.805731620004604
train:7312,-4.86873401974652,-1.1375560724382152
train:7313,23.480944058046042,9.813994883728808
train:7314,1.9823715908494588,0.6299085407598364
train:7315,-10.013193877920903,-5.986743231879335
train:7316,-0.9968774909011858,-5.152755554945188
train:7317,0.18538826578917214,-0.01511754628937792
train:7318,8.360350063441055,5.6503153141146685
train:7319,-2.0060324096810227,-0.17773646095463946
train:7320,2.0191515985383344,0.2634691995434466
train:7321,-5.164329312798181,-1.3244384523477117
train:7322,0.27952594951035525,-0.08258583784399182
train:7323,-15.740299157287009,-4.599607380694675
train:7324,1.0341948851938274,-0.17339190431191304
train:7325,1.5134507847024063,-0.009984432019342196
train:7326,2.143953197418288,0.049069546635093296
train:7327,13.637358540039093,21.543840591194087
train:7328,-2.139839789475632,-0.2833347058252815
train:7329,3.053417237575604,2.464103817794365
train:7330,1.7239068525129708,-0.0959049720529935
train:7331,-9.094298542040155,-6.173789243737909
train:7332,0.04260474350553976,0.015488047924492987
train:7333,-4.512508038639828,-2.6713197027729216
train:7334,-7.134885718979726,0.05083326222919999
train:7335,5.1173739699402585,-0.32651634975403426
train:7336,-0.8516344442065857,-0.031472752191729125
train:7337,0.168690209246396,0.0843550573908127
train:7338,3.212469814719631,2.1000488380260136
train:7339,-1.8996555671524238,-0.6690314374671813
train:7340,-2.0916179547433993,0.6470266253436958
train:7341,0.15092133381990705,-0.04926095026539015
train:7342,2.062960446037656,0.6318036469599588
train:7343,0.9754829074538217,0.11334491093575584
train:7344,0.6180802227349829,-0.05290215344958349
train:7345,-0.14218653983195567,-0.10287570021671913
train:7346,-2.4296575654241126,0.05481902693476082
train:7347,4.100086034708786,10.608224134200706
train:7348,4.624694536890188,12.085183511189571
train:7349,-2.5658878574568504,0.21665362813181077
train:7350,-9.277652303619943,-2.7007666058879223
train:7351,0.580040872529552,0.10540679981937814
train:7352,0.8485239798752251,0.15142186576086664
train:7353,1.280145001708203,4.0550142300797365
train:7354,-4.9153298090882025,-1.7405178350226453
train:7355,1.2461521683199281,0.00633664228421503
train:7356,-0.4248279231019908,-0.10143068887216627
train:7357,-0.43772104505379084,0.08704111078681201
train:7358,-5.838643246283147,-14.460134541375885
train:7359,0.31664825195799895,0.044505256679754815
train:7360,-8.200318080349428,-0.596361162136501
train:7361,1.2559507480629568,-0.07006460554535482
train:7362,-0.7857260823794726,-0.008254420041599472
train:7363,-8.904281597461834,-4.9881940280300725
train:7364,-1.1784723572061204,0.12007051216268831
train:7365,-0.31192068934460154,-0.4161573410518374
train:7366,-1.3744074561229724,0.06665873287879567
train:7367,-0.195754681631704,-0.015666790407901796
train:7368,0.18933099000205664,-0.13199366316904784
train:7369,-2.0816891983858303,-1.3224991212964876
train:7370,-22.900011097328814,-8.236689094086936
train:7371,8.182535316809952,4.760901629920152
train:7372,1.8625430873322988,-0.19291844218810095
train:7373,11.424284495718709,2.764961913320498
train:7374,1.009696576170334,-0.06932526589749766
train:7375,-0.3628489191389479,0.09960713857979095
train:7376,4.839152140848421,-0.07537518986303826
train:7377,-19.58709250358504,-8.074155633246868
train:7378,-2.0525294042705986,-6.5744315854836906
train:7379,-1.6490496607731964,-0.5991708667895732
train:7380,13.640702219366853,15.804642997390195
train:7381,-0.7875305975839753,0.1660646782955109
train:7382,2.1413450159626803,-0.07805814038641992
train:7383,-3.555093442516651,-0.501832361831468
train:7384,6.494225056775456,7.319802301925787
train:7385,0.28345193672994173,0.8517744541554719
train:7386,0.5974282839837903,-0.2673651477575795
train:7387,0.15231085295100294,0.4967333906717552
train:7388,-3.2249762411219063,0.03286859273356129
train:7389,-0.017650524491487518,-0.029362014177282347
train:7390,-2.2708834732519056,-4.212327506378934
train:7391,-6.686226437969365,-0.12208333768473936
train:7392,1.343376897471635,-0.039618541782273364
train:7393,-2.1666408298270445,-3.0738408873864853
train:7394,-9.01260527775253,-5.466964847697372
train:7395,-5.99448743479524,-8.763957741437464
train:7396,3.0980534039519765,9.295630553495627
train:7397,8.429753725483133,0.5013297793093451
train:7398,0.8439308375061204,0.06543723535832005
train:7399,2.681520781577162,0.09123152242432674
train:7400,0.2553122856020482,-0.037015053330065134
train:7401,0.2792782652553686,-0.5226597344710961
train:7402,1.2038075752759427,4.991108243238003
train:7403,7.349181823842412,8.329794044024027
train:7404,2.0181868968412955,-0.3011245088330551
train:7405,23.953645100096043,11.521154026316644
train:7406,0.6306763211703031,-4.403203675664554
train:7407,-9.095375288608993,-13.878772338730444
train:7408,3.6528624157902114,0.17245488395811875
train:7409,1.3532610218470755,0.10577885921187433
train:7410,0.7288093808957874,-0.24570709688648773
train:7411,3.1811116630263525,-0.17823841301464632
train:7412,-15.070995163795915,-3.989932999017022
train:7413,-14.024260813438984,-3.283143126892507
train:7414,-0.1932247223739404,0.26634809468937176
train:7415,-2.9544194900440806,-0.8976510919345229
train:7416,0.3335882975288756,-0.33337672978122007
train:7417,-1.0391199185485815,0.08219909589959395
train:7418,-1.750142843730027,-0.7876521890576196
train:7419,-0.10037334632518205,-0.058509472252079836
train:7420,0.9721713073632167,-0.01072901445196707
train:7421,-7.29615594773574,-0.2481187778796426
train:7422,-1.3161430767245683,0.19960152417257926
train:7423,-2.37710712580018,-2.5047283978530372
train:7424,1.8074042252031792,0.14177795933924475
train:7425,3.0743924095098647,3.4323694128779403
train:7426,0.9283454904123563,0.015565298753111342
train:7427,-0.14657064412851534,0.040419950394012166
train:7428,-13.102558311848972,-3.0012679067282297
train:7429,-0.3177244742289295,0.42882434854462714
train:7430,9.862418965635376,3.871293356380787
train:7431,-20.188625621713577,-11.355506625134637
train:7432,1.6397832373235284,-0.12926730809422177
train:7433,-5.179399580513604,0.10733935448212718
train:7434,4.121678615729151,-0.0884242671586982
train:7435,-22.98303216308475,-12.327251574713456
train:7436,3.1083638567400365,0.2395931297287833
train:7437,7.720214000103604,0.679410486554294
train:7438,-2.927591484536799,-0.14535944746292154
train:7439,-5.08245566091612,-0.1189906653150199
train:7440,9.824011285348268,2.153435936989775
train:7441,-4.086178231271426,-8.697036126106793
train:7442,2.2733520066865514,-0.08533790752982148
train:7443,-3.074797989757673,-0.032199787344723244
train:7444,-0.10315900964722094,-0.023036326865999768
train:7445,0.9184771731972526,0.18451100635093304
train:7446,6.571051110428722,7.029360870763877
train:7447,4.525637106972349,10.914925473843883
train:7448,0.4529563012721002,2.7738473992109243
train:7449,3.6727148144240633,-0.06074960362120224
train:7450,-9.23899821759817,-16.31061187498243
train:7451,1.0049846476404616,-1.2232751040777328
train:7452,0.9464393424587151,-0.014913184679044025
train:7453,-21.839605412946284,-4.996914598024132
train:7454,-4.493769114976774,-8.390804425850156
train:7455,0.0362229512068295,-0.08538384431064347
train:7456,0.22974757440140675,-0.08900849884087611
train:7457,-5.708053785908322,0.15428560319572868
train:7458,-2.192512967050417,-0.0696043104418698
train:7459,0.7726795973705355,-0.16005672076178568
train:7460,3.8084085928383034,-0.08262449892350349
train:7461,1.01470884074661,-0.11650900919455698
train:7462,-0.11279266026879198,0.10556351271916996
train:7463,-7.472453671890972,-0.48640416587253704
train:7464,1.255287777161763,-0.20995119777497534
train:7465,1.1132802004840863,0.24989010167341108
train:7466,-3.7390125425367273,-8.194506004497821
train:7467,-0.3306285798325813,-0.14340647447174037
train:7468,-12.526337106584807,-5.031564055558438
train:7469,0.1090206197856792,-0.05379599475467736
train:7470,7.438685685002446,12.74463595865945
train:7471,1.0540833148549182,-0.2170673329692998
train:7472,-2.645824202364665,-0.8739143304008306
train:7473,1.2005164315104797,0.8093138892908953
train:7474,6.315038806526874,7.867942225780223
train:7475,0.4897565328278772,0.2020377428250552
train:7476,-1.1428982266385432,-0.08261137412898292
train:7477,-1.1828967348928034,0.06357872165596423
train:7478,0.4152592458254378,0.025633300097679154
train:7479,-7.694132823540818,-5.026655953050985
train:7480,0.7643646823459042,0.036627277094794734
train:7481,-6.255220035723609,-0.020011596707045734
train:7482,-0.4533103339051333,0.033727196818583625
train:7483,-0.3377731838466728,0.1620364363337707
train:7484,-4.027804247812744,-3.562772865907287
train:7485,1.0748753096958619,-1.239975834461919
train:7486,-0.7556747527983211,-0.01912160724382203
train:7487,6.458646858188674,1.2943077161514758
train:7488,0.45023886444357475,-0.20290801575236783
train:7489,3.819461052329242,4.242801222185482
train:7490,0.6084960857185853,-1.043015324290344
train:7491,-4.564867397590275,-5.296103419412382
train:7492,1.5319181971408473,0.3263356813496904
train:7493,-4.4629535208162405,0.03494213194179896
train:7494,0.5554424902336308,-0.25175145708043806
train:7495,-0.04149428922499632,-0.07265964134457015
train:7496,3.110386708346694,0.0032776022004545047
train:7497,0.9934793594975156,-0.08638781976106213
train:7498,-2.66340362432535,-0.07484770151804032
train:7499,-0.9279019007085308,0.21876343885099253
train:7500,-7.335685006573814,-12.637236395559736
train:7501,-10.815372861204962,-0.3596640882718107
train:7502,6.992366793554925,8.53911568540021
train:7503,-24.30739324943848,-10.283127598890966
train:7504,15.604240711275244,2.858585067138409
train:7505,-0.23619794061412286,-0.10119476355761853
train:7506,-0.6583619219735598,0.11446925644461724
train:7507,-0.31614108492546494,0.021744865729745072
train:7508,10.513493583926044,1.1173481088819606
train:7509,-2.5149153443677363,-0.022831287616818352
train:7510,0.43176750021504956,0.21759176561841156
train:7511,-0.22565787719925606,0.0027875266528806925
train:7512,1.4497827972802653,-0.03021830002414208
train:7513,-3.579942763482922,0.07899942792236982
train:7514,3.714291830358743,1.4729096346657822
train:7515,0.18762439783125942,-0.012914756387274628
train:7516,-0.540401917791531,-0.19170784038698951
train:7517,-0.9814063489504504,0.1370619496124647
train:7518,0.015959101487734634,0.055796146487695805
train:7519,-6.040573675674294,-5.68215669608369
train:7520,-3.240599294532645,-10.107021388586908
train:7521,0.25524917318982027,0.12673109572546043
train:7522,-2.4154552967777834,-0.14295349073476818
train:7523,0.3908374155629866,-0.2959684261726084
train:7524,21.660708632588243,9.355462497212228
train:7525,-7.531995990465152,-15.740612320532367
train:7526,0.7721651672848617,0.11035270744148322
train:7527,-1.5824644386650344,-0.0010190560753123301
train:7528,21.215737069101213,8.05896276780557
train:7529,-2.483154110085864,-8.207729520298916
train:7530,-12.898174518190224,-7.574260171477089
train:7531,-11.595648699259682,-7.048235526389814
train:7532,4.408025790150695,1.7695027426159697
train:7533,-7.506499040841543,-5.953069574285471
train:7534,-0.020516502135532855,-0.026351407438518923
train:7535,19.546121565664123,7.139881912205403
train:7536,3.912332768474022,0.10870419045145654
train:7537,8.493434265650247,0.1674793742179374
train:7538,1.5744413181133452,-0.037034990178263505
train:7539,-2.1118899405009026,-0.08653839824602369
train:7540,-23.399154729123765,-10.866361511363687
train:7541,-0.9315988003323507,0.010884918563630316
train:7542,-6.836883553308514,-0.24570599126521014
train:7543,-2.4690880619683213,-0.024285250927199076
train:7544,-6.507125732353196,-3.7809965418278564
train:7545,-1.6746506354593165,-0.27272359477702
train:7546,-7.173734140090348,-1.0481632396194178
train:7547,1.5348490306339224,0.09829244788517878
train:7548,-0.8357261645350598,0.10612021086501668
train:7549,12.992300870839063,4.014502839862274
train:7550,8.386257069400466,0.06302630333441771
train:7551,-2.970409827474415,-0.3378158705409806
train:7552,5.516409925487917,0.5446574365771392
train:7553,-0.03448619631249181,0.46314169171323943
train:7554,7.496341837415236,1.000633305713205
train:7555,2.4811292257364723,-0.005197912187216547
train:7556,-6.285861751120437,-13.778686079576012
train:7557,3.2559329968157007,0.3540723666743365
train:7558,0.969989686778468,1.2685762711722768
train:7559,37.37785370031672,10.524266535582335
train:7560,-2.4244398077634557,-6.412879631016466
train:7561,1.069219368252333,-0.7526520712523175
train:7562,-6.458462924339209,-1.6864137228277924
train:7563,7.219407826974384,0.8304686328242854
train:7564,1.6567747723946207,1.9223988950968784
train:7565,1.4430303503174757,7.107121283795578
train:7566,1.0226877373849597,-0.06422799515597602
train:7567,16.69184307993409,10.700642089495684
train:7568,-4.90091135427844,-4.878464468762461
train:7569,-11.039330568525742,-3.2460627291556947
train:7570,16.149307863181072,7.097988709382221
train:7571,4.43117816596314,0.3440406011755103
train:7572,15.66573056498624,10.787213234153368
train:7573,4.990874379844397,7.2073638991977775
train:7574,2.2335797965291753,0.09094398956175923
train:7575,1.4653772583274534,0.04062238608341097
train:7576,3.3191909279020404,0.5965513761729708
train:7577,-8.381779631853579,-4.406306833603809
train:7578,19.420501132632886,8.582159304995281
train:7579,9.99063084312892,2.099231676906298
train:7580,-9.89634455921079,-2.132578415742504
train:7581,0.3142222015336272,0.019598890495226742
train:7582,-1.0580815372057946,0.1221766850312149
train:7583,-11.07168131690489,-1.748743086684363
train:7584,-1.0252141503876913,-0.5936885545218449
train:7585,3.262860252375158,0.05906364968007789
train:7586,0.09716269249227366,-0.11861910523535873
train:7587,29.321771627874412,9.458666751030156
train:7588,6.13995637405167,0.14862104174321733
train:7589,7.1656569729978,3.2343054213409674
train:7590,-0.7461566339221545,0.10014040468759414
train:7591,1.4982735861964676,-0.1082930661506922
train:7592,7.884192832275013,0.6231726679545835
train:7593,-1.110757271821222,-5.592549729389074
train:7594,1.5535609891411069,-0.5319764839901713
train:7595,-1.7299703500993506,-0.03051614013023253
train:7596,-2.814547042303102,-0.02822557816477292
train:7597,2.784457939524778,0.7641430543578211
train:7598,10.98668185844761,8.44532419182649
train:7599,-6.759236922067164,-2.0031924794289977
train:7600,7.861796875576343,12.763157896944174
train:7601,1.2306658003544566,0.5680642949876921
train:7602,7.144453991988094,2.527602572310556
train:7603,-0.7866603901615984,-0.11678833906054911
train:7604,14.40345535527151,14.927393144500046
train:7605,-7.829656907439675,-11.525403095700746
train:7606,4.5989614096944855,9.336900613900701
train:7607,-0.6539845008514074,-0.03005652266559504
train:7608,-11.781636677617985,-4.835005991531891
train:7609,9.257487308034381,2.4139839367013654
train:7610,1.0353622904763644,0.3328284601346927
train:7611,2.4265350132642594,0.035419011364447195
train:7612,-1.6916634404593918,-0.3036179344703435
train:7613,-0.7623565324560744,-0.3176606086424941
train:7614,1.642239623548253,3.7977103371876875
train:7615,5.244351494178075,-0.11466433359077174
train:7616,-4.795149363795303,-3.3177232512731507
train:7617,-0.06919174666537378,0.048416980424922415
train:7618,-2.2774541378708193,0.20138385700239175
train:7619,-25.132486106380487,-9.255892159365656
train:7620,-24.816577217546318,-9.758571789503515
train:7621,-2.6834238578086627,0.003749952142385049
train:7622,1.1339385318368858,-0.19613021850157436
train:7623,9.800708741512622,0.21311136021935673
train:7624,-7.585317261613754,-0.6008902148717681
train:7625,4.389517929978451,0.007689423415098859
train:7626,1.0159845715691034,0.0418467011548842
train:7627,-11.951208455049816,-9.325637317447969
train:7628,0.35492901004592975,0.30526724760635415
train:7629,-3.4022516846356305,-0.6145639681892427
train:7630,1.2807407921779643,0.0552004662755149
train:7631,0.22946862451310646,6.184402577540253
train:7632,-0.28433963536802936,-0.04310659858692503
train:7633,-4.237903259766284,-1.8952912611024257
train:7634,10.253807045078801,2.3452542382646766
train:7635,-5.363191758334504,-0.27222727781900846
train:7636,0.9932413222594993,-0.13216596176233283
train:7637,4.577885350883957,0.2903570530485558
train:7638,-1.7717281023158247,-0.016518047461208815
train:7639,0.5102584197849882,0.4656005934345064
train:7640,-13.77038852009688,-3.5777151591473366
train:7641,0.5501841686100499,0.09165586700369019
train:7642,1.297329709576943,-0.08760699904337516
train:7643,0.1628374919024953,-0.06472984022037534
train:7644,-2.9702591945347327,-3.265340484411833
train:7645,2.307958529829087,-0.22125874323248457
train:7646,-0.8587703310366678,-0.12269749247181608
train:7647,-11.045500940054945,-13.419748057740962
train:7648,0.4307060958900669,-0.02530934155182861
train:7649,-0.11207680511794132,0.19550851420309628
train:7650,1.1736228727794478,-0.23457980336242135
train:7651,-1.2596381737466187,0.1493078822129922
train:7652,-3.3286893446754777,-1.124010428528126
train:7653,1.7605259990995932,3.110229320375892
train:7654,-0.08731552771016479,-0.0025916418492132193
train:7655,-16.678820477475607,-8.259363603229321
train:7656,-0.31492189956991246,-0.10439154265344003
train:7657,-3.897957259057278,0.10750851453759204
train:7658,-6.0974208734110125,-1.7941321926567466
train:7659,-1.1607278898948574,-0.14127988327478164
train:7660,13.704305583398206,2.4009027963886567
train:7661,0.022863924827007956,0.08524162299459626
train:7662,3.6345967771043077,0.1859402536759802
train:7663,1.6905193403823078,-0.009962890237031258
train:7664,-1.9599022341945616,-0.3976928950735444
train:7665,-2.847067485197632,0.14746755776391218
train:7666,-30.455560367532435,-13.857970110058579
train:7667,32.04896612349259,20.467760372895615
train:7668,2.4826443885464236,3.32312518568597
train:7669,11.655875201816345,3.0355472423025045
train:7670,-1.0846475622763139,0.22756411288987022
train:7671,-0.8619032869696405,0.03438090431523455
train:7672,2.3936040491174477,7.028761695361851
train:7673,1.0340305372179706,-0.05146324085465842
train:7674,-0.1948636691968248,6.351386485009275
train:7675,8.282005127645995,1.1862689728040576
train:7676,0.26213342397483147,-0.06172847076905982
train:7677,4.048373374582715,0.4271774721539155
train:7678,1.631624185548985,0.27642907816765017
train:7679,0.8202793738518587,0.4198959930807939
train:7680,-1.7705401244790258,-8.436316648101576
train:7681,20.356192041288196,6.872932151305594
train:7682,-0.46565438949346216,-3.338607652571579
train:7683,-0.8921600515206133,0.06403480826555406
train:7684,3.4396796128215112,-0.09140181225474267
train:7685,6.78123194768283,2.1964772740118867
train:7686,-3.375379047146221,-13.412621864959533
train:7687,31.7107412435944,11.758057708699427
train:7688,6.34529882549321,3.5665527469103355
train:7689,-1.241197842693167,0.3626779520555307
train:7690,0.18759452694738726,0.08914685567290857
train:7691,2.3324275491143087,0.05209780764909498
train:7692,-1.4969341024347176,0.15850943312798735
train:7693,-3.8640416018047667,-5.209104862967919
train:7694,6.760584076950842,9.627384272662374
train:7695,-1.818738248470753,0.15596814478894183
train:7696,0.6533629668984062,-0.12005844581271383
train:7697,-1.4932101214259084,0.061428395266740723
train:7698,3.3652078962254994,9.09287130937973
train:7699,-4.860858334566841,-3.3265242819640535
train:7700,-0.9530457462651992,0.06502701419914722
train:7701,-4.925733710088842,-0.4495854437264785
train:7702,-26.82173038362431,-16.61704615358928
train:7703,17.291804780358536,6.8413253635271
train:7704,0.9979781238210788,0.07530911375433183
train:7705,2.259397538524329,2.3279634627703047
train:7706,4.570179825136141,0.32020426239643374
train:7707,-0.0820473847259334,-0.5646017272913
train:7708,-1.9616735659852687,-0.8285239404811569
train:7709,0.7887651264502523,-1.3097225618131418
train:7710,0.6859121183856067,-0.029564093214656126
train:7711,12.387933621845397,20.851056872074363
train:7712,-0.2046736975081857,0.2379560256035571
train:7713,-0.932403686989217,0.26268984353838265
train:7714,-8.040881482192507,-3.6942028463065624
train:7715,0.5965592388526146,0.3706918517272242
train:7716,2.264909588317143,-0.10530000669155953
train:7717,-2.145483875548908,-0.11297872479014345
train:7718,0.8419664491468857,1.4725244504787656
train:7719,1.7757436453393356,-0.08070870690593018
train:7720,1.7289019151794682,3.9467717670956293
train:7721,-3.594027408259685,-0.8190606783102052
train:7722,-1.1530278269156882,-0.08990023589902238
train:7723,-9.808466046066586,-5.496384359936852
train:7724,-0.6143255559715929,0.0638883669440827
train:7725,-2.6482073642437105,0.14589372370792375
train:7726,1.4057691540712827,0.08561450268674997
train:7727,10.764372744966686,3.7849076707761107
train:7728,0.2191788605084291,-0.02201979726430056
train:7729,-0.12168186337596154,0.06970457683763062
train:7730,2.6657526742245072,0.31880868302254806
train:7731,3.9061345019559894,4.211414988019257
train:7732,-0.386562914059837,0.12098678688015566
train:7733,0.9122384589454164,6.175662605676034
train:7734,-0.1448644587596386,-0.027059040721352193
train:7735,0.3006288572476334,0.3848313212589641
train:7736,0.6294206979855914,1.974791220232467
train:7737,7.674561991217337,0.8255817867775228
train:7738,18.68184182841369,10.649276208888091
train:7739,-0.9637455666056779,0.13673411507107042
train:7740,-0.607832706748603,0.08668852459488167
train:7741,3.451281138675921,-0.17297478193605614
train:7742,-0.7134547573711095,-0.11463287688216539
train:7743,-17.64714852306205,-17.93226583448495
train:7744,-4.977218561139468,-0.022568934387216938
train:7745,0.22607636141313453,0.08846861051693658
train:7746,-5.317561135606341,-0.2689941558818379
train:7747,-2.5826518159107374,0.10894557254198703
train:7748,-1.8473926783716808,-2.7897087732079098
train:7749,32.219482611212804,9.358611306610685
train:7750,2.7792866735121713,0.08713373331770853
train:7751,-0.07817253831920198,-0.0703788873097985
train:7752,-1.72695095001674,-0.426176124416953
train:7753,-1.7247137719125716,-8.322958939113887
train:7754,-2.4797811410198327,-6.493314078270924
train:7755,0.3671753750587935,0.09230151416457576
train:7756,0.12177269770020735,0.11320842020578241
train:7757,0.27008256595842906,0.11172849262798056
train:7758,-19.88852761254827,-6.5270579249833105
train:7759,6.050909060875488,7.957722097376567
train:7760,0.05747788663323132,0.18387623707681044
train:7761,-3.7189648789810654,-6.778971236508466
train:7762,-8.266907138018555,-3.7831601356724107
train:7763,9.838167062346548,5.710910778486423
train:7764,0.11553572688517298,-0.06310450561197464
train:7765,3.1603545369214463,-0.31892133788572147
train:7766,-8.004372520811764,-0.16914769171642474
train:7767,25.59462918699799,10.820923412914595
train:7768,-4.700375209412314,-7.184673471863547
train:7769,4.816509778415085,8.37403829699611
train:7770,-2.081489981673936,1.0820492593405053
train:7771,6.078590188124488,3.5433495368060663
train:7772,17.468991889740966,5.209213225364647
train:7773,-13.092814592250642,-4.696954266975368
train:7774,-0.29957704055819306,-0.008961411350787707
train:7775,4.164397001623459,-0.19913738354829635
train:7776,-7.262619662331317,-1.1967247860490982
train:7777,6.933622736577766,1.0460694897528908
train:7778,-10.460637867251236,-4.448537001260226
train:7779,0.15138683144600817,0.09329193683804383
train:7780,-2.7076780856798934,-0.3478021985718199
train:7781,4.900608055656341,11.228835178895054
train:7782,-3.4468720438516662,-4.359984297951555
train:7783,8.449264410503817,0.6552620059229239
train:7784,1.4054425502437309,-0.10816306648757404
train:7785,-9.863140224173444,-3.8143854484449484
train:7786,0.7416745497441973,-0.031336225796553194
train:7787,-0.24267312301085364,0.09975037003303718
train:7788,1.4226786313835662,-0.23462352890068822
train:7789,3.286518457318387,1.8906346097841373
train:7790,1.9054764970988383,0.20587417732774202
train:7791,-5.417313150746048,0.1449197070276064
train:7792,9.374026992368481,6.578964715563571
train:7793,1.8438281068679911,-0.05651546644542063
train:7794,-4.780669075093634,-4.433946509577651
train:7795,0.3018835505993841,-0.07607023332938848
train:7796,-3.847811367470494,0.033256523141170655
train:7797,2.1710727055588435,5.037679579342908
train:7798,7.976845107840997,4.8949987968233035
train:7799,-1.3346402438177614,-5.712764287548901
train:7800,-1.4782523634987657,-4.5286085194140275
train:7801,-0.554655036677915,-3.139753890790412
train:7802,13.907698175120526,12.90219283980326
train:7803,2.118599442070674,2.0644298576269047
train:7804,-3.404597653196236,-0.16778094765876156
train:7805,-21.661990580401795,-11.483310167743555
train:7806,0.5151836287502904,1.0004542663966471
train:7807,-0.44078286876524697,0.051500629498409015
train:7808,-15.153575488728338,-6.073433070330945
train:7809,-1.208553732014824,-1.7954837611707455
train:7810,-0.6073633735615378,-4.815525372603924
train:7811,6.245011226567967,11.408100470175889
train:7812,-1.715473208175264,0.07274450037285031
train:7813,-1.1104771596417207,0.006468389542255759
train:7814,31.401367220810144,13.72984922998933
train:7815,0.9704055545702757,-0.04465810622614749
train:7816,-2.7390074125513806,-0.9720340102893275
train:7817,-9.493791045571665,-1.2702013802779333
train:7818,0.0855559363274585,0.14346075058887545
train:7819,-5.22054561887086,-0.18446463007615205
train:7820,5.624697807209613,5.16994897594826
train:7821,0.8284768974651636,-0.1083366490281491
train:7822,4.05152643815347,9.064551997307019
train:7823,0.9343796414127723,0.3352221658657868
train:7824,-1.4484763225886308,0.14494239009639737
train:7825,-2.280746676385724,-0.22622722692777314
train:7826,-2.8469400980819746,-0.6287331824998688
train:7827,-1.070996335888498,-0.06966583291618497
train:7828,-0.27602094289699397,0.008566395079409497
train:7829,14.533733321604398,3.5229635923778
train:7830,13.390911892723544,3.7807873412615116
train:7831,9.99019382163725,4.850727723618938
train:7832,1.4085140209721576,0.12221531044552408
train:7833,0.04294715449342838,0.07852497373349168
train:7834,-0.5766919035099587,0.0017404676378401651
train:7835,0.35389933627074127,0.10503638102619704
train:7836,-1.3338114139621493,-0.9923931344853127
train:7837,-0.9431030424132155,0.19650756785556972
train:7838,-13.749011660323466,-7.8925079064389285
train:7839,0.2077463317946815,-0.8495207584978699
train:7840,5.880756137843031,14.454116477947705
train:7841,-7.553354718495825,-0.5128744868519606
train:7842,-2.3413420307882373,-10.504744890159962
train:7843,3.5331334043998783,3.960727703495296
train:7844,1.305667521738239,-0.3040928523068542
train:7845,9.531518379970988,5.316758362309444
train:7846,0.6832832481466167,0.006443495230909674
train:7847,3.764207123371199,8.360108895507105
train:7848,-1.1920504754773775,0.0962024670185879
train:7849,4.421417709371513,0.35531950747541075
train:7850,-1.4877257341636843,0.013222273274771962
train:7851,0.37135183603224964,0.07160638809582331
train:7852,-0.09200670934209504,0.11480754089034445
train:7853,0.3587965340180933,-0.22615183068968486
train:7854,0.5429922593440677,-1.2762803000531076
train:7855,34.2469759440118,11.447026328150942
train:7856,-0.8070470940606655,0.19213501402887956
train:7857,-4.409186859679318,-9.213173806417398
train:7858,-0.7804060430931054,-1.8045241767008386
train:7859,-2.813750640372005,0.1945962696535116
train:7860,0.9080746669460539,4.155523621196647
train:7861,0.5116564236418533,0.018979421592977316
train:7862,-11.363909219888285,-19.87930969974146
train:7863,-0.050501929805573414,-0.3134806825745149
train:7864,5.150004598040667,3.634176538747856
train:7865,-0.5318679108754638,0.04475002696452296
train:7866,-5.12267698039366,0.04203166089505725
train:7867,2.6536541526524426,3.195634640894206
train:7868,0.09744954596074246,-0.03551272800509231
train:7869,1.1199896426724292,-0.4554878564144726
train:7870,-0.8082268196299356,-0.058084378703463835
train:7871,-5.71660731931657,-5.188967433670683
train:7872,21.462215330737436,14.240991499376758
train:7873,-0.713154246981026,-1.5685843107504587
train:7874,0.8686695083500326,-0.4442664424210047
train:7875,3.6576203710516535,1.3840156866995768
train:7876,-1.7855121785879438,-10.798440129076495
train:7877,-0.5863988947063287,0.025195331410960115
train:7878,-3.5328141798545865,-10.16872618341727
train:7879,-16.417924225946102,-6.073237339699617
train:7880,0.23054002454241987,0.057970939205835376
train:7881,-0.05445552144118962,0.0379947879543117
train:7882,2.9885032739857214,0.6807861647451838
train:7883,7.2075505970557,-0.06540212928752956
train:7884,-2.8868213311540285,-0.31630625824270026
train:7885,-6.09798574693482,0.06158525082734255
train:7886,-0.11709639212878509,-0.043619820850922336
train:7887,2.1636670509409512,7.205414581889853
train:7888,-1.4307587042041168,0.052052227520298
train:7889,0.6090775800065712,-0.06067577665202403
train:7890,-8.69118712862443,-7.445538463894971
train:7891,0.5137556377804332,0.32458673114941927
train:7892,-2.8477425439273185,-9.787801277544066
train:7893,-4.591650771115428,-0.0547117701593097
train:7894,2.430480294517787,-0.05546516189695244
train:7895,2.3342007405709375,3.021373320185148
train:7896,0.19302289177371112,0.009152481352117478
train:7897,-0.3577083957286139,0.03480189636556286
train:7898,-10.536228637815812,-1.9704318510191734
train:7899,2.9475962026994433,-0.2983907710613112
train:7900,-1.1061239141765542,0.155994965021223
train:7901,1.1943953411282098,-0.10180795538422768
train:7902,-1.33156424015365,0.22069670681779158
train:7903,1.5120204691501464,-0.10216161153223308
train:7904,-2.8325704595026653,0.21721178855096004
train:7905,0.4833800870686926,0.038856673237964184
train:7906,9.102681278023246,2.932521029175464
train:7907,0.9220140253226602,-0.14722876772163535
train:7908,0.7055338022160104,0.030068268028747014
train:7909,8.149802407083833,3.709123395284615
train:7910,-1.0910304006371052,0.1165749300003088
train:7911,-1.2415187512938322,0.17219438531904746
train:7912,0.7018990851714574,-0.145358270511239
train:7913,1.1334359571214647,2.6870973578974917
train:7914,1.1298921312488495,0.2889094738094229
train:7915,5.415252932744138,4.58034326105742
train:7916,0.12294719295907174,-0.08629994070209832
train:7917,-0.0659043803463148,-0.01692862527240667
train:7918,-6.436281294138049,0.08254141051320384
train:7919,-0.43398462752912836,0.15628328251824553
train:7920,-23.66809589543185,-8.064973983514868
train:7921,-5.869991634730335,-0.7167392095845957
train:7922,-6.97290788734039,-5.799325731271505
train:7923,14.570895955556725,16.125465474651026
train:7924,-9.083677989959602,-1.0797367874291808
train:7925,-4.374935067811405,-0.07237674495832785
train:7926,1.7559047292834182,0.19289725073674271
train:7927,-0.254525296962813,-0.01334277448249574
train:7928,-2.0128227473369726,-0.0210479561613358
train:7929,-0.41682339794265366,0.12494362710648771
train:7930,15.00506750920173,3.1665227053611
train:7931,-14.644741137813837,-9.548901485107677
train:7932,-5.471584711180793,-8.100456009536371
train:7933,11.476625722926416,5.4901266263478625
train:7934,1.248339600360683,-0.0837603642927729
train:7935,-0.8589161985824249,0.3451199015336122
train:7936,4.461130410219385,0.4087703758212451
train:7937,-6.204080617617995,-13.222916084959204
train:7938,-0.4107898862023983,0.1603136643921358
train:7939,-0.13185167892866978,0.21317555758385953
train:7940,2.594336853654825,4.29081942422547
train:7941,-3.836542256899642,-3.6520311695822483
train:7942,-0.11232774378829147,0.04171709380899357
train:7943,0.3088303326510226,0.035901062241458156
train:7944,27.503252674062622,15.522922136222343
train:7945,0.4046432266805692,0.035825238020939856
train:7946,-2.685558754287121,-0.05388069961061856
train:7947,5.406639425109905,0.04071896745178517
train:7948,-0.042805063127207416,1.6968802586566418
train:7949,-12.032590225295507,-3.379308496344729
train:7950,0.47864165829943156,-0.18352781220204384
train:7951,-3.9929285380279986,-0.24016533072618923
train:7952,-19.92000245827815,-8.028250237803071
train:7953,-7.264473284339072,-5.956131075268204
train:7954,5.097634081094688,13.450309367284856
train:7955,4.96786845272331,1.8037608815484294
train:7956,6.393012274054016,7.234904853891095
train:7957,0.4492237193084019,0.07093188778611399
train:7958,-8.233607030186224,-1.135923890110934
train:7959,0.05612776917385787,-0.05274412093729913
train:7960,-0.22892885521237738,0.08941905249840042
train:7961,0.5669712566588421,0.042179065176996156
train:7962,-0.07996444266417102,-0.053465984635930525
train:7963,-7.47624181137409,-6.6440278056803574
train:7964,-7.072936527785995,-6.354128485596471
train:7965,5.944701680404031,0.2228698589366161
train:7966,-0.7346321679743879,-0.1431385574705487
train:7967,-6.672666683899088,-0.42496775169099793
train:7968,-5.452882051003219,-0.03140580860663372
train:7969,1.5650286190491318,3.7207873431107226
train:7970,-0.3454827776136925,-0.03859309587994875
train:7971,17.582548669936173,10.777770229817438
train:7972,10.095720564381255,9.897788137094052
train:7973,0.24175938904985797,-0.0008641977660505951
train:7974,2.260329231151252,-0.03279678716939671
train:7975,5.70855572263045,3.3444723786520583
train:7976,-0.670042948546135,0.05315649352015102
train:7977,0.44089311335255366,0.020789965597968543
train:7978,9.19218513918328,1.939724337168082
train:7979,-0.006358168096610828,-0.05500251289010233
train:7980,0.15676916954076248,-3.3023210195816413
train:7981,9.48329166361571,1.9597884388089744
train:7982,0.3553775382204926,0.05155509026262888
train:7983,13.689643977269142,4.783778717412747
train:7984,6.692556567691048,3.291069301677576
train:7985,0.36423256996634545,0.08480907541865745
train:7986,1.5083315893356155,4.504804932802375
train:7987,5.4920515563250545,1.6497749431398834
train:7988,-24.595453641090668,-17.11309605056453
train:7989,10.463207287562149,2.91379679786215
train:7990,0.9875193626757395,0.08776350946348092
train:7991,-0.3035864802860294,0.17675425278927573
train:7992,-4.177718891532534,0.37479584657907766
train:7993,-0.1924767879859352,0.14763336529034188
train:7994,2.5172620696844907,4.8761190652270825
train:7995,-5.440671949475835,-0.0806239663847865
train:7996,2.526571557290033,7.311757373527917
train:7997,-8.458683326559088,-0.9102349166635499
train:7998,-1.7073418189313099,0.22153048792187285
train:7999,0.7153164585695817,0.005258982525428169
train:8000,1.532479816249292,0.06396090996597086
train:8001,-0.18574450677548765,0.01774551258203115
