row_id,pred_displacement_m,pred_v_final_m_s
train:2,24.425260097247595,9.918521888577114
train:3,1.9163186981114704,-0.33274435007566505
train:4,-0.4299857646512235,0.050128446497364344
train:5,-0.4849202959871628,0.04146579679216764
train:6,1.5377262825026201,-0.1292543972909162
train:7,1.2337201854022246,-0.056988137374173686
train:8,0.07153033594371937,0.005386592619978717
train:9,-6.427369775039816,-0.04585032261536934
train:10,-0.4285996161646112,-0.10611024876198977
train:11,-3.1163461808705613,-1.9344012941831963
train:12,-1.057336159858432,0.04871824439045302
train:13,-5.822528311236039,-6.600186997478971
train:14,-1.505042827000247,0.0579967608124465
train:15,29.40709681970771,10.24086798328881
train:16,-2.5412644859001023,-9.202963857566873
train:17,2.2551268157344513,4.772807245158409
train:18,-9.79738708633626,-6.733046439194508
train:19,7.682618993824411,10.25649676034661
train:20,1.9911402643590588,3.1713203884016083
train:21,13.452366412782021,2.1740582703802223
train:22,-8.284628824422272,-4.409142359863492
train:23,5.949754857630591,2.5346049355089004
train:24,-11.484911172602228,-11.87710536125228
train:25,0.3855456199528098,-0.14841260278826932
train:26,-29.86796916482115,-14.759530506260264
train:27,0.1875758140590471,-0.17111107894673638
train:28,-0.6762231995505482,-0.4009924256177729
train:29,-0.9553260453729341,-2.438521227858878
train:30,-9.918300704918908,-1.3188101980713471
train:31,0.36310851814561534,0.39025350199527487
train:32,0.4105478984411658,0.035749948778459086
train:33,-1.9857560072169544,-0.22809265967941422
train:34,-0.1316009727165599,0.02057568906133922
train:35,18.264715042776796,7.715917730848452
train:36,-0.5691310830166991,0.004164560121465585
train:37,26.182447268951762,18.207165166542673
train:38,-1.7858409907687776,-0.35975260930441955
train:39,0.09157079329393375,-0.10065832324679269
train:40,1.8119226322480437,0.26406687700696757
train:41,-6.33284853522222,-1.4333462853496877
train:42,2.112787056231457,0.19649387241780913
train:43,17.051502469249282,4.072701317304305
train:44,2.3766225097506863,0.28831593350939205
train:45,1.1724688338457252,3.0997297700810553
train:46,-2.1719820228132742,-2.1258190039036005
train:47,3.0881502180008353,9.77631987573589
train:48,-0.2928695742648922,-0.09446712941414348
train:49,-1.1358173161822802,-0.0576138476868609
train:50,-7.1292597646491895,-4.629256862159884
train:51,6.146744619583458,14.89686601373168
train:52,1.4228998153991643,4.18710758324554
train:53,-1.9714507595701942,-2.079244814582495
train:54,0.8630357666684477,-0.5017834291736358
train:55,13.913955950948063,5.746084086515073
train:56,-5.437902442001493,-0.6356035844489576
train:57,-0.3546383778641889,0.24380476216178645
train:58,-11.471659193242042,-1.1169032096344271
train:59,-1.1820913833194564,-0.401570487219918
train:60,-0.10915805945335916,0.04526428351939282
train:61,7.023666365771661,9.539413340136909
train:62,-14.876965989990875,-1.84755652609192
train:63,4.607604671983471,1.429992269887566
train:64,6.392255390023761,0.11221328972558413
train:65,6.377499870765636,6.887664447833315
train:66,0.3360833880506017,0.5159447373208357
train:67,-34.26436259870989,-12.922391387746055
train:68,-0.9321113707521024,0.0639046302764234
train:69,24.296327599209274,11.339447523254984
train:70,0.6734126063491105,-0.11231371142429955
train:71,-2.0579542822233186,0.041499464743329106
train:72,0.7467248212427542,0.04170946145565824
train:73,0.7652903310585807,0.6477732406928631
train:74,0.7431888989503076,4.270295669454738
train:75,0.10138634248850059,-0.056775430106454416
train:76,-3.2722354662812627,-0.5978715121320368
train:77,3.892153068637898,-0.06294337022707264
train:78,-0.28354102508364964,-0.3864320353661097
train:79,8.208322374317392,0.3496345455270685
train:80,-1.0321037477122283,0.07944795350902932
train:81,-3.5878733088073,0.04630570743243811
train:82,5.399960434951034,0.5793894947204395
train:83,6.906922583102621,4.936353883071141
train:84,-0.06092948343215912,0.09213492200369101
train:85,0.5066486920012623,0.022951562191182537
train:86,-3.020128460815619,0.2514405393565585
train:87,-4.966277216687369,-4.675518624307076
train:88,20.05572395860441,5.26332561188648
train:89,-3.3363153697051273,-0.04554046333603587
train:90,-0.7318583600226017,4.377831390786074
train:91,2.7682779161704,1.485134524796834
train:92,0.5753050008009336,3.7683239222561293
train:93,-0.9474852289292931,0.09699309322764227
train:94,-0.2502238315706623,-0.12065223576916215
train:95,-2.0597746627027185,0.11739444502338944
train:96,1.3777322494855797,2.471788812968589
train:97,4.191018119296918,2.7032565478468946
train:98,-2.037351275931699,-4.190352891170438
train:99,0.4625483418686664,0.5243872613961927
train:100,-0.2049334114771053,0.0423501511533961
train:101,-1.050806872806283,0.019727713206662348
train:102,-3.644990623019189,0.10105207859393878
train:103,12.999082142623642,3.2819404364452787
train:104,14.683907853636788,9.016612829355774
train:105,1.961833789094229,5.165030601862486
train:106,-13.25749637814057,-6.23705531847298
train:107,0.7822423482288302,0.45765502829080584
train:108,0.20160885310647425,-2.074444991629836
train:109,12.223787419741006,6.912914840561173
train:110,1.4092191830439567,0.10717436725535501
train:111,6.341653415369605,2.4139669600649745
train:112,1.2936767445605306,-0.06274821023898416
train:113,-0.07498925517721503,-0.271273376312902
train:114,0.4432638387157459,-0.10291978240701105
train:115,-4.543662091998167,-8.801842746142711
train:116,7.512776635000928,6.007867243519697
train:117,8.419214998703147,3.934918651035454
train:118,-0.26434020689721915,0.042409926032788696
train:119,-0.33834886667865255,-0.3838999486493096
train:120,0.7645618069336364,0.09006990677885121
train:121,-0.8642358891814316,0.14581961141712552
train:122,16.14272836514903,7.146666289686058
train:123,-18.052220954192528,-6.550612366001815
train:124,-0.5750250616982443,0.21239399033624054
train:125,2.322905594677178,0.17126530679388202
train:126,-0.970849839115086,0.15453904012470468
train:127,0.13442377250934676,0.08663021198879164
train:128,-0.19130798795395698,-0.0960269827107513
train:129,-3.7271404352906665,0.056628358322866994
train:130,1.9493635667960043,8.748945769903253
train:131,12.541505763517284,4.588410159220031
train:132,1.0559458865049234,0.0006950492221147048
train:133,-1.1682517495279172,-0.03733546950933908
train:134,-2.658194235161342,-9.263826953618201
train:135,-2.5214144118486526,-0.6812929914264043
train:136,1.266347094170789,2.3547287706396185
train:137,-1.1459357584638932,-0.058431722110626444
train:138,0.8771950305403308,0.2210346702766963
train:139,-2.0977260274642147,-0.1673271436221318
train:140,10.537386571691925,3.9865167834417377
train:141,1.6890196360453333,-0.032062369319484765
train:142,-0.8106040538238548,-0.4471129535630584
train:143,2.284839163086758,3.0800425783001995
train:144,5.779355528863469,3.8906410154338285
train:145,7.589540389845808,0.43961613950876144
train:146,3.050358087133911,0.11265782080956346
train:147,0.7478550332068509,0.08689955559808335
train:148,0.6333128625312214,4.976473526704326
train:149,-25.242864717514994,-20.830866432774677
train:150,19.663860734517915,13.646972429667567
train:151,-2.496956550558963,0.20183281057148128
train:152,-0.5066821066064302,-0.1146514941178712
train:153,2.8600057053149084,6.567563263627876
train:154,0.42416902148686947,0.38589492892796534
train:155,2.4855389585540197,3.255271995265959
train:156,0.030123246982662916,0.1617548238948185
train:157,18.37047424376105,10.708293274057937
train:158,-12.303154879953501,-10.887857642215423
train:159,0.06153765357008183,0.11921593824554864
train:160,-0.8783054241725782,0.016839687768896758
train:161,-0.16096021600192634,-0.20627468604030547
train:162,10.400704845756623,2.7830005167809224
train:163,-0.28935201617342543,-0.05046568514069005
train:164,-3.7307035551972225,0.09963859528839732
train:165,3.121744153048841,5.752965473346532
train:166,-6.878740448964455,-3.6073763387989666
train:167,-1.3277225190461541,-4.138944212319842
train:168,-0.7253474371714325,0.031762721799595696
train:169,1.8543288267256957,6.664988613354072
train:170,-34.45319679576181,-13.556136357252814
train:171,-3.592227251647187,-4.206079248222282
train:172,-0.9933864330491077,-4.637410783416598
train:173,-0.5518901202538186,-0.03215716742773389
train:174,-2.614758948054102,-4.511965994640324
train:175,2.61674675784791,-0.2287374865406423
train:176,19.955463789751516,8.077109793481599
train:177,-0.18817921626930872,0.16691201217654272
train:178,-0.47792341918475034,-0.07339569979379718
train:179,0.7394586415690118,-0.0334382615015896
train:180,-0.29775177845574813,0.11028708346888037
train:181,-5.573655264808757,-0.08795751665356039
train:182,3.3962117815606367,0.050930200249599204
train:183,32.45362570878839,10.836815827149286
train:184,-0.15981768375109634,0.32433964262648857
train:185,0.5313039103369246,-0.006965550953598423
train:186,-4.13912013057194,-10.823256262298694
train:187,0.6077682589683617,-0.004764865298442722
train:188,0.7087718292735762,-0.2668199338069383
train:189,0.050408715318101066,-0.03769982521809492
train:190,-7.584869547043032,-2.656285821292848
train:191,6.45366434826715,0.47867124817767975
train:192,7.735009502179051,10.203280854354857
train:193,-18.132045254228544,-16.561638977555827
train:194,-8.11129494283023,-0.7005630429988023
train:195,-1.0448024764606192,-0.011341243318108693
train:196,0.20086963590247847,-0.10247838986085184
train:197,-6.067587647773776,0.1989564833201362
train:198,-0.8840287785057795,-0.10598099806812417
train:199,-1.4820308559649136,-0.1974879214304034
train:200,0.10000391333373235,-0.0818265256827338
train:201,0.27153973043743773,0.05774025667605535
train:202,-3.9325265888813736,-0.43025529628786535
train:203,-0.6374626476547409,-0.04297770454508443
train:204,3.589090054618198,-0.33627406383683855
train:205,-4.550249958526859,-2.2276908057560703
train:206,-1.283448057691611,-0.12446527389900797
train:207,-13.350992942035143,-2.9325850010372227
train:208,10.130415421655085,6.389667516123099
train:209,-0.3870649076296574,0.7142863824592831
train:210,-0.9910446487368266,0.17029849448447
train:211,2.948337976944082,8.977059834459933
train:212,-3.8247659224485644,-0.1045104504385802
train:213,2.788587792621064,0.3779032130122278
train:214,0.17325336450250842,0.0815286614229698
train:215,3.4100737313432394,0.8997789607576994
train:216,2.202925063470894,0.058406482658784314
train:217,1.5275446115796592,1.526094155279335
train:218,-13.767548810233983,-12.141658991187224
train:219,-2.4255572345243386,-0.05421580985332311
train:220,-0.4037858613090982,0.1559513821437661
train:221,0.7909160625472879,-0.12251424466136313
train:222,0.6791543248832917,-0.12139350133795437
train:223,-0.13596212176189487,-0.05992209959276126
train:224,-3.2405523379681145,-0.0038081819065411138
train:225,13.68200725916044,4.06361525031501
train:226,-11.39531990714386,-2.986216049986095
train:227,14.518713729785349,7.521201703200705
train:228,-4.025186768027527,-5.619363113951359
train:229,-4.679311703346759,-2.501816405399191
train:230,-0.462482961721728,0.3452668421679186
train:231,2.962705290940989,9.567242469666438
train:232,1.2777356882771294,-0.3109336521378666
train:233,0.23005151355053396,0.009892676964834674
train:234,24.501149344192655,7.537796008620626
train:235,0.5336968354620607,-0.20526921265138176
train:236,-8.396199481412783,-2.11982753520496
train:237,0.03272213010866072,-0.2799097764290575
train:238,-22.969304109248533,-5.886889224523593
train:239,-22.501531181891835,-6.00410105795441
train:240,8.90340784631816,0.47076298883579587
train:241,-1.4017602361076187,-0.6231030736329739
train:242,1.1989160727554768,-0.13647346225966014
train:243,-0.5907171552063375,0.11713280509783806
train:244,-0.39528137658954277,-0.14622703917897428
train:245,-3.0694035638344257,-5.732808701998012
train:246,-0.5651772008082826,-0.09810226951391154
train:247,0.8447241012509744,1.9245365246740114
train:248,1.6961888806328913,-0.08570604375004248
train:249,-9.86015453053567,-7.607152047832119
train:250,6.074344105908076,-0.1682695609330328
train:251,-0.8393112517453193,0.025699209391902025
train:252,-5.145934892247178,0.03008602929959279
train:253,2.512768186983973,0.02891250147648175
train:254,-0.7842128373500036,-0.04239094063352891
train:255,6.394128538523697,1.0790864796382966
train:256,-0.08714542639286166,0.03406170075284567
train:257,1.2747532490547187,-0.030777352073353886
train:258,0.39848796493698274,5.855039282905971
train:259,2.8175753351802704,-0.03517815274042527
train:260,-1.1356069414748537,-0.05791586062164403
train:261,-5.702848116076158,-3.8514042167118383
train:262,-18.938247624734853,-5.028958498524485
train:263,11.804548053616717,2.378266092360922
train:264,0.7346093302191513,-0.18651031476123603
train:265,0.29289694748954964,0.06505148052806328
train:266,-10.38803000082555,-3.768215845181021
train:267,1.0157757078402385,-0.3219714616688566
train:268,-6.2707886939061295,-6.6652397561985595
train:269,-0.7111537694799924,-2.8100108330798927
train:270,1.2198405687933627,-0.15374212532848108
train:271,1.0258188336520104,-0.04209121027170587
train:272,-6.001185486529811,-4.829504420054812
train:273,5.445387424260739,1.1209595672872674
train:274,1.5451184545425778,-0.21203304697539588
train:275,-1.606925554370088,-0.4728021709424956
train:276,-3.558740247389697,-0.12222464321705051
train:277,-0.6645612345536737,-0.19134323502181616
train:278,0.007721595057106623,0.09614140819190524
train:279,-1.1181035333587306,-1.3137309025918862
train:280,2.169460375204468,0.06370176660459459
train:281,6.1738506451460795,5.843039796854729
train:282,0.32097011556073163,0.07599370731634911
train:283,3.1141957690714346,0.1217604364528193
train:284,3.437357819917892,0.5064488771547977
train:285,1.4523771474705782,4.172479999752364
train:286,2.8881205996402155,0.04372739861319599
train:287,-2.1007256685964038,-0.1659196520706106
train:288,3.6448737559057713,0.07797954579163546
train:289,-4.88574252426915,-5.795342070812892
train:290,2.4820458085777792,-0.3438203927037367
train:291,-4.277879568258601,-0.07579197341947136
train:292,-3.9096392154628146,-0.039912779702911155
train:293,3.587980066521003,0.09044838590779768
train:294,-0.43802835484740166,-0.14326639938891553
train:295,7.037479499323811,0.14961381832005052
train:296,12.138744897127854,11.559872170152328
train:297,3.6915055762746927,0.19952598527368098
train:298,-0.072302851523763,-0.059926236756251444
train:299,-2.240871719686157,-0.026603667415812396
train:300,-0.5330721607890803,-0.09528001070955883
train:301,0.9107078376624886,-0.09144300556363197
train:302,-3.977225054066133,0.3138192638533911
train:303,-5.610662151740116,-4.493688006340709
train:304,-1.2076413334218419,0.011798054743277525
train:305,-0.10926638499331576,0.007577577340054001
train:306,15.912505443337023,21.58019056558367
train:307,1.1415337561497023,-0.6230211863280304
train:308,0.48247512713939844,0.23720441712603943
train:309,3.190135691912867,0.040893726944042766
train:310,1.744000891487563,0.12116297298051332
train:311,0.014885841792499216,0.15957097221524352
train:312,14.414674719778947,3.98196561828092
train:313,-18.188034216142256,-4.115310451890974
train:314,-2.8112596178694833,-4.144357048773098
train:315,0.49535842773054783,0.10412613372795246
train:316,7.757419871288617,0.7387213259971457
train:317,-13.337850682964355,-13.855782263876325
train:318,-0.20310535987577732,0.07252191384403814
train:319,0.9114554233631335,0.02548222229988259
train:320,-7.388221033786852,-2.115049824677852
train:321,1.1721638486345167,0.5787929585433986
train:322,2.817261051639452,8.066355450980092
train:323,-2.214318014902371,-6.342234568544634
train:324,-5.193595805245687,0.1347074756041223
train:325,-0.6770298296442167,-1.3241472816344892
train:326,7.971968133960547,13.89769366746431
train:327,1.744268218463851,-0.11271601490851704
train:328,-16.833490751874436,-5.9097594642973075
train:329,10.590753404655617,5.355610607306533
train:330,-2.5124670941814204,-0.11787919494426155
train:331,0.6168304110062774,0.11794953823512358
train:332,-14.10713496558708,-4.239248457191964
train:333,-5.84602147082869,-2.412375210565801
train:334,0.5432982906173571,0.5787516582389018
train:335,-2.673059474708865,-0.036799350185335755
train:336,-0.19728135112454753,0.015672151699805986
train:337,-1.1475810978883847,0.23186490832912723
train:338,4.883929176918385,0.9223357747318301
train:339,-11.034937107785012,-4.36401703372881
train:340,0.5059850237253478,0.03595794823944813
train:341,-6.459352309566406,-14.283257962697792
train:342,-1.0278074545159233,0.15244734732839374
train:343,-2.0473599979239134,1.9748350171011388
train:344,-0.3004015699363607,-0.011919875563493859
train:345,-4.870654589727468,-1.1107659415879603
train:346,-4.263288164518093,-0.17392320883357865
train:347,-3.989157135538178,-5.719138943183218
train:348,-3.074149431267375,-0.02677086588513966
train:349,3.014439569683403,0.04091655267364376
train:350,2.366208380587475,0.08088640245632187
train:351,-1.9313189365151504,-0.04282591344323783
train:352,-3.476151553960627,0.020798810568188927
train:353,-3.2854293310813865,-1.7047138235529584
train:354,11.546322282351207,11.944440062469852
train:355,8.018588098959215,3.1896965273385076
train:356,-2.208606515939422,0.13246770088702492
train:357,2.003528428898475,-0.12994972607888644
train:358,11.499235541206117,4.400855704234595
train:359,-8.324064899964247,-7.5077442834900765
train:360,-0.5878128219526508,-2.1831834862503348
train:361,-0.7488845313714911,-0.026057561835108642
train:362,-0.6944005041051569,-0.083027444381366
train:363,-2.5306058106681477,0.11868524003232557
train:364,0.513683110809475,0.045501956428863156
train:365,1.2939584839477138,3.090288762996465
train:366,6.862490979977669,0.2229617324982601
train:367,1.2512177820623416,0.053422484600407584
train:368,-1.4186922618692068,-0.16915605520641136
train:369,-8.348627367462049,-14.660790965152291
train:370,-1.7770075776392682,-1.4005556981697618
train:371,0.9697517657695719,0.5445696288485804
train:372,-19.622197417194673,-5.602899485833404
train:373,6.494295259164011,3.992873178492374
train:374,1.1260483180171916,-0.5131760718043137
train:375,-0.9790746765716204,0.038017399692697684
train:376,11.347226448741672,2.707565760273942
train:377,1.2694862102471283,-0.21342912566211658
train:378,2.121895002542702,6.381259658624574
train:379,-5.264193372809689,-0.8950513839937797
train:380,-6.955096472055935,-3.4491774840101272
train:381,-6.072389305184385,-0.7264739552769892
train:382,-20.593653420861926,-11.601128594938519
train:383,-3.8312598758481955,-1.7319758763627138
train:384,0.043456121810456314,0.03424230933831353
train:385,-0.40017020584024576,0.13595889622949672
train:386,0.8883858026842181,-0.048128330429548394
train:387,5.234246534474397,-0.02294498828239329
train:388,-4.905661405959714,-2.5367386304022292
train:389,-1.9084652695414275,0.057591889433648895
train:390,0.20465359113727205,-0.18553636941132368
train:391,-6.463415679605981,0.011963826604504735
train:392,-3.695771590518337,0.021070151428820724
train:393,-3.258220558976575,0.07531949232825978
train:394,-0.37508342878155887,0.03547161753813698
train:395,-2.5636455652713965,-0.5322729331533642
train:396,-0.12081862970079227,-0.33501308493719373
train:397,3.621018891291291,2.4951198471586236
train:398,-0.2408168277333353,0.06471893817993882
train:399,-0.4086673681252333,-0.014590200605189979
train:400,-37.77457129045293,-13.977207156348245
train:401,12.080200754237309,5.029061725132053
train:402,-2.3648877259431855,-0.09178111168334666
train:403,0.5443434228655222,-0.10193285492338813
train:404,0.9174021700652154,-0.11118554973877048
train:405,-0.01382577283553002,0.09991007880983913
train:406,9.423225384168006,7.70506523770966
train:407,-0.3277455165078776,0.03906110617870307
train:408,3.0352713148834294,-0.41494522347961965
train:409,0.8637145447299784,-0.06837247001266872
train:410,5.931684018950016,11.632531032618209
train:411,6.371051944097575,5.179922678497413
train:412,-2.66662689028466,-4.929438317464157
train:413,-1.1161550683889532,-2.125721138587936
train:414,52.9353613259687,19.066791273607894
train:415,1.0190980010098951,-0.2377034331279122
train:416,-2.5367371292129883,1.0393139297558571
train:417,-3.0980298662882833,-0.2562282246288377
train:418,1.249076144294916,2.964294159458426
train:419,-0.06855457862884784,-0.34631381834102515
train:420,0.2945456575585246,0.04914950801910177
train:421,-5.672532307132162,0.0837062360269045
train:422,-0.4601433857627294,-0.014554963385118455
train:423,26.341746251830454,9.374424401435013
train:424,-0.3124725452069556,-0.16371425860872474
train:425,-7.818895950582011,-0.04891182359810248
train:426,6.717702040455397,2.0122936086452774
train:427,0.182130479781185,0.05801045625020709
train:428,5.734182848868598,-0.13002790420276986
train:429,2.157092899448434,5.2891106973302415
train:430,-6.754500817880306,-0.49056971886390816
train:431,11.98444097691566,5.217898986121065
train:432,0.05231545403375375,-0.02577081360699618
train:433,3.8656049428518777,6.2487722763015325
train:434,0.26130017741265443,-0.2738837124839905
train:435,-1.6723341890952228,0.10239879664039735
train:436,0.2640090132862906,0.014896932858232279
train:437,1.706335682819815,-0.8104364043629002
train:438,1.2122577809963997,4.693672723204728
train:439,9.826652010957512,1.5206360953493077
train:440,6.783881041788722,2.4387363005414917
train:441,-3.1555098153549626,-3.5927507525571305
train:442,-3.277065483597182,-7.682944312328975
train:443,-4.510082569361057,-9.531825556793175
train:444,-0.24856977496216165,-0.012848882758254257
train:445,0.06146001251783824,0.06876679600305484
train:446,-0.19429681977797458,0.008480049624153246
train:447,1.3203034412317551,0.13963212676553646
train:448,-24.910810209146003,-8.15748666558769
train:449,-1.067790736755447,-0.6297407958009427
train:450,6.5894464608126855,7.537976902527714
train:451,2.8854436105454933,-0.34607286423292466
train:452,-33.63903133577749,-9.672902261165069
train:453,0.009735032105034153,0.06369777210191441
train:454,-1.1634607851963596,0.08232128488336427
train:455,-2.6361771853942795,0.09932959197392388
train:456,-6.419381580071856,-0.39890101814308193
train:457,-4.40229586760534,-0.0751442933420432
train:458,-1.1273116691715237,-0.007913104053659623
train:459,-1.2716924120239153,0.08988487570827317
train:460,-10.524836324377628,-12.811395571128829
train:461,5.1373635189358575,0.31709817991057365
train:462,-2.5178252566191888,-0.5376509603689781
train:463,3.1527171214380245,0.6741510818022003
train:464,8.317724660842849,2.297637055761616
train:465,-35.74602910607392,-12.334136956047594
train:466,2.1355795866879936,5.940171835955553
train:467,-7.968753409574699,-4.617794351397506
train:468,3.4106076879210945,3.3388909171213754
train:469,-6.928964446519963,-7.685568129946609
train:470,12.229249258553926,4.812040679839836
train:471,-12.650780371087414,-3.5107730006600257
train:472,-2.2564138776292886,-0.18288031045062814
train:473,1.8378340549140182,0.050217466842808214
train:474,1.4743344554698958,0.44199914567910503
train:475,-2.5325579949697694,0.17890636243862432
train:476,3.0498982847346956,-0.24046021062047207
train:477,0.41409381643794313,-0.07983212755884705
train:478,-3.477642541113592,-3.0690514786729572
train:479,-2.5873623496911686,0.2311282079062552
train:480,-0.19296111472949662,5.4928149266516195
train:481,0.4717254445063859,0.4634956331828648
train:482,-4.3468424894771625,-4.02643419386521
train:483,12.779202682669814,19.184654210975577
train:484,-1.0541775172899115,-3.4798983481584833
train:485,-10.47869057418907,-3.5936229807495086
train:486,-1.1719868885322584,0.26377670491941496
train:487,0.6484949426602056,1.1230566811943588
train:488,1.9010159721557964,5.054895315251216
train:489,-0.05653137352662435,0.10204428452753193
train:490,-11.065906124384112,-5.393459150663296
train:491,1.4226520149150579,0.0504676939035591
train:492,-2.824051329913974,-1.1233203781901262
train:493,-4.971123041163626,-1.5855257099211253
train:494,1.668482880352185,8.547349496710527
train:495,-20.433433903351844,-6.728464744620349
train:496,1.0246960603516015,0.007412518782876812
train:497,5.089407848888712,0.5516214240175921
train:498,0.48292632858372414,0.4570635565725201
train:499,2.073926547292342,-0.13746509755001327
train:500,-0.16726983001703888,0.5867720489774506
train:501,-2.4202746210146517,-7.7135792946697075
train:502,4.505280738873635,-0.6324402236478801
train:503,-6.625015069230189,-0.33502064596012404
train:504,-0.5819632427949935,0.23702951497297184
train:505,0.27829868623095405,0.025363813827577436
train:506,-0.20864902398926533,-0.46058427119113426
train:507,2.5105040437239357,-0.0036543935533544375
train:508,-0.9704002648784421,0.4064513530241892
train:509,-8.684557419612492,-3.824910107042346
train:510,2.665891219335696,-0.14402021910898832
train:511,19.722075716540264,9.042493212220618
train:512,3.0900933364310874,3.281613457868745
train:513,23.64999326935379,8.005308037162237
train:514,17.527761052208074,3.4766832843253073
train:515,5.668361368308779,4.710148334830725
train:516,0.10859045581209611,-0.5168707014618543
train:517,15.85210535385632,7.225663857262133
train:518,4.071719155651048,0.0674021026945355
train:519,4.325115374517119,11.532421947734175
train:520,1.8891640887766372,6.91124456779762
train:521,1.739349867016636,-0.13687134325876743
train:522,-0.07984019373475729,0.07814018186370245
train:523,-0.39568445917813666,-0.18156183924455083
train:524,-3.778565777031788,-3.9720498958395045
train:525,-11.622933717667294,-7.336431476402227
train:526,-4.576803663310645,-0.49122310537373665
train:527,1.4192711422688582,0.09139265780922874
train:528,0.74053445830489,-0.12344938627095378
train:529,1.6544542580113224,-0.0007812048398294913
train:530,0.7211109451242997,2.8857348458906897
train:531,-2.1772648687812017,-6.0387282604023556
train:532,4.4908306697431986,0.05620379975228853
train:533,3.0644334335810632,0.19710417536301567
train:534,-11.744526114311475,-2.411335498582476
train:535,-1.0434140033916042,0.01771705175043492
train:536,-0.8380666703270194,0.09150892636938379
train:537,0.2954496876548578,0.26890236516212784
train:538,2.4065282623588815,0.1730441444338494
train:539,-1.096513276920768,0.15565721555353332
train:540,0.4951636277252181,0.33807038893756064
train:541,0.6382456263893318,0.14855941227329467
train:542,0.860618084740725,2.3214816688676727
train:543,-9.852401583306843,-8.026913791334932
train:544,0.02792163498925279,-0.17659695773471495
train:545,5.552745008104953,14.024790753742076
train:546,7.7898729012934735,5.530793516848231
train:547,0.916560206319029,4.304571926310068
train:548,-0.1604383472525645,-0.5511030187877031
train:549,7.721278658843949,1.7452291484542242
train:550,2.761259072064284,0.02636372344491092
train:551,0.17601008677363614,-0.03729067401499711
train:552,-0.18401007773042044,-0.12516117333021823
train:553,-5.796019703350861,-4.956154692675639
train:554,-0.6190254547875325,-4.2710646710395475
train:555,1.3089190313737395,-0.15817516733861386
train:556,-0.9176887316940158,-0.04684095928005241
train:557,0.478121881674232,-0.10695052093292631
train:558,5.279335529502776,8.101840900861035
train:559,4.336420283656969,-0.03990051087325061
train:560,-0.13296248062970561,-0.03759382823626031
train:561,27.461540367432118,11.343792400884531
train:562,0.12898285493804937,-0.14994806108636607
train:563,-5.30613534818156,-4.242444629979343
train:564,0.025297878831548215,0.06462734993991484
train:565,26.13548326575752,14.373212961949948
train:566,11.84737244046858,13.027221914979178
train:567,-4.836992776873309,-1.9558997076078914
train:568,-0.9396978778809096,0.08296297320677216
train:569,0.9091294462111894,0.18459610352410172
train:570,20.04517221416297,13.777127022425386
train:571,-0.24926517378787028,-0.058031843860179066
train:572,-0.8283531702999224,-0.0022332065640726373
train:573,0.10855512215957808,-0.9902603553757199
train:574,-17.372589306003597,-4.924876595403399
train:575,2.041551158339728,1.4361686269959746
train:576,-2.2439071593873448,-0.07044789947663899
train:577,0.42319734604262343,-0.07418703930690157
train:578,-0.40950596122693605,-0.08281202655825665
train:579,2.5624245215167902,0.013078292852273202
train:580,-10.44942129224268,-14.799523467094163
train:581,9.322180436296026,5.163344351088212
train:582,3.508420536420634,0.7764054642819043
train:583,-1.6897113723868902,-0.43759747753564465
train:584,-0.08853994337612292,0.10999662605970774
train:585,3.758785499833842,2.659479651688391
train:586,-0.4046092283960646,-0.6258116317717517
train:587,-12.233729831753323,-5.976872815756626
train:588,10.129520922346602,4.016428760797358
train:589,0.07121837698530352,-1.0310659121834145
train:590,-0.5086273171608443,0.04228424185917323
train:591,-0.008771433317768806,0.16274974038380174
train:592,0.7518019416680599,3.093101178204927
train:593,-0.941430621603735,0.17807693248924825
train:594,4.150982301495098,0.028271954439553895
train:595,0.7165926543085556,-0.18957167308315914
train:596,4.552440471906164,11.620431113356721
train:597,0.6504080739774651,-0.17409554309206615
train:598,7.400821492081044,0.45732847769670165
train:599,3.2205230979948603,-0.13721087598658221
train:600,-6.044051715864918,-0.36535375802688314
train:601,21.777445441510075,6.2835940680943265
train:602,-0.3279835537458939,0.22184555432077155
train:603,-0.7654648478155806,-0.08728929341949135
train:604,-7.940469750566971,-0.4894757957727806
train:605,-1.343681009697574,0.2187124376114153
train:606,2.9103828928507416,0.011717594046434021
train:607,0.3131795100969847,-0.025602473851188856
train:608,6.872781906273548,7.169773346404383
train:609,-1.3935742191772063,0.08057854042832847
train:610,-0.6407793618266315,0.12149109284352758
train:611,16.102282491011408,12.14560207615692
train:612,0.06083772180868832,-0.02625500439615723
train:613,-2.013713062397131,-9.250736968335271
train:614,0.7262526889403951,0.02536852163430764
train:615,-1.5898222068854353,0.1545396107679447
train:616,5.7861874765444234,5.601153257700051
train:617,1.6799409794723599,0.031368692642358566
train:618,-1.2833694868064063,-3.1164025987653563
train:619,-6.609011714138401,-6.492125428401952
train:620,9.217492402882845,13.765915024045379
train:621,3.8363435644856567,-0.14572259055479234
train:622,17.383411923676356,8.494189513756297
train:623,-1.0555992318872822,0.044525871166800714
train:624,5.639542125515514,4.712219199148775
train:625,0.6890816864914189,-0.01092638568261066
train:626,7.923989683005856,0.008644109555660376
train:627,-0.34047678940990334,-0.2828515849921955
train:628,7.648168217702843,-0.12873140276143347
train:629,-6.687613283830698,-0.6175555653750728
train:630,3.6050634225969937,6.792641506147623
train:631,-7.503798341006315,-5.053957808226732
train:632,-3.9311620590111045,-4.757764863848612
train:633,-0.7424189378771707,-0.11839220321704386
train:634,2.282028742962132,3.5823977977561046
train:635,1.4363452000152388,0.40853163295569966
train:636,12.784424624578795,4.435134243662886
train:637,-5.658460680016853,-13.298598215310735
train:638,1.1155644513819052,-0.22591751030924967
train:639,-4.959297425565615,-0.1106942259091091
train:640,-0.005427056615288445,0.4260359716826509
train:641,2.0109673250447235,-0.21159122644680667
train:642,1.4362085145699717,0.1435424595678065
train:643,0.33817644204581493,-0.12844950500086122
train:644,0.23704478725022252,-0.1258827517072296
train:645,0.06053901296996675,0.2593533638443626
train:646,4.549807184960609,0.5206697346786461
train:647,-0.22579421395716281,-0.005620830158479945
train:648,-2.5963426764285162,0.03752636118465633
train:649,-7.711515120913771,-6.282701071242565
train:650,10.836976892060527,19.531515139278742
train:651,0.7072124993979775,-0.09549942303534836
train:652,0.9292077942545646,-0.1309306618084891
train:653,-4.122695096232338,-9.762468141546405
train:654,11.247990955811801,10.314157977178159
train:655,1.5147724260273492,8.268704973249651
train:656,-2.4884411403021156,0.11849835437121745
train:657,3.342308899894928,3.339484386091001
train:658,1.7265906991257802,-0.04149488808587995
train:659,-0.13739836499928104,-0.004649595363957704
train:660,5.796601140791155,1.3084655175973012
train:661,-1.7288612918351167,0.12072643090189433
train:662,-3.0663713785486015,-0.15263308019149285
train:663,15.009977957068775,8.389305286239734
train:664,-0.2300824873441793,0.0034601010416549505
train:665,27.611961305199173,9.241319012483025
train:666,-9.241945788084543,-3.7180611548503797
train:667,-6.821501791551155,-0.5911907063994462
train:668,-1.0867886188981388,0.27124328639351963
train:669,1.9220792457631117,-0.12041855736237198
train:670,0.5834098898054989,-0.5855732943446419
train:671,1.8415668693359568,0.15754804192935554
train:672,3.157328860466349,0.3273537802202996
train:673,0.5751785435182375,-0.0420041871776021
train:674,-6.577361129978888,-9.467967725018198
train:675,4.383128582786933,4.188926793894739
train:676,-13.841810849497287,-6.680970107753084
train:677,-0.4942135115158873,0.02677743979392891
train:678,10.759107100908537,2.3829853119559274
train:679,-5.5537470761972445,-0.5802126717478489
train:680,-2.25536549096576,-9.748026302427856
train:681,1.1690842418676817,2.174587256663725
train:682,2.0126077828461697,0.18744946238503582
train:683,3.3197650997554584,0.9399732159945171
train:684,3.3635137405705557,2.1890173975958525
train:685,0.24943074343635652,-0.07035245939474483
train:686,-1.953800670304473,-0.2662170492238521
train:687,1.3570778699228643,0.15773621153775372
train:688,1.4201514616246858,-0.09671503579741123
train:689,0.716000350712398,0.8517514857650608
train:690,5.167171639083148,0.2662455928973823
train:691,10.06560048527555,0.9648158841273775
train:692,2.911827620813897,1.7037315440571896
train:693,-1.102375873739879,-0.12015149632604036
train:694,-1.8908560929259908,0.1488251893623362
train:695,-13.53492320005075,-9.220162474177982
train:696,0.7387877670876496,0.13815815527655234
train:697,-2.913471971023999,-10.72179247036284
train:698,-3.0306411522726964,-6.472859371332234
train:699,-0.5473634609414254,-0.23084273211390383
train:700,17.284810576825887,4.441015578216201
train:701,22.298650290137733,6.378736274217184
train:702,0.552954141000872,0.15496844916282337
train:703,-0.2506358638015059,0.26862945503258595
train:704,0.6074077162377336,1.6839988434779416
train:705,-7.2074094355224405,-2.7394254028266434
train:706,-7.804782945899938,-2.9028405074725496
train:707,-1.6491267206798392,-1.7665585686379377
train:708,-6.17235378715568,-8.188878891507937
train:709,-0.24552759397200663,-0.4259881687997698
train:710,7.438814931784026,6.82683444908991
train:711,13.668615804856104,19.728617596956273
train:712,-8.06224811380335,-4.516106296668323
train:713,1.2932996972948447,0.32155547425840747
train:714,7.383585178482968,3.265524457037865
train:715,-0.3721301630682995,0.04018242014535183
train:716,0.5921958814539974,-0.04111426904478338
train:717,-1.8701398794713686,0.9486596900549848
train:718,-1.9183298674246871,-0.6808889760124668
train:719,-12.083612019531554,-6.387394703916957
train:720,-2.2422034729445506,0.13276557665831787
train:721,13.968992763909712,12.179810997109927
train:722,1.0771172531939552,-0.15695655869954087
train:723,-9.652643708629077,-2.220715833433247
train:724,-2.3479075813258654,0.11750514981195426
train:725,0.365820608434615,3.888581849302199
train:726,-10.23426910306258,-1.6744810020356335
train:727,-11.576204032379229,-3.8499165497850933
train:728,-6.552128252916203,-0.26334414583194715
train:729,-0.3452875126918823,0.004591829247434162
train:730,3.633842682572936,9.410996926688204
train:731,-9.683973500417045,-10.993491694949377
train:732,-0.6113796708074615,-0.11799403689631655
train:733,-7.166307099314352,-4.080113176846244
train:734,-4.117600541439014,0.04981402207211067
train:735,-0.8375627008621569,0.15854438502643886
train:736,2.01693662019611,0.007093243890082937
train:737,-15.117967535486803,-11.267961963109471
train:738,3.870012816003503,12.500641463376118
train:739,1.060340974453335,0.24124243135326504
train:740,-1.365249879977434,-2.0869128331203286
train:741,-15.154019019050734,-5.545375794022702
train:742,0.8696587343914176,2.2051333613198234
train:743,0.41218393953604704,-0.004958028035191117
train:744,3.7402188277268142,-0.1700240035744891
train:745,-11.674072670856429,-9.039242317501074
train:746,1.257080378881453,-0.19034689192473286
train:747,-0.9842266485502867,0.0986080135969125
train:748,-1.778899555256665,-3.602716466100924
train:749,5.444903911121018,-0.007941065572420844
train:750,-40.98205240541696,-14.143510857075157
train:751,-0.5636848189058761,-2.519643870860806
train:752,-0.41550082678474987,0.050656291494387294
train:753,-5.323891903321316,-0.16100955231181713
train:754,25.62592364513344,8.797074962053427
train:755,3.4581693412510166,0.06730395205725123
train:756,3.361721952454707,0.27119734961269765
train:757,-7.203419522286786,-4.507654214318696
train:758,-0.7906414699841242,0.06017890056230139
train:759,0.11317337001862982,-0.05369181669817033
train:760,-2.5437652716487142,0.028555278808226225
train:761,-0.28316711600420713,0.04188407828710583
train:762,-4.043406844898341,-0.2148115089110767
train:763,4.090319069286432,8.877074579158986
train:764,-1.0355146074714203,-2.137100192776461
train:765,-1.3014951856316794,0.24172334094379594
train:766,0.13070351083238174,-0.10340111997997198
train:767,1.5712686118212895,0.15617036648712562
train:768,0.45013321217338104,-0.01955508211502588
train:769,1.347397378965883,6.792764765087468
train:770,-22.062748586593226,-15.453877787857659
train:771,-0.38896060457889814,0.12717897933847494
train:772,-10.341307754201171,-2.695132359857537
train:773,3.6881730549424647,-0.34876801225556187
train:774,1.1696897955835333,7.316614118143768
train:775,-0.22464389435528442,-0.0070179074708706934
train:776,-10.111984910695416,-4.128492881378788
train:777,4.77956240079323,2.3144667515180477
train:778,-12.431588987524727,-1.3514455702899864
train:779,-3.282527322410102,-1.8469225414522523
train:780,-25.21312494009034,-6.978019016991241
train:781,-0.6513789926655624,0.17900165985970845
train:782,-0.44388397791930545,-0.11665573583764835
train:783,-8.084080591727654,-13.627200842506063
train:784,-3.3757054185155324,-1.1737061790329772
train:785,-1.684723748384081,-4.92672205564164
train:786,-0.9794124383947039,0.11760444173571857
train:787,8.700955315719412,1.7065052981861404
train:788,-4.4764044844300805,-7.052463422155158
train:789,1.7835490119013384,4.276745364675118
train:790,-8.822189434833938,-2.1598341914766195
train:791,14.510203898526267,8.406063366269544
train:792,7.8524887827202425,0.5419652844315122
train:793,0.11790993912196893,0.05706432975824595
train:794,0.12446688870470775,0.22692028465431222
train:795,-0.9429560125762572,0.04818084111915965
train:796,-1.6096804169752934,-1.636060163328003
train:797,-12.031572988036173,-6.1669923121059735
train:798,-15.661884484019872,-8.807005355535216
train:799,10.840571626287757,0.6679424833507304
train:800,4.096609389267603,5.395765060177359
train:801,-5.120824753135346,-4.98445289094847
train:802,-4.890937501022263,0.2489337036031295
train:803,7.64825794658358,11.444985707924612
train:804,7.312761661509444,3.9682037005828614
train:805,4.093450281782602,0.21807003598395736
train:806,1.1881885898844082,0.04215285125315752
train:807,-6.370232469419265,-0.4269144654391401
train:808,9.151701141894259,5.923638589362314
train:809,-8.353832572377733,-12.046928789483665
train:810,7.11586813726804,0.3473639560750098
train:811,-2.5165932279458625,-0.09166755367858173
train:812,-0.13554997330193114,0.09676226803705223
train:813,-1.6960705000071759,0.930724801003435
train:814,8.048751880214088,3.5979232883874595
train:815,-14.778792366302467,-7.220543535288267
train:816,-6.3265972682254095,-0.4777841717495322
train:817,-2.8175183235299808,-0.155649215036644
train:818,-1.3918802959805028,0.18513807194131532
train:819,4.935845470462915,4.377575171971302
train:820,2.327778384309304,0.3355513556848761
train:821,-4.273915690345853,-5.1413192937718515
train:822,8.451817731814725,9.053623608617302
train:823,-0.41921202259034507,-0.008610144771349942
train:824,-9.898751896746822,-15.753556791789089
train:825,-0.5311729769662357,-6.534002082571173
train:826,2.1511942716020838,0.39073170103041566
train:827,-0.9429806531497237,0.14172496084832747
train:828,-1.867613523316329,0.028991250243605174
train:829,10.57315352636979,4.539803053356337
train:830,0.5621232238293029,-0.1260252698564258
train:831,3.0486941510501993,0.06978368225677906
train:832,-0.44745755844667257,0.05357142248605406
train:833,0.3042661313328291,0.5827326081421249
train:834,-0.6745887856633487,-0.09165585549216121
train:835,1.0505907460242785,-0.08332032702430875
train:836,1.4580093781736014,-0.34023661049557086
train:837,-0.2814268173885736,-0.16128688492646914
train:838,5.483001027199151,0.6662448197116564
train:839,3.479880011057429,-0.6603423955121333
train:840,5.8806161979824,0.28483415378038063
train:841,31.65463884205944,13.467295133967434
train:842,2.3145570894368306,-0.3956088346305688
train:843,-6.878549833207449,-8.321858168303878
train:844,-1.734982149759146,0.0961265714676646
train:845,2.5794537148228027,-0.4088929812759164
train:846,1.041894948172997,0.30526432305974904
train:847,-0.5809539091158269,0.2582180691183332
train:848,-3.5412886774611496,-1.2883805046362138
train:849,-3.9112752565576954,-0.015502944467609678
train:850,-0.6077786602077448,0.27766159623569875
train:851,1.1931915561310742,-0.16742472361617605
train:852,-0.1855567386319255,-0.11224523423549657
train:853,-0.146270249967552,0.10933724779585907
train:854,0.02799114000308761,-0.6079201116064437
train:855,2.236366273455055,0.2964538054249809
train:856,-16.28076270620292,-12.553778680419626
train:857,2.0863902607598392,0.6365464769190201
train:858,-1.6659069512105438,-0.03544692570647695
train:859,8.825497142515886,16.34905719153051
train:860,-15.699161487426403,-7.892435434747445
train:861,-0.5173719312425783,-0.04942026672496458
train:862,8.3165456326483,17.621358794343916
train:863,1.9257279103020797,0.14402879026911763
train:864,4.519671298694567,0.4854928601297464
train:865,-12.462569162119358,-4.487998122594421
train:866,-4.272553485057987,-0.32928767864921477
train:867,0.8812000535616022,0.020346718461279265
train:868,0.3750091015261068,-0.2244696457484967
train:869,-7.605014378143119,-2.031252291488308
train:870,-0.2937122353857994,-0.0448191702806445
train:871,-1.3946246979648973,0.26237577576515403
train:872,0.09439353370529255,-0.0666885018113555
train:873,0.22697702086498414,-0.256809710090423
train:874,-2.580774483162476,-2.023979300733382
train:875,8.682232199216696,1.4380651598041971
train:876,0.2522363981670569,-0.28374806552227444
train:877,0.15737995356702003,0.05805496642292903
train:878,-5.990382687188901,-8.759834273385044
train:879,-4.1481371857112475,0.05213482812929159
train:880,7.010332096194426,1.4249027028297847
train:881,9.837702145866047,18.773408747186895
train:882,-6.701472444114419,-1.7104475041679177
train:883,-4.410555108881431,-13.12372915955105
train:884,-0.8083887267942699,0.06544936152717058
train:885,-0.5777878278836185,-0.07372324901357141
train:886,1.0678417044914896,-0.05063801939917753
train:887,1.3921497744623808,-0.02822400889586285
train:888,-2.0968587257698412,-2.6560729713643187
train:889,-0.20688327119632438,0.0002593631083557535
train:890,-0.20679749410567205,0.08273015076484204
train:891,0.8295759600250668,0.8323744385851581
train:892,-14.90939856367059,-5.904354331527792
train:893,-3.0549056083064983,-2.156288214383105
train:894,-1.329066592591281,0.13882010143498114
train:895,3.3151133779098108,6.404883147475121
train:896,-20.408968138481985,-5.943500457793495
train:897,-1.6136273254365023,-0.1462969429758773
train:898,0.45744518612045265,0.23015854238064304
train:899,1.2708758456073443,5.001498515352374
train:900,0.39278367217948185,0.6454562151471475
train:901,0.769153089636819,0.3266446133337588
train:902,4.832952014664467,1.1177696715755288
train:903,-0.6113450345296643,0.0038441439421916523
train:904,-3.000444361947708,0.1245451754641404
train:905,0.5556711129129169,0.16178093082304962
train:906,-0.4620085144533773,0.12420107759040543
train:907,-0.8609022055580028,-2.133564487261267
train:908,-0.11254416240996445,-0.14595099051161228
train:909,-16.003194549682668,-7.074026318265976
train:910,0.7710078739357759,0.043651931044702705
train:911,0.4560127784440306,4.365067528114818
train:912,0.973121015503759,-0.11482254442906864
train:913,0.21993237389420028,-0.008723845436924879
train:914,-1.1287040940306228,0.06549330105665249
train:915,7.005410025415367,6.726394391126663
train:916,1.9186432805139728,3.768454884879715
train:917,5.506364010177262,12.48709439285793
train:918,-10.77004815352097,-8.371185711258104
train:919,-0.2662742594561013,0.14285169592575647
train:920,-0.4129210052344525,0.0472207338678179
train:921,1.046092446617196,-0.011023395033414873
train:922,1.3984159187865663,-0.5332183463412752
train:923,-0.05002463492377959,0.0692855107082374
train:924,-1.2421646365143677,-0.04897002920858501
train:925,-0.6981714416784964,-0.11658982654342548
train:926,-1.4269071036214105,0.16157735384717076
train:927,31.30093224336058,17.593788736845358
train:928,3.8019706618745728,0.8901456469012203
train:929,-1.0970804750269787,-1.7749299049691016
train:930,13.412242260848908,3.1323009449351917
train:931,-1.4800558907557475,-2.648380129845544
train:932,1.9595912644505349,2.5757414653958093
train:933,0.30138504390316745,-0.027908728505749145
train:934,-0.08475319864244632,-0.2186425223029833
train:935,-0.40352527562177765,-0.1848627250664744
train:936,24.973590033013576,7.475250656297707
train:937,0.7932801628506329,-0.03189895136162266
train:938,0.30775021543769987,0.5746801187213247
train:939,-2.8971692097187685,-0.1663119692981277
train:940,31.32579783640367,10.572354641419226
train:941,0.21221673621293408,-0.26593843266191
train:942,-0.38862795683710005,0.01392755265424013
train:943,6.687511294044656,0.16129003497581826
train:944,0.017568991030587733,0.04239066682343786
train:945,5.500308473018743,4.2990212795143465
train:946,0.5252197808148549,0.40062908004621606
train:947,-10.421271529181336,-5.17579356383147
train:948,-3.4712094917729064,-0.044735856367600885
train:949,0.7059279351623546,-0.07679145505437485
train:950,-3.877228957774163,-0.17493524461976268
train:951,-6.20438188349736,-4.543276333255625
train:952,-0.9031949604144128,0.29193338366871935
train:953,-0.03708531189672987,-0.5223357517715721
train:954,-0.32354952904224044,-0.014246958696315051
train:955,28.92384589288219,17.855911426577798
train:956,-1.1734118575449926,-0.384713257927155
train:957,6.855511653772395,12.146652059718566
train:958,6.178175763164175,2.817302737903674
train:959,-0.5879218448673281,-0.7660239542958189
train:960,6.445213561401093,0.29684633664371296
train:961,5.181044281944802,9.260238689106048
train:962,-4.247005394621524,0.008796756622367008
train:963,0.40153874688202706,-2.7217500137884945
train:964,-0.18292008104188706,0.02470828740559894
train:965,-26.203841503711764,-9.897371627347711
train:966,13.753509554195496,5.028358692660342
train:967,0.638185419705107,0.355578936158407
train:968,-2.74966143861853,0.04999206276299841
train:969,0.9607821321112757,0.02593203183383215
train:970,-25.67509570977039,-17.272759746550513
train:971,1.350519293132444,-0.07413083094775913
train:972,-0.2076252778992032,-0.7502743435319441
train:973,-0.5489797430858854,0.0300656288037619
train:974,-6.783000198134986,-1.4613968244563476
train:975,-6.923227377150587,-0.24173217440248734
train:976,-30.672482958670283,-8.779095765308842
train:977,7.108041268318814,6.869752527172176
train:978,-3.7519204837013436,0.055163231804103284
train:979,-0.42367452342842915,-0.12780696071259326
train:980,-1.2774834117050298,0.1486611294308291
train:981,-3.461380227542165,-5.610954685809594
train:982,-7.483337366699488,-9.72373173712704
train:983,-0.37808597564175117,-3.2548440726548167
train:984,0.8854293987847154,0.43007926435984667
train:985,-0.9798852584553731,-2.0759718902793325
train:986,1.8737321160393843,0.06663144899888199
train:987,7.26998237155619,13.111284511953713
train:988,1.2420514887327938,-0.21425227853585238
train:989,1.3423983645093012,3.5351978981223118
train:990,-4.585276301251286,-11.469871519440971
train:991,-0.6497608508551804,0.029520949831158216
train:992,-10.945457422281963,-0.43946005707108565
train:993,1.7830224939871715,-0.03001853922493089
train:994,-0.3775668963912724,0.12385755035991049
train:995,0.6370702012975065,0.6600877931430038
train:996,0.19003243274201176,-0.2579505685880426
train:997,1.158327004341861,0.39525062484817214
train:998,-4.255968519449093,-0.35611304671954125
train:999,0.2176454497266183,0.027629124829665952
train:1000,-17.973510594043795,-11.10812479157852
train:1001,-0.20239217799468956,-1.750882285530406
train:1002,4.068315037180823,0.1072361393860877
train:1003,14.47162884830618,4.191889288275328
train:1004,5.74583319095346,0.09253037776902821
train:1005,-5.476112532784388,-7.282972476390222
train:1006,-0.2683663836183535,0.19841893738803285
train:1007,-9.63174664266354,-4.514962156972074
train:1008,-0.1328144047306662,-0.28804401049399125
train:1009,-3.3300380673854098,-6.1973556682644535
train:1010,-9.538064112176766,-4.135956894958313
train:1011,-1.3547516009312521,0.24012297197714635
train:1012,1.8507210748370118,8.982175080463517
train:1013,10.823842071653427,1.63981037088257
train:1014,-2.700100876880696,-6.143404203136307
train:1015,0.5377178981019095,-0.12538486548030794
train:1016,-19.432730933729264,-7.3341854246094895
train:1017,-2.3286012270983614,-4.7241944926811925
train:1018,4.300605907498094,2.6749726156550646
train:1019,1.5663023739765833,3.173956760170523
train:1020,-0.8713760764889583,0.13652953946952154
train:1021,5.130316314924431,0.5414639743451504
train:1022,-4.844457475884225,-1.8766387881765445
train:1023,2.747269270249543,4.808807985885095
train:1024,-1.5931909917031422,-2.4972971962598143
train:1025,1.8272046694203352,3.3251050324072358
train:1026,4.843822691811529,-0.04373523344621738
train:1027,-0.18310813975824947,-0.0993264419245748
train:1028,1.2995572406641411,0.3374131505858621
train:1029,-9.67451337987182,-4.07013148529173
train:1030,2.230196599300573,6.29193687226349
train:1031,1.5061101021626637,3.1514968128863865
train:1032,4.0159654414764665,1.7743008536389084
train:1033,-2.4078766932291447,0.24604196898430375
train:1034,-1.733243362122074,-0.9970176273024738
train:1035,8.12837905566237,8.844919403226827
train:1036,0.942145025157452,-0.2257347618116317
train:1037,7.403704439176628,7.2933010592157945
train:1038,-5.140488860594595,-1.1763619526720526
train:1039,-6.801463891241584,-11.684036209995245
train:1040,4.618776615009898,0.2371878684720787
train:1041,-0.634302610336779,0.1826429343743068
train:1042,11.912689486647057,10.683591269483744
train:1043,7.629692901684233,6.694844667672171
train:1044,-0.6050528548825704,0.058579387560511835
train:1045,0.991831811719742,1.7245996820232772
train:1046,-4.827278811929731,0.0692421418219955
train:1047,1.8220938425501934,2.9112816877817407
train:1048,-1.9071941878837393,0.2002769517775536
train:1049,0.24034232361729246,0.8958329627529278
train:1050,31.390674141758634,17.505378979668315
train:1051,0.6519750749749921,-0.050476812683870526
train:1052,-1.2630170704977761,-0.13971015071708087
train:1053,1.9126479500396787,0.11507963072022878
train:1054,0.06789387546236456,0.16177508172983934
train:1055,-0.9094927190592724,0.19430830880851407
train:1056,-3.1664251244841535,1.2548824026805911
train:1057,-3.5713896949911548,-3.949703221238513
train:1058,-15.83304999514686,-5.364689601074205
train:1059,-0.11602975749339683,0.0017062290434386729
train:1060,-0.607878152334572,0.17989728442492742
train:1061,3.259533774957177,4.326547112161804
train:1062,-0.024671228263525607,0.11064587540604598
train:1063,-0.9636575811617433,-0.011785203758848006
train:1064,4.539624584204687,0.10081868550876863
train:1065,-8.193105366070943,-4.142635988761183
train:1066,-1.6948679935303614,-0.31271933749671427
train:1067,-2.3712073356626284,0.0762328068339195
train:1068,-4.273548871242738,0.02856241184872653
train:1069,-9.233943645622169,-7.354575078218816
train:1070,0.04657361927045242,0.07279553727763002
train:1071,1.109938961967849,-0.12603026298477601
train:1072,3.921214532917504,12.54459697086875
train:1073,-0.5306090332753886,-0.09461663794302996
train:1074,-0.7757864585991722,-0.6371453198226946
train:1075,9.326918865065288,2.8114570685528597
train:1076,-0.5194979943079071,0.1866768114380422
train:1077,11.502402552271286,6.59941542799958
train:1078,-0.8364606163451305,-2.6482243442410174
train:1079,0.26058164899204095,2.306377027625836
train:1080,6.757524926509149,0.1900778451485901
train:1081,0.036089055260445355,-0.17826466260368745
train:1082,4.683323294580185,-0.059452745527840856
train:1083,1.306668835608117,1.2695091302089072
train:1084,4.250348435955989,9.289666190350887
train:1085,0.28993880015324514,-0.8550582804990707
train:1086,1.1268675008558335,-0.11898510154342964
train:1087,-0.6944302587599089,0.04132570387674155
train:1088,6.463163521796736,6.7769539528361005
train:1089,0.5532205381441988,1.8840433950402307
train:1090,1.6913411964907126,-1.1716918083956895
train:1091,-0.10488071160363444,0.09482336496825793
train:1092,3.379605429793639,0.07734014004118765
train:1093,-2.232529490818296,0.15883455711399147
train:1094,0.06422324361969298,0.12304095988343498
train:1095,6.402171593636356,-0.021420514866667004
train:1096,-0.22022358468780578,-0.27128207862231235
train:1097,-2.633495082218272,-1.2281422629327143
train:1098,-0.7190903587186165,-0.07001991704662036
train:1099,10.35005870403682,4.510785844601076
train:1100,-3.3676818898950547,-0.05784181966125079
train:1101,0.0220953016556205,0.04510935387972608
train:1102,24.236684393758825,11.303856504374636
train:1103,-1.0803985743318996,0.06725430609536907
train:1104,3.7224150835642877,0.17299235855981715
train:1105,0.15620743420319777,2.2310593956438707
train:1106,-4.705476273036366,0.18754732770070007
train:1107,-0.9062378387792885,0.2684499877335982
train:1108,1.174222498810173,-0.05406558802038658
train:1109,1.9536210394661877,-0.006079912645079913
train:1110,15.351903572151752,3.143511802028719
train:1111,-9.885942517876073,-15.994606767953892
train:1112,-9.589891141757041,-7.369898561143202
train:1113,-14.871606432803665,-6.388021270194505
train:1114,-0.58018586709004,2.5576640581950634
train:1115,-0.8540418979717375,-3.0662256533483543
train:1116,-0.30991968881252735,-0.23972693405704015
train:1117,0.8666565362185856,-0.23311089633219245
train:1118,-3.6010002256342317,0.1436414661699508
train:1119,3.977038914397121,0.2142032147287392
train:1120,-0.08141451716685211,-0.04262661629165915
train:1121,-2.5482689175953226,-0.5304267596110739
train:1122,-0.7043162428012716,-0.009955436209708443
train:1123,-3.5363094219549893,0.06541426696790906
train:1124,2.299876886648547,-0.21237257970321066
train:1125,20.371573338129075,5.624390421077101
train:1126,17.156305801949625,2.902742011694769
train:1127,-0.03466821111460777,-1.431281698107278
train:1128,0.414890683285521,0.7504426234688755
train:1129,-8.512608989132342,0.10314633928482986
train:1130,-0.14759223997985516,0.0055777581053870345
train:1131,3.3589705767231046,0.13050754135753967
train:1132,1.3419546017286637,-0.031418755075141774
train:1133,1.3700862330472683,0.029986737375828472
train:1134,-1.5455779651021246,-0.09941888612945879
train:1135,-0.45559568897959357,-2.21043412619529
train:1136,13.993519897754997,3.3103310789229936
train:1137,4.802308904518198,10.509013241776472
train:1138,8.136650849683436,0.7120779931203871
train:1139,0.009881015879911331,0.06203919752478229
train:1140,-2.1684502847691522,-0.9994012041160574
train:1141,1.236476210298632,-0.0817668934641512
train:1142,1.8382615456178386,0.6019331125696448
train:1143,0.12813659071441832,-0.01874405541014061
train:1144,-4.198731721701715,0.0774999201483946
train:1145,3.0312114317174585,3.1936353923027787
train:1146,5.742695469626563,0.16665179885909143
train:1147,-12.446198523007974,-20.252923524423466
train:1148,2.940233320397757,2.0094893251029857
train:1149,0.2848358768632716,0.14569121668811993
train:1150,5.14290206896806,0.13718806176851017
train:1151,-6.946814449872299,-2.5792429921354776
train:1152,-9.451684489765695,-4.6112202559507995
train:1153,3.3502031817338263,0.6586053333358242
train:1154,0.5096053283590052,-0.11703778148684496
train:1155,-2.445514936741024,-7.706821166778093
train:1156,2.9425346569762345,0.5146317585559435
train:1157,0.7051622177189703,-0.0932556538155708
train:1158,5.1813911096392555,0.10406821343908994
train:1159,0.7308260723590785,-0.13250378256042752
train:1160,-9.359192145469004,-2.697064557868261
train:1161,-2.320078843094307,-0.7399554018225754
train:1162,-0.6924799341242093,0.20236978586034465
train:1163,3.993782416525866,4.645774641566765
train:1164,-22.88174359897699,-10.321467976901753
train:1165,0.27012963875207974,-0.07622366503055014
train:1166,18.480088532201613,21.44429986697712
train:1167,-1.7541683230764407,0.22373552473173372
train:1168,0.15416063939779429,0.09147411713174228
train:1169,12.645091015038718,5.440720334626514
train:1170,-0.371132917217626,-0.7792664439846448
train:1171,-5.256632901003789,0.13695352739685998
train:1172,-1.2438462394243377,-0.792929355080559
train:1173,-1.990724337185823,-0.5095653267030567
train:1174,-1.449804937660781,0.07478223171777643
train:1175,-4.3868866757756315,0.03188498211377101
train:1176,-0.5880759646806141,-1.0388633240759235
train:1177,2.0735262542026307,5.897498563823257
train:1178,3.5375329090548546,-0.1283345203879962
train:1179,6.868323822142028,5.242285995626765
train:1180,-16.681509554398822,-7.972530919917327
train:1181,-1.2494343030617139,0.06097038273621581
train:1182,8.732288826839223,1.3573359753162664
train:1183,-1.1302197217570544,0.141576593605921
train:1184,1.8491199024781682,-0.17456889165966671
train:1185,7.019616478310021,10.59543487790527
train:1186,-0.035498551948781654,-0.3515273576427019
train:1187,-2.3756052131099232,-0.1083759877465083
train:1188,0.859092809997323,-0.011337819458668547
train:1189,-2.2814301036120597,-6.422518936626965
train:1190,9.65785199488331,5.460598691892779
train:1191,3.937339696127183,0.050801092216543595
train:1192,0.4719849841316254,2.0239646895118852
train:1193,4.577208432488348,-0.11141694557260054
train:1194,2.0998056582629214,0.09749582992210414
train:1195,2.33606970482255,6.993979277952619
train:1196,0.6051889023345449,-0.025184335017060674
train:1197,-6.172192926053428,-0.2920720384645164
train:1198,-2.9024734418447986,0.20803627323379104
train:1199,3.4852581649038585,7.738716640217164
train:1200,-1.0252504138731706,1.7067613743401013
train:1201,1.4758403199502372,0.030047796202511128
train:1202,0.8732346395011872,-0.07585987996503432
train:1203,16.084976439941258,22.83367463691402
train:1204,-28.08141600854265,-12.841869061432634
train:1205,-6.790458388315176,-6.538063921153669
train:1206,0.5958366424127968,1.1676912541426197
train:1207,0.6379794617042452,-0.023575263741000704
train:1208,12.086082877548602,1.1736025474660368
train:1209,-1.9375722956361225,-8.462778516428006
train:1210,-3.2317807587305114,0.14545925021104986
train:1211,13.661370546423983,4.452817051063154
train:1212,0.026498525642440762,0.10679446151830849
train:1213,-4.955489294673836,0.008025817605093494
train:1214,3.945174003740097,0.7662582861877831
train:1215,-0.707873318793581,0.05254626190534948
train:1216,-8.053258488736391,-1.9046542327239429
train:1217,-1.598837867275301,-0.18273137256498168
train:1218,-6.31614780540968,-0.5159750768966354
train:1219,4.082159320137167,0.02397929066646723
train:1220,7.403164206226286,6.418131771578778
train:1221,1.7964877537827872,5.432757578855208
train:1222,-13.49185891629495,-5.574383872486123
train:1223,-0.9596051366594606,0.12656810575002836
train:1224,1.7450088304172882,1.8031163400088215
train:1225,-1.9779177478139562,0.13702913762616326
train:1226,1.853628662506062,0.3031399609379467
train:1227,-1.4175383391646048,0.024506137037820147
train:1228,-8.909019096398135,0.06102145530619803
train:1229,0.16954728277819867,2.471397922349172
train:1230,-6.2037082195171145,-13.718534575644997
train:1231,-0.6473855925563033,0.04722915085560826
train:1232,4.739373625469326,7.580433330228801
train:1233,0.022804415517503895,-0.013716831126332
train:1234,2.684826337753521,-0.4436641284811585
train:1235,0.9996393866350272,2.50423672888288
train:1236,0.3351086906492323,-0.02905885995601916
train:1237,3.84636948838765,2.1301636790534633
train:1238,0.499234901344961,0.08320406997568265
train:1239,-0.12282334956471042,-0.21240367975979202
train:1240,12.777696353272992,10.28613482894702
train:1241,0.9663615947937622,-0.08809019120686618
train:1242,-0.07659763374150652,0.0886092027451977
train:1243,0.4893928519110056,0.2214463893743742
train:1244,-0.23695046605237297,-0.11150867647343454
train:1245,-4.624308829288186,-0.006999789547999902
train:1246,7.761755682385765,3.1466606114271762
train:1247,2.145587611305488,-0.2673600476336218
train:1248,-0.5748937227925028,-0.142173332262648
train:1249,-0.7831688673930397,0.19885348221531174
train:1250,0.7143080547233761,-0.895539569285621
train:1251,-5.01579779560788,-1.8051939692038177
train:1252,-2.880674437907091,0.02021504253364355
train:1253,-3.1923256216128366,-0.03120590514661252
train:1254,-7.528965199928769,-6.936700451910764
train:1255,0.2724009882175649,1.3645343544675594
train:1256,0.49707141250295195,0.22918859153341087
train:1257,-0.5150231731830898,-0.16822048561439068
train:1258,3.0995776326332978,0.04266001043272957
train:1259,7.392576198299367,0.7262793061132646
train:1260,-1.0659956942242346,-0.09338618845672647
train:1261,-14.029901180180415,-3.5265726853682127
train:1262,-3.945833428386259,0.13034062820983242
train:1263,0.9348356082510232,-0.3167392338010691
train:1264,-15.932674158254429,-5.287039322187828
train:1265,-4.314838568792468,-5.3396115426048345
train:1266,-2.249881801078257,-0.5113825401009158
train:1267,-9.656736833323404,-8.173856137571043
train:1268,8.565515846620006,5.359995429962884
train:1269,-0.11134549149411405,-0.7128221717242555
train:1270,-17.56611729984266,-11.437443005396842
train:1271,-1.8722408370467507,0.030916315213828892
train:1272,-14.03531280801344,-9.243274666685467
train:1273,1.0195926721451478,-0.16471388290443817
train:1274,-0.8937301907043834,0.10841252042539885
train:1275,-31.385770840715608,-11.58388603879793
train:1276,0.16656286766074582,-0.4840291487075538
train:1277,6.104385614128577,1.1331884519209994
train:1278,1.5051175054767953,-0.19119886228208988
train:1279,7.415555625181066,3.332675756272645
train:1280,14.564208596901207,10.927912172700367
train:1281,6.2815001965400485,0.3938779425342925
train:1282,7.566349890881962,2.0215176286378487
train:1283,-16.802891808793813,-8.923304730425233
train:1284,-1.215068839114318,0.04431016802207133
train:1285,-4.456387970278612,-10.640497493102426
train:1286,7.956380414202326,3.0115702399647617
train:1287,-2.251369533815858,0.05996490934729209
train:1288,4.0897904592481025,-0.07364378694239795
train:1289,5.204398431509784,1.224219886803528
train:1290,-0.3471112638157656,0.05083775604471519
train:1291,0.1369257205491602,-0.26497176301330794
train:1292,0.002027181774816339,-0.0370552836784869
train:1293,2.1357994921832706,-0.1421108468278653
train:1294,-2.08049970957047,0.1512672571080224
train:1295,0.5990523534792986,2.5610916268162724
train:1296,-8.408092044983984,-16.73256602981342
train:1297,11.867587009040742,15.69598910063003
train:1298,3.466431604484231,4.035895684287564
train:1299,-8.328436974546873,-16.643484054899627
train:1300,14.045322751678285,7.006704622205172
train:1301,0.5494430917401323,-0.0766020014986866
train:1302,1.488930043458729,2.22275953237852
train:1303,2.034012072691932,0.3330552194921975
train:1304,-1.0712339082100337,-1.2918398866180543
train:1305,-2.1809063271147218,-3.092015303938036
train:1306,-3.0508078344473666,-9.804727697329682
train:1307,2.97220888117714,0.9803004311062609
train:1308,-4.142103499627312,0.045254011941072377
train:1309,-32.84053170152011,-13.759766973596228
train:1310,-0.2864967316084316,-0.7584108601698378
train:1311,1.692278003198921,3.992711971777067
train:1312,1.4833547650245666,7.123334970174404
train:1313,9.50217564122068,1.029075163421712
train:1314,0.14011016598234838,0.08941837485955288
train:1315,-5.109967558566217,-4.386226183308955
train:1316,0.013337437454192302,0.009994536783179103
train:1317,19.588103523853317,7.925035652587946
train:1318,-0.1411763925489482,0.10015616870709983
train:1319,11.458374961567888,14.159185225773282
train:1320,-4.187192029739212,-1.3487606938456695
train:1321,9.734732443764795,13.39178077272847
train:1322,4.989846449506009,0.32285654084566406
train:1323,0.658555270381756,0.08199273703791998
train:1324,3.4875095229606825,2.042797485701614
train:1325,32.24277306721996,10.674483803372947
train:1326,2.1479882075525523,-0.24351229598974478
train:1327,-3.3584458590934316,-0.22521319389024902
train:1328,-0.23047266850043935,-0.17905543147355185
train:1329,-0.5981446608988135,-0.01677676284015507
train:1330,-6.105799133306111,-0.1770172364809932
train:1331,1.055512584345097,0.6518249503578495
train:1332,11.862063801252395,1.3749086485712105
train:1333,2.6612592564404696,-0.09237543661783251
train:1334,-12.36492554321872,-5.339775887857961
train:1335,2.005858125382263,0.016057050565202735
train:1336,2.6933096687732134,6.424920143562113
train:1337,1.547261487059445,0.5396839240882979
train:1338,-0.5013332424982719,-1.2130939727108299
train:1339,-0.5309670189653739,0.04855603904947597
train:1340,-4.16956890562936,-2.9991502496644977
train:1341,-2.6008193572192555,0.3051041149701121
train:1342,-0.55423236948258,-0.0925086818143783
train:1343,1.3067506609086852,-0.5294451105774212
train:1344,1.89402479058027,6.687501630459531
train:1345,7.545240358084837,0.9081110653661117
train:1346,1.0615030331963458,-0.16158818455720225
train:1347,-1.5131835145738108,-0.24954342439356703
train:1348,-1.2629075826666183,-1.4456171122615613
train:1349,-4.578420642829825,-0.21180364839290589
train:1350,-5.835831896325561,-0.300709579867152
train:1351,-5.65670190097112,0.10950387562194631
train:1352,-0.6712007068117013,-0.09063012426821662
train:1353,8.644229926100584,0.2889514874179697
train:1354,-0.8152685608727164,-3.0924718185300555
train:1355,5.422037458944081,0.23827836770376615
train:1356,0.1616283603658336,0.04094308758430491
train:1357,-4.37219020091053,-3.8857538012235118
train:1358,0.06323064693382441,7.211467394736796
train:1359,6.796470515164195,10.121638926004506
train:1360,-1.2389144053991887,-0.2631418528033584
train:1361,-4.871012575417453,-1.6962964077801623
train:1362,0.5713908689515999,0.2008331862757678
train:1363,0.6988495817467345,-0.060128387124030236
train:1364,-9.054491463146741,-18.792711385242846
train:1365,-1.682098132560454,-2.5721416223349887
train:1366,-2.316305813396805,-7.658535618380154
train:1367,10.190672316859795,10.51401321784557
train:1368,20.937012200377474,6.020869349743662
train:1369,-3.117870177093642,-1.1452393556827192
train:1370,7.100283207008702,3.5764822246083874
train:1371,1.5982484125594545,0.1332426344069786
train:1372,2.5329474219036165,0.10353494733128675
train:1373,-31.181400994551275,-12.61410251860913
train:1374,-0.07818695073009749,-0.04515071400309892
train:1375,2.7452064358255623,3.599193825561375
train:1376,-1.8199507506518984,0.11817907947842356
train:1377,-4.396814967216719,0.18460594711999218
train:1378,-0.2766256248944449,-0.14699969012596786
train:1379,5.889629533789863,0.16534359923133451
train:1380,-2.5726142690967317,0.09404914475235425
train:1381,2.822327246527466,11.140257652605442
train:1382,-9.920759183267794,-6.857926576484779
train:1383,-0.4395593248176898,-0.1814616913559265
train:1384,2.004005665665709,0.0635110291016163
train:1385,40.19523641415423,13.4412110314659
train:1386,12.726628067388894,14.538230432813844
train:1387,7.618481905673445,0.44601618876725974
train:1388,-22.223715689803957,-10.12776655293477
train:1389,-0.24620125795225184,-0.008163901757650527
train:1390,1.053980917000088,-0.17625542775556008
train:1391,-3.278392820149011,0.05543685523769518
train:1392,-3.59829580646716,-9.159010632647202
train:1393,5.453343075075063,0.5048677673974988
train:1394,-2.807356644015681,-0.15214803343747174
train:1395,4.0080558173937115,1.943473463255045
train:1396,-1.4376057616706879,0.262536411837221
train:1397,-9.91321265895631,-6.003248516953812
train:1398,-0.9271507119051622,0.12247174325151022
train:1399,5.9422822550395065,1.1877219731539708
train:1400,20.67774315652972,13.55896782919094
train:1401,-1.4619190339349424,-1.0943672241385571
train:1402,10.473003077806295,1.4338381200037131
train:1403,2.9043905843335707,0.42620802061951835
train:1404,9.368199729201889,7.891050994428268
train:1405,0.1483726616738033,-0.19873335030175754
train:1406,-1.689570037776818,-8.362038870763746
train:1407,-0.4825474784998083,-0.21113599580207687
train:1408,-11.995551259126993,-12.548042574570896
train:1409,-0.1326551708360948,-0.035670617856566667
train:1410,2.483230183311854,0.2757181280209842
train:1411,-3.321386436599776,0.232020123290414
train:1412,1.049378011384893,-0.06449894369938028
train:1413,-12.320507422671701,-3.759367165779576
train:1414,-0.23921844487337457,-0.39055165157665883
train:1415,-2.168125773065763,-8.0266296110014
train:1416,-0.29125166491275045,-0.05126101915647463
train:1417,0.557381308186438,0.0960600915302017
train:1418,3.5456787107097036,1.8098184022021029
train:1419,4.62124950576968,10.997700699668922
train:1420,1.4432877978185532,8.261191884351483
train:1421,-3.9197213942589477,-0.14217404556669802
train:1422,25.45300074971016,7.946462164964397
train:1423,-1.0218741903917756,0.21801853543154512
train:1424,3.7606091347286053,-0.05352119436940292
train:1425,2.043222998003608,-0.09493733944392391
train:1426,3.4577792763238766,0.08317097266776122
train:1427,2.307157013816704,4.455518476161432
train:1428,2.4033812427023733,-0.06403615203172017
train:1429,0.0379086221360042,0.00936654389753179
train:1430,-3.790629429867815,-3.949056111804325
train:1431,1.459486882748632,0.026118632173320264
train:1432,6.864812772881288,3.718843446913578
train:1433,5.215562006039562,-0.013483438041161852
train:1434,-1.7393939747008553,0.1176072949519187
train:1435,4.507770366626715,5.257236848515415
train:1436,27.405039997389853,8.283555392928056
train:1437,-0.6829184617862359,-2.430564178519972
train:1438,-0.5906604353957163,-6.5880151771692415
train:1439,-0.6308801276655746,0.001225747435337779
train:1440,-3.5901476802299084,-1.700519453077966
train:1441,1.3140298582438814,0.027248220466949385
train:1442,-1.666973702075052,0.20693464645892312
train:1443,-0.6831499901935252,-0.7289131698064752
train:1444,8.164196221320129,7.597325511420015
train:1445,-9.422826193988069,-5.041368277065305
train:1446,-4.0796912516190025,-4.742262198946858
train:1447,-10.128660535018009,0.12007104714072583
train:1448,12.073254902018633,18.934131557026365
train:1449,4.443656059383293,1.3170030537721227
train:1450,0.5657807217814004,0.04840453326924938
train:1451,0.03731073954208056,-0.3805772357234551
train:1452,-7.253753240131692,-5.105670639924261
train:1453,1.3709251748363318,-0.2465388450740264
train:1454,1.4781983763393356,0.18095383038383334
train:1455,-5.549827830266626,-0.021876744137066834
train:1456,-5.73033583806927,-0.6043851193953
train:1457,-8.321016907518086,-0.0037168789881371483
train:1458,-0.42767234024425294,0.08223682968384059
train:1459,0.5555690637454471,4.473669781661761
train:1460,25.921948985929564,10.986800272497968
train:1461,3.4655115347693206,0.8030901687935648
train:1462,34.871511269929584,11.356046393820826
train:1463,25.900503318517035,9.509550438099929
train:1464,1.5289709753418346,0.04145695182194726
train:1465,2.645857503274449,-0.46921938735999974
train:1466,-3.7206334642295817,0.031039288832054243
train:1467,-5.098839782605438,-0.5416411832248516
train:1468,0.01968877772342978,0.018314229901120888
train:1469,12.312201516670747,0.8877336805864455
train:1470,-0.4357525886753517,0.15751095011875393
train:1471,6.892524119701521,14.540822294410036
train:1472,-0.7974022854435625,-2.346896181345914
train:1473,0.9168354368754853,-0.004437173417858473
train:1474,-11.427865920444816,-7.101446867235649
train:1475,3.1171014970745627,0.09223934971661556
train:1476,-0.44818724486281813,-0.17930779844645278
train:1477,8.103523690781852,0.26808791459780246
train:1478,0.4949488363112269,-0.7663088479334013
train:1479,2.7698140002219733,3.379535267213763
train:1480,7.289685996916282,5.12948808765754
train:1481,-1.3053976945690007,-0.03517872338366529
train:1482,1.9271417213192819,1.3403213911500667
train:1483,1.417646259169509,-0.18150876942322852
train:1484,-2.4453289701488234,0.21477157539580394
train:1485,0.25872407519420115,0.04392797971206471
train:1486,9.310031238827587,4.305858441494704
train:1487,9.221278682700042,2.07168030797385
train:1488,5.612762936238685,11.408543289330147
train:1489,1.299745764296984,1.2007130944955657
train:1490,1.700020257348696,0.10356690335272814
train:1491,-1.6321003168727093,-0.07047186649272003
train:1492,1.061424229852901,-0.013572458386605729
train:1493,-0.46874399196462835,-0.06766002192749776
train:1494,7.860506732342954,2.5262507184749374
train:1495,-4.3093971863046905,-2.2552993816733307
train:1496,0.34390769995918485,-2.5149725852979627
train:1497,-1.1666147786000751,0.16696051685194485
train:1498,-6.1216769609481645,-4.542479715292551
train:1499,-2.5445258750108133,-2.1109931218845155
train:1500,-0.6788090650150921,0.08049351458556478
train:1501,6.431077775811475,8.159842791706877
train:1502,-2.9303256583586226,0.15757942730755692
train:1503,0.02896746461213867,0.19492189295235074
train:1504,-22.220104218583426,-4.35943391254655
train:1505,0.6021794979562651,2.4598389728792296
train:1506,-7.988359867390367,-1.6502429304155797
train:1507,-1.4668617934973835,-3.124236674486037
train:1508,3.399683312920534,-0.03376552539974384
train:1509,21.154416444989117,6.415543904485265
train:1510,-9.65381715782586,-7.343087459153876
train:1511,-3.098544528832197,0.2918974331445978
train:1512,-6.5287689892699365,-0.7156691108487392
train:1513,0.116357815451818,-0.02116258412217578
train:1514,13.282781617688737,4.051356406911177
train:1515,13.418996567477619,5.018445478294631
train:1516,-5.966420891783905,-0.06523279090605219
train:1517,-21.358520996919896,-12.572091763278502
train:1518,-0.45894773680400225,-6.717027342160532
train:1519,0.4758465804186625,-0.5650515368252496
train:1520,0.30454973038593436,-0.15746100732372278
train:1521,-5.534909590240326,0.04252205742945357
train:1522,-1.3604605428535579,-3.4920490546683314
train:1523,-3.19224565597819,-0.9666248830171322
train:1524,3.821446245700979,0.07660629283451574
train:1525,-0.2765612339618956,-0.14133020687551134
train:1526,-0.03764925558757698,0.10027657443074506
train:1527,-1.310186799234636,-0.03521881107127703
train:1528,-10.968468928400817,-8.424572810221866
train:1529,-13.606574268359566,-5.8700444067213
train:1530,11.19708632052884,3.5810410934529453
train:1531,-0.26989712113040143,0.046438096664123865
train:1532,-2.604312274737256,0.28886389368062587
train:1533,-4.726716912280993,-1.4533487575206576
train:1534,-1.892538625668922,-0.004549447475333354
train:1535,2.273358747975519,0.1354632925755352
train:1536,-2.757690546236774,-1.53388948707857
train:1537,-1.0982906526257215,-0.39572310593938376
train:1538,9.170208537150023,0.953331403600258
train:1539,1.8389287007673567,0.12884404498246232
train:1540,-7.693565625434608,-0.4627928031908403
train:1541,18.408407709238045,4.174300637009663
train:1542,2.088431709025717,1.2363850020551868
train:1543,-2.508073633440691,-0.11920536983407923
train:1544,-0.27496959239090213,-0.0715592271865873
train:1545,14.729274403804027,9.722232026873378
train:1546,25.177407558399075,10.880373025660381
train:1547,-3.5951483218941718,-0.09618647749633824
train:1548,3.2924359142821977,3.053207509294792
train:1549,7.425984166755173,0.06849659642890309
train:1550,-0.6040941970997784,0.1304188063337158
train:1551,10.929969486490238,4.867632744283053
train:1552,0.2222825267031303,0.28725810360319604
train:1553,-2.5821013547978247,0.19463642867152836
train:1554,1.376299376892677,0.16849697377571166
train:1555,-12.994446633473386,-3.200992470093675
train:1556,5.568280657217358,0.06263894357004837
train:1557,-9.503310675426393,-16.971800219188463
train:1558,1.7776241162738398,-0.12340473343742184
train:1559,7.669309364820642,7.457185803248241
train:1560,9.420791081476105,2.558596489249264
train:1561,4.1759315795046765,-0.1400214366045144
train:1562,-1.4182266480139858,-0.2800169146973722
train:1563,-1.5240802270437812,-0.11217818365479365
train:1564,-4.640789188688967,-2.7387246529278926
train:1565,18.438735141094053,8.603699946019738
train:1566,15.647097642280741,10.06723379950054
train:1567,12.771254470519176,3.2526513161861454
train:1568,9.22732445661247,3.0862551712543493
train:1569,5.800037338498534,3.116463883094783
train:1570,6.36916159368786,3.3989200180774057
train:1571,-1.6674818557882394,0.08125446734613787
train:1572,0.4026667504928414,0.10595789852843211
train:1573,0.5194176231382086,0.01304020241600154
train:1574,0.07783088408746217,-0.04203728448552352
train:1575,8.442296242294075,9.626251545830923
train:1576,2.198231266683761,-0.15100275245474196
train:1577,0.5064624929508218,-0.12814021636476777
train:1578,3.873989711577704,0.22391442138748152
train:1579,-2.3509690563499612,0.3024526211553368
train:1580,9.20555148799767,1.502819472109253
train:1581,-2.341806249894017,-2.6566464678205435
train:1582,3.469788533931685,4.481820849702276
train:1583,-2.035473245808717,-0.05594642813950837
train:1584,1.6706221935372079,0.09892486325593627
train:1585,-0.1055378710488219,-0.012415193895835397
train:1586,-0.20370789163450598,0.055840014686772715
train:1587,-2.1414872210242852,0.16704154819202838
train:1588,1.4445486513136703,0.09940634348970721
train:1589,4.538436722597009,0.18894797153334097
train:1590,-1.7141829487127547,0.10868072274821051
train:1591,-4.79018638036596,-8.400604652854343
train:1592,-1.9381752923113318,1.2701284207851442
train:1593,-9.69145679608718,0.13977250500258256
train:1594,-1.0753377259834114,-0.18722861193961726
train:1595,4.81361520840749,2.363243338424029
train:1596,-0.34787430798938707,0.10257227218536488
train:1597,-2.4552228577703548,0.063320291598638
train:1598,-16.68368164419572,-7.01641018225039
train:1599,6.875558387495096,1.0310903900238595
train:1600,-1.944014643306418,0.2157231229985453
train:1601,-0.10856901027256505,-0.1353002197581691
train:1602,-8.848438619322996,-11.529672648422611
train:1603,-3.2333665888454988,0.26732781780208936
train:1604,0.16270789643355577,-0.13392140302945915
train:1605,-3.707838962686208,-0.6046881309557532
train:1606,-22.538646394363152,-5.532587108370506
train:1607,-0.84044518304126,-6.618140575096632
train:1608,-7.694369001112912,-2.0408596410773656
train:1609,0.09078903623197215,-0.0599783079519037
train:1610,23.007644203569154,8.482564369670511
train:1611,1.00084956423377,-0.06417139447960604
train:1612,3.6458630981762763,-0.2425650282113036
train:1613,-0.5067195323831105,-2.0587196332036624
train:1614,-1.4701101649466404,-0.12409521175785188
train:1615,-2.5669766918541823,-1.2093568301319075
train:1616,0.7191943269334364,-0.024436364390198154
train:1617,8.608950203894285,10.913082296178603
train:1618,-9.774585722466592,-0.4541358599180439
train:1619,-0.49713179226398896,-1.2516452033988064
train:1620,3.7724819393493867,5.690703730713905
train:1621,3.7927251002850997,0.13245486141412435
train:1622,-1.598680028130171,0.07436908601199846
train:1623,-1.0291403700655182,0.20383947752502854
train:1624,0.8330700398342683,-0.2298296977020498
train:1625,3.1787038605738402,-0.036641282007848885
train:1626,-4.97891085712849,-3.7456591738676996
train:1627,1.905888529329682,0.09965257604777793
train:1628,1.4575384177788542,0.1583315350979096
train:1629,3.189352772559704,-0.10639414377390213
train:1630,-3.9084160202026177,-0.14133034953632134
train:1631,-4.470083479961196,-1.2752415866954525
train:1632,1.2903735129665743,1.866510096168848
train:1633,2.4703817514567423,-0.019561929833906186
train:1634,-0.11966238241378752,0.09974730282562204
train:1635,-1.1429960915576887,0.11313887306090438
train:1636,0.5217210518408483,0.05904845630381223
train:1637,-11.35832371329155,-4.168468722915486
train:1638,11.123748535228769,15.274444667645378
train:1639,0.614084149355961,1.0696070967958144
train:1640,-1.171934352969962,0.20708529627428968
train:1641,-3.638558968427945,-0.33027831531389784
train:1642,1.3258698862527876,-0.38051831680892256
train:1643,0.4485194870695638,-0.0229749470524946
train:1644,-0.0431282963102754,-6.359578699181948
train:1645,20.396487282486135,12.794191758909683
train:1646,-1.7967788483472726,-0.018438047972677313
train:1647,-1.1581512065308037,-0.02442809006321779
train:1648,1.6891126193414334,6.244094143019809
train:1649,-2.1687513181902762,-4.548097127347354
train:1650,-1.0412286634750116,0.026304091226328333
train:1651,-3.094094813197327,0.04037030443213
train:1652,-0.8202138774758002,0.19169647469892048
train:1653,-1.1883638040161286,-0.06472292117109002
train:1654,5.41713119532536,5.829884758242437
train:1655,-0.6359221468966025,0.11029107797156054
train:1656,9.944618059053786,5.652895762846061
train:1657,-2.021592001992173,0.18518657661671742
train:1658,-5.767466392784442,-7.124228657307159
train:1659,-7.348192654648719,-4.236783278395057
train:1660,-0.5054191609871507,-0.12590300954225048
train:1661,-4.700207839479335,-5.042335517357147
train:1662,-7.446134749929838,-1.391472769718287
train:1663,-1.9495457546749324,-3.2732264886673557
train:1664,0.26307708820112735,1.02558296945357
train:1665,-2.5432905919221236,0.04125209089877835
train:1666,-0.08835188465976046,-0.08171467960768891
train:1667,-0.5760364875015731,0.08655460175948836
train:1668,13.487594064342506,6.965847136862635
train:1669,0.20870824399283705,-0.20738087796109356
train:1670,0.04231103251898358,0.05500659023471647
train:1671,-5.451445923994953,-3.518098347932224
train:1672,-2.2848649065699975,-0.36656580426869584
train:1673,3.1183535171565504,-0.1292381339585755
train:1674,1.9594799169534554,5.241437449128848
train:1675,-0.290012081346616,0.17857795725399003
train:1676,-0.5083169854101103,0.1467092442283242
train:1677,0.25926849239286726,-0.05826552226696924
train:1678,-3.165005269552705,-0.48903525919148144
train:1679,0.5334095170771114,0.15728568869975412
train:1680,-1.745062701347598,-3.413686898340024
train:1681,29.454763776620464,10.823465057905665
train:1682,2.756873979820203,0.08407401559510048
train:1683,11.043557881006121,4.578256704050269
train:1684,-0.47328576106263764,0.10545430586911021
train:1685,-14.909982498770098,-4.408561730366767
train:1686,-4.724979984309843,-4.961307030489824
train:1687,-17.625704715315447,-3.1492297071126436
train:1688,5.920316346085299,9.416142416783508
train:1689,3.2644093540881856,-0.21846490959452558
train:1690,-0.02402604041771103,-0.22851707558918272
train:1691,3.643948107193095,-0.19164695988631936
train:1692,0.3234295237425793,-0.07898186913121008
train:1693,5.703006479519196,0.6629039888629311
train:1694,8.83992722023766,7.785889434297055
train:1695,0.6938928746898784,0.2104522340512461
train:1696,0.45180086758893634,-5.820096003921928
train:1697,-4.273335009661708,-1.2426584283332756
train:1698,4.324853161622117,-0.15130205483413497
train:1699,-14.191770221363313,-2.8756821690716685
train:1700,-0.022575965915029972,0.02242029333471944
train:1701,-0.8734114808405896,0.2295295508693257
train:1702,11.913554231300788,5.087666215239361
train:1703,-0.3339470374412738,-0.27508085067115756
train:1704,-8.357886644087698,-1.6311469250313892
train:1705,0.4537191129874814,0.005630257283469317
train:1706,1.1368775013683696,3.3841882921929254
train:1707,-0.2923910589773371,0.0010886503969218253
train:1708,0.41377209423343675,-0.13479762572451726
train:1709,-3.912361766372625,-0.2223134702660629
train:1710,28.884047182485425,11.897195367341718
train:1711,0.560322137383844,0.4114068902509697
train:1712,-0.027454102086681476,-0.19873791544767772
train:1713,-4.130828810058694,-0.30992518287193277
train:1714,2.5474002805329357,1.3653663523115156
train:1715,2.137397875043231,-0.2859244988397291
train:1716,-12.51648459653004,-9.282869318537829
train:1717,0.19555564053035773,0.1562823552229805
train:1718,-2.212593407217954,-5.004645101996748
train:1719,15.105979490960285,8.543467410748638
train:1720,2.95982699301021,9.573349493621183
train:1721,-1.0767420062127635,-0.35381991685950154
train:1722,4.294096146938125,3.17388742701686
train:1723,1.9564128629315936,0.04868001129337136
train:1724,0.9731547219485953,0.1547187927453125
train:1725,-1.7947334482913107,-0.06426326804125004
train:1726,-1.7493271477649892,-2.37693626810892
train:1727,-0.1327906939901607,-0.22796226769906858
train:1728,-0.5608416221693752,0.14943834552374288
train:1729,-6.596763954376096,0.0657440987606434
train:1730,7.635952072261212,8.73875065777697
train:1731,-1.1619851402872512,-3.790673224570577
train:1732,-0.41560241103573914,-0.03135341642415894
train:1733,0.19279264188674325,0.2945370861121426
train:1734,-0.04499981760253016,0.23883210563780521
train:1735,2.099328653953928,0.4014953164845737
train:1736,-11.620637030253622,-9.860986273077248
train:1737,26.49500503979448,7.36771236707179
train:1738,-1.0517464690133744,0.12748541475836825
train:1739,0.0793913762542621,2.2551734950200295
train:1740,-4.036237367852543,-0.9445892089819539
train:1741,-0.5797432666006036,0.013367894296585789
train:1742,34.7176983015208,16.040327785812284
train:1743,-0.38480797057506766,-0.13784828448568992
train:1744,0.5955558328585745,-0.16748692372933877
train:1745,-9.574242053023394,-4.0790934373763195
train:1746,-0.688437020409777,0.03901431343302104
train:1747,-4.412907121356283,-3.3156426860200203
train:1748,-1.168586721852118,0.11281817156001044
train:1749,-0.28810115838263883,0.20373333788238393
train:1750,-2.499714435121292,-0.11245066580190549
train:1751,7.842729255961576,5.556216243834577
train:1752,-4.8320739605096135,-5.270419908465345
train:1753,6.86618009225044,1.603381505065056
train:1754,0.49881880109491306,0.11744209373393151
train:1755,-8.958207260035087,-3.0737863909570633
train:1756,42.120972547033126,17.667963227756744
train:1757,-4.369102690563526,-1.485993545352757
train:1758,-0.0101420071022843,-0.320302187530974
train:1759,-1.6568192287662002,0.14927029108955558
train:1760,-4.772142506841255,-9.016546694558807
train:1761,1.1724111842021432,-0.02927713099532865
train:1762,4.792467552458963,6.987384354027651
train:1763,9.30021592209126,4.384474534064823
train:1764,0.32849711338003473,-0.14243682677872946
train:1765,8.348455640203932,11.45985667075966
train:1766,1.3784547296962777,0.08728987557426032
train:1767,-1.2463098318545103,-2.3618356213697638
train:1768,0.4671707739760427,-0.07204912440814862
train:1769,0.9546847524695116,-0.018462585631998374
train:1770,0.015934925830748597,0.18583040485227542
train:1771,0.23909181451386624,1.2202046983059032
train:1772,1.0363250162783606,-0.10185638872922478
train:1773,0.4535545325533842,-0.028926470724333395
train:1774,-12.907732271196354,-4.82946333374153
train:1775,-1.7904452911334143,-0.01293504988749801
train:1776,-5.406943188648484,-0.10525827840463273
train:1777,-0.10737742933304223,-0.07902295544449187
train:1778,-11.552725750113954,0.04597188113702359
train:1779,-1.407245553202804,0.3393487011256212
train:1780,0.198134532247694,-0.03212863526573265
train:1781,-0.19897620415421213,-0.7458605607311621
train:1782,-3.6246212372590207,-0.033820592472406236
train:1783,-4.951140000998754,-1.0961977049917466
train:1784,0.8744527206800985,0.14133849271402066
train:1785,-0.588909095013671,-0.09570200138555718
train:1786,-0.5133878294629293,-0.3862723979197128
train:1787,-0.00742387289903812,-0.035854079658234644
train:1788,1.5583169685075067,-1.0282155491994904
train:1789,0.8775843980927499,0.07004674879043049
train:1790,-0.13202904456598075,-0.09851712714940958
train:1791,-0.7203116943128913,-0.0009044637796748467
train:1792,-4.640464676985578,-0.3549155518803492
train:1793,-0.06600637139922458,0.006738161133977488
train:1794,3.0983409547951664,6.324961708493446
train:1795,-2.595388667810529,-10.918477217188673
train:1796,-2.297392313595324,-1.146981814816135
train:1797,2.3086824047892263,-0.04195767975354006
train:1798,-5.296649657229909,-2.5288800170222276
train:1799,-6.624630118384335,-14.183073552906077
train:1800,-2.6834908057818545,0.2869653636210633
train:1801,-0.759382810417673,-6.445740692636535
train:1802,0.5940011521477808,0.30758741168989007
train:1803,-10.802367287579441,-1.6984873925002375
train:1804,-13.388431736376887,-3.261963417717366
train:1805,1.529918940045575,-0.10013461541325994
train:1806,-7.827677293065705,-7.1459747298980245
train:1807,2.0017036317125108,0.08100509625024703
train:1808,2.532794464381532,0.20928583926863537
train:1809,1.337881003526518,5.2916991350669935
train:1810,0.21533713940093333,-0.5934671449447153
train:1811,0.06274039250513662,0.08413279184882304
train:1812,11.407585625572091,7.470051525737841
train:1813,-0.9540605427130117,0.11972438137241076
train:1814,1.0238550264383761,-0.16053306520639637
train:1815,-1.826050687334305,2.1856543116607665
train:1816,-0.4124777073702953,-0.2902640980193078
train:1817,2.42244839740066,0.13998221639329167
train:1818,7.116994629900293,1.21552770631066
train:1819,0.02235670094678191,-0.036274073082892905
train:1820,-0.9411233118101242,0.1471597670663238
train:1821,-8.215071739941632,-4.51234147789226
train:1822,8.427195755007418,7.654259728763771
train:1823,6.062648666924606,8.228163624262088
train:1824,0.636734415369465,-0.8905781116352252
train:1825,-12.144220391595521,-4.6705959703970015
train:1826,-1.956457203074053,0.13051781293586012
train:1827,11.68012338577333,12.24126585020116
train:1828,-8.681198862957356,-8.54748936412321
train:1829,-3.7190653009408536,0.12404044151833844
train:1830,-1.2325538830294613,-2.1926125098268847
train:1831,-1.618196757065102,-0.04904221557844815
train:1832,2.4315465804658145,3.5528550265767795
train:1833,18.909130197400774,10.969225601991685
train:1834,-0.31694469306201006,-2.601658143925272
train:1835,-0.12705432199550526,-0.21760823143043834
train:1836,-0.27621463872568247,-0.007870876453897793
train:1837,-2.3515739126910926,-0.31195695812804114
train:1838,21.71267885644451,8.358170420420741
train:1839,-1.0141403047386501,-0.9955082759326082
train:1840,-0.639868590441331,-0.09515903434267356
train:1841,-14.174916069112209,-4.1161744057563725
train:1842,-12.795687399395733,-4.695325080525097
train:1843,3.3307929186729304,-0.08760956693795527
train:1844,-0.016872138074009557,-0.18337220492352957
train:1845,-0.5451769587336316,-0.04983369775236257
train:1846,-16.47341665705864,-9.508521628157041
train:1847,8.12176422397781,0.03993162244136093
train:1848,-0.4603043630941027,-0.8073195509858848
train:1849,0.7063812287308426,-0.1955571500277794
train:1850,-0.15730411279927037,-0.021070710560531794
train:1851,0.9796637851338426,-0.15185129895265884
train:1852,1.8081709887086448,-0.0667619721285087
train:1853,-2.996390290237744,-2.540504019821533
train:1854,1.3462302061415863,3.228962774006235
train:1855,7.042138427374907,3.9901152597133343
train:1856,39.3257756476451,16.010478579213068
train:1857,0.8851106985373323,0.027698030000898946
train:1858,-0.8145456157455381,0.08992624734317498
train:1859,-0.8600497811910052,0.1805426819293955
train:1860,-0.6850375511043573,-0.10174753853119006
train:1861,-8.802956769868594,-1.934297722435132
train:1862,40.479177645789186,17.02861454163294
train:1863,-2.100219607007379,0.10100300327529665
train:1864,-0.6054143274461595,0.477136645844443
train:1865,-0.5570725442619576,-0.08643047534325399
train:1866,5.118428865434514,4.556254412644632
train:1867,3.5497285981713436,0.2641156670039897
train:1868,-31.255322714950854,-9.480340411748417
train:1869,-5.450970314435401,-0.1077919343903429
train:1870,1.1224740401151037,0.002492004784952845
train:1871,0.8601100472566581,1.965346361306006
train:1872,2.394270506892245,0.22261221351374488
train:1873,-6.63578253491858,-3.7249068764793374
train:1874,-4.869019943382027,-5.370856542569153
train:1875,0.9158772440091737,0.07295874124427713
train:1876,7.78936800199565,5.068968518836709
train:1877,-29.116325673134536,-14.675804588797343
train:1878,0.004305156300148688,-0.4369797562283178
train:1879,0.07052658126231878,0.13063094295819505
train:1880,-2.2697207171341742,0.057287165943475646
train:1881,1.6412036734005775,-0.05492640334796403
train:1882,-2.60221689615964,0.34169946595290346
train:1883,0.25060547115346116,0.31485540931646616
train:1884,-0.7077877741611688,0.25296729534524487
train:1885,-0.6768910520747872,-0.04995139292061768
train:1886,5.56483655592981,12.73157507618176
train:1887,18.19573259506605,6.2090104259798435
train:1888,-6.7479203900153015,-12.16545937944218
train:1889,8.304463383153053,0.34599954808811045
train:1890,1.968800562554529,-3.436118884105399
train:1891,-0.2601158595262715,-0.5440113499222947
train:1892,-0.22599226837785602,-0.10287241901808897
train:1893,6.39540380442971,1.8350767839353213
train:1894,0.23301105563628005,-0.27977453398117164
train:1895,1.9106634540426621,1.9945343350508453
train:1896,-12.32857837277319,-10.70911049499653
train:1897,-0.17700122932863516,-0.1845211950873195
train:1898,-0.8659358562923817,1.0035190485780106
train:1899,0.04318147239960064,0.007482422579779852
train:1900,12.96534222380076,5.960683607218245
train:1901,-12.703412636011915,-14.99791900235359
train:1902,-18.111358330512193,-7.678906440762559
train:1903,-0.27810266455299504,0.3138135574209908
train:1904,0.868092082081251,3.541113471270029
train:1905,-3.5217454482868304,-0.19219748795213332
train:1906,5.994850826406179,2.743145366289489
train:1907,-2.5104986378029817,-0.2103921623387045
train:1908,-3.3510346254777734,-0.11607453569768308
train:1909,9.075224240517848,2.9018249880080496
train:1910,2.3983782764557073,1.7075422996140754
train:1911,-0.19387932477848513,-0.08584157151954838
train:1912,-0.6063892573057691,-0.035433230268716365
train:1913,0.46699154867280973,-0.05168086992032289
train:1914,-0.5375930086454671,-0.031145131641549875
train:1915,0.38664189301383,0.22088059660188958
train:1916,-7.388500913508113,-11.526562642764477
train:1917,-9.80884262841579,-7.4683242484691625
train:1918,0.20853517883297074,-0.0632112872282643
train:1919,-3.3867992555732354,-0.029603824250242855
train:1920,0.9239349439909682,5.686663005931289
train:1921,4.570046859022718,4.767458606069657
train:1922,-1.8244643923028372,-0.07172128986675436
train:1923,-20.958889948277196,-10.70565011438902
train:1924,1.3205121887315001,0.0542667512740243
train:1925,1.842730090370169,-0.04672568934556742
train:1926,11.212902779195467,1.0763994632818297
train:1927,-0.3037598941332561,-2.211902391251874
train:1928,-34.04189076446079,-12.581640907257077
train:1929,4.049421296329763,0.8588054921766275
train:1930,-3.3367616895264076,0.38214951202206243
train:1931,1.7008120101149884,-0.540113143288875
train:1932,-10.304064224781238,-12.057969594891665
train:1933,2.0560226136282673,0.038126107229922414
train:1934,-8.346760262876359,-3.244200434941874
train:1935,6.447056025413316,5.197829463369392
train:1936,-1.3365119975682562,0.7125439233258672
train:1937,-0.9022800047807878,0.15874411016044754
train:1938,-0.9981959940398853,0.12337763939504962
train:1939,-7.155294157724256,-4.955425981258128
train:1940,-0.9124284341753929,-0.06722647572588888
train:1941,6.861953536526211,13.914893996005137
train:1942,-3.995721291326365,-3.0487303022524337
train:1943,-1.4166003701651948,0.028764419555695322
train:1944,13.525352721222836,5.787307354174466
train:1945,-4.889875166864319,-0.23906099339593123
train:1946,-6.5861982624402415,-1.0007088331005742
train:1947,0.6086004594684575,-0.04669287735926597
train:1948,3.23681563113752,0.0053854513334986726
train:1949,0.0073072382438605366,0.015208504067285827
train:1950,0.47276302186174296,0.2712815194906013
train:1951,1.4916009886392043,-0.17070249838687862
train:1952,0.8321890231037199,-0.12654840704671855
train:1953,-2.8703835116112124,0.05475151270642538
train:1954,0.7460065252803809,0.05440741483269042
train:1955,-3.075107159217206,-0.04858170648374813
train:1956,-4.403946321111117,-5.699698839925293
train:1957,-1.2322047307526054,-1.7328150072471704
train:1958,11.07853075833529,0.3078957017003135
train:1959,2.2123001043001866,1.772173067657666
train:1960,-4.609429177329767,-0.13345889668341904
train:1961,13.567050150525963,16.262739412471397
train:1962,-0.17288462635204344,0.07502874959746714
train:1963,-0.8432876824030401,2.224279155326706
train:1964,1.1387633188423998,5.642591087217692
train:1965,0.1377723334601516,2.375932161509221
train:1966,-15.052471961379815,-5.949492211813755
train:1967,0.3664146554675745,0.21934763486796793
train:1968,-14.778911384921475,-4.307599819160517
train:1969,0.2279514858081132,0.0690555414825074
train:1970,0.6265239196247129,-0.08656742972085996
train:1971,0.8118121986798634,-0.1635997019782897
train:1972,-2.9342035267224773,-0.11846068040584684
train:1973,-0.42244110000566126,-0.06845949310677252
train:1974,0.3053038249173062,-0.21942116500399717
train:1975,-8.487271040945064,-1.837005047262241
train:1976,1.031753260067359,0.6798900408671298
train:1977,0.07852512062196954,0.11761143211540888
train:1978,1.4119840413534934,0.12491609357015651
train:1979,-0.8778470165228046,-0.18933913596284901
train:1980,-0.34535817999691837,0.056151015252586235
train:1981,1.301427832123435,-0.11046596861309918
train:1982,-17.01533074539371,-6.400045864548308
train:1983,5.4865571733584995,0.030020120005369924
train:1984,0.914309545636926,0.03055709529423327
train:1985,1.5474834846788839,0.0247465205026806
train:1986,-0.3776275679919777,-0.04454668813353266
train:1987,0.18937411100562307,1.048257050613526
train:1988,-8.038851656838643,-4.687913280802035
train:1989,-0.08066867490300916,0.02818036619952992
train:1990,-2.0712216038273614,-2.1258386910953813
train:1991,-0.26035715117965125,0.0030973146018091757
train:1992,-6.862679444229085,-1.328349926436462
train:1993,-0.25135369484739867,0.020961443891596
train:1994,7.109283990071192,0.7829590165719693
train:1995,1.1326784919456092,0.22493844068170604
train:1996,10.39453447422742,18.379218668556074
train:1997,14.425975909586953,16.4692768854795
train:1998,0.9628737913570474,-0.02718401159091763
train:1999,1.6590109044367076,0.9320201611582914
train:2000,-4.6549668167618306,-8.195934895170844
train:2001,-4.312279203567313,-2.637498533901511
train:2002,0.1816900876450309,0.12732278143496117
train:2003,-24.729799626627937,-12.018654558226915
train:2004,2.1183339747603083,7.500192901675951
train:2005,-0.08370760147780071,-5.233316114355691
train:2006,13.713521157874686,16.715036950947464
train:2007,-1.0730917144661136,0.26830903885331203
train:2008,16.68344110929849,4.543621512596963
train:2009,0.37017524864922297,-0.23498916855673413
train:2010,15.795448771876607,6.212890229368773
train:2011,-6.332299003942268,-4.112269208743262
train:2012,14.451442174722848,2.5683564859050283
train:2013,-1.1044928709338384,-5.072700014802107
train:2014,-0.5095160050133211,-1.0426190125601469
train:2015,0.6518437360692507,-0.112416284546694
train:2016,0.8017579148725595,2.161710406630945
train:2017,-3.281537980139597,-0.07893821492334818
train:2018,5.555747903652506,4.764738920387699
train:2019,-4.827702815759948,-1.7107933139713727
train:2020,-0.13758723731948436,-0.728933427641496
train:2021,-3.3205342446910184,-0.09267102981616537
train:2022,-0.030703868285379993,-0.12115882430549418
train:2023,2.0509313132503064,-0.5067084013218726
train:2024,-0.247979331031926,-0.07709731983102813
train:2025,-3.015320759490763,-4.914666646552875
train:2026,-1.791715907874622,0.11396659108056037
train:2027,0.41328346701243074,0.42068447937769815
train:2028,8.603523698733882,0.16087232412412011
train:2029,-3.0656038014392952,-0.5395714601932815
train:2030,-0.1404504254646467,-0.2503159326797506
train:2031,-0.8034699104305746,0.06714616920138436
train:2032,-31.67036295542326,-13.819701633096034
train:2033,3.628529152117296,0.0721187543949606
train:2034,1.0600306427026007,0.2213846172436415
train:2035,1.1849211568594504,1.6299365309004206
train:2036,-0.3325069586429235,-0.08172866036706952
train:2037,-3.3441859408035204,0.011887075088721402
train:2038,-1.0328239033405238,0.023436038301963613
train:2039,-0.043845197523207174,0.10336033049983916
train:2040,-2.4748474473287616,0.0003015907081175967
train:2041,4.137107798967522,0.27987141218269485
train:2042,-2.1733158681958304,-0.4184170169519306
train:2043,5.261536666963296,0.1981885401798728
train:2044,2.7353741496376975,0.9289712143268387
train:2045,0.5718106885334919,-0.08588964821252049
train:2046,-2.537898025664798,-0.35880277363139823
train:2047,-10.731768790182478,-12.318696491259002
train:2048,-1.293320326696799,0.1969787765110202
train:2049,0.7301905315302343,4.16134532353138
train:2050,-4.353502882976812,-3.194311093717844
train:2051,15.710582917526045,8.868772290659864
train:2052,-2.3831910228640094,-9.101145125535727
train:2053,2.6502049372836094,0.12988126040161244
train:2054,-0.963595979728077,-0.2754751651500147
train:2055,-0.06291700138629874,-0.11337425188588565
train:2056,-1.804509247126795,-0.2824398658945176
train:2057,-3.996778046486543,-0.7789157837136496
train:2058,-18.177078924195744,-7.019323886633957
train:2059,3.4651593605353415,0.12473206112524851
train:2060,-0.1298328953412165,0.028713632307333106
train:2061,-0.18560078946845293,-0.2985813659034795
train:2062,27.66843749958445,12.243299622708607
train:2063,6.962874351697896,0.5968329172815181
train:2064,2.371541902451777,7.991242822582105
train:2065,-0.7379701520752614,0.13558797812348058
train:2066,4.553467472411589,6.73439937449773
train:2067,6.685942665839447,4.5525215498900105
train:2068,-4.5207956398212295,-0.12242722156725933
train:2069,0.5746708547215309,1.9874545070326675
train:2070,12.943347954941244,10.745080361169377
train:2071,8.880812905365836,0.27877920102128734
train:2072,-8.542631435777142,-0.5843544003839489
train:2073,-11.469007309637266,-3.8508575404878944
train:2074,-2.0769686689010687,-2.8720206367220493
train:2075,3.042942204353447,5.846651397920846
train:2076,4.680116765614173,0.2657031964977387
train:2077,-4.050968711453682,0.1467985498953881
train:2078,-2.6589976108396467,-0.13289053601635434
train:2079,5.122685175813496,2.116955427959039
train:2080,-0.9139205836195593,-0.507017975279586
train:2081,0.11274506571096872,-0.009719475229958169
train:2082,2.601480295377715,-0.17993550601048008
train:2083,-3.030660213848397,-0.928928475902713
train:2084,-8.981800841587527,-1.5490947041914611
train:2085,2.8974263679139134,1.1182193384486683
train:2086,3.0194290533521344,0.3590076460660961
train:2087,-2.34423334638047,-0.18048047030470382
train:2088,0.6615846661686973,-0.2247107425174072
train:2089,8.489141226869306,17.87092276764989
train:2090,-3.1818110704898372,-0.3852386776904078
train:2091,19.12156727433475,15.93952137488894
train:2092,8.393135973645952,2.5806866597138645
train:2093,2.7508533113977216,2.6936857194251984
train:2094,-5.725462118604183,-3.536353795823858
train:2095,-1.5643387398397612,-0.180461924399403
train:2096,-3.2177900270828097,-0.49877813655004516
train:2097,-1.091193470092641,-3.093813400787354
train:2098,-1.0865231515877731,-2.65081506455073
train:2099,0.4836811204898167,0.08350394299831569
train:2100,2.874812597844129,1.5093633234642374
train:2101,-2.567686154403426,-3.233844116100283
train:2102,-11.210197603272247,-13.551777784185504
train:2103,3.137747508140629,-0.08533198710620624
train:2104,-0.4799126805756918,0.04398661330497726
train:2105,0.8114144626307952,-0.061264823136539664
train:2106,7.893735243037286,3.926433756699525
train:2107,1.566590157278013,-2.6793172677818693
train:2108,14.43515150124611,21.69034981921102
train:2109,1.226662753228227,4.784704586069687
train:2110,-10.098692018684947,-9.427224938966907
train:2111,-4.020790052871433,0.06757072777196282
train:2112,-0.8846801264949608,-1.6598599809397179
train:2113,2.0402228919549383,-0.13977420542077368
train:2114,-1.4362033411072583,0.2029601162921503
train:2115,3.0295712063742526,2.869338553675057
train:2116,-2.0368142973967207,-4.516864396212696
train:2117,1.5503722432304738,4.095899962262654
train:2118,0.2660769617915568,0.6287683955662668
train:2119,0.2497300334206787,1.3184359389478248
train:2120,-3.912908973070174,-0.25916931988792563
train:2121,-0.41296982146490513,0.01703998354614547
train:2122,0.5176065409884189,-0.14632148063519837
train:2123,0.055811509737997395,0.03307505859084277
train:2124,1.3061425501521904,2.730202321640866
train:2125,-1.233514400478175,0.12680007222709844
train:2126,15.081768500321742,6.192665491655813
train:2127,-1.9201876736807675,0.08443523276603619
train:2128,-6.442580912448831,-3.42646845095172
train:2129,-3.3122684945842,0.06210881600006531
train:2130,-14.651766025834199,-6.6592177580865775
train:2131,0.38162125994090507,0.2112641167209914
train:2132,-7.884445455000737,-1.5641756637388369
train:2133,-1.899124632531692,-4.025461817784207
train:2134,2.30190508479473,-0.1131796625410372
train:2135,-30.522541814711104,-13.286076020051631
train:2136,4.695280946458658,2.1550701165683965
train:2137,1.5014885998882486,0.0721669737487427
train:2138,4.410475435086453,11.451227403684005
train:2139,3.4692752661372124,0.06588818617874967
train:2140,0.7233388248988581,-0.21949477798196038
train:2141,1.1776242926979954,-0.053758867278873246
train:2142,-0.25123932539319555,0.031083799004776175
train:2143,-3.0845686745118717,0.14398984386798597
train:2144,0.6209523605223949,0.6501785732799727
train:2145,-12.129244501925639,-4.374392469118941
train:2146,10.075886297490142,14.441685585607006
train:2147,0.1836330898461626,-0.02925088140628751
train:2148,-3.355718659018816,-12.553734170246903
train:2149,1.598944624989004,0.1327508825948872
train:2150,-0.2414827043625321,-2.0990586891626366
train:2151,0.731763808900248,-0.21652115605819106
train:2152,-3.4559039763183494,-0.11571503045646744
train:2153,-0.9936723566846154,-5.7113679235405606
train:2154,-8.492342349914365,-1.7249866379588898
train:2155,1.0544493203541923,-0.15923599312181996
train:2156,-0.017702478908183467,0.0502793816343509
train:2157,2.0926719797861217,-0.8030385853992186
train:2158,10.581211458809825,0.8487436252468901
train:2159,-1.4445548683047291,0.12402988461839798
train:2160,-9.91780231445181,-5.063879582241044
train:2161,-0.257027768033667,-1.8739697470821386
train:2162,0.3097226236062232,-0.031246135495034272
train:2163,23.699769087422094,7.119856899626452
train:2164,2.621190429568534,0.09700136755462263
train:2165,-0.8244739071866263,-0.012943609536098383
train:2166,-10.009301597146154,-9.254047269770656
train:2167,-0.5245032851369755,-1.4166653848180923
train:2168,1.406798595388231,0.8101481697078117
train:2169,-0.46347369874167466,-0.16494214020044812
train:2170,-2.1882759507053753,-4.604229590938876
train:2171,-1.3836861430116811,-0.09493791008716393
train:2172,0.6398070483890927,-0.15686497045951686
train:2173,-0.4958237497461008,-0.11476134294157597
train:2174,-1.7572160830643617,0.02578452055628573
train:2175,-8.530816978174663,-2.8925075850038002
train:2176,-21.417141386113244,-10.458956476580372
train:2177,-0.6190384724489865,-0.20659738479253953
train:2178,14.764814479239407,9.248146188206682
train:2179,5.558513226878523,0.5787393894092412
train:2180,-15.632923906616535,-9.943395145942192
train:2181,14.376951396551137,2.960501093841981
train:2182,-0.5521988247968709,-0.32403519294640637
train:2183,-0.46350554552058887,-0.17781499573054788
train:2184,13.718107094038343,9.54545302818933
train:2185,-0.7003351629787458,0.2167303083171891
train:2186,-5.0645926399023296,-1.1810517841401966
train:2187,1.9153193601366345,-0.1745817311325673
train:2188,1.5974782784095054,0.12366267569344201
train:2189,3.009720667406323,0.10551079954987268
train:2190,-5.754016823920043,-0.3934088622794631
train:2191,-0.8942109143452209,0.18787402095561428
train:2192,3.9271440777098072,-0.3117033072078501
train:2193,-14.986762525691796,-4.576624438881055
train:2194,-2.342378329623273,-2.522283381167541
train:2195,0.23493685592763325,-0.19145094393337087
train:2196,9.306510891237238,5.005591168669833
train:2197,0.14976438915818155,0.03784192689639006
train:2198,1.0322374705818003,-0.04005144601023716
train:2199,-3.7317682139375687,-2.0315307653894403
train:2200,-6.592545302232034,-1.5367454138340841
train:2201,-1.0044298266686762,-1.9556530470673907
train:2202,3.501444464630724,0.10399431513950673
train:2203,0.18143845159996,0.1943230028719447
train:2204,11.065174637683471,7.667390800359982
train:2205,-1.9438342557119839,0.08200571917163055
train:2206,-4.6313239540624584,-0.19484926708852862
train:2207,-1.5489325699671759,-0.3381794416152814
train:2208,3.795163122308844,-0.3064081659228498
train:2209,-2.2569543430378705,-3.6591656366906586
train:2210,-34.84547100601707,-12.700525296024407
train:2211,0.04297249244161566,0.0063431333510703125
train:2212,-5.65366460160401,-3.8978394544039974
train:2213,-1.81907903225096,0.06495718173264918
train:2214,-8.588723255653962,-7.794378382954541
train:2215,7.295448171775606,0.23490558083359947
train:2216,-1.0364721029630113,-1.6851229278188564
train:2217,2.6767874668891865,10.362252930733929
train:2218,1.0978306771496942,0.1815025038591172
train:2219,-0.31284099151775224,-3.5621465849513596
train:2220,-0.8737264617561286,-0.18861784290745764
train:2221,-15.739968136752893,-6.142790761653281
train:2222,-0.17851383509794355,-1.24437335393036
train:2223,-0.48249529162487215,0.17255624446362816
train:2224,-17.26027850197613,-8.402759972371916
train:2225,24.992928698936474,8.463519722177923
train:2226,1.1474977047615629,0.03814094395416306
train:2227,1.3510316310939556,-3.537572689784551
train:2228,-0.44671857370091705,-0.0591503046106277
train:2229,0.14303356081173554,-0.048987148505785755
train:2230,8.026091850954494,14.250312386059324
train:2231,13.4295687682442,9.351938204561835
train:2232,-1.251375096909563,0.09053255578570134
train:2233,6.238710678424224,8.779332522434576
train:2234,-1.061866306044429,0.08609894313232853
train:2235,-0.758458556454438,0.061945897355038235
train:2236,-3.2129818608414737,0.07309969012456326
train:2237,-0.14914947773129156,0.06508842967785489
train:2238,-1.518349434046892,0.24045851020228093
train:2239,0.8735972743559776,-0.07169418431285318
train:2240,-1.1939030514230522,-4.565126548237795
train:2241,3.7032096162130523,3.2640630397001615
train:2242,3.004015677274101,-0.1487912245780258
train:2243,0.2876002702563276,0.2381097426263388
train:2244,-0.5927776650479156,-0.09512194253207196
train:2245,-1.4139731271338865,0.23005511329338854
train:2246,5.001382887053149,8.142559149253005
train:2247,-13.331801189720082,-7.240266677593245
train:2248,-1.0030353096854152,0.11570905021397615
train:2249,1.18392670050766,-0.16671113424452505
train:2250,6.92612223899785,4.006506986783047
train:2251,-1.8202208671270692,-0.05462367710913085
train:2252,-10.815057647831184,-3.8924537235046435
train:2253,5.268705214176133,3.142568528752958
train:2254,-2.4559248816559105,-0.9619107992112872
train:2255,-3.6973216220643255,-1.000403538967161
train:2256,-0.44296576787031694,0.10690117180419313
train:2257,-3.597940145359577,0.09679308277201358
train:2258,-6.782122435819802,-0.35604571081721836
train:2259,2.404795518636056,-0.10441030254995584
train:2260,2.537437585272291,0.17135218722717582
train:2261,30.05844294922299,10.218750992591929
train:2262,1.9613972325190394,-3.084109041847492
train:2263,12.770847203682258,7.05747303934046
train:2264,2.3298614426001865,0.07751903669693544
train:2265,10.196894759034812,2.2281740807614954
train:2266,1.5035681713055271,0.10928588990425683
train:2267,10.509069438697601,4.303998715175463
train:2268,3.7407104769049435,1.307103677504982
train:2269,0.05229116214764759,0.28061710023659725
train:2270,-2.1591570692404276,0.06821954913587104
train:2271,-1.5054017425231931,-0.11286752068874362
train:2272,-1.7803786870393772,0.11105516926995376
train:2273,0.6076985214962866,-0.474558896156912
train:2274,2.1037081672002427,0.12572383907641166
train:2275,1.7233265205161863,-0.01342922693335949
train:2276,-1.7213424300542224,-7.072901009796647
train:2277,-0.09175112150693987,0.06345581936814389
train:2278,4.084593157912587,2.7546903350000513
train:2279,0.2962584098726884,-0.20826394837503198
train:2280,6.199791590008566,9.913914515057153
train:2281,0.7547857756399121,-0.13911340054882493
train:2282,-1.1314378029359657,-0.013852358895837899
train:2283,1.8446097477008325,-0.08866597023605122
train:2284,-0.04657332743078413,-0.0091496879547934
train:2285,10.85425690780777,11.177188541813367
train:2286,0.33436482428043157,0.25475226740004253
train:2287,-2.630744636319631,-4.597791879226536
train:2288,-17.97986135316743,-16.763042943976664
train:2289,-10.042173051983461,-9.018784757346184
train:2290,3.0924906782627883,0.0012771053269400173
train:2291,-1.6676815374166143,-3.3305458901981284
train:2292,-2.7448834919484266,-9.180469101045096
train:2293,1.7958386141468887,-0.259247212690189
train:2294,-0.0735948544230739,-0.07402112478486436
train:2295,17.03646335093805,4.714217021132102
train:2296,-4.241377115708584,0.06757729016922312
train:2297,1.2983147513700035,-0.27299329503833675
train:2298,-2.8930542339498584,0.01526699499938837
train:2299,-0.32880668837462,0.09244306935330442
train:2300,0.3057715308966897,-0.17922505517664922
train:2301,-1.022575749360851,0.17748660205744257
train:2302,-7.289417913183846,-3.7200036244394243
train:2303,6.312484555383004,0.1525021290794361
train:2304,-0.35906229063439143,2.098051872007547
train:2305,-0.04862942056579758,0.7909732728956878
train:2306,-0.8064277090795188,0.16812491438321547
train:2307,1.7452701134793296,0.9253911412997331
train:2308,-9.816184589475855,-7.905814736153067
train:2309,0.1595641311924114,-0.044622869006075955
train:2310,-0.8795695320830589,0.060765236491426886
train:2311,-18.241218801845594,-11.602811992496592
train:2312,0.786841069595701,-0.05508960731461113
train:2313,-23.365660286202587,-9.0651067223552
train:2314,2.3037640533420114,0.08003971054893505
train:2315,0.8617228425275143,0.01900299629183083
train:2316,-6.778004205635528,-13.800329436383672
train:2317,-0.06376012742368642,0.1704457204403964
train:2318,1.538001513059076,0.5271378331435173
train:2319,-16.589271984333443,-4.476187519455627
train:2320,5.402090682264688,4.1724431932633825
train:2321,0.46810339643592663,0.036299906201033
train:2322,-8.309488838467594,-1.9889730485132495
train:2323,-1.9562031262174595,-6.937833749385454
train:2324,0.20810466617202728,-0.13866344835406538
train:2325,-0.8675419102742706,0.0844677594307176
train:2326,-0.8874315022265628,0.046416982864242944
train:2327,-0.05360518919835422,0.031224177241822283
train:2328,-22.420232166779673,-7.201090307235821
train:2329,0.5866501252163472,2.5149622539007663
train:2330,-0.6349553530754017,-0.09855493226406123
train:2331,-0.12665240169811254,-0.4205057138712314
train:2332,-1.873115344946572,-9.029282881032922
train:2333,-6.085814233475317,-11.005042655413959
train:2334,-2.8669659105630534,-10.255565530397767
train:2335,0.29962487010799255,-0.09557332133493157
train:2336,-4.011930139502535,-2.883874894068705
train:2337,-0.20758820080988327,0.062463898756170755
train:2338,-0.2841305391809243,-0.4315050049835197
train:2339,6.5387315114537685,4.785167948380587
train:2340,15.126923048573872,5.894378286586802
train:2341,-1.5305074649284607,-6.11633688233221
train:2342,7.546322218734962,6.900778400132325
train:2343,-8.038286318398354,-2.1422418310298945
train:2344,1.9799315929306722,0.0002415305071049867
train:2345,-1.06496032522216,-7.3189001747821845
train:2346,6.853353046553432,5.369185639343483
train:2347,-0.8301407741674469,0.04868015395418136
train:2348,-0.07989063717289158,0.05386416246818679
train:2349,-1.6712758067273636,0.01179320427573731
train:2350,-31.276734908376785,-11.590196211746123
train:2351,-0.3512128732358612,-0.026348019244281276
train:2352,0.8724373077371288,-0.1796290705905868
train:2353,0.2642647173505659,0.10650999586315613
train:2354,-7.588643739031735,-1.7196899274049795
train:2355,-0.7132435690598422,0.05953835352537354
train:2356,1.7974881378197045,0.24983674653046875
train:2357,1.1325097272631877,-0.1155347071926196
train:2358,0.7905606338979452,2.73603372491068
train:2359,2.715896706145369,3.015468303937371
train:2360,4.548756473714678,8.350398259491604
train:2361,-3.677727716993632,0.09675399371007187
train:2362,0.19099806427201133,0.025176500184039288
train:2363,0.05497605482253799,0.1506869129329172
train:2364,1.0090827701869534,-0.08843200650764102
train:2365,-9.145678321966187,-0.9306521038092079
train:2366,0.5036581167404428,0.31825986688645413
train:2367,21.481898034855906,9.309548542119831
train:2368,-2.04620491292811,-2.0098159355159657
train:2369,-3.159284937176627,0.07117405451109952
train:2370,-33.52200627863775,-12.886002609616153
train:2371,-0.3548715334791599,0.12316478946652036
train:2372,0.02785840634790472,0.004995702000561722
train:2373,-6.501117616675688,-0.1966647685566676
train:2374,9.153910425009597,5.736394564299451
train:2375,0.17019444651905535,-0.12493391465987833
train:2376,3.5350804746202145,3.3195763553762556
train:2377,-13.424631993214577,-13.23985277632314
train:2378,0.2796701898484305,0.10372896603289519
train:2379,2.0069425430730305,0.5461165000114776
train:2380,-1.2460071712257044,0.1752867723671469
train:2381,-9.751724849287422,-0.07780634405675896
train:2382,-3.2697848915125447,-0.948499827105844
train:2383,10.235921708073947,16.846286037439654
train:2384,-0.27136184050221823,0.18169081612832538
train:2385,0.03653979178829059,-0.7214434497945503
train:2386,-2.609606278700715,0.24592498712009866
train:2387,0.21080350634133269,0.010735089047921295
train:2388,5.952453697799896,0.550356593276077
train:2389,-9.82015497621933,-6.520732915310876
train:2390,3.608646533912211,-0.17328751226419103
train:2391,11.541185885074638,8.840872401368571
train:2392,-0.6223421689594231,-0.11750257040584519
train:2393,-9.251991703395198,-10.861986960285657
train:2394,9.717643973607519,3.3872129866866767
train:2395,-2.4133689840715373,-5.0962590209665315
train:2396,6.645854777391811,7.6155267482038465
train:2397,1.7638351583786753,-0.07687933411333867
train:2398,-14.060148646401778,-9.761066641748902
train:2399,0.7103855543773934,-0.0043999389464468575
train:2400,9.692698414929785,10.350445180811336
train:2401,-2.303497364359016,-0.22430387388726947
train:2402,-0.1804976337202392,-0.002012652951803043
train:2403,2.494643882908141,-0.1875202106352699
train:2404,-23.046876353853,-14.048948424484164
train:2405,-6.588280158439923,-0.9630252654590556
train:2406,5.437439677026583,0.7919523540347604
train:2407,0.5607414920492554,-0.07421557146890281
train:2408,0.3723601236493351,-0.011320129518227778
train:2409,30.816985801480232,11.064265092331336
train:2410,-0.19409155915183357,-0.013934959504831493
train:2411,5.5100242976282425,6.40253837440186
train:2412,-0.3417528689197571,-0.21817473750697297
train:2413,-0.3884120031319076,-2.6586979302684326
train:2414,0.21292329303417473,0.1560021693921283
train:2415,-1.6731575561821894,-4.04550822948466
train:2416,8.83479919145774,8.824105191046922
train:2417,0.4428414620932111,0.030467789627169388
train:2418,6.941976355899398,2.357246733936228
train:2419,-13.985510954622228,-6.636433114798867
train:2420,3.446472042601624,0.6316298860933711
train:2421,-0.11476007058514998,0.06638036597327107
train:2422,3.2004865924347303,3.310804998133834
train:2423,0.31207533345579597,-0.018916247007818104
train:2424,-2.0966169691999808,-2.6632274109861296
train:2425,0.566573636838894,0.17586212341390195
train:2426,0.5150546144269517,0.15816932975693254
train:2427,-0.9409257223059114,0.02383548856998098
train:2428,-9.46567847582876,-3.423809824096444
train:2429,-1.6047237099184373,-3.8928434728375803
train:2430,-2.515815422673985,0.25172871419277104
train:2431,4.272709523918622,2.8412814521711365
train:2432,8.951946986548334,17.96181254034808
train:2433,2.603549638632423,-0.71338782183593
train:2434,0.2723156760433931,0.03517245781955397
train:2435,-0.44347485141646503,0.007273995136360789
train:2436,-13.816954554783809,-4.282423895375482
train:2437,-3.8688293117209605,-2.9668669643249537
train:2438,-0.8257442914695938,0.06692276237291465
train:2439,4.4207942563711615,1.4848904321509133
train:2440,-1.1998567718723416,-5.768707868227974
train:2441,-7.172893106177122,-0.2468502736222699
train:2442,17.14833899313977,5.894024487777986
train:2443,-12.789557940516815,-11.937727075213077
train:2444,2.3443689289159644,-0.05831859208829154
train:2445,0.6475097846380251,0.07269053892146546
train:2446,-14.845697567178334,-22.74584014794179
train:2447,-16.594557154883773,-12.123931388292613
train:2448,0.9417857609471453,3.3489151215972712
train:2449,-0.3870044684871923,-0.05016980662073717
train:2450,-0.6823421978086556,0.05138100840921881
train:2451,-1.3391036744888063,0.012370695234642431
train:2452,1.448044823247034,-0.052660379041825495
train:2453,-1.5072855841021813,0.014474514199803917
train:2454,-11.668132897901554,-13.135483269009082
train:2455,2.9012537928396336,-0.8178149641172312
train:2456,-1.830283751889262,-0.6922871467495324
train:2457,10.925807554156798,1.1082613285886154
train:2458,16.34305715726485,13.498152096528536
train:2459,3.60274674377466,2.388606147870172
train:2460,16.996932432434054,9.718727136093145
train:2461,-34.156524291224834,-12.577627002706743
train:2462,-0.04812707830861679,0.0908581077541355
train:2463,11.499640948377113,12.097513970320028
train:2464,-11.629678725966397,-14.276364592358293
train:2465,-2.51179807936598,-0.11842415923848526
train:2466,-11.410394359107608,-5.263828408399819
train:2467,-0.16663056985635072,-0.1301351851318945
train:2468,-7.055520291509966,-5.917539043588565
train:2469,-4.812499581931101,-5.3158961801926425
train:2470,-0.7597356820263729,-1.5635679286882105
train:2471,3.2689088157864696,-0.048555742216327
train:2472,0.8124965557391601,-5.55935541211683
train:2473,7.378193077142123,0.09119792580357027
train:2474,-1.007107513138119,0.0706148241358752
train:2475,-13.522416946725288,-3.098293520864789
train:2476,-16.85411444694944,-7.118789285943243
train:2477,4.436388484960109,2.4666667192461262
train:2478,-1.5321125890773883,-0.5008231792614841
train:2479,2.7633144678245762,1.8203683117628717
train:2480,0.9011305581641783,0.9092636220501518
train:2481,-4.806447299187946,0.15658365485371362
train:2482,0.5397551621194627,0.1405739734331974
train:2483,-9.485357460615386,-1.404239200284122
train:2484,0.3732578773731815,-0.019198715411630388
train:2485,3.2671672386505146,0.00917052794458327
train:2486,-2.4557138095737634,-1.1761921863081453
train:2487,1.869360506373238,0.09594482159571668
train:2488,10.221579964483468,4.329209162876519
train:2489,-3.6294475352430964,0.5585747118972944
train:2490,-9.023925994052716,-16.91285163120742
train:2491,3.6502911951948036,-0.09258700259907171
train:2492,3.885388068930135,2.975848829104068
train:2493,-0.27329356847869785,-0.03911858697360662
train:2494,5.7805578028820435,1.3544051516354991
train:2495,-5.718430256836613,-8.700054258203284
train:2496,11.328575859209915,1.6973891297659338
train:2497,-3.238882357970157,-2.375341034931431
train:2498,-13.484126425391265,-10.107117256651232
train:2499,1.8283451095470031,4.043890966723552
train:2500,0.9742767978742832,-0.1690399293070663
train:2501,-3.5401803165716363,-8.048361988154506
train:2502,-2.3880835714465567,0.04498866283446083
train:2503,6.190034387832301,0.5631843679902149
train:2504,1.8795124226414468,0.003277780526467017
train:2505,-6.548760397931457,-6.7010202286345955
train:2506,-10.325522909855218,-13.488042640707134
train:2507,-2.443166643598016,-3.3618034443137277
train:2508,3.3905635112390358,2.2402473224515105
train:2509,-1.613707523529389,0.1229702001216719
train:2510,-4.659481155787491,-4.719188810179695
train:2511,1.8939490091939484,-0.00445671794882932
train:2512,3.514778966666199,7.812604668222057
train:2513,-4.448133378167326,-2.305807300169547
train:2514,-0.011056032902948293,-0.1549615899324141
train:2515,1.779430781717065,0.029611824767132172
train:2516,-0.5990356733336927,-0.2682769286595317
train:2517,4.8851184332755055,0.8587452893148049
train:2518,-1.9124747092692642,0.06098079697534626
train:2519,-2.5624651423274054,0.024898026282907187
train:2520,4.917090274723044,10.06173508123966
train:2521,2.9143102748197696,1.958859716935834
train:2522,-4.981527407080747,0.11398371037776112
train:2523,-1.423324922139154,-5.367458932718045
train:2524,-0.5733767003166297,0.09083242880833438
train:2525,-7.685790362214718,-3.2004808884289924
train:2526,2.482727608596433,0.14313730286738888
train:2527,1.793182313835549,2.4447737060209542
train:2528,1.1911343007048592,0.1875757172018913
train:2529,-1.3517958944064703,-2.764665523976181
train:2530,-1.0841260422143124,0.05324829575139001
train:2531,-5.825852928988098,-9.974909489515802
train:2532,0.5964640472032322,0.07838727038663319
train:2533,0.6366516602359358,5.74370792806361
train:2534,0.9918644721024971,2.804722622355707
train:2535,-9.676153605215026,-15.968523806738839
train:2536,2.3584282357445394,6.068954602364353
train:2537,-0.05806234349691253,-0.02724364380950023
train:2538,0.05832880002166736,0.16455596889929028
train:2539,-0.25416969396979017,0.04731688725376208
train:2540,-5.223885578866775,-12.064158791472975
train:2541,0.8682765376948895,0.14373462367888484
train:2542,3.087770846152747,8.950419925442615
train:2543,-1.0311718226270652,-0.010867324107268095
train:2544,16.826702333265835,16.661608765670422
train:2545,-0.5843731373716679,-0.1132766718918414
train:2546,-17.651394140361983,-11.138610836033607
train:2547,-4.825888711653035,0.039381522357977004
train:2548,-2.645314188985556,-0.10732771611458272
train:2549,-26.195452550737613,-8.035436918767944
train:2550,-10.45518067760312,-2.651225071718688
train:2551,1.764998844329368,-0.33271353534070375
train:2552,-1.69292510755835,0.5722909781361508
train:2553,0.8843294063918512,0.1476840455430966
train:2554,5.068286228263093,-0.0960269827107513
train:2555,-6.927534363425943,-0.24975541835723625
train:2556,-0.47379379854670467,-0.003263217612317418
train:2557,-0.8915676316953355,-0.12312882743086984
train:2558,0.9879337194889855,-0.1329729939645379
train:2559,-1.7887204509907577,-1.9818738186249107
train:2560,0.13594300333850226,-0.24106280988193823
train:2561,-5.041238955253829,-4.443209475971353
train:2562,-0.98069072625784,-0.1495573131277591
train:2563,0.8150484823006274,-0.17116101023023855
train:2564,1.5957004377880715,3.4364563597629982
train:2565,0.5976493517702682,-0.13374821280611163
train:2566,-1.5312999150694737,-3.8589087459614047
train:2567,-4.751820077645617,-5.179408018113787
train:2568,0.10091979880031833,-0.30108049797316816
train:2569,-0.2958792111014122,-0.029201235444405352
train:2570,0.9373587099906994,-0.10948046773757633
train:2571,2.0416404223039843,0.16224843029743993
train:2572,-1.22330065031806,-0.1267332954564866
train:2573,1.8380402453731204,0.3263467375624658
train:2574,7.7019186067629475,10.331328632270505
train:2575,0.1569231731249283,0.03158368248303791
train:2576,-1.1597461025171607,0.9351816673688389
train:2577,0.3248368259290543,0.15214347980308052
train:2578,24.93942053136271,12.463865789129478
train:2579,0.6612754967091644,-0.24061086043583862
train:2580,0.028856814489779545,0.03967397701848972
train:2581,1.6860890350104984,0.06848375695600253
train:2582,-0.9094471572441835,0.08865713677735979
train:2583,-0.08829679205682114,-0.09793064855947409
train:2584,-2.0700279307636764,0.1621559860925559
train:2585,2.6345130762337563,-0.12487813428316591
train:2586,-15.5961620306704,-11.068862254091853
train:2587,10.34588747337377,7.718332122396998
train:2588,0.1864839577045917,0.11050107468388967
train:2589,-0.6899989073260183,0.006597069592881352
train:2590,-0.4288392806103092,2.8395127434486795
train:2591,-32.56488829922913,-14.327598083734202
train:2592,-0.3307707280464944,-0.08457417288345326
train:2593,-4.3703375087357355,-1.0512776677626634
train:2594,3.58790312284348,0.1525250974698471
train:2595,-3.098081472017619,-2.281634281878856
train:2596,-0.7579185559623367,0.11878367599122985
train:2597,-4.637303709834655,-4.21662102611688
train:2598,1.9451484015255467,0.051842658790398885
train:2599,1.3093730223169482,4.113568218260302
train:2600,-0.008161811582712536,-0.18286590170881756
train:2601,-21.210478571867082,-7.821115871965904
train:2602,12.814549352849307,3.9739312467829904
train:2603,0.20099679055989536,0.037858760871970785
train:2604,-16.7364812790532,-7.82241865048288
train:2605,-1.818702914818235,-0.4890261288996411
train:2606,5.059037179800017,0.45989080850522307
train:2607,0.5621652987707881,0.13013762187719358
train:2608,1.1719732328775114,0.022095026687905292
train:2609,-1.0777706339258706,-1.4472003619310103
train:2610,-0.08999908375017374,-0.1892635257335457
train:2611,-1.2018691628581877,-0.013984462805903639
train:2612,-1.4646299619327405,-7.390041126229598
train:2613,14.399799252068853,15.984520018224337
train:2614,-0.7798712147968496,0.2641536147794513
train:2615,0.3509270089817814,-0.02859735223564909
train:2616,-12.671355714848445,-6.814688938188098
train:2617,4.6298737064829645,-0.10199619632303086
train:2618,1.5228261742190594,8.239922869509279
train:2619,1.8952747185380958,6.195721856849386
train:2620,-7.923751353928173,-4.3406315031093525
train:2621,-4.4706739238914315,-1.5359438027426593
train:2622,-6.51914986728838,-4.8399306426933055
train:2623,-0.17766884939463384,0.007279416247141027
train:2624,2.4889072784552457,0.34761161524118056
train:2625,-4.020951843806647,-0.15294550736540644
train:2626,10.014554515382516,0.8384537863427626
train:2627,-0.8356960611929474,-0.04774300358172165
train:2628,0.8575607939649537,1.8284183759499018
train:2629,-0.8729479591095305,0.08707759628897109
train:2630,0.5624598233611853,-0.11814054954819292
train:2631,1.4030841451672722,0.9501834501666613
train:2632,-2.426208117597039,-4.729367944295257
train:2633,1.1931755165124969,-0.011882783752892243
train:2634,-0.21219145511243886,0.0030600801303975467
train:2635,-14.836583344494601,-11.06256235272198
train:2636,0.12264697314178853,0.16687777358214123
train:2637,4.509916421100705,1.7855907448211794
train:2638,-1.9967938218387569,0.08920352767968354
train:2639,-5.330085985591024,-12.919238013201678
train:2640,3.283561588502404,-0.05976545802337446
train:2641,-4.409603424845847,-0.5390658702826197
train:2642,5.971949505493204,0.5354713643600297
train:2643,24.080820213838074,9.355159485651775
train:2644,-0.22978180261041564,0.016123387841855616
train:2645,2.737722675238946,0.2442792520158671
train:2646,-1.8013833811701496,-3.698149129632954
train:2647,-0.2497395048271009,0.0500562601275012
train:2648,-1.523758272381035,-0.0024919932734238787
train:2649,-4.2142487741549,-1.8337569459400198
train:2650,-3.733540940477717,-0.19564531440836325
train:2651,-0.5838005927259314,-0.14237462666556674
train:2652,-12.368802946666094,-6.026732198210554
train:2653,0.1824210525814978,0.007794136449643413
train:2654,-0.49133777062575146,-1.4864456374596668
train:2655,-0.8582528789938707,-0.24515574852101624
train:2656,1.2098729919096725,-0.13233900932487036
train:2657,0.09258105680606132,-0.07934208767647574
train:2658,34.04188082813789,13.25102476985747
train:2659,-23.126739706873376,-12.98484030136141
train:2660,-0.7831881614269804,-3.29402443751492
train:2661,2.7868490049839925,9.461628389445885
train:2662,0.26756283486323645,0.011260794132794169
train:2663,-0.5107526828514524,-0.00021113224304469824
train:2664,2.334491778287731,-0.2851775268385366
train:2665,-11.304350629237288,-7.423549297283855
train:2666,-0.9192789785155678,-5.378715441270774
train:2667,-0.874751370137392,0.06975800331097795
train:2668,-3.3694680990131376,-2.1650530092282665
train:2669,-0.33227728990155625,0.1606517705118505
train:2670,13.15956573269465,5.749799544650875
train:2671,13.867735814122625,1.1033375333920612
train:2672,0.9371467080755912,0.012837196083362715
train:2673,0.4332081601590005,0.05573273375764805
train:2674,1.516172289550136,-0.3555221456444956
train:2675,11.243163263078284,2.4499343181621187
train:2676,0.9997342295970493,0.07856088859241074
train:2677,-0.9248119495500043,0.2393491797436727
train:2678,-1.067020835063738,0.0704053980667861
train:2679,10.299539019599713,0.04665636770343336
train:2680,-12.347970969007827,-1.560909872476175
train:2681,-0.025107668609595457,0.0418144598118228
train:2682,3.9959916996412046,0.28041181133099835
train:2683,18.274682852118726,5.780016816139908
train:2684,38.21565179483785,20.96231404329552
train:2685,1.351549548053233,-0.1729165941581749
train:2686,0.04994147425519806,-0.12582254884540697
train:2687,-0.8364999017877327,0.06527246212276289
train:2688,-3.1581589094608544,0.09192207207516176
train:2689,2.2283699424486865,0.18075653048359477
train:2690,-0.6559309899261428,0.4146516390441558
train:2691,-1.2754317352765812,0.06232537510965473
train:2692,-13.51147653210615,-5.261457385737516
train:2693,0.10403125234606794,0.012302218045839447
train:2694,-0.13610148047692489,-0.024480874562920085
train:2695,0.7282109171562632,-0.1218197718382529
train:2696,-2.026081235527886,-8.92415555949611
train:2697,1.925742787629456,0.4895390060231423
train:2698,-5.778814074240499,-0.43692754237185555
train:2699,-2.20618034928593,-0.06865151455704085
train:2700,0.17158361696279084,0.09876151662847918
train:2701,-0.6501890389337214,-0.060537966309558044
train:2702,0.49871681004200324,0.42457919082127255
train:2703,-0.7056526452244702,-0.4136725463935543
train:2704,0.09951644840392757,0.12710736361185182
train:2705,-12.368735998692902,-8.73465292848923
train:2706,37.81256176758022,13.009833274169141
train:2707,27.458726692892128,15.64628949828331
train:2708,0.5196963405682686,-0.005181434863660836
train:2709,-0.4343620234821747,-0.08951565802044814
train:2710,-0.520171425829912,-0.1725485292683589
train:2711,1.7460856932152473,5.016843682719881
train:2712,-15.713293088767696,-7.295720075729136
train:2713,2.0498671194264406,0.16731517162562026
train:2714,-1.522993717228852,0.15702875658093296
train:2715,-13.509440197921558,-13.985225835157072
train:2716,4.9292487705210934,4.831066496105503
train:2717,5.083866974274106,6.20525616410372
train:2718,-0.15537819627879706,-0.022528704038795186
train:2719,5.906022953808791,0.5124179481062672
train:2720,-0.19721998214912145,-0.06370803216870591
train:2721,10.797801169747633,5.078655187836129
train:2722,3.3591918769678233,2.2498669408702288
train:2723,-5.511509878860255,-2.3519703410362145
train:2724,-12.541134468326176,-12.077075871854175
train:2725,-4.547579013346383,-5.2360380826106105
train:2726,0.6355330711838516,-0.09502493318126773
train:2727,-0.09277602988820324,-0.055601188979293364
train:2728,-9.071248912769901,-10.590633545502577
train:2729,8.404802587807632,7.222215460162663
train:2730,1.0093491673302801,0.11462925054303919
train:2731,0.41670199789355095,-0.0020331961084439354
train:2732,-0.39205473998574913,0.01712757728348928
train:2733,0.9461591140500935,-0.23802327866394607
train:2734,11.78241430981305,4.817008129244251
train:2735,-4.026687983343063,-8.551023357708685
train:2736,-2.6419705096577966,0.2861245208068868
train:2737,-0.4871323686013841,-0.1420840265955841
train:2738,-4.349475776422717,0.07217153889466289
train:2739,-0.6315303133635545,-3.3848831101565313
train:2740,-6.869162239633184,-0.11888181511698515
train:2741,5.449693015786654,4.464222782823151
train:2742,12.522974192604533,9.044244516324255
train:2743,-0.3796371694789411,0.08872475800130272
train:2744,1.2836187414213827,-0.15030770898839171
train:2745,-9.189778439640543,-2.5011262124003806
train:2746,-0.09567292447820186,0.07758865517221847
train:2747,4.248752842594912,0.0834719869768743
train:2748,-5.319598399623894,-8.605068408328194
train:2749,-0.928540347265378,0.10168007147958609
train:2750,-17.05336649249642,-13.853713111487995
train:2751,1.0350804348600608,0.5010406771778675
train:2752,-0.4507030241679264,-1.0377618399618656
train:2753,0.45468660418340295,0.020263261887425638
train:2754,6.077059218154199,0.6146543909891131
train:2755,-2.04737534016777,-0.3382302288636436
train:2756,6.00780061005404,2.877052794315332
train:2757,-2.0788831949677697,-9.931922934244733
train:2758,2.9156615545703444,4.157957985258593
train:2759,-0.9621449753924348,0.15103957045525251
train:2760,1.7544364068088774,4.201618470196131
train:2761,-0.48525677928992494,-0.08796964282241093
train:2762,2.8797981297227757,-0.21048032671928835
train:2763,-1.7496107468180941,0.5385066157537217
train:2764,-9.749311002920663,-9.37715498915741
train:2765,0.3329565922609955,-0.06335309207341047
train:2766,0.8898035654915043,0.029702557042296115
train:2767,-0.11577056655551782,0.03736743704230942
train:2768,-14.018843606608192,-3.9347178444338415
train:2769,0.061736637823736035,-0.43451186687602045
train:2770,-3.347960597708704,0.18695129083649414
train:2771,0.4259529060225499,-0.012834046034013613
train:2772,0.7875933044611507,0.840026764433891
train:2773,8.860994445635061,9.802583160214791
train:2774,7.386325861135519,9.781998917260617
train:2775,-13.358810977571238,-2.8818650885773374
train:2776,-3.4580862942778188,0.1064426599608332
train:2777,-0.7598096037467724,0.2353178705745174
train:2778,-0.9556826363134779,-0.0672565771568002
train:2779,-2.8932067265554626,-1.4526166222437058
train:2780,-0.5034730205997755,-0.05231513988161046
train:2781,4.156008978482269,0.4233237043628129
train:2782,0.038858795193027096,-0.06262495129913881
train:2783,-10.660361338109446,-0.34122439394405385
train:2784,-0.025053970756097638,-0.40042392228989815
train:2785,-1.9240413663876361,-6.764350215412549
train:2786,0.6017815294489567,-0.16210518733266477
train:2787,-2.018334099755066,-0.0043597085980251055
train:2788,-3.510808752999537,0.12799300192037033
train:2789,-0.5729203847910185,-0.10146178892874763
train:2790,-0.5153944089927694,-0.1069756292354874
train:2791,4.84659126945291,7.1053540016812216
train:2792,-0.8610012327683495,-0.26689397476733157
train:2793,2.4117999503312766,0.02796466305480054
train:2794,1.092167994417198,-0.1467471804922569
train:2795,-0.26801583659205613,0.20538049959471555
train:2796,-6.937031677289608,-1.627531900105832
train:2797,-3.1551583384957045,0.08713323400487351
train:2798,-14.507178860064464,-14.057711222077986
train:2799,-5.676843012739362,-5.103829174188701
train:2800,-1.1250412495389996,0.09510825860584031
train:2801,7.242367727363902,4.6225106579574335
train:2802,-11.892968367537518,-9.558879752802751
train:2803,9.2419916417393,0.7099791672835758
train:2804,1.1074312024720294,-0.1266348594975823
train:2805,10.572179061426661,14.653520910455498
train:2806,0.34544471384371955,-0.015868156141225553
train:2807,1.596354110359655,-0.07305260054573226
train:2808,2.3452108926621507,0.14421695987751582
train:2809,0.05335442613855225,0.07879271240867082
train:2810,-0.3157804259657167,-0.007573286004224841
train:2811,6.325887632599353,3.2102299830443206
train:2812,-5.627343355060474,0.06535948521686667
train:2813,-0.11156841894651404,0.08181968947538246
train:2814,40.127470187956476,13.2277858945507
train:2815,-0.04096411009354556,0.07282378411801126
train:2816,-24.163680126652086,-6.091086489604352
train:2817,-7.765043744812677,-2.082463813099475
train:2818,-0.8871320960131205,-4.648188807612567
train:2819,-9.742976980790324,-4.614336253362955
train:2820,3.5085397874978823,0.0922792947434173
train:2821,4.10612762437289,-0.2884735621929199
train:2822,0.7209280004892228,0.10134966904361173
train:2823,-4.168924531387386,-0.03511081683810233
train:2824,13.281946627689758,10.199358252722925
train:2825,-11.225167913944365,-7.405548926920512
train:2826,3.772650006657088,0.7636274781904586
train:2827,-1.214874039108988,0.0733193877719728
train:2828,-15.690573550198598,-5.614368273671422
train:2829,-12.378073381287274,-6.489917039063056
train:2830,-5.574090891550986,-2.635205689363091
train:2831,7.339843046498598,9.29662860852243
train:2832,0.36486520506718645,0.11525795673273653
train:2833,-3.720991449919567,0.07570724440985666
train:2834,-1.92618184186386,-0.036580793824406266
train:2835,-0.0263606185245443,-0.14312188398837924
train:2836,6.613663960281956,2.300603829966505
train:2837,0.24200637593012386,-0.11153934854758588
train:2838,0.6240389410364378,-0.07902523801745198
train:2839,-0.9900450783037505,0.06705058645868021
train:2840,-25.48978371997473,-10.982994141905879
train:2841,-5.5320652312126235,-2.6029423765369484
train:2842,-0.26650602032163073,0.025031842122693007
train:2843,-0.18234660656318968,0.14429513800139923
train:2844,0.547006464465829,-0.06336878476251115
train:2845,2.1137466438472097,0.09093742716449894
train:2846,5.48696676477782,6.557005222400936
train:2847,3.6689803727944432,9.818860187993259
train:2848,-5.445636327654619,-12.040666550567632
train:2849,2.2696461574204823,1.799491899469804
train:2850,-13.11646117428186,-2.6656529300778553
train:2851,-1.4147804546022757,-0.443675969328389
train:2852,0.09741676934886717,-0.046564625291070416
train:2853,-0.19419988469179023,-0.09202035386172708
train:2854,-4.54698159566894,-0.07182714418777897
train:2855,3.9441786175553455,0.03658251726565529
train:2856,6.836949863288413,2.65026775786467
train:2857,-1.6010178606523677,-0.004786264419943648
train:2858,0.3773561161487935,0.09764933295367081
train:2859,-2.942819823855593,-0.5045596085363566
train:2860,-0.48779138771249364,-0.1770937026751565
train:2861,0.8799215332402259,-0.13858184637074183
train:2862,1.5836051706313703,-0.020727753973276877
train:2863,-0.41660802538306174,-2.4653177784455838
train:2864,-40.19099515417943,-12.750895974821397
train:2865,-3.9494346714442155,-3.4850144501269256
train:2866,4.109333688422422,1.7498577784348754
train:2867,-5.1682778484670715,-6.600588730319949
train:2868,-0.38323236862265153,-0.005299558014345979
train:2869,-0.1037157471326203,0.10709661711390163
train:2870,-0.31121169171183827,0.040733946836835816
train:2871,2.2326904113019777,6.515819046552146
train:2872,7.804572630573939,1.4699893678849554
train:2873,-2.3495963904412838,-2.339422181509689
train:2874,2.251866821373182,0.07329085560997158
train:2875,0.8361986952897965,0.3693101817823141
train:2876,-0.971586499278439,0.014068358873716255
train:2877,-28.029992526467453,-13.047488940110775
train:2878,5.994915914713449,2.4368471860953895
train:2879,2.9619079591769304,4.644066421027751
train:2880,2.8313754510709668,2.557771053802568
train:2881,-1.6356508840342916,-0.2998073929046728
train:2882,-0.9111643262649122,-0.14193380476264758
train:2883,3.5332198788652516,1.5644445195468226
train:2884,-0.01828525171649084,-0.16227324176685204
train:2885,-2.4300253143601886,-7.002650832446912
train:2886,-3.524892467943338,-0.05892775374701803
train:2887,1.7230017763545566,3.1246551814837193
train:2888,0.4983815471450023,0.13565189016636336
train:2889,-0.09151122460300162,-0.2335876687592332
train:2890,0.8780648892753472,-0.12516630911937843
train:2891,-2.328623078172945,1.287621346647295
train:2892,0.5818138315279406,-0.06095767441259631
train:2893,-3.8732897204348826,0.043397709481271654
train:2894,2.5147501259403464,-0.08911963161187092
train:2895,2.776990218556739,-0.19487080887083957
train:2896,-0.49301588666211804,0.2435205818282541
train:2897,-2.423911662641607,-0.2104697698193479
train:2898,-6.882708976042007,-1.3021927816002046
train:2899,-1.290865335221516,-0.7744981490709975
train:2900,0.12516449588369877,0.08364303728807174
train:2901,6.5300752315033295,5.403516107306616
train:2902,44.63695920489177,16.523626088945942
train:2903,-14.301170648222849,-3.115085839488999
train:2904,-2.030242238028366,0.1594026324594362
train:2905,-3.9490204308600894,-7.362815737248014
train:2906,1.0985403721571783,-1.1681990437843077
train:2907,-1.4750436261794713,-2.563011045172972
train:2908,1.1532668533680934,-0.04522575358916217
train:2909,0.7542379877967624,2.766376537912519
train:2910,-6.891342475084901,-3.711534422792596
train:2911,3.086051120091376,3.7698215754395745
train:2912,5.545814963046613,6.988047441472561
train:2913,9.303332722176537,8.638832738378346
train:2914,-0.2351048638539061,-0.0781450208197137
train:2915,2.952375079202508,0.5640652271615981
train:2916,-5.887490161223413,-2.745051659851668
train:2917,1.9330429062062748,3.332414686990334
train:2918,2.1652552056383407,0.9637659005657317
train:2919,3.0670202288785684,-0.09254976812766008
train:2920,-0.08928055532956022,-0.13705994084959564
train:2921,2.493610838488469,0.2033393087251468
train:2922,-3.0125879804183815,-0.2302879242237897
train:2923,0.5609042128174306,0.21102729977638113
train:2924,-2.0402081877043745,0.14974078644095604
train:2925,-14.7501758270947,-12.432133519657055
train:2926,-3.8023625270862063,-0.08216948226998871
train:2927,-27.279195182775346,-8.211503184045199
train:2928,1.8550508420199128,0.050971429223691
train:2929,0.7969797357442157,-0.19472714943516334
train:2930,6.771015872940312,4.610795922882964
train:2931,11.81891955186195,12.118192940052047
train:2932,-4.664343252340565,-2.57170565089961
train:2933,-1.8608499183580078,0.3200409870993816
train:2934,2.2129770226957954,0.07509865339437019
train:2935,-1.63585335516155,-0.04012220577200026
train:2936,-0.1938602632027846,-0.06414543021218491
train:2937,20.14478707894093,15.656958244298812
train:2938,13.528090149460022,3.854324708995409
train:2939,-7.391034708326841,-13.857058222161019
train:2940,1.0137598299807884,0.10983912852546089
train:2941,0.08749905475771035,-0.030738833654652215
train:2942,0.03786991783900252,-0.03698709181130391
train:2943,8.388215297616334,15.239611462987783
train:2944,0.8830811056417073,0.005297572274534854
train:2945,3.0123472130629105,-0.10712199922655377
train:2946,-0.07418948260163405,-0.17203965815906674
train:2947,-14.098718117624099,-5.680199389770404
train:2948,-13.896362289653295,-1.6975384127920763
train:2949,-3.9993360169622565,-0.1756234403672326
train:2950,-5.94371437087626,-0.19129016520049386
train:2951,-0.3430413849454642,-0.24256274563834346
train:2952,-13.913852447649724,-18.94454927983513
train:2953,5.442753207482222,10.177977391805676
train:2954,3.3487721688068457,8.246981155745146
train:2955,0.7341567340253841,0.15245020054459385
train:2956,0.291728728603172,-0.033246810694561285
train:2957,-1.6737517194442688,-0.04111141582858327
train:2958,-8.752137679218045,-10.263526003596112
train:2959,0.6073145004833932,0.01759921392136979
train:2960,4.62442674499742,3.813274631559364
train:2961,-0.2743756615870627,-0.04218964623061017
train:2962,-14.213608278285383,-10.586479262715196
train:2963,0.9466221708646719,0.03668237983265963
train:2964,-11.689074595849219,-6.763945058712132
train:2965,0.6672120152486753,-0.17514837986991194
train:2966,-2.5743753727248673,-1.3541860844502054
train:2967,-1.1389457391795683,-0.1206466719975719
train:2968,12.446421044925321,2.4382926254223722
train:2969,0.2341248792944391,-0.09314066920270578
train:2970,5.038772400247961,0.07690502457066874
train:2971,-4.9173768363518455,-12.5297249265661
train:2972,3.5531808354973,5.401262637151758
train:2973,-0.8762790856923167,0.05717246665223066
train:2974,20.734602442094932,8.935734992303816
train:2975,-12.019596739498478,-6.595257210528397
train:2976,-7.69537879970856,-7.739652554949681
train:2977,0.35926063689475296,-0.11310205506039381
train:2978,-1.9865779795544793,0.19921041956194724
train:2979,-7.856262217952798,-8.175094433401897
train:2980,-1.2009888435023601,0.06099805893335701
train:2981,-1.91164436843509,0.059612822468196776
train:2982,-0.4366173333290826,-0.02554170034612621
train:2983,-1.4979681929164705,0.18183376225995163
train:2984,2.8912353076013284,0.2653319930701026
train:2985,0.09466481247166458,-0.11416345148683998
train:2986,0.06901176713972802,0.983247518119369
train:2987,-0.27492228713901123,0.04264988151521913
train:2988,10.524837546050257,8.815224270302416
train:2989,-15.760549059511689,-6.9155775217380056
train:2990,2.1388063395209076,5.7666968616312495
train:2991,-7.244345190232283,-4.028806072492373
train:2992,-0.27766982730964906,-3.8360710328523715
train:2993,-9.059296839889194,-8.535358630126764
train:2994,2.3131098044330325,0.07110072685475632
train:2995,-1.9505048773742049,0.003038110365656599
train:2996,4.7292430953592195,0.1137531705087911
train:2997,16.212863805731413,12.00510400403041
train:2998,-11.270147653599826,-9.227890124934397
train:2999,-22.04826922772452,-18.646600466207452
train:3000,14.221182059592405,2.670792368600263
train:3001,0.1602794051976614,-0.5167500104165892
train:3002,3.5073361187298664,1.763600722245203
train:3003,-17.480806985336738,-2.4017971968254614
train:3004,-2.5606966000355817,-9.818399168074196
train:3005,-3.593490429724707,0.013134501211415642
train:3006,-4.088402856630621,0.12906552588999695
train:3007,3.169473408769983,-0.044402886037046396
train:3008,2.056928735848763,-0.7112200908278858
train:3009,-18.74999178378467,-4.3099226224690375
train:3010,1.863486286642114,0.23825825252955526
train:3011,-43.22534137180507,-17.488007517974353
train:3012,-1.6049956860595302,0.13526214083342641
train:3013,3.2862613585046705,-0.043860774959022825
train:3014,3.0370814672002577,0.28418647370295247
train:3015,-0.2524997139718324,0.061426612006615644
train:3016,-14.711308809324859,-4.87982488224668
train:3017,0.03806936700913724,0.02427345725670002
train:3018,-6.909782922367473,-6.899873419772523
train:3019,-6.079573194641078,-5.379954878388109
train:3020,-2.8499662394535523,0.2402025767091298
train:3021,3.2586973902087566,0.3026686096216862
train:3022,-2.2337050321392415,-0.23278134986107812
train:3023,0.9097952066112661,-0.17130195911052465
train:3024,-7.265378011810126,-7.198615427503833
train:3025,2.620646012369868,-0.4226524737402048
train:3026,-2.6496248945927565,-8.317863665623705
train:3027,-0.16797929256628263,-0.04122654310225829
train:3028,0.09077601857051813,0.0006198669752414399
train:3029,-5.189257669566137,-4.560776820140706
train:3030,-0.15141478328253027,0.029560752197149945
train:3031,11.610162753787614,3.3962434159600696
train:3032,-0.7223024666823945,-2.4173543581566377
train:3033,4.310923798949841,1.4942626767250808
train:3034,-4.927590121595481,-0.1251260787709567
train:3035,0.9359783729600935,-0.04243416685896079
train:3036,9.532025138934733,1.9748079115472374
train:3037,1.2913270566680808,-0.5865974562996765
train:3038,-3.6656673185729685,0.040333069960718386
train:3039,-4.403698055710529,-2.660678632954559
train:3040,1.2267506224430416,0.25401642294203053
train:3041,3.4894545010568563,-0.037594256218690336
train:3042,-2.0486148075047845,-2.210510021746213
train:3043,0.2026160946614786,-0.023236301656425956
train:3044,-5.676793266675949,-0.74305456525915
train:3045,5.335392834139125,0.04224158627698138
train:3046,4.502459625669958,5.046602157043935
train:3047,-0.9621865854174397,-0.3381996994503023
train:3048,-1.4588136243034393,0.12653101393942676
train:3049,-4.962152477672369,-11.936079057535885
train:3050,-0.9356061479360248,0.10101612806981722
train:3051,-2.74235992529227,-0.3581713568863108
train:3052,10.118262504854801,4.187142107161562
train:3053,1.5378432089974656,4.528285760842916
train:3054,-20.098186348594776,-5.328517667375512
train:3055,13.439625841550386,7.982231795178873
train:3056,5.578969552020545,8.808266417276794
train:3057,0.69468393008145,0.26723351900667525
train:3058,6.317999394674701,4.674889430316072
train:3059,-1.9496954577816537,-0.05079337702127429
train:3060,-1.4628507265618653,-0.8613616057283848
train:3061,-1.7417438950515454,0.3117643775460617
train:3062,21.92119947694675,10.717606171735142
train:3063,0.3890801474958149,0.09189610780774063
train:3064,-0.5562533614233157,0.07759236435327863
train:3065,18.30085207097314,6.251395523275927
train:3066,-0.8781787344316417,0.08925174703346564
train:3067,3.432419941978496,0.1994435273254974
train:3068,0.35569286782339204,1.5905865423372194
train:3069,-0.30700989279019486,0.06524407262157166
train:3070,-30.58105806261282,-11.228927682918814
train:3071,9.989333726148324,16.243604603346885
train:3072,3.7127046054943142,0.3847125561346339
train:3073,-21.871487525513086,-8.460748167779998
train:3074,-3.4921702512962716,0.19884206935051124
train:3075,-0.11142859531500349,-0.052685059361956554
train:3076,-0.3487732240044348,-0.020835605545641567
train:3077,-0.7244052839236983,0.10550024264993221
train:3078,4.354130812065155,-0.20893816336312132
train:3079,-7.346119127145688,-3.1278271617522733
train:3080,0.32594053765376246,-0.563012057885401
train:3081,-0.2910982424741853,-0.2736399764900949
train:3082,0.09475849314248544,-0.009190774268075186
train:3083,0.07410051047704626,0.034987141427355914
train:3084,5.285981975508012,0.3556322913013493
train:3085,-0.6648415791914154,-0.6069378919295509
train:3086,23.479229446065954,7.867102238930906
train:3087,-4.374660767087909,-4.54777186070054
train:3088,-1.964040688245737,-0.4391082555136104
train:3089,0.9895776641640353,-0.15561369249495247
train:3090,0.2714374488117276,2.308948346065388
train:3091,1.3801481879765007,8.046952439532769
train:3092,-10.505549729100546,-5.336489553438659
train:3093,-0.21383284274684589,0.14721255156602608
train:3094,-16.66706366951671,-6.219008155363955
train:3095,1.9478551452750206,-0.11470613320810358
train:3096,2.630097764418443,7.401355780573933
train:3097,0.23450948145293316,0.06574866390656359
train:3098,0.4608309403896976,2.109803128249378
train:3099,-1.0796979451957855,0.22132798090206904
train:3100,4.38154647200379,5.158741542714172
train:3101,-1.1972885732340566,0.27850843080389553
train:3102,-3.3046438643039915,-3.031794752174977
train:3103,-23.02953310946441,-6.55049196027817
train:3104,21.632832240417432,8.909341601166188
train:3105,7.133446629395764,2.4555671375844037
train:3106,2.3893370456594143,-0.09099134143915233
train:3107,-0.017942840728602222,0.0606596674920223
train:3108,-0.6190298714940973,-0.16086147039103066
train:3109,-10.1556647438714,-3.8576461977928496
train:3110,-3.672158482473716,-0.01622281091490098
train:3111,-2.401273484456596,0.05500202508879627
train:3112,0.47978093613489803,0.026674153367484424
train:3113,17.148921068573355,9.350115570053196
train:3114,0.0752927887912898,0.10483801116988342
train:3115,-1.4861874417588283,0.07742373927585129
train:3116,-8.849870562082938,-2.4274901233859585
train:3117,-1.5625592720106458,-0.1428903454937392
train:3118,-0.989946283551644,0.005033935097643383
train:3119,-0.6431987871911561,-0.23649252817257954
train:3120,3.8286147929138163,7.092177849269048
train:3121,2.6410579379880024,-0.42691760397696027
train:3122,3.007267303138722,2.971717372046289
train:3123,3.463274124206912,-0.009565686876771493
train:3124,-0.8870149370600343,0.19377989316825112
train:3125,7.284322255480748,9.992179376713036
train:3126,1.221959658111484,0.07505243129192818
train:3127,-4.447770278396055,0.16631426338261673
train:3128,0.3979528460679267,-0.07953282517945404
train:3129,13.790202622502518,7.90534218373145
train:3130,-0.6128648465044203,-0.1027237664540625
train:3131,0.013367657025424834,0.2953238604793268
train:3132,-6.769602234999923,-7.096284257843144
train:3133,0.6946846274561708,1.2821621454307874
train:3134,0.8857297348311187,0.0009648208138364339
train:3135,7.782631362193198,10.677001481347936
train:3136,-3.833339912181955,0.02217263416854867
train:3137,-2.4538653016472933,-4.8880940734378795
train:3138,0.6291132719628605,-0.06164373024791614
train:3139,0.4506295105163153,0.24337207192503763
train:3140,3.3024762505950864,0.13578998583044938
train:3141,-0.6529552919926994,-0.09492050546834319
train:3142,2.1107730380379284,0.2988564274567004
train:3143,-0.5208402081871121,-0.5195788316182022
train:3144,4.338541697557493,4.5975307501253475
train:3145,1.8506587760286246,0.1129576938321965
train:3146,2.0304196630471045,-0.07533688543555159
train:3147,9.657978452166008,2.719415737796297
train:3148,-0.01766447198590254,-0.19990587949919852
train:3149,2.7922341325776294,0.8099042197227011
train:3150,-4.873981532061929,-0.3283347044383733
train:3151,2.1938733720537895,0.29067425935960456
train:3152,-0.4204517223855997,0.0068043557498203705
train:3153,-1.0472088841636897,0.1028807048565983
train:3154,-0.24378555191957124,0.05782642380529909
train:3155,-3.714662541870514,-5.401810514481059
train:3156,-1.035915597935852,0.07928403623833219
train:3157,-5.379158849940813,-0.19883007433094174
train:3158,1.1145769687773222,5.722269432179117
train:3159,11.725422987967375,5.3008459755613515
train:3160,-2.8732892396143406,-6.4971761917194115
train:3161,-7.494443291585684,-0.1003735722700203
train:3162,0.1502276784310003,-0.044980376995951504
train:3163,-0.7794620882940092,0.17341021207232532
train:3164,1.512605450311736,-0.05607910269281416
train:3165,-1.2256898561113516,0.21532167547918785
train:3166,0.2954299287044365,0.18899248170606292
train:3167,-1.2691634988282332,-0.3431869787073092
train:3168,-0.9326292877113801,0.1797081161908592
train:3169,2.745626720323935,-0.10784272163870512
train:3170,25.17489514973845,7.781757977239275
train:3171,0.4825774087651085,-0.12172219184420868
train:3172,-14.363324402667999,-3.8920622622419865
train:3173,-19.58572564913237,-12.28713992008563
train:3174,0.20231250419971178,-0.18970021047297475
train:3175,-13.323536834362704,-3.755899366809945
train:3176,-0.7333002984868741,0.08582589034197666
train:3177,1.2700194694502627,0.9190337476234267
train:3178,6.45188046373147,11.172375736726998
train:3179,2.7906799167833163,-0.33749952019479185
train:3180,-0.1805915468493003,-0.02169128508405878
train:3181,-5.161238548035813,0.08082077848371902
train:3182,0.6206841037131461,-0.0173250083330089
train:3183,0.8339747673053223,-0.174919551930662
train:3184,3.979050143091766,0.212105815500028
train:3185,-7.977583103372364,-4.353386235488768
train:3186,-0.09938528257499837,-0.053017316388460994
train:3187,-4.026609412457858,-0.7248496192942584
train:3188,-2.230009411035743,0.006412038522303307
train:3189,2.12067668890555,0.03668195185022961
train:3190,2.1692000219753877,-0.0336060306141569
train:3191,0.08363908567835493,-0.018752472397930986
train:3192,-0.28578471201854505,-0.1282581968546429
train:3193,-0.384451612092764,-0.17306239350600122
train:3194,0.6019330922215999,0.15919092381738698
train:3195,1.5887764366439776,-0.05176190126040642
train:3196,-1.1550802007188574,-0.016132363961357046
train:3197,0.4336054312915882,-0.07150872525984511
train:3198,-8.394075742929855,0.02566382951102049
train:3199,-4.165168471141422,-2.6651461988807132
train:3200,-0.015288167624944338,-0.12516944765719856
train:3201,0.5478391298824055,-0.6640649866884352
train:3202,1.6269353866140173,0.00787366985122187
train:3203,1.096194636054813,-0.23519431480152309
train:3204,3.6524630525334616,-0.3669589774610729
train:3205,-0.23137902317917508,0.020508495819826306
train:3206,5.78773518350801,11.498076072403562
train:3207,-1.7770940521046414,0.0030335452197363943
train:3208,-6.4380321696036145,0.0562651439005912
train:3209,0.11429614331903852,0.1301911196809459
train:3210,-19.06231151738937,-4.177350784946473
train:3211,-0.9831694284736286,-0.16190917137971622
train:3212,-0.5927353576481901,-1.4596298276636106
train:3213,-13.661718941944692,-7.291848831988808
train:3214,6.091452567474014,-0.19705794174904467
train:3215,6.95694201740671,1.38271276552179
train:3216,3.0123920775032786,0.37591009883563115
train:3217,0.3080433452786554,-0.04479919776724364
train:3218,-1.0640765189927284,-0.07047557567378018
train:3219,0.14992641255163597,-0.07211417773751144
train:3220,-0.20612731699903059,0.5201246277236123
train:3221,-0.5359490639704173,0.9948779406551247
train:3222,-10.074492186041933,-4.278394583457667
train:3223,0.2963216385140365,4.722979248082683
train:3224,4.394896083824881,0.23095244978832757
train:3225,-0.27405510167375763,-0.17564298489820346
train:3226,-2.605893455687438,0.05216393093453286
train:3227,0.49389301098401023,-0.07046758666841985
train:3228,-17.006889721773746,-4.840764923110221
train:3229,2.3089574028874424,0.1806167228897887
train:3230,0.17476992206190103,-0.09165214631110105
train:3231,-1.145492460599736,-0.008633255822570934
train:3232,-2.20530723613555,-4.44932962472062
train:3233,5.90279875801652,9.123605583644226
train:3234,-1.3756144955354719,0.021468175088738037
train:3235,-2.221924048523359,0.25000993675381633
train:3236,-0.38865375970176785,0.04798839168646128
train:3237,0.05871956232352804,0.027606156439254945
train:3238,-17.76095635815673,-6.189536143946394
train:3239,9.554184918061308,19.15546466796183
train:3240,-4.6519592720494725,-5.8552653174478975
train:3241,2.3923980557670297,0.19453085967212375
train:3242,0.23890189613158175,1.7807733745888898
train:3243,-0.888814861214292,-2.9930577771123725
train:3244,0.31551641278622045,0.039908939372569945
train:3245,-0.818356768594441,-0.17831345260070958
train:3246,-1.8194930403768454,0.1338403832009046
train:3247,-4.617013824792653,-0.3128420257933196
train:3248,6.761708245000692,12.709148796848785
train:3249,0.6740035151958267,-0.004697814717739807
train:3250,-0.6781705022291246,-0.1553751636206221
train:3251,0.9040135052597619,-0.02743224140032842
train:3252,2.639255456793102,0.12471237393346765
train:3253,-1.4668497056688903,0.1270152047285878
train:3254,2.509079539627682,3.5021827628274362
train:3255,0.5236848590544825,0.3370929483978031
train:3256,0.8101702298998558,2.5471619400056467
train:3257,0.5395013177211094,0.010391133834996347
train:3258,-2.9227093965750632,0.14733951968693162
train:3259,-0.1259661849728938,-0.07809166567677137
train:3260,0.25883867710664454,-0.11694590792520096
train:3261,-7.1991841331494255,-11.349716878821347
train:3262,-3.301351325789087,0.1593889370216756
train:3263,3.8198227573510715,0.23885157883837108
train:3264,0.41420307181086075,-0.25304831517379944
train:3265,-0.9398694320622144,0.03292726199167634
train:3266,-1.444613447781272,1.4772341117995003
train:3267,0.4477702741612372,0.06420992440983668
train:3268,1.0204081356519454,-0.12191649586743711
train:3269,2.486480879343514,-0.024287426504551665
train:3270,-0.6534834371145479,-0.08532742196028603
train:3271,-1.6026283313408216,-3.0876378996438056
train:3272,-2.0498282395188907,-0.9386262724453147
train:3273,-11.499582077060902,-2.821238809470621
train:3274,16.673450983965495,5.780092141047592
train:3275,6.659711148176648,0.5142080559502251
train:3276,-1.092317405684251,0.24532381446673251
train:3277,-8.21252585729441,-6.775098851481657
train:3278,-2.222961277191356,0.1816751234392247
train:3279,-0.35660218507782304,-0.013881319040269152
train:3280,27.39593507303573,8.225493013898772
train:3281,-0.640370235323791,0.12890717239089008
train:3282,-0.021078702389578097,-0.009169660468194271
train:3283,2.768625441239574,6.118054458665808
train:3284,7.39145435483192,3.002193144923054
train:3285,-5.565637315186045,-5.367735124046217
train:3286,-6.167529348837527,-1.2062599492682928
train:3287,-0.6405854916542628,-0.48814362912894266
train:3288,-0.9227340053404073,0.05119726128593082
train:3289,-4.33574911733594,-4.653947168547657
train:3290,6.959588322013718,0.22567571174781811
train:3291,-1.9343111389836518,0.14405261462438868
train:3292,6.309453299930141,3.496705158366438
train:3293,-0.41066616030402514,0.0767526628255821
train:3294,2.468402137082771,0.11689270695459762
train:3295,0.03427820556889591,-0.029977310250839093
train:3296,-0.04623905248130425,0.018855485014284426
train:3297,-4.809877452981079,-0.6777307510005495
train:3298,10.275547469539966,14.964253273946209
train:3299,4.1749589742274695,7.6218762955356025
train:3300,2.5506956085467234,6.929418984349171
train:3301,-20.942428185535636,-11.818794752413584
train:3302,-0.9523394219021987,0.05141267910904019
train:3303,-0.6316102789982005,0.16544802694425909
train:3304,0.3021103136127482,-0.09717397562320118
train:3305,-1.8709486016891996,-3.770205963480607
train:3306,-0.23023904796898786,-0.06394541975655621
train:3307,-1.3483099506356773,0.023221191122094267
train:3308,-0.14075099396929025,-3.3429690788550888
train:3309,-2.0904128912259416,-6.135388377543679
train:3310,24.849163505504265,8.355656736948431
train:3311,-0.1178596687606468,-0.15726570467482429
train:3312,2.2694434538349837,9.677143221906057
train:3313,-3.097482659590734,0.18404471949342777
train:3314,0.0580139353352484,-0.020101758338969655
train:3315,0.15761613113911427,-2.177240807548716
train:3316,4.421823116542509,0.2090403200146147
train:3317,4.425355551961352,9.11795564492474
train:3318,12.366964958741862,5.73545243231017
train:3319,0.9234091234515222,0.01412742044905882
train:3320,10.423251435394976,5.954335771816209
train:3321,0.20135617099932224,0.30978838266666575
train:3322,0.9711855681954354,0.06665855455278316
train:3323,0.4413646548929013,-0.26294754878012994
train:3324,2.1544991304037215,2.630576286259514
train:3325,-0.6427905905212766,0.03308761274212331
train:3326,8.676573235816043,2.290852963602581
train:3327,-0.5721544348893939,-0.26802113782719056
train:3328,1.3634867436065639,-0.19279381013795927
train:3329,-0.31868289955348134,-0.04540265299356988
train:3330,-11.074732098849934,-3.7969483029595104
train:3331,1.0109098919553203,2.3443342187009466
train:3332,6.084306336252241,8.702903420081851
train:3333,-0.7920664389968582,-2.3986075864353427
train:3334,-10.801472788270958,-8.875814658703888
train:3335,-7.317296165020578,-1.763282791118575
train:3336,2.508183180653277,-0.8559774440979406
train:3337,-4.14985830652206,-5.479702746101206
train:3338,1.071202585729028,-0.0022604547787838103
train:3339,0.20855354303395052,-0.09440835316042093
train:3340,-1.5491680501645493,-0.6912266062879464
train:3341,1.5499177873707848,0.0825635942691598
train:3342,1.944465904132172,6.130940724312048
train:3343,-12.24144744532963,-3.771209724939811
train:3344,0.8122836239910909,-0.21139991830058835
train:3345,0.11629609778903155,0.05073047511559052
train:3346,-0.4370864340579076,-0.0003643499529913663
train:3347,-8.970897620286829,-3.4294977105913915
train:3348,-0.6626555419001021,-6.4392273706948915
train:3349,-2.691829547776112,-0.11665587849845835
train:3350,0.8534782461205587,-0.062297473409769544
train:3351,4.75272649170578,2.1622941746654907
train:3352,4.819810220510159,0.03016420742347619
train:3353,13.680443280120036,4.268832540187314
train:3354,-1.7341592475886602,-8.270322236010758
train:3355,1.619579478059538,-0.20172509014839762
train:3356,13.589661828471586,10.223307008220287
train:3357,4.363327324965936,0.06403873143782923
train:3358,4.069860884478487,-0.0639796583509577
train:3359,5.886532725113249,-0.022905328577211573
train:3360,-11.486114376453763,-5.921944980044797
train:3361,-0.2269960230592566,0.05048852238182
train:3362,-1.1819584172060331,-6.562290579908923
train:3363,2.312276906558216,-1.1818638094707519
train:3364,-2.9952391570320245,0.07236584291789135
train:3365,-14.9934907969976,-9.281156818174514
train:3366,2.3705195511111565,0.041932297640887926
train:3367,-18.57689407976472,-10.991470476593207
train:3368,3.131448819662808,-0.34175209628026676
train:3369,-2.7069174823177944,-0.10040267507526157
train:3370,0.6520787513501437,0.11764952255168053
train:3371,-4.228248804132211,0.12150792681910831
train:3372,0.44145415131539767,-0.20414418950367286
train:3373,-2.07568782399729,0.012591534168532037
train:3374,1.5385893999486693,1.5466948042266608
train:3375,4.916650463732491,11.613667849675949
train:3376,3.5944168351935324,0.29195021764430007
train:3377,2.91558344860162,5.4520019514818046
train:3378,8.384657756707545,5.196817712904828
train:3379,2.489223421661986,0.11723252500403239
train:3380,1.0370021671322096,-0.12314109626053038
train:3381,-8.477106107015402,-0.5561201141540011
train:3382,0.365581873821878,0.25895662413173537
train:3383,14.219164322067032,7.360430388685834
train:3384,-3.3931128213784323,-0.08121023098350699
train:3385,37.864970872594085,12.23530148705642
train:3386,-0.14877940421281316,0.09690207563085831
train:3387,2.6852391835882052,0.5133806232521891
train:3388,-3.6851789334266134,-0.24723745506062678
train:3389,-16.656351993805977,-7.496993364848009
train:3390,-3.1237495109060514,0.09883398831996233
train:3391,0.6763055491490249,0.023379544621201148
train:3392,16.17048759836675,11.53873554454181
train:3393,-19.005489425142603,-7.7521096968794225
train:3394,-0.28953868014034634,-0.12879288957054613
train:3395,1.3743908947402228,0.6009104485531154
train:3396,-0.010837522157113033,-0.3921662866243091
train:3397,1.1910975723028998,-0.0773058899352572
train:3398,-4.539337438896551,-7.21002829230433
train:3399,5.045559715946787,3.4235903519517787
train:3400,2.620486546017056,0.04809324738181584
train:3401,2.2593970736078486,0.06658936405993016
train:3402,3.863890795788272,-0.1466971065479447
train:3403,5.171645995291485,9.772087985467866
train:3404,-1.6406106130482714,0.2256163648508555
train:3405,11.906448447812817,2.924660133222502
train:3406,-10.532319620047764,-2.4635659036987074
train:3407,32.29256748194748,12.880131772143901
train:3408,0.2954613105668703,0.28019382561330886
train:3409,-2.684646588152379,-4.369070650262469
train:3410,-0.26903167910194975,0.15244592072029367
train:3411,-2.9451174411022265,-3.598349904028254
train:3412,5.40952423187141,0.9735311756714664
train:3413,-3.1872417598985634,-4.0115212887520215
train:3414,-6.212436561522031,-0.002808129628397632
train:3415,-1.8148227218719777,0.14104589539269793
train:3416,16.354570348987966,10.574931666291178
train:3417,0.07316242524851638,0.009276382265607869
train:3418,-0.36437279913290843,-0.21573823353287702
train:3419,0.7899413651459185,2.0197015565264698
train:3420,0.2548887466883123,-0.014485487570645425
train:3421,1.8704140071180522,-0.21717140403019936
train:3422,-0.975586408218425,-0.015164981008704975
train:3423,8.737231818859906,1.7117031447987163
train:3424,-10.346927664617462,-3.986987053290394
train:3425,-1.250850206203078,0.025057806390114137
train:3426,1.0310589073037315,3.5243391279078797
train:3427,-8.22130348044626,-11.136308861203347
train:3428,-1.0975163342274477,0.8187694477781067
train:3429,2.433058023943922,2.3098322724441864
train:3430,-9.534765064831134,-3.322188534626345
train:3431,1.974135944084753,0.09228599980148758
train:3432,1.8005572839657282,3.3094534296198352
train:3433,3.610237478108484,1.0930586793703043
train:3434,1.8323659397286116,-0.1966624859837075
train:3435,-20.501810099972012,-8.323320156284822
train:3436,1.1191619751080182,0.13733685699334663
train:3437,0.4377120385638491,-0.08324742735039559
train:3438,0.7061228513968044,0.46938146155169574
train:3439,11.756085159689345,2.1533775887184827
train:3440,1.9374849507192167,3.433373459658764
train:3441,0.07002981800290399,0.010548631369243194
train:3442,1.343174542573497,0.0347498965003156
train:3443,-2.451291059094762,-0.011216843091783293
train:3444,-0.7590399345133039,-3.1053934640571774
train:3445,-2.653001582990632,-0.12415056415213427
train:3446,-0.7478861232296163,-2.488280462424182
train:3447,-2.8944159743212445,0.0241832956247761
train:3448,10.25355506034637,5.000836569193946
train:3449,0.5777964882199358,0.8423638338234125
train:3450,-1.2760454250308415,-0.07086732225805722
train:3451,-0.3398830910643042,-0.20853172271541365
train:3452,-4.510078385112732,0.24996114675679418
train:3453,1.331265242008996,0.0560443049667016
train:3454,2.8246239339411385,1.4401628443545282
train:3455,0.877216649156674,0.342654437415085
train:3456,0.25107689646468867,1.4180235985712855
train:3457,0.47501368254384585,0.42283180988991154
train:3458,-0.8641875378674596,-0.7606379380748447
train:3459,-0.2675784664130253,0.016431963173899028
train:3460,3.8452997155660182,3.006126588776545
train:3461,-3.268633293390345,-7.760927276224287
train:3462,5.285697911538426,0.9961927026801418
train:3463,0.5751269377889019,-0.11175819023013539
train:3464,-3.610608189620255,0.07966636720914881
train:3465,-9.939526931752638,-5.304691600174755
train:3466,-2.1697715774067348,-0.10715195799665508
train:3467,1.163192820226779,-0.0002911649574581787
train:3468,5.315823104725417,3.6791920160588334
train:3469,27.089715043655193,11.71857946806803
train:3470,0.8088134873806352,-0.10322165268098416
train:3471,0.219443514214954,0.5076676284546806
train:3472,1.1941316172546461,-0.02677029524189964
train:3473,4.81015994912441,1.3368769885532767
train:3474,-3.376737068185763,-1.2565721371331806
train:3475,-0.4856650921889245,0.1602694395410339
train:3476,3.0027027531331676,0.15631316995794184
train:3477,-3.8241499081119015,-7.565599519023232
train:3478,5.227384367222209,0.016554651470504375
train:3479,17.25684492069082,9.529026491881977
train:3480,-0.31393377770516867,-0.332097953945527
train:3481,0.837395622768845,0.06905668276898744
train:3482,-0.5881917288842587,0.047942312244829276
train:3483,-0.013423155163416578,0.3530584049672174
train:3484,1.9005954551991837,0.15298717583345722
train:3485,0.8021403086777712,0.00010999724027926927
train:3486,-1.5314463637608315,0.25585945794650067
train:3487,-0.8968349029611659,-5.341543740615558
train:3488,6.9331759518400045,4.537060256623158
train:3489,20.147236258960206,11.371699137894705
train:3490,4.217059021202712,-0.17153506687407483
train:3491,0.7489880346698305,-0.1089394979460328
train:3492,-2.0022719327284944,-7.712581810286144
train:3493,9.486904064669199,12.316131960719455
train:3494,1.027259144908601,-0.07779464587033846
train:3495,-0.1966382554028952,0.007298104813251841
train:3496,-4.907554080951831,-4.8947186708113275
train:3497,2.3602616338853935,0.3653038382549099
train:3498,0.31034351956593165,0.2725122542985248
train:3499,1.267905029296946,1.3069140812884839
train:3500,0.6041181996799523,0.19421771919416014
train:3501,0.37985364748204214,0.8462309404002508
train:3502,0.68914770463165,-0.2063628504208893
train:3503,0.4976444220651688,-0.1535198597864914
train:3504,-8.485128705802918,-6.673326912196192
train:3505,-0.03163858286942625,-0.11390181156128859
train:3506,0.8343213625415354,0.35716618033053604
train:3507,-0.09310983992120259,-0.06676525332713884
train:3508,-2.643474979388696,-3.1641685764932532
train:3509,-3.583045151157302,0.06810285259328597
train:3510,0.28399902719837067,-0.011215701805303235
train:3511,3.9326333465950767,5.313880608449998
train:3512,13.317230069227902,1.270193331453697
train:3513,15.770996024668204,3.7811710988404283
train:3514,1.940348371322619,0.3007147271678412
train:3515,-7.490764872391964,-7.369983586985966
train:3516,-1.3544863660791266,0.10592908104481086
train:3517,2.793023095845039,0.04064635309949201
train:3518,1.019066154230981,3.1553612089078347
train:3519,0.6156511503534879,0.43826571228124267
train:3520,-3.889114082681678,-4.165181247209704
train:3521,3.8483105146937393,6.849025623407995
train:3522,4.610002246273412,4.5384951390502
train:3523,1.5525273635758339,0.10225413857905105
train:3524,3.553822652698631,-0.003754541441978787
train:3525,-0.3701031272133173,-3.6133555386679466
train:3526,2.1344098568230545,-0.046698869113286245
train:3527,4.677854017103577,0.23147601496105033
train:3528,20.738570969172482,8.499697932952255
train:3529,0.23006964529327348,-0.5704639452960749
train:3530,-0.4907017648804267,0.10551536469579287
train:3531,-2.6362269314576934,0.06549187444855242
train:3532,2.1938354813606287,0.4202047110736473
train:3533,-5.595581190945641,-11.689766609411574
train:3534,-0.5355766658695365,0.25006956897239885
train:3535,3.461439796233097,1.231950533436954
train:3536,3.405654700196082,0.49203271698205076
train:3537,0.6293843182709922,0.5899706469985997
train:3538,6.508221367420923,1.054997488564699
train:3539,-9.727115890141569,-9.259284062784364
train:3540,-2.83870596229583,0.007355597119684337
train:3541,2.6199765326379474,-0.16263189104320763
train:3542,-28.405951887588987,-9.498256897555475
train:3543,-0.1677305622492149,-0.15387037739667664
train:3544,-1.2307925469430852,-0.060146362386091
train:3545,-4.009254545157255,-0.3911094553437831
train:3546,17.122854131344653,14.541221744678055
train:3547,1.2095965990620146,-0.9247519380289713
train:3548,-13.241467917558834,-9.46433329822248
train:3549,1.0216629452328165,-0.1280674593516646
train:3550,-1.1643153016875196,0.003816467745050442
train:3551,1.1051273088529092,-0.16172342700508813
train:3552,-0.7304952249017743,-0.009789093705241197
train:3553,-1.9626020041968282,0.10822677605077077
train:3554,0.9243624346947884,0.2558965497571023
train:3555,4.457092145669757,-0.00720493579278883
train:3556,-0.17195386355808145,-0.027387731227606488
train:3557,-5.603061697116894,-0.5206258193028377
train:3558,-16.782552642604877,-11.051746380750549
train:3559,-8.54484071889248,-3.7151200595912917
train:3560,-1.0075277976364911,-3.3838530991082867
train:3561,-1.6603528264762444,-9.578924167251863
train:3562,0.29019694502904303,-0.20893259959153104
train:3563,0.17680799968329514,0.06480282273622247
train:3564,-23.317582343121067,-10.989979956450263
train:3565,-2.1140548240923533,-0.11269290385729602
train:3566,-0.8405948861479812,-1.3441336331339282
train:3567,-1.8946486491156733,0.8575155531325516
train:3568,-1.8536032651764467,0.1447131341747174
train:3569,0.16214697469983191,0.014910485635182866
train:3570,-0.8908193486199699,-1.741803208920801
train:3571,-2.750919967531245,0.11262615010974208
train:3572,-1.4050165111370445,-0.44721110420034277
train:3573,-2.1867775248887225,0.07207481486547869
train:3574,-2.0310130695530355,-2.379897335881409
train:3575,2.3968570697315097,0.020898387813573255
train:3576,-7.782478112831446,-8.232126801382936
train:3577,-0.6815525371665255,-0.17257763207360016
train:3578,-3.6240405565748754,0.025360532628947302
train:3579,-0.8843432945048381,0.20929596818614582
train:3580,4.999380491771634,0.34667119518161965
train:3581,3.584061982881585,2.07467632764479
train:3582,-9.240249772763677,-2.3741324125490584
train:3583,2.5674502686710006,0.331248990976709
train:3584,1.3969314404643285,0.0840352118547788
train:3585,1.046666618470614,0.3393188850163299
train:3586,-2.2400020934093807,0.061030157615608406
train:3587,-4.82042175875883,-4.208219731015615
train:3588,0.4704277463801889,-0.21947794400637965
train:3589,0.48167314621053503,0.03081959118464469
train:3590,17.581416133389673,7.327431802044918
train:3591,10.847528636501966,4.659253234896152
train:3592,1.902887493448051,9.851693858737807
train:3593,-5.3802885969884295,-0.0021045265134470303
train:3594,1.5446818979673878,6.8835883431698175
train:3595,37.8680653566883,19.130974942672925
train:3596,23.138434507863554,5.634982130255201
train:3597,-9.661075433919434,-3.495606159305026
train:3598,-6.420646152898818,-1.5546621849627633
train:3599,4.789516727557227,1.6601816212474059
train:3600,-8.584423708042294,-0.8086417313730223
train:3601,0.06057539268456591,0.12038832478217963
train:3602,-1.1095830090205978,0.11663063904661622
train:3603,-1.303159586631871,-1.085512980965522
train:3604,6.073402650035063,3.5675730570234996
train:3605,-0.29303031913802524,-0.10620169434120375
train:3606,2.520894229688401,-0.13268324985941532
train:3607,0.6259199931165427,0.4141805017191103
train:3608,1.7519503821585212,4.268114385669743
train:3609,0.9381904455743149,-0.17441424734162003
train:3610,-3.7477004368078406,0.10237882412699648
train:3611,-1.5779668366326725,-0.34967162582614114
train:3612,-3.838669249797932,-0.06017432390485222
train:3613,-1.350191700090503,-0.24237528933399533
train:3614,6.548704434876985,2.7091213337462494
train:3615,2.9219586158404836,1.3905685256855915
train:3616,0.8259265981113781,-0.1810388447150681
train:3617,-0.6332537587567698,0.17875314472867765
train:3618,0.6634759464113733,-0.024711414431890108
train:3619,16.542004217600624,6.819158726868336
train:3620,-2.3760726866310664,-2.988461531135593
train:3621,0.08288196918985986,-0.17826908508879763
train:3622,11.674403053397251,18.836499063804037
train:3623,1.9429591098188697,3.0161844612036024
train:3624,-6.483715792810554,-3.970601603296321
train:3625,10.347676471990736,9.421003726545278
train:3626,17.590827902620926,4.63024372982463
train:3627,0.7724616677703009,0.17093190848089754
train:3628,1.012752588425784,1.6805060788665598
train:3629,-1.254318715605852,0.1264031898536612
train:3630,0.5473570114921265,-0.0542453406409944
train:3631,-0.7583964901042912,-0.11151395492340477
train:3632,-1.0530663669015157,-0.06523906798169246
train:3633,21.64764447948618,10.831499714725215
train:3634,0.3754467041633779,0.08144734476126626
train:3635,9.045560709395994,4.53756584653382
train:3636,-30.270166552436212,-18.88935552437345
train:3637,0.47316749919977835,-0.07098059494120215
train:3638,-1.2401608464834104,0.049370346952991376
train:3639,23.66676745597025,9.258256274490202
train:3640,0.5870966774958679,0.11506279674464805
train:3641,-2.656344797401911,-0.06687595811570365
train:3642,-1.718428101096205,0.12338562840040997
train:3643,-4.386943395586252,-0.3308709283186636
train:3644,4.738881743832956,0.14164364418662392
train:3645,0.634043478780328,3.9290687018603396
train:3646,-1.0260444912218651,-1.1091585822416203
train:3647,3.2052068894612518,0.0535103636593714
train:3648,0.7749192162862266,-0.030057485626062586
train:3649,8.339956966940383,4.979281091445248
train:3650,10.141101062042909,10.713769166589215
train:3651,3.2695025141320686,-0.050726897083811395
train:3652,0.15713854568452013,0.04905378261558761
train:3653,-0.27344129569037684,0.023410502016972493
train:3654,-4.429579026347032,-0.0674982445689507
train:3655,2.6811837171287993,0.07018084995183634
train:3656,-0.1822250309035388,-0.04520406914604125
train:3657,-0.7358910455744632,-0.03473133908348583
train:3658,5.3371902012527395,0.2812672055477955
train:3659,-14.02708192664266,-7.953168994783287
train:3660,11.683667909020665,8.012550070521392
train:3661,-1.286787320312806,0.047369386431844365
train:3662,4.743891218910349,0.4901229167184977
train:3663,-1.077160663503454,0.2656506973196564
train:3664,0.5730450417892207,-0.03076650985179341
train:3665,-1.3521903760401748,0.19075206013667945
train:3666,6.689582961881766,13.783909687976323
train:3667,-15.104788083097576,-6.153926293839125
train:3668,7.104967240549745,11.62500767214172
train:3669,-0.9211621227198351,0.10959888772141044
train:3670,-1.2451252246621949,0.14782713433553282
train:3671,-3.6806115939221766,-2.805781796028069
train:3672,-6.608957783826662,-0.30049387672242267
train:3673,3.7461344250247026,2.4300157305474324
train:3674,4.8782227920367225,0.36607991306134363
train:3675,-0.0073532055940020435,0.16897046500412224
train:3676,6.177503958849852,5.3938277263774745
train:3677,7.681920689270699,0.12288859813834835
train:3678,0.10823781666163648,0.07280095838841028
train:3679,0.7231112482816532,0.03037391881418531
train:3680,13.55295574250311,4.28552242834994
train:3681,-17.10017056442137,-8.952724813307952
train:3682,1.3796807144553571,-0.16585402809800776
train:3683,5.521955449267327,5.319230959468471
train:3684,0.5187279195393861,-0.11009590647194309
train:3685,1.1897186300217353,3.765008770353205
train:3686,28.881036383357703,9.176102479153549
train:3687,-1.139726101492088,-0.04849668064098442
train:3688,-3.1398198139710316,0.04628116977311704
train:3689,9.572818770599769,0.49027213992576424
train:3690,-3.5025699680485873,-0.11923989375010072
train:3691,-3.638177271997454,-1.4917008337178654
train:3692,0.33862438907477715,0.27531325664218664
train:3693,-1.8791239255405605,-1.4748697113533333
train:3694,-2.132348590225327,0.07743372553255172
train:3695,-0.8557000225994426,-0.7118629204377738
train:3696,20.5140553620751,17.62440374667269
train:3697,0.3000305097372292,-0.11061490649874567
train:3698,-0.9783124460018399,0.040504548254345844
train:3699,-0.6251869929036057,0.10886247262015841
train:3700,-2.645139380388888,0.003087756327538757
train:3701,6.981997296373843,6.910446808548066
train:3702,-0.8330476644617762,-0.06993218064846657
train:3703,1.5907434982729751,-0.23631020765739158
train:3704,-10.636550175644132,-4.650629163428533
train:3705,0.31871620046326515,-0.1816194742117933
train:3706,0.5609600027950906,-0.2117922355281054
train:3707,4.981874526614868,1.0439053252650967
train:3708,4.014880326410979,0.028653429445510484
train:3709,-0.9663185306378878,-0.013740798142413038
train:3710,-0.4945159396864529,-0.058380364219024206
train:3711,-1.567732630147415,-1.9472440482823847
train:3712,-1.127963946993666,-2.352226559850986
train:3713,-2.984222496110085,-3.1792737883783304
train:3714,-1.4531623320247151,-4.727205206415563
train:3715,-2.162524924225173,-0.023730050719857426
train:3716,-10.149194966128755,-4.8542212613532465
train:3717,-0.22206023724402302,-0.08426459892573981
train:3718,9.415812755802905,10.470467432199275
train:3719,3.9763243377665916,-0.14540274501875844
train:3720,-3.954712403330857,0.3445227233829262
train:3721,-0.2766846692874685,-0.060634262356312224
train:3722,0.7486402771424162,-0.22458092118030154
train:3723,-3.93000627664058,0.09449025197689344
train:3724,-0.10311739962221614,0.15548973176258601
train:3725,-0.031275483098155366,-0.10655791838378925
train:3726,-9.239734645303283,-5.833647068942797
train:3727,0.22539444516536045,-0.03062784354446739
train:3728,0.12206745474884466,0.022352386789156492
train:3729,10.941663065807786,20.72609513280077
train:3730,4.098037147779221,9.989372953258595
train:3731,0.06571864747922283,0.05372221496223062
train:3732,-0.8211627720125017,-0.1343358326825272
train:3733,7.451774013761496,1.5485201492906902
train:3734,3.3464959377183154,-0.024370455095975282
train:3735,-11.334564621472055,-2.510058205714869
train:3736,1.2564676189601531,-0.18892456364897098
train:3737,-16.004996565961086,-5.267109036386722
train:3738,2.106992802134979,0.7974068474445377
train:3739,1.0740457824655287,0.058293780618879416
train:3740,1.0569310445271038,0.009143137069062071
train:3741,12.0577508672269,8.984996911285439
train:3742,-8.465137297141396,-11.031643760690955
train:3743,5.977391817813943,-0.06170906889889896
train:3744,8.384111014926475,2.0414265153174544
train:3745,-7.624682204934212,-6.94074460055282
train:3746,1.1178086032332812,-0.1328525882408927
train:3747,-1.6170328386561685,0.14215265795672605
train:3748,-0.8870488759631109,0.03760539527339977
train:3749,6.693065186320715,3.383908391683693
train:3750,8.10273054326612,0.4578148083980128
train:3751,0.2301142772754015,0.7601277231993866
train:3752,-5.187536083838843,-0.5277622836625879
train:3753,1.164704961079607,5.389036035090987
train:3754,-12.054329719923711,-2.4193761471560458
train:3755,3.683387437150433,6.683044336111697
train:3756,8.636058554039307,3.041718178300133
train:3757,-7.854097566819587,-3.258759826567867
train:3758,-13.066172088419082,-4.177706581006628
train:3759,-0.3579518376207159,0.03743405964058232
train:3760,4.001206202886498,0.09273837723001725
train:3761,-0.592438973391871,0.034059988823125595
train:3762,-1.0276610058245654,-0.00893027562900385
train:3763,3.624377912862907,1.9400682923810069
train:3764,-0.8429901358555197,-5.65365078367149
train:3765,0.06965021369657533,-0.0004585060875954561
train:3766,-0.8576284961605586,0.20676088559233557
train:3767,3.638281240212274,0.3475651078171185
train:3768,6.335920065332074,5.489124576818379
train:3769,-4.010665101759093,-10.406284964239601
train:3770,-4.975376562043725,-2.090650261020871
train:3771,0.29570980842569783,3.431557102225765
train:3772,-0.9291549668525997,0.14809191279890432
train:3773,0.62574100027155,-0.06410034939622294
train:3774,-12.136339127418077,-16.68267240876509
train:3775,8.368753893742584,6.104878306253635
train:3776,-1.4044107249629523,-0.4024070502097944
train:3777,3.21380691451755,-0.16475639582582002
train:3778,4.034179474433035,1.4801837667071887
train:3779,0.07789364781232973,-0.09773605921462561
train:3780,-0.31778933007795934,0.16294946551781042
train:3781,-15.387423829255285,-4.973917675451132
train:3782,-1.1089769903882658,0.1661567658483699
train:3783,0.5721877357991778,-0.22987649044773184
train:3784,-0.28792123570468514,-0.012244856888687997
train:3785,1.0240561028161927,-0.006812190582841757
train:3786,-30.263817652978496,-13.89729655958813
train:3787,2.8713466454819976,0.02556054308457599
train:3788,2.496682541675136,2.9423923012630335
train:3789,-34.64573172799852,-16.628009351516635
train:3790,0.19529714696719946,-0.056210921281259874
train:3791,0.5462435365213277,0.13723271460204212
train:3792,1.106128506493667,1.3646125325914429
train:3793,2.2031084730224513,3.773183520088181
train:3794,23.234794957278012,9.300833678558172
train:3795,-1.118457799716872,-8.239050415814157
train:3796,-5.169770695285958,-12.087449024671347
train:3797,0.2016816125356726,-0.09935554472981606
train:3798,11.723265775497854,5.558576424275319
train:3799,2.1855078973619038,5.17825183509062
train:3800,23.998394241177177,6.775074254003459
train:3801,-0.1284728984066324,-0.1928276207499307
train:3802,-2.58048995427641,-0.02985690452719386
train:3803,0.5740018399060907,-0.0591988092860298
train:3804,-3.8719823752917146,0.09410506778987669
train:3805,0.9814611522474576,0.14642534921641187
train:3806,4.368076911730729,2.028362351641136
train:3807,-2.712573191303083,-0.3600533382919126
train:3808,-8.926122443882786,-4.041282616292276
train:3809,2.459876963579833,0.26802257594681955
train:3810,-0.8455322991708965,-0.06721920002457857
train:3811,-2.0443994097760863,-9.627800902046468
train:3812,-0.44546887820133163,-0.0011021916623434463
train:3813,17.311924505968676,22.902820619594305
train:3814,-4.9316348949758355,-0.9323109637079601
train:3815,6.0184281358818,4.879607977996594
train:3816,0.792513980490768,0.7085993519291958
train:3817,-3.094841933981491,-0.8004354535990355
train:3818,-2.1778608917092033,-6.845624649516324
train:3819,-20.99999414415121,-12.136745752890612
train:3820,-0.8835998930525178,0.003353390755770305
train:3821,-2.328320417544139,0.10340141681312094
train:3822,-0.5590493691370457,-0.12147196478345779
train:3823,0.16702952757804818,-0.05028536187684221
train:3824,-0.7223984719356178,0.014884949350191759
train:3825,3.7620991920486095,4.491919523120995
train:3826,0.37511731083694333,0.21231838010693727
train:3827,0.8236963937544173,-0.1215937971152031
train:3828,1.720776453620641,-0.008226957835673274
train:3829,7.391958324296782,-0.08220714472383034
train:3830,8.607521980466187,11.926839142374526
train:3831,-0.2025686137990395,0.030337112325203704
train:3832,2.817213630158441,0.2244359893088642
train:3833,20.36824267646277,6.420624341251206
train:3834,-11.842937775237898,-9.336602797948286
train:3835,-1.5979661488743626,0.015437902649775806
train:3836,0.2470535092424373,-0.10395036409849584
train:3837,-3.4881719695639672,-10.587844241345335
train:3838,-0.26747746330763655,0.10692171496083402
train:3839,2.4960474657627723,0.0010535558376603
train:3840,-11.86184127933505,-4.806213045569959
train:3841,14.964795513827815,6.707546044908643
train:3842,-2.839149027701747,0.21621416150658668
train:3843,0.7158701740978578,0.07930600600307314
train:3844,3.2560873490872266,3.585646755043186
train:3845,0.23984614150347827,0.15091830876674725
train:3846,-0.590809673585957,0.4707832466708167
train:3847,21.103149174851367,20.082135649297566
train:3848,2.1584569644022222,5.76118330664613
train:3849,4.1661046398563375,-0.05521800204361671
train:3850,-1.1705256560340453,0.15831726901690898
train:3851,2.1830164099429017,-0.09093256518542978
train:3852,-7.80883515794398,-4.705026015605519
train:3853,18.390964042889667,7.186691206541399
train:3854,2.7605091617812363,0.022925312602141396
train:3855,0.9193292488768899,-0.045178390200240115
train:3856,-0.00426976326620257,-0.19254772024069855
train:3857,0.5777751020618328,-0.3156585781652721
train:3858,-0.30250984994631036,0.07786056667609029
train:3859,-0.5870219990193195,-0.10455581657616217
train:3860,-0.05865790150843367,-0.050766128806563116
train:3861,0.9518515514373416,-0.07045018204959907
train:3862,0.4198024096728887,-0.20739400275561415
train:3863,-5.0862823884671196,-13.155847243672607
train:3864,-0.037693422653224534,-0.12155128419382125
train:3865,-1.559709798901658,-0.9013853812972452
train:3866,9.323779748988947,10.569565337261984
train:3867,-2.4587529686067953,-0.7928427599688852
train:3868,-1.0905921006251136,-2.6015274666233066
train:3869,0.0742445183568813,0.11675960441886182
train:3870,6.142374404666754,0.05012045749200399
train:3871,-4.607232911875883,-0.6284559925460267
train:3872,-0.914257415609682,-0.07455824273453773
train:3873,16.584058702760778,8.495631529223838
train:3874,-0.9402376459147707,0.06515462429369775
train:3875,-6.2355931215828,-0.045572990000717295
train:3876,0.13811985852932573,2.706529186828437
train:3877,-0.5373661294029829,0.015610236908263297
train:3878,9.893443772212136,4.060913254573492
train:3879,1.5959382425678474,0.6206291683729828
train:3880,-16.750873233623572,-1.9317189856334598
train:3881,7.04580150432477,3.641672508348822
train:3882,6.372947408588575,5.402128302946876
train:3883,-8.599604160963596,-3.835256439627236
train:3884,1.826291108536152,0.11690283587210806
train:3885,-1.4854375314757808,-4.338148349050385
train:3886,-1.2677052882871434,-9.573178931111293
train:3887,-7.895534642893637,-3.188103065909614
train:3888,0.013204936257249666,0.1265295873313267
train:3889,-0.02797178658771879,0.07744941822165241
train:3890,12.617752066319365,1.9199964870563742
train:3891,0.6829266572060728,-0.09698166885131282
train:3892,-2.5602837542008974,-0.04764242771066726
train:3893,-2.157365746041059,-10.998266837581903
train:3894,21.639995673548984,9.174586280064803
train:3895,-4.8534443114523,-3.3762136127324545
train:3896,9.886337988724165,3.7131926522292322
train:3897,-0.1869862405803444,0.10805073261122312
train:3898,0.33831521961524436,-0.034846751678780846
train:3899,20.14853802510561,6.377452897570368
train:3900,-10.034390350099882,-11.185316843943157
train:3901,2.1132505779625155,4.080839545871919
train:3902,0.6596668856866327,-0.10128360557704988
train:3903,-2.924524895431418,-0.3746338437177867
train:3904,8.737155572557104,2.539320445922846
train:3905,1.0066856608134929,6.482306310351968
train:3906,0.3076579295163205,-0.08210457160143589
train:3907,3.3588087857878905,0.08563615146466841
train:3908,-0.7448990348424006,-0.4910526257057792
train:3909,-0.6864085898053532,0.13068272883222729
train:3910,1.0280564766726594,-0.26704091540163793
train:3911,2.430481689267228,1.3127631744987383
train:3912,4.633661845966082,-0.18561197964062692
train:3913,-1.2449380957787932,0.08794811255162895
train:3914,0.2557862679539185,-0.08807792237720563
train:3915,-7.917169996230207,-3.954747707480332
train:3916,3.1054613831522717,-0.019514851766604127
train:3917,6.9312172587076555,0.11190913687865091
train:3918,8.254142682969599,15.143002703738063
train:3919,0.9385774885443314,1.0188920348034691
train:3920,-3.121157601527261,-2.3413392574745524
train:3921,1.122547729377263,-0.10527539770183347
train:3922,2.0158468559658167,1.366246284187634
train:3923,13.533622655577979,5.2163964824700795
train:3924,-10.18561280387932,-9.526830145869997
train:3925,5.060979135939067,0.08334216563976865
train:3926,1.4177148343503827,1.9474193185990065
train:3927,0.8063912725172275,-0.11426702323490448
train:3928,-3.784791938538651,-2.7579022602954066
train:3929,-19.599252859049013,-8.266173089012538
train:3930,3.8743741975070782,-0.2841415240362716
train:3931,0.17297604182188986,-0.22780377153915166
train:3932,-12.836849244913326,-1.4455902920292802
train:3933,0.48063638245901896,0.00588076966584021
train:3934,1.3984740333466292,2.140758812091004
train:3935,-0.5921802473704725,-0.06621829178157507
train:3936,7.0350066085640295,2.826989977546335
train:3937,-4.436678765920754,-1.7433448016337283
train:3938,-3.183154214202003,-0.0036555348398344817
train:3939,-1.7924023570580814,-0.24936652498915934
train:3940,-1.0231564300449962,0.02317782223585238
train:3941,-5.272373113367614,0.025053811887433955
train:3942,-24.185415901948446,-7.001866197991878
train:3943,-0.7829326898209454,0.10651284907935625
train:3944,0.94351792352437,-0.2604108969174096
train:3945,-3.098306491594181,-0.798129912248525
train:3946,-0.6620736989247558,0.15143902072326987
train:3947,-5.907504815708959,-1.143572506778607
train:3948,-4.478240439611577,-0.05251001454807894
train:3949,-0.44980120242487565,0.04779637023619293
train:3950,-0.14195373290434504,-3.8093044410357675
train:3951,0.5243434132491114,0.8867934031876947
train:3952,0.8602313904580686,-0.11554069894663987
train:3953,1.636099820277643,-0.02391593775529552
train:3954,-19.000159622610145,-10.504774563608445
train:3955,-1.7747427370045101,-8.77560742318257
train:3956,11.34848916190271,0.3691514003007772
train:3957,1.610810223404338,-0.15806731576624916
train:3958,1.5747694329194584,-0.23502397779437567
train:3959,-6.4416854833073875,-5.017542209864549
train:3960,2.025430644294854,0.1859540917745508
train:3961,-0.4103644295081803,-0.0871092554772635
train:3962,3.40476066580408,9.439039476789503
train:3963,11.642766416732153,4.861857264050762
train:3964,-0.7493629304299262,-0.006635433839244059
train:3965,0.20577380739703802,-0.1995993014184952
train:3966,3.765178333898964,-0.02437202436488535
train:3967,4.846860456095119,1.9951787339296434
train:3968,-1.0382806280721582,-0.5634530224491301
train:3969,-4.852583286130413,-0.19839096435774267
train:3970,0.08067059395035922,0.0014564299651178142
train:3971,0.7648793448898182,-0.03513678110552346
train:3972,0.19748934440187943,0.14285825832301674
train:3973,-0.2866908342390405,-0.12080202961966865
train:3974,-4.978005664740955,-3.3350942021427463
train:3975,7.2899691310529064,-0.06516317243076916
train:3976,0.6054525099789887,1.9147728188371869
train:3977,9.189851258451169,0.09284394622942185
train:3978,-14.596137839109351,-7.915975039041708
train:3979,-10.521120711865468,-11.06051944992269
train:3980,-1.3043053732980647,0.03603327314713141
train:3981,-2.736885068817896,0.21493221146787092
train:3982,-6.775523411295578,-6.7646612159783635
train:3983,2.4589992012646484,2.099109701913743
train:3984,2.3127736698176307,-0.8959535709562589
train:3985,-0.9226665924507348,-1.0725248555009372
train:3986,-0.3953855178811748,0.059330639386004504
train:3987,-31.558124678366752,-8.264600966886269
train:3988,-2.741730428377672,-11.325485084276933
train:3989,-9.103752153754652,-0.4504997211926057
train:3990,2.3651079232781305,0.057095429814827306
train:3991,-3.072374380144824,-0.2818044546467499
train:3992,0.20254798439708527,-0.06497971062910118
train:3993,18.168953405789225,10.466244672223091
train:3994,10.308104640836454,2.1702533639165464
train:3995,-1.0881903420868477,-0.315517914606606
train:3996,-0.6244249947920654,0.06018774553252178
train:3997,6.323829447340177,14.023113062616403
train:3998,8.406860308150327,4.338626488266649
train:3999,1.6294570936042518,0.5600521072457186
train:4000,6.585637865004425,0.7961788231920042
train:4001,-2.950451892799489,-1.1552872418530762
train:4002,-4.747358739098734,-3.4295599107045542
train:4003,-4.188737412120395,-6.524171611475265
train:4004,1.283772396318188,4.306814554243366
train:4005,1.3806609908544925,0.06878562722997567
train:4006,3.9955207392464573,0.1770734563516646
train:4007,1.5797398550124893,2.5255867750651686
train:4008,4.149192373045171,-0.054150043219910265
train:4009,0.2671634716064865,0.09466058898404084
train:4010,4.414624349758439,0.031029017253733797
train:4011,7.037545052547562,3.6799016109278044
train:4012,6.783005139139459,0.601567544244004
train:4013,-1.3974444164191326,0.1498457847971206
train:4014,-1.7563613341149615,-0.2644864309376668
train:4015,0.2051696484306276,0.39632172220969875
train:4016,-0.9650804580503151,-0.0949809936517858
train:4017,-2.8665168012428897,-9.338305026733279
train:4018,-1.5126655976145331,-0.4834537976607987
train:4019,-0.5434614169205847,-0.08766449134980767
train:4020,0.32079530696406344,1.2829852983045233
train:4021,-0.21635966381836613,-0.22763899830359452
train:4022,-0.3461931699958973,2.5981540492910242
train:4023,5.152071616712972,-0.04093423110255556
train:4024,0.5601505832025393,0.14004798302670454
train:4025,32.865634693807934,11.561338723279192
train:4026,4.134267159271664,6.490311293723036
train:4027,22.801818238987895,7.247799108542695
train:4028,3.5209400398657915,-0.08966859040877481
train:4029,8.488362026847986,5.208180931743442
train:4030,0.8993308664681608,-0.5275348823314381
train:4031,-1.5232245482614202,-0.1369098616774691
train:4032,-5.983164858829131,-0.36947180496852217
train:4033,0.003898703067071102,-0.023139434966431754
train:4034,0.5464959861702395,0.8356696179746814
train:4035,-3.1574792015663626,-1.566453100909776
train:4036,1.6050796628656885,0.3351698806789195
train:4037,-11.517630134833931,-1.3889682165378179
train:4038,14.94576741211389,12.340024793179294
train:4039,0.31246493346645543,-0.037836779595700865
train:4040,0.3416879562230352,-0.09184445308298941
train:4041,2.0606152910808917,0.7409271474414616
train:4042,2.1148345484115807,0.2056315826203265
train:4043,1.3006514216009992,-0.7662948671740208
train:4044,0.67600381835318,0.11276082191438794
train:4045,-2.124394101702204,-1.3233134292000028
train:4046,0.237257951456532,0.28588784652308646
train:4047,-4.799970547698093,-4.008561362266013
train:4048,0.06519329185625727,-0.010977172930972862
train:4049,0.9281738200019315,0.0837707187130273
train:4050,-0.5792804422442653,-1.9728991697282305
train:4051,0.17311923609788402,-0.07294945678009776
train:4052,-2.224773056715866,0.08028437383809568
train:4053,-0.7842730440342284,0.1258676411728979
train:4054,0.6094120874142913,2.2150986468811866
train:4055,-0.20021985573955098,-0.25288054606123217
train:4056,-0.6194917660174745,-1.3400626642595912
train:4057,5.145135992656865,8.429285122279113
train:4058,-7.025203087816528,-2.3521107192732607
train:4059,-5.6049999339241,0.02230045825431423
train:4060,1.8998915716477058,0.4362999889801672
train:4061,-2.719666422046079,-7.225848805490778
train:4062,-2.5650277619679245,0.003995079079178204
train:4063,-2.3136153417241485,-4.537854651832149
train:4064,3.460361422456576,1.6387164477914424
train:4065,0.3847925714835191,-0.16331623494880743
train:4066,-2.537725076734052,1.93277775434645
train:4067,-2.811603191148573,0.10477609637834072
train:4068,2.11131327098827,0.11805667650343823
train:4069,4.380911861007906,0.018677729645016697
train:4070,-1.1099568018709203,0.07897360631575868
train:4071,-2.5131300650826143,-0.06644997293702512
train:4072,0.13800537284600248,-0.0007398332049276951
train:4073,5.190105039233276,2.037949300734363
train:4074,12.200870756584175,2.055026655656966
train:4075,-1.1419723454676265,1.5989206441969719
train:4076,-8.587306190221396,-4.080569120795024
train:4077,4.141929447786792,1.5099175607111115
train:4078,0.5115868023988983,-0.18402017032257773
train:4079,6.88434856339192,2.6788039143685913
train:4080,-5.381999489636671,-1.5161657360258292
train:4081,1.3291610300182506,-0.030793044762454563
train:4082,8.498404222826798,0.4809743642944199
train:4083,0.8894737072485892,-0.37397674802689806
train:4084,0.9931949468405694,0.0021814322015693416
train:4085,0.6581033715627095,0.014704483425533918
train:4086,14.70558969862141,6.032859705503063
train:4087,-4.553621997759929,-0.21393842475383873
train:4088,0.913352747520056,-0.01712642448548027
train:4089,-7.418246269930536,-3.5953060929859615
train:4090,3.224683170662379,-0.01943724428596076
train:4091,1.4944332598384134,0.017501919248945563
train:4092,10.645483372740136,7.95617622483934
train:4093,10.302579573382186,2.5473648036774756
train:4094,6.889443118185244,3.473224330325897
train:4095,11.019878754821269,1.9258535692719887
train:4096,23.92319493028918,15.401392245394259
train:4097,0.635197982630531,-0.29292443680430347
train:4098,-0.03963677354171663,-0.04045489078093473
train:4099,-3.579092431240087,-11.307992586397212
train:4100,2.8615764256442793,0.08317125798938123
train:4101,0.2237442241178239,-0.05274155304271902
train:4102,0.5981751723097143,0.11997945890070184
train:4103,-0.5352872553604249,-0.023184230460773697
train:4104,1.7811653851058122,0.3056741875668969
train:4105,2.3618158496797066,0.012148001710222747
train:4106,0.2292181507592368,0.11780545081701731
train:4107,-0.7883224665793878,0.010849075035116257
train:4108,-0.5996663325394916,-0.23178129758293464
train:4109,-2.0441767147819268,-2.1534879253434935
train:4110,1.1285779285875948,-0.103471023776875
train:4111,-0.15367032558767846,0.11311718861778344
train:4112,14.021266113311267,5.038028242362563
train:4113,-0.8354710416163851,0.20763796425225373
train:4114,11.328354558965195,10.46021069060307
train:4115,2.101770395309517,2.857937672382601
train:4116,-3.917217819011453,-3.2002797366868836
train:4117,2.585196130731705,-0.1850105216656408
train:4118,7.627838814759998,5.661436580219512
train:4119,1.9170595425231478,2.5345344610687577
train:4120,2.166871720241041,0.04477980740861175
train:4121,7.503739123536479,7.684837646780501
train:4122,-4.79134774173425,-0.22085576210941954
train:4123,-5.786676741758723,-12.500699728805477
train:4124,-1.3814103768396313,0.05739244962126022
train:4125,-4.152677095143335,-5.2278544879054145
train:4126,-28.329882253049497,-10.356400473483111
train:4127,0.06132216478136984,0.06832197959745549
train:4128,2.6704627430884575,8.206661786977952
train:4129,-4.949958648221801,-0.06253079516453469
train:4130,-7.007409804274813,-2.5963197764148402
train:4131,-0.28857793023339207,-1.9979218758033186
train:4132,-2.0758519395149064,-0.2216797709480154
train:4133,-14.792771475038156,-3.5008132788702526
train:4134,-1.6720261819268911,0.23356228664658105
train:4135,-9.345374827668529,-2.3042580037728797
train:4136,2.0008600407586425,0.3597982722751505
train:4137,-13.527131199837562,-0.8438949294552751
train:4138,-6.012687520257393,-1.683853246609801
train:4139,-3.060842126846009,0.014421587039291611
train:4140,-0.21145107561724186,-0.2562870008825603
train:4141,-5.00851441402436,-12.104502127256248
train:4142,0.007836894344270734,-0.021508964568870845
train:4143,0.29810273355083394,0.19690416490738696
train:4144,2.8903017553084833,3.2206445074963934
train:4145,2.9226143805362295,8.677984571076449
train:4146,6.608104953924612,5.8911929560209835
train:4147,-2.55226998882651,0.11512185831999061
train:4148,4.326851837571788,-0.10414152958390416
train:4149,0.28306105819896094,0.2288056899193542
train:4150,0.25368554283677697,0.06664571507988261
train:4151,-1.7741878591850324,-0.24915738424169026
train:4152,-2.1674214245978045,-3.2380717265440073
train:4153,-0.9439823157069619,-4.826422946558678
train:4154,3.971512917109892,8.076661838538179
train:4155,-5.6971059326254965,-14.746834835456191
train:4156,0.09506068885481075,-0.08161767025688471
train:4157,-0.9380674157837944,0.01120743898985184
train:4158,6.981442651012605,6.688375855903249
train:4159,6.55726447711596,0.07145338437709167
train:4160,13.931005368120976,7.148831310138712
train:4161,-0.35786210873997937,-0.0714095759968908
train:4162,2.447254481134245,-0.1628881098579788
train:4163,-11.978401419994292,-6.856932515960656
train:4164,-3.5194524802050022,0.11543314420742415
train:4165,-0.6729555340673504,0.048458459055431724
train:4166,7.11638837880972,0.5581116349080142
train:4167,-2.492054936105046,0.15705785938617423
train:4168,9.566919910295178,0.9449392387908331
train:4169,-1.6405497089893255,-0.06789056179646777
train:4170,-3.0486162181582874,-3.2752448538073238
train:4171,4.853497138854264,6.305334434252792
train:4172,0.7802011324211928,0.18582227318610506
train:4173,2.7676702703303855,-0.8165111869745845
train:4174,-0.2047983532395199,-0.046901162141875036
train:4175,-5.895678735194468,-2.7507746409058766
train:4176,-0.05534850977111097,-0.03127124379759537
train:4177,-3.0998342071491054,-2.884483770405811
train:4178,5.279829735721549,6.301074582466007
train:4179,-0.8822892934939869,0.04846758934727212
train:4180,6.598430041965396,0.19764400386807912
train:4181,6.766271400256804,2.1201720012422487
train:4182,-6.63089533287556,-10.534395512911653
train:4183,4.111926527634173,1.5165294612724691
train:4184,0.8538187974425252,0.17957872283618354
train:4185,1.097961318680715,0.7040551771480681
train:4186,4.2283053508660196,8.221804375995251
train:4187,0.6809777273198147,0.0032683649130066106
train:4188,-0.16811992980163404,1.1173501061333007
train:4189,-1.4315481323880066,-0.21920717378898785
train:4190,0.623652827899382,0.04106777313225033
train:4191,19.05242117602287,8.648016100040065
train:4192,6.719130263883495,2.7337665593180613
train:4193,-6.2527657416230475,-5.216902702842858
train:4194,1.4654829105976468,-0.06194873905970938
train:4195,1.7158729795008023,-0.010482995885111382
train:4196,2.85408057722917,0.022047092655743214
train:4197,21.343023762798563,4.495967951587351
train:4198,-0.9624020742061515,0.12676726024079701
train:4199,-1.4052982505242277,0.10263704019310771
train:4200,-7.298109061870322,-3.783564151086348
train:4201,-16.71959179314958,-4.3187116696519
train:4202,-0.9036794033870942,0.24793564857632608
train:4203,-0.5903714898030853,0.5472103517722002
train:4204,2.2038395541880385,0.2157662065631672
train:4205,-0.3469065843352253,-0.5649628018014257
train:4206,-4.085405075164354,-2.062705433574426
train:4207,8.494668153989496,3.0624510738183344
train:4208,-7.495267123589131,-5.274771063170535
train:4209,-0.3456681630602921,-0.003525285520298821
train:4210,3.4394308825044435,0.15548288404370575
train:4211,-0.41372008043531283,0.03256162233563044
train:4212,-44.19534683605316,-17.0535574174733
train:4213,8.249884048008216,5.173097785346716
train:4214,-4.171767030749166,0.08443380615793612
train:4215,3.4852544455720147,0.05603374806676114
train:4216,36.60290859462742,15.33034145557877
train:4217,0.043922897956878815,0.0014525781232476442
train:4218,24.432908903184792,8.01622387170067
train:4219,0.14063273210643096,-2.3471809323226864
train:4220,6.413274264107189,0.4401308597112638
train:4221,0.10826989589879102,0.04158962637525303
train:4222,-0.8895436177974766,0.05035884370552436
train:4223,0.10408994805173113,-0.03558330944084287
train:4224,-0.3247939942314202,-0.3189537575547954
train:4225,0.8732629994064978,0.5014477597992202
train:4226,-19.488809159607236,-9.5452619225228
train:4227,4.958523631465249,9.279929875389584
train:4228,3.949734834413807,-0.07036943603113557
train:4229,-0.17923073631087533,-0.24543108388432822
train:4230,-1.0572922252510248,2.4349566450411873
train:4231,11.852713400996569,1.383770167445556
train:4232,-7.384052592622684,-4.844914070108442
train:4233,0.24275442654724916,-0.10879027473876632
train:4234,-1.6249596646487023,0.0841202376975425
train:4235,-5.926373451070073,-13.97364520124401
train:4236,1.2558885654836898,2.294717074302409
train:4237,0.5239049970079994,-0.30158152273790995
train:4238,-6.178571115249413,-0.6370464558813602
train:4239,-4.62791611626039,0.04907789229247866
train:4240,2.5672791794061762,1.1486715722917826
train:4241,-7.001959123457425,-1.8237918030394664
train:4242,-2.0961938952027253,-1.4233112386522313
train:4243,14.87687980736517,6.036938663382761
train:4244,2.173093465041339,4.563581757168171
train:4245,0.15660284566986343,0.0769846293026522
train:4246,-9.834675247738321,0.043857077289491626
train:4247,-9.661984810555293,-6.13311835873486
train:4248,0.7233220879055602,5.971233088796584
train:4249,-1.86422404971524,0.027772070961292167
train:4250,3.744519305171444,0.06229142183687325
train:4251,3.7935982134354793,4.330167272876521
train:4252,3.0088945108204737,1.366704796030994
train:4253,0.4202507053892113,0.23583715592293997
train:4254,-5.053481136018368,-5.379006469323187
train:4255,-38.45313363073671,-13.617593492917006
train:4256,5.4288178008957,0.8132419120336063
train:4257,2.816165940869633,5.844565696878555
train:4258,11.923230073092963,17.673951557917565
train:4259,-5.87312703147483,0.13081140888285286
train:4260,6.187925061760271,9.627060717945279
train:4261,4.591556684909555,9.936855514592631
train:4262,-0.3252958715721205,-0.9188691768675554
train:4263,-0.36934205893473804,-0.10761332305621513
train:4264,20.46513684999684,10.279696831913059
train:4265,-3.1788718685001127,-0.1066945874397752
train:4266,0.0126384355257598,-0.22307813220769618
train:4267,-0.33883040392333097,-0.06519227523601043
train:4268,2.44614472549529,6.766794791233939
train:4269,0.25070194132316503,0.0336277265688068
train:4270,8.301267547266091,7.894197521253765
train:4271,7.93442473341069,12.637390409415666
train:4272,2.195398995484552,1.5514743693442987
train:4273,-21.96512542401773,-9.47262930964596
train:4274,-2.6190715133272247,-1.5097231738459491
train:4275,11.400141382886318,12.820068147271849
train:4276,2.1237137558144195,2.231866570506886
train:4277,-10.003497579803586,-2.5032863823854945
train:4278,-4.628317339183061,-1.70958297965928
train:4279,-3.556956827770497,-9.805317742439868
train:4280,-0.46017720843668575,-0.03519726928896608
train:4281,1.810807530069563,0.06942189444260333
train:4282,2.8142465331798867,-0.07976307972680405
train:4283,-0.09636820707479035,0.041694196748987576
train:4284,0.5665029695338579,0.08183552482529315
train:4285,2.0145994850486337,0.17214851986863045
train:4286,0.08781217600732744,0.10590340209900974
train:4287,3.4037924772334374,6.609015929869758
train:4288,-1.1284762849551773,0.12163104309814367
train:4289,-0.8737943395622817,-0.08688727525689385
train:4290,-6.626018358995109,0.01074978311135194
train:4291,0.6311733168879582,-0.5347639335568826
train:4292,-0.4381954923221416,-0.15046691845235866
train:4293,-3.4923627267191986,-0.04315089476843195
train:4294,-7.730130376793011,-12.14410819197341
train:4295,-35.45492444130741,-11.856537096308825
train:4296,1.9344736866750147,0.11282601790456077
train:4297,0.7955164111218403,0.7810564920097267
train:4298,-0.8220958593888662,0.07004389557423038
train:4299,8.546425446097693,8.000080374440369
train:4300,-0.4312726534692488,0.32885457194156487
train:4301,-3.371948893353088,-8.016848215224135
train:4302,14.369702418787172,0.9390248069295959
train:4303,9.946273161724369,3.2802116727496236
train:4304,5.526512560609193,2.3583067037545744
train:4305,1.4705460835285376,3.638775352619216
train:4306,0.15773677696580415,0.0636997693532545
train:4307,-1.835831832709315,0.05088911393631742
train:4308,0.5085899507655921,0.48357692545136305
train:4309,-0.48593358145641363,-0.12959079148091085
train:4310,0.5498429199133626,-0.1821088007901146
train:4311,1.6375326928705456,0.0051763105860295755
train:4312,-0.25511138230104397,-0.030629270152567445
train:4313,-0.9192197016643041,-2.1521573279685655
train:4314,-0.9415333681459256,0.2379462533380717
train:4315,-5.1934572601344975,-4.574140143535607
train:4316,36.012844036239876,14.235958425999739
train:4317,-6.089297852663707,-4.658585071480959
train:4318,-4.768351577859254,0.07528610969871834
train:4319,-0.9289643510955946,0.15060759352255373
train:4320,-0.7103552754247329,0.045636485572699004
train:4321,1.36151363806332,-0.050251979247300765
train:4322,1.058234205421947,-0.24275590837509187
train:4323,5.697551149537003,12.347406634132255
train:4324,12.250739557948581,1.4706845540121154
train:4325,-0.018936832163912287,0.1594947913427002
train:4326,0.45368238458552185,0.30267517201894645
train:4327,-0.7433066958966864,-0.5184165739990816
train:4328,36.58578107148578,16.03450265961811
train:4329,-0.04099897882958309,-0.15600729366975957
train:4330,1.0820976709913168,0.011412870556260779
train:4331,1.075841522371462,-0.16381226658519898
train:4332,-8.054443095928708,-12.856908934666727
train:4333,-3.9460454303013672,-4.75634396218095
train:4334,0.03189295156568808,0.17990498810866773
train:4335,15.582124634297836,5.6808047824291945
train:4336,-3.998706520047659,-0.09789013288943232
train:4337,1.4457134995555645,0.5313062393510886
train:4338,-0.6140401553671256,0.07360399608793519
train:4339,-0.162252916275958,-0.29693463217357785
train:4340,8.680613360031593,3.8007253307463587
train:4341,5.025796581277191,5.018796994530486
train:4342,1.5102934206542074,-0.08480442743080327
train:4343,2.902061352766263,0.24109991320406884
train:4344,-0.4637426529256441,-0.09897663761843956
train:4345,-0.7850113314052631,-0.0916899514257527
train:4346,-2.91527491713538,0.020421900708152543
train:4347,0.3580174502258946,-0.004134304518215295
train:4348,-4.9686222554150135,-5.684727443880002
train:4349,3.4823040855867586,0.11785923394238965
train:4350,19.161423634375097,5.795324321053574
train:4351,3.6420907658534953,0.04061425441724061
train:4352,2.431837153266127,8.031642652046141
train:4353,1.031940853867241,-0.011517286757656356
train:4354,-2.6780154843910005,-5.697508140526837
train:4355,2.4537484345338756,-0.23350920531372976
train:4356,-1.7391984773208051,0.21244820144404292
train:4357,-0.10906577353197983,0.0494376828553143
train:4358,8.324075419966485,10.422420412675665
train:4359,10.168373062789067,9.331997076539169
train:4360,-2.2547111210194557,0.12569330966307032
train:4361,-1.1399367086577552,0.17459943258453703
train:4362,-2.474973439694977,-5.855588301521752
train:4363,5.183620849079736,1.390258951727878
train:4364,13.1600008945204,19.705714259874636
train:4365,-9.323231785535251,-7.212510019755198
train:4366,-1.876966480612798,-1.570432766865709
train:4367,0.45517476648792843,-0.1164454538036992
train:4368,0.930006055851584,0.36424957486896403
train:4369,1.456727835895102,0.1681092216941148
train:4370,-0.5676647364372006,0.17503882787935615
train:4371,-3.604817654855621,-11.212543374211222
train:4372,-0.7455080754318563,0.09048290982381918
train:4373,2.560005561068746,-0.14672720797885602
train:4374,2.3771864534415337,0.08392336577973393
train:4375,38.44619085985659,13.607360658518004
train:4376,-3.727037688748476,-5.1427476138016335
train:4377,0.7288908575089952,-0.21978537805194298
train:4378,6.887523478037258,2.067056385799929
train:4379,-0.38968354970607644,0.6838254819719609
train:4380,3.1314655566561065,-0.07445524162971323
train:4381,0.7154194375700126,0.13117890312942887
train:4382,-0.7151838979912111,-3.907726989823907
train:4383,-4.281378064774366,-0.13999647096276333
train:4384,-1.2917737820244137,-4.02046783346913
train:4385,-0.0667618606800379,0.17076385404671024
train:4386,-0.5960609052332102,-0.04420116365169763
train:4387,-10.475257630897055,-11.174424405777565
train:4388,0.8310060431190863,4.272328015354086
train:4389,0.43467078740665505,0.0006172990806613265
train:4390,0.7978161204926361,3.3138060109331247
train:4391,-16.493554979328,-9.379750845256282
train:4392,-0.3454241981371494,-0.35913446001466265
train:4393,-0.3945072906495094,0.054176018998860355
train:4394,3.986516701768604,1.3578464156944687
train:4395,6.628121932992561,2.255023415847903
train:4396,2.3261088692278267,1.9984289751640147
train:4397,0.47971584782762794,0.01771177330046468
train:4398,-4.856430005090074,-7.192921549254867
train:4399,-2.1263948697760378,0.019461508135190778
train:4400,12.852756189216837,1.8449763028632717
train:4401,-11.612727871087348,-8.002114206766695
train:4402,-0.08369830314819068,-0.11491113679208248
train:4403,10.977740584694626,2.1808934351092395
train:4404,-9.237250131631487,-3.0823740010761966
train:4405,-4.470320587366252,-6.316587578764959
train:4406,-3.842666136780795,-0.30562538605834577
train:4407,-0.33449319807674177,-0.2173551511534873
train:4408,-0.693561794774334,-1.788779701726124
train:4409,31.515387057819932,13.189112260887736
train:4410,7.048667249510576,13.574539541924738
train:4411,0.4543604652723318,0.08554299395573436
train:4412,1.6040075654616546,4.107569045877922
train:4413,-4.8111364468102735,-1.7614284859101146
train:4414,-3.9137816213040737,-8.405765550317128
train:4415,-14.908823926900691,-3.6048695030455375
train:4416,-37.838651658793275,-12.4358837870305
train:4417,4.784654166087671,1.3482938478564532
train:4418,-27.736702754242593,-13.054328669985713
train:4419,0.1380452394342054,0.11741855470028048
train:4420,21.6490578255869,12.022400200635563
train:4421,-0.25426105005820854,-0.6692234589174495
train:4422,-2.458603265500074,0.06341844223592226
train:4423,-2.203226967343551,0.15821883305800472
train:4424,0.44638586911142686,0.4900880361504512
train:4425,1.817188973680913,0.13192844302520146
train:4426,-2.352645312720406,-5.357109176273715
train:4427,3.585746607748679,-0.12633955162086946
train:4428,-1.8452889312974157,0.14765965054458552
train:4429,-9.247943210683,-0.11988557657618881
train:4430,-8.543051720275514,-8.296665410543262
train:4431,-3.591408533725026,-10.284530239974947
train:4432,0.1347626966236316,0.14361550190252967
train:4433,0.9006874927582613,0.07437136858495856
train:4434,-1.2877929346601285,-7.160405156151772
train:4435,-2.525045874477842,0.18596493399611125
train:4436,-2.9181634432287296,0.12265491973155819
train:4437,-0.24288012707379653,-0.3851726257353749
train:4438,2.065510164245841,3.640500407133811
train:4439,0.9567266656518698,0.06960421495779126
train:4440,-23.051650116274782,-7.781876160208837
train:4441,3.8675389954107597,10.212859671781914
train:4442,-5.296833764156187,0.029491133721866916
train:4443,4.841459521341145,0.15336608294483367
train:4444,-0.9817800255716528,4.671769723722856
train:4445,-1.4123538230323032,0.08434478581249226
train:4446,-2.6271536214242452,-0.35229059297623505
train:4447,1.4197128129253334,0.21038161695029303
train:4448,1.764658525465642,-0.046512696756228156
train:4449,0.9905600326873328,-0.05992324087924131
train:4450,-1.5797249183036852,-4.222021308418855
train:4451,-19.639767540825748,-14.764799825938653
train:4452,0.07900456574248568,0.02018964890946244
train:4453,-0.07572382321640583,1.4783029265880667
train:4454,2.5575877629119033,0.06525862402419229
train:4455,7.84720128758751,12.547914690666254
train:4456,9.109572270097225,2.289892000386379
train:4457,-2.834992209449592,0.039592089713546164
train:4458,2.278863591562885,2.3646825006753716
train:4459,-0.8669203169398415,0.0985643593890506
train:4460,2.540222899906969,-0.11919124641388862
train:4461,-2.248781111310672,0.03631816678471379
train:4462,-0.8382212550567858,2.6876206377485947
train:4463,2.9674774261550865,-0.036169360048348365
train:4464,-0.15977560880961106,0.10085777457071034
train:4465,-3.777203106827441,0.09314496053853494
train:4466,4.420926757568104,12.944358810095174
train:4467,-1.371964901163543,-3.660257277208826
train:4468,-3.1137031306789162,-2.7217226229129734
train:4469,-2.737835358104039,0.06863668934432918
train:4470,-0.5805338570756947,1.934987855615066
train:4471,-3.383754052625957,-12.076994840514093
train:4472,2.277601343318326,-0.069942309565977
train:4473,3.295866532991811,-0.16729176374125027
train:4474,-12.62147017649074,-9.666853442820807
train:4475,8.612295742887966,14.182721976851344
train:4476,2.410486096357382,-0.07611724006628551
train:4477,2.7295108554438654,2.953466774622195
train:4478,1.448344926835197,4.8662877381663145
train:4479,2.8907634173736203,0.013060602911832433
train:4480,1.4345269116600017,-0.38179028059093784
train:4481,-1.0870336298833627,-0.12971290913427616
train:4482,1.7989930724670846,0.5568890317662611
train:4483,0.6140957722679734,-0.054081851352727306
train:4484,13.562925411510964,4.104605695532473
train:4485,4.075676524733068,1.1293314742616716
train:4486,-2.6217364145934536,-1.4013129417492747
train:4487,-0.13132434741066207,-0.15845578115189607
train:4488,1.5705289297008131,7.993749658335534
train:4489,-7.6765552612460555,0.04498638026150074
train:4490,2.950441026643626,4.411487929082737
train:4491,-3.3126441471004444,-8.528751152050516
train:4492,-1.6144195431192756,0.25693811633095753
train:4493,8.868862692151051,1.3801256117323275
train:4494,10.493093048761683,7.989349428311702
train:4495,-0.1877770635136758,-1.0648429988645332
train:4496,3.8258146009517615,0.41013242990477927
train:4497,-5.898657455085035,-0.06027561307995663
train:4498,0.5742661449252553,-0.11598080754550899
train:4499,2.8008811141984586,0.05610279589880414
train:4500,-3.713056720346865,0.13506298634265776
train:4501,2.485385071198974,-0.3450137503794386
train:4502,-4.287367118876174,-8.25312590197261
train:4503,21.089082661817343,6.892315190239517
train:4504,-6.2367795884410375,-1.9959728438170137
train:4505,16.91899383364295,12.934701243900994
train:4506,-0.43618077675389266,0.004914670660478196
train:4507,-1.84519083392003,-0.39846190816988286
train:4508,-6.526166386812094,-0.5762797985375978
train:4509,-1.3666557874144676,0.11146232322171148
train:4510,0.27605895108614287,0.13639929014998586
train:4511,3.2932557944955603,5.0438790475025375
train:4512,-1.946390831438256,0.0865902669619899
train:4513,1.3482683999921008,1.8353629615201936
train:4514,1.4985626480182188,0.02111266435020258
train:4515,-1.7756693155501475,0.850511763326107
train:4516,8.88450341238805,13.98185783893557
train:4517,0.8197362351735139,-0.02258320046821756
train:4518,3.775657086452965,3.4969414046678082
train:4519,2.8477732877964597,11.19496293745366
train:4520,-1.3977619543753144,-0.1732595507454298
train:4521,-3.425060487168985,0.1041455355981133
train:4522,-5.6249183506981835,-0.07281549827950193
train:4523,0.6873735833420601,-0.05548677500966839
train:4524,3.5708218588916516,0.46052707571785073
train:4525,-0.47931468175264813,0.06948723309358618
train:4526,5.654919703024548,13.059904935908358
train:4527,-30.079309038861147,-8.420047609328469
train:4528,-0.08634216694367691,-0.040347039208570024
train:4529,19.86536483549644,8.488655986257776
train:4530,7.999905895106783,3.547128336341511
train:4531,4.044136590695914,3.1500947424456456
train:4532,5.0386510570465495,10.94108946639902
train:4533,-7.75138263894965,-3.222025809277749
train:4534,-7.777693192414135,-3.2204656706595216
train:4535,8.235750587001,0.6447098851196
train:4536,-0.21160659017996925,0.16525629081561072
train:4537,13.158598706415209,3.271250005986654
train:4538,-0.8163153203285632,0.3411435167763093
train:4539,2.68409176971433,-0.24395782569939417
train:4540,-3.115255021890827,0.0544599140107727
train:4541,1.92752086070913,0.24962660715732962
train:4542,-6.397703454419078,-6.079697021176697
train:4543,1.4648399311051148,0.09431206862519569
train:4544,2.4553551858904856,4.148516407530762
train:4545,-0.94229908558931,0.09755432085420668
train:4546,2.010958259173354,0.14193381627417656
train:4547,0.17572067626452456,0.13630413538971173
train:4548,-34.07217728366651,-15.450347788774865
train:4549,1.742460623187665,0.32479929575632854
train:4550,0.7033457890296548,0.09602670890066026
train:4551,-1.0919615121184276,0.1317475491181136
train:4552,-1.0598746038419646,0.029611539445512147
train:4553,0.33203791729552656,0.29938227520238325
train:4554,12.426675112165503,6.423729211120181
train:4555,-0.2636801417240286,-0.0842139543381876
train:4556,-2.686093873156177,0.05974178784044238
train:4557,-32.87290848522217,-9.92611150348832
train:4558,1.5133358341026026,0.06200695618172088
train:4559,-14.211891806639375,-4.780556925498443
train:4560,-24.383130003777936,-7.364381011655402
train:4561,2.232979589352849,3.148085222275898
train:4562,-4.881064069725873,0.06954715063378877
train:4563,2.505595920439292,0.06455202503223156
train:4564,-4.20287970654074,-1.503562224105021
train:4565,-0.40836401012170676,-0.06758127316037432
train:4566,-8.071868165617866,-5.018774799263002
train:4567,0.5601538376179027,-0.09233349433969068
train:4568,-6.024428056139472,-12.377848228233496
train:4569,0.7805614426935806,-0.053206199300909224
train:4570,-3.53224186766709,-0.31921068967361654
train:4571,0.595632544077857,1.8370181122378857
train:4572,-2.8813564703839853,-4.917849123902494
train:4573,-5.286093263623664,0.016661647078009018
train:4574,5.514566531642733,2.6289799117955446
train:4575,-4.540830750631918,-6.009736730592895
train:4576,0.9506715934098313,-0.005040200661754701
train:4577,-0.732047116113685,0.04582351389461714
train:4578,2.5602989233679416,-0.7950380245132607
train:4579,7.861624856478558,4.011313800115396
train:4580,-23.78438452486648,-7.410615668248693
train:4581,2.1901951853183097,0.28927304488372363
train:4582,0.03271585373617397,-0.0904018669722067
train:4583,11.526429435983552,3.8401353795105724
train:4584,-30.536069024627746,-11.460047325420705
train:4585,0.9556371338798169,2.5610739368758315
train:4586,-13.32956029228407,-4.3472906243988225
train:4587,3.8477475008358533,-0.22504713670740178
train:4588,9.745183766246447,2.399788187480078
train:4589,-0.2250022287326302,0.10557328498465539
train:4590,-0.8821058839424295,0.2351298436269292
train:4591,0.28497395705798023,1.2692797316264173
train:4592,-20.61959204114201,-7.76331313561083
train:4593,-1.0554293049136594,0.016544950535423944
train:4594,0.7614670903811848,0.03694516104469106
train:4595,0.17698059992668091,0.17580306183855937
train:4596,15.659417929014005,4.027945767989159
train:4597,-2.9652938865229874,-0.0276938813258798
train:4598,0.009522565273445444,-1.412815968181695
train:4599,-0.28011284718555907,-0.26357368707524714
train:4600,6.892704972212435,0.5822920715608257
train:4601,-3.030843390941714,-3.4059529705079674
train:4602,0.03372100316701605,-3.9640825749222777
train:4603,1.5518667172570426,0.16173542202465763
train:4604,0.1539223697015378,0.02529405269148441
train:4605,14.887602641071433,16.33863610468118
train:4606,-0.29470669173758995,0.11178188343612537
train:4607,-5.909484894999411,-14.700941423520437
train:4608,-0.005871981687127437,-0.04321794534913487
train:4609,4.279053309295051,2.7292522006462248
train:4610,-9.967955644702283,-4.1233436821024245
train:4611,-2.4531251546103365,0.277299808421523
train:4612,-1.178040333566615,-3.6242354226822595
train:4613,-0.8686367885858494,0.139092868903713
train:4614,-15.062036223216671,-9.407595952796532
train:4615,-13.368258080455009,-1.9631283308509055
train:4616,0.5758340757557432,-0.2283580087860258
train:4617,1.147035577779945,-0.07323891556360035
train:4618,9.031378897074806,0.8699649913785528
train:4619,1.8988680580158839,0.28095192515768186
train:4620,-2.3620001296827966,-7.2520185044783165
train:4621,0.6068870097795729,0.6602903714932125
train:4622,6.288070861158962,11.003282731842845
train:4623,-1.1225981134339693,0.07022421883807822
train:4624,-7.961017199339171,-6.35249815785972
train:4625,0.22319934200267733,-0.02545339330473237
train:4626,6.30486364443464,0.5660190382850381
train:4627,-0.36469033708909027,-0.030784770435474215
train:4628,6.724138344211447,13.854674014885319
train:4629,-10.135297682693633,-7.564827438719479
train:4630,0.39394712567193435,0.12334311547902813
train:4631,-3.6257607475527274,-1.3043366882529777
train:4632,-8.779454311946331,-6.249227138782709
train:4633,-1.4185864933698928,0.0985184226082286
train:4634,-12.045211777908134,-6.669344963667299
train:4635,8.970189379410213,0.30327919788851276
train:4636,-0.3096401577786264,-0.0969373013394009
train:4637,1.3477693121502834,-0.007969597734422088
train:4638,-2.6488424401560744,-0.07941926717468911
train:4639,10.839279158471966,9.847060235628806
train:4640,-0.0589782289634985,-0.06994630406865718
train:4641,1.620916810315698,0.28777446440501353
train:4642,-4.121889860888111,-3.268231363065799
train:4643,5.456379909525692,12.048164742922681
train:4644,4.068827840058815,6.1235737200833285
train:4645,33.366796063128255,10.133322275700774
train:4646,-0.9510232433459019,0.1930437633886191
train:4647,-1.6683447407760479,2.0751115857761193
train:4648,-7.94206720359397,0.004682989505028129
train:4649,-0.33917641801394344,0.12353499426848646
train:4650,-0.8159068912004435,-1.0881747463586178
train:4651,-1.3277227515043943,-2.622229832728167
train:4652,-6.17692298632604,-0.21567032698731403
train:4653,8.764907367111139,7.592318687632037
train:4654,-1.4125586187419636,-3.029863695450733
train:4655,0.9766343893469013,0.03914812927280686
train:4656,-1.1073858137337527,0.16625948163157436
train:4657,2.509972179270243,5.890520167640994
train:4658,-38.199348741692944,-16.426151153076738
train:4659,6.802984924888968,11.04455849868032
train:4660,-2.645008738857867,0.12286520176550733
train:4661,7.826143360519721,6.09718660602134
train:4662,0.0409492921475976,-3.1158319555253313
train:4663,-12.112120698115845,-5.337343806368976
train:4664,-36.338113261652765,-15.598748128489238
train:4665,4.968286412639279,0.25435053455906503
train:4666,8.332944166748513,4.769551154830828
train:4667,0.1890337921418967,4.594032136420755
train:4668,-6.378324805678857,-10.024380834566514
train:4669,0.17769122476712595,-0.1512723813856537
train:4670,-9.083386952242808,-9.690100307132937
train:4671,1.3761659458627737,0.15174973596746338
train:4672,0.622379189201051,-0.3199382598046482
train:4673,0.4308354589007662,-0.17459457060546785
train:4674,7.981874574327052,0.9176385249015659
train:4675,-0.3880860966790768,-0.02768218313945929
train:4676,3.7280133753642346,9.249141960660525
train:4677,0.11943393534504956,0.12863126638433808
train:4678,0.1354186937776178,0.033174921157847106
train:4679,3.120867553024857,0.3784848411346231
train:4680,-1.4321206770337431,0.015033316592598212
train:4681,0.9553214555895571,3.8132766288107045
train:4682,-12.015126102621986,-6.429500186025429
train:4683,-1.8076165164242197,-9.287694677775479
train:4684,-1.0050667622469618,0.03787473888269148
train:4685,1.5065015618392454,-0.10322564718366434
train:4686,-1.959155578326878,-4.334967012987247
train:4687,3.7181027507494053,0.08658641512011973
train:4688,1.5752052921199278,0.059894006924719
train:4689,-6.9772636898461995,-9.038401189365278
train:4690,-3.5728671995661854,0.039241714764170925
train:4691,-5.835752395607395,0.05697160023174192
train:4692,15.59156615818384,10.990222990651636
train:4693,6.211200640440048,0.1584051480758728
train:4694,-0.5575895313882742,0.04571009855066221
train:4695,4.024637528587243,0.5103347436281516
train:4696,1.1086106955830592,-0.2136408343041658
train:4697,1.6025858508642838,0.11007280693225105
train:4698,1.4868123488900489,-0.18193903442620724
train:4699,-15.059066336739233,-4.786085887851044
train:4700,30.49583451441194,11.498753996572711
train:4701,1.9526851625909405,0.32550375483613914
train:4702,-0.44872120144067296,-0.1145181062605154
train:4703,-3.135386370412979,-2.3337425693417218
train:4704,-1.911352400885336,0.1251637527363273
train:4705,-5.843911679840179,-0.11404390172805479
train:4706,12.34297712801396,3.655680373283331
train:4707,-4.418434048476473,-10.987365269124469
train:4708,22.02062651546659,5.698617981809809
train:4709,33.69389642148103,14.59055271149172
train:4710,-1.652853491187531,-1.5708319318121065
train:4711,3.432898805953412,7.054156460829435
train:4712,-2.1799139628870936,-4.6265491599859665
train:4713,-0.4659084663500558,-2.618325206358297
train:4714,-1.2502560429409981,-0.242229489986169
train:4715,0.4730871848777719,0.6248360929992558
train:4716,-3.113906299180895,-0.05087455102216781
train:4717,0.03035570522291317,-0.1286124236458883
train:4718,-1.2262505453868355,0.20351164298363428
train:4719,0.5774775555143125,0.19124695048659096
train:4720,-0.5761541113711397,-0.05542229232354559
train:4721,-0.4589198418151722,-1.143370213750018
train:4722,-1.2287736471265118,-0.29027708015301834
train:4723,0.27300607701693635,-0.03407196081963715
train:4724,4.128874128097857,11.370501928377134
train:4725,-8.87323354506105,-7.220495030612866
train:4726,0.21876892040174778,0.08865884870707985
train:4727,-0.44518086244166166,-0.018854189555465403
train:4728,-10.588416442584954,-7.850402994973697
train:4729,-1.9452429526479005,-0.022019690268693062
train:4730,0.057543091169621516,-0.2658164576693547
train:4731,2.2971534059057745,1.2785532549200607
train:4732,-9.40564288086877,-8.413561107619106
train:4733,-2.8414010831332916,-1.35935368697106
train:4734,1.4787688288609098,-0.16884876382165798
train:4735,14.737205878961365,7.565502449853551
train:4736,-11.743925442218668,-4.569653746382532
train:4737,0.8448738043576955,4.366952933379861
train:4738,8.04680202049487,2.8236457228381697
train:4739,-0.691279519771557,-1.0461734066414514
train:4740,12.565709315492139,17.969637200455303
train:4741,6.593740429426588,4.457800193156671
train:4742,3.1115741050378922,0.11207091423719795
train:4743,0.47608206061603603,0.3692220174017303
train:4744,-0.2202717035435376,0.08043074382916206
train:4745,-0.187068530797393,-0.0024246573711009523
train:4746,-12.852870266831372,-4.587918324566006
train:4747,18.91353202663815,7.415491754915828
train:4748,7.556392774619083,0.1190056562115995
train:4749,-8.138652488208802,-5.112362002556792
train:4750,-2.807212054990246,-0.06741835451534725
train:4751,-2.2837472473508744,-10.114746756770364
train:4752,-0.3841482540892375,-0.15944969901520928
train:4753,11.436058970503865,4.122149265982175
train:4754,-2.169134641828449,-0.0071652760876071
train:4755,-6.907315145688977,-0.029069702177579634
train:4756,0.9280243493534506,2.778720121837496
train:4757,-3.7742671592530805,-7.720149110292113
train:4758,0.1708659021460182,-0.4825898437954012
train:4759,-8.147433830692496,-9.289013434303175
train:4760,4.411017992619197,8.453024451707385
train:4761,0.6266833859775246,1.6274162850308511
train:4762,2.8255677143965547,0.6938778976230355
train:4763,8.631668812630423,0.06840843204831926
train:4764,-0.0436311034839367,0.47295468685992115
train:4765,8.214267726270032,1.838914217063678
train:4766,-24.041446145264818,-14.512979529261623
train:4767,-0.8310248128551185,-0.013494565584342338
train:4768,-3.0817577894707657,-9.46480179632254
train:4769,0.3035602718863092,-0.20182081555191178
train:4770,0.9338388273168301,-0.15577218865486936
train:4771,-0.2957195122903603,-0.029522507588539318
train:4772,0.7221288797583556,-0.2631227362548175
train:4773,-8.83324514874024,-3.5424950583730053
train:4774,1.0237048584151744,0.23787007246552838
train:4775,-0.8978077406966131,-0.362109223224912
train:4776,2.3076454085794698,1.1186376199436066
train:4777,9.592311788794193,1.7983778612044654
train:4778,-0.15391742869706448,0.028931618025022587
train:4779,1.0559744788684742,2.5929392260420574
train:4780,7.050493906362462,0.7507680327764996
train:4781,11.653197282888662,2.4185341032365133
train:4782,11.884859586124296,1.8498898264815054
train:4783,0.17644292401698208,-0.016444505813650617
train:4784,0.5213142499204104,-0.03400105839706408
train:4785,0.9227280208075889,4.452917484273399
train:4786,-3.5615441586835956,-1.4475227753616242
train:4787,-1.3045857179358067,0.24902044137561327
train:4788,3.9114580281159603,5.688358957640642
train:4789,-7.309711517557693,-2.7787495697832334
train:4790,5.900172444818173,0.23998887081574052
train:4791,12.147596906916585,2.48101211965711
train:4792,4.990987354549158,1.6298463692684968
train:4793,11.666945793050024,10.341678959358076
train:4794,3.4726991435578585,2.5312381403927544
train:4795,2.985994584656941,0.5125443455839327
train:4796,-3.214570480455344,-0.10409045701392194
train:4797,3.0888857158729874,1.917926621363994
train:4798,-19.118666833489723,-4.578931834822096
train:4799,0.6647307559922442,0.13350912480007018
train:4800,0.46283019748496984,0.4622070494164838
train:4801,-8.465639406940337,-4.19224514415436
train:4802,8.359057595625265,10.051550240691698
train:4803,0.5419607259029571,0.19102867944728147
train:4804,26.086932967531816,12.716038743328845
train:4805,10.14700922067711,5.639273367420188
train:4806,2.953782381388983,1.770148568102868
train:4807,1.1845724694990754,1.6089345770945473
train:4808,0.6824505827300402,0.0019982557215213748
train:4809,-0.009249948605323965,-0.12038232151663039
train:4810,5.235463220903866,7.256136776922698
train:4811,2.8955715836149567,4.268011384564918
train:4812,0.08987570780602891,-0.047559256458433646
train:4813,1.4449308126606417,0.08767962490719727
train:4814,0.07534172125086247,0.15809643008301938
train:4815,0.3082788254760289,0.08592589556979101
train:4816,0.5869660359648472,-0.09142160644213104
train:4817,-14.44449324116562,-4.853320786320488
train:4818,3.889274305790639,-0.16005372488477554
train:4819,-1.9746707711141407,0.10026972671186477
train:4820,-0.7007656756396893,-0.16328470690979602
train:4821,-4.6037413891073244,-7.3057388590942525
train:4822,0.05856706971792387,0.04683554968080115
train:4823,1.8671888814928201,0.18332057322183626
train:4824,7.529103107046664,8.602588903631409
train:4825,2.2267469190152593,-0.10153625787157086
train:4826,2.345940346620056,1.2647930491517223
train:4827,1.677002009940876,0.26594115472882907
train:4828,-5.944267156571576,-2.178841747158606
train:4829,-6.2850937090946495,-2.458080024910729
train:4830,0.9794831650811682,5.572763756508816
train:4831,-0.42465177787044117,-0.11926842591210196
train:4832,1.992035925958743,0.06030715263049697
train:4833,-2.697306728832888,-5.048941854146914
train:4834,0.0029849097246473777,0.17704635079776343
train:4835,-3.1264678775675376,-0.3170759133126837
train:4836,-11.275536965441788,-5.549980314326462
train:4837,0.45473483926825486,0.0063712375306415325
train:4838,2.2372224171538964,-0.04746481500220956
train:4839,0.4720619278091482,0.07297129539555768
train:4840,18.107599307690535,8.995719297765506
train:4841,-0.06918779487528953,0.18232080626531277
train:4842,0.27922201036122807,-0.048509520113884985
train:4843,2.8027324116238113,-1.3597364459243069
train:4844,1.596672578148798,-0.1004028177360716
train:4845,3.0003270299178104,0.07318871047000713
train:4846,7.789658574795963,2.5124825237012387
train:4847,-6.4982416433273125,-1.1769759647983193
train:4848,-0.673857007123041,-0.15821768025999572
train:4849,0.1071027230744945,0.016966655889802285
train:4850,1.0683117350532756,-0.032638077018264794
train:4851,-22.739462418950538,-14.360100781399534
train:4852,10.080710270891815,3.2743209225828473
train:4853,-0.27106034216461367,0.01770906274507457
train:4854,-0.8156728057525116,-0.10873592097015394
train:4855,-6.6613975733282365,-3.0060108080176957
train:4856,0.223470272081689,0.42043182708317717
train:4857,-5.123720717892383,-2.1913667956339107
train:4858,-0.8943587577860203,0.023965024585466607
train:4859,0.5755281607115739,-0.16741117083922546
train:4860,4.390881065099279,-0.018392681835095334
train:4861,-7.959808416489869,-8.979001793224615
train:4862,-1.4818579070341675,0.19376790966021057
train:4863,-0.17614369088035198,0.06449638731632915
train:4864,0.1115912592354866,0.1876971215512066
train:4865,0.13859593300535825,-0.11490871155831239
train:4866,9.347155749628513,6.239733858022779
train:4867,-1.6649489908024724,-4.654644779908588
train:4868,-1.1017742718141115,-3.1228231911804953
train:4869,0.03680491041129601,0.13239194799691162
train:4870,2.981846367359675,5.735953457074912
train:4871,15.688352471094435,8.290189120593345
train:4872,-0.30541941351040264,-0.12282781312175675
train:4873,-3.325558597095787,0.27212692745069805
train:4874,-2.3097437497327804,-1.820977961222904
train:4875,3.924840416548927,0.6539762753727429
train:4876,-0.7022431802147199,-0.3969785210674383
train:4877,-3.540621987228112,0.08858894491017681
train:4878,0.07781135759528114,0.13397933482985064
train:4879,2.859187917225708,3.9279148612290093
train:4880,-0.2602810211059693,0.1384628787667256
train:4881,-8.124357236266373,-9.31463702771001
train:4882,3.779521007322405,4.871033207350361
train:4883,-5.278944242903008,-9.336526331754122
train:4884,-9.50900125314772,-1.406470985995859
train:4885,4.158414456352379,7.979668465744681
train:4886,-9.948600241786085,-3.651005153036684
train:4887,0.18911724465014654,0.2080308521230108
train:4888,-8.874087131719248,-0.08526978699304352
train:4889,-0.31231668195686785,0.014278498246855384
train:4890,-0.4458068724826555,0.046914869091164595
train:4891,-7.997343913459558,-5.786655739413234
train:4892,-2.440296249247406,-4.129849871003567
train:4893,-1.4779288978574576,0.07320069397804765
train:4894,-0.17143548168232337,0.0363320048832844
train:4895,-1.502752415959061,4.996731361725207
train:4896,0.4476189438468343,-0.0026198173591894386
train:4897,7.05112386819354,2.2918030845972224
train:4898,-0.20419721623023274,0.1494571767506637
train:4899,-2.265197079778904,0.08503041366538207
train:4900,9.994551948725462,5.729129134567455
train:4901,-1.2426788341418011,0.09442377203943055
train:4902,8.118566528424926,5.208739020832186
train:4903,-0.055970568022020634,0.056214641973849004
train:4904,13.747867327788141,5.764722436020763
train:4905,9.982114503039112,1.5968797386490232
train:4906,0.3802695152738499,-0.3405240720277334
train:4907,-3.2347455311266633,-0.005159465098919874
train:4908,-5.103806950283105,0.09855893827827036
train:4909,0.06321576960644838,-0.22914036066809979
train:4910,-0.13961287842502507,0.07057887361175363
train:4911,3.189456448934856,0.3612304441468028
train:4912,-3.1043429671769993,-3.144684533705846
train:4913,-9.63036305121757,-1.2063389833570362
train:4914,-7.588435456448471,-4.147973785628375
train:4915,-0.7187886279227717,0.14004527247131443
train:4916,-0.8814445402489176,-0.15690748338089872
train:4917,-4.845168798099391,-0.0936787857780492
train:4918,1.8012483823139922,-0.2804845568325725
train:4919,-0.30311854184840564,0.037467156948503756
train:4920,2.684533440370805,10.777418713581584
train:4921,-0.78138568023208,-0.11350549983109137
train:4922,0.5204950670817685,0.428384453936973
train:4923,-8.102697707272815,-2.3831325977307296
train:4924,-4.9015138860371685,0.08189101988038555
train:4925,-0.3094722067000456,-0.04843462318863173
train:4926,7.838741202391843,3.8039309191471977
train:4927,1.930061396816825,1.5815211611653752
train:4928,3.279306440414623,2.635039572361368
train:4929,2.825714163087912,-0.07194583798170412
train:4930,0.15375081552023312,-0.1497484786131674
train:4931,27.918995868253546,11.013383117191283
train:4932,2.6946300315778347,5.946966485014529
train:4933,0.41256005696877196,0.22781348398576107
train:4934,-3.806686250354861,-0.09550341753802855
train:4935,1.308944601780167,-0.2552430090749349
train:4936,-6.45829694915567,-1.1831677292742087
train:4937,-1.6920573409474957,0.06333027785533843
train:4938,1.5961267662006904,-0.6888677097944937
train:4939,-3.0231513477718335,0.2901067546573999
train:4940,0.16550971560329206,0.059438776279989204
train:4941,-1.4567273115971933,0.02157673996515276
train:4942,1.0291095125009928,-0.1726797772135646
train:4943,5.896613509159942,8.372933531683422
train:4944,-2.796082884280025,-0.05010903311567452
train:4945,-0.13601024061762668,0.014088616708737137
train:4946,4.165390993058769,0.10597644443373291
train:4947,-0.46112982230523136,-0.9781222030171521
train:4948,-0.14354049285229326,-0.5599675335390586
train:4949,-6.360384608529303,-0.6176942316823988
train:4950,2.9804916007354967,8.878262658384717
train:4951,-3.4126132782365453,-0.052468642913177155
train:4952,7.9074075068958445,12.84147069263222
train:4953,14.30111979924966,9.627447614062016
train:4954,-7.933923726521524,-3.0083647113827983
train:4955,2.470601656952019,-0.12733589471795279
train:4956,-2.884599262835476,-0.028196332698721654
train:4957,10.479852227397028,2.2322276450170118
train:4958,-0.17330677051633792,-0.04073307936044682
train:4959,-3.059436684325456,0.002381870639628053
train:4960,0.7090858803561543,-0.044904481445028205
train:4961,-0.030875422466684677,0.06006591320077648
train:4962,1.5301853371889016,-0.1753732133064817
train:4963,0.6524160482567468,-0.01757038492621958
train:4964,0.49478262866944794,0.6167463691070441
train:4965,-0.2597063843360707,-0.7313806311763424
train:4966,0.7777256846207679,0.1148848987145703
train:4967,-13.757486157930028,-6.28649242492929
train:4968,-8.07881959683431,-2.962389412142099
train:4969,0.6952074260384935,0.03877450061140061
train:4970,-0.13634776998247,0.16285816259940644
train:4971,0.5973615684688385,1.2886925866696315
train:4972,12.94037248946604,2.8877537816738976
train:4973,-4.420937158807488,-0.06223206342838172
train:4974,-0.581002260429799,0.20449600257267708
train:4975,-0.1622738375175805,-0.050671402028719004
train:4976,7.207646834767163,0.6024392017931419
train:4977,-12.344867186584006,-8.32142733265766
train:4978,0.9456607235829969,-0.13212273553690093
train:4979,-3.1691365173984325,0.0736845994455887
train:4980,3.238774789186349,0.16431644139928986
train:4981,7.029435979294672,2.5259753831116254
train:4982,-1.898264537042766,-1.094156228800558
train:4983,-0.04261793424380597,0.14290961621461898
train:4984,-3.548899360246943,-2.3478123490677736
train:4985,-0.18892726688643402,-0.6085555228542114
train:4986,1.754579368626631,1.676717721056845
train:4987,-0.7135894669213346,0.07511548736995091
train:4988,-4.35608316944359,-2.9664675140569363
train:4989,0.004092573239439817,-0.5264408165795005
train:4990,-1.3364280801435262,0.1129140396243346
train:4991,-0.8177442411313814,0.12364213253680112
train:4992,-5.501517428944857,-0.7423726465873204
train:4993,18.782834705639853,6.465869502466293
train:4994,-12.10978495771781,-13.67353707359608
train:4995,1.668986617358807,-0.06033553062015923
train:4996,-1.2297109187512008,-0.09684899429800706
train:4997,-2.2328663228084187,-4.721012585974814
train:4998,6.797437541443636,11.034499199645163
train:4999,-13.860692037603375,-4.113844469407351
train:5000,0.5386877138802336,-0.19645134798489833
train:5001,-10.690785472593399,0.09644242250101832
train:5002,3.6970387797673694,3.920178936145613
train:5003,-0.7705570780265025,0.15965428612828714
train:5004,-1.3467664279204157,-0.07288226353858485
train:5005,3.0180903263465333,1.4503071692324494
train:5006,0.586824701354775,0.023923938272184822
train:5007,0.904134383544692,-0.19724825126959294
train:5008,2.10388204596395,0.0997602849593326
train:5009,6.887315660370474,0.9897300253260508
train:5010,0.16653113711095166,0.14875471492219317
train:5011,0.1683391973036181,-0.075484396713098
train:5012,-1.965699742706403,-2.0400989736384125
train:5013,0.8473625022778147,-0.011407437933951575
train:5014,0.08088712880115234,0.016370904347216372
train:5015,6.377378992480706,2.0080467389922028
train:5016,0.39705927659240475,-0.03591485316329729
train:5017,6.509355298716864,5.5586717216964034
train:5018,-0.939940564283731,0.08597910805192333
train:5019,-0.08857632309072208,0.03840072928918436
train:5020,-4.590931545320094,-2.1351301896510853
train:5021,8.503875359969328,5.379525694852733
train:5022,4.786093082594821,-0.12787315532843616
train:5023,11.524530717077187,3.2606628619544735
train:5024,-9.625061143673943,-2.6168141430587113
train:5025,28.550800628260433,9.936971925813596
train:5026,0.5041462790449683,-0.019486319604602897
train:5027,-1.5537184202174483,0.7632691142357231
train:5028,-19.883554865872835,-8.444057994295752
train:5029,-0.9576748034324226,0.0948320672776683
train:5030,-16.97139241865457,-8.873189699799774
train:5031,-1.5894260980440489,0.043148053063760794
train:5032,-0.2145411430048884,0.08358254910462912
train:5033,-0.8824278386051762,4.434116216122681
train:5034,1.035235716964548,0.6726274643513341
train:5035,-0.11254102422372109,-0.2008221898818684
train:5036,-1.221723653616202,-0.1611770361027644
train:5037,-0.7191666050214186,-0.3644106274119321
train:5038,-9.447009289637782,-15.523194963509953
train:5039,-10.738670010419028,-6.9132641340429455
train:5040,1.442437930492198,4.219238221518378
train:5041,26.496505790193538,7.791958225154719
train:5042,-7.066269160539138,-15.539794975362275
train:5043,0.316688234775322,-0.011152075084040466
train:5044,16.25285220205222,8.951956667688002
train:5045,6.635526192861012,12.50640724267333
train:5046,-0.8179320673895037,-0.7070620988594449
train:5047,-2.876664068346294,-4.087707297084495
train:5048,6.548807181419176,0.34952212880878364
train:5049,4.215310005403069,0.42938093969486635
train:5050,-0.7006924512940104,-0.015650883727586107
train:5051,6.188820955818195,2.641126623802713
train:5052,4.132212693344331,-0.05377941043551415
train:5053,2.5196522053107437,-0.08536879359518781
train:5054,-0.8304197240557472,0.019842840480337354
train:5055,3.1997483050636957,-0.29472267631443166
train:5056,2.327530583825197,-0.3950113711582628
train:5057,-4.006859295449716,-5.126536780639008
train:5058,-12.895270649853018,-6.54706182376238
train:5059,-0.5006605083509877,0.12028104385305496
train:5060,-0.6299984135603054,0.22376091835591483
train:5061,-0.6745025436562159,-0.04656077344920023
train:5062,-0.0947409993930386,0.05625116314121059
train:5063,2.819991971045912,-0.3926286503095392
train:5064,1.270799366846302,0.22815059147980574
train:5065,9.794688073090141,13.081898667665394
train:5066,0.9833215155441802,0.3818202508725681
train:5067,-5.684264009601112,-7.055405088057486
train:5068,3.9316616711508305,-0.06836134246948825
train:5069,-0.7413510247214611,0.007698268385319243
train:5070,-2.7905057461799405,-3.140242646725493
train:5071,-0.28089402310192,0.025177356148899335
train:5072,-0.9393691819291957,0.04813576030319769
train:5073,7.288305194969196,0.10125808080358774
train:5074,22.16878795913841,11.513259747734141
train:5075,14.103232748489427,4.880302450819704
train:5076,3.660703697150333,0.2843897653572113
train:5077,-0.508305594956338,0.03343998494283863
train:5078,6.18491519246551,1.437143428310747
train:5079,13.540021766015586,5.333228267503039
train:5080,8.923070094111488,5.874514195401538
train:5081,3.2680273341394406,1.1863348820982804
train:5082,-1.8363404513389825,0.9978849452084355
train:5083,-5.667033739917282,-4.210068615113295
train:5084,-2.764025498200074,-0.4225116675207286
train:5085,10.82884085365177,5.998552063269532
train:5086,3.668941087351841,2.1782265339269835
train:5087,2.349229630719597,3.9434685987007456
train:5088,7.510322340900366,1.6905108814722947
train:5089,1.3915430584553277,6.902772798256212
train:5090,33.63341636636568,14.755063451158472
train:5091,2.5945046885042857,0.04922483292678505
train:5092,2.331190638817937,0.055635153763603805
train:5093,0.5390824279721785,-0.08662734726106255
train:5094,2.4564133358001046,-0.043611403863131976
train:5095,0.5700867782237959,0.22933924134877742
train:5096,1.6264239784854668,-0.10198506877985039
train:5097,-1.0450760798093937,-4.2501985303248
train:5098,1.6444043909105832,7.592312981199637
train:5099,-20.50804741947441,-11.442430427314658
train:5100,-3.3443328544113586,0.2799199168580969
train:5101,-0.004168760160813856,-0.13299011326173865
train:5102,13.627197325441275,2.07099439479934
train:5103,-11.816392903867241,-12.261237282134424
train:5104,-8.614760438227913,-7.487254196670506
train:5105,-8.913718472183033,-5.193971404242461
train:5106,3.4673514417409015,0.10301537666124416
train:5107,-0.39308197294941505,-2.1203090154387305
train:5108,1.8157895750746067,0.04951414904947763
train:5109,1.890750383808105,0.20342633181925057
train:5110,-7.061007235812832,-3.2541219236345653
train:5111,1.244907935588989,-0.16356232484606809
train:5112,-0.3325727443249143,0.06198527173859994
train:5113,-4.25412698526983,-0.9574429479635129
train:5114,1.0715763785793504,-0.2196101905772554
train:5115,4.2357291372266515,8.290856202540933
train:5116,0.35825223304854736,-0.09647008718663058
train:5117,-2.5299386555186296,0.16029911298951516
train:5118,0.691216350511637,0.4615326917675845
train:5119,-5.053107808084526,-5.043964703807418
train:5120,0.03287787712962839,0.05166718599409126
train:5121,0.4195198566818645,0.0046065233108647935
train:5122,-10.127100275309449,-5.867243689699259
train:5123,-0.977678299922437,-0.41016066523363154
train:5124,-2.432070946874391,-0.06277474514964532
train:5125,-0.047700749895997846,0.24083399345421727
train:5126,0.3412347788836674,-0.5085742620559437
train:5127,10.626349270068658,0.47098553969940554
train:5128,7.306577342485826,0.2983357155001778
train:5129,3.4941269116858864,7.686289363183124
train:5130,3.1615554161905792,8.133116715560314
train:5131,-4.391909168514478,-1.4730302428691133
train:5132,-23.380792387809915,-10.385736101166307
train:5133,0.8489999381221376,-0.12367008254403339
train:5134,-4.2598519668107135,0.016998326589623663
train:5135,11.734163417800787,1.9572629144894347
train:5136,-1.6134615827112042,-2.864383432919177
train:5137,2.1332108372198437,8.512407299194088
train:5138,-28.18866666159635,-18.262830333139487
train:5139,-0.8916506192871049,0.2963498770248914
train:5140,19.949815984346394,6.715456872145107
train:5141,0.3488985783773577,-0.048390255676719784
train:5142,0.2572849262288118,0.15447256018724181
train:5143,9.894630239070372,1.8420223681312833
train:5144,1.4273811453547087,5.180861957270494
train:5145,3.0134462756228135,8.831361490487078
train:5146,-0.7718704670839165,0.006926473403185682
train:5147,4.934500002168347,10.717420142038893
train:5148,-3.2924332978601263,0.07484414650931911
train:5149,-0.30777642383742004,-0.24468739308176585
train:5150,-3.154632053039778,-0.0548681977374815
train:5151,-14.712567803154053,-14.133873834037617
train:5152,-0.7295805017263896,-3.0503221115704826
train:5153,3.4908769130289476,0.2792942065454097
train:5154,0.660460498118847,-0.06025535524493575
train:5155,3.641733709996471,2.2065907841548467
train:5156,-1.2162699508416908,-0.008214689006012743
train:5157,-3.7129270086488053,0.10261763832294686
train:5158,-0.19570691146333258,0.01041795406727751
train:5159,-1.8242830748754422,-0.41756333466485346
train:5160,-8.320916485558296,0.10390814801026298
train:5161,4.1037853751441284,0.05124876183834306
train:5162,11.182132746850021,17.72951166633934
train:5163,0.9609750724506834,1.3767880620822324
train:5164,-0.7895735568284146,-0.010926100360990648
train:5165,-2.24161744572088,-6.258569709908396
train:5166,0.2015358612190357,0.3151117707920473
train:5167,3.080944012553078,-0.6461353760868556
train:5168,-21.72323867754293,-5.919504338907211
train:5169,-0.8516571088850101,0.15107009986859385
train:5170,-2.830386281877274,-0.01868342456588798
train:5171,-0.5403053313927071,0.026168278135202422
train:5172,-0.31030126901389815,-1.5048077956371853
train:5173,10.70973854967715,6.448256028219688
train:5174,7.500789228467704,3.87365096892695
train:5175,0.11437483043336323,0.06462150084670458
train:5176,4.431413878618754,-0.07489349563805231
train:5177,-0.8887746459387286,-2.368120971337017
train:5178,0.6959010814274003,-0.06699836109068899
train:5179,-9.123520402505534,-0.6612508595502529
train:5180,-3.9782092822553525,0.05011018591368355
train:5181,0.5202018210116928,0.0971154962026276
train:5182,-0.22801953669107844,-0.020108035414609926
train:5183,3.2070368007285017,11.525363090855068
train:5184,-0.5387708745488151,-2.2346224091926516
train:5185,2.6556300476945696,0.23645687448160693
train:5186,-1.2408575238294404,-0.7270197755360728
train:5187,-1.6456972642614272,-7.803487560995057
train:5188,-4.589521918551217,-9.331373423296698
train:5189,-0.6619221361521126,-0.11599122178463947
train:5190,-0.7897657997931016,0.2785398161820969
train:5191,-0.17120255852559263,-0.04737294144056556
train:5192,-5.733544691617684,-0.47470070100205813
train:5193,0.27223919728235074,-0.006630583371703858
train:5194,-14.19409852309766,-6.775530257771115
train:5195,1.626403987076805,-0.030639399070077886
train:5196,-9.358284628499067,-9.222818818460297
train:5197,10.200909777760415,7.222421462372313
train:5198,-17.463878446448753,-10.079887302523728
train:5199,0.09468364158912485,-0.03710749753494916
train:5200,-8.253734194460053,-15.175930019792851
train:5201,16.3579289056431,11.249260783028502
train:5202,-2.1201361641155403,-5.750471251563261
train:5203,-21.55362040846305,-7.028021630898415
train:5204,-0.5756162030032006,0.05741869921030136
train:5205,1.4206768172476512,0.5706106477854928
train:5206,12.161812193224367,4.570992986247994
train:5207,1.7960236509061276,0.18039060550592886
train:5208,0.9178284984778343,-1.1964103616238444
train:5209,0.6515936110027415,0.04771105907180922
train:5210,0.11273960294232284,-2.327181028046297
train:5211,-0.05454013624064072,-0.8495869531137128
train:5212,1.0882292219943976,-0.10375634539688741
train:5213,5.595719098063537,0.23619808777225568
train:5214,-0.4667481055138396,0.16463885482990387
train:5215,-8.214407839207476,-0.0038840774574644132
train:5216,4.181565437415382,8.286047962600485
train:5217,1.8424511404818689,4.075100872128609
train:5218,-7.931708864408419,-7.161885404716396
train:5219,3.7677353745417173,4.462074311024457
train:5220,-5.47119139183829,-1.9363431931290007
train:5221,0.5902692675588033,-0.04554474316033605
train:5222,-1.107843291550565,0.6969957496257211
train:5223,-3.7536694995009863,-6.314611441224753
train:5224,3.4969852182080032,-0.11365044321405768
train:5225,-8.630721950836456,-14.45061849470523
train:5226,1.6621186386506133,0.09619276608350748
train:5227,4.573498863890435,0.28114394660795017
train:5228,-9.092276155349978,-12.475958920490962
train:5229,-0.1302200545403533,-0.14614672114294078
train:5230,-1.0589377971337561,4.624667689404728
train:5231,-0.7190224809124635,-0.13002333905684965
train:5232,1.0373734029418893,-0.18689193242800262
train:5233,5.551956509754024,4.876441763979316
train:5234,1.091839298465484,5.4731688211840455
train:5235,0.7033327713682008,4.327531186429226
train:5236,-8.915866386322945,-1.125412641629677
train:5237,14.755067970142195,2.427214728203771
train:5238,0.42935191041148907,0.2024659392462888
train:5239,1.3894788292819054,0.1400081806607128
train:5240,-7.573931921922777,-1.130148409878643
train:5241,2.7007529816260263,0.04869156681898186
train:5242,1.5855285301112012,4.700481638344704
train:5243,1.0111581573559074,0.5012137960708101
train:5244,1.6628943517983283,0.0914515767237613
train:5245,-19.014975581010734,-11.124456601108031
train:5246,1.276441360795416,-0.14503268287760235
train:5247,-0.187757769479735,0.1504917529448287
train:5248,-2.4542488577437065,0.15822967527956516
train:5249,-0.7828336626105988,0.1561003200294126
train:5250,0.9767482938846239,-0.036360953516186706
train:5251,6.9283161798693325,0.8240065261134344
train:5252,-5.008874259380266,-7.705712406962725
train:5253,3.777803605843436,7.888866572105453
train:5254,-0.5884778849780068,-1.401177271318959
train:5255,0.12844064609266567,0.06455944339435188
train:5256,-5.076881777231399,-6.770617019474503
train:5257,2.8312875818561523,0.20887968394254772
train:5258,-6.047293578483448,-0.01082481118588624
train:5259,0.05627712359321865,0.016963232030362138
train:5260,-7.81259726210419,-0.011345808464028898
train:5261,-15.034003619108413,-8.482918228298203
train:5262,9.592176033181888,0.35753395989873205
train:5263,3.5800857846821046,0.7551525701112303
train:5264,-1.3609875256842052,0.1627212082218005
train:5265,6.273109383899976,2.610618609582886
train:5266,0.14480303293652044,-0.17148941541487284
train:5267,-1.7272385008599298,0.06028361359684595
train:5268,-1.630789949772419,0.11206092798049751
train:5269,-2.6146645700085602,0.051873758846980235
train:5270,1.1647916680032204,-0.06230539108472491
train:5271,-0.022895595995374052,0.029949645565226855
train:5272,0.09473501486022015,-0.1491063623073295
train:5273,0.5629507751645938,3.0988372840536567
train:5274,-8.20864287484927,-15.580754605844776
train:5275,-1.6260715124118192,-2.071204451330545
train:5276,-0.2001298944005741,-0.04724383340750993
train:5277,-0.22041257323712926,0.07668247370705905
train:5278,4.329464668192202,11.007363972295503
train:5279,-1.2183223246448605,-2.2315372265154574
train:5280,10.414427320595076,0.33600758495527594
train:5281,0.15650986237376333,-0.06266304173541046
train:5282,-3.411327319251481,-7.9615608742710915
train:5283,-0.8485184577251512,0.04511448966888631
train:5284,-2.1590873317683528,0.05203781877848737
train:5285,11.971094154593452,0.7569288398566174
train:5286,-0.927300182553643,0.1740835710955546
train:5287,-2.3193782139581924,-0.10665549837783347
train:5288,-9.508716724261653,-16.09279963283792
train:5289,6.957278152022111,2.9752105646401006
train:5290,0.12851561387514637,-0.04566657549208136
train:5291,0.26098287191471287,0.02837238764979827
train:5292,10.578330836296644,0.6351798576895655
train:5293,-3.1555525876711688,-9.884876822964127
train:5294,10.496886767242566,16.26671793714085
train:5295,1.1882518185257562,-0.0790326563795723
train:5296,-0.4920816369945522,0.07339585396613614
train:5297,-0.2937145599682019,0.016116968105405333
train:5298,11.788086290875157,8.961057286079917
train:5299,-3.8366835915097144,-6.393273470575693
train:5300,0.8297698301974356,0.060666087228472575
train:5301,0.27836493682942537,-0.06612213839563089
train:5302,-3.6941634444122857,-4.209553894910793
train:5303,1.3235248475251433,0.03663958158965777
train:5304,-2.1871380676193506,-0.6171402797571446
train:5305,7.5724965516706595,0.1402812334510647
train:5306,-0.5037917208471586,0.17655417100324203
train:5307,0.6034882378488741,0.5819843521936423
train:5308,1.2460718539979219,0.28084664147989724
train:5309,1.6854414063531613,-0.03344339729074983
train:5310,0.3138757225265342,-0.19375277610282093
train:5311,-4.696383436510737,-3.0191398823625666
train:5312,-1.4585658238193324,0.11632477426996292
train:5313,-3.528230568273332,-0.9087665089461561
train:5314,-7.035923132023909,-1.304367788309559
train:5315,-8.886597104376555,0.009891250356734604
train:5316,19.808176389063036,4.933191378234924
train:5317,0.3885615331618165,-0.22829267013504295
train:5318,0.307929673199173,0.2625168673062501
train:5319,14.577685595837956,5.722461738951006
train:5320,4.4295309668727265,0.9633684475490545
train:5321,-1.4010396155628433,0.15394414454697883
train:5322,-0.39127437767322903,0.039682536667090096
train:5323,4.505302125031737,1.3167173041696802
train:5324,3.9749086670834677,9.990583858213927
train:5325,-2.349504801894625,-4.250554897028196
train:5326,0.3669373378207772,-0.1965523518383827
train:5327,-3.6123260560157044,-0.012236011918467612
train:5328,9.130127157533114,8.592978130182912
train:5329,2.718891233196273,0.25580681610760836
train:5330,0.10868436894115721,-0.017169222728482134
train:5331,-1.2193635051029412,0.008171902274539844
train:5332,-1.788151625676865,0.13285231443080164
train:5333,-0.8154907909503956,-0.04247939033573275
train:5334,-2.018479618613463,0.23976375205755074
train:5335,-3.3875008145423107,0.09009801095842244
train:5336,-2.23209642111671,0.11148514895131247
train:5337,-2.149179961568887,-5.089179620930784
train:5338,-6.216001541094509,-2.192796399610983
train:5339,17.36603520530117,5.199144796037649
train:5340,11.703882477592828,3.115156254110266
train:5341,-3.200155744977426,-5.302293757280172
train:5342,-15.48319848390431,-6.100776582463213
train:5343,0.7501507907875623,-0.039028568002492686
train:5344,0.6381500860525889,-0.057810719604669436
train:5345,-1.547729598573881,0.13468636180424137
train:5346,0.18413961635166792,-0.24706540612375927
train:5347,0.10549945859148853,-0.05686944358024851
train:5348,0.3344950008949717,-0.0792007108137596
train:5349,4.42388641588297,-0.1292449816774558
train:5350,0.48880868435325675,0.08119654705727536
train:5351,-11.084876576454453,-13.349378615954063
train:5352,-2.1700928346947608,-6.921745604519434
train:5353,-6.020645960570601,-9.727329072112155
train:5354,32.889620664869916,13.121701033657125
train:5355,8.797846699754599,4.0839244432274935
train:5356,-1.7741746090653385,1.7068232891316442
train:5357,2.1810070409141784,3.165763749851867
train:5358,-1.9301327021151535,0.07114295445451817
train:5359,-15.137017953191792,-5.912212659586174
train:5360,1.088410539421793,-0.15946054123676973
train:5361,-0.7614186796857847,-1.4230180706876687
train:5362,0.7654219024225624,-0.055685358857197026
train:5363,7.57785703869083,4.076367700121465
train:5364,7.573531455756253,4.797846499887458
train:5365,-2.9655965471517933,-0.026119476626651345
train:5366,-0.769875742924329,-3.02933670641857
train:5367,-0.11743171314034612,-0.033521575414633215
train:5368,16.80441423719064,4.862931214628489
train:5369,-5.9607270596472155,-1.0909845936725
train:5370,2.135772991943882,-0.10788066941416677
train:5371,-4.82487100947722,-4.322601744619149
train:5372,-1.2772284050154754,-0.2561215143429531
train:5373,3.5836944664037493,0.041606175029213745
train:5374,3.4705533215421083,-0.16652139536721677
train:5375,-15.652071026949468,-12.58788945073535
train:5376,19.42175640713024,10.06032901629624
train:5377,-0.18195677409429,-0.2448093680743212
train:5378,-5.318718312726307,-2.6474451308967635
train:5379,-0.22624948342069295,-0.23856724433249976
train:5380,-2.804562031051393,0.0438356781679907
train:5381,-1.5537960612696917,0.24403872589019662
train:5382,0.48772449912072957,0.3243188141482276
train:5383,-8.23249680963079,-2.025249980568107
train:5384,-0.33549962602790523,-0.4715832769818025
train:5385,8.598139965889686,4.510809526295536
train:5386,7.2088849073547365,6.918947110251476
train:5387,-15.112634013622502,-4.51349103869929
train:5388,10.62708569777377,1.29302762070329
train:5389,-1.7139198059847915,-0.2844767769397861
train:5390,-4.161080460528382,-8.016835090429614
train:5391,-13.869545907058026,-2.977243541001565
train:5392,-1.3765129466340391,0.11800888513208616
train:5393,0.7314548718989554,0.9862809149225309
train:5394,0.6047323543506934,-0.39105039376844053
train:5395,1.9606087341681104,4.503439668850616
train:5396,-9.95689063246637,-2.7739712886128856
train:5397,-6.8495753083096975,-4.476389527162596
train:5398,-0.3827800048871245,-0.013916698921150689
train:5399,7.190856376073888,13.056147820816035
train:5400,1.549636512900082,0.19814103413014073
train:5401,-2.9200733201306255,0.042021888629571826
train:5402,4.176652664965933,0.09610631363264371
train:5403,1.9100311676291817,0.14538085809595144
train:5404,-2.2707216823166916,-4.026409370884269
train:5405,1.113747092859629,0.10619585675952246
train:5406,4.303365186809864,8.726906957330256
train:5407,-2.6232185683332894,0.0033154429803086555
train:5408,-5.525516417668293,-0.6818970172959706
train:5409,-0.9568054096138866,0.013382445699206422
train:5410,0.981874927915103,-0.13912281616228533
train:5411,-0.06281750925947166,-0.029867461427134326
train:5412,-3.5220760039044663,0.04424397340622845
train:5413,-11.92862002292822,-5.068829341705019
train:5414,0.7696103349953913,-0.055462807993587354
train:5415,8.249965873308783,14.467658983319975
train:5416,-8.574176948812063,-3.5645766691890053
train:5417,-6.007033670938027,-0.21158908653465658
train:5418,1.8886178119120491,0.1394656416002592
train:5419,-1.9785049373288284,0.023553020166168698
train:5420,-0.061618140968900476,-0.1694058542847322
train:5421,-0.303779304396317,-0.059280696590973375
train:5422,-2.394987348723749,-9.242514569889753
train:5423,15.324612974746373,5.042635045239283
train:5424,5.113356626632253,1.4234429974218012
train:5425,0.42627323347761475,0.09255035028242908
train:5426,-7.129646575160966,-2.1953458909466037
train:5427,7.581746529966697,6.3724380847770306
train:5428,0.06461958491931966,0.09640846922823686
train:5429,7.154674250978936,4.055953223531197
train:5430,-16.24810325328072,-9.935124242821272
train:5431,1.5503913048061744,0.07492246729401253
train:5432,0.9855542769417839,-0.11796650335998535
train:5433,0.08832032972051448,-0.09370161150765019
train:5434,26.95788146677855,9.886973306409102
train:5435,5.315162923323106,2.081203773006624
train:5436,-12.939865438662627,-3.358516539251185
train:5437,15.087505569691118,12.716914110059044
train:5438,0.5850173385368294,0.14611049680872817
train:5439,2.546752186959118,6.292881286825731
train:5440,-0.1776106186054512,-0.026654169342554587
train:5441,-12.716705528022386,-11.498807696856149
train:5442,1.3052422393877015,-0.016745948105193725
train:5443,7.681083374689318,6.049894547504285
train:5444,-21.235399954887832,-14.024807932858154
train:5445,-0.4622007574180642,-0.16757451746668256
train:5446,0.33352983428145266,-0.15716741137673002
train:5447,0.8423488429520973,-0.11947271619203084
train:5448,-0.8320718047692057,-0.08301317830036539
train:5449,-4.61003589333682,-1.2889798226990499
train:5450,-0.23440632684195412,0.03550671209739851
train:5451,8.958996980058645,3.152014671626709
train:5452,-2.5385842423900167,-0.10197051737722976
train:5453,-4.016564891896644,-0.10874034345526415
train:5454,5.4136578042995405,3.9306322643380076
train:5455,2.98649576462292,1.3721095008180788
train:5456,-1.394888538067581,0.05108370328116588
train:5457,-0.47143690444880737,-0.04218023061714976
train:5458,-0.398822645421515,-0.02140810337619646
train:5459,0.8535421721366274,-0.13231789552498943
train:5460,-0.46547039879630414,-2.1472321061639112
train:5461,0.6589318527309613,0.11646558048943904
train:5462,7.106832020553032,0.8731306347525905
train:5463,3.376387742832095,6.752259366624027
train:5464,-9.178040228340866,-2.6233893797918975
train:5465,-1.6802486948010231,0.12009501415680687
train:5466,5.76099225771666,1.2782546658447176
train:5467,-5.858693699337692,-0.31684879730315385
train:5468,-5.104756774652768,-1.8108909859906055
train:5469,-2.33972807322618,0.18975914089903625
train:5470,2.506009696106937,0.09707469521096582
train:5471,-0.3789788477425524,-2.495540756367018
train:5472,-0.10489733236781232,-0.6575334041631111
train:5473,6.638085093169686,0.33065409539898316
train:5474,-4.1303346038399225,-0.07593292229975751
train:5475,3.853190742989553,0.05253456371892897
train:5476,-2.8939161891047065,-0.5789312923523731
train:5477,-10.069313016449158,-6.374654522940164
train:5478,-0.3609468295881002,0.3013157571603974
train:5479,3.3269262083046076,0.049948979198376535
train:5480,5.167116778938449,0.7127373713842358
train:5481,0.31119594393292926,-0.07053378128426271
train:5482,3.817152742003557,4.8553764687738
train:5483,0.03179090239821822,-0.2636789707530317
train:5484,3.4657084268988125,0.980536249425201
train:5485,0.5824147360789875,3.4214310379315247
train:5486,0.2380901519566279,-0.16254957575583406
train:5487,-0.4203066684436835,0.21126383139937138
train:5488,-0.9376615436963175,1.4932905859656986
train:5489,0.19177459102356728,-1.2429996729908104
train:5490,-0.7444143594114788,-0.08792984045641919
train:5491,0.16213232983069614,0.01768309847765344
train:5492,6.751798550218824,0.30145884595283357
train:5493,-0.6615676373357309,-2.0053011488616996
train:5494,-1.539176297623873,-4.199250931212145
train:5495,1.605335366929964,-0.27963857822923577
train:5496,-0.8641735903730446,0.02543271899881043
train:5497,0.2218460863570605,-0.12098934326320679
train:5498,0.44571604069214577,0.2107816378615504
train:5499,-0.026471617334263786,-0.004252570329710451
train:5500,1.4128594790862756,-1.7321493519076814
train:5501,-3.5176546481749065,-0.27524605188914475
train:5502,44.20809792728704,18.826754759837375
train:5503,-0.40131761971412105,0.004046151649160432
train:5504,0.6965552189154645,0.1528925917164231
train:5505,1.1195060133035886,-0.24369119264549255
train:5506,0.18931099859339512,0.04605590835411724
train:5507,-3.663014970051713,-0.14413506106104332
train:5508,3.291670196838813,0.5175584450732208
train:5509,4.461226647930848,1.9101213631269347
train:5510,-1.3482234761703045,-0.04566629017046134
train:5511,0.4230634500962393,0.08937814451113113
train:5512,-15.705369052274046,-4.753380041192262
train:5513,-2.226673170371672,-1.3280472001976287
train:5514,-0.9370120553730582,0.08733609767670233
train:5515,34.81494767124597,19.109938750272647
train:5516,-29.390957417163946,-19.330985458120495
train:5517,10.325406972574761,4.322173417048633
train:5518,-0.621120600906908,-3.2628276569043835
train:5519,-0.2581103260585124,-0.16451986420282977
train:5520,-0.38233577719000633,0.004299374586921437
train:5521,1.1667963878671386,-0.150106842567903
train:5522,-0.1722128220377202,-0.09174344922950503
train:5523,0.6107348910304353,-0.19534800928031032
train:5524,-14.091610474470208,-5.149742558637858
train:5525,-5.960267257248001,-6.807740786097557
train:5526,-8.778464969675827,-2.5158542291038013
train:5527,0.8614331995601625,1.440455299015041
train:5528,-0.3587693932516761,-4.542189828526618
train:5529,14.482360980342055,6.270623917891803
train:5530,-2.1197168094501286,0.04322737247412425
train:5531,-3.328108199074852,-11.068477640548076
train:5532,-9.480042535410304,-14.073373096443706
train:5533,0.8451897151061957,0.045721796737082716
train:5534,-0.5747644760109237,-4.282683538049693
train:5535,4.150885133950673,6.3482884628591805
train:5536,-3.350478120450614,-0.09850043583463886
train:5537,-18.672583189781335,-12.755179222981024
train:5538,-2.717871844431347,0.00328634017506739
train:5539,-6.761196545032474,-2.387228960229248
train:5540,-5.783764504924868,-4.718587922847949
train:5541,-1.0073253265092332,-0.10523317010207164
train:5542,-3.086383243535265,-0.8559115348037178
train:5543,3.1972198567844936,0.05723595071268341
train:5544,0.47518012264386505,-0.02443565108614812
train:5545,-4.655260643977507,-5.152707050269787
train:5546,-0.699161248865482,0.09127667457069369
train:5547,0.004264127420744501,-0.19106005331395387
train:5548,0.08929479466364354,0.14685333164643047
train:5549,2.3570811402422893,0.003658399567563572
train:5550,-0.873211334295734,0.2349617891927419
train:5551,-6.75926993113728,-0.35017493316384307
train:5552,-5.819592363661678,-0.3755962335420885
train:5553,-1.4438388969247584,-0.0363840645674077
train:5554,2.463661848647588,-0.059848201293178055
train:5555,3.9261133578725373,2.7613035195086986
train:5556,-10.34812528947123,-2.634579979050404
train:5557,-1.4210324189738062,0.2976127105150663
train:5558,-0.0679257790889709,-0.8834624757537359
train:5559,-6.083178157030879,0.049835135871991586
train:5560,0.006860802193459942,0.10279624965707462
train:5561,6.091473953632117,2.22253056177846
train:5562,0.1327217132742344,0.2860693110734144
train:5563,0.8451811141513064,-0.02137186753045489
train:5564,0.8732044199299547,0.1075074802467195
train:5565,-0.5644944709566676,0.21895210777222573
train:5566,-1.3666134800147418,-0.06360560170712143
train:5567,-0.07942200136054708,5.8466976200232885
train:5568,0.17399420891418596,-0.14922462811882461
train:5569,-5.640589755422894,0.08216949378151767
train:5570,-1.3185845856219167,-5.709023150467298
train:5571,0.3107679883126286,-0.03158566822284904
train:5572,0.15781348818508675,0.08667557812637361
train:5573,-1.73519043234241,0.14057254682509734
train:5574,8.430202834803296,0.3776828020607682
train:5575,0.48449728137133535,2.7053753461971066
train:5576,6.297818765005616,0.29534511694001775
train:5577,-21.129272540051023,-6.34170615290437
train:5578,2.7601309522243493,-0.018692269536108364
train:5579,4.646094177571146,0.4399302786123951
train:5580,-3.2308620837650426,0.13091783384711753
train:5581,0.04035140955367396,0.13278840238791884
train:5582,1.1695645005920388,-0.20610862885745823
train:5583,-15.221301732108767,-4.287784232650655
train:5584,-4.297810537777657,-0.17437316102833822
train:5585,-15.4489322796255,-2.9991596652779577
train:5586,-1.264723313981213,0.14273129020211123
train:5587,-0.13924001540766362,0.34536271023224274
train:5588,-3.135462616715781,-4.819192326064323
train:5589,0.12958957094510254,0.14319222727924127
train:5590,1.7578586570218415,0.09066494501738709
train:5591,-1.0231675880405282,-0.17718743082733063
train:5592,-0.033799863358152965,-0.30383456491033795
train:5593,-0.0386425496481663,0.11279819904660957
train:5594,-7.184370034414758,-1.3894150301947574
train:5595,5.7218872027088015,8.165947533088662
train:5596,3.5903055787564666,0.10085977182205041
train:5597,1.2579372199550156,0.33177583734806193
train:5598,-0.9777961562502441,-0.2168138960403238
train:5599,0.4527827711957534,3.807686892953041
train:5600,-3.4412098260356507,-0.15254776902710915
train:5601,-1.6247497548577563,0.048272714680803644
train:5602,-0.855278808268109,0.10571423386494151
train:5603,2.94920946288678,-0.12655839330341898
train:5604,0.6930246431625436,-0.8992339136215417
train:5605,4.001192022933843,0.2830210775460118
train:5606,-1.116136471729733,-0.2401397944411981
train:5607,-7.89566853884002,-7.125349971273808
train:5608,0.07717116760163195,0.5368112346876079
train:5609,-1.4344722245921147,-9.746541488717313
train:5610,-4.957958466101774,-0.2802585821095227
train:5611,-4.280214843740155,-0.6893633134484554
train:5612,-2.0485552981952804,0.10906847482980737
train:5613,-8.386869537482099,-5.516393965148322
train:5614,0.39097119528025065,-0.060091865956668655
train:5615,0.4484488197645277,-0.1704491327883076
train:5616,0.6977598175164413,-0.008264905611134923
train:5617,3.0111340135070446,-0.0066779467606259135
train:5618,4.762183822752122,5.049239670099331
train:5619,4.026552519570425,-0.188487450927112
train:5620,-8.349263373207373,-12.111959293116893
train:5621,3.2665379741941574,5.778728303703932
train:5622,-0.2745813871296842,-0.31505983074567606
train:5623,-3.2347599435375587,0.09974787346886207
train:5624,-21.510048435910544,-4.355519870563221
train:5625,2.082769026293221,2.3687528989064686
train:5626,16.808888593398976,7.093315141246418
train:5627,1.2328758970736358,0.33743847287963813
train:5628,1.901274000802474,1.6221643699712827
train:5629,-1.4910000247067292,0.218728415622136
train:5630,-6.464506373669235,-2.0710868988231
train:5631,-0.18500337179100979,-0.017227428338964665
train:5632,-8.580222722724491,-16.12888026361821
train:5633,-2.268288309457752,-1.5855048814428645
train:5634,1.1425723795671403,0.03482778930257899
train:5635,1.8690822538596583,0.06344711705873352
train:5636,-10.952832857328623,-18.785298729554924
train:5637,-0.31077827332289165,-1.979536606574579
train:5638,10.258230260474283,16.577300792102676
train:5639,-8.056793713654118,-3.6248043539925643
train:5640,-0.7277498930844188,0.09137026006205776
train:5641,-8.493627379066467,-16.55157625466123
train:5642,0.024226013885754308,0.15416526880248843
train:5643,-0.7768766877459459,0.006208604207234472
train:5644,-2.1540109087177677,-8.308832665707072
train:5645,1.6664012168107436,-0.043005951385465646
train:5646,-0.47459763914149,-0.0982027027241559
train:5647,-1.3615728555331557,-7.925252556838032
train:5648,5.18454463812649,6.89926904876246
train:5649,9.768106008401043,0.1594046297107763
train:5650,9.57139798583536,2.7209887158874255
train:5651,-3.7121989494403413,-0.42020598350940835
train:5652,1.1606557709926881,-0.18302525383359447
train:5653,-4.845519810042169,-0.4851737163862336
train:5654,17.700139065516204,8.232947326543215
train:5655,-23.206567726241236,-10.334301743369911
train:5656,-5.6949380270769225,-0.07304147300255176
train:5657,-32.71025838435203,-15.562240656565411
train:5658,-2.59043823712616,0.1125896289423805
train:5659,9.482991327569305,3.4342522502484023
train:5660,-3.128822679541273,-6.30902826776435
train:5661,5.984284669553843,0.9226579028408242
train:5662,-0.5306146122731545,0.042166832012538125
train:5663,4.192884294049647,0.07982115418800555
train:5664,-27.12427571314297,-7.67132715724855
train:5665,4.298730434415755,-0.19345604161800806
train:5666,-1.5079011335223638,-0.010330919461644758
train:5667,-1.6020260320403334,0.43060439880147955
train:5668,-2.1643827304812535,0.2841780567151621
train:5669,-8.28741274430751,-3.162662078339588
train:5670,4.921987704928637,0.3425785418641617
train:5671,18.409298489214684,13.245706374860438
train:5672,2.6622699848690776,5.420661083453162
train:5673,14.29796952517779,2.810110065184781
train:5674,-1.0405996314768946,0.0401678687427312
train:5675,-2.2513660469422545,-3.974793548537544
train:5676,0.5840521719233103,0.12058705129051828
train:5677,17.636845335860865,9.764627395747782
train:5678,-0.5912450678699458,-0.09569272843290677
train:5679,-14.854077221822875,-9.461315166125988
train:5680,-2.6422048275639685,-1.7130987126610728
train:5681,6.469109338665858,2.365404364374003
train:5682,2.9742861280120163,0.06272140151823195
train:5683,5.676384896929257,0.4652334558399554
train:5684,2.575025152887795,-0.09940661729979827
train:5685,0.23866688085068877,0.28546699713356816
train:5686,-0.8303395259628609,-0.006993512472359631
train:5687,0.32009467782794915,-0.06850371795787444
train:5688,1.0447265219974853,0.10447479674760762
train:5689,-15.10408698904498,-4.486850844360351
train:5690,6.542215595558639,0.21632458097353147
train:5691,0.861300000988499,3.1989903084671716
train:5692,2.3059923980330503,0.09150521718832363
train:5693,1.6351476713255781,-0.05635985916690636
train:5694,7.949287648375811,2.425176675872022
train:5695,-19.42631694596428,-9.84725317286281
train:5696,-6.510105382076724,-1.8299356334831935
train:5697,0.06014546116922308,-0.13706935646305604
train:5698,0.5101904257497151,0.022728726005952854
train:5699,-12.892778697517535,-9.037199414701785
train:5700,0.44051780952366965,-0.19908030139169264
train:5701,-8.835396782211996,-3.4017233628129038
train:5702,1.4806154771214577,2.400019583313908
train:5703,-6.213114874667081,-1.0147697678564058
train:5704,0.5946778380851493,0.06397396343008642
train:5705,-0.9227456282524199,0.1572484542283425
train:5706,2.590044279790364,0.8138965824907247
train:5707,3.580029762246204,0.2160980356072416
train:5708,6.367394911061957,3.6817701822172655
train:5709,0.6808595223046474,1.345433498615829
train:5710,1.3260860724162207,1.393107032138842
train:5711,-3.8693858167481197,-9.553188157126744
train:5712,7.1534891788701405,0.42927522803465173
train:5713,-10.544329342572054,-7.431865851863977
train:5714,0.8138159887108206,0.07406536114749525
train:5715,-0.9204982219856804,-2.369090779523439
train:5716,-0.17003259620241312,0.009455992225405677
train:5717,-9.153236004273204,-5.048105291157038
train:5718,-1.9328836129302749,-0.14765165002769623
train:5719,-5.091677744223328,-0.5710090522511087
train:5720,-0.21723510155114856,0.09523608269160587
train:5721,-0.2543498491059841,-1.9997941562738402
train:5722,-0.7054297177720703,-0.037856324126671725
train:5723,-1.628910059983515,-0.1791955243889779
train:5724,7.416638415664152,2.86573579757916
train:5725,-1.4066530171484062,1.280979059333406
train:5726,0.3990040222303383,-0.378412357931611
train:5727,-1.8435838501051802,-8.521525096702081
train:5728,1.952616819868307,4.95817071542377
train:5729,-0.5028500325159049,0.04046831240860427
train:5730,-0.3499885156844631,-0.1363831579669262
train:5731,-0.4696812635893173,-1.6599218957312605
train:5732,-0.10239643039008,-0.11343431208689828
train:5733,-0.2980640861015243,-0.2101982862979061
train:5734,5.084416505554058,3.369285658658057
train:5735,0.041120148954181535,0.12172063408682757
train:5736,2.66532820547781,0.02722510941572838
train:5737,-33.36296021032445,-11.68369724791067
train:5738,-4.700403104401144,-0.22444168422973548
train:5739,0.16669037100552309,-0.03523065191850755
train:5740,-2.246056003360218,0.34246241596481664
train:5741,-0.4121762090326907,-0.23208273987447775
train:5742,-0.06041551826296582,0.09171920840333293
train:5743,-0.2978960187938234,-0.04482544735628477
train:5744,-0.5653350399534125,-0.09399962993975314
train:5745,7.651265956212418,13.430126857171658
train:5746,-0.008974601819747546,-0.09530083918781973
train:5747,-0.3403987996702994,0.222822210226074
train:5748,-11.3755535180589,-0.3901114003169797
train:5749,-10.485130597276964,-2.927024082663181
train:5750,-9.616569909074082,-10.278973316103585
train:5751,6.261866308652031,0.757125426452806
train:5752,12.434861361554155,4.657819779077209
train:5753,-1.996933296782907,-0.8351643732045155
train:5754,0.037629091102103274,-0.013455619183210643
train:5755,-0.5511629908783158,-0.06469438900908878
train:5756,-13.334551635618723,-2.4825420740024926
train:5757,3.6373244420954043,10.424918688780494
train:5758,-0.002544923123545706,0.031037148919904146
train:5759,-6.468218266849551,-4.946765899447511
train:5760,0.513291069987293,0.0901408092014243
train:5761,-14.012710428397428,-8.217889252544317
train:5762,17.577670766222763,6.4778644233716145
train:5763,0.04190969336719151,0.26340179231071864
train:5764,7.263850123178389,3.5745797000461446
train:5765,-0.24418049846975642,-3.706413185034993
train:5766,14.412478454325063,1.857882826344533
train:5767,-3.1271587434575614,0.3465165508635729
train:5768,-3.4926151763681106,-7.148232194555563
train:5769,-0.4136934639668042,-0.12792337193355832
train:5770,0.27697623130217036,-0.009137989768372892
train:5771,-0.5101991997814166,-1.952512654656724
train:5772,-0.8126761865774456,0.19549581739100572
train:5773,1.0513046252800868,-0.07489691949749244
train:5774,-0.14030746364689278,-0.09078448326464333
train:5775,0.11248947787581356,0.1665157004463455
train:5776,-5.169046355409338,-4.227559401063296
train:5777,2.657307001439735,-0.11503710628731798
train:5778,11.437176629722988,5.231404970325972
train:5779,0.36959340567387655,-0.09688950996804882
train:5780,-4.15985308101986,0.07838869699473325
train:5781,-3.05170279867233,-0.0821603519781483
train:5782,4.198268956726804,2.8570728625523434
train:5783,-2.5866454484782366,-10.883936181869972
train:5784,-0.610957526643167,-0.10767095802345764
train:5785,-2.0105781305691166,-0.16031821802652702
train:5786,2.2080612282892234,-0.015014473854148433
train:5787,-2.6073532934362094,-0.7294712588952195
train:5788,0.7906701217291031,0.029987878662308516
train:5789,-1.2652837707984563,-6.634298909081174
train:5790,3.160229474388192,0.24952788587680533
train:5791,-9.431646589456124,-6.03171106047977
train:5792,-0.3900818669007453,-0.2017521957022988
train:5793,-15.050121343654403,-4.069528315387024
train:5794,-8.008407066029548,-1.5276750395338896
train:5795,-0.5478100132209461,-0.03915610676663825
train:5796,-0.9473227406193582,-1.2973879655191956
train:5797,-0.09085917923909967,0.06219098862662889
train:5798,-8.396435658984876,-13.694168109295937
train:5799,28.714374983093805,11.877228560373249
train:5800,6.813468791524254,14.07933854105605
train:5801,-0.43653085886370957,-2.1461349018741536
train:5802,-0.8232718656262922,-0.08878580531645641
train:5803,-0.15703957532186558,-0.6316971034885577
train:5804,2.93273073069368,0.5626492472918816
train:5805,-1.2513962506094258,-0.040758472984627925
train:5806,-0.1464266943632404,0.09246304186670529
train:5807,2.485923909399874,7.142305434045788
train:5808,-0.3430528916283566,-0.13305231337490137
train:5809,19.797989139142306,4.960946324143251
train:5810,6.605978425942802,0.18731393461552992
train:5811,18.872176775864673,3.694583976172023
train:5812,-0.17862262555438063,-0.3854356922690264
train:5813,-3.544327371577701,-8.759619140883554
train:5814,4.4971609725416934,0.03597749277041898
train:5815,1.4190628596855936,-0.23608708615054186
train:5816,-1.7035161374423917,-8.664821603277673
train:5817,-2.5691999224639357,-9.109455973683447
train:5818,17.136807204757435,11.392180665065677
train:5819,-0.23747082382317314,-0.04326958856235713
train:5820,-13.070971886163768,-1.4362460089738738
train:5821,-4.069288280451324,-1.206629726087829
train:5822,-2.831003226046898,-0.12402644924742887
train:5823,-0.5253873238246471,-0.2455209601946321
train:5824,18.040796388440377,5.6555971879443385
train:5825,-9.919446259126861,-15.681277977721066
train:5826,0.2558334569766893,0.04447166005899835
train:5827,-3.5761453256701943,-10.186395580701399
train:5828,1.7929607811325905,3.8814870418989704
train:5829,0.07475964581727584,-0.004870434297847309
train:5830,-4.313036552514048,-5.520361647596214
train:5831,-5.092869325162851,0.10165153931758485
train:5832,-9.458862800224622,-16.009207245893165
train:5833,-3.862039671439731,-8.061093609482699
train:5834,-0.3024132635474864,-0.0003303966802098851
train:5835,-0.4343336635768642,0.5712914965012474
train:5836,-8.696585738796001,-1.3067385256502422
train:5837,-2.3155159202964346,-0.012467122430677657
train:5838,-5.314342518811836,-12.704387409472895
train:5839,20.28742903415625,5.8926640742937675
train:5840,-3.282457120021547,-7.851201324866492
train:5841,9.278236530559118,6.4864371967665075
train:5842,1.2249407025844534,-0.0021630174455495726
train:5843,-0.08460837715877043,-0.02581532377971811
train:5844,-0.4102450622018118,-0.1379370195095138
train:5845,11.715864305128287,2.328475757739037
train:5846,5.223370743246048,3.61242276247325
train:5847,1.3444391154004585,1.1956787371712567
train:5848,-1.6215353223115758,-0.029898276162095658
train:5849,-0.039823437508637594,0.02081136471946947
train:5850,-2.541221713583896,0.17941309363576635
train:5851,7.3614718910044425,13.737279004974454
train:5852,-1.9011277251879286,-0.2372141065495909
train:5853,-0.9519175101961445,-0.09777928544005751
train:5854,-0.09713508680937594,-0.2767890712101718
train:5855,-7.492838399894997,-1.3995530779970382
train:5856,3.4887369024692036,9.76436261728441
train:5857,1.0695451584760436,-0.10713883320213449
train:5858,13.271344672268425,11.226827655976646
train:5859,-1.5668690477848854,-2.798104361876775
train:5860,1.0508025154811462,0.01869798748003758
train:5861,-0.19406831332780855,-0.27564892601660224
train:5862,-0.49552969007218417,-0.12130490897494053
train:5863,-3.061318666238522,-4.896875702258622
train:5864,-4.8644144807261895,-1.3446506359093908
train:5865,-0.004030447507864937,0.17857324944725983
train:5866,-3.9653906050549925,-2.965935674557233
train:5867,1.6704543586877474,-0.28773144065926765
train:5868,-23.24937723576572,-10.30025146123763
train:5869,1.7634822867699755,3.006049266617522
train:5870,2.3045748676840043,-0.18104269655693828
train:5871,-8.315780088281727,-1.8295624328042175
train:5872,-1.1677514993948988,0.06882756950811748
train:5873,-2.341945724838167,0.1046859347464168
train:5874,1.9749163063972732,7.1468026734204235
train:5875,-0.9145035888861069,0.060900193617692756
train:5876,2.3080998644391593,-0.39854279684915633
train:5877,6.1804059675211365,2.7374106870488597
train:5878,2.9144197626509274,-0.20166046480146482
train:5879,-19.95753609558192,-5.691797142980669
train:5880,-1.6367322797679358,-0.8744426033802837
train:5881,5.140660241699087,3.813062922917315
train:5882,0.013605345576080702,0.02288779280910977
train:5883,3.474742219031418,0.6390710739432948
train:5884,-5.68289669023196,-0.019949396593883034
train:5885,-41.39029742661037,-13.205390489771561
train:5886,0.1801701594411546,-0.10234286209134594
train:5887,-5.269173558148809,-0.1639087052927632
train:5888,-0.05872566308546662,0.12744133256807633
train:5889,6.90086518627818,0.2499645706162343
train:5890,1.9665908145227102,6.669035615212328
train:5891,-9.547734374971178,-0.8715488715101178
train:5892,-8.815143160655472,-3.7867218054550253
train:5893,1.1721922085398275,0.08136631342118274
train:5894,-1.1425465173210445,-0.08072946405378609
train:5895,1.6444385622719002,8.442903523202306
train:5896,0.06285882997854413,0.027193010733476977
train:5897,1.0343054190870666,-0.18355124424008734
train:5898,15.396764293188207,3.0482454810011563
train:5899,-1.0791625938684892,0.17606113524386058
train:5900,-0.8396796980561159,-0.13660941801159604
train:5901,-7.863107648211686,-5.679553421622697
train:5902,0.1026571916879487,0.04270751648246164
train:5903,1.4250742297784655,0.036456975752849834
train:5904,-1.6070947839689902,-0.13570608976263676
train:5905,0.1579164671855176,-0.046821842731511604
train:5906,-2.8398101389370187,-2.8687805244051883
train:5907,-14.582246134671998,-6.0924531801642114
train:5908,-7.918445727052701,-3.126520674054236
train:5909,-1.4546830738324323,-0.1537931978984633
train:5910,-0.18913531701145797,0.21935305597874816
train:5911,4.116516183129674,7.3572644599901755
train:5912,-2.2416062877253475,-0.6179105054703682
train:5913,-0.537331028208705,-1.9730175782005355
train:5914,-3.591550333251578,-7.222844939475287
train:5915,3.1060787922383764,0.03610488887375452
train:5916,2.4227008470495717,-0.3099970839201759
train:5917,-3.534664082530498,-0.11147714843442316
train:5918,-0.1928281486160735,-0.3697293077305834
train:5919,0.09256071671003943,-0.03283509159688336
train:5920,-2.970778971159932,-0.015810235852363033
train:5921,1.0145000932468653,4.939843366483893
train:5922,-1.7911229069037438,-0.006149816441982953
train:5923,-0.059313666204179605,0.08557423667312572
train:5924,0.5876508579406244,-0.06345466657013488
train:5925,2.7202146179580176,0.698069842864258
train:5926,-2.8904609298216264,-4.548344215870285
train:5927,13.53951407721888,3.5845051832415162
train:5928,-35.58081266623142,-13.386194235227505
train:5929,-0.08868732190044157,0.7029656765420509
train:5930,-0.08439405066125968,3.014816629357263
train:5931,-2.6168650197107692,0.02309450832280875
train:5932,-5.447548064222437,0.07230991988036892
train:5933,-1.025679996701153,-0.016038493148372968
train:5934,-3.446094238579789,0.055380076235312714
train:5935,-1.9562319510392503,0.0324205307945343
train:5936,-4.1385957047819355,0.12490896052965621
train:5937,-1.0034225851136718,0.07579697805935055
train:5938,2.0539188665540027,7.430540758441762
train:5939,7.5857796804350395,1.4900496176839777
train:5940,8.59111042870452,8.310704886358717
train:5941,3.228448296779712,-0.10160887222386403
train:5942,1.5133679133397573,1.0545605185036502
train:5943,12.93393618570999,9.36587102991028
train:5944,19.624393044655264,6.886560823807107
train:5945,-25.377197685390808,-17.908039746372935
train:5946,-0.27041294596551674,0.13322437382329783
train:5947,-18.727487966462522,-4.482700270754031
train:5948,-1.8432026185911696,0.13675779676553146
train:5949,11.511124385445475,1.9690506918986272
train:5950,1.7400904789700733,0.05635159635145496
train:5951,0.5953968314222433,-0.28679986556992715
train:5952,-4.708729293650428,0.1868882347584714
train:5953,-2.318065522275499,-7.62532703502691
train:5954,3.3766555347248635,2.8301767347202538
train:5955,-9.319469681375042,-5.658847061015156
train:5956,-4.29745069242175,-4.282646446239092
train:5957,4.480020896655081,1.9208996726445233
train:5958,6.8693322259882335,0.33641759212323374
train:5959,-2.917548823641508,-3.0836605162608324
train:5960,-8.23120620148092,-7.069761330690031
train:5961,-4.72091800901971,-0.042407631948299634
train:5962,-4.8334887013597765,-0.8259367866916942
train:5963,-4.782456678961159,-6.811399750552596
train:5964,-0.7230519120489612,0.008308000687285752
train:5965,3.1017457706401115,6.412105778964115
train:5966,-0.5472816356408573,0.141990309954939
train:5967,-0.2963658624273761,-0.051703838310733885
train:5968,-10.166184873992165,-13.44957215603762
train:5969,-0.6615539222995561,0.013616980070856627
train:5970,2.3389140638502517,1.2172694521400256
train:5971,3.357235508417877,-0.036899212752340094
train:5972,0.06343799968412762,-0.011432831558132683
train:5973,-10.227109389262873,-11.169904911316568
train:5974,-0.43095348830538527,0.09403659060107371
train:5975,0.10115179212408809,0.4168752930897225
train:5976,-18.331935165186774,-5.208125639168037
train:5977,0.5146329351791377,-0.005806289211488014
train:5978,6.370587957450035,14.113225619221682
train:5979,3.244099942554002,8.93418911976659
train:5980,-0.09816673647960655,-0.5071602081071622
train:5981,-0.605306931739164,-0.08091264053383404
train:5982,-6.444529842335089,-8.126289029012295
train:5983,1.5668235453512245,-0.3607127165557613
train:5984,-1.2947160059712615,0.11462796659574914
train:5985,-2.6680476750490696,-1.61552742092624
train:5986,0.8500064823024212,0.21994916417335908
train:5987,-0.3775610849352661,0.014176210446080945
train:5988,6.363880142469374,1.2705197393869911
train:5989,-2.0316927774475273,0.1589230068161953
train:5990,6.566601859710332,2.2621189365551815
train:5991,3.227494985536446,0.15535563060118018
train:5992,0.41569870812863086,-0.19377788440538207
train:5993,4.695137287266183,0.01721317376949301
train:5994,-0.8177293638040055,0.277829080026646
train:5995,2.3096043341700585,-0.1502084170646274
train:5996,-8.434359826132264,-6.656622472630945
train:5997,18.081787144693145,12.14125605724089
train:5998,5.894862168777896,3.509995439426616
train:5999,0.753380333119359,0.2742351689009698
train:6000,0.033019211739700544,-0.06058318978633001
train:6001,-17.171823492396104,-4.602367582046675
train:6002,5.831356902123931,7.579684075654648
train:6003,0.17082347851717253,-0.024686591450949022
train:6004,-1.6679365441061687,0.16265615489243768
train:6005,-1.709312948579512,1.622150389211902
train:6006,11.348252984330617,4.348383346384593
train:6007,0.5502490244590799,0.7033562818398478
train:6008,21.87892369154188,9.503687649451914
train:6009,-7.285835266785109,-0.6255109027842587
train:6010,-28.693532485433302,-17.48859528051158
train:6011,4.903556555975675,0.20096543284664356
train:6012,-3.904997024405017,0.042445733896100256
train:6013,0.7731106911770796,0.028951590538423458
train:6014,0.7709985756061658,0.07683397948728565
train:6015,-0.3732445678720592,0.027478189692679386
train:6016,2.2552904663355875,6.495810582627155
train:6017,-0.31212385784658025,-0.4613650538042982
train:6018,-0.019937564888189624,0.07803147432647772
train:6019,-3.830351893961778,-0.03796973947062665
train:6020,1.4944035051836613,-0.06583196630807825
train:6021,-1.5943342213286926,0.22298199033328098
train:6022,4.2309958225386755,0.009178231628323597
train:6023,1.350798010562504,0.1388536267253326
train:6024,1.949453295676741,3.640614535781816
train:6025,1.7963390967381474,-0.7502961706358751
train:6026,-0.13814141776424094,0.04101841249198819
train:6027,0.21152784621795245,-0.07689445615919932
train:6028,-0.29437729841115534,-0.1428311412575866
train:6029,1.8150657001144674,0.18309488382040645
train:6030,-7.1474584553619005,-11.192932648624529
train:6031,-2.9850016961314036,-2.534706284502881
train:6032,-3.5779389734519653,0.0072451776527395345
train:6033,-2.934875795953281,-10.02543310070112
train:6034,-0.3967612057469758,-0.03190936560075311
train:6035,-21.321874420260926,-9.31512036253431
train:6036,1.6424984657987713,1.278519016325659
train:6037,7.996264669231503,12.775184773870937
train:6038,-1.2259739200809374,-3.0275685683393534
train:6039,-0.5172454739598822,0.04028028546101609
train:6040,9.009168906968336,1.7264903657382893
train:6041,1.041161077508527,0.3693860773332374
train:6042,2.2315065014843833,-0.005974628967295323
train:6043,0.7527552529113262,-0.04377546379463912
train:6044,-16.566344163181082,-4.838745987327013
train:6045,-0.6171302227547723,0.18286890909735665
train:6046,-6.044787213737069,-4.6955202405131855
train:6047,-2.1213663331229444,-2.8302133157064913
train:6048,13.78130784039758,5.522105473518853
train:6049,4.555320629502865,0.011526713882645728
train:6050,4.18693289818276,4.97264108670432
train:6051,-0.5427335901703612,0.05207433994584896
train:6052,0.6907195872522222,-0.04566201034616116
train:6053,0.7129740931117001,0.2968394889248327
train:6054,19.35244665821722,8.237824043672468
train:6055,-2.095246395415465,0.13560224420448122
train:6056,-0.009987771059878248,0.1526465018191624
train:6057,3.3253540932257954,-0.2461716361490704
train:6058,-15.748126491152716,-4.888338879387851
train:6059,0.3522143627162873,-0.02858722331813865
train:6060,-9.82043392610763,-5.446471337018361
train:6061,2.5450803472952384,-0.09170321888108329
train:6062,-0.24674172336083366,-0.15505717267511826
train:6063,-12.11793029445618,-2.8048984402925106
train:6064,4.5738382529212,0.1893345823284578
train:6065,-0.7327114817643202,0.019193591133999127
train:6066,-9.704792460413858,-1.0613259819154504
train:6067,-6.351545616402028,-5.859718617293051
train:6068,-10.798480585802457,-8.541627716761676
train:6069,-1.5068308957842516,-7.830981722942693
train:6070,4.041975193978067,-0.15587732967184392
train:6071,5.0023922207323155,0.4591832108875923
train:6072,-3.271226597518577,-0.2872612306294872
train:6073,0.1404128266111542,0.169126107947839
train:6074,0.35300751023202115,0.15093771063690808
train:6075,2.114504922626906,-0.005938107799933742
train:6076,5.6036956701194836,9.053518039617899
train:6077,-5.502104153543249,0.303123982927226
train:6078,-6.732946360011342,-3.874508990857203
train:6079,4.4099231143076185,6.862860868762397
train:6080,-0.24693419878376088,0.05438886892738961
train:6081,1.2284921995789966,0.11424492232088249
train:6082,-0.16278664039557256,-0.04372267929493681
train:6083,-0.5845388800969663,-2.2413164823805727
train:6084,1.3190797810550778,0.09555307501143966
train:6085,22.935286462209977,12.318745506758768
train:6086,5.49641386766159,-0.01654722159685508
train:6087,6.48087172562252,4.352541338353034
train:6088,0.397293594498577,-0.08049749757671598
train:6089,0.7304215950210431,-0.06903270424137745
train:6090,-0.10882238975443781,0.05947401350006074
train:6091,-2.857201269723101,0.10028941390364562
train:6092,4.453475560367944,5.992786283972321
train:6093,0.6306686500483749,-0.17043686395864704
train:6094,-4.0735287836699685,-2.554352389970455
train:6095,-0.1970577262974268,2.2417690853118466
train:6096,2.7418790285746204,9.346414948641636
train:6097,2.053674204256139,5.803187214257876
train:6098,-1.7647951515294809,-2.603047089571493
train:6099,2.442781054758869,-0.10073478944095601
train:6100,1.1053167623187132,3.270976097231442
train:6101,-7.436797367335466,-2.446819236533699
train:6102,-0.7720761926265379,-5.824316481325152
train:6103,-0.3312187913045767,-0.004228460652819399
train:6104,4.162480150974356,0.06790170085117722
train:6105,-17.156550056178702,-11.94490690845907
train:6106,-21.85451063531113,-9.358259279550467
train:6107,1.7686465790353751,-0.12972717521527677
train:6108,-0.23086482555174154,0.17979057413904276
train:6109,-5.175882952255098,-2.1345575491597204
train:6110,-4.066434158177531,-8.793887408733525
train:6111,-2.923231032866185,-10.22784596437032
train:6112,-17.062648085113132,-22.90217813512491
train:6113,4.3841760396175005,0.47175619339505903
train:6114,-2.7920469443128,-5.589425457649938
train:6115,1.5786631084436502,5.469925855650984
train:6116,0.5298171074322839,0.6856665197250911
train:6117,5.620825052927044,1.1144752054900555
train:6118,-0.11295549726608728,0.005115109098536907
train:6119,-8.661335771244453,-10.248086680094001
train:6120,4.286426419759309,0.18144230099729458
train:6121,-1.1611492204553113,0.049631130913682715
train:6122,0.9924024966995563,-0.1335795877286843
train:6123,6.849596521390987,0.7240244093503065
train:6124,1.1538084810678764,-0.12015206696928038
train:6125,0.4935768677772699,0.21901887303130863
train:6126,1.5870660089122164,-0.14802741860125257
train:6127,1.50568842291485,2.410236379883312
train:6128,-1.5539957428980666,-7.095932741607289
train:6129,1.9574340519810125,0.04653153949467793
train:6130,0.4888365793420868,-0.20867552481189988
train:6131,-1.4480012941746794,0.1238601182544906
train:6132,-0.7027834131650614,0.1033888626618404
train:6133,7.028532181656579,0.12856592773335523
train:6134,-4.7064553871443,-11.548341812663264
train:6135,5.608954340430425,6.913681785075767
train:6136,0.2827869899337059,-0.14082447430403935
train:6137,5.477401573108003,0.5184094168049078
train:6138,-1.1390545296360055,-1.2561518583869025
train:6139,0.9000682240062347,-0.14383176417897012
train:6140,1.6089180133287009,0.014322009793907284
train:6141,-0.21481451389542272,-0.01656719411025595
train:6142,-4.083166037394263,-2.925131259036019
train:6143,-0.09048329426461502,-0.2640962536222999
train:6144,0.6754387123711317,0.02973165984753738
train:6145,3.015355455149989,10.745671547566042
train:6146,-6.382592738969851,-2.3318386181713793
train:6147,-3.6359098743220533,-7.682613909893001
train:6148,-0.5247999018515348,-0.03792152011684455
train:6149,0.6642876905863272,-0.22450787884557838
train:6150,-0.02669931018058891,0.3239050977992096
train:6151,7.914149725696063,1.3498488506855209
train:6152,-5.997011931284358,-2.384480171742048
train:6153,1.0966404909596128,2.032435032445193
train:6154,-0.8503302372496616,0.18957710570546832
train:6155,-1.0061730310123127,0.38837936693422337
train:6156,-4.701174865758776,-0.11657641642728489
train:6157,-9.279754655944766,-7.180664132459134
train:6158,-1.595466757875192,0.15543038486562344
train:6159,-10.04979768226367,-12.5002865830997
train:6160,15.032589635014398,10.326687020156143
train:6161,2.115525879218085,-0.06417167980122607
train:6162,1.8746777561607222,0.995318191914804
train:6163,0.10092305321568185,0.057476048855923854
train:6164,1.2022746294106121,-0.19632552115047286
train:6165,14.88725674320994,6.992534979912116
train:6166,-0.41687651465055076,0.009787535947860096
train:6167,1.9667191314713284,1.5437186144083115
train:6168,-0.1649657039396784,-0.01094664351763154
train:6169,10.800153647138966,9.311718698361647
train:6170,2.1946648923618417,-0.11681465997999527
train:6171,-3.1302509029693706,-7.478606669011169
train:6172,-0.8373244311659004,0.2192277284571577
train:6173,2.2168132810346455,2.9843907877639997
train:6174,0.16874832380645854,0.28294147281402837
train:6175,3.839136317784023,1.4263538485891678
train:6176,5.38328202112956,0.08179030134852117
train:6177,5.176102219757082,1.988132145880197
train:6178,7.115885804094299,7.638268022605316
train:6179,3.7216000849739705,3.132047579336621
train:6180,5.0217383253189025,0.8552889032099746
train:6181,-1.694731075626854,-1.8475438292798294
train:6182,1.3288753388409833,0.8805822368416445
train:6183,-0.13492442817741773,-0.6861915356595873
train:6184,-3.658923240106828,0.029956207962487144
train:6185,0.5174173199808552,-0.025231555745172732
train:6186,0.5592635225577443,-0.0010622466355417054
train:6187,-0.44275911249473454,0.010362601672995103
train:6188,-0.9428802311899355,0.24608505254892563
train:6189,2.767288108983414,-0.0880128690478428
train:6190,9.897535037240539,0.6511164967753587
train:6191,-3.2617227748241855,-2.317231577834844
train:6192,3.5639657355537104,0.4098171495146656
train:6193,4.659247594637466,0.36821312015336644
train:6194,0.10515216598055466,0.1693674900383695
train:6195,0.3947876946686793,-0.13311451348806408
train:6196,8.628241448336173,3.884716597315891
train:6197,5.926789378243307,-0.15031341542079196
train:6198,-1.0837978111790791,0.2527667142463762
train:6199,2.7976555236567457,0.7528859751618515
train:6200,1.6273933293473104,0.17353967675740595
train:6201,0.2490254524944802,-0.06391574630807492
train:6202,-0.8110168996585392,0.26345714470500103
train:6203,-12.892397466003525,-7.0094631714463285
train:6204,11.563414471840327,1.4257737897356826
train:6205,0.48470440166339834,0.4438523096010856
train:6206,7.775767335275089,9.648851300708866
train:6207,0.270858162877024,-0.12597819178912376
train:6208,1.282652180058422,0.30126368596474506
train:6209,-1.5987764982998751,0.8352276547852824
train:6210,5.549623558854873,0.18077036858216539
train:6211,-4.981491143595267,-6.052088159937816
train:6212,-6.904151853955652,-0.4643358225118674
train:6213,-1.6607851988031102,-0.6953071334365537
train:6214,-0.9477678981494374,-1.632476951763077
train:6215,-6.961661092760602,-2.0849886241149647
train:6216,0.10889055940025918,0.39264792103041896
train:6217,-3.9386472143471623,-0.05070934980418065
train:6218,-37.03059706102865,-12.24274159343874
train:6219,-0.25813961579678396,0.0057452418963343105
train:6220,-1.5026624546200842,2.071288704050383
train:6221,1.4534643546602286,0.3307031707176253
train:6222,-6.818538413904445,-4.055287628010585
train:6223,1.9669418264654883,0.09632201677737309
train:6224,-5.945942715567299,-0.5139130575488058
train:6225,8.43006893885691,1.9238597417913421
train:6226,-2.0926170602599945,-1.3018752186371307
train:6227,2.3279229733347395,3.8343638937809614
train:6228,-0.37139652486206975,0.11975833464519223
train:6229,0.526612438132194,0.722839040679965
train:6230,25.926086742606017,9.602026599005391
train:6231,-1.0567243297700935,-6.58821547294649
train:6232,0.15873332544175697,-0.22726722423271833
train:6233,-3.6657110207221355,-0.1841454265137632
train:6234,-1.5390591386707868,0.007335767267093479
train:6235,-0.1293186977137829,-0.10331181431290809
train:6236,-0.39169919510728635,0.03707341311288664
train:6237,7.081897154954349,0.5161976036065716
train:6238,-0.3976545427642576,-0.13738235428020967
train:6239,1.4378608277416705,0.0210809936503812
train:6240,-2.4875512901584376,0.14338011156601943
train:6241,-0.9718115188550013,0.09221452673567447
train:6242,-7.046696176710066,0.07931970144083374
train:6243,-0.7480302473385715,-0.17565311381571386
train:6244,6.12348670772994,0.23345158185801623
train:6245,-0.7331180512265179,0.2127514983261161
train:6246,-0.3071057818142981,0.7670536202035676
train:6247,0.24904707111082347,0.12348691757551437
train:6248,-18.06901559713413,-11.518391031567322
train:6249,2.1765726675231645,0.04822021550272136
train:6250,0.1695872655955217,0.30365696371340917
train:6251,-7.107071160700822,0.1426685194457085
train:6252,5.492910257064539,0.08747932912994856
train:6253,-3.422017608804109,-5.478371435422228
train:6254,-0.8961905287191921,-0.06746714451236938
train:6255,8.51725379661221,1.8584434833278574
train:6256,2.386296491876941,-0.651479735351308
train:6257,0.28989556292055857,0.9422563595978566
train:6258,-0.7091678787335346,0.1418085600829911
train:6259,-0.29173727017663326,0.027733409881780482
train:6260,-0.46046429436339487,-3.8636202618726694
train:6261,-1.4812451471128676,0.21969565591397805
train:6262,1.448051099619521,0.10436908508739302
train:6263,11.558597937102343,4.8060540616087355
train:6264,-4.783839805490648,-11.934749458786627
train:6265,3.1950447450304718,-0.030774926839583785
train:6266,-1.070976809396317,-0.047404041497146915
train:6267,-0.5586583743769449,0.02644960525253466
train:6268,39.94315497909501,16.63373170210873
train:6269,0.6368978335123608,0.21775546889789368
train:6270,-0.6967585604942554,0.1319090411550406
train:6271,-8.349732009019718,-1.432293733893462
train:6272,-6.9960221400014335,-4.908638942008493
train:6273,3.075013537927813,-0.1612078508377257
train:6274,-0.9434130254765892,-0.04378987253644975
train:6275,0.16361541340349275,-0.02150753796077079
train:6276,-2.439720682644546,-6.438336025953973
train:6277,-8.483293215537902,-2.0277228630487545
train:6278,1.9635986120542093,-1.1900725124785088
train:6279,-2.297753786158913,-0.30238013795232466
train:6280,16.92653663862259,10.852942205112388
train:6281,-0.6275083208907447,-0.021990587463451797
train:6282,-36.23838309758764,-11.260418059476343
train:6283,-1.2330136854286762,0.26116344420172133
train:6284,0.016238981208995945,-0.08530687880364513
train:6285,-33.89388367306049,-14.507197771953692
train:6286,1.3020182760536705,-0.15639304850001634
train:6287,4.030813014197731,0.09880545615796109
train:6288,-0.5608469687089009,-0.01902181600722269
train:6289,-1.3302509673253562,0.1134818296481593
train:6290,0.4022769180239417,-0.2043938459211837
train:6291,-5.6575452594667475,-2.9993773656740275
train:6292,2.0061677597582763,-0.03707582683512778
train:6293,-19.51179463040318,-8.336290877130587
train:6294,7.889106534557423,3.414243786323412
train:6295,5.976011480783337,1.724092808165325
train:6296,-0.7202559043352312,-0.07138917550105991
train:6297,5.398988759506788,11.471045843410066
train:6298,-0.5360959775782554,0.49697577138795573
train:6299,9.258194910917704,4.659780223928315
train:6300,0.22862700945428044,0.10843035302664963
train:6301,-11.309113233663535,-2.8657760877464575
train:6302,1.153566259581536,0.44331875817166244
train:6303,-0.4367740101830113,0.15151149241475304
train:6304,13.673750342466752,4.011554040919446
train:6305,-6.167973344076405,-7.686729388940059
train:6306,-14.054352067722897,-8.895489296333464
train:6307,-5.975841959344767,-6.760516634126063
train:6308,9.86471751271497,9.264850057128688
train:6309,2.0590250442593394,0.1433331761595274
train:6310,0.26208797838886255,0.28649001780212263
train:6311,0.005704671135575323,-0.02784995225202659
train:6312,1.4472600442279493,-0.18217014493841727
train:6313,-2.1490386269588146,0.3501221601756697
train:6314,2.419683074174643,1.371374940307357
train:6315,0.9109449450675439,0.1002634496362245
train:6316,-7.470084457506341,-1.2659121403642868
train:6317,-0.1450995902696517,0.09742763805492118
train:6318,40.23106101847568,12.256164203911727
train:6319,1.6522633390969639,0.646067374057214
train:6320,1.415335159344941,0.08653947971362769
train:6321,-0.3125904015347625,-0.13627473575132149
train:6322,-1.0257088215229442,0.02515881024359852
train:6323,-0.49529397741657044,0.000577211393049587
train:6324,6.599929397615011,2.390472151265053
train:6325,-5.235090530963317,-0.08677913836290915
train:6326,-1.508329554059145,-5.33099882418314
train:6327,0.3487044757467488,0.20761485320103273
train:6328,-14.901534036486444,-8.193709386534746
train:6329,-5.853172816131749,-0.6410446677425943
train:6330,-0.4848512558898084,0.0057937465717364245
train:6331,-14.022561078786273,-2.564329516379049
train:6332,-4.987071071194235,-1.0656391888451777
train:6333,0.30834949278106494,-0.09919205544154894
train:6334,-9.769711538085025,-1.3829482156771762
train:6335,-8.494923566214103,-4.3469750586870886
train:6336,-2.8653424222131454,-1.7814164066784637
train:6337,-0.06521322388349074,0.2868130018759767
train:6338,0.8380585936700388,-0.1505488057573022
train:6339,-9.39925120909485,-1.8230154429114127
train:6340,1.2271213933362408,1.2104544025852193
train:6341,0.20252427365657977,-0.13562705567389333
train:6342,0.4197969469042428,0.29932877739863095
train:6343,3.1949898848857727,0.2506148185882426
train:6344,-3.9442829319237895,-5.1425267748677435
train:6345,1.554875656718842,0.03385370129185663
train:6346,26.050950291607,10.043697048422477
train:6347,1.1473210364989725,-0.3392108792716263
train:6348,22.780939769681577,7.140185494409097
train:6349,9.305067790481765,0.3831701074568468
train:6350,0.13653612053850078,0.9262010267181382
train:6351,-0.4947700165430464,-0.08669582444986554
train:6352,-0.8592106069437017,0.16009082820690612
train:6353,3.4136521934936517,1.0943022536511284
train:6354,-0.020750006437864232,-0.00688537557837493
train:6355,6.419028535386343,9.741056406075316
train:6356,5.983508723947888,3.914753830862697
train:6357,-1.2092164704577777,0.06879932266773625
train:6358,-2.6534567362250416,0.24189995502658362
train:6359,-4.595726693899977,-0.044893924545087754
train:6360,0.3407230220677564,-0.046901162141875036
train:6361,12.327302003957405,4.039424542083879
train:6362,5.752581918584406,0.4072105938550422
train:6363,2.510974539202202,0.07298870001437843
train:6364,32.70184275806168,12.385736740564722
train:6365,-0.24388492781727822,0.051193980087300674
train:6366,8.106890615933636,0.9093982938547975
train:6367,4.705812234574955,0.41858679482736694
train:6368,0.18045003916241592,-0.04826129030447418
train:6369,-0.33249649802211223,1.2100894762332235
train:6370,-0.03479280873138191,-0.11122378283585213
train:6371,1.6979657914213644,0.03720480371890235
train:6372,16.27376042601329,17.60123677241416
train:6373,-0.09739822953733923,-0.3676249181221819
train:6374,-1.3648835257907996,0.2191786531385156
train:6375,-1.5811445407768936,-4.175331278520025
train:6376,0.44763940017197634,0.203919082257012
train:6377,-0.8844114047692314,0.08859950181011728
train:6378,2.024928999412394,3.8329327205349792
train:6379,2.602728596127859,3.617068083768672
train:6380,-9.840356527130037,-1.6344826200909544
train:6381,0.6511256725651177,0.009710784432076763
train:6382,2.1759445653580083,0.8184591605163432
train:6383,0.9489904554163414,0.08951196035091695
train:6384,6.289567892226174,-0.009168519181714213
train:6385,-0.8165456864446512,0.10922625768567423
train:6386,19.378641912394542,8.354906911731039
train:6387,0.045092976509178456,-0.23798846942630458
train:6388,1.277479054379893,-0.22651340451264557
train:6389,2.85310518245308,-0.02899123873207622
train:6390,13.590450326822515,6.229921076867313
train:6391,-3.5520231340794255,-0.09693573207049083
train:6392,-2.5481452498115096,-6.737377050743056
train:6393,2.1109636537949337,8.526809763929075
train:6394,1.8554269594526378,0.26358211557456646
train:6395,16.30458996766824,4.348296893933729
train:6396,0.4490994703789881,2.2451741135250747
train:6397,2.269793768403041,0.5850611178830462
train:6398,-0.1701892730563418,-0.5554179376471506
train:6399,-1.1367067014094778,-9.563491691468633
train:6400,-9.249784279945782,0.001842898099424617
train:6401,5.062092610909866,-0.16625033982820497
train:6402,25.486954530114073,7.212422080877357
train:6403,-2.9591300238245117,-0.008734830319295353
train:6404,2.095413127355153,8.757894026550083
train:6405,-1.45105812003397,-2.057835992146484
train:6406,12.455520390281677,4.391210692191696
train:6407,-0.5245748822749725,-4.071031104359629
train:6408,-0.019347469645314364,-0.008344653003928393
train:6409,-12.028391099643626,-9.819596377591768
train:6410,4.233049823549527,-0.13454882527186646
train:6411,0.9760439454166656,-0.311885627723038
train:6412,-16.531058861977016,-4.793169282389472
train:6413,-0.47352414698801437,-0.2446629980832548
train:6414,4.302020648348257,0.21763591913910849
train:6415,3.055457988466761,5.154983856978609
train:6416,-0.8557669705726346,-0.36902755920616287
train:6417,-4.7545096194853125,-7.853303003919503
train:6418,-2.9603048677707364,0.11919839096591789
train:6419,11.319184546303804,4.794519079154874
train:6420,-9.444625197925776,-4.88764440656474
train:6421,5.925829325711074,13.728289091371103
train:6422,0.7541318706100881,-0.23432066000104507
train:6423,10.92602327540375,5.029611254572197
train:6424,1.1241310024516076,-0.028258818133504365
train:6425,-9.876060253166553,-1.6426784836258106
train:6426,-1.6733800187181087,-1.2599810171882788
train:6427,5.238134631000822,3.088585107603371
train:6428,-8.310268038488914,-3.2744117146768876
train:6429,-0.3867652689579748,0.09534536087207063
train:6430,2.0317156177365,0.5760727735486053
train:6431,3.5994709422530535,-0.07457935653441863
train:6432,-0.9096665978229798,0.10330012763801653
train:6433,0.8948667384223951,0.2224789683171991
train:6434,-23.917211163345474,-9.051172185077034
train:6435,-2.1757522630118933,-0.21169608214216123
train:6436,0.4101050654934891,0.029381284898162136
train:6437,-5.961981404311606,-2.708283118645529
train:6438,0.319487031987935,0.093836580145445
train:6439,0.33251492160452006,-0.16359299692021945
train:6440,-6.684615502364431,-1.8379277773813611
train:6441,4.29049629862961,1.6825167403227872
train:6442,0.5565035458712531,-0.010755763353843234
train:6443,12.644317394015165,12.938185591524585
train:6444,2.6880207788910395,0.0078238098981247
train:6445,-0.15159424104400349,-0.0167843238630854
train:6446,-0.5129938127457051,-0.005682174306782611
train:6447,-2.2765084977494814,-0.7971877802592442
train:6448,0.14089982662447847,-0.05598209334200993
train:6449,-1.664080061900417,0.39559358143542706
train:6450,-5.862740797300449,-11.004946787349635
train:6451,6.31221164940895,14.945333026679947
train:6452,17.720435459388934,6.893721825826178
train:6453,-1.3134279644784455,-4.07796128118811
train:6454,-1.5142047036232298,-5.76126668037805
train:6455,8.789289447014507,0.07993884935626067
train:6456,-0.6786663356555783,-0.024407118924146876
train:6457,-7.906828394037953,-1.5006916032860762
train:6458,-2.874649585236285,0.21241538945774147
train:6459,0.5474002487248131,0.11250645769014689
train:6460,-9.057148925749281,-1.8955142399484655
train:6461,1.91956962660137,6.514160757296633
train:6462,0.15594708097411747,-0.05169342407160343
train:6463,-1.273337983906647,-0.018197521847006848
train:6464,20.181236531012168,4.012221122867035
train:6465,-1.3403959098463578,-3.829089498132288
train:6466,3.7823291028646278,-0.12433944706458247
train:6467,3.9023042875313863,-0.01685836482347862
train:6468,2.1690112658843046,0.37824517097381266
train:6469,11.567518754530186,2.315071633352474
train:6470,0.6766284336447325,0.0030580828790574693
train:6471,-1.523116455179704,-2.2711081966733584
train:6472,-0.4600388957837369,0.08030463167311656
train:6473,3.5924507033974957,-0.08996846343140785
train:6474,11.44193551481739,16.97337399342558
train:6475,1.223515501113479,4.885429109688087
train:6476,-1.9355485141965039,-0.21964771037028702
train:6477,-0.3762755908666823,3.5661592883963382
train:6478,-1.27298766933859,0.09696185051025091
train:6479,-7.899761663534347,-9.53812431687657
train:6480,-2.065558223720145,-1.138239275057335
train:6481,2.7186436651704065,7.330375750520207
train:6482,-0.9551391489477729,0.10596588753379246
train:6483,-17.092123789976863,-8.793938195981887
train:6484,-13.426104848624803,-3.0791803961833977
train:6485,-2.02627092145193,0.13309141394837204
train:6486,2.1496268056880763,1.2797073808730108
train:6487,6.957693322439198,1.2444165203369162
train:6488,27.86252897219788,9.017519010820934
train:6489,1.0288907692969174,4.523261817757738
train:6490,-4.300549825680766,0.13809139001746945
train:6491,-1.1297731694775335,0.12399421941589643
train:6492,-0.578196024553498,-0.08323687045045511
train:6493,-0.7994662821587445,-0.14489116335407617
train:6494,-1.4351926126786503,-0.09056649754695384
train:6495,12.736605175060436,1.8619426676756896
train:6496,-0.3055727197198477,-0.15824592710037694
train:6497,-3.3611609713395545,-1.8639850596506142
train:6498,8.534080053874483,0.5342216556643754
train:6499,-9.6170701592071,-6.839039426526438
train:6500,0.07837669603556975,0.15941490128909672
train:6501,-3.474093368701451,-0.49351537926891625
train:6502,-6.124116842637831,-5.921171758454563
train:6503,-0.32006509625000934,-0.047599914789285436
train:6504,1.9746268958881616,0.23083646654979253
train:6505,0.45830086490281385,0.06353257088392722
train:6506,7.601387856518402,1.624611002862889
train:6507,-1.5213953343688909,-0.22018753887535047
train:6508,1.2388919163313123,0.1251506279418067
train:6509,-0.7716710179137818,0.15359919070838382
train:6510,-2.647925159940047,0.24076494562217426
train:6511,0.5814135384382297,-0.13477337338681622
train:6512,22.33516297085032,12.724388395216888
train:6513,1.081064859029885,-0.5636879848032104
train:6514,-1.0560980872708594,0.03443290418048181
train:6515,-1.5384082555980862,-0.11293828045050669
train:6516,0.5287891770938974,0.21856835019330903
train:6517,1.3243870351382312,0.8105994058498613
train:6518,0.08055459728847435,0.00026221632455587784
train:6519,0.6399813920692805,0.058727469481298276
train:6520,-0.5331879249927248,0.08999329792387789
train:6521,-6.629807428311188,-0.07755469038790802
train:6522,-6.61087788889113,-1.618723451052809
train:6523,0.17594302257132394,-0.23760970497573808
train:6524,-37.19222434564169,-14.144665838992966
train:6525,5.166967075831727,0.488518695909978
train:6526,1.9419776711285333,3.2867138671480864
train:6527,-11.93127748553076,-3.980936237694791
train:6528,1.0978048742850264,-0.1294496999398147
train:6529,-0.0647980534664038,-0.4090413485183229
train:6530,14.322359043744845,12.657101568212601
train:6531,0.26376888392411213,-0.43856229259371665
train:6532,-0.7852865619617194,-0.058890947258036425
train:6533,17.590026386608546,5.8469441379029785
train:6534,-0.46118014951424546,-0.008383742065870087
train:6535,29.58347869374591,18.913921656037644
train:6536,1.8173842386027235,1.4617469969260368
train:6537,3.574120208862562,-0.2196103332380654
train:6538,8.023492037995535,13.097391631632068
train:6539,-4.0046686089935974,0.06668965460936452
train:6540,0.9471484563205985,-0.10759962761845454
train:6541,0.09415909957000015,-0.18341229261114128
train:6542,1.5862152117529003,0.14977131585429737
train:6543,-2.668476328044091,-1.0565462741370024
train:6544,1.7055160350646927,0.009678257767395351
train:6545,-2.0580414540634124,0.16832150097940402
train:6546,5.198692976461081,-0.10318227829742246
train:6547,1.9782281389461183,0.1569234729031484
train:6548,-4.662019599771023,-0.2798768217819461
train:6549,3.312696509585929,-0.035931972460498035
train:6550,-0.2670767053014451,0.07191674668799182
train:6551,1.1580436377469958,-0.08950253322592758
train:6552,-3.3936307383377096,-3.6398978676912206
train:6553,-2.999225350935836,-0.055209157073396325
train:6554,6.818872980693593,0.33007061268605775
train:6555,2.321738189394641,-0.015943766370528842
train:6556,0.4390816825154036,-0.20886397974191806
train:6557,-0.07698955833456844,-0.01256384645986186
train:6558,-41.39853946597668,-15.454221315088153
train:6559,2.8496699145786617,6.455991667981464
train:6560,0.7277785448293977,-0.08705504436946115
train:6561,-1.8307391375819124,0.16466396313246498
train:6562,0.8453531332490916,0.016542667962463842
train:6563,-14.851668954453881,-1.1896830484671919
train:6564,-4.505786276164751,-1.3892175876337087
train:6565,-2.141291723644235,0.3018545870397908
train:6566,13.731602689634311,6.0482425353244125
train:6567,1.5702934495034397,-0.214312481397675
train:6568,-0.3492627810584018,-0.9513758690355689
train:6569,-2.405871508448746,-0.15717169120103022
train:6570,18.327925087465644,6.207522759053099
train:6571,6.62943113780165,7.7647442490379355
train:6572,-3.0350518149232046,0.14342005659282117
train:6573,8.05610127993784,4.136704948427108
train:6574,1.9570049340695106,9.433367282983657
train:6575,0.5286469126508643,-0.19243944068590385
train:6576,-5.320622145713956,-2.1725763697047538
train:6577,14.711715438168484,9.717584708326616
train:6578,-14.818304688147244,-7.948798438207936
train:6579,0.37151839236138895,1.735631499800247
train:6580,10.46356155392029,1.8295692207042218
train:6581,0.6882081084245585,-0.12062627150174102
train:6582,-0.4919577367524989,-0.10739091485341548
train:6583,-0.7531791973601145,-0.07790905983996343
train:6584,20.538859586142767,15.01209143804397
train:6585,0.07454694652744687,0.0025148305145538397
train:6586,-2.7534528325170116,0.006376373319801759
train:6587,-2.9264947465592983,0.12360447008295948
train:6588,2.5215302354337257,3.953366120377356
train:6589,-2.7578565214203126,1.9335041831910014
train:6590,0.0470227285906159,0.21608790668973116
train:6591,0.9490322978995865,0.06643828626213358
train:6592,-5.520997429477829,-0.30609331351516617
train:6593,-14.16141117518663,-8.01051806976254
train:6594,4.716692674968108,2.532362022253983
train:6595,-7.85782433732728,-2.3751321795055818
train:6596,-7.978423672369109,-2.821625705587358
train:6597,11.223553085930773,11.57669587415474
train:6598,3.369320547412007,0.07422014812635198
train:6599,8.722551616071621,3.3089113185418118
train:6600,1.873890652559235,0.11443023871308054
train:6601,14.251650826058485,9.859301674413818
train:6602,-1.9738278775349931,-0.1772700314363242
train:6603,2.494687120140828,0.17926957686090012
train:6604,0.28428681049980054,-0.08901962638405658
train:6605,-1.6282705673645865,1.2704835035412496
train:6606,-2.262390611444363,-0.018068271153141233
train:6607,0.14432649354400742,0.09535420584229101
train:6608,-12.733816314170726,-4.761185870072561
train:6609,-3.8656488180778568,-2.155390592566546
train:6610,7.7478723464450585,-0.04560237812757856
train:6611,0.2624457316206077,-0.7637072854021283
train:6612,1.6608461622434834,1.650662578699742
train:6613,29.015012295376494,14.161190466118729
train:6614,16.241854137789502,16.245391857974642
train:6615,0.8191118523402018,-0.13178320280908618
train:6616,9.243179968263458,17.94479367635758
train:6617,-9.261606176211949,-8.725773149031204
train:6618,10.114076396864375,3.6781568692214286
train:6619,2.8404208661155845,5.151541166311539
train:6620,-3.3953407011529904,-0.17439142161201904
train:6621,-2.2333675027743984,-9.314127443296668
train:6622,1.8693628309556405,0.31168106363301806
train:6623,2.1401896985086366,-2.009149281550807
train:6624,-0.17543422833110822,3.3204950909926954
train:6625,5.992135249243575,3.6020818509991406
train:6626,-7.736748927809416,-2.0178142138289634
train:6627,0.3376847928676856,0.25920085943846594
train:6628,-1.7887113851193877,-0.1779810529133951
train:6629,3.153904750587463,-0.2655228617223619
train:6630,-30.176926622438877,-10.027367581284803
train:6631,-10.161639850478792,-3.8303237994604618
train:6632,-0.35291051576440874,-0.06847618442154324
train:6633,-1.0383701244946546,-2.0087448381544393
train:6634,-5.720621408209212,-2.573569657043151
train:6635,-0.35328151911584815,0.053852321620956274
train:6636,2.598247731088795,-0.19170915999948207
train:6637,-2.743467356348822,-0.7483546996725006
train:6638,0.380162816941575,0.42256032636846974
train:6639,2.135262048731812,6.995557106511287
train:6640,-2.2322256678982892,-0.7058329333204316
train:6641,-0.9783747448102268,0.11521958097484486
train:6642,7.092912886043328,3.0138405440952005
train:6643,13.451851285321627,14.477786759543935
train:6644,2.4733365281485633,2.349197811035678
train:6645,-0.3265363849712159,0.047539438117371755
train:6646,8.098460750309203,5.086518651683671
train:6647,14.378046739779196,2.318580233313767
train:6648,-0.3023049380075298,0.19614720664949403
train:6649,-1.020016616593936,-4.142875944243613
train:6650,0.029789204491423305,-0.1215598438424216
train:6651,4.6126945776119905,0.04870583289998248
train:6652,0.6450430540216096,-0.023597090844931654
train:6653,-2.867760917744709,-0.005818272719528533
train:6654,-1.1714038832657105,0.09672317897511054
train:6655,3.973486952486097,-0.020195343830333723
train:6656,-3.0752503534932,0.03756516492497802
train:6657,2.5082552427077545,8.386829265221268
train:6658,2.4655154706553435,-0.12023138637964384
train:6659,2.8075877668879183,4.120097232891046
train:6660,7.843546579134296,4.608592098689988
train:6661,-0.14260031549960112,-0.19200546650186495
train:6662,0.1069653402545066,0.10968933467495437
train:6663,-4.198503912626269,-2.544615504365912
train:6664,-1.0833810135543103,1.6065906599861455
train:6665,1.1344140251673176,0.04598186739372403
train:6666,-1.1150434530840765,-0.10300937339569494
train:6667,-2.480588236029982,-0.030463498291340235
train:6668,-2.078302979200105,0.10256599510972461
train:6669,-4.995228030844616,-8.175014543348293
train:6670,-2.3007896907765812,0.06582256220614681
train:6671,3.121772977870632,1.5876237626350107
train:6672,12.001298848498609,15.089928317269834
train:6673,0.8233363159402696,-0.160777015191507
train:6674,7.813110821738331,5.289109556043761
train:6675,0.5324701533282601,-0.17600890987586937
train:6676,0.9433324218486504,0.03341430599703752
train:6677,2.492973437993703,0.1896749710211326
train:6678,0.947603144638528,-0.06274278912820391
train:6679,1.2774390715625699,0.20420768507565457
train:6680,1.5498378217361384,0.07527469683391784
train:6681,9.022406938834107,2.8611412635321
train:6682,-0.03611875053376934,0.027223968129248335
train:6683,-11.7802558756709,-4.290230865542261
train:6684,-2.5710437812256006,-4.787013183116084
train:6685,0.6654202271328263,1.0505050996576037
train:6686,-2.5808405013027076,-0.04278225923537593
train:6687,-1.6324304075738647,-5.287939226577347
train:6688,0.8716864676211206,-0.019064328928604546
train:6689,0.12033029431945454,-0.47841259261760954
train:6690,-1.6094579544393741,0.03507658975522981
train:6691,4.5006822499650045,2.6604848397556946
train:6692,5.490410866065368,0.27178967729584336
train:6693,5.271465423320864,3.627573625817529
train:6694,-2.9215224648003457,-0.06671161286257651
train:6695,4.4181953732451635,3.151783846436119
train:6696,-0.10115917140634803,0.17211827577690914
train:6697,14.146681983091081,3.34267314051626
train:6698,0.6641170662379835,0.2504536118729356
train:6699,4.482291083829366,0.3381760292673702
train:6700,10.373959130466389,3.507347654792901
train:6701,3.9818345278934837,1.5519324532052285
train:6702,-0.04429221471920841,3.4465128055819556
train:6703,0.970278632371099,3.9126530077745456
train:6704,-0.16116756875222954,0.1170278067416735
train:6705,-0.26859000844547426,0.055641145517624065
train:6706,37.819457408819005,19.252646353024534
train:6707,1.3964827960606456,3.180898635185425
train:6708,2.445811380378771,0.12393886702161402
train:6709,-0.5496245822443396,-0.0033431076659208997
train:6710,-0.09741333932295548,0.08054715505012712
train:6711,2.700164397361713,7.407895922747858
train:6712,-26.600112136033406,-12.400837161801135
train:6713,0.03394044374581229,0.1471228179165322
train:6714,-0.6661889071519059,-0.03861057182917452
train:6715,2.204738470203086,4.334106993805652
train:6716,2.373881827098136,3.9619751296179904
train:6717,6.395637657419402,6.270308352180069
train:6718,-1.3409094100990706,-1.4668180778973934
train:6719,-12.666401564832231,-4.715731282788385
train:6720,0.8867697529979983,0.017844590514580455
train:6721,-14.596621352249073,-3.08659875830372
train:6722,0.14268068920303567,0.09596536475235759
train:6723,-1.8479759160964684,-9.46964598678711
train:6724,1.206876837651087,-0.08889907799960134
train:6725,-1.8282657819056496,0.12007875082446617
train:6726,-0.16452589294912495,0.03086495732222666
train:6727,-9.259915739888848,-3.0111346136698787
train:6728,-0.5339015717902931,0.06852184739227418
train:6729,0.39539208609332993,2.291239859719318
train:6730,-0.01489880007252517,-0.11618352855652783
train:6731,4.738185298945166,0.056099086717743975
train:6732,1.3771199544807606,0.6668023381571606
train:6733,-1.204208157671586,-1.9675802040879593
train:6734,-8.394734064666245,-8.86576905510649
train:6735,0.6833371784583547,-0.07152784180838595
train:6736,0.3605331133018828,0.05355972429963355
train:6737,-0.2035984038033481,-5.309325223283757
train:6738,0.6344458639942012,1.1657754621250465
train:6739,24.665426652744546,8.721538916371342
train:6740,-13.279501804995618,-15.261956770799552
train:6741,-6.982003978281383,0.15264108070838217
train:6742,8.977562954790951,4.383194295955827
train:6743,-4.843273798524871,-12.650536948198233
train:6744,4.013459541646569,-0.11160725509314881
train:6745,-1.7028922195255598,-1.1689772585028915
train:6746,0.366260884341649,-0.21555933687712925
train:6747,4.053727352772159,0.9530539283247961
train:6748,6.2981028289752015,5.578544372530267
train:6749,-3.657943196165933,0.09133716275413632
train:6750,32.907570160349074,10.968766804826704
train:6751,-2.6890386541436673,-1.9857355040909686
train:6752,32.5908913698232,9.687065566563609
train:6753,1.4428837853969982,4.908512770033571
train:6754,1.7294671373906367,-0.13383437993535538
train:6755,0.8408274037696595,0.12459082692334238
train:6756,-3.1632846136583725,0.0977135303181736
train:6757,2.010009364636652,-0.2279243199236069
train:6758,-0.41602420651267324,0.24668736648877182
train:6759,-2.0379049914599747,-2.9724067688991145
train:6760,1.1787651977411433,-0.0004858969631166554
train:6761,7.999547909416798,15.70632573227984
train:6762,-13.261647152478478,-1.9338628922862329
train:6763,16.967804485097737,6.140040201417484
train:6764,-13.850261171446865,-2.599739070709069
train:6765,0.16135150260169556,4.82571614508703
train:6766,8.997776593530153,6.781828387392393
train:6767,-0.1192404707077333,0.037368578328789474
train:6768,3.8072067837362096,0.14972537907347536
train:6769,-0.22868134530107093,-0.4995634843091293
train:6770,-29.88359407789781,-9.740530332826891
train:6771,2.041739449514331,3.032596446108336
train:6772,-5.852404774105962,-2.3774290185466818
train:6773,-1.091278084892092,0.09031827924907201
train:6774,-1.8010663081304483,-5.34986428969836
train:6775,-0.2268614297381517,-0.11611448072448483
train:6776,0.39956657117174393,0.06378436721358818
train:6777,-7.316663878607097,-4.314603323645341
train:6778,1.721564022138609,2.4710001840108746
train:6779,0.4664880441244277,2.5590920929032253
train:6780,24.757889242386486,6.022311935854445
train:6781,25.544777122626883,7.458394425630614
train:6782,5.837980567221621,3.9850356789122534
train:6783,0.4804457667020137,-0.8689433144761645
train:6784,3.6723610129824027,-0.13648986825281084
train:6785,6.381342405476973,3.802781643661788
train:6786,1.3385281672673748,-0.18302696576331456
train:6787,-2.314170219543626,-5.309721249692334
train:6788,-1.2886421046117627,0.14991283537782352
train:6789,-0.5812877191488263,0.012177817819514034
train:6790,-1.3843261005470904,-0.1340485138111747
train:6791,-10.81955060069874,-6.843502427306672
train:6792,3.366466192679974,-0.10344962465537408
train:6793,-23.373787026281736,-8.312991513640373
train:6794,-0.009516926894251376,0.3162763109841279
train:6795,-13.042370224283378,-10.429344657569004
train:6796,-1.4878385926393256,-5.621385473594008
train:6797,-2.101982570301437,-7.066175979212955
train:6798,3.291372650291293,-0.10165923148979622
train:6799,-0.8976048046528747,-1.6278847002889774
train:6800,0.038536143155559754,0.05739187897802019
train:6801,25.99770619659416,21.310347072813695
train:6802,4.517694938735959,0.35197475345441026
train:6803,-3.1713890377464575,0.13611867633670366
train:6804,2.961645513823688,-0.0506117698101364
train:6805,2.120892410152502,0.36054695620606303
train:6806,-1.74122807021643,0.1939644962563991
train:6807,11.02132929424043,2.759470613421739
train:6808,2.671425120203094,-0.3705406197570887
train:6809,5.808313316767923,0.5612173607418494
train:6810,-2.753940994821537,-5.53405080828117
train:6811,-0.9280275443873861,0.06853825338542491
train:6812,14.152259121191166,8.497603101618123
train:6813,-0.11682708925745522,0.06083114578564976
train:6814,-1.8118684100966371,-0.11116357997402954
train:6815,0.20990668245044722,0.021606841396064072
train:6816,0.1393260843379843,0.08207676425501363
train:6817,1.3112580261871374,-0.1802684763410346
train:6818,0.13604237923620924,0.016426827384738815
train:6819,4.748010843844064,0.08865285695305959
train:6820,11.903465543673926,9.321631342084117
train:6821,-7.9425916293839744,-2.3463175491005286
train:6822,-7.138882605962588,-0.986972023705077
train:6823,-6.443640922024373,-2.277385557635251
train:6824,-7.37020737983338,-7.180076369921908
train:6825,1.3494867136292523,0.12228400162554207
train:6826,-0.32391135029318996,-0.23219330200223254
train:6827,1.9339067210270446,0.318969604416235
train:6828,-2.8959125404719757,-0.25885917528697217
train:6829,9.289879898896773,5.1952958073836815
train:6830,8.925889347649242,0.7940939781145735
train:6831,3.7107654388541467,0.5562310801105125
train:6832,0.12991489625233277,0.007283125428201198
train:6833,-5.062380102371628,0.23593445059536422
train:6834,-3.955677105027896,-0.5606270544637171
train:6835,2.682166085652097,-0.049285594920318726
train:6836,-10.118387740464868,-5.461977996422795
train:6837,22.120711875722815,8.930728739159079
train:6838,0.4919522171361609,0.19966693415396708
train:6839,-16.276093085072773,-10.268104844954072
train:6840,2.755444361642664,11.073471850365896
train:6841,17.337401929100103,8.537043109152439
train:6842,0.8601732758980061,-0.15535647505451128
train:6843,42.65474873729352,15.94341430307239
train:6844,-6.068797825372518,-4.5653379715582245
train:6845,-1.463430012496569,1.9021232274747468
train:6846,-9.949295756840915,-10.799357723406454
train:6847,-0.06543963820949447,0.09740195910912006
train:6848,-6.945695860820215,-13.047317747138768
train:6849,-0.7751927602535731,0.10554004501592394
train:6850,-0.4805909937207421,0.14065700202462103
train:6851,-6.99537776575946,-4.456037536007112
train:6852,10.78753395419226,3.9799093053654904
train:6853,-0.5525521613220512,0.23000190081125624
train:6854,5.216549488644145,3.3659359828391113
train:6855,0.1877797961648667,0.7722954063456255
train:6856,5.673920839582604,2.391118119412761
train:6857,-2.856107786160964,0.13067502514848695
train:6858,19.3808865291624,5.094559014935621
train:6859,6.382502837012302,6.603021893276537
train:6860,-4.300526579856741,0.08759146052661344
train:6861,-0.7505026731818731,-0.06780410934560402
train:6862,6.15126081827504,7.259002547274103
train:6863,6.146173702145404,7.765144269949193
train:6864,1.834475033342402,0.16804545231204204
train:6865,12.426167423368797,8.782526983292234
train:6866,0.22280811478433615,-0.09696469221492207
train:6867,3.4954960907209602,-0.2086049077109468
train:6868,-2.915855597819525,-0.07012805394060506
train:6869,-3.934729828082465,-0.7658800095385228
train:6870,-13.113301601880378,-10.408161239212802
train:6871,3.419407859522248,-0.03127552362189555
train:6872,-3.0029395686985545,-0.6691933574865383
train:6873,-1.0259663852531413,-0.0926116829192028
train:6874,-0.05197240251883645,-0.12477156665809128
train:6875,4.856829195270011,4.76339334362772
train:6876,4.8513385316353,2.44697781553555
train:6877,11.752319336197292,1.4813969542354812
train:6878,-1.8467294750122467,-0.010749771599822974
train:6879,6.756257564183304,8.200000097793902
train:6880,6.023422733631818,3.9482985230843157
train:6881,-0.06378523291363344,0.08757319994293264
train:6882,-0.39658523485910646,0.15945028116997825
train:6883,0.004083856055430435,-0.04296201185598375
train:6884,4.640122325379117,-0.02468801805904909
train:6885,2.0554977229217823,0.0682806079625537
train:6886,4.118843555031059,1.6447467202304047
train:6887,1.2653507781530764,0.1683272074118043
train:6888,0.4170911329877299,-0.039861707132928914
train:6889,-6.058836059944834,-7.890540328547322
train:6890,-1.6566479070431361,-4.316713847668573
train:6891,10.758610570107363,5.451353130117896
train:6892,16.096426403023024,22.399223395126484
train:6893,1.3278439216289928,-2.6529154896676177e-05
train:6894,1.708034487639564,0.3261886693849789
train:6895,2.8944395119849378,7.4732545462441
train:6896,5.949501013232237,0.5435140101849394
train:6897,-0.9577684841032433,0.16103196157051702
train:6898,-3.2324339663856145,0.24413373798966076
train:6899,0.2579169801840523,0.04607231434726796
train:6900,-0.36517791824801515,-0.0902388056663696
train:6901,4.050322304468973,2.115231800052544
train:6902,-0.3734511070185216,0.06141833767963529
train:6903,3.0607159614029813,11.74527758269583
train:6904,13.173989301585697,1.3098110943572798
train:6905,-6.397057220511183,-0.47166544960836615
train:6906,-17.419397097260386,-13.148910504446865
train:6907,-0.9405981886453988,-5.4815801623608875
train:6908,0.2838251484346635,0.008542820380555968
train:6909,0.1226116394892705,0.7179121069455907
train:6910,0.1413762497878714,-0.8359715480675307
train:6911,3.193894076741233,-0.022238817272862588
train:6912,-2.5407702796813303,-0.05467246710615298
train:6913,0.4239574844882418,-0.11879564798774142
train:6914,-0.38129180723304235,-0.09809870299366139
train:6915,1.8184365770563362,0.0068960866506543594
train:6916,6.278041217925125,1.8460493974761385
train:6917,-2.7388809552686846,-0.12049074373223512
train:6918,-9.872614292213084,-5.752853116447124
train:6919,-12.395885261488209,-20.305365638181744
train:6920,0.687346618186191,-0.22039268512013943
train:6921,50.35644357330951,17.416170321955235
train:6922,-1.5763024356324808,0.211392226128377
train:6923,-4.044607724167474,-0.08506549671311464
train:6924,13.314176497783976,18.099693642575836
train:6925,-0.07992143788972472,-0.05498460895844656
train:6926,4.550759798829155,-0.29130709120126314
train:6927,-10.696903773476786,-14.280564526604875
train:6928,-3.1841151965671974,-0.37903007923893783
train:6929,5.891339031688664,0.09819829175057468
train:6930,0.8805673022316411,-0.1105652605368635
train:6931,2.4179038388037677,0.09667210640512831
train:6932,-0.25042758121824166,-0.7462573004437894
train:6933,-4.4822782392447245,-0.24315478799986923
train:6934,2.878574004629618,0.7920071357858027
train:6935,0.8425833933165099,-0.01692113557988134
train:6936,3.559839136872788,2.3736279041060007
train:6937,-12.26508751853012,-12.707343341456223
train:6938,-4.863470235354293,-6.424177225882477
train:6939,-2.1253774000584627,0.010330930973173724
train:6940,-0.23371139293272597,-0.076335225783975
train:6941,0.823432321193493,-0.22775483888131953
train:6942,-0.5108124246191967,-0.034041146084675816
train:6943,-28.96594006902,-11.241614223431046
train:6944,2.357942165564176,-0.1092867343575879
train:6945,3.5319269461329794,0.3525939013698372
train:6946,0.39234920772845416,0.4295066238684818
train:6947,-2.123176252981533,-1.7723966769658215
train:6948,2.7334310312074455,0.5111779403456933
train:6949,0.32888159930940863,0.1535321401276809
train:6950,-8.27492880697311,-11.474162756605958
train:6951,-3.092170523884535,-1.2742147141850277
train:6952,-4.101558133362864,-0.013099680462245161
train:6953,-1.3710741211869042,0.003021847033315886
train:6954,-11.96768974428356,-13.530181220123525
train:6955,-2.0690181321680297,-0.0776254501496711
train:6956,0.98830937200523,-0.15698651746964215
train:6957,-0.513355052851054,-0.0584417083673269
train:6958,27.217211879601727,13.171583241840654
train:6959,-4.71843814451272,-0.8055870781091694
train:6960,-2.1757676052557495,-1.6335051082207919
train:6961,-0.052703251226183245,0.8699512959407922
train:6962,2.030621669257882,1.037910004724586
train:6963,3.395986529525834,7.753045491974187
train:6964,7.768841009548592,5.938364608814394
train:6965,-0.3189181472926146,-0.35490214176420865
train:6966,10.866765020799155,2.5508634173820677
train:6967,0.8079538568081898,0.028165386814479262
train:6968,3.2301454743917795,2.0946121772174875
train:6969,-8.14791176483445,-4.658544841132538
train:6970,4.4032176239093594,-0.030814443883955503
train:6971,-1.0312413276408998,0.054378026705829134
train:6972,0.5851282211174287,0.20844799233146893
train:6973,-3.724011082460418,-0.1500634736816611
train:6974,2.47433679595636,6.971517618738762
train:6975,1.1428531891213627,-0.0829193074873813
train:6976,0.022100415736906007,-0.02452024894648179
train:6977,0.7599170588351961,0.2192071853005168
train:6978,0.14786171846173324,0.2523157634259465
train:6979,6.482927586299294,10.592331719966014
train:6980,0.0009865824623360997,0.13967392638286827
train:6981,-1.4250323279137924,0.22205697764120075
train:6982,0.7427116621830738,-0.1393933010580571
train:6983,-0.5426015538898991,0.031313768230506175
train:6984,-1.1349005008827335,-1.582781058597416
train:6985,6.989378775334749,4.495571354535533
train:6986,-0.06805642061999156,-0.17474136857896422
train:6987,1.5756076773338008,-0.04716479931876649
train:6988,7.072606728924507,5.5626508170090965
train:6989,-0.540255120412813,-0.0883809339376588
train:6990,-0.8545674860529432,0.10293891046708083
train:6991,21.393695939841272,12.27000458505529
train:6992,6.129671026753558,7.916921676358033
train:6993,9.924955811260459,0.12815506460053738
train:6994,-0.4709723366556672,0.0929346785045858
train:6995,0.0365453707860566,-0.028698213428323474
train:6996,1.5043080858842437,-0.7059924281060184
train:6997,-2.6652116845180163,0.3342291752977386
train:6998,-0.5369216692476244,0.1865407130252963
train:6999,0.3363795398486805,0.006603631990141648
train:7000,-34.95581986249683,-19.115700024242813
train:7001,1.058556625001174,-0.14689383580494328
train:7002,-11.306937424534793,-4.021397696628751
train:7003,3.929006300672452,5.770582371452578
train:7004,-3.0562101639507824,-3.3525287797336043
train:7005,-4.882400239690832,0.14033116473456686
train:7006,0.9469280859088413,-0.05880278287745258
train:7007,1.0623338389470003,-0.1276075209002046
train:7008,-5.1725253254329235,-0.6786865784275911
train:7009,4.631653871686801,9.987041304979853
train:7010,9.586518929447157,1.7720472408232404
train:7011,0.561494424289426,1.2521202040772512
train:7012,6.445330720354178,4.929814882183697
train:7013,-0.06740739721321284,-0.20453065763797962
train:7014,3.768636382680927,-0.05171254062014427
train:7015,0.009232224931372879,0.22965081255783096
train:7016,2.6590890263094935,0.36746158300625376
train:7017,1.726039773096387,-0.16128631428322915
train:7018,-0.7123606926633718,1.769577782202033
train:7019,-13.066661180556567,-4.083178101688418
train:7020,21.623013204349263,11.348655422576023
train:7021,-17.656878295165967,-5.374150865993816
train:7022,6.169916986804564,9.965391100453312
train:7023,-20.655167450229907,-5.6954395587817475
train:7024,0.5698408374056112,-0.0811665767756451
train:7025,3.2487412037788386,-0.39033523512787943
train:7026,23.007320621698724,14.158616865106216
train:7027,3.8217200815079937,3.4245618720679207
train:7028,2.04355913261901,0.005483601970782945
train:7029,0.4596843401196632,-0.08434677155230338
train:7030,-0.40415384270341437,-0.12344025597911337
train:7031,-33.975563919686664,-13.744271727056596
train:7032,-1.0200410247091622,0.056362723894635446
train:7033,1.85388715606922,-0.018546755509902035
train:7034,-0.8434782981600453,0.07089928979102758
train:7035,0.478812050189535,0.5136979008936429
train:7036,-4.407174236235232,-2.553953510345678
train:7037,6.708050374320207,11.59120162531617
train:7038,5.920366092148712,1.5639116814214495
train:7039,2.8709461199340462,0.5104204114445603
train:7040,11.947892962550554,3.51399108339327
train:7041,-0.5583120115989719,0.02932193800119956
train:7042,3.527268018081884,9.766542474461305
train:7043,15.232477686306705,9.962545873258549
train:7044,-0.7445161761207084,0.2679018849015543
train:7045,0.18281227979983897,0.005261051107173259
train:7046,2.1582335720333417,0.11333203579765277
train:7047,5.925029669364613,7.075754736821135
train:7048,0.6938940369810797,-0.05253712010198011
train:7049,-10.551541127017577,-2.836782275364037
train:7050,-0.6160885773802108,-0.031434590425052464
train:7051,0.5044029129422045,-0.03251866992028961
train:7052,-0.7194785639798345,0.21068776704856634
train:7053,0.3745280291979089,0.044851423135234866
train:7054,0.05730598376456626,0.013245776643220478
train:7055,0.4285145958301077,0.00401219837637895
train:7056,3.3576613719140154,2.939468039979526
train:7057,1.0140508676975817,3.3034944875858763
train:7058,-0.366570226877994,0.12376510615502648
train:7059,-0.9550382620715042,-9.110037459145033
train:7060,1.5334332437216784,0.24591557150663823
train:7061,-0.48797224022340835,-0.1116046871985687
train:7062,0.05909800433865545,-0.12083312967625001
train:7063,-1.255067463597698,-1.2908692224667722
train:7064,-9.230003013533446,-1.515907234638098
train:7065,-5.553942341119055,-1.899440550761456
train:7066,4.524615220548209,-0.07040909573631729
train:7067,-0.13470498759862148,0.4062753095846416
train:7068,-1.405656236214213,-0.009915205861286691
train:7069,16.109546346102746,10.935292872366848
train:7070,-2.069996548901243,-0.21413929117432745
train:7071,0.9769330981856229,-0.08221484840757068
train:7072,-4.34774210286693,-0.09119363446774112
train:7073,0.12137995950330455,-0.10762559188587567
train:7074,0.18009298330539153,0.07086733376958618
train:7075,2.23167084946024,-0.17398569426836136
train:7076,-1.0631113523792095,-0.06570043304125253
train:7077,0.35284269733968376,0.007941077083949796
train:7078,-17.233501172365223,-7.334377160738137
train:7079,4.530736310930479,7.540107113742727
train:7080,1.8080250049337678,0.1212682566582979
train:7081,2.6030865818178444,0.23582745498785956
train:7082,1.6246872829725572,1.830082228977004
train:7083,-1.234093686412879,0.23994721385921872
train:7084,2.5467782222820263,0.13254502304604826
train:7085,-0.8009979495037535,-0.1840284446495581
train:7086,28.189361538657888,10.861606852068924
train:7087,6.086624409824016,8.519738923541928
train:7088,-0.9239172177832812,-0.11102634027480354
train:7089,3.4732070648128053,0.08181940415376243
train:7090,-2.02690227803245,0.22563491075615633
train:7091,3.273164428790731,-0.06906951073035905
train:7092,1.4036095007902376,0.061544164514060765
train:7093,1.7688502124538346,0.336123996176241
train:7094,0.15787230011987005,0.006878539371023604
train:7095,-0.5514879674981856,0.014142827816539486
train:7096,-5.469369849067689,-2.53906000710265
train:7097,-1.2426820885571646,0.015911251217376396
train:7098,0.17443680940362244,0.08099910449622677
train:7099,6.121213731056773,6.196136714484884
train:7100,-2.2531197119067023,-3.8187311820393575
train:7101,1.359280876665716,0.9712444655478771
train:7102,0.537215788302969,-0.05522713233545709
train:7103,-1.2687494907023473,-3.383588320644915
train:7104,1.2741707087046517,-0.20916299679969108
train:7105,-0.693606426756462,-4.643519519301064
train:7106,4.590687756007499,2.221802848986618
train:7107,0.07473302934876719,0.0934843506055397
train:7108,-9.588583796613873,-5.088674601663362
train:7109,9.772866753161368,16.259162620642922
train:7110,-1.9773658919516022,-7.357140119582727
train:7111,1.7456006690969654,-0.11376143332424249
train:7112,0.1604930343204514,-0.14074601085853594
train:7113,-5.434650816136872,-0.20523925388128045
train:7114,8.286841188876162,1.172966565575029
train:7115,0.6606148503903732,-0.11646870751573021
train:7116,6.996072642820995,11.856202639551295
train:7117,0.5329827237480119,0.14645573596894318
train:7118,-4.552670313724344,-6.976499964686295
train:7119,8.643145740868057,13.150479713538056
train:7120,-11.159512408568084,-2.6315781102862537
train:7121,-0.7479049523470767,-0.042491231182963274
train:7122,-1.6964907845055484,-0.004280103866041635
train:7123,-2.1902302271311593,-3.280836586916327
train:7124,-4.038384352159494,-0.9663732293482812
train:7125,-1.15475731622315,-4.345095645176067
train:7126,11.408515458533092,4.519325806009666
train:7127,3.842002527886309,10.611762122288859
train:7128,-7.950975003360361,-10.598927274353098
train:7129,-0.17418546266448387,-0.0022354891370327257
train:7130,-13.479929159405307,-8.914888883921346
train:7131,-4.076824576600236,0.0052245299398116785
train:7132,9.035678444686475,6.671222890751343
train:7133,0.23429852559990605,0.053517496699871714
train:7134,-0.0659577876270123,0.024856226665575368
train:7135,10.15790686298004,3.2535977279997264
train:7136,0.06815295017112347,-0.019068894074524737
train:7137,-1.2893006588063916,-3.3661312026460757
train:7138,2.756571319191397,7.792060370294683
train:7139,-0.13573686972709237,-0.10185382083464467
train:7140,0.2196391278241246,-0.200377088154649
train:7141,0.020159621889056664,-0.04823946320054323
train:7142,5.656829579926445,5.745716592268497
train:7143,0.3187440954520952,-0.03999666425919479
train:7144,9.83805734205715,2.350501445517515
train:7145,-1.203819255035647,0.04653824455274822
train:7146,3.9405697033754605,5.179023344751134
train:7147,-0.3799898086294008,0.28186038919580136
train:7148,28.639902801581314,10.356661768268166
train:7149,-3.700761539103549,-0.009451272907146507
train:7150,5.150540181826203,-0.2509734563530692
train:7151,0.17389704136976136,-0.05955945581372549
train:7152,1.3830050997491763,3.1510314533241464
train:7153,2.051392742857203,6.6962604335506715
train:7154,9.000501004105885,4.933243877413006
train:7155,0.6472466419100618,-0.3669352957666119
train:7156,2.1785504222312135,2.4732516569143925
train:7157,6.546216201873346,3.164894374875689
train:7158,0.7176689359609143,-0.046322529896489884
train:7159,1.158071765194066,-0.11558121461668164
train:7160,-3.454397182005047,0.23893375146493465
train:7161,0.47984218888120395,0.5133436741023976
train:7162,-0.4910027983015508,-0.016803725733246233
train:7163,9.535008043073624,2.411223307366935
train:7164,-8.848972343442611,-3.284089824027708
train:7165,-18.666291939967202,-14.209839003436201
train:7166,0.1402198862717465,0.1041110116820918
train:7167,0.37207048068198323,-0.07121769720743246
train:7168,1.5623138554903693,0.02085972673406157
train:7169,0.22676408911691492,0.1287469643012531
train:7170,-3.6241884000156745,-1.3672957569249156
train:7171,3.283213366058509,0.4097391140515922
train:7172,-9.39832323579977,-3.6228944110682013
train:7173,-3.450145985707351,-1.2855225806293595
train:7174,-1.1987263274500046,0.12969751327832443
train:7175,-0.17588205913095029,0.11418072495637968
train:7176,-1.8679027013672003,-0.08122677963746772
train:7177,-7.3673174589905885,-1.9780050001183525
train:7178,2.256900472107561,-0.13921668697526943
train:7179,2.51754008973983,-0.1296772439317746
train:7180,0.5773401726943246,-0.12746143623075826
train:7181,-3.5335547918080237,-0.11559120087338207
train:7182,2.5945311887436744,5.365717269730612
train:7183,-0.3637013435059455,-0.015640469488455655
train:7184,-4.527014827580885,-1.988850645538264
train:7185,6.3889279827728185,8.227282551099488
train:7186,-8.68123047727803,-4.749391244944488
train:7187,7.746140067638714,1.5714692804923382
train:7188,-2.4511148557486524,-2.130704280681453
train:7189,1.3924463911769402,6.075801750601411
train:7190,-2.6661949828742753,-0.04375777385419835
train:7191,2.6100577719847093,7.851678322796276
train:7192,-0.38529683025431394,-3.5088998642246443
train:7193,-5.309752398399854,-6.911706277997678
train:7194,-0.6821146211914506,-0.2657932039573237
train:7195,-1.386033041405248,1.936367670969446
train:7196,2.4475580715960117,2.643725903761026
train:7197,1.9966895074703128,4.133039136253189
train:7198,-0.9391116181989986,0.21000955755779685
train:7199,2.0139554594940203,4.832949048154345
train:7200,-8.150070836969894,-2.357223397382263
train:7201,-5.256525505296794,-0.0016268981215462608
train:7202,17.139925864508633,5.397265281255384
train:7203,-5.833071687180829,-0.24546988762464989
train:7204,1.5476192402911901,0.13900256461097907
train:7205,-0.9607878841858538,0.12532324752191423
train:7206,-1.7628015896610947,-4.024295993644837
train:7207,-9.224202715522722,-7.8647375531631205
train:7208,3.587129966736408,3.354457494066012
train:7209,15.552877668342509,20.60147121432527
train:7210,-4.022684122612993,-0.14705133333919013
train:7211,1.2254493212141209,-0.2088761059107686
train:7212,-15.900866432324506,-2.5019416615903762
train:7213,0.0746192410401647,0.14726376679681832
train:7214,2.5361911441880687,-0.13047642978942936
train:7215,-1.9840048992931494,0.07928631881129229
train:7216,-5.198710816364153,-5.014971462068237
train:7217,-5.591055229007969,-3.9819836533618562
train:7218,-3.413005202829607,-0.6144643909438583
train:7219,-0.5894790826187646,-0.04006685337771784
train:7220,3.656428790112131,10.432466016273063
train:7221,-2.7458709745530094,-2.3864671515038145
train:7222,-0.08795624073485453,-0.3508267504047614
train:7223,-0.8604884298903573,-0.15273436936659726
train:7224,-0.9715730167005044,0.1757549851455873
train:7225,-2.177132600042499,0.05617869144972744
train:7226,6.98008184047418,-0.07800350129618755
train:7227,-0.7276466816257477,-0.014707610451825087
train:7228,0.09786634358551116,0.8633508082442352
train:7229,0.24869222360708146,0.7563714640719232
train:7230,-0.14526533299495015,-0.15118792618613
train:7231,1.2777273197804804,0.04697107745030704
train:7232,2.5620895491925895,0.19543290397379298
train:7233,-3.47621013343717,-0.6508080882577987
train:7234,4.43098336595781,0.002069443465714471
train:7235,0.5364310092838842,-0.3073164873001593
train:7236,-0.16325016212663157,-0.1883128340956644
train:7237,0.21999629991026912,0.11844813776609525
train:7238,-1.5972676118624105,-2.288008794852363
train:7239,-19.30785250740091,-5.277470205695852
train:7240,0.5486071719081923,0.025533580191484828
train:7241,1.0159058844547788,0.15780796992518684
train:7242,0.7341097774608535,0.00047563689632516837
train:7243,13.030129265191466,3.9058081421104482
train:7244,5.402759232163647,1.8657454342272148
train:7245,-0.4011602454854716,-0.13743285620695186
train:7246,-0.01216160429357846,-0.01488436719542277
train:7247,1.6609537904087195,-0.31459903632935604
train:7248,5.559656456504074,3.123800357910162
train:7249,-5.459644726128579,-4.907337875421237
train:7250,4.161760460262541,0.7812801841598163
train:7251,-7.911644928775939,-0.24909746670148764
train:7252,14.567903753088224,6.458020875342992
train:7253,1.3212414102311651,1.774519980643078
train:7254,6.572557904742024,4.0632106642578325
train:7255,0.43959006868683087,0.006268379086627071
train:7256,1.8149513306602643,0.07168335360282167
train:7257,-0.03983994204369534,-0.08241970933073958
train:7258,-0.024915541874028613,-0.03508442458825117
train:7259,-17.941418339227805,-6.919493275651056
train:7260,-8.643899543559762,-1.2493312450605059
train:7261,1.399447568456797,0.40980431004176504
train:7262,1.973951139783754,2.7736482447201554
train:7263,-0.33361136774235245,0.0493409588261301
train:7264,-8.293854627061323,-5.780911644559144
train:7265,0.48858622181733724,0.27268316194891223
train:7266,-9.455134170051009,-2.2777664619979676
train:7267,0.18508246697412292,-0.21106409475383375
train:7268,2.4587911511396245,2.040983838824005
train:7269,6.733666342562824,8.44805643165973
train:7270,6.736689229519039,0.5348104168272709
train:7271,-11.587313676597269,-7.811311650459038
train:7272,1.0608633081191772,-0.2268726244322412
train:7273,-1.7089186994040477,-3.811544501074485
train:7274,0.5442932118856281,-0.10360897678015102
train:7275,13.97400642323543,3.7494036749898667
train:7276,-1.1141993972137278,-0.21483119610285756
train:7277,-0.3338749753867962,-0.18824378626362137
train:7278,36.65049744557145,11.307368242873748
train:7279,-2.94619790700291,-1.8268851173828309
train:7280,1.7688225499232444,2.6357431754763185
train:7281,-11.319730066412244,-14.223148686366539
train:7282,-9.03808735004876,-6.574086346323476
train:7283,-8.047272224133467,-5.669225349621487
train:7284,-13.605614680743813,-5.811677304201842
train:7285,0.1870853271721191,0.11155219953201538
train:7286,6.0691021725904335,0.4206984601370788
train:7287,3.100160405441605,-0.07027927439921164
train:7288,-0.21722975501162284,-0.014165927356231525
train:7289,1.1056424363133037,0.48981776524589443
train:7290,0.5673795695578416,0.31379629546298005
train:7291,0.5122558172143385,0.28190974983606343
train:7292,-18.60635490730108,-9.374595083582657
train:7293,1.5288419610184958,5.240071899855469
train:7294,4.75719480399987,-0.03767271966419375
train:7295,8.732551969567186,2.6298772482904837
train:7296,-1.9862911260860106,-0.027817140265725168
train:7297,-10.318487793672285,-3.5735223579412545
train:7298,-4.1927087286968305,-2.868011297317635
train:7299,-0.8798461573889568,-3.5804334182211948
train:7300,2.270326097773214,-0.19376561557572153
train:7301,0.028265440726582908,0.3438669116393277
train:7302,-5.094952615911973,-6.485290263672934
train:7303,2.083544739440936,0.10739221031223449
train:7304,-1.0106980631170241,3.2502423457483807
train:7305,0.4159995090915147,0.42450265329670417
train:7306,-3.0059038761782255,0.1514005023045682
train:7307,2.86114963231518,-0.3430291958514423
train:7308,-0.23075905705242766,0.054449357110832236
train:7309,-3.7558899406118567,0.4766212123378906
train:7310,0.1855764407346547,-0.15901515418793039
train:7311,23.081158657131816,8.950891276758876
train:7312,-4.192013213642002,-0.5419322112772642
train:7313,24.480202067247223,10.444189310996132
train:7314,2.51919379766097,0.5597687828770463
train:7315,-11.307986276114802,-6.440585501606151
train:7316,-1.3735253933303428,-5.0483563741826485
train:7317,0.009141914905035659,-0.1926343153523723
train:7318,8.321142726807487,5.628449406443398
train:7319,-2.1212131431426196,-0.410284209495097
train:7320,1.8833410098583685,0.2518366370955407
train:7321,-6.209934845940458,-1.587724113003321
train:7322,0.4137897610596958,-0.008444372910122733
train:7323,-16.710328797192087,-4.129667835809999
train:7324,0.5785375650898537,-0.4393168256178394
train:7325,2.4046221047888294,0.11005311974047019
train:7326,1.7145237918743899,0.23287780008017128
train:7327,13.344933512467966,21.270395198293077
train:7328,-1.6162169102328905,0.06723390559953818
train:7329,2.6133231128855043,2.5322881239544
train:7330,1.2939152467150272,-0.19695579660908025
train:7331,-8.123678458204843,-5.913998202284212
train:7332,-0.09353279768933792,-0.09636480350884599
train:7333,-5.594422154159753,-2.508858428302717
train:7334,-6.043005188867311,0.19313734887998316
train:7335,5.146103948769268,0.0760005550352294
train:7336,-1.4176819983570792,0.13380043817410286
train:7337,0.32513692951721734,-0.016192566823179655
train:7338,3.536560768694128,2.2650032528118866
train:7339,-1.299487443810638,-0.2313575949772162
train:7340,-2.497412633626334,0.19633837213490235
train:7341,-0.5365641484741195,-0.04035845207337052
train:7342,1.4281212923916655,0.3462072622274795
train:7343,1.2824146077368863,0.019458797579800652
train:7344,0.6556249018051613,-0.2435419694382261
train:7345,0.2753924933113454,0.005740391428794109
train:7346,-3.3320604540755867,0.0787416398386886
train:7347,4.470400379924085,10.749170731913875
train:7348,4.9445342945669895,11.68386039205844
train:7349,-2.7168364754292726,0.1420527953897217
train:7350,-9.347996956618552,-3.007378639864035
train:7351,0.5407440394734873,0.15805862496836776
train:7352,1.6469811905037575,0.14914246700379002
train:7353,2.076789735437504,3.8797908048679965
train:7354,-5.369565298365686,-1.5907744864428737
train:7355,0.6342810511018637,0.07990090158079902
train:7356,-0.7590478380934724,-0.15335451590769422
train:7357,-0.020425727192715154,0.1674678186923269
train:7358,-6.220556327853973,-14.0401137258421
train:7359,0.5313211122467032,-0.09222207624707585
train:7360,-7.582439893515937,-1.001854970048164
train:7361,1.2275079713897772,-0.05785665638549145
train:7362,-0.5522318338669864,-0.024301121942312265
train:7363,-9.87511926221002,-5.501757536684925
train:7364,-1.0384280065964768,-0.034220328062043615
train:7365,-0.13707885114805707,-0.28686648816820004
train:7366,-1.4905834595402006,-0.2058769477020082
train:7367,-0.16949410668887344,0.007085254884722586
train:7368,-0.188548243725706,0.05702039022876404
train:7369,-2.084145119694074,-1.8286727999930188
train:7370,-22.34381663437869,-8.452169687952706
train:7371,7.969974572092161,4.807288933580149
train:7372,1.191442540331431,-0.5034243138103272
train:7373,11.697050064995391,2.6706979271440385
train:7374,0.6083703258106098,-0.1459819479073836
train:7375,-1.2119318151621408,0.09264935688457339
train:7376,4.010052633677462,-0.18443731053103585
train:7377,-20.591468313403574,-8.198902240018972
train:7378,-1.2826081860695866,-6.822127272821822
train:7379,-0.7876481052244217,-0.031151979360430182
train:7380,13.182447062198962,16.06852669216135
train:7381,-1.0839563476989298,-0.00562396869630008
train:7382,1.8702229264445664,-0.20111607115048113
train:7383,-5.063654438444679,-0.5271619669740819
train:7384,6.510263745519762,7.536391655606925
train:7385,0.12923576950344165,0.7773832614736869
train:7386,0.9747342756910957,-0.07977463525241457
train:7387,0.5169693729518929,0.7063380354297875
train:7388,-4.147150632939625,-0.1195243594052531
train:7389,-0.38606417490538003,0.14681795176554893
train:7390,-2.0047252969960954,-3.948929999648279
train:7391,-8.150638035076105,0.0007067474085352132
train:7392,1.2223594862847147,-0.0032044413585948645
train:7393,-2.587899793142627,-3.4016018158027785
train:7394,-7.967154096881778,-5.114703922413854
train:7395,-6.287970147359506,-8.811581343676975
train:7396,3.3695878743882948,9.395654612536896
train:7397,9.435664689520276,0.6081265176448492
train:7398,1.0027608358851074,-0.02472810574666083
train:7399,2.3923041426379683,0.23865071241788233
train:7400,0.05422207652028631,-0.07047571833459018
train:7401,-0.22916695056495368,-0.7681080860691996
train:7402,0.9416666260990171,5.293129167026496
train:7403,6.54336765859732,8.03460200788891
train:7404,2.051875558622203,-0.3330787470143196
train:7405,23.78982155002912,11.599109599336435
train:7406,0.9078802156280846,-3.7970941023073363
train:7407,-10.003499439469508,-14.339472028272638
train:7408,3.896360097869947,-0.11842900970602546
train:7409,1.7390816102073874,-0.10722557097461827
train:7410,1.2335602541329327,-0.15991534389906953
train:7411,3.181575649673892,-0.15436954757088836
train:7412,-14.565484965716994,-3.9825069332129597
train:7413,-13.909560338701743,-3.3159933462910156
train:7414,-0.6341989339616274,-0.0005034442427474112
train:7415,-2.9856660617820387,-0.36714443651408096
train:7416,-0.5578085070505899,-0.7834602438163971
train:7417,-0.6008551239801314,0.1817709915035489
train:7418,-3.0652165260110382,-0.7002343524925481
train:7419,-0.5497356972831792,-0.03216786698848435
train:7420,0.16593511418295,-0.1505371075708817
train:7421,-7.200670936054066,-0.013028635378862077
train:7422,-1.457135973183553,-0.0632757699143871
train:7423,-2.032386432836434,-1.7578183114520975
train:7424,2.3611556682773958,0.24054196677613457
train:7425,2.9035876735717463,3.125617285986401
train:7426,0.8244728042768531,-0.061939608767869
train:7427,-0.1751166903749264,-0.019530259134084807
train:7428,-11.871368347853466,-2.9935804863202353
train:7429,-0.3890556799991606,0.3937492624836669
train:7430,9.2518553097896,3.650657856806253
train:7431,-19.41097470210776,-10.982366434341852
train:7432,1.819137671108931,0.06923179891327005
train:7433,-7.026064113138415,0.1524373610716933
train:7434,3.896403800019114,0.05653677008284301
train:7435,-22.35601232349518,-11.844324189685814
train:7436,3.19857299620099,0.21409336590503444
train:7437,8.543530876090099,0.4808533879275346
train:7438,-1.9096198896207506,0.1062657605564255
train:7439,-5.382423493466888,-0.8137544094820246
train:7440,9.530537406197132,2.388016102759986
train:7441,-4.53272307212847,-8.534294380484116
train:7442,1.89892919453307,-0.15878917946488053
train:7443,-1.8256994429332871,0.0033799256664314575
train:7444,-0.02444632491608348,-0.07445467098647321
train:7445,1.188261116855366,0.006213882657204697
train:7446,5.979411415005237,6.195787480821989
train:7447,4.305754857519637,10.777334258382059
train:7448,0.6385850154200972,3.0429136758879847
train:7449,3.6811065568970975,-0.34759391378921084
train:7450,-9.574751601486023,-16.121949230824868
train:7451,0.531861577655285,-1.3239030463277586
train:7452,0.9210313081120023,-0.20127157143338792
train:7453,-21.92965787555331,-4.472582766108391
train:7454,-4.2683524997401845,-8.20000358147222
train:7455,-0.35501565758811504,0.03703361074689491
train:7456,0.09100731451956713,-0.06941917237568423
train:7457,-5.806352007213504,0.29529047784978535
train:7458,-1.2541320516389312,0.02412708726563366
train:7459,0.8217191039628486,-0.13602964447973084
train:7460,3.9684091346860706,0.36078120525609325
train:7461,1.3004398846023713,-0.030303147540893263
train:7462,-0.05334390613631293,0.10808354459752455
train:7463,-7.046208014405541,-0.08165048224318613
train:7464,1.15770355134151,-0.26635771278251824
train:7465,0.5171044311894784,0.14943292441296263
train:7466,-3.037164395410599,-8.15884593778543
train:7467,-0.49640164093136285,-0.05673719700937277
train:7468,-11.835236898654887,-4.567644226212785
train:7469,0.34741549480456113,0.0488373661668082
train:7470,7.370729307964169,12.82998364421052
train:7471,0.8916941483594596,0.0625270974950035
train:7472,-2.6898331964088427,-0.15545262844045546
train:7473,1.6772491130502618,0.7546906344084301
train:7474,6.058770798560751,8.27832658891971
train:7475,0.4313457047381155,-0.08956216544451018
train:7476,-1.033087278526727,0.019405014454428313
train:7477,-1.0925865923264606,0.11024314393939846
train:7478,0.054647823787304636,0.22189348835293363
train:7479,-8.61950444599494,-5.270440451621986
train:7480,-0.0628223908825169,-0.08043643875003334
train:7481,-5.861187511339097,-0.40403195683576504
train:7482,-0.6790350144246152,-0.01661141896135787
train:7483,-0.7080376667694378,0.0051683215806692245
train:7484,-4.344653662686966,-3.095283377773658
train:7485,0.4236708634780132,-0.6373785702470547
train:7486,-0.19668160886470187,0.12775390240279993
train:7487,6.25506551037527,1.5935583096704586
train:7488,1.0813447387511463,-0.08733922470299352
train:7489,3.532119421555907,4.271266048284399
train:7490,0.23397192177235443,-0.8922927519106898
train:7491,-4.531117250604821,-5.4277102992160655
train:7492,2.4657244506133282,0.18700821249968663
train:7493,-4.373796487350659,0.17244696628316342
train:7494,1.2185202059887414,0.023472844790945205
train:7495,-0.017338914220432072,-0.03445514775531383
train:7496,3.7508258972294333,0.09954072997273306
train:7497,0.42989632761015517,-0.011292881303516591
train:7498,-2.7870463026485366,0.06859274981484727
train:7499,-1.3472136775746573,0.25468464617609954
train:7500,-7.8427275693724665,-13.22971130466142
train:7501,-11.651990997698576,-0.6719430019385979
train:7502,6.71888385814883,8.427213116674583
train:7503,-24.257894521592554,-10.315510461475894
train:7504,14.848090319226657,2.3953605665807256
train:7505,-0.16007257421153076,-0.016146344720737657
train:7506,-0.5258185338603114,0.217578569493486
train:7507,-0.2761125895582126,-0.11844013724920596
train:7508,10.653922536694182,0.8709850161700972
train:7509,-2.3632902729161858,0.22839511210815636
train:7510,0.4694742026786824,-0.250415937907565
train:7511,-0.47670719767176106,0.038359072332662544
train:7512,1.4142556232772185,-0.17673762129338105
train:7513,-3.3414596705618655,0.03895867571711862
train:7514,4.256624343526266,0.931641111386105
train:7515,0.16122365056955792,-0.022087882135876022
train:7516,-0.27207386009210477,-0.16124494264832734
train:7517,-0.8641080371492941,0.008463215648572511
train:7518,0.25626652667827554,0.26643048130715036
train:7519,-5.970956616967668,-6.087600430051041
train:7520,-3.411100904925477,-9.823141213398802
train:7521,0.890125520154251,0.37583306199822775
train:7522,-3.766038602464702,-0.26415930970032264
train:7523,-1.0097468439979203,-0.7257861875119491
train:7524,22.22618468815508,9.613343595741563
train:7525,-7.817071618312527,-15.626140145296908
train:7526,0.38967221863373225,-0.022264210897043696
train:7527,-0.9535254238439556,0.23476463195331335
train:7528,21.894284532057615,8.198466779407957
train:7529,-2.5387362700791405,-8.575574141824271
train:7530,-11.81644683417898,-7.740563301560761
train:7531,-12.208514621516898,-7.313362652780984
train:7532,4.85082758842323,1.6116790857574468
train:7533,-8.42352541247068,-6.341545802153924
train:7534,-0.30261957023570846,-0.07857485784026239
train:7535,19.900557153404407,6.9974716145815705
train:7536,3.270927948061283,-0.17809461091816003
train:7537,8.994596564803528,0.30917479852282914
train:7538,0.5060059449669703,-0.014821311117400038
train:7539,-1.6834912547942738,0.06989681227911398
train:7540,-22.001046730967122,-10.206056522893213
train:7541,-0.6436000101138281,0.061526331912809984
train:7542,-5.875484158030968,0.13109730114610532
train:7543,-2.0722665036172865,0.0366632632841188
train:7544,-5.210663819077822,-4.580999275280705
train:7545,-1.4222597984823273,-0.10499207333316116
train:7546,-6.349368877440324,-0.5947309770605602
train:7547,1.7526769303884233,-0.19400970822164215
train:7548,-0.3005929992972068,0.1410844138113996
train:7549,12.805708501056108,4.212287501533255
train:7550,8.608522480732224,-0.009045260241868858
train:7551,-1.9617791020263424,-0.17993778858344023
train:7552,5.330374990565082,0.35965090365841407
train:7553,0.500388591591323,0.24526960335893017
train:7554,7.03522047014506,0.8293694312831876
train:7555,2.790686890530524,-0.016931835140631804
train:7556,-6.278702502237209,-13.940859464531624
train:7557,3.9739625620456493,0.03971962847769171
train:7558,1.470668124104669,1.630310730205067
train:7559,37.05064920067231,10.336153991508155
train:7560,-1.789265333105904,-6.432683804661527
train:7561,1.6252330949206648,-0.24774675415234892
train:7562,-6.291360783251796,-1.7583481537004606
train:7563,6.900765694151353,0.05503797561291784
train:7564,1.7924145042680024,1.7972822261836177
train:7565,1.8305287060267936,6.647267287535102
train:7566,0.632559930291051,-0.30001824558186196
train:7567,16.8174188809832,10.494892104158817
train:7568,-5.438913635346582,-4.622994052600611
train:7569,-10.120530075607016,-2.842990588493887
train:7570,15.627152725267269,6.49616438143597
train:7571,5.554041660169069,0.18588704119384786
train:7572,15.488055293299286,10.892132841550811
train:7573,4.370144860235995,7.182340622479449
train:7574,2.3204461864953303,0.20882005172396512
train:7575,2.109106312455334,0.0007655236622577666
train:7576,3.2712596659701205,0.3828688078261137
train:7577,-9.302946549658053,-4.651492546650691
train:7578,20.217788264709117,8.884237293107777
train:7579,10.731533834283013,2.1584517484087833
train:7580,-8.999718722746016,-2.307601117194565
train:7581,-0.02115355394293869,-0.001332160888073447
train:7582,-1.5150283031684366,0.2725486328050764
train:7583,-10.458883272453827,-2.0233988138974666
train:7584,-1.20706390715306,-0.7836642487747061
train:7585,3.72420059530765,0.03721108079454263
train:7586,-0.3144112469306427,-0.05273641725355879
train:7587,29.098031501466508,9.503640856706232
train:7588,6.630102477199493,0.4141052481418321
train:7589,7.308634132995561,3.1973071962307187
train:7590,-0.8602608532731525,0.15682646355234414
train:7591,1.037078645893252,0.08515566985656751
train:7592,7.698200204751904,-0.02865769775828171
train:7593,-1.1693921896545851,-5.952367112457
train:7594,1.1487046279449422,-0.09024864926226003
train:7595,-0.8361237843550078,0.0053047053150351575
train:7596,-2.665760285965007,-0.020526887552788142
train:7597,2.2312798547001393,0.7559899890659665
train:7598,11.19448650756988,8.523594189271535
train:7599,-7.238813613947289,-2.129353568132314
train:7600,8.35498492725608,12.474090574704244
train:7601,1.1786740741109654,0.6655691781154671
train:7602,6.842490272986537,2.2811336252776684
train:7603,-0.627562483660723,-0.04757452116510433
train:7604,13.572865325864065,13.811859793872737
train:7605,-8.000568574168309,-10.730079351494481
train:7606,5.017052897028418,9.637149690428918
train:7607,-0.7134922993769099,0.20895700610157109
train:7608,-10.630982335873659,-4.250741212046064
train:7609,8.89449818688585,2.183257610052662
train:7610,1.04270576251499,0.29836481830541906
train:7611,2.765840823979616,-0.15281511538506076
train:7612,-2.3440717879034962,-0.02767790331515911
train:7613,-0.15770777653346496,-0.04793959017791019
train:7614,1.5328095582630867,3.5642798748853166
train:7615,5.676301676879247,0.4362336517035143
train:7616,-6.348624081238563,-3.256920643405267
train:7617,0.053396501080037545,0.07551408167310825
train:7618,-1.9547751352476022,0.3452813935705392
train:7619,-25.90637678149201,-9.615314086668246
train:7620,-23.995220429441613,-9.355669129883994
train:7621,-2.5907739068250812,-0.0048884095599080885
train:7622,1.575225051070349,0.021745507703390093
train:7623,11.347492380968518,0.3556003352799079
train:7624,-8.37849174250348,-0.6952623379422118
train:7625,4.5184769282561605,0.18175330156310812
train:7626,0.7922217804827735,-0.03704615338664649
train:7627,-11.862337810136223,-9.508312772731193
train:7628,0.5911636506381661,0.13517568838256266
train:7629,-3.6211831798857195,-0.26172437499513673
train:7630,2.066059230609312,-0.17539646701851275
train:7631,0.9669134506561163,6.0024992025607835
train:7632,-0.14498312869128632,0.09581414429375101
train:7633,-3.9958719242660474,-1.608265272392874
train:7634,10.720943036857213,2.398016625541421
train:7635,-4.792927992851472,-0.11831174252020035
train:7636,1.1621558240170229,0.042041005178112656
train:7637,5.440416072334746,0.5407686455571801
train:7638,-0.8507386663777814,0.23512057067427883
train:7639,-0.003241949156936097,0.4892719449868107
train:7640,-14.165965497029614,-3.871020078087691
train:7641,0.8975646487587394,0.16134923921197084
train:7642,1.4352914668121848,0.104391768156184
train:7643,0.0383254197607729,0.1360345064588
train:7644,-2.461254219271888,-3.6878244814911847
train:7645,1.7236942694522623,-0.1607845762144373
train:7646,-0.8329251589691644,0.09601115887236958
train:7647,-10.427860325542989,-13.447316973953042
train:7648,-0.006586790775896967,0.0818413739185034
train:7649,0.3384133169926299,-0.009474383958367513
train:7650,1.1252226263478227,-0.1284880234195629
train:7651,-0.9134740313400386,0.1297631372509273
train:7652,-3.987658244805045,-1.2682731767698894
train:7653,2.386073796882781,3.1239244728148674
train:7654,-0.35411557928186604,-0.05032416561716388
train:7655,-16.390856788451362,-8.020864972990669
train:7656,-0.459678585511349,-0.048467292514123156
train:7657,-3.7439992367065758,-0.18620573393187279
train:7658,-4.741278561366749,-1.7130915796205726
train:7659,-1.8437493603722386,-0.12201179328852127
train:7660,12.56334196077343,1.8153296746142626
train:7661,0.043947770988585586,0.08866341385300006
train:7662,3.9006233819961365,-0.068792463437327
train:7663,1.5135510904330745,-0.07690957820505998
train:7664,-2.5502889797030974,-0.5218417173865206
train:7665,-3.01484375518177,0.14734408483285183
train:7666,-30.839789663009114,-14.028735099636005
train:7667,31.9288688982497,20.516675911430543
train:7668,2.451083533267647,3.1340705096225085
train:7669,11.073425975379395,3.15043142195726
train:7670,-2.708233195957611,0.1683993937816674
train:7671,-1.4102077685583128,-0.2584814094620757
train:7672,2.565339082933048,7.228919376946475
train:7673,0.9102319956446964,0.0817838816120709
train:7674,-0.23873074748532952,6.154015254365692
train:7675,8.329334555193906,0.5818777845685678
train:7676,0.06443350209799932,-0.0943615604147389
train:7677,4.348277978492135,0.3897165267064115
train:7678,0.9161952468818361,0.6360754109243796
train:7679,0.3892272935618933,0.29601091494031667
train:7680,-1.2207608115850856,-8.134599877160015
train:7681,20.033089964667724,7.735048545470284
train:7682,-1.0472267834481888,-3.5684199514105726
train:7683,-0.5687098686853657,0.07720347098520171
train:7684,2.738089959258541,-0.3499568047853436
train:7685,6.90349335914245,2.2587032087812027
train:7686,-3.4436162337387213,-12.727816879621834
train:7687,31.575405915786625,11.612451238288214
train:7688,6.379644995406665,3.7927902511721934
train:7689,-1.1772781029968344,0.3069210430463511
train:7690,0.30374751699883074,0.09026406814126967
train:7691,2.411014706395711,0.041659886824181085
train:7692,-1.5707011218754108,0.4011893090471104
train:7693,-3.863988136409509,-5.382171256732365
train:7694,7.889872716917288,9.972815169006035
train:7695,-2.2796183240875494,0.05881477789702207
train:7696,0.5179240789446007,0.008514002896934714
train:7697,-1.6348558768526358,0.1075234582574402
train:7698,2.828308629507345,8.963974414322925
train:7699,-4.932282058716692,-2.902651624560101
train:7700,-1.3441659175867362,0.13651555871014093
train:7701,-5.529060475999149,-0.07447036367557391
train:7702,-27.828250388250908,-16.86204954612097
train:7703,18.380594545708583,7.518488294594387
train:7704,0.4502406078803766,0.0636538325724325
train:7705,2.152253351344664,2.243984607691243
train:7706,5.380392100286768,0.385864542175434
train:7707,-0.0642971059586645,-0.4415765728483377
train:7708,-2.266380059763538,-1.1280444482526715
train:7709,1.4672528476389122,-1.0243163439404008
train:7710,0.4860600981205378,-0.13856187385734095
train:7711,12.182969612418985,20.972615295064447
train:7712,0.018232426848261957,0.28438577085453115
train:7713,-0.9792515772924507,0.035304276407999706
train:7714,-8.75309912649972,-3.3896294353054377
train:7715,0.8416795956784169,0.24287960680889623
train:7716,2.1346009374965402,-0.13121284489068138
train:7717,-2.3167009924052304,0.15645411883822796
train:7718,0.7332415459335189,1.2903931035249054
train:7719,2.1533698482725856,-0.12901358584362574
train:7720,1.463053954445272,3.2179476475440363
train:7721,-4.0313278498184575,-1.300825235075485
train:7722,-0.7944010171036916,0.10146165777946659
train:7723,-10.330815519069237,-5.792123072295912
train:7724,-0.696636519918124,0.007363015481804666
train:7725,-3.658012003805047,0.0011484252763144243
train:7726,1.2751321559863267,0.03244421248899534
train:7727,8.986720879623851,4.073978702197101
train:7728,0.012257785157350015,0.038119259511042114
train:7729,-0.39546618089054175,0.09880203229852094
train:7730,2.4871912717257185,0.13321638481793746
train:7731,3.2686754277132586,3.917880955818033
train:7732,-0.7385213105628947,-0.0496114322103729
train:7733,1.021333784364622,6.087380101941514
train:7734,-0.19038966167584837,0.08447175393339777
train:7735,0.9665322191421059,0.4841547017318882
train:7736,0.6207151368882196,1.5785857723386876
train:7737,7.4854274581190055,0.5048326728382374
train:7738,17.680815276920683,10.609506940204282
train:7739,-0.81679534659468,0.003126845389480451
train:7740,-0.8589123630214607,0.0015978068278339613
train:7741,3.3139940914830057,-0.16694538329455522
train:7742,-0.28045816390145084,0.02437674368314452
train:7743,-17.085575906265497,-18.563542201335363
train:7744,-4.380758146729674,-0.15778912718673704
train:7745,0.3062615528671372,-0.01955137293396572
train:7746,-5.323084808311167,-0.4071379679912201
train:7747,-2.736347625366437,0.05765979597921184
train:7748,-2.360873637050544,-1.8442392342768457
train:7749,31.235652390500544,9.030851519480873
train:7750,3.4228584696405226,0.1265806599013089
train:7751,-0.4102449459726917,0.009927200880856177
train:7752,-1.4679940975856423,-0.1101973383078575
train:7753,-2.328829268632047,-8.7960769668455
train:7754,-1.8980808950329684,-6.453854668866447
train:7755,0.3024357551490986,-0.040267577137396565
train:7756,0.4138822794393154,-0.0038044727254809563
train:7757,-0.15114768876448276,-0.03236060174280274
train:7758,-21.469182277274548,-6.280113204149052
train:7759,4.831350842305623,7.231993432080489
train:7760,0.058381335583963925,-0.042375247944428235
train:7761,-3.5374154582621,-6.619134064977515
train:7762,-9.835288937492582,-4.023988416938463
train:7763,10.171938042361546,5.891415506884592
train:7764,-0.05283807700552837,0.09749953910316429
train:7765,3.332246247590975,-0.14126244299075838
train:7766,-8.605034385455841,-0.21484232364603806
train:7767,25.192413202723706,10.660358100609372
train:7768,-4.425307373724193,-7.071105195520289
train:7769,5.045652699242887,7.946713818633248
train:7770,-1.6609727926029918,1.3056699363644197
train:7771,6.1737990394167435,3.647582089742519
train:7772,17.63560307902497,5.41694448403088
train:7773,-13.218887853933886,-4.647243251763846
train:7774,-0.5641657750049538,0.03636995265874605
train:7775,4.294032918296778,-0.14299805440529387
train:7776,-7.099195475521144,-1.6513476957282676
train:7777,6.893945369382411,0.48109790855588525
train:7778,-10.036988303392919,-4.817789684980342
train:7779,0.1438378663230014,0.01716010394817069
train:7780,-1.966704892137245,-0.014685783347894138
train:7781,5.760264198508196,11.943128724304275
train:7782,-3.704117306259801,-4.65422935162985
train:7783,9.025794320311034,0.4326871039667601
train:7784,2.073485806468827,-0.025956272660004234
train:7785,-9.323001186960923,-3.9426109817298642
train:7786,0.7920713800013316,-0.21991077690393845
train:7787,-0.2624126631690641,0.002364466020807296
train:7788,1.5679286518253739,-0.05418627906565185
train:7789,3.1333865915535344,1.957753097032616
train:7790,2.8853843336942298,0.053026743513450374
train:7791,-5.266571420607448,0.11077127425804142
train:7792,9.687958126494602,6.89467080553434
train:7793,1.416173868675764,-0.09486772096864088
train:7794,-5.1335936842722925,-4.861749757618894
train:7795,0.3461246541964515,-0.059308800770544595
train:7796,-3.8987401784104407,0.09817860455879383
train:7797,1.9264341184359601,5.528839634394386
train:7798,7.583594108060207,4.487692483320511
train:7799,-1.0311667085457796,-6.136299694797999
train:7800,-1.4301577996530699,-4.621088960143789
train:7801,-0.4545930965893943,-3.4136130000404408
train:7802,13.453151191801107,12.618057016443624
train:7803,1.3639535197529864,2.12940229831046
train:7804,-2.544057704114949,0.008353652146487742
train:7805,-21.48167551293856,-11.812058879608331
train:7806,0.49183389589187354,0.8792088412237149
train:7807,-0.21993231451277223,0.017029141324584995
train:7808,-14.623748299053316,-5.994624385667318
train:7809,-0.6311630293439591,-1.2569648823431276
train:7810,-0.27242859136672665,-4.868596905855952
train:7811,7.004762861674511,10.92613633093741
train:7812,-0.7838546192017779,0.15601928868932907
train:7813,-1.3560670821128284,-0.024194696978047645
train:7814,31.522081855139138,13.770117240864922
train:7815,0.7667673707171307,-0.12707539607888146
train:7816,-2.6811322844762757,-1.155694395804834
train:7817,-9.877172333387911,-1.3779445304270186
train:7818,0.04160342963566181,0.2926198674864692
train:7819,-4.483023500362966,-0.1653575684791862
train:7820,5.49915408539766,4.9850428762397785
train:7821,1.232965161037892,-0.07543289616068577
train:7822,3.689225625854318,9.192859417896878
train:7823,1.336453942389622,0.2816755007860333
train:7824,-2.1563357235785103,0.05361992716145617
train:7825,-2.541190564179703,-0.06522308997097179
train:7826,-2.393429878514072,-0.7517814123288495
train:7827,-1.1925592103361655,-0.13128874044160468
train:7828,-0.1592096892237218,0.03822283125910662
train:7829,13.63705727415973,3.06212067138236
train:7830,12.909455543512756,4.134129635484876
train:7831,8.99256487978374,4.5523118384993015
train:7832,1.7852008601565563,-0.12357264521079914
train:7833,0.48583507854397556,0.09094627213471933
train:7834,-1.2232011581912325,0.08134776751588194
train:7835,-0.33457955631299474,0.0750578524027084
train:7836,-0.9300036718877535,-0.4537536716080372
train:7837,-1.1764391612077714,0.046495731631366374
train:7838,-13.754780344013517,-8.011113250661886
train:7839,1.078843720544294,-0.5708060459184698
train:7840,6.2342358572994065,14.764595475839847
train:7841,-7.9327446983269745,-0.24321927068599203
train:7842,-2.3681063427376903,-10.770472903882878
train:7843,2.3910325960637997,3.64691757568951
train:7844,1.038493386743415,-0.5643520708737892
train:7845,9.604591162877174,6.079162839285157
train:7846,0.7220303174644895,0.010835094275735646
train:7847,3.355485562785273,8.353264600486247
train:7848,-1.3075760607383855,0.2889959975906916
train:7849,4.390406850289168,-0.09774105234297584
train:7850,-1.3709657956469474,0.24636381177167774
train:7851,0.1634629207978886,-0.025307736617716042
train:7852,-0.03596486317872366,-0.07532176338969093
train:7853,0.24505762279164867,-0.08321375939923412
train:7854,-0.05762067284043704,-1.4763619434259982
train:7855,33.89038500346792,11.037943602241953
train:7856,-1.1445138114082822,0.14066299377864128
train:7857,-4.937299437374254,-9.274600127346629
train:7858,-0.06485570310998584,-1.275046569368174
train:7859,-4.086346066120887,0.26376557737623446
train:7860,0.8277216406425906,3.81754817878391
train:7861,0.06104182014362804,0.028403487706379626
train:7862,-10.976352052244183,-20.18401721190399
train:7863,-0.001378331444849834,-0.07529237526282964
train:7864,4.962392666415974,3.5422327879853377
train:7865,-1.243409682849148,0.10863735386196863
train:7866,-5.016646733101274,-0.021246468678459432
train:7867,1.8401065666707046,3.5003036346380347
train:7868,-0.15738012664383222,-0.1872739780771992
train:7869,0.9722223319469515,-0.34831235362840207
train:7870,-0.15232694941727226,0.01806685605657013
train:7871,-6.220190903500299,-4.962438045391552
train:7872,21.35322217071482,13.95336676324761
train:7873,-0.318589683799141,-1.4214288292641994
train:7874,1.3870556845855369,-0.017277359622466834
train:7875,4.073552786250142,1.328763868288224
train:7876,-1.4087707117170858,-9.973087996293643
train:7877,-0.28825992736072975,-0.0005572273681197504
train:7878,-3.2956974764697207,-10.389295773697583
train:7879,-15.763310663405862,-6.126975954899233
train:7880,0.04647714910074857,0.39244077753428996
train:7881,-0.4394546023804571,0.16364079980310048
train:7882,3.3883177321799782,0.5528471656971653
train:7883,9.129887260629175,0.7496893743920425
train:7884,-3.3611526028429055,-0.0887187547357535
train:7885,-6.493002034592071,0.1263184493325175
train:7886,-0.14556264708423022,0.02838437115783879
train:7887,2.0316744726279756,7.510085002241781
train:7888,-0.8018977953517621,0.18761494892464303
train:7889,0.38453349677476023,-0.02853101495899621
train:7890,-9.306989463372485,-6.878523373590235
train:7891,0.35440005132024033,0.40834175141758144
train:7892,-2.26162605629218,-10.003992892886908
train:7893,-4.32003261571262,-0.2902048937831552
train:7894,2.0146710821866307,-0.05029363620382257
train:7895,2.032065002471596,3.079533564530097
train:7896,0.5920694241713012,-0.06139806833308545
train:7897,0.06829405232295536,-0.013346198341935886
train:7898,-11.05834286307933,-1.932550127512556
train:7899,2.330009983415706,-0.1431826574934419
train:7900,-0.9603713190193254,-0.026391673452143175
train:7901,0.5182116297877902,0.0534043666775368
train:7902,-0.9088818188038948,0.196261049975879
train:7903,1.0656342810420734,-0.23103917604928237
train:7904,-3.086051293168188,0.05194052410606314
train:7905,0.6200422865118151,-0.010128341111435957
train:7906,8.198857604607364,2.470545951991815
train:7907,0.6039433910832841,-0.1504084275202561
train:7908,1.1473414928241144,-0.19919928050723779
train:7909,7.469677947425571,3.515213971856643
train:7910,-1.2316338133145508,0.037043882325215355
train:7911,-1.6252776675213645,0.030711596951469987
train:7912,0.5695386416932859,-0.21566547651977386
train:7913,1.34613141138948,2.9505530702386285
train:7914,1.4204413370502778,0.12581970714073581
train:7915,5.091588307182259,4.586176661578574
train:7916,-0.741363112549954,-0.1194279206976889
train:7917,-0.1429530708791809,0.0021188041059766183
train:7918,-5.588222957808759,0.1768820055446363
train:7919,-0.657009596160904,-0.06849344637955398
train:7920,-22.546070180723785,-8.050916757940097
train:7921,-6.914261927740615,-1.510597113968047
train:7922,-7.725395667355595,-5.058023641311909
train:7923,13.733112738362978,15.637003991481624
train:7924,-9.257849651049504,-1.3136455914275025
train:7925,-4.21476018228345,0.04588742593749992
train:7926,2.308434139388639,0.24287875084403618
train:7927,0.16157164055521256,-0.060417703246722826
train:7928,-2.099362068559096,0.006380367822481928
train:7929,0.026273622294998633,0.15461864485668814
train:7930,14.706396793631558,3.2413200533689723
train:7931,-13.933775048672132,-9.36937769243911
train:7932,-5.73728401487035,-7.664274006801843
train:7933,10.699694494032418,5.075388255286987
train:7934,0.9777659960604396,0.07795557877555442
train:7935,-1.0827066521993447,0.42770938298402367
train:7936,3.476003072526535,-0.13758635923851853
train:7937,-6.645459306543718,-13.299989443529915
train:7938,-0.5084339119049561,0.07780521428180788
train:7939,0.04392429270632031,0.22013476588717715
train:7940,2.367778171083885,4.578638464377846
train:7941,-3.3747114270802223,-4.061446865821792
train:7942,-0.761700419072968,-0.030480902910160992
train:7943,0.023218772330749968,-0.0035174391757484824
train:7944,27.41027681662621,15.529925070063928
train:7945,0.29968833120758087,-0.04620212417284464
train:7946,-2.6364473018694503,-0.064906097651138
train:7947,6.284106983246215,0.02641993180405336
train:7948,0.27480972050303804,1.9390775130555138
train:7949,-12.324531739726915,-3.572638716884076
train:7950,0.1953945469698643,-0.08332517749184895
train:7951,-3.863755213252778,-0.12191021879179684
train:7952,-19.676378783832202,-7.242084746955964
train:7953,-7.788923714917105,-5.473594010216741
train:7954,6.117659909479827,13.064270356694548
train:7955,5.227647509950172,1.7902419152098117
train:7956,6.247398107778856,7.624781440270569
train:7957,0.47203356790383766,0.15785932781678907
train:7958,-7.503691410215801,-1.2610562517132957
train:7959,-0.2879519201923981,-0.09670019907317057
train:7960,0.23909158205562597,0.13780621105826707
train:7961,1.2088648205217072,0.01605191477604251
train:7962,-0.0895955362450993,0.06789285588095684
train:7963,-8.13745300368911,-6.694125717008616
train:7964,-6.870005598128811,-6.789483626276202
train:7965,6.733412498164471,0.6573278057822187
train:7966,-1.1579382747827345,-0.14206162884841314
train:7967,-6.301230030299861,-0.13917845387818775
train:7968,-6.5777153963370285,-0.13344919574833863
train:7969,1.8892059312598821,3.400021359530654
train:7970,-0.39975991704620406,-0.1086701543367411
train:7971,17.157230055912862,10.80537680848336
train:7972,9.412154792934327,10.063520053294459
train:7973,0.040618736529961744,-0.01956735094468641
train:7974,2.6067185093635143,-0.13556143170129048
train:7975,6.247713321152635,3.563259564772152
train:7976,-1.0975988569027364,0.0141913324919416
train:7977,0.24597629775711766,-0.08791842759161869
train:7978,8.386026470826138,2.10249561357843
train:7979,-0.4361572984716273,-0.012245855514358042
train:7980,-0.38512899540485335,-3.4571881738135954
train:7981,10.364208902037333,2.1152466367767846
train:7982,0.6508058100265334,0.16314747872209903
train:7983,12.815138866946581,5.115575805465735
train:7984,6.086516549200541,3.765482118920806
train:7985,0.15463136733430105,0.07179605564272656
train:7986,1.2962369233895266,3.517623512937648
train:7987,5.36472348506094,1.3861557415104797
train:7988,-24.84091652513348,-17.136216232077373
train:7989,11.089270329034852,3.5119239282562797
train:7990,0.20487535629847078,-0.1668298280384502
train:7991,-0.7649743609286526,0.07316417281068606
train:7992,-3.955363751320039,0.20150526135170704
train:7993,-0.29322314324831283,0.08060479001736962
train:7994,1.605252146879954,5.094960747776598
train:7995,-5.561206196210395,-0.6792041518462935
train:7996,2.8271228600238287,7.524652953516375
train:7997,-8.27316584367905,-0.4253566093938724
train:7998,-1.9465070605583814,0.04901740410903603
train:7999,0.5776291182869556,0.01714926172661023
train:8000,1.3682121547143709,0.017638231652906483
train:8001,-0.24552131759951984,0.021618396921674568
