row_id,pred_displacement_m,pred_v_final_m_s
train:2,24.382405955740982,9.907739013913604
train:3,1.892722443289268,-0.3375676407315698
train:4,-0.4636409524455347,0.04669124827147987
train:5,-0.5142750063368443,0.038448021347701415
train:6,1.4969508988094433,-0.13525521027261217
train:7,1.1991598052203791,-0.06490231713967282
train:8,0.047902001884362486,0.0027057820087471457
train:9,-6.444094215592861,-0.047246900614925064
train:10,-0.43829649542753035,-0.10958596540657592
train:11,-3.1214839728965726,-1.9338877152671738
train:12,-1.0646301182918845,0.04620520289178874
train:13,-5.820369704017075,-6.599758444405713
train:14,-1.506923297934751,0.05475058541116034
train:15,29.335185398169813,10.223652818023742
train:16,-2.544549585751319,-9.201214836036199
train:17,2.2438642139943266,4.767808125054172
train:18,-9.799387157035373,-6.7364377719699755
train:19,7.653778364873043,10.245324706993404
train:20,1.9803236337528545,3.1671572606440073
train:21,13.405178319844183,2.1563801707866834
train:22,-8.27766995454214,-4.415126124878393
train:23,5.9256391748705495,2.5237707029537897
train:24,-11.477674282666758,-11.886180871341635
train:25,0.37516787050419775,-0.15130854590099024
train:26,-29.874518908198443,-14.750352280387705
train:27,0.17223856805469595,-0.17487525574915508
train:28,-0.6824180954240973,-0.40533352273585666
train:29,-0.9527802789548333,-2.4322929422156276
train:30,-9.930209075650447,-1.3144768759674086
train:31,0.3592340204262443,0.3911644625975695
train:32,0.4053179367228955,0.034196158566276516
train:33,-1.998762278217196,-0.22923273354257884
train:34,-0.1501872875448888,0.017624964197575907
train:35,18.22630736248969,7.70529235371919
train:36,-0.5772976896840508,-0.001823413387329817
train:37,26.125567527061406,18.185712404577178
train:38,-1.7842055308194968,-0.35376477845643417
train:39,0.0823932257397337,-0.10283554119870236
train:40,1.8114873541931749,0.26520067379449186
train:41,-6.339765097702625,-1.4329495456370605
train:42,2.0901434152778,0.19124288465350578
train:43,17.003539825454926,4.054908090437092
train:44,2.355501354041549,0.2831476890148923
train:45,1.1581000088702567,3.0952453701793203
train:46,-2.1676868919081707,-2.1196171105102004
train:47,3.066196861791602,9.768705212340999
train:48,-0.30295279912310724,-0.09950954707421775
train:49,-1.1518821564786146,-0.05854934594847658
train:50,-7.124256798402524,-4.626336880700677
train:51,6.1304934640075635,14.893096344488075
train:52,1.4176398665679018,4.184517148257448
train:53,-1.9811851808389136,-2.0821132954892896
train:54,0.8509726949780213,-0.5083808139975752
train:55,13.886774143999121,5.739515412179148
train:56,-5.462490944822203,-0.6362377117494351
train:57,-0.3587106975460129,0.24419971861428863
train:58,-11.50741034075957,-1.1237379463810142
train:59,-1.190187555140012,-0.4066178980083425
train:60,-0.11844279025631455,0.043233150236929495
train:61,7.004718694608863,9.53715530483613
train:62,-14.922400417964267,-1.852039642046365
train:63,4.59771124927842,1.4349406027434413
train:64,6.353614786579922,0.10648010842345983
train:65,6.355267564668102,6.882239913193639
train:66,0.339153696487827,0.5197981484599132
train:67,-34.27022426569604,-12.924693362576315
train:68,-0.9463823308084257,0.0631640066812762
train:69,24.235914492067117,11.321283948924993
train:70,0.6492421796734901,-0.11780779320885346
train:71,-2.0609248660754766,0.04081333757760427
train:72,0.7157768421143974,0.03585102396234848
train:73,0.7578850251280486,0.6472738565274365
train:74,0.7345120464456066,4.268924128427338
train:75,0.09001553143753943,-0.059599044188502204
train:76,-3.285120626538334,-0.6043487408887485
train:77,3.874749385106842,-0.06700884666022444
train:78,-0.29086194867297094,-0.3869258557599462
train:79,8.171290846812566,0.34430937414156193
train:80,-1.0369238855529375,0.07783296180935409
train:81,-3.610060053089745,0.04616140602311683
train:82,5.362831739901784,0.5687262411461208
train:83,6.89348928631504,4.93149885038501
train:84,-0.07333612840167539,0.09026442479329468
train:85,0.5035315432286265,0.022196101871794688
train:86,-3.040073842745571,0.24868297722954358
train:87,-4.961122222751579,-4.680090903267774
train:88,19.995255061484592,5.242188986275961
train:89,-3.3664405628921186,-0.053723130745966685
train:90,-0.7318489454638717,4.377775182426931
train:91,2.7327899113808356,1.4778571115567973
train:92,0.5595253867653862,3.7641964597010302
train:93,-0.9766019020409583,0.09533173676471503
train:94,-0.2549672581920888,-0.12457633533959778
train:95,-2.080792142036705,0.11514218748541649
train:96,1.357970160878065,2.467579605769356
train:97,4.170425573626109,2.695286088391848
train:98,-2.039936676479762,-4.196253912915535
train:99,0.46848579024113834,0.5299767119322358
train:100,-0.22312152533988555,0.03903849444031709
train:101,-1.088542632549947,0.013713204787205807
train:102,-3.6642428144767147,0.10021929611552757
train:103,12.957543714756845,3.2687374638008246
train:104,14.680953774319688,9.017758110338503
train:105,1.9467745631452171,5.160145895727873
train:106,-13.260177086567134,-6.236527473475957
train:107,0.7757687349252211,0.4574857612397335
train:108,0.20333264718705,-2.0766733534821333
train:109,12.1866433824479,6.900354412204987
train:110,1.402212078078973,0.10513153578647118
train:111,6.315008586955641,2.410529547847875
train:112,1.2581437591014777,-0.07093686940293525
train:113,-0.08465196307881734,-0.28034910039347166
train:114,0.4257900690252546,-0.10575067219036913
train:115,-4.537227182991559,-8.799152733909233
train:116,7.477406254080931,6.00035586655125
train:117,8.389451045621504,3.9167022922057617
train:118,-0.28150852646002156,0.042352647717571204
train:119,-0.35001118036288753,-0.3898242954368422
train:120,0.7553742436751056,0.09035572771169864
train:121,-0.893860716006284,0.14206713280112734
train:122,16.110286493139704,7.131410142663994
train:123,-18.04498685375594,-6.54496356856881
train:124,-0.5909381067636953,0.2066833494420972
train:125,2.2970283433725203,0.16875911301409807
train:126,-0.9783093078155963,0.1524880769896505
train:127,0.1305608977019882,0.08634367775189418
train:128,-0.19651912055476695,-0.09981113202657085
train:129,-3.737179376854114,0.05518812611544936
train:130,1.9384569748508231,8.751345895370799
train:131,12.50442123553368,4.577271488496367
train:132,1.0487618808191095,0.001340946039417798
train:133,-1.1716074004550499,-0.037916027675659325
train:134,-2.649075363312805,-9.264629848656915
train:135,-2.5231476204879586,-0.6852819303349877
train:136,1.251988962274372,2.3456154554356123
train:137,-1.1441852316856886,-0.06129956104377615
train:138,0.8713425456546703,0.22030688615444963
train:139,-2.0956253023470732,-0.1693137667318732
train:140,10.485958440451922,3.972870135678164
train:141,1.680270721486155,-0.03942480840228493
train:142,-0.8226169145343871,-0.4520104278401664
train:143,2.2711408639052912,3.0730011260399133
train:144,5.772228359217396,3.8919281012617044
train:145,7.538890993710641,0.43536691595232163
train:146,2.9915215117771305,0.10213580143715091
train:147,0.7164333041848641,0.0806505128069766
train:148,0.6261260673465245,4.979391796233813
train:149,-25.2321902351227,-20.823199270201705
train:150,19.617584807714813,13.625334779292306
train:151,-2.529449563381143,0.19809203014190363
train:152,-0.514489332834355,-0.11992102778747535
train:153,2.843651105822102,6.561340399095405
train:154,0.4127540433702608,0.38310840665651913
train:155,2.471784869394893,3.250881751498828
train:156,0.03254557807519065,0.16684075310194463
train:157,18.3438624244172,10.697934957965007
train:158,-12.281810564333723,-10.881747194401237
train:159,0.047908045798608995,0.11570312979036089
train:160,-0.901012293767583,0.013127439501320337
train:161,-0.17051924752837705,-0.20884564782783227
train:162,10.379527900069824,2.776254657718969
train:163,-0.2924561472846071,-0.05095066056430614
train:164,-3.749126800570016,0.09792131578794763
train:165,3.1037156217679924,5.747204259195241
train:166,-6.907162188166892,-3.610326564349895
train:167,-1.3224153811921209,-4.134091176885051
train:168,-0.7390525938709867,0.0299507155213019
train:169,1.8492302039131667,6.659982360209335
train:170,-34.466043367951,-13.558843488783491
train:171,-3.584848562185164,-4.205921465366415
train:172,-0.9865878431256286,-4.636942570638158
train:173,-0.5850483123304747,-0.03517922269650031
train:174,-2.613850501251204,-4.518472754184707
train:175,2.5965219611131776,-0.23403555237224766
train:176,19.909974501633425,8.061106674458344
train:177,-0.20158636150486203,0.163675395049527
train:178,-0.48382390669702247,-0.07512981326982757
train:179,0.7175955953861153,-0.04042200746422828
train:180,-0.3069742104503164,0.11004948188981503
train:181,-5.5946564720659255,-0.09443795527849719
train:182,3.3797607118981263,0.048140111457902875
train:183,32.38304766771657,10.821779377774632
train:184,-0.21894797009443256,0.31179726086276816
train:185,0.4994846777241099,-0.015493457523744258
train:186,-4.127129934539832,-10.82504123435349
train:187,0.5938590039338678,-0.0050716573703610685
train:188,0.6849328880485526,-0.27661523901317925
train:189,0.03574141396215111,-0.040701052008600414
train:190,-7.586940749963662,-2.656994845518579
train:191,6.434512578769413,0.4776169134613289
train:192,7.717593265903022,10.203270582776536
train:193,-18.10909139775327,-16.55984487520919
train:194,-8.140272257226867,-0.7042626657846933
train:195,-1.0556339843941998,-0.015231246954952857
train:196,0.19184665307804485,-0.1062879328008525
train:197,-6.083077270154611,0.19995603628544467
train:198,-0.8974415027390988,-0.1132621918196258
train:199,-1.4857049746811888,-0.19794236744067817
train:200,0.08311338136802898,-0.08260024658580242
train:201,0.24913063984819345,0.05349303037095565
train:202,-3.9446153472073475,-0.43078963235174367
train:203,-0.6503923236648202,-0.045110127002652156
train:204,3.57347699691179,-0.33765780236349374
train:205,-4.5520370974779025,-2.2285471985985374
train:206,-1.284764352477028,-0.12440671163650041
train:207,-13.358093146525347,-2.93803892380376
train:208,10.100702609386298,6.382041439863408
train:209,-0.39401901211586376,0.7122195126439133
train:210,-1.0176149742847906,0.168642844453943
train:211,2.9332763101835475,8.970879768170464
train:212,-3.842764699074661,-0.10944672845600986
train:213,2.7762052070794137,0.3768564393188073
train:214,0.15233839925247258,0.07671050655622527
train:215,3.384867354519944,0.8895175113547631
train:216,2.141105583975223,0.05593338618692177
train:217,1.5063043210223928,1.5176121141596062
train:218,-13.762826188625057,-12.140833841062149
train:219,-2.4392920296495246,-0.062378790071473095
train:220,-0.40402145773559184,0.15573332509567162
train:221,0.7641067699283466,-0.13268617440602046
train:222,0.6553818667149797,-0.126811972893205
train:223,-0.1498299992296242,-0.06082064870458534
train:224,-3.2546927727225374,-0.009183284575549858
train:225,13.64834451647332,4.056509315368602
train:226,-11.404829308836018,-2.9891163442535214
train:227,14.476734561095038,7.509314063224508
train:228,-4.063830160970247,-5.626217109907297
train:229,-4.677468309501575,-2.5014255147797737
train:230,-0.478766545222138,0.3397097043053419
train:231,2.9501513836762743,9.565547088600324
train:232,1.2694230978349004,-0.31779784834172015
train:233,0.21081338581654332,0.007626723989101136
train:234,24.432905183852945,7.5156927133615055
train:235,0.5203589627821019,-0.20951872152944157
train:236,-8.420351892574784,-2.12282669341372
train:237,0.03232334799751142,-0.2800566457329589
train:238,-22.98324416499986,-5.887381118996494
train:239,-22.514848249559293,-6.003487616471383
train:240,8.856959900417277,0.4596164004371761
train:241,-1.4091925071940201,-0.6265578904688942
train:242,1.1942279711952297,-0.1376406416767259
train:243,-0.6180699351909839,0.11368847383145328
train:244,-0.4062502673431112,-0.14888045891468465
train:245,-3.065077051066888,-5.729710679847917
train:246,-0.5719625406120673,-0.09970342311501618
train:247,0.8392323915541824,1.9227666746650744
train:248,1.6698528729910995,-0.08997866367932328
train:249,-9.85948598063671,-7.6101456422692895
train:250,6.049250703789542,-0.17387120896833141
train:251,-0.843332198156048,0.025814265335172032
train:252,-5.146175718984077,0.02998538209813341
train:253,2.480232401845587,0.021257964385193895
train:254,-0.7920807351786336,-0.04475076442224654
train:255,6.375714591480514,1.0777901208577703
train:256,-0.08760929681128105,0.03796311725449033
train:257,1.268399816661319,-0.027574688219119625
train:258,0.3841031003429369,5.848295991738597
train:259,2.777150382284271,-0.04004367099609185
train:260,-1.1395332773818008,-0.056193160010414106
train:261,-5.701431050643593,-3.848020016976871
train:262,-18.945708604413927,-5.029458382002747
train:263,11.77448190482275,2.3669683548341007
train:264,0.7287208143062521,-0.18869166987663588
train:265,0.29245969353963897,0.07406828569410037
train:266,-10.398627307082078,-3.771026833781383
train:267,0.9921892162641267,-0.32561237953142996
train:268,-6.2722861898898215,-6.668665327568429
train:269,-0.7148527612279746,-2.813986504533146
train:270,1.1929327138805554,-0.1625610599510396
train:271,0.998895171578866,-0.05041596784840288
train:272,-6.003539358670585,-4.832344511460415
train:273,5.429872696389956,1.1248420812315865
train:274,1.5300980491196876,-0.2199483680273751
train:275,-1.6136848588509647,-0.47767796077648256
train:276,-3.5760221228028617,-0.1288192104899923
train:277,-0.6820398858672101,-0.19286107470987718
train:278,0.008448724432609411,0.09653907519979753
train:279,-1.1225589442204873,-1.3154217185120798
train:280,2.1480337693676415,0.05868074806602124
train:281,6.1524305481399795,5.833757143269246
train:282,0.28559613153801,0.0705273017289364
train:283,3.0880786208628384,0.11741819804825547
train:284,3.411814378646233,0.5006272461504695
train:285,1.4465953298899539,4.175735804758325
train:286,2.8807946781987286,0.04412021515354807
train:287,-2.1185540533323968,-0.16762066823871957
train:288,3.6149057044891895,0.07221326718158971
train:289,-4.880004060150332,-5.795372314904613
train:290,2.461618075799308,-0.3462481230380173
train:291,-4.308890427340945,-0.08504602351254878
train:292,-3.905280158541642,-0.04216132805982392
train:293,3.5573165000495925,0.08635066813158448
train:294,-0.4464694946964889,-0.14558485154273135
train:295,6.996046607498087,0.13699183182434665
train:296,12.095560664920084,11.546460912725266
train:297,3.6768335095248172,0.2013365649438747
train:298,-0.07802539225312358,-0.06040636171232733
train:299,-2.2595515989561865,-0.02910929055235635
train:300,-0.5424012911159234,-0.09834400825646705
train:301,0.8951792785264115,-0.0942676182713498
train:302,-4.003515616121956,0.31244094643751613
train:303,-5.610146559363241,-4.5013257807868206
train:304,-1.2339829200613996,0.011766455373861145
train:305,-0.11910692344870955,0.003896714450678934
train:306,15.85711157451835,21.560809238579466
train:307,1.120769772526709,-0.6329582250490124
train:308,0.4765178035873851,0.23680061570331687
train:309,3.162311370387873,0.03598141594269415
train:310,1.731625860838721,0.11788883606046593
train:311,-0.00113227439754493,0.15577683664272352
train:312,14.340397803188266,3.954715976961635
train:313,-18.198230764392594,-4.122493994318027
train:314,-2.801482889201038,-4.1392691936450365
train:315,0.48654512223881996,0.10124588330433221
train:316,7.732304153179019,0.7305033500367384
train:317,-13.321148093485894,-13.85682197585965
train:318,-0.20655120460012694,0.06888142396389482
train:319,0.9018647775160087,0.021561974571317116
train:320,-7.4109205809472884,-2.1163030998937566
train:321,1.1700055901029134,0.5806586766166597
train:322,2.8054038217207675,8.060860156578652
train:323,-2.206885395128609,-6.3419486762813815
train:324,-5.202931793090618,0.1345802934920018
train:325,-0.6789409850664341,-1.3249555977839844
train:326,7.9457663709525,13.887261167750177
train:327,1.7216487531671802,-0.1197730885274989
train:328,-16.858951438012564,-5.910770073475391
train:329,10.556843326400871,5.338572341445873
train:330,-2.5310795605617775,-0.1216422304602002
train:331,0.6117775824670779,0.11686253419328131
train:332,-14.114424856001328,-4.235677657117509
train:333,-5.840587991921081,-2.404017854994018
train:334,0.5346102801171241,0.5771512179418472
train:335,-2.684756308441777,-0.04031073203242344
train:336,-0.2068761812199968,0.015388328018298647
train:337,-1.1587150339925305,0.23290640357257753
train:338,4.868849610873352,0.9236742184513085
train:339,-11.02080643627668,-4.362448335461981
train:340,0.500552125963339,0.036073717486768166
train:341,-6.449341262991789,-14.284842068332102
train:342,-1.057608019770405,0.15103393535325726
train:343,-2.0651193425625523,1.967089533743472
train:344,-0.3053729218623526,-0.012174311118139922
train:345,-4.867346244052226,-1.1039645874709145
train:346,-4.303471825760711,-0.17608273684504755
train:347,-3.9846637177541413,-5.716004970509002
train:348,-3.0972237011110955,-0.029971532488033845
train:349,2.9978025334286924,0.04101905446563322
train:350,2.3383761554823126,0.07775877818815086
train:351,-1.9496508257995258,-0.05009954617180912
train:352,-3.4890520564615546,0.013954872199356316
train:353,-3.2874972795866526,-1.7009549965309148
train:354,11.50475595949558,11.939391011082112
train:355,7.997733805309885,3.1836756705130056
train:356,-2.218685905236673,0.13070191671117312
train:357,1.9925156035374996,-0.13345968131787408
train:358,11.471823135682845,4.391483174338807
train:359,-8.314383479174303,-7.504478492227414
train:360,-0.594582819512579,-2.1838555613262742
train:361,-0.7692477569882931,-0.025554183167001754
train:362,-0.7023795169726266,-0.08479922031123804
train:363,-2.550339655599472,0.11642898799167245
train:364,0.49562029193818974,0.04138455146086911
train:365,1.2773657309877708,3.0811524794020477
train:366,6.821474188401993,0.2175463994808296
train:367,1.2421583032941887,0.05184786590996411
train:368,-1.4262307663714022,-0.17058858373008867
train:369,-8.33000374308616,-14.660067389523938
train:370,-1.7875905877140212,-1.4047142607814427
train:371,0.968164424676023,0.5556301214483613
train:372,-19.625589447836404,-5.593775471068646
train:373,6.479514634415939,3.988223292051032
train:374,1.123467217946573,-0.5268819238040396
train:375,-0.983849717513721,0.03696549021011694
train:376,11.276653986667618,2.6843477134454323
train:377,1.2421459830074557,-0.2193192338552477
train:378,2.116723039155374,6.374854188255295
train:379,-5.276969742610323,-0.8906113516039567
train:380,-6.963449626461088,-3.453009638688514
train:381,-6.09045177536831,-0.7270704201236251
train:382,-20.60258353661938,-11.594109683086215
train:383,-3.8332422797210497,-1.724577058773362
train:384,0.03514585595062997,0.033553043634768555
train:385,-0.4265015643172325,0.13281814716680515
train:386,0.8634268776576687,-0.05145197065066792
train:387,5.201892066763405,-0.028453906791187852
train:388,-4.911763434766283,-2.5370867227786444
train:389,-1.923935365430082,0.05410333331616219
train:390,0.16330264084123605,-0.1937236019671747
train:391,-6.50715734667387,0.011581281642473101
train:392,-3.699173384406159,0.02187054990336053
train:393,-3.284775658509803,0.07428241956991968
train:394,-0.37707024936097777,0.03297070220832323
train:395,-2.562411676932148,-0.5277744098314385
train:396,-0.12311543334358488,-0.3414672739730894
train:397,3.6083819964348067,2.490047399398043
train:398,-0.25566800355732316,0.06231060971581909
train:399,-0.41884752806963266,-0.019054414002309103
train:400,-37.78891303404341,-13.974954256836627
train:401,12.054767033255049,5.024276310921205
train:402,-2.3722575819920793,-0.09304387384311658
train:403,0.5306508189109416,-0.1052530712850675
train:404,0.9038973923687569,-0.11570040772344181
train:405,-0.011786068006454181,0.10154404439724518
train:406,9.398624793518803,7.69906549468404
train:407,-0.3337009803939689,0.03615432084442167
train:408,3.0168859602037967,-0.42022873790860443
train:409,0.8369563929238921,-0.07363601192825261
train:410,5.9215293131829245,11.63581793768075
train:411,6.347489047032848,5.171257460897636
train:412,-2.6697185848799885,-4.928305019989469
train:413,-1.132811979823205,-2.128614442475672
train:414,52.828631379373164,19.048485038467895
train:415,0.9927689671153108,-0.24738546565100822
train:416,-2.5509352136109933,1.035260222839531
train:417,-3.108828016464388,-0.2614406939744394
train:418,1.2452234976501284,2.9672272657121535
train:419,-0.07546591079884818,-0.34743391969078885
train:420,0.2692808174878059,0.045686630847416185
train:421,-5.704404656452874,0.0717715893138105
train:422,-0.4660833911758441,-0.015448947351022327
train:423,26.286767088512384,9.360448777843565
train:424,-0.32050851034328665,-0.16585595401894287
train:425,-7.84364996366978,-0.05137265124030449
train:426,6.691655559551838,2.0116018463775576
train:427,0.18030091720129537,0.05791423153385791
train:428,5.717256634563017,-0.13588491508797954
train:429,2.1435626675746677,5.286388158432083
train:430,-6.750298437813062,-0.4859046390463004
train:431,11.91608430678767,5.196839967991189
train:432,0.04594877152065975,-0.026381473204227734
train:433,3.8541266198648008,6.246923392203852
train:434,0.2526468031902187,-0.2724783608446194
train:435,-1.6816765695417604,0.10377354753602212
train:436,0.2382206772585284,0.010951862148725733
train:437,1.6838347712256718,-0.81985843755976
train:438,1.2082844885249222,4.6909099539581485
train:439,9.790824617137181,1.508914369895148
train:440,6.766460621264368,2.440228389953347
train:441,-3.152727290219167,-3.5901591762825578
train:442,-3.277558295066513,-7.6840793217333845
train:443,-4.506796074760398,-9.533755472230938
train:444,-0.2597288165562548,-0.016264396541017787
train:445,0.049236893328999554,0.06821904982303602
train:446,-0.20540216351856994,0.006350195061165617
train:447,1.276933823577386,0.1319365033609668
train:448,-24.90858790836921,-8.147638504551342
train:449,-1.0768216231600491,-0.6345069508024399
train:450,6.575488273318618,7.537468459400852
train:451,2.8709110187397684,-0.347022913897161
train:452,-33.640608332479346,-9.66139238701377
train:453,-0.002225060584961386,0.06230433264017882
train:454,-1.1713693632170337,0.08258984385820094
train:455,-2.664047533650843,0.08895365727095768
train:456,-6.45114420910317,-0.40601487076444626
train:457,-4.445580986689378,-0.07954473735708956
train:458,-1.1334940123000994,-0.008511352160420635
train:459,-1.2758044820648222,0.08693557745260992
train:460,-10.499506744687,-12.810319337978141
train:461,5.089455270369723,0.29830696934696155
train:462,-2.529900067450748,-0.5439433007159216
train:463,3.1341439405002696,0.668074087947961
train:464,8.265389012632907,2.2764854507660464
train:465,-35.7507266221929,-12.324097058882598
train:466,2.1284454432947135,5.9393398381115965
train:467,-7.963034936864542,-4.608606139268246
train:468,3.4010775974455547,3.337547337612737
train:469,-6.9192435078291785,-7.685742176134816
train:470,12.198519209025804,4.805197240783838
train:471,-12.657115323050714,-3.5113168236677694
train:472,-2.289043575896736,-0.19209413019528382
train:473,1.8324513681319035,0.045763382363199524
train:474,1.4717403377378235,0.4427225073162415
train:475,-2.5545889922312464,0.17433615205967057
train:476,3.045058039256205,-0.24267309377488328
train:477,0.3962611312245055,-0.081900352651912
train:478,-3.4666300644399763,-3.064992207985041
train:479,-2.612979247766746,0.22576680067500707
train:480,-0.20635965901016073,5.489988530683776
train:481,0.47439824935278335,0.46812069664326594
train:482,-4.36735042034852,-4.0281680933500255
train:483,12.749203481849039,19.17387361888503
train:484,-1.058850276606302,-3.4836257898023253
train:485,-10.49002337831775,-3.596668218399901
train:486,-1.1854096084699086,0.2597859827507064
train:487,0.6209868805710721,1.1150201697842792
train:488,1.8942257507289662,5.057481470415008
train:489,-0.05756162844741347,0.10027850035168015
train:490,-11.07249956991057,-5.391566897679374
train:491,1.4018303816484825,0.04531628338464008
train:492,-2.860334341885194,-1.1283607272684553
train:493,-4.962991187003191,-1.5774649461733448
train:494,1.6599668889497372,8.552662755918398
train:495,-20.42641738382813,-6.719568987151602
train:496,1.0061288070989733,0.005075092741330167
train:497,5.065900276885165,0.5495303731949261
train:498,0.47807039217401653,0.45717447535229994
train:499,2.0685210796026823,-0.14277914139233935
train:500,-0.1779249021462695,0.5813952343787218
train:501,-2.4191067508156343,-7.710864174133669
train:502,4.476144887957148,-0.6381522198197185
train:503,-6.632579725284413,-0.3350508187214404
train:504,-0.6082950661884607,0.23430990062141857
train:505,0.2757001517923166,0.02373398540366156
train:506,-0.21656271609122474,-0.4670408854608001
train:507,2.4853469480475727,-0.008934198801279034
train:508,-0.9820995394228768,0.40166444087483605
train:509,-8.694423877161674,-3.827665172605186
train:510,2.661680935688284,-0.1442388468003228
train:511,19.65828731574967,9.025635269623805
train:512,3.0762897336667874,3.279162830474458
train:513,23.569120117737768,7.985813152153269
train:514,17.468817081144298,3.456778677470002
train:515,5.651844745422518,4.708924590402492
train:516,0.10414875998651443,-0.5203299407828847
train:517,15.798069041160709,7.2095705766069536
train:518,4.03851342586426,0.06167291589509136
train:519,4.316771518441577,11.530527412177292
train:520,1.8627843789856784,6.904548640019169
train:521,1.7057211794617135,-0.14063808795576624
train:522,-0.09186909406386687,0.07620120746450312
train:523,-0.40520339165814423,-0.18568181210712498
train:524,-3.776721453353643,-3.971357420267734
train:525,-11.626374099622998,-7.336925082804848
train:526,-4.568445859740687,-0.48613146973421023
train:527,1.411487626781439,0.08830711848000956
train:528,0.7259227144683598,-0.12748504659481427
train:529,1.643511635038902,-0.002664826844746407
train:530,0.7090829746281512,2.8783290379216475
train:531,-2.165668689466318,-6.032777022052136
train:532,4.444442233151819,0.05479067309877208
train:533,3.0412954701795143,0.19314398260764845
train:534,-11.755532547070842,-2.4172778919624744
train:535,-1.0428318117288975,0.014422229012936633
train:536,-0.8679039639834606,0.08613553563009513
train:537,0.289686931649934,0.2681434809832999
train:538,2.39784176283721,0.17093568899236272
train:539,-1.1084375710417649,0.15719374380770512
train:540,0.49307057373000485,0.34388602818786856
train:541,0.6296171251986029,0.14281039562125966
train:542,0.8640679974842789,2.326042106981141
train:543,-9.846622671454222,-8.024461166689306
train:544,-0.0030030983150789725,-0.18557338989152028
train:545,5.547433337315235,14.02486836122272
train:546,7.7680074142990545,5.523384285019748
train:547,0.896982689554273,4.296206581732925
train:548,-0.16882323220751122,-0.5516039008916347
train:549,7.713308130702249,1.7445258306608937
train:550,2.7309851056035326,0.019674714715745042
train:551,0.1341644653423476,-0.04476574380729717
train:552,-0.2278232257071871,-0.13115200005521374
train:553,-5.795299547722566,-4.961055376820973
train:554,-0.6181087557171057,-4.270552518731625
train:555,1.2823961273067863,-0.16675043729768174
train:556,-0.918410630759113,-0.05779067576086358
train:557,0.46695749354061306,-0.11111129478716225
train:558,5.266209077592325,8.102704284083192
train:559,4.292106769318064,-0.043843299009797054
train:560,-0.13449472912031513,-0.03791231849459917
train:561,27.406776925361,11.327826944315118
train:562,0.12590103981793166,-0.1548031651029022
train:563,-5.3041041280782535,-4.245105824729199
train:564,0.019445626404128016,0.06489533827151149
train:565,26.081277723463007,14.359397689108947
train:566,11.812318667671803,13.010402776122685
train:567,-4.834334384437807,-1.951316158443202
train:568,-0.9678456650472119,0.08147338035909239
train:569,0.9014337999385847,0.1830129251850579
train:570,19.991029900509805,13.758385957136491
train:571,-0.2557900441334546,-0.06389042401429881
train:572,-0.8492477954539364,-0.004083445939448094
train:573,0.11330714973589383,-0.9816503475094156
train:574,-17.362242124813577,-4.918274823759552
train:575,2.041682148558109,1.4408822828193895
train:576,-2.2440712749049614,-0.07590603073707133
train:577,0.41927008030271556,-0.0774279362582175
train:578,-0.42724659297723466,-0.08552764640712973
train:579,2.5449511005136594,0.00787723637147203
train:580,-10.429771132277846,-14.797495401019114
train:581,9.29215241065346,5.158097857139424
train:582,3.496395239194248,0.7739021950487255
train:583,-1.6862671548702224,-0.44428677158643054
train:584,-0.10183783323875864,0.1087857924347801
train:585,3.752093724471758,2.659855990905187
train:586,-0.4162073836059904,-0.6342778375415699
train:587,-12.244872949957958,-5.982495363600591
train:588,10.070298001394526,3.9976648697788626
train:589,0.03771010279883048,-1.0405044940342347
train:590,-0.5142824450005323,0.04107098300047547
train:591,-0.02588861206771617,0.160731446574239
train:592,0.7492476905241902,3.094476143091767
train:593,-0.9746064805066502,0.17634082176187776
train:594,4.115848098147195,0.01941221882533363
train:595,0.6904965435707021,-0.19972619820899573
train:596,4.536969446184549,11.615180054262014
train:597,0.6190379506848139,-0.18621393692844812
train:598,7.389174869328026,0.45139571392137867
train:599,3.2066825343703607,-0.142770867065359
train:600,-6.058031289517087,-0.3710178914969644
train:601,21.70163244086782,6.264324587165169
train:602,-0.356498160015311,0.21839951112466668
train:603,-0.7916953194162988,-0.09121581822369709
train:604,-7.948397506392466,-0.4895827200498803
train:605,-1.3526407638806597,0.22040361018363383
train:606,2.8892575528932793,0.010221724123113979
train:607,0.29519200769554044,-0.02695282974830257
train:608,6.851637504740385,7.160374281597934
train:609,-1.4079381625296294,0.07756447416492242
train:610,-0.675236530549806,0.11700048719655731
train:611,16.07561674135582,12.134444859527955
train:612,0.045099717798145714,-0.030853176293872187
train:613,-2.0021584931072525,-9.24679039968726
train:614,0.7193306636913432,0.02480308551384805
train:615,-1.6090993876037882,0.1512182531197853
train:616,5.773664021309182,5.597153048587477
train:617,1.6813500250956368,0.031711577899208476
train:618,-1.267700290434978,-3.1055027422376424
train:619,-6.589038437219618,-6.482826226162508
train:620,9.182613438682736,13.759430234265738
train:621,3.8322174307212147,-0.14788126260140122
train:622,17.346694679712346,8.475335461105876
train:623,-1.089221410611478,0.04095799563895056
train:624,5.630969995448046,4.714204752302441
train:625,0.6629093294507633,-0.017783163524343823
train:626,7.881348938163792,-0.0051237285660133275
train:627,-0.3529634000140657,-0.2903811512139179
train:628,7.63060878715082,-0.12815583772346345
train:629,-6.691781260078385,-0.6198805085957437
train:630,3.593468870489792,6.788867842401339
train:631,-7.4912562891118535,-5.04585752743458
train:632,-3.9158876929607414,-4.744857484402491
train:633,-0.7459944942995799,-0.11910657722314993
train:634,2.2704076906155417,3.578915162062233
train:635,1.4241840309474272,0.4069553023355361
train:636,12.750287667081565,4.426570885881453
train:637,-5.655380143417057,-13.294429095799114
train:638,1.109111991778159,-0.23162715257772293
train:639,-4.9838743054743135,-0.11732902353047264
train:640,-0.00790331801955424,0.42830492053539454
train:641,2.000234146946769,-0.21196050395350774
train:642,1.4169169214407238,0.1403372278189921
train:643,0.31622785123050634,-0.13231639758648436
train:644,0.21743984041311698,-0.13031087191941715
train:645,0.05607500115332105,0.2574400683909644
train:646,4.523833231028007,0.5194763056725391
train:647,-0.23663873955219739,-0.007569505492759684
train:648,-2.6417784991513495,0.036075572077298244
train:649,-7.711975388229467,-6.286590004923334
train:650,10.821331522658724,19.52666923688445
train:651,0.6827566140033298,-0.10076924202657253
train:652,0.907165290310195,-0.13735403610942343
train:653,-4.122686727735689,-9.762435044238483
train:654,11.206738916496992,10.296919986183488
train:655,1.5082751019832346,8.264826881790441
train:656,-2.5059680267005042,0.11701389731269789
train:657,3.334082435230712,3.3405746000010685
train:658,1.7032148147153352,-0.04721808313130382
train:659,-0.14738314379275003,-0.005630745084775374
train:660,5.760869054849327,1.298293944504669
train:661,-1.7467871928028949,0.11488596867064535
train:662,-3.126712423636281,-0.16082088339058392
train:663,14.97245547776054,8.376115438389801
train:664,-0.23483439869137496,0.0029859678395993267
train:665,27.535088294981374,9.221608424329327
train:666,-9.253169801756787,-3.7159885786026097
train:667,-6.822068524740885,-0.5882491831579284
train:668,-1.1235303872064928,0.26826089082993493
train:669,1.9184802110584371,-0.11594492835179243
train:670,0.5860602624317122,-0.5825505971022304
train:671,1.8170570536295712,0.14947265544854937
train:672,3.1456259828191904,0.32402635948771497
train:673,0.5610833218915434,-0.044914396371323634
train:674,-6.5705254629660885,-9.468599997728145
train:675,4.369413081695687,4.1874362737517945
train:676,-13.839451863275228,-6.6767878634469415
train:677,-0.5039866370816085,0.022991007905149255
train:678,10.704995471743084,2.3634891429996694
train:679,-5.626406548352266,-0.5961428910971915
train:680,-2.240318933990842,-9.750593055721488
train:681,1.1469255088031867,2.1639447602372623
train:682,1.986331749430362,0.18140271262251786
train:683,3.2918561634310133,0.9353059249343543
train:684,3.361647565817827,2.1957104721581038
train:685,0.24966366659308725,-0.06589366710840594
train:686,-1.9809713192578835,-0.2724789314878594
train:687,1.346970236949423,0.15065845210132095
train:688,1.405654319700599,-0.09844401348428142
train:689,0.702049253194659,0.842651580677195
train:690,5.14672926143554,0.2602326537468358
train:691,10.031311965005676,0.9586693431282602
train:692,2.9051149242101904,1.7049527205908428
train:693,-1.1067645690866836,-0.12086159050784626
train:694,-1.9414255234265108,0.1442923561156041
train:695,-13.55075174654587,-9.221530306024322
train:696,0.7325768315955232,0.13695602396103507
train:697,-2.907174212379139,-10.71970049224491
train:698,-3.016277092691153,-6.473557268014784
train:699,-0.5495282283037559,-0.23354936433174656
train:700,17.219383810358014,4.420316065327541
train:701,22.23589958293162,6.360115614651934
train:702,0.5480161468323561,0.15419044843545454
train:703,-0.2660542377317044,0.2636386805857339
train:704,0.5966263030549268,1.680854028582165
train:705,-7.21491458226716,-2.740331584291803
train:706,-7.83704536014779,-2.9042208934701694
train:707,-1.637871906290763,-1.7577787944077259
train:708,-6.16370494586893,-8.189027829393583
train:709,-0.2487256382122494,-0.4283662531721682
train:710,7.411902776393774,6.814223804128601
train:711,13.621281728143387,19.710955047391025
train:712,-8.064640574012005,-4.51647778541758
train:713,1.2864171899466355,0.3220176239524226
train:714,7.363954545010316,3.2664857055756866
train:715,-0.3857637226298566,0.04148526999273349
train:716,0.5669556819567452,-0.04474662725875636
train:717,-1.8753246280619105,0.9514949309930483
train:718,-1.9291693951675564,-0.6863167918507729
train:719,-12.103067844407539,-6.393284312797253
train:720,-2.2566133267994233,0.13091448131808237
train:721,13.919753459459903,12.164276946829972
train:722,1.0588512658206912,-0.1623111182119087
train:723,-9.657956774168236,-2.2238804781816146
train:724,-2.3611009812095087,0.11684926673795074
train:725,0.36398523439871916,3.8938645790967286
train:726,-10.256267091253942,-1.6744637400776228
train:727,-11.582770512749818,-3.8439790068726354
train:728,-6.566259389341016,-0.26292579300660396
train:729,-0.35817185934511286,-0.0016171258560608442
train:730,3.6158336777842686,9.40791202933263
train:731,-9.67851817043485,-10.993988154568198
train:732,-0.6226251868669278,-0.11991161217401494
train:733,-7.176199127269961,-4.078374712215509
train:734,-4.146740111687343,0.04554710857523012
train:735,-0.8637350579028126,0.15741058823891457
train:736,2.0038763026550095,0.004121405226438696
train:737,-15.123173670235449,-11.269928399714598
train:738,3.8677347252490506,12.504047062232587
train:739,1.053874102438693,0.24131939686026338
train:740,-1.3630760467437337,-2.0873749114839386
train:741,-15.16870015167198,-5.542940859317516
train:742,0.8573127610226067,2.199335055357931
train:743,0.3936087827032501,-0.006435066731590347
train:744,3.7224027632775547,-0.1734960110380151
train:745,-11.670436094145954,-9.039950485761945
train:746,1.240915581541811,-0.192673333083909
train:747,-1.012057827593368,0.09317755853362135
train:748,-1.764033734563541,-3.6021235677745382
train:749,5.390977783631284,-0.017041041990691563
train:750,-40.9877950537841,-14.140649651869671
train:751,-0.5714576413142438,-2.5265965880972683
train:752,-0.4281478335746849,0.04639765232448711
train:753,-5.345070243757555,-0.158615347267888
train:754,25.569490223064367,8.783084501737738
train:755,3.4425611651676538,0.06320509299455798
train:756,3.328654302862628,0.2703625698829463
train:757,-7.200859227228669,-4.50267877590892
train:758,-0.8155976055117905,0.057197075641956724
train:759,0.09313279643929531,-0.05701602756252988
train:760,-2.5504609988008826,0.02547801380598741
train:761,-0.2883335003937689,0.03874475583251431
train:762,-4.084768139586068,-0.21876399798270357
train:763,4.074847113731855,8.870144687652123
train:764,-1.0324169851909657,-2.133569052407187
train:765,-1.3170228149347953,0.2405926826940918
train:766,0.11370999986624751,-0.10593042481097695
train:767,1.5713775185068468,0.1625973786387151
train:768,0.43015214790355055,-0.021201601853712476
train:769,1.3426855666651307,6.7971958098462615
train:770,-22.03963851818051,-15.454490658697445
train:771,-0.4176518791109055,0.12304559635976017
train:772,-10.354140378895947,-2.6927473564358535
train:773,3.6707119542260673,-0.3554493173009874
train:774,1.1609869077559245,7.315228025713748
train:775,-0.22876514649668112,-0.0076508221544632216
train:776,-10.109949506343785,-4.12348605759081
train:777,4.7693007642356235,2.3121991579429992
train:778,-12.469470382355906,-1.3481405473045724
train:779,-3.2898818362151396,-1.847353805080901
train:780,-25.224535850187742,-6.974301846925719
train:781,-0.6629457660130545,0.1756706012764686
train:782,-0.4541101645952744,-0.12240232725591324
train:783,-8.074201116517017,-13.626541178920595
train:784,-3.3704532570353183,-1.1714599845794296
train:785,-1.680409207215916,-4.925626420620792
train:786,-1.0110378008351502,0.11366193892079213
train:787,8.67240851398372,1.7011684999446182
train:788,-4.473818154049057,-7.050611684841278
train:789,1.7708794566620991,4.277889219049748
train:790,-8.826243506543902,-2.16398376645727
train:791,14.483232233826513,8.3963236274488
train:792,7.821796391427041,0.536672354389067
train:793,0.09865623668588151,0.05162274715177432
train:794,0.12273309891980125,0.22973976157286982
train:795,-0.9501551280476873,0.046203633622878666
train:796,-1.6135095853378156,-1.633144176371476
train:797,-12.037986045968196,-6.169282303428193
train:798,-15.638528939705449,-8.801064959406558
train:799,10.801679503027968,0.6592062919979753
train:800,4.082856694857918,5.387056473691341
train:801,-5.106255665385902,-4.979263461323685
train:802,-4.9146817155143845,0.2458457390401402
train:803,7.6241538867355505,11.44055523380906
train:804,7.284590977206477,3.958244549436328
train:805,4.0733398545020725,0.21704166553502763
train:806,1.1897213032914982,0.04219914468600453
train:807,-6.399885307462068,-0.4368843874768286
train:808,9.117981679396518,5.915296926479631
train:809,-8.339714918530854,-12.047630680668895
train:810,7.097251021722878,0.3416941161725282
train:811,-2.522037864849004,-0.09271946316116247
train:812,-0.13394101359203903,0.10006293986776077
train:813,-1.705547938691299,0.9307092509751445
train:814,8.02748288106415,3.5981058942242674
train:815,-14.786213363164217,-7.220956680994045
train:816,-6.329963263544234,-0.4798304270778562
train:817,-2.8213413317491365,-0.15476493200582056
train:818,-1.4185807981430067,0.18163382313472792
train:819,4.918073573079303,4.374495125083269
train:820,2.30321452206206,0.3324077534059844
train:821,-4.2607585539476895,-5.135486178572318
train:822,8.429378072966887,9.049129222458868
train:823,-0.43093012625224014,-0.012119814688717562
train:824,-9.879709847538482,-15.751125851586584
train:825,-0.5209588781187597,-6.536240716001791
train:826,2.129179546417424,0.38730534502609165
train:827,-0.9659083580729663,0.14039971325377484
train:828,-1.865261510841477,0.026230549578770135
train:829,10.550830096642079,4.535209375274137
train:830,0.5498969664542208,-0.12617427907247727
train:831,3.031461091867487,0.06646346589509967
train:832,-0.4594962220218727,0.0501091159576085
train:833,0.29184135462057326,0.5769506368429784
train:834,-0.6817955722567072,-0.09631637016384889
train:835,1.0528312947729304,-0.08189721411409187
train:836,1.4490254483335296,-0.34110020770894345
train:837,-0.2820080792183194,-0.16299103963239825
train:838,5.470695152876783,0.6621345477841627
train:839,3.462000717966821,-0.6589701411806836
train:840,5.863928950747796,0.2789899823680715
train:841,31.59081138828449,13.453086117290816
train:842,2.3117750292175154,-0.38824732284303365
train:843,-6.874670105177673,-8.323316161782142
train:844,-1.7450663044503218,0.09529293302439334
train:845,2.5577981376193297,-0.41257056296666134
train:846,1.0345479892607676,0.30932395039969063
train:847,-0.5907161091442563,0.2607244055589272
train:848,-3.5423951786847407,-1.283625477177897
train:849,-3.949198958788602,-0.017709835868000637
train:850,-0.6203612760651306,0.28000872321232584
train:851,1.164630458213607,-0.17437622823575338
train:852,-0.18616763888730314,-0.11463729936727557
train:853,-0.15304117736044115,0.11002751212507408
train:854,0.025610651393804917,-0.6097072235733914
train:855,2.2295722164672607,0.30236081892409783
train:856,-16.27721446362374,-12.550513459800204
train:857,2.071858250099715,0.6384139069220012
train:858,-1.6659254316406438,-0.035184073164040514
train:859,8.80818458261501,16.343516245669868
train:860,-15.698352532750333,-7.884079505783761
train:861,-0.5137884712400005,-0.04874398315513018
train:862,8.299972289951418,17.6205701653862
train:863,1.9077218112414154,0.143323689215662
train:864,4.491541991958364,0.48055244494882654
train:865,-12.491340983431611,-4.489791368976199
train:866,-4.286733902629733,-0.33537408811691444
train:867,0.8651396299718326,0.02093769086672996
train:868,0.37430812370263217,-0.2229265550970646
train:869,-7.608332487064451,-2.0329675024070126
train:870,-0.32279589942734915,-0.048000435013377835
train:871,-1.4278368203532912,0.2598316342099084
train:872,0.08753427218110826,-0.06978730859590526
train:873,0.20747528548654973,-0.2600854162793805
train:874,-2.5801886883970457,-2.0264138074561378
train:875,8.656333561753934,1.4333786095346832
train:876,0.24936763102412857,-0.2822403547517239
train:877,0.1251943667675709,0.05329273459370694
train:878,-5.9798672062329405,-8.765793500740623
train:879,-4.170305333334473,0.049715657443611394
train:880,6.965651297835925,1.4017860878371895
train:881,9.821764808914489,18.771404648127927
train:882,-6.702648217893604,-1.7086355692200288
train:883,-4.3913075665887105,-13.118538588639785
train:884,-0.8100469676510951,0.06322706275929894
train:885,-0.5856243438498149,-0.07541570553308
train:886,1.0280110310866903,-0.05842066589785097
train:887,1.3670039530106703,-0.03379427155296008
train:888,-2.092861838786978,-2.6486360633386954
train:889,-0.21560103635130945,-0.0013235299090680747
train:890,-0.20945670014501483,0.08136524346510769
train:891,0.8319440121184961,0.8351966973895109
train:892,-14.937593888547024,-5.907625829222854
train:893,-3.039787919110063,-2.1510027740331856
train:894,-1.3360107013731568,0.13866695505543947
train:895,3.2975513903171447,6.398707646331573
train:896,-20.425885519374436,-5.941944884321187
train:897,-1.627908513655397,-0.15124891368240764
train:898,0.45329243588750207,0.22953532863213094
train:899,1.2631732255875323,5.002137065137962
train:900,0.3901198169753341,0.6486803494532878
train:901,0.7649777909545642,0.32634595292801083
train:902,4.811781112891915,1.1118496759427015
train:903,-0.6228543906918145,-0.000788551871544807
train:904,-3.0101718094692202,0.12382766292021419
train:905,0.5454426016545455,0.1599821920000864
train:906,-0.47777301870330846,0.12132567763432539
train:907,-0.8644487047003807,-2.1320846666790727
train:908,-0.11422716006937628,-0.14913125661867557
train:909,-16.004222944937535,-7.061720967438081
train:910,0.7619346801314482,0.04349421951924085
train:911,0.4527310492372977,4.369433234222629
train:912,0.952134336886606,-0.11803062939408315
train:913,0.21677872917784524,-0.007664374931413809
train:914,-1.164573214105077,0.06045173936143826
train:915,6.986068569993585,6.720689670656134
train:916,1.9026151686195978,3.764245820341292
train:917,5.492806115772907,12.484004930356434
train:918,-10.789430521593035,-8.369209573717898
train:919,-0.3132516289991543,0.13728942227401958
train:920,-0.4490732594455319,0.04317465930482695
train:921,1.0181789773570658,-0.01698483363154911
train:922,1.3902688386113957,-0.5349000319696284
train:923,-0.053102265795572784,0.06994824150112122
train:924,-1.2661221314419189,-0.05322495919742504
train:925,-0.7064115051497672,-0.12036684281874474
train:926,-1.4349300510962877,0.15785255142831378
train:927,31.23763665403932,17.570886541050204
train:928,3.7971631930079575,0.8926404991466088
train:929,-1.109858123347934,-1.7808872777341507
train:930,13.371761053058767,3.119708560557564
train:931,-1.4836635264153113,-2.653435172987304
train:932,1.949163536480269,2.5748977693654327
train:933,0.29218632264910466,-0.030049995933537257
train:934,-0.0966117070814525,-0.22328206583560006
train:935,-0.42464282822819155,-0.18665390286650724
train:936,24.928541485719,7.4637516243679665
train:937,0.7736691720992809,-0.036367301922231976
train:938,0.29551140531764425,0.5693378280386174
train:939,-2.911214801511169,-0.1676668903411616
train:940,31.271694575734866,10.560695258739038
train:941,0.20657160407757685,-0.27237721433032497
train:942,-0.3977647279701362,0.009798306839015572
train:943,6.634138417166718,0.15210275014182376
train:944,0.01849405859766362,0.041422213914710744
train:945,5.480959114016793,4.289092372459535
train:946,0.5309396482744525,0.39904504574231214
train:947,-10.427121108338993,-5.1757781564639895
train:948,-3.5271245319662214,-0.054106603003263365
train:949,0.6892965941345303,-0.07792154266083898
train:950,-3.9187157799116252,-0.17696381000764588
train:951,-6.188324133177353,-4.534162875390809
train:952,-0.9222192265673731,0.2896095104041233
train:953,-0.039644328434524756,-0.524522028684917
train:954,-0.3292464993651735,-0.01751039605561197
train:955,28.8672674168712,17.834207581586693
train:956,-1.1788791591265584,-0.38724769854732016
train:957,6.832054292748743,12.14283673901576
train:958,6.1598231850964185,2.8156318944968812
train:959,-0.5862926612905343,-0.7610917421114745
train:960,6.411910664069881,0.29325962988894205
train:961,5.153933142300896,9.253119914686739
train:962,-4.261826002186918,0.005274532553718847
train:963,0.4092720513895523,-2.720082023597902
train:964,-0.2036201386488115,0.01805494387893461
train:965,-26.2191260979247,-9.89458346447695
train:966,13.713739668620521,5.015846198336318
train:967,0.6353927826358605,0.3582758674411693
train:968,-2.7893778587982463,0.045401594549023795
train:969,0.9339105406839473,0.018253813048083253
train:970,-25.667909960647773,-17.267779172351574
train:971,1.308217123717304,-0.08195741697591447
train:972,-0.21519539672207277,-0.7513407330867405
train:973,-0.5532159458270859,0.02811681080867215
train:974,-6.778161812322418,-1.453657332852701
train:975,-6.936397066293725,-0.24053746144909044
train:976,-30.677890867171463,-8.770403156833543
train:977,7.087001472993764,6.868788710739774
train:978,-3.7730830169772456,0.05325079231556512
train:979,-0.43256012343287487,-0.13050431997778555
train:980,-1.3047194976530707,0.14723059815849188
train:981,-3.4567594226424703,-5.608625320103813
train:982,-7.470518224582648,-9.72581572623961
train:983,-0.36345331056359853,-3.2548286652873357
train:984,0.877810231273153,0.4340534378745945
train:985,-0.9780603450402884,-2.069107052101834
train:986,1.8661715280043647,0.0643643547366684
train:987,7.250638591552006,13.107896032394445
train:988,1.1987934510337448,-0.22188227796781917
train:989,1.3426681322971117,3.538858574507071
train:990,-4.5814988548472195,-11.468669744777479
train:991,-0.6661383474846515,0.023129103569235268
train:992,-10.970809317963656,-0.44235742679190665
train:993,1.7742219736986575,-0.030486965994586265
train:994,-0.3902715528247894,0.1199116236855439
train:995,0.63915430565047,0.6617632730261216
train:996,0.18797366633723542,-0.25356809983505707
train:997,1.1487814553933449,0.39019779294896745
train:998,-4.269676116960169,-0.35792933282213524
train:999,0.2070847556429293,0.026465654593660348
train:1000,-17.980367182298217,-11.1025712915666
train:1001,-0.19627562054810482,-1.7489824715235534
train:1002,4.013820781751918,0.10340434135972607
train:1003,14.393095156420035,4.167499710875047
train:1004,5.698507947653873,0.08399476751514204
train:1005,-5.478601230704507,-7.284239304383077
train:1006,-0.30208898430233727,0.19371633777739333
train:1007,-9.60834832603291,-4.508477652514052
train:1008,-0.13862969629788663,-0.28857449471599933
train:1009,-3.3333571061397027,-6.203607064958925
train:1010,-9.550901386036347,-4.138279983588453
train:1011,-1.394725003695565,0.23558728551421412
train:1012,1.8453713971250125,8.985547582012062
train:1013,10.787973765182814,1.6280843656041102
train:1014,-2.693358193163997,-6.145283901968949
train:1015,0.5307386881257561,-0.1313075003381205
train:1016,-19.45625570764259,-7.338555410541599
train:1017,-2.332173412876287,-4.723571350263085
train:1018,4.284046047379146,2.670291343835521
train:1019,1.5562621538928147,3.169565375116912
train:1020,-0.9006554703687989,0.1332036166754419
train:1021,5.103953690814131,0.5355404835224777
train:1022,-4.8502773003871305,-1.8784236175705322
train:1023,2.73987244904478,4.805131046167995
train:1024,-1.5901084792083036,-2.490002093079337
train:1025,1.803068646564272,3.313861648649027
train:1026,4.798861083898806,-0.05174128677336051
train:1027,-0.1952609403294125,-0.10441508168709107
train:1028,1.3010681029966475,0.3442068010191675
train:1029,-9.689677095799825,-4.070780306655639
train:1030,2.225488855019025,6.2894642751044625
train:1031,1.4874480059480133,3.1409459046999477
train:1032,4.01072908715659,1.774223103497455
train:1033,-2.4092607495915948,0.2469539282122684
train:1034,-1.732324570927485,-0.991824345835818
train:1035,8.108577332924893,8.84106699071342
train:1036,0.9138665964601291,-0.23239267048421625
train:1037,7.3735518159172875,7.279932029388493
train:1038,-5.171678712521932,-1.1790172983286982
train:1039,-6.794972262424355,-11.68118755894104
train:1040,4.587702527286205,0.22925200426345863
train:1041,-0.6518847055672269,0.17949020180357472
train:1042,11.867523780399393,10.679553397917328
train:1043,7.610939565610285,6.687866271489907
train:1044,-0.6187882311533571,0.05594137519228212
train:1045,0.9793584512352739,1.717471206668887
train:1046,-4.85721571394212,0.06259964051689165
train:1047,1.8048404432714595,2.905540731465471
train:1048,-1.930514863462125,0.19932290761063715
train:1049,0.24435734234289477,0.9025635571082105
train:1050,31.330519528179632,17.486829650508067
train:1051,0.6428784028883991,-0.049746318006233775
train:1052,-1.260140051087319,-0.13961578059126178
train:1053,1.8791289827741542,0.11181590803931185
train:1054,0.0646198173775599,0.16343529690628655
train:1055,-0.9381430809409957,0.19297678413832117
train:1056,-3.1904459642821728,1.2481509523604486
train:1057,-3.5631402169611537,-3.9415829679329595
train:1058,-15.84766324996195,-5.361926546506004
train:1059,-0.12422716487758168,0.00018525081755753348
train:1060,-0.6174734473465017,0.17808584878987363
train:1061,3.230971166061148,4.31886825140241
train:1062,-0.02584084189934474,0.10909265583710342
train:1063,-0.9847372430749964,-0.01573940476019496
train:1064,4.499237754460089,0.09228992297376276
train:1065,-8.19204256699652,-4.140205904523538
train:1066,-1.6974588568470708,-0.32145923803052934
train:1067,-2.387143277864744,0.07526906173192259
train:1068,-4.298192234208148,0.023277185490021696
train:1069,-9.22790809987231,-7.35192101650946
train:1070,0.013488883997715334,0.06882735551690247
train:1071,1.0849735281105728,-0.13179169112728154
train:1072,3.9220671897427417,12.54437213743218
train:1073,-0.5383235086654535,-0.09619410984967358
train:1074,-0.7816963606701745,-0.6415040355508141
train:1075,9.288711098864795,2.803045216551654
train:1076,-0.5460236878737431,0.18371039388517824
train:1077,11.469394411988711,6.592863302317616
train:1078,-0.8339422799993793,-2.644034396251135
train:1079,0.25608950972832495,2.3123344003908852
train:1080,6.720344625730562,0.18070395997510746
train:1081,0.018910042618591444,-0.18027810594570998
train:1082,4.627956855833861,-0.0707816544416485
train:1083,1.3063683833325936,1.2735528508685332
train:1084,4.2358555945093475,9.288378819201391
train:1085,0.2878379588069835,-0.8532357886512414
train:1086,1.1025752660623218,-0.1283917987032137
train:1087,-0.7152542166088868,0.03912566019523088
train:1088,6.444810943728979,6.77347645293139
train:1089,0.5459821372301663,1.8798082235735765
train:1090,1.6868492896852372,-1.1720448939004549
train:1091,-0.10919920456188348,0.09103122664707802
train:1092,3.3318236385102002,0.06796254568664487
train:1093,-2.2470021083980365,0.15711670697030178
train:1094,0.04576292115757967,0.11446939910542724
train:1095,6.34598597205139,-0.03251289215748436
train:1096,-0.22703681948042054,-0.27498548191966843
train:1097,-2.638356713854866,-1.2263063609687446
train:1098,-0.7378477628117697,-0.07507146499853504
train:1099,10.328630703450552,4.50720020780238
train:1100,-3.408365336354212,-0.06429258483770631
train:1101,-0.0001870991926874177,0.04330476596355261
train:1102,24.197584917748735,11.289887157858828
train:1103,-1.0988316991799039,0.06507452024887928
train:1104,3.7013969068555808,0.16872615836698662
train:1105,0.146600051362775,2.2261982285429096
train:1106,-4.7323609983542685,0.18260591389411018
train:1107,-0.924420606102543,0.2648395992843662
train:1108,1.16221800659629,-0.06005356152918198
train:1109,1.927740185058806,-0.011373413330765095
train:1110,15.303949296854048,3.1286165868559714
train:1111,-9.878071481861198,-15.995639632218337
train:1112,-9.569309289165284,-7.363711076491613
train:1113,-14.891009257200874,-6.3874238067221984
train:1114,-0.5891693320136312,2.551909406441033
train:1115,-0.8519396618760343,-3.063062863190517
train:1116,-0.3083973197971285,-0.2414433575926298
train:1117,0.8332612367368741,-0.24150441641931247
train:1118,-3.602026296306696,0.14904581430501082
train:1119,3.9280929722465086,0.20552066384054665
train:1120,-0.08671933043848296,-0.04391962254315038
train:1121,-2.556213410414115,-0.5300357263308468
train:1122,-0.7239095667263646,-0.012506710805454374
train:1123,-3.5605994483952186,0.06126148211903347
train:1124,2.2859372958137003,-0.2179476928278481
train:1125,20.311913395685327,5.604707794442165
train:1126,17.098914651930723,2.8852389569151082
train:1127,-0.0386698634913957,-1.4309679869860743
train:1128,0.40281412901716007,0.7461996056576707
train:1129,-8.541957306880416,0.098504513179253
train:1130,-0.15601152875435886,-0.0004057929182981618
train:1131,3.3251892803334577,0.11772834264920895
train:1132,1.30451638853252,-0.03651081869709821
train:1133,1.3547064471849515,0.025181136660364492
train:1134,-1.5499027344328602,-0.10489470733033193
train:1135,-0.45598703242705485,-2.20905816268278
train:1136,13.948358840672139,3.293437185802059
train:1137,4.776289388770507,10.501819713092718
train:1138,8.098882894473496,0.7083344308050143
train:1139,-0.008922879861291866,0.059589782747380776
train:1140,-2.199130588233861,-1.0043211474707414
train:1141,1.221803562403156,-0.08674682568944275
train:1142,1.830884599592617,0.6070680457650082
train:1143,0.12165832824600421,-0.019785693314400915
train:1144,-4.2142004228409276,0.07244608962351984
train:1145,3.01374963362634,3.1913439743724594
train:1146,5.707426440499314,0.15887114961175808
train:1147,-12.412951415654423,-20.242147497478836
train:1148,2.929000008395904,2.0013375437584213
train:1149,0.2765414181637823,0.1453663066933308
train:1150,5.098192910704249,0.12635475650866407
train:1151,-6.9569314974044705,-2.5732158582343354
train:1152,-9.454308478381641,-4.604420185781044
train:1153,3.3036441207941034,0.6445182203213566
train:1154,0.485203838192576,-0.12214011668712185
train:1155,-2.4389498511198764,-7.703356791667903
train:1156,2.9279855606354515,0.5104076433020648
train:1157,0.6769832811484745,-0.09788777898606721
train:1158,5.135609389054929,0.09697718654732658
train:1159,0.71938343171188,-0.13253267137445376
train:1160,-9.36309930357113,-2.6976534616919667
train:1161,-2.32640751868512,-0.7433257634589718
train:1162,-0.7106901315198133,0.20144142063922926
train:1163,3.9831674434430786,4.644625936724595
train:1164,-22.890961962952353,-10.325029932005988
train:1165,0.23760001375706025,-0.08451418401284566
train:1166,18.444319717857827,21.423510192456536
train:1167,-1.7839419231750533,0.2207845145463504
train:1168,0.1440811338714233,0.08876748491389957
train:1169,12.600565033868223,5.428725984364433
train:1170,-0.37490559822776737,-0.7801961644834552
train:1171,-5.279563046738554,0.13354429068973672
train:1172,-1.2510390785232812,-0.7980057973438197
train:1173,-1.9932753339143292,-0.5083945094353357
train:1174,-1.4560495795977437,0.07316452946271107
train:1175,-4.414429722829922,0.029099173146374877
train:1176,-0.5930444108786028,-1.0377417247876546
train:1177,2.058225039225518,5.89594470228067
train:1178,3.4926633546052708,-0.1386348448616591
train:1179,6.851240466066037,5.239040747520744
train:1180,-16.704876256708776,-7.980972445367016
train:1181,-1.2559079163653228,0.059799494138089895
train:1182,8.69876183976441,1.3516573617739696
train:1183,-1.1473991993153887,0.14072241200600888
train:1184,1.8289747226907207,-0.18091808233939782
train:1185,6.9976933416720195,10.584063099418055
train:1186,-0.040851251617904066,-0.35232005243350134
train:1187,-2.4000330872866207,-0.11898645682112471
train:1188,0.8396422154317436,-0.015944836326603887
train:1189,-2.2772207497976082,-6.423518703583488
train:1190,9.631235526374656,5.448869690737308
train:1191,3.926999953600852,0.05159193241681298
train:1192,0.46320956933305824,2.0277272257149885
train:1193,4.555973372241487,-0.11731561341433205
train:1194,2.0791895180807276,0.09205538860211256
train:1195,2.323461169871376,6.990503489977627
train:1196,0.5805907524968639,-0.02767440812531395
train:1197,-6.201200460021295,-0.29020111327169007
train:1198,-2.9227284581507638,0.20575805142839698
train:1199,3.473300513025386,7.730923365488144
train:1200,-1.0356344396942694,1.7018434282367576
train:1201,1.4281162945395,0.020020524519200084
train:1202,0.8527714568410777,-0.0815163097513753
train:1203,16.06738400031912,22.816975333137933
train:1204,-28.094437389328508,-12.840668428055622
train:1205,-6.792861541602883,-6.542528633863624
train:1206,0.5808776059653328,1.1596801363567213
train:1207,0.6198608528552998,-0.02631513592757484
train:1208,12.054070588367258,1.1639365642840664
train:1209,-1.929633381815096,-8.461425521305907
train:1210,-3.2522659086943246,0.1428939948559233
train:1211,13.59435655509168,4.431585983996412
train:1212,0.027532383665953744,0.10580646407861052
train:1213,-4.9807179874881955,0.0030553009932623443
train:1214,3.906874184076466,0.7503043851439795
train:1215,-0.7379839833405563,0.04871760241680799
train:1216,-8.060345675565141,-1.911370560998225
train:1217,-1.6268517584952193,-0.19035138574024807
train:1218,-6.344483999979706,-0.5221701225711548
train:1219,4.035879209085745,0.015023972309542805
train:1220,7.3907332693706635,6.417066380649651
train:1221,1.792013978720051,5.426966691255436
train:1222,-13.485345436403138,-5.567096758311006
train:1223,-0.9908469430034937,0.12482257940919746
train:1224,1.7275741137111589,1.7976260387357328
train:1225,-1.9930479897553646,0.1356707927236892
train:1226,1.8225472523478015,0.30200274029098223
train:1227,-1.4285667392276773,0.019083670979889347
train:1228,-8.944021728382056,0.05841739621074979
train:1229,0.15461590886132442,2.4621162673893586
train:1230,-6.195025904243768,-13.719630210665844
train:1231,-0.6526997041575442,0.045381907357242936
train:1232,4.717424918424896,7.569998547941707
train:1233,0.015481399804020357,-0.01856580072803786
train:1234,2.669249775990832,-0.44136251030292334
train:1235,0.9805044703597076,2.4929779377571903
train:1236,0.3104635842470209,-0.03503770317297414
train:1237,3.8096968764057704,2.1188479662645814
train:1238,0.45403630225630287,0.07543226569856969
train:1239,-0.13446753150620588,-0.21620894287549247
train:1240,12.742217646813037,10.27945716175225
train:1241,0.9528568170973037,-0.09235453680916661
train:1242,-0.08963586774978272,0.08723973029954314
train:1243,0.48551091552794656,0.22171052586410067
train:1244,-0.23545843283732676,-0.11289027508793961
train:1245,-4.6479423936579485,-0.009574745838206888
train:1246,7.72612820265205,3.1398380008494393
train:1247,2.1304315664994116,-0.26837515062722095
train:1248,-0.5816676721425154,-0.14553149639978902
train:1249,-0.8006091630969349,0.19718670464160426
train:1250,0.7099788686860756,-0.8996392129827693
train:1251,-5.0075841161468775,-1.7971857046341195
train:1252,-2.885380322522717,0.019219056088585235
train:1253,-3.2004295807844407,-0.0330153435303262
train:1254,-7.525091980729719,-6.938488277181762
train:1255,0.2577813408008663,1.3560758523814818
train:1256,0.4952088408529468,0.22702135983820163
train:1257,-0.5209642246582855,-0.17045291329977275
train:1258,3.099252888471668,0.04675430434950262
train:1259,7.3607800952814575,0.725227182639469
train:1260,-1.0661968868311709,-0.09613162441489084
train:1261,-14.040526381425774,-3.5202867647577194
train:1262,-3.948922798399184,0.13174904705661866
train:1263,0.9410839695198298,-0.3164502743304015
train:1264,-15.954463863862525,-5.288824864885866
train:1265,-4.320743473011305,-5.327535019716189
train:1266,-2.2693060116335677,-0.5183733477736499
train:1267,-9.654491286722585,-8.17403189568897
train:1268,8.54774115973751,5.3546850239712125
train:1269,-0.13243538156993817,-0.7189538759991321
train:1270,-17.555859382616894,-11.436682908601128
train:1271,-1.9055725591997534,0.025260741392347963
train:1272,-14.034677732101077,-9.239023945190523
train:1273,0.991474174717117,-0.17159548372711242
train:1274,-0.9241430509636842,0.10639650918879619
train:1275,-31.382148211499548,-11.576827181918823
train:1276,0.16470378288434442,-0.48664533397185256
train:1277,6.067922214562923,1.1216256506091864
train:1278,1.4845255409515872,-0.19852727676170356
train:1279,7.4028052907033395,3.333918046606179
train:1280,14.528104112858498,10.920941194880225
train:1281,6.239863206379384,0.38845747372770173
train:1282,7.542871608616687,2.016558881542843
train:1283,-16.78248011563392,-8.92116824213458
train:1284,-1.2361908084272963,0.04139311110946948
train:1285,-4.450262695648018,-10.640952866407966
train:1286,7.9145774488581235,2.9917403873738992
train:1287,-2.278203118320906,0.05444771651151717
train:1288,4.062443606948582,-0.08145753349765275
train:1289,5.1986139406593965,1.2265849177118107
train:1290,-0.35142510760920964,0.05002137955945469
train:1291,0.13544891334885034,-0.26034933877789196
train:1292,-0.015759476707051745,-0.037527704950822444
train:1293,2.1257935596899387,-0.14418049852903028
train:1294,-2.1003665206152173,0.15045159392681196
train:1295,0.5997562370307764,2.5621530232427188
train:1296,-8.385100995190275,-16.732358315674052
train:1297,11.828918045691593,15.68540709238701
train:1298,3.450552149634496,4.029680523438834
train:1299,-8.297419606633802,-16.636277972064594
train:1300,14.023883593096484,6.999953912675678
train:1301,0.5306498890779805,-0.07954131349764942
train:1302,1.4714595281836012,2.2148885075080478
train:1303,2.037250099749498,0.3306851241251595
train:1304,-1.0727787094456165,-1.3016860504030625
train:1305,-2.198568504208936,-3.1004730927200637
train:1306,-3.053604307077577,-9.799120556853198
train:1307,2.967932579389496,0.9821232082757101
train:1308,-4.170488045511309,0.040676668521618324
train:1309,-32.85594833201351,-13.757890698623028
train:1310,-0.2864454745664564,-0.7603138127145106
train:1311,1.6840667645494416,3.9946364661040508
train:1312,1.47776565532511,7.127125753217888
train:1313,9.47317694066594,1.0199427316691647
train:1314,0.1189840124210452,0.08817900907262399
train:1315,-5.104947390409773,-4.386639614336354
train:1316,0.0054181663544668746,0.008301794942050494
train:1317,19.53853226903643,7.910232025655222
train:1318,-0.15234124559904766,0.10051945445978062
train:1319,11.427156749735241,14.148618054254502
train:1320,-4.184316521307316,-1.3479827644487057
train:1321,9.708817069308736,13.381125722150726
train:1322,4.956118618511621,0.3190658291325842
train:1323,0.6521651095863967,0.07994134592043577
train:1324,3.4790454859749302,2.0408008050047672
train:1325,32.156901133605594,10.65707576069275
train:1326,2.132857965611144,-0.24988859222337706
train:1327,-3.3679696731964843,-0.23532121159202357
train:1328,-0.23270833562604615,-0.17939432222772156
train:1329,-0.6027878980186921,-0.01921476475275609
train:1330,-6.126228493292265,-0.17880527574320598
train:1331,1.0424731880456195,0.6468871030715098
train:1332,11.82725271485844,1.365486330052731
train:1333,2.63565863044171,-0.09906701324157849
train:1334,-12.36413704486779,-5.33468175565426
train:1335,1.9380171638602697,0.005717351707978102
train:1336,2.6847259157937327,6.420591243943284
train:1337,1.536352338073621,0.5465356374712759
train:1338,-0.5169645481765397,-1.2208791157736785
train:1339,-0.5412271445444194,0.048128127949862355
train:1340,-4.153677595409372,-2.9851697756055096
train:1341,-2.621801037984243,0.3031269074738311
train:1342,-0.5749968180220538,-0.09693822863466592
train:1343,1.2918883270891652,-0.5390443285003086
train:1344,1.8771823774702985,6.683638946367803
train:1345,7.512316367685233,0.9052973662103594
train:1346,1.0352730265121082,-0.1667624208057223
train:1347,-1.528833881827779,-0.2533284296742466
train:1348,-1.25936991693737,-1.4413235925236147
train:1349,-4.591802798804552,-0.20769066591002205
train:1350,-5.843517895581195,-0.3084100537392619
train:1351,-5.673416578278074,0.10842999637462461
train:1352,-0.6806416495521049,-0.09245439937617095
train:1353,8.580620053238507,0.28645955971918635
train:1354,-0.8145241133583149,-3.088635954670609
train:1355,5.369485624570707,0.2233344338644013
train:1356,0.15160162285999942,0.04016423089207604
train:1357,-4.398380341006565,-3.8951942376648625
train:1358,0.04779228159496436,7.204608833634937
train:1359,6.776459580010493,10.119589175486338
train:1360,-1.2444786420669387,-0.26635364694943303
train:1361,-4.877865909256511,-1.6958594377191132
train:1362,0.5670286738441839,0.200975775755369
train:1363,0.6510595381957666,-0.06969315246130117
train:1364,-9.035932927078122,-18.79480906979318
train:1365,-1.6809289838411154,-2.5769627017483385
train:1366,-2.314863177557812,-7.658856319881048
train:1367,10.148371425964974,10.497002342860428
train:1368,20.848899369327096,5.998669045133736
train:1369,-3.1196531317963614,-1.1474444638229853
train:1370,7.078156901868722,3.574576276186704
train:1371,1.5898170359564578,0.13061574958192937
train:1372,2.5019012291687543,0.0960256389445852
train:1373,-31.19030507498582,-12.611922661432235
train:1374,-0.08128794365503583,-0.04605825074595338
train:1375,2.7303332926978707,3.594849518575066
train:1376,-1.84797731084591,0.11416752883145412
train:1377,-4.422668507780872,0.1791843370269214
train:1378,-0.2872641924886178,-0.15207691702368367
train:1379,5.854752429255677,0.16106755544261359
train:1380,-2.5844068756246266,0.09235269373016548
train:1381,2.822319807863778,11.140846556429146
train:1382,-9.905045006226876,-6.855824897431767
train:1383,-0.457042392837791,-0.18380239859610326
train:1384,1.9988607836633703,0.06321636319854848
train:1385,40.09564758469918,13.419943157910174
train:1386,12.684453633776773,14.528679006262308
train:1387,7.574911792786859,0.4410431042608485
train:1388,-22.230350977813657,-10.124937303750727
train:1389,-0.2588747649815754,-0.010735434188417353
train:1390,1.0429332229030748,-0.17932741430782867
train:1391,-3.3074184858596185,0.04680480627624481
train:1392,-3.594870766755313,-9.157756358805628
train:1393,5.421474910002676,0.502595537346125
train:1394,-2.8459828350486243,-0.15609424543345835
train:1395,3.9906758446031616,1.9388231488312728
train:1396,-1.434614837722508,0.2702070696000396
train:1397,-9.91059424933813,-6.0071688360127835
train:1398,-0.9570098566361868,0.12073078205659951
train:1399,5.925317452666043,1.1905477984785735
train:1400,20.63519028090247,13.545547441472037
train:1401,-1.4660397049307385,-1.0927908221879885
train:1402,10.422612640150767,1.4136780076376865
train:1403,2.888012506558499,0.4252819379713631
train:1404,9.340413530828295,7.879555957001208
train:1405,0.14665072725914957,-0.1963335814862382
train:1406,-1.6714302752280097,-8.354973166165758
train:1407,-0.4900907483959289,-0.2155635453710244
train:1408,-11.986471440262818,-12.555131104898484
train:1409,-0.13908333855373495,-0.036397546013953286
train:1410,2.4677447451793433,0.27775846292569295
train:1411,-3.341088667210426,0.23040327700020868
train:1412,1.021721176021999,-0.0697242525178825
train:1413,-12.326844234300923,-3.7577034554132838
train:1414,-0.24534557916989064,-0.39483868024775026
train:1415,-2.1663000460468376,-8.028966965712542
train:1416,-0.2884540299913387,-0.05056091123136919
train:1417,0.5517533779608593,0.09401298023701768
train:1418,3.523961996989045,1.8023516780671882
train:1419,4.6011293152430595,10.990902056107267
train:1420,1.4370429234233502,8.257706966084653
train:1421,-3.925297602526071,-0.14353866754481237
train:1422,25.36940876651617,7.92787859720975
train:1423,-1.0531118124874843,0.21486009642841278
train:1424,3.7163858141869173,-0.0667805893642145
train:1425,2.021465022945305,-0.10171080337261346
train:1426,3.4323013882759685,0.07991837753002477
train:1427,2.2988159472400445,4.452911207197759
train:1428,2.365409189157495,-0.07091090513551412
train:1429,0.03224210384254396,0.008362283125493114
train:1430,-3.791589482400049,-3.948443240964538
train:1431,1.4281232682867078,0.021743296460835004
train:1432,6.838308814160916,3.7091798889653775
train:1433,5.187695842031323,-0.019417771085394914
train:1434,-1.746740236238364,0.1152780005765424
train:1435,4.489962205757624,5.249458410510637
train:1436,27.296759089415364,8.261341963523611
train:1437,-0.6822570018636038,-2.424481406902928
train:1438,-0.5898058026754364,-6.59211467820558
train:1439,-0.6439295196693827,-0.0031122111449258527
train:1440,-3.5982693062277717,-1.7027727805720139
train:1441,1.2908427299245195,0.02284948838162311
train:1442,-1.6964776506149741,0.20144883900134958
train:1443,-0.6943371592346886,-0.7371833596233448
train:1444,8.136490918414143,7.591374843713036
train:1445,-9.419503900818412,-5.0311543337121005
train:1446,-4.070203236084948,-4.7418210917223185
train:1447,-10.161571972672638,0.11756171482312171
train:1448,12.044928470694698,18.9257887528572
train:1449,4.4200387670903485,1.3074041211708551
train:1450,0.5453886713428074,0.04611204538285469
train:1451,0.03478647551120308,-0.37549316110685904
train:1452,-7.273071914645929,-5.106612201270302
train:1453,1.3676434456295987,-0.24990685280705782
train:1454,1.4376638193830584,0.1736650756094014
train:1455,-5.57186626619179,-0.02308301261607429
train:1456,-5.745278253752556,-0.6082781902395593
train:1457,-8.354719633022528,-0.0070251118417760106
train:1458,-0.4552543240537861,0.0789234610410415
train:1459,0.5506289774527688,4.478041194201971
train:1460,25.883487375330716,10.973173311926175
train:1461,3.4558387149342673,0.811768368527052
train:1462,34.77853913182501,11.33613322731692
train:1463,25.83257902071591,9.489371922489411
train:1464,1.4994391318130824,0.03592806079975183
train:1465,2.6178811540603313,-0.47317216175324667
train:1466,-3.7397731458988264,0.027682836624633278
train:1467,-5.11523692195621,-0.5382996390720762
train:1468,0.013523055359032116,0.017990318532001795
train:1469,12.260187590665312,0.8662045950875994
train:1470,-0.4559549531899003,0.15778721277733093
train:1471,6.875289665769367,14.53723523100324
train:1472,-0.7986374523031322,-2.3439219887789045
train:1473,0.9013119918206937,-0.0038802969459992565
train:1474,-11.404307672544896,-7.0943674671999
train:1475,3.090633336923189,0.08780124324772756
train:1476,-0.4730308706022033,-0.185912637297715
train:1477,8.056495529113304,0.25458599622598027
train:1478,0.4877408874266672,-0.7685898516245906
train:1479,2.7556391616479936,3.374083056376946
train:1480,7.269756422146667,5.12672332115962
train:1481,-1.3154846387590595,-0.03772257961729089
train:1482,1.9074442561025564,1.3385465480127794
train:1483,1.4140146803111993,-0.18333768100750802
train:1484,-2.477350557659776,0.21118886314371313
train:1485,0.25495860038950746,0.043908506511498864
train:1486,9.281913090086917,4.2914117519086155
train:1487,9.16626697522834,2.0449980286959595
train:1488,5.593249926635599,11.398635781396838
train:1489,1.2923306951203615,1.19828486484845
train:1490,1.676567196802488,0.09702825911730881
train:1491,-1.6745475402297658,-0.07453677228263178
train:1492,1.0600014691934494,-0.012541948025525912
train:1493,-0.46810566163690115,-0.06972696307327264
train:1494,7.833811692949096,2.5199924740615853
train:1495,-4.302046856747977,-2.2477975629791547
train:1496,0.3327428469090854,-2.5186383974718822
train:1497,-1.1995976971635827,0.16298177819127682
train:1498,-6.107725282284825,-4.536802100375923
train:1499,-2.5527609406299185,-2.112265798970581
train:1500,-0.6909853438685203,0.07278034390136437
train:1501,6.413296580098253,8.155759268681258
train:1502,-2.9587622748884357,0.15828224578805244
train:1503,0.03129867207448832,0.19983577322260943
train:1504,-22.24065352702155,-4.3542961261349875
train:1505,0.6012073575955386,2.4624723487711337
train:1506,-8.012629437505453,-1.6565001762032616
train:1507,-1.4677466457888961,-3.1222054698731685
train:1508,3.395719899924267,-0.03533044315510689
train:1509,21.10164656478639,6.402480739434616
train:1510,-9.649714734801924,-7.346607757301589
train:1511,-3.1071333958929634,0.2911736435250313
train:1512,-6.5461954537085365,-0.7192386269759046
train:1513,0.10141109929108724,-0.024432869200352994
train:1514,13.248536799568031,4.045388905228617
train:1515,13.370452778082639,4.997444095131998
train:1516,-5.978550097843683,-0.07020587541246345
train:1517,-21.360964597941408,-12.56494160348099
train:1518,-0.447223821686101,-6.716944028247488
train:1519,0.4730272106517873,-0.5640076876784341
train:1520,0.2873325945926794,-0.16071674099927935
train:1521,-5.539806090612957,0.03842348368838035
train:1522,-1.3591254189506805,-3.490376499331819
train:1523,-3.1994625545049997,-0.9712974525272653
train:1524,3.7836573692494175,0.0676090321994495
train:1525,-0.28395538189689573,-0.14692971499865984
train:1526,-0.057053358505106316,0.09717377314351514
train:1527,-1.3196233252684753,-0.038759866366846
train:1528,-10.955084912760169,-8.421735572032462
train:1529,-13.630845698140575,-5.877238506048293
train:1530,11.164366428464175,3.5714813925744298
train:1531,-0.27481686732705773,0.043239997955809795
train:1532,-2.613253083573761,0.2890428616667786
train:1533,-4.748903656563438,-1.4562032576680717
train:1534,-1.908948782681148,-0.010176489134813047
train:1535,2.260163255967713,0.13474813393497406
train:1536,-2.7490756438530997,-1.5290431567018492
train:1537,-1.127287842201898,-0.39254940222958074
train:1538,9.12829445676698,0.947996887931696
train:1539,1.824342527337254,0.12652138433475132
train:1540,-7.689519922221293,-0.45816652711355416
train:1541,18.35155586233652,4.157064072623093
train:1542,2.079222527150843,1.2323488424184914
train:1543,-2.549236873707725,-0.1266878579884996
train:1544,-0.2839753733055572,-0.07319119552265327
train:1545,14.713129714102166,9.72041281622418
train:1546,25.114364883643205,10.861838533224374
train:1547,-3.607450011968215,-0.10062001881930605
train:1548,3.2769411778200768,3.0475099218647648
train:1549,7.3759503200401895,0.054916499933197555
train:1550,-0.6122015269158663,0.1300573751715651
train:1551,10.905864496809247,4.86388105030151
train:1552,0.21772646142334554,0.2869923978445595
train:1553,-2.5988667080011534,0.1940878265266495
train:1554,1.356357365607209,0.1661294463032537
train:1555,-13.002460863764252,-3.203133808851868
train:1556,5.545047850853787,0.059038113395086786
train:1557,-9.482039816610534,-16.966802525692326
train:1558,1.7337179850009732,-0.1308181737597992
train:1559,7.647786986188833,7.4533522219617545
train:1560,9.371620584665411,2.5412526439335696
train:1561,4.157583185685244,-0.13953489191198826
train:1562,-1.4262663324821605,-0.2807964846936511
train:1563,-1.516872743075702,-0.1137433867317767
train:1564,-4.642527046493079,-2.7355136434162732
train:1565,18.393351853933517,8.589304329003632
train:1566,15.639984420129084,10.06679212163276
train:1567,12.738035258154456,3.243881956195064
train:1568,9.181643622904412,3.071294332108999
train:1569,5.785473829746856,3.11364290823772
train:1570,6.355910079244154,3.398691760781396
train:1571,-1.6755515273694064,0.08293194448059582
train:1572,0.39919231340494105,0.10677256308397254
train:1573,0.5059609642974818,0.011343466072192762
train:1574,0.06927886165777555,-0.04519486752379584
train:1575,8.43207458855379,9.628633981358028
train:1576,2.195516154437638,-0.15058211705643865
train:1577,0.48321167107363133,-0.13256177417969503
train:1578,3.848002275067168,0.22236804953741926
train:1579,-2.3713161261190656,0.299491339391633
train:1580,9.171305740044003,1.493803166256051
train:1581,-2.3351623609294245,-2.6497157203488224
train:1582,3.4370802647790333,4.471837731539662
train:1583,-2.0504530872686835,-0.05701973674359004
train:1584,1.6503598547966747,0.09404465093683906
train:1585,-0.10860155442620006,-0.012310124209265833
train:1586,-0.21037828083848692,0.05231265482896432
train:1587,-2.1559649526853115,0.16739256511504863
train:1588,1.3970115223280946,0.09342407641331207
train:1589,4.522259488741513,0.1876284303711886
train:1590,-1.7355334244758995,0.10841715690172406
train:1591,-4.789040826158007,-8.407496311264122
train:1592,-1.9365141457265036,1.2635357794331374
train:1593,-9.732705116070147,0.13756161909951142
train:1594,-1.0774232250858167,-0.19282911868843577
train:1595,4.781912088685679,2.3611169790508866
train:1596,-0.35182853888516397,0.10114716202380791
train:1597,-2.490037198579674,0.05549884135964288
train:1598,-16.69273077857218,-7.014016333858486
train:1599,6.832807922363634,1.023539496011041
train:1600,-1.9575599849658003,0.21767593549631523
train:1601,-0.11331127460279028,-0.13913002053319065
train:1602,-8.835417238537138,-11.537396875319589
train:1603,-3.249051476148144,0.26597061418609536
train:1604,0.14504025657069583,-0.1363947848229417
train:1605,-3.7224461735870533,-0.6094000748494481
train:1606,-22.557425300843526,-5.52531654284935
train:1607,-0.8327697606355571,-6.621296802857209
train:1608,-7.713658385888879,-2.042756316546398
train:1609,0.08014210014115028,-0.06172526090083466
train:1610,22.965312628186624,8.468784476710391
train:1611,0.9897088868406565,-0.06391453369118988
train:1612,3.6257229162409947,-0.2485786806659001
train:1613,-0.5128130764639105,-2.0577392681172997
train:1614,-1.4883061823895893,-0.12941610331905826
train:1615,-2.5670640961525164,-1.2145148743784917
train:1616,0.6951805771117446,-0.02631884510863501
train:1617,8.579949643673624,10.900338691342368
train:1618,-9.7851263089125,-0.45554841592832024
train:1619,-0.5121015217905045,-1.2596306422389036
train:1620,3.758054418668255,5.684039188313655
train:1621,3.759309228249126,0.12383308403099443
train:1622,-1.6054595564779497,0.07186945462947476
train:1623,-1.0432662761799252,0.20079145798884102
train:1624,0.8152666443591022,-0.23388319062716106
train:1625,3.14091591395524,-0.043200469399909125
train:1626,-4.975527194983407,-3.743665631708673
train:1627,1.8865030230713726,0.09419159157114546
train:1628,1.4304120521202117,0.1542723357403981
train:1629,3.1728166231812622,-0.11004247999859576
train:1630,-3.9314238069896263,-0.1480099426520268
train:1631,-4.4805501446867035,-1.2899409285760617
train:1632,1.2727072678531561,1.8603166197632388
train:1633,2.4697680617024815,-0.01378866084417013
train:1634,-0.14485748501243106,0.097607462005934
train:1635,-1.1586745862587273,0.10948654233353056
train:1636,0.514854351652976,0.05963457824172272
train:1637,-11.363360618441295,-4.160013216706418
train:1638,11.092912484743092,15.262284260200449
train:1639,0.5937971700419612,1.0593950080331402
train:1640,-1.1786936574508386,0.20891484983221426
train:1641,-3.6760014821015337,-0.33688115691382
train:1642,1.3148742628015904,-0.3895110122980686
train:1643,0.4352727380197831,-0.02464628977212227
train:1644,-0.07724886550156759,-6.360989329271289
train:1645,20.36463678424001,12.782307542792926
train:1646,-1.7992048987716447,-0.017710977154480695
train:1647,-1.181135166348187,-0.03114363370304482
train:1648,1.68062824225966,6.242431859261617
train:1649,-2.179658956197539,-4.549747427597507
train:1650,-1.079132722984617,0.021229717544812662
train:1651,-3.0984464314548115,0.03447491778902864
train:1652,-0.8301639037623517,0.192604724745825
train:1653,-1.1982573429502996,-0.06705335683294636
train:1654,5.386193793046934,5.8159496503210315
train:1655,-0.6440627182410461,0.10980553190470443
train:1656,9.910746103950443,5.64552076961198
train:1657,-2.0377362267775534,0.1843540794599262
train:1658,-5.740984285138653,-7.121056451535861
train:1659,-7.351143479550457,-4.229608295616605
train:1660,-0.5229910280550275,-0.1280260163863578
train:1661,-4.747414529076394,-5.048516154289856
train:1662,-7.454280551584688,-1.3852996938085085
train:1663,-1.9436831578558214,-3.267689251987775
train:1664,0.268037979506308,1.0310040802338056
train:1665,-2.5688837792571957,0.03698032693435759
train:1666,-0.10098866328712447,-0.08498895918854632
train:1667,-0.5920759898497203,0.08824976883438707
train:1668,13.46587037687464,6.959151209084184
train:1669,0.2067350222204728,-0.20508995934360896
train:1670,0.035337633998836424,0.055012082675901706
train:1671,-5.443460053609396,-3.5080986811156496
train:1672,-2.282234874039806,-0.3689995263569967
train:1673,3.1007173753852446,-0.13620675787535355
train:1674,1.946105548329777,5.240440535388525
train:1675,-0.2968353118435615,0.17645651967879278
train:1676,-0.5251487054410303,0.13999512719659724
train:1677,0.24732374194672824,-0.06133522624627771
train:1678,-3.165962997502536,-0.4890788420689383
train:1679,0.529474347757035,0.156661904308002
train:1680,-1.7426143349321626,-3.405568642285811
train:1681,29.399568892055445,10.81368309148516
train:1682,2.7222149211153712,0.07812684307796687
train:1683,11.025513542564935,4.572458112766757
train:1684,-0.5068042634116817,0.10192123957890158
train:1685,-14.917604339551424,-4.4072312756526495
train:1686,-4.718399556444838,-4.959090652145567
train:1687,-17.652699625839226,-3.1445980812549825
train:1688,5.90382017952418,9.411130457206369
train:1689,3.245404033281806,-0.22205118836686655
train:1690,-0.02932295010917338,-0.23559469236480546
train:1691,3.631231711618445,-0.19381519020719867
train:1692,0.3029686656648723,-0.08068145869121898
train:1693,5.686073756382887,0.657426170410718
train:1694,8.828475397489973,7.789939289371511
train:1695,0.6766538878220398,0.20553835378098742
train:1696,0.4266280809813568,-5.821206475667016
train:1697,-4.272517686488988,-1.2400772662978334
train:1698,4.300458993890255,-0.15861277937330787
train:1699,-14.21684688648855,-2.877851469348623
train:1700,-0.01875946652660135,0.027769431736307054
train:1701,-0.9020925272100259,0.22816492889121134
train:1702,11.885556960845047,5.079409007556202
train:1703,-0.3385763270667374,-0.2767747337987662
train:1704,-8.36295330389219,-1.6308471946695662
train:1705,0.4375322321150155,0.004245948113574122
train:1706,1.1328880530491947,3.3841289452959624
train:1707,-0.2970187213951189,-0.0018439565439707095
train:1708,0.38467262303155,-0.14434298919162736
train:1709,-3.925274356702046,-0.22758015071946697
train:1710,28.83160646315089,11.885082893928951
train:1711,0.5617417598570522,0.41325163718515995
train:1712,-0.04532607274272141,-0.20317887513276583
train:1713,-4.142414993669247,-0.3146283531258123
train:1714,2.5177646443999118,1.3540203954309122
train:1715,2.1235707939966657,-0.2913746410948011
train:1716,-12.492718066046853,-9.276274394612862
train:1717,0.171607908848897,0.15197806459387833
train:1718,-2.218435780170164,-5.0014574888579695
train:1719,15.080771719387547,8.534104296466312
train:1720,2.948406087208475,9.56869932185822
train:1721,-1.0702681604509139,-0.35970959707020267
train:1722,4.2851200044491025,3.173364147165757
train:1723,1.9438618613948817,0.04597566164848876
train:1724,0.9539061335937934,0.15007725196135566
train:1725,-1.8132234091790558,-0.07732008468585283
train:1726,-1.758476122955638,-2.3829208890886804
train:1727,-0.1497560775092246,-0.23224344727694973
train:1728,-0.5765073316672,0.1477829808148359
train:1729,-6.608107451583828,0.06631367204459317
train:1730,7.61577423209101,8.733160636597688
train:1731,-1.153998456297853,-3.782131265910646
train:1732,-0.42258022626245106,-0.03609881427780029
train:1733,0.18916269023611545,0.29421987980109376
train:1734,-0.0521073445273017,0.24014565504593732
train:1735,2.0692342614837704,0.38475471240399073
train:1736,-11.622058744850992,-9.860314055340499
train:1737,26.423054565272224,7.348801250097368
train:1738,-1.0569596937383468,0.12738020241098869
train:1739,0.06340952354969698,2.247905640054263
train:1740,-4.024743237705128,-0.9365321544152336
train:1741,-0.6231826217270479,0.005432600731205717
train:1742,34.6561917108165,16.01929387598497
train:1743,-0.3941359386107096,-0.1400899851237224
train:1744,0.5712622033156214,-0.17243889443586913
train:1745,-9.586708323531534,-4.067174126700301
train:1746,-0.6991820538779844,0.03922837597843535
train:1747,-4.412489626356794,-3.311519503289221
train:1748,-1.173224844890711,0.1101841536944609
train:1749,-0.31270163280272223,0.20121630188103948
train:1750,-2.5236808796910926,-0.1228982162314948
train:1751,7.825607776734184,5.556635095972755
train:1752,-4.831219908934934,-5.271157179531458
train:1753,6.83521014581838,1.5932932458854672
train:1754,0.46744867780226185,0.11311126819416818
train:1755,-8.958280716839006,-3.0695724759511
train:1756,42.04351746138174,17.654498329865117
train:1757,-4.371543502086154,-1.4813166960183237
train:1758,-0.012145215987640817,-0.3197085045701332
train:1759,-1.6599208028367394,0.15019651639852086
train:1760,-4.764337024050132,-9.015053891842902
train:1761,1.1487870343911109,-0.03128914772925115
train:1762,4.770785242557861,6.981178608792382
train:1763,9.269744366126297,4.37821229514879
train:1764,0.3124657470702963,-0.14585861763713326
train:1765,8.321430975025399,11.45548554354107
train:1766,1.3649373992548455,0.08413115124950797
train:1767,-1.24369037617425,-2.3590326217747615
train:1768,0.45330731321487805,-0.07410593663641304
train:1769,0.9386064295952427,-0.020671474283729424
train:1770,0.018050063358785645,0.19070405477411234
train:1771,0.22834585121269774,1.2101929053204779
train:1772,1.03964975025954,-0.10442121610192132
train:1773,0.458367929105126,-0.02882496755801399
train:1774,-12.910081959088803,-4.824937562204894
train:1775,-1.8162858140361129,-0.015456936356382678
train:1776,-5.427187511875398,-0.11061569113320069
train:1777,-0.11698806658882849,-0.0833195423898537
train:1778,-11.595458083502676,0.04309562521608352
train:1779,-1.414885874414229,0.337687344662694
train:1780,0.17451363685202514,-0.03919740707113503
train:1781,-0.20431565370364024,-0.7449411118106721
train:1782,-3.6557032285628814,-0.03983424492700274
train:1783,-4.948835410004913,-1.0923776764822106
train:1784,0.8592658751571892,0.13930122501672706
train:1785,-0.613132057251588,-0.10251512501942844
train:1786,-0.5194981105370272,-0.39292659741123714
train:1787,-0.013485686430043914,-0.036333063327830484
train:1788,1.544923305849888,-1.0315944704844873
train:1789,0.8686371966546379,0.07025881408450473
train:1790,-0.13807586454049037,-0.10414588073860936
train:1791,-0.7220017819486307,-0.0033359032950155826
train:1792,-4.6652200848227885,-0.3630111961961762
train:1793,-0.07964062833550242,0.0048134528157788015
train:1794,3.081006311361465,6.319758583430899
train:1795,-2.573326521144858,-10.92508070076224
train:1796,-2.294905242882886,-1.1393838427360146
train:1797,2.2611605018183867,-0.055091247913926195
train:1798,-5.322306073206329,-2.5250798183652825
train:1799,-6.604504348859948,-14.17784531954097
train:1800,-2.69360180939978,0.28445289276563906
train:1801,-0.7555299313146452,-6.440999217955168
train:1802,0.5844816385221727,0.3060379013020077
train:1803,-10.808241042394085,-1.694887917602971
train:1804,-13.402514056571247,-3.255469497645884
train:1805,1.509081964535143,-0.1015232044074553
train:1806,-7.829854032027408,-7.14931926992781
train:1807,1.9912143023085784,0.07392733681381425
train:1808,2.524387844581122,0.2087179779144057
train:1809,1.323439884038332,5.2900214439413205
train:1810,0.21549370002574186,-0.5954227393282803
train:1811,0.049375089752828324,0.08294307202377631
train:1812,11.372978172596595,7.462047113010012
train:1813,-0.9680804478698647,0.11590171363788952
train:1814,0.9939298635671205,-0.17104452767886846
train:1815,-1.8524809567925185,2.1754967193275148
train:1816,-0.4200503832338076,-0.29362725528479905
train:1817,2.4117376515228894,0.1387041895268511
train:1818,7.061702577790848,1.1930419374199122
train:1819,0.01639786641620697,-0.037360363820685166
train:1820,-0.9514522450282837,0.14817444207749292
train:1821,-8.21268299906482,-4.509314215503928
train:1822,8.397839998595655,7.645459839359348
train:1823,6.047918718072908,8.222086273755822
train:1824,0.6360422709591198,-0.8940837157195076
train:1825,-12.135268889679965,-4.663847258118849
train:1826,-1.9831359703910936,0.12470730947471244
train:1827,11.658520576590393,12.237519006687156
train:1828,-8.680781367957866,-8.546911302521066
train:1829,-3.7387805492129575,0.12271062877786562
train:1830,-1.2453041012780672,-2.198525229758402
train:1831,-1.635629614105309,-0.052123903065797145
train:1832,2.4121458481927687,3.546349122997257
train:1833,18.855000901409063,10.953844484100054
train:1834,-0.3042387581081716,-2.602770612921701
train:1835,-0.14523034802979246,-0.21987361376293185
train:1836,-0.2853264205978917,-0.011911244584488487
train:1837,-2.3600009888166444,-0.31806020157132153
train:1838,21.667825574071745,8.343338261326016
train:1839,-1.0355193728653456,-1.0000533066785957
train:1840,-0.6725883662768752,-0.09817481253579971
train:1841,-14.199174481231765,-4.123088889895753
train:1842,-12.807325188735621,-4.680723461299342
train:1843,3.3088562994569948,-0.09168916679129768
train:1844,-0.020476868005570192,-0.18716634049604952
train:1845,-0.5532364021522279,-0.053602154379081446
train:1846,-16.485617925172896,-9.5016020082285
train:1847,8.07643486712901,0.03320295400701333
train:1848,-0.46812879123180595,-0.8127704778754117
train:1849,0.6733374061083895,-0.20158820710119668
train:1850,-0.16221944228936191,-0.021966549116965745
train:1851,0.9375196873220727,-0.1615062259218537
train:1852,1.800401885632121,-0.07035481329810994
train:1853,-2.9998873920040685,-2.5447949716648997
train:1854,1.3295275004340055,3.2242609590300506
train:1855,7.017744259643045,3.9773628099068796
train:1856,39.24633443878902,15.988867178426846
train:1857,0.8685532792299075,0.02027788462045127
train:1858,-0.8323541253019896,0.0887174109695874
train:1859,-0.8963182645222098,0.17880828313174504
train:1860,-0.6971922113414423,-0.10805507225439934
train:1861,-8.857964758008452,-1.9364851406349568
train:1862,40.40397647523527,17.012635389625768
train:1863,-2.120734976542425,0.09878840819116534
train:1864,-0.6106910132707202,0.48137745241309243
train:1865,-0.5702132923541842,-0.0932560104675958
train:1866,5.097602931690494,4.553782100807225
train:1867,3.5270639197469444,0.25860475124385507
train:1868,-31.2685375009926,-9.480062508490525
train:1869,-5.483947305313782,-0.11801065688068227
train:1870,1.0904465249190247,-0.0048911914457032135
train:1871,0.8589938990160965,1.9687091619194723
train:1872,2.391140921603756,0.22951093363361988
train:1873,-6.662030324658198,-3.7277341284120404
train:1874,-4.8537692880721695,-5.358094106505998
train:1875,0.8796041115131642,0.06403480826555406
train:1876,7.75134806205328,5.056773302154138
train:1877,-29.106283477155724,-14.67090390465201
train:1878,0.0023479741463616755,-0.439558992342825
train:1879,0.06344485720221502,0.13053429025941582
train:1880,-2.276064037594123,0.05726526750913969
train:1881,1.5935875086133167,-0.06307369087701331
train:1882,-2.6163122340154543,0.34251270390034383
train:1883,0.24522371420430747,0.3171367696596803
train:1884,-0.7422509867985899,0.2505892109728465
train:1885,-0.6791023110851677,-0.05125467075042936
train:1886,5.549505005152345,12.727832797813678
train:1887,18.16934765496469,6.204929756170426
train:1888,-6.73695812432158,-12.165122699930565
train:1889,8.285167489546359,0.34931848050249975
train:1890,1.95908485417415,-3.4355924657164763
train:1891,-0.2595576110623105,-0.5474309295381434
train:1892,-0.23591416721733738,-0.10767602248221286
train:1893,6.372730757508662,1.834932268534785
train:1894,0.2307510966245671,-0.27739274042771306
train:1895,1.895047723066491,1.9884277390785299
train:1896,-12.315134847823039,-10.709852331208563
train:1897,-0.19780612560191246,-0.18715606891772907
train:1898,-0.8811417633909916,0.9976658182042659
train:1899,0.03868491642931991,0.006167731885167685
train:1900,12.929568760292169,5.94193455292399
train:1901,-12.68776447711123,-15.002333498458423
train:1902,-18.110813448397046,-7.669820088451645
train:1903,-0.3039830540438963,0.31086682705990765
train:1904,0.8647844337807302,3.543043957351033
train:1905,-3.5639640489646007,-0.19263709723816747
train:1906,5.968692765547298,2.736245148231109
train:1907,-2.5098282282380997,-0.22213507292315016
train:1908,-3.3908217129625258,-0.12694407680327074
train:1909,9.050272173009386,2.89862196750179
train:1910,2.386145394020778,1.706478477953859
train:1911,-0.20303108946801735,-0.09015014197295074
train:1912,-0.6142085713621869,-0.039289851276019055
train:1913,0.45463116289310324,-0.05490122371499792
train:1914,-0.5450206305670633,-0.03215324425545872
train:1915,0.3625532916387776,0.21689729279530137
train:1916,-7.372148406139469,-11.52639943879783
train:1917,-9.80235797334577,-7.464078092120138
train:1918,0.19136592943720732,-0.06496252000149544
train:1919,-3.4095996896099408,-0.03528735959048501
train:1920,0.9181641681767557,5.686768574930694
train:1921,4.558718239142363,4.766710778103604
train:1922,-1.8253944577220786,-0.07585752606166923
train:1923,-20.94361093306203,-10.696818839606395
train:1924,1.3069618492199524,0.05167439036499657
train:1925,1.7989485567140764,-0.05513033697586789
train:1926,11.157752526612576,1.0557223481403406
train:1927,-0.2890944524432281,-2.214259290493986
train:1928,-34.05328679723081,-12.572781100312453
train:1929,4.035018648680338,0.858584795903548
train:1930,-3.3547772031458023,0.38606105744121755
train:1931,1.6780623682037774,-0.5446664483618431
train:1932,-10.29907753061139,-12.06453769858435
train:1933,2.035385552204451,0.03259949878068709
train:1934,-8.338267168610576,-3.235049029301596
train:1935,6.4309555027771035,5.195071544590352
train:1936,-1.3659954897830366,0.7100888734464705
train:1937,-0.9364703114441549,0.1570462325301587
train:1938,-1.0321645355420537,0.11878060878381472
train:1939,-7.153389394903646,-4.959036441037765
train:1940,-0.9086743498244715,-0.066699700684941
train:1941,6.838207927284647,13.910189613134373
train:1942,-3.9976916073707263,-3.0423453750397957
train:1943,-1.4322600357487731,0.028139921859893155
train:1944,13.492630969492248,5.7788190359790965
train:1945,-4.919476864094267,-0.24367485798274685
train:1946,-6.59066564490137,-1.0024688395136208
train:1947,0.5909453723505711,-0.048535413050901116
train:1948,3.2073720055109427,0.0002774097008215459
train:1949,-0.0009056276133009578,0.01430581779197157
train:1950,0.4619370929259284,0.26650958672629876
train:1951,1.44359150450944,-0.18112779373010696
train:1952,0.7990731384267893,-0.13202108970977153
train:1953,-2.8826052360506096,0.05100673777416753
train:1954,0.7324822210917414,0.049900260531759416
train:1955,-3.0763768461254526,-0.047460321186694354
train:1956,-4.397996319993672,-5.6979452532486965
train:1957,-1.2377864017883744,-1.7322485011706357
train:1958,11.028049197049585,0.29687921996041944
train:1959,2.1855204501068775,1.7575085350146982
train:1960,-4.625642209754261,-0.1398603012196124
train:1961,13.527417880229219,16.259428540392772
train:1962,-0.18255512160469411,0.07157528803924197
train:1963,-0.8620711218191012,2.21471175076445
train:1964,1.133594028724835,5.6471025926733285
train:1965,0.12182093278505926,2.369432962987768
train:1966,-15.080877428505435,-5.952662135012093
train:1967,0.37206583151717826,0.22533154254367813
train:1968,-14.780366573505441,-4.302874037168251
train:1969,0.21869604474342935,0.06785954458182039
train:1970,0.60004750720581,-0.09118557413197578
train:1971,0.790057942953404,-0.166457411993929
train:1972,-2.942979755124885,-0.12783142704150932
train:1973,-0.4286613338273977,-0.06848738329512874
train:1974,0.2885097631213067,-0.22209512789634844
train:1975,-8.510416443010302,-1.8435707257211567
train:1976,1.034753482345149,0.6839986721953084
train:1977,0.07502313723259951,0.11857432125254574
train:1978,1.385204503389304,0.11860057084158689
train:1979,-0.8932907284011905,-0.19098537037991564
train:1980,-0.3455248525551778,0.054377099410564095
train:1981,1.2772490369511655,-0.11874165087115407
train:1982,-17.02650175858718,-6.398339070617394
train:1983,5.464743292093416,0.024617341139219984
train:1984,0.8843583474427623,0.02449722073719475
train:1985,1.5301296634403618,0.019027034638316884
train:1986,-0.38952861628894964,-0.04647082580849132
train:1987,0.17805234864335473,1.042944362048895
train:1988,-8.043339030708433,-4.687015658985476
train:1989,-0.078080601085183,0.027596526834579527
train:1990,-2.0637947955096063,-2.1275290790331445
train:1991,-0.2642065434090753,0.0026695461630055622
train:1992,-6.866083097782829,-1.3239920666732024
train:1993,-0.2593354972137514,0.02032353607965326
train:1994,7.075400876972315,0.7787615075591567
train:1995,1.126884818994732,0.2246688830811993
train:1996,10.368259254415454,18.370526630724015
train:1997,14.386493342396928,16.46657431909474
train:1998,0.9453976970841537,-0.028486433455869264
train:1999,1.648248669058722,0.9268862265885982
train:2000,-4.629806001753624,-8.186805173973685
train:2001,-4.302918575148916,-2.6327584858282447
train:2002,0.1872638551006313,0.13187473123023413
train:2003,-24.72198717008961,-12.012587479298972
train:2004,2.1028522559596414,7.4980421473042975
train:2005,-0.07990911760299146,-5.230598711246694
train:2006,13.672102678459858,16.706925827933752
train:2007,-1.1047133575747154,0.26565076865006143
train:2008,16.606352377833737,4.52170681492867
train:2009,0.3552829277167108,-0.23895735031746168
train:2010,15.739307317357289,6.1963187496784515
train:2011,-6.323849146909171,-4.103983468898102
train:2012,14.401546408202574,2.551017491056874
train:2013,-1.0887550993815358,-5.069005099822947
train:2014,-0.5161958087760321,-1.0428989130693789
train:2015,0.6440567337082277,-0.11320198895780317
train:2016,0.7982555827958291,2.1585491857420176
train:2017,-3.308019157952425,-0.07863170817304985
train:2018,5.536413421977931,4.760735572737304
train:2019,-4.832816432128973,-1.7150222083623865
train:2020,-0.14344134941282655,-0.7294699749479294
train:2021,-3.341512206124162,-0.09654391415580879
train:2022,-0.03689109303700078,-0.12472698515496433
train:2023,2.036231235282481,-0.5140624234168822
train:2024,-0.2558832598877949,-0.0783704962299285
train:2025,-2.9983238778801455,-4.903178456844696
train:2026,-1.796457009913646,0.1104095577742707
train:2027,0.3994509231972194,0.4145338725454957
train:2028,8.585020952642923,0.15874646406381265
train:2029,-3.0962901488182504,-0.540503463265052
train:2030,-0.1507798235992867,-0.25330503330140564
train:2031,-0.835889815136196,0.06316743054071636
train:2032,-31.660436058731616,-13.812888152810139
train:2033,3.5772363115731167,0.06199932382838555
train:2034,1.0670084579293126,0.2283270629017834
train:2035,1.1678295485159307,1.6241389382425786
train:2036,-0.3400598755560145,-0.08322353166471955
train:2037,-3.3556586847928314,0.011350456451883068
train:2038,-1.0732199151856117,0.01907639527857903
train:2039,-0.05643711171020288,0.10167529234245089
train:2040,-2.488170093993984,0.0013019996382861027
train:2041,4.111287267473485,0.27812531519862393
train:2042,-2.1802559089585016,-0.4169981838660139
train:2043,5.242636417281509,0.19376983558114566
train:2044,2.7333361882454237,0.9322601166407218
train:2045,0.5779423557656929,-0.08604821570284238
train:2046,-2.552091460897998,-0.3609192180782453
train:2047,-10.723176203789869,-12.31470997758419
train:2048,-1.2928236796665042,0.1966042205543489
train:2049,0.7207172770944359,4.164358605160331
train:2050,-4.348317204553309,-3.1935301684438704
train:2051,15.684805158348215,8.859081056514523
train:2052,-2.38003331012845,-9.101108033725124
train:2053,2.639080880654674,0.1272913247263548
train:2054,-0.9799864940190021,-0.2768600449631499
train:2055,-0.09851972431742656,-0.12428059948045492
train:2056,-1.8237230829746793,-0.28986015393577524
train:2057,-4.019125186954761,-0.7812618407342016
train:2058,-18.20024478258612,-7.020874894960345
train:2059,3.422473053878188,0.11732375659203137
train:2060,-0.13835748769855355,0.026632567741367616
train:2061,-0.18807368022823512,-0.2995883372309083
train:2062,27.617019596507017,12.228252901755633
train:2063,6.934033722746528,0.5935777542492016
train:2064,2.357859410430647,7.9875941297053865
train:2065,-0.7802156016797803,0.13232939123172388
train:2066,4.531158455094773,6.727626980525116
train:2067,6.664638797953473,4.5459209195326435
train:2068,-4.558943431795737,-0.12856812746438137
train:2069,0.5713200854174436,1.9914839616112927
train:2070,12.895381591815045,10.729475551127658
train:2071,8.82058669464884,0.2661800402551845
train:2072,-8.583544086061186,-0.5942763170590704
train:2073,-11.47811316382435,-3.8508304349339935
train:2074,-2.0712190467867186,-2.864176004101428
train:2075,3.02431114131387,5.8318397819827625
train:2076,4.644235906398586,0.2567227698382532
train:2077,-4.063058399612617,0.14362498884639507
train:2078,-2.6952280872485703,-0.13427513050786954
train:2079,5.098554615726078,2.111530607997743
train:2080,-0.9277001269559936,-0.5130518142387983
train:2081,0.10605526624392687,-0.01034268897847028
train:2082,2.565719384614097,-0.1876713597634715
train:2083,-3.0268446442929293,-0.9230612647695877
train:2084,-8.997410877336812,-1.5441622066854965
train:2085,2.881057820926692,1.113354462166647
train:2086,2.995528162006084,0.3517405757347851
train:2087,-2.3489494591586673,-0.18048154026077884
train:2088,0.6369930251617433,-0.23496684213996816
train:2089,8.471582261233761,17.869362629031663
train:2090,-3.178277240321553,-0.3752908680782702
train:2091,19.07424993461533,15.924942581392786
train:2092,8.36701417627255,2.579524259433934
train:2093,2.7300924659609715,2.687907671298327
train:2094,-5.734217425764968,-3.5377969525778807
train:2095,-1.5706098820161123,-0.18208419180038854
train:2096,-3.2336004418351907,-0.5056580254429992
train:2097,-1.0968220976929404,-3.0938530604925356
train:2098,-1.0880256454236306,-2.651367732528694
train:2099,0.4696565661681587,0.08378477080281291
train:2100,2.857291290443506,1.4982541835282444
train:2101,-2.5564440089884437,-3.2325553183426874
train:2102,-11.211987531722174,-13.553462323030057
train:2103,3.1055794719383187,-0.0926695318776603
train:2104,-0.5077559474472663,0.03904862335782753
train:2105,0.7976881522313782,-0.06560734686272349
train:2106,7.865171239391816,3.910986444192053
train:2107,1.5569135018819957,-2.678614235310159
train:2108,14.392470308670243,21.67383083869878
train:2109,1.2111767339501158,4.782151813535436
train:2110,-10.096640807172978,-9.43240923280253
train:2111,-4.031703502334702,0.06514356808092228
train:2112,-0.8826009037650423,-1.6571611237360204
train:2113,2.0203761885479725,-0.14607745931968277
train:2114,-1.4446007788071786,0.20452546202994337
train:2115,3.013923977306528,2.862812677582133
train:2116,-2.0379119652071824,-4.518849093401503
train:2117,1.5414210900022773,4.094794055663486
train:2118,0.25336626144379326,0.6227864138114916
train:2119,0.2432310821688823,1.3150457474588375
train:2120,-3.9307287568512783,-0.26410160340267513
train:2121,-0.4237097408518271,0.012339095865226052
train:2122,0.4778335172272015,-0.15900366999272486
train:2123,0.04769092980221526,0.03239720575209829
train:2124,1.2878879532326986,2.7196762364353684
train:2125,-1.2607537408415794,0.12187691900418936
train:2126,15.048207109427372,6.17488196572368
train:2127,-1.9262464652546498,0.08151047216969401
train:2128,-6.440743097601413,-3.4231932440755974
train:2129,-3.319307795015458,0.06719959567473169
train:2130,-14.672504090363404,-6.659541312803672
train:2131,0.35719466428452884,0.2077895413628853
train:2132,-7.905838121934488,-1.566499465673028
train:2133,-1.9047473324468651,-4.026719230163602
train:2134,2.2885822056712675,-0.11534660891462642
train:2135,-30.53565989812491,-13.289200862434006
train:2136,4.662925548914706,2.1497741193185362
train:2137,1.4879952126455622,0.06965592950141851
train:2138,4.400664302598451,11.44791653160538
train:2139,3.444688622982424,0.06278424360503969
train:2140,0.7093112486200769,-0.22181722463845638
train:2141,1.1355387743627685,-0.06180800417063828
train:2142,-0.26129814213618424,0.02669790639235045
train:2143,-3.1062909672302967,0.1429673225122665
train:2144,0.6176185606698459,0.6523393139083269
train:2145,-12.150824995117512,-4.3815263655841115
train:2146,10.058603492244016,14.439344807036424
train:2147,0.16272707423837643,-0.03446934250590944
train:2148,-3.336562240356273,-12.554837794273112
train:2149,1.5962737960376487,0.13156572791576068
train:2150,-0.23983236708587546,-2.102751606890457
train:2151,0.7056398031735645,-0.22677297585645184
train:2152,-3.4501901527729983,-0.11433657037978251
train:2153,-0.9874072584225108,-5.719618854148079
train:2154,-8.502439406037874,-1.7291912800122027
train:2155,1.0293741662075178,-0.16417569499868978
train:2156,-0.02801978921433046,0.04572771716069798
train:2157,2.0883465130806655,-0.8099594892750495
train:2158,10.532451948167894,0.8325286549207749
train:2159,-1.465450423291704,0.12246525218465494
train:2160,-9.925434383395707,-5.064806306862844
train:2161,-0.2553899835019839,-1.8731488767813629
train:2162,0.2970807308975737,-0.033888142365944174
train:2163,23.64381917849274,7.103892013700278
train:2164,2.594687865597603,0.09207279322093331
train:2165,-0.8314461434155721,-0.015156350029699603
train:2166,-10.013112052620336,-9.256968392516342
train:2167,-0.5231628146945724,-1.4158997242507891
train:2168,1.3934188802250271,0.8168913182143749
train:2169,-0.47303203289340456,-0.16604455160977105
train:2170,-2.1819547137782505,-4.605000815277769
train:2171,-1.4122993115749645,-0.09968958501644556
train:2172,0.6154785501101021,-0.16695273032627056
train:2173,-0.4983213973084696,-0.11808541114512552
train:2174,-1.7632085078106527,0.026650257681808384
train:2175,-8.53450097636615,-2.8950737676541918
train:2176,-21.43667159762611,-10.452873419641707
train:2177,-0.6430113096203942,-0.2083725845818517
train:2178,14.719963056532563,9.23795849444252
train:2179,5.552005325984477,0.5804538156934909
train:2180,-15.638406201754597,-9.940985890182807
train:2181,14.324373991771335,2.9420929988836404
train:2182,-0.569589839353833,-0.32554104912642684
train:2183,-0.48290430189859246,-0.1797879234025287
train:2184,13.663125141221393,9.53209255801063
train:2185,-0.7253838168860317,0.21422839436170532
train:2186,-5.072777029625061,-1.1695226507795453
train:2187,1.8710905768263002,-0.18018366448948592
train:2188,1.568030119847243,0.12048226692556871
train:2189,2.952979935543639,0.10357924351279368
train:2190,-5.76197433440029,-0.3912754411962253
train:2191,-0.9139274411376467,0.1871616442008483
train:2192,3.927771250042002,-0.31358122278036676
train:2193,-14.981000350832472,-4.5736222847952845
train:2194,-2.339335451258397,-2.520634792847109
train:2195,0.22119264624371704,-0.19245762993917964
train:2196,9.27404019440612,4.997113692696024
train:2197,0.13506593839803807,0.03610324827443945
train:2198,1.0065184071096327,-0.046899093560129945
train:2199,-3.7239664504782897,-2.025696366242616
train:2200,-6.612856108515659,-1.5369469935586229
train:2201,-1.009340855681323,-1.9584015502329701
train:2202,3.4862730775807913,0.10045169057502767
train:2203,0.17885177253157533,0.19687641737984074
train:2204,11.05693445798308,7.6646014962027404
train:2205,-1.9736897973402847,0.07990211419768406
train:2206,-4.647149711058695,-0.1991144686556891
train:2207,-1.5635724412507765,-0.344356298036525
train:2208,3.796400265063456,-0.3066704478220462
train:2209,-2.252111540518737,-3.6557754452016713
train:2210,-34.84163265555406,-12.687384523493115
train:2211,0.035845322795542964,0.004278760099875545
train:2212,-5.6419868294467985,-3.889478104329534
train:2213,-1.8384209525892223,0.06283674278312197
train:2214,-8.58364078868913,-7.799352680077837
train:2215,7.249055550935902,0.2316595480931233
train:2216,-1.0387105595875008,-1.6909972719924817
train:2217,2.6732912949558227,10.366023741264014
train:2218,1.0883027950274369,0.17953699454925676
train:2219,-0.311565376924379,-3.564725607074652
train:2220,-0.89117256891603,-0.1902332625895629
train:2221,-15.757378329114676,-6.1432079018617385
train:2222,-0.17873432173882087,-1.2421087562323216
train:2223,-0.5037288408931709,0.16956928375412328
train:2224,-17.274558876591183,-8.3996431189949
train:2225,24.927656284740127,8.443059879450072
train:2226,1.1368098560204567,0.03666704379558396
train:2227,1.3423968535307398,-3.536815446205038
train:2228,-0.456092103551648,-0.06420955624628272
train:2229,0.12855989716991403,-0.05132500252976241
train:2230,8.003233767274207,14.248916592694224
train:2231,13.390282395808946,9.344377181631506
train:2232,-1.2695541449009737,0.08689591774742819
train:2233,6.22982705431482,8.777399753780612
train:2234,-1.0878740826509876,0.08446440690168246
train:2235,-0.7744987561773059,0.05998637979919802
train:2236,-3.237373239074452,0.06862392120183362
train:2237,-0.15919550927106657,0.06511703317026113
train:2238,-1.5309459973986925,0.24215225066907958
train:2239,0.8532633384774473,-0.07729725895625184
train:2240,-1.1778840054000468,-4.56179256510795
train:2241,3.6869022057430167,3.26011846830349
train:2242,2.985311157430605,-0.1540188159694881
train:2243,0.27270492736669216,0.23557872586561374
train:2244,-0.5950561044897285,-0.09921509516236493
train:2245,-1.425955303356706,0.22736374578221652
train:2246,4.980920982913361,8.135007256614516
train:2247,-13.351948810319051,-7.245177062673658
train:2248,-1.0316071006819336,0.11438266133294347
train:2249,1.1704637652944467,-0.1724665706330103
train:2250,6.896376417658948,3.9986092843411036
train:2251,-1.8258166018863733,-0.061559203717987454
train:2252,-10.827085037181732,-3.890785447992431
train:2253,5.24147691557914,3.1413824467785667
train:2254,-2.4418411667121087,-0.9567685903146135
train:2255,-3.685202644167119,-0.9918534486410593
train:2256,-0.48593834685033876,0.10162364912922864
train:2257,-3.6045665999561507,0.09754069674685109
train:2258,-6.819958733752374,-0.36444236944215846
train:2259,2.3760371799017364,-0.11293906508496174
train:2260,2.5053132512191474,0.16670779322701884
train:2261,29.994316089234594,10.20200489607016
train:2262,1.9364341232441653,-3.081672109890966
train:2263,12.73319919692429,7.039381936701953
train:2264,2.3315516464650456,0.07949239235134625
train:2265,10.158758589972317,2.2167933146432506
train:2266,1.497318182829039,0.11154699241245015
train:2267,10.483389311980675,4.302047400616198
train:2268,3.720009373235938,1.2992922848530923
train:2269,0.05207706810837712,0.2868864008627249
train:2270,-2.1688361654479675,0.06682011792011519
train:2271,-1.5003414753203055,-0.11410973969187263
train:2272,-1.7900588293089985,0.11260196910244603
train:2273,0.5809868613382504,-0.485274934230933
train:2274,2.068616852397666,0.11653883681537723
train:2275,1.6601793557813256,-0.0236028686077369
train:2276,-1.7065291449233952,-7.065066078111107
train:2277,-0.11225103256900887,0.06042035398323689
train:2278,4.062066094766416,2.7450615862894923
train:2279,0.2950611337062795,-0.20668590582514834
train:2280,6.177381220899,9.903633806444866
train:2281,0.7523722779605139,-0.14026816847542015
train:2282,-1.1453382245573298,-0.01617566151719392
train:2283,1.8175066278662149,-0.0894984673928424
train:2284,-0.057962037766244534,-0.012144922991278645
train:2285,10.82349245446009,11.173009150723425
train:2286,0.3328283915414975,0.25657197736207665
train:2287,-2.6346331977625375,-4.597815846242617
train:2288,-17.968989746187408,-16.759781147216685
train:2289,-10.025030651514447,-9.014055266172859
train:2290,3.047927038857374,-0.0059585796261696355
train:2291,-1.660524264428429,-3.3218541376876907
train:2292,-2.739562522829098,-9.179012819496553
train:2293,1.7535169182395673,-0.2651929585992226
train:2294,-0.08191871908995488,-0.07847207072665291
train:2295,16.982811989088294,4.700578362373888
train:2296,-4.246051850920017,0.06870209932571703
train:2297,1.2793916045515519,-0.2749619428860174
train:2298,-2.9185135253385464,0.007902915317273149
train:2299,-0.3324001440815285,0.09090554247346255
train:2300,0.2953649566262866,-0.18275869211009788
train:2301,-1.0441882055607579,0.17502520377200054
train:2302,-7.296609706220709,-3.721378304004644
train:2303,6.276136455104514,0.14821153388809455
train:2304,-0.3870908267234453,2.0924303227892525
train:2305,-0.0575182749856068,0.786583171789367
train:2306,-0.8159795344005217,0.16518503174101262
train:2307,1.7445489117889532,0.9272186262759126
train:2308,-9.813172860515174,-7.913858523264457
train:2309,0.13747234610110867,-0.046085070978234555
train:2310,-0.8901371999139555,0.058096980031475856
train:2311,-18.23458165416997,-11.599200962073716
train:2312,0.7671524377921053,-0.057544443202792867
train:2313,-23.366586399831743,-9.055414917566617
train:2314,2.2991288360314215,0.0776493573468761
train:2315,0.8306772309382524,0.01253653842627464
train:2316,-6.764929359454412,-13.797448829308028
train:2317,-0.07432988737874521,0.1679897432657346
train:2318,1.531675510738026,0.5224660482678392
train:2319,-16.612636826977475,-4.478109160566412
train:2320,5.387252872789514,4.170844250904833
train:2321,0.45440591085830073,0.036360751036500646
train:2322,-8.305513802559316,-1.9853361964837615
train:2323,-1.946852493503393,-6.933212109784493
train:2324,0.19836733917530464,-0.14198537664546482
train:2325,-0.8964577394663599,0.08406010616612487
train:2326,-0.9141217762264958,0.04423063462049287
train:2327,-0.06145449036776429,0.030570006097538835
train:2328,-22.427776831425234,-7.196558829266785
train:2329,0.5710157975809561,2.511222828748884
train:2330,-0.657074568239054,-0.10496632305695502
train:2331,-0.13213574289825558,-0.4188573395420147
train:2332,-1.8603417646448208,-9.021031379782162
train:2333,-6.073635746268606,-11.001015055425864
train:2334,-2.849773299114145,-10.252977092661014
train:2335,0.26848162605782555,-0.09778278062990264
train:2336,-4.003438904902674,-2.8750598826184213
train:2337,-0.21114585794779323,0.05880001250318643
train:2338,-0.2936402895604419,-0.4337230239270912
train:2339,6.517674049302459,4.774582801599747
train:2340,15.10392177061759,5.889600861381314
train:2341,-1.5235161671238142,-6.116022457906957
train:2342,7.5303253724739,6.896717132193069
train:2343,-8.042126528527287,-2.144693742371471
train:2344,1.9872318277366112,0.0019432599792639782
train:2345,-1.0574797028217868,-7.317071263197905
train:2346,6.836809923427782,5.367687130195178
train:2347,-0.8518592313249077,0.046558859039794113
train:2348,-0.08894337465207722,0.04847736161275754
train:2349,-1.6774044520024414,0.010269943476896068
train:2350,-31.286933316293045,-11.586570344599007
train:2351,-0.35135583505361506,-0.028208672858787184
train:2352,0.8349498133940519,-0.19420351293203558
train:2353,0.24299304493086604,0.10209243255090902
train:2354,-7.587083944239656,-1.7177941079008072
train:2355,-0.7340410266694315,0.05646950551092508
train:2356,1.777241606239508,0.24800362645229404
train:2357,1.1088004977362236,-0.12490145932560193
train:2358,0.7878832961158629,2.7382543830792363
train:2359,2.711881687419767,3.0178658615103355
train:2360,4.532250543907469,8.343778797907316
train:2361,-3.709694909276366,0.09313932543653969
train:2362,0.1616187133488632,0.02073268728275106
train:2363,0.03102367397627226,0.1468867856063769
train:2364,0.9835059711578188,-0.08939289839343781
train:2365,-9.179479609764496,-0.9352099740280961
train:2366,0.49806180083553814,0.3196056576376477
train:2367,21.434195744290633,9.29387183102987
train:2368,-2.052987811920372,-2.0166127244870915
train:2369,-3.1916589313797985,0.0661533212941462
train:2370,-33.53043056526442,-12.88687112862747
train:2371,-0.36554822422473376,0.11901514315546491
train:2372,0.025500931104406807,0.004461793919113499
train:2373,-6.511491298105096,-0.20166467329536003
train:2374,9.122120365905934,5.729411602971268
train:2375,0.17469553542502098,-0.1258781152309044
train:2376,3.52450548435475,3.3124632873893463
train:2377,-13.40665088341474,-13.240214564137316
train:2378,0.26558798588319044,0.10294468822988609
train:2379,2.0021356553520158,0.5526365983415962
train:2380,-1.2466560784033627,0.17422558993191578
train:2381,-9.797877108306706,-0.08223589087704658
train:2382,-3.2630091987257304,-0.9457982593467564
train:2383,10.217753701848949,16.841773390697536
train:2384,-0.29631425669804057,0.17867247004061915
train:2385,0.024936987413559694,-0.7254788961271958
train:2386,-2.602285703798754,0.2484969475332955
train:2387,0.20457443910646683,0.009860078969748248
train:2388,5.916511004692403,0.5428783849459569
train:2389,-9.82184634237539,-6.528133016847518
train:2390,3.595300641422964,-0.178830098724147
train:2391,11.504240832035185,8.832807500457301
train:2392,-0.631109912636062,-0.11900514538723553
train:2393,-9.245401977200585,-10.868584737426824
train:2394,9.692650993448773,3.3764654919040495
train:2395,-2.4010280085548916,-5.0951297179945225
train:2396,6.604494412537045,7.599423766613587
train:2397,1.7452711595414105,-0.08406737035590622
train:2398,-14.06995001564369,-9.7641960492772
train:2399,0.7074260122916474,-0.007470070908185356
train:2400,9.675772665540682,10.349331285206807
train:2401,-2.313479121195362,-0.22787174941511962
train:2402,-0.1990774397178411,-0.003685422279530781
train:2403,2.502030011033853,-0.18571334014613639
train:2404,-23.05137116638648,-14.043184927759913
train:2405,-6.602791596545784,-0.9672601516040897
train:2406,5.409233194154617,0.7871077355877598
train:2407,0.546989611243411,-0.07648409233921646
train:2408,0.3540453200456184,-0.011728638747680542
train:2409,30.752129952450414,11.043572427161557
train:2410,-0.20086597341832652,-0.01954488186711044
train:2411,5.489431751957434,6.397586903008164
train:2412,-0.3403562598123336,-0.2200452347173693
train:2413,-0.39399297679295575,-2.662836805688333
train:2414,0.2075310754642098,0.1555074930334318
train:2415,-1.6705811052763755,-4.034235457599589
train:2416,8.81367524624972,8.818459246830116
train:2417,0.4234294555955133,0.029747138545423046
train:2418,6.921122527166548,2.3568708227018615
train:2419,-14.010416530482638,-6.635679865722034
train:2420,3.4225079226142254,0.6263445170738564
train:2421,-0.12617597853471968,0.06488535201481105
train:2422,3.1836268611858602,3.3068398835805217
train:2423,0.28596899455537145,-0.02608916120452502
train:2424,-2.0956341357602026,-2.661918640715133
train:2425,0.5619843300307534,0.17589971453733858
train:2426,0.5072989939283623,0.1550198783848306
train:2427,-0.9593892991833882,0.019756887342308613
train:2428,-9.476736979233946,-3.422200039516334
train:2429,-1.6112321919580839,-3.8929590280936854
train:2430,-2.5471438197125114,0.24818537632424195
train:2431,4.253112829349045,2.8310729299287125
train:2432,8.923531291260144,17.955869861646462
train:2433,2.589480801015997,-0.7171470768404036
train:2434,0.2538660466603313,0.03234927171993621
train:2435,-0.45347229918402765,0.0019639457967148832
train:2436,-13.845599918813367,-4.285782986807888
train:2437,-3.862064312013198,-2.965905430465512
train:2438,-0.8358391392398214,0.06731886011189687
train:2439,4.386046863535034,1.4649729858227072
train:2440,-1.1904302415428334,-5.768255348138634
train:2441,-7.198822893044077,-0.2522910002638815
train:2442,17.114686478615223,5.883291259076359
train:2443,-12.774379347261434,-11.940189971437023
train:2444,2.31644232576526,-0.06323603887880036
train:2445,0.6333392465414899,0.06680471055263451
train:2446,-14.81001522729992,-22.72970007454093
train:2447,-16.609207603017307,-12.124702897953128
train:2448,0.9278916156982677,3.3389311474697974
train:2449,-0.39053167359562946,-0.05130788323256166
train:2450,-0.6915922923338137,0.04946785561663061
train:2451,-1.3577669329946582,0.006331078512624794
train:2452,1.4063823789090626,-0.06524612969178778
train:2453,-1.5190773770262358,0.00886887166182515
train:2454,-11.644530947852465,-13.129209617228248
train:2455,2.8926863119369703,-0.8099624851520597
train:2456,-1.8257761541525697,-0.6889909687343392
train:2457,10.892154109799288,1.0935662665323063
train:2458,16.287471742856212,13.481622844437977
train:2459,3.5930932179735477,2.3885543619961394
train:2460,16.963075354658084,9.699458796450468
train:2461,-34.17433245209393,-12.5757301845769
train:2462,-0.05914641250031957,0.08896934996005836
train:2463,11.46300181038183,12.081803020635665
train:2464,-11.62164589901631,-14.278663143329114
train:2465,-2.518042837532063,-0.11762261947746541
train:2466,-11.40842776239509,-5.266553800514177
train:2467,-0.17240750581392983,-0.13225648004628177
train:2468,-7.05466066093752,-5.9206787226951825
train:2469,-4.814163053098332,-5.318187883444582
train:2470,-0.7604924498275075,-1.5630369451533674
train:2471,3.231947490670199,-0.056358361228401294
train:2472,0.7816592267331625,-5.560028200496819
train:2473,7.334165486438726,0.08403642447166385
train:2474,-1.0329311828183991,0.06694680071940069
train:2475,-13.521181198720116,-3.0976181645902194
train:2476,-16.85587926990942,-7.109292070499509
train:2477,4.393814688091237,2.456748797073685
train:2478,-1.5441910030116714,-0.5093530474177674
train:2479,2.747562632548739,1.8166490017852
train:2480,0.8992644996405694,0.9162344572094849
train:2481,-4.843753592332748,0.1513660497189517
train:2482,0.535560569403267,0.1398215089908197
train:2483,-9.500875442901531,-1.4028178706340302
train:2484,0.35245344601638473,-0.023789183625605004
train:2485,3.2434737000547678,0.004883356612681841
train:2486,-2.450607166951946,-1.1692290548325526
train:2487,1.8370456727922098,0.0924197443108684
train:2488,10.198114699879646,4.3224316331147445
train:2489,-3.647770823572582,0.5484472923253589
train:2490,-9.006641329140669,-16.9087167502902
train:2491,3.6423892422339765,-0.09128087155305992
train:2492,3.867153579648425,2.9713416034727325
train:2493,-0.2814952763403273,-0.04025195577870089
train:2494,5.766978057403104,1.3574359805440808
train:2495,-5.7169053307805715,-8.700978129608885
train:2496,11.301972408362714,1.697166150919894
train:2497,-3.2315701515648447,-2.372500658204207
train:2498,-13.479442856766704,-10.10730100377452
train:2499,1.8118869499081653,4.038687271017766
train:2500,0.9623211218908525,-0.1717606849450996
train:2501,-3.5171567226242906,-8.045339861555334
train:2502,-2.3827237818011064,0.04778374475450738
train:2503,6.15643487378653,0.5544981079209621
train:2504,1.8461478076474482,-0.008214902997227755
train:2505,-6.535950554144227,-6.696136093143223
train:2506,-10.313154271807983,-13.489493215823275
train:2507,-2.4368200687227035,-3.3576092164995455
train:2508,3.3728153245959294,2.231550006169482
train:2509,-1.6244044381418647,0.12200131923051477
train:2510,-4.656746981965667,-4.717852934354797
train:2511,1.8759336118036742,-0.005786816010922166
train:2512,3.5039905797361848,7.8063972110570665
train:2513,-4.445741382875151,-2.307091532781223
train:2514,-0.041635798178748656,-0.1602824814936205
train:2515,1.7639124507435588,0.025115227366141635
train:2516,-0.5922015172994555,-0.26140260353816774
train:2517,4.86128681448505,0.8524538049327213
train:2518,-1.9140921537049254,0.0572056352905571
train:2519,-2.580272373363536,0.01617638633277292
train:2520,4.8997233195939485,10.057901499953175
train:2521,2.900809797600756,1.9534022276490468
train:2522,-4.997966853831245,0.11073539506432487
train:2523,-1.4168633966640378,-5.366000939239782
train:2524,-0.5845466674480146,0.0861948825270577
train:2525,-7.684668053830789,-3.1957907716392286
train:2526,2.4767534318220017,0.14287873014925262
train:2527,1.7847672093093698,2.4470552803553836
train:2528,1.180754459132085,0.18464039970560867
train:2529,-1.3523518182880285,-2.7613238371625957
train:2530,-1.092086225964322,0.050454925761063536
train:2531,-5.800098880550773,-9.97278099023051
train:2532,0.5904479117164356,0.07817178123311883
train:2533,0.6187622552118772,5.732548999504925
train:2534,0.9929082096012207,2.8066648066231314
train:2535,-9.658765728844307,-15.965236901676294
train:2536,2.3403404276124276,6.062142263364937
train:2537,-0.0586719652319688,-0.027249136250685466
train:2538,0.05336442184288301,0.16527975851885676
train:2539,-0.2884864579158536,0.03939300655318251
train:2540,-5.2238827893678925,-12.066192563980422
train:2541,0.8579055295352448,0.14006160713406013
train:2542,3.0745360687023395,8.943600168081078
train:2543,-1.050512464445006,-0.01288732984655093
train:2544,16.79924064659563,16.652937270995004
train:2545,-0.6045947959201573,-0.11445241095750755
train:2546,-17.64684911684861,-11.134689375688156
train:2547,-4.839031900556784,0.03625760727086616
train:2548,-2.651539885575938,-0.10596181018917833
train:2549,-26.213214219958655,-8.035571590572589
train:2550,-10.452579934811201,-2.64667561848759
train:2551,1.7480309037696617,-0.3348453871550314
train:2552,-1.69682680289183,0.5717141291508907
train:2553,0.8806724895853544,0.14265589396402295
train:2554,5.032572274064006,-0.10445673864361288
train:2555,-6.949423096244388,-0.2554726216486399
train:2556,-0.4803227369114933,-0.004030518778935788
train:2557,-0.900585035522003,-0.12464695244055085
train:2558,0.9649641720824979,-0.13686071502842198
train:2559,-1.795929097250038,-1.9879424668217647
train:2560,0.13494285175982557,-0.244322823381795
train:2561,-5.036222971345708,-4.441883871724776
train:2562,-0.9804567570390282,-0.14950046279497162
train:2563,0.7921096193818528,-0.17744115307792663
train:2564,1.578146237546454,3.431571082985146
train:2565,0.5829553177166895,-0.136263251556116
train:2566,-1.5320343668795444,-3.8656023911668957
train:2567,-4.746161579161446,-5.17394296780407
train:2568,0.09972821786079555,-0.30386245509869414
train:2569,-0.30645803692784074,-0.03327812474235764
train:2570,0.9164203826875185,-0.11250880008198302
train:2571,2.0196220940166008,0.1568716156987111
train:2572,-1.227129121305861,-0.12830648753883
train:2573,1.8378790355835068,0.33069796359806003
train:2574,7.682560414347868,10.32660256495662
train:2575,0.15717062492167466,0.030593259809569846
train:2576,-1.1756056821873542,0.9283456466749616
train:2577,0.30453124995583447,0.14833136896849974
train:2578,24.908994537212838,12.45262754116043
train:2579,0.6421005976165218,-0.24520589379573343
train:2580,0.021177207835752138,0.03855273438224597
train:2581,1.6720337962011276,0.06638543043202629
train:2582,-0.9362225109600483,0.08439336181829937
train:2583,-0.12196825192794986,-0.10855880757453126
train:2584,-2.076507471752412,0.16389309544559644
train:2585,2.621162534579704,-0.13082530680029952
train:2586,-15.570593483908794,-11.061873015688029
train:2587,10.33161918658721,7.721794214934228
train:2588,0.1715607198261262,0.10964118665157728
train:2589,-0.6891547352265496,0.004931147984033921
train:2590,-0.44709875915284636,2.826804803814947
train:2591,-32.57016975044762,-14.329090886450107
train:2592,-0.3401100865359086,-0.08825489311201834
train:2593,-4.3737467412872455,-1.0537785117620722
train:2594,3.5753706017368683,0.15013731216236828
train:2595,-3.094788933502714,-2.2830858556206692
train:2596,-0.7672532652869458,0.11868930586541074
train:2597,-4.646803348280723,-4.211441012105555
train:2598,1.9158359985755906,0.045285468649678744
train:2599,1.3064053441927932,4.117593535675438
train:2600,-0.011188766558131169,-0.18648841632690005
train:2601,-21.222694717308716,-7.818473793764588
train:2602,12.77568884391019,3.964607506884225
train:2603,0.19283460059910842,0.034481765507908935
train:2604,-16.754886392683254,-7.821827464086215
train:2605,-1.8062259512310428,-0.4810082347252674
train:2606,5.024676132559185,0.45222514387075474
train:2607,0.5584881580973896,0.12988875009413775
train:2608,1.1760329998143622,0.021837666586654106
train:2609,-1.0733747323736185,-1.4426947055685844
train:2610,-0.11534156487313596,-0.19205760902792224
train:2611,-1.1959987786880282,-0.012684180853102092
train:2612,-1.4610871821222067,-7.39675132008905
train:2613,14.355645204082759,15.974831637295194
train:2614,-0.7936279772257393,0.2600136694034763
train:2615,0.3375816976381346,-0.030418774127403292
train:2616,-12.670624866141099,-6.818470590939743
train:2617,4.607498671025916,-0.11008099841729746
train:2618,1.5126353211956083,8.236004833023268
train:2619,1.8784088271458588,6.19375941474694
train:2620,-7.92790212826608,-4.342061535068855
train:2621,-4.476804777519792,-1.533797328195306
train:2622,-6.516115357420154,-4.842024903384196
train:2623,-0.18345973284662798,0.00599496964425017
train:2624,2.4835519055163604,0.3468441714137522
train:2625,-4.046125211559827,-0.1619205129141117
train:2626,9.986085819615548,0.8371194797867745
train:2627,-0.8400020014062229,-0.04907253100057446
train:2628,0.8541429604585542,1.8269806403066593
train:2629,-0.9013863190761456,0.08321698077898822
train:2630,0.5379393145757478,-0.12325344164841026
train:2631,1.386322162608427,0.9459007726502751
train:2632,-2.404015561858588,-4.72345265646916
train:2633,1.1820636639411743,-0.01163006012796626
train:2634,-0.22339024706561483,0.0010868671367967458
train:2635,-14.837588493925445,-11.060986236093031
train:2636,0.10463250558447522,0.16794979823893286
train:2637,4.494978189665743,1.7824175404242113
train:2638,-1.9987580939688718,0.08449921613932397
train:2639,-5.3099936900532345,-12.913422017299345
train:2640,3.2583765978372115,-0.0656490038192453
train:2641,-4.432577272729779,-0.5539429675324965
train:2642,5.940118998655738,0.5296357525963209
train:2643,24.034135160532134,9.336028671029943
train:2644,-0.23403416119931347,0.015714165308352818
train:2645,2.7218969182427086,0.2420418312021348
train:2646,-1.8019416296341109,-3.6959142053833967
train:2647,-0.2545297717839378,0.0463629857476556
train:2648,-1.521355235322448,-0.004910307994244051
train:2649,-4.217466461116444,-1.836378480984694
train:2650,-3.756945301022593,-0.2024641444746348
train:2651,-0.6009431094240661,-0.14360257958769515
train:2652,-12.381629992363102,-6.029110068591737
train:2653,0.1711448520343185,0.006204395713339278
train:2654,-0.4914133195538327,-1.484034669770562
train:2655,-0.8643120192551136,-0.24866056797084363
train:2656,1.1950573821964428,-0.13708925764605193
train:2657,0.08130601855008329,-0.08414825903517975
train:2658,33.97833976291493,13.233515152680548
train:2659,-23.11891051334175,-12.980021789842642
train:2660,-0.7625008890232697,-3.2834929311986425
train:2661,2.7780871889924796,9.462262944728792
train:2662,0.2544783416651505,0.007925455725254119
train:2663,-0.5171249443623124,-0.001168742930211339
train:2664,2.3057129832282697,-0.28839388613053146
train:2665,-11.292715629396282,-7.416191993990215
train:2666,-0.9231734676436004,-5.384065792289247
train:2667,-0.9128599928984175,0.06580323166639096
train:2668,-3.3902131372895505,-2.1708953973804506
train:2669,-0.34613610149791585,0.16007092702391024
train:2670,13.11914961321178,5.737212296062407
train:2671,13.814806932483565,1.0854380242213928
train:2672,0.918342812334388,0.007720594802085215
train:2673,0.42299382885328435,0.054696088981737966
train:2674,1.498279630110714,-0.36083105369766144
train:2675,11.211044972939387,2.4437215825471585
train:2676,0.98831878656396,0.07506605539928377
train:2677,-0.9180063858793178,0.2345778176226102
train:2678,-1.091645252682567,0.06779934171999777
train:2679,10.25461414008895,0.03562790245549878
train:2680,-12.369165581520885,-1.560683469770695
train:2681,-0.03557119514885987,0.04032258439118293
train:2682,3.9502490320412407,0.27336044414441674
train:2683,18.232129976491475,5.766636944091046
train:2684,38.13058695623363,20.938700826023293
train:2685,1.3006547922454827,-0.1736917416693436
train:2686,0.018586228289922846,-0.1318453315918439
train:2687,-0.859062182357302,0.06292148330426565
train:2688,-3.1672684829797815,0.08923184585046977
train:2689,2.223768664041173,0.17725898673507767
train:2690,-0.6658410333953714,0.4099205072715151
train:2691,-1.2939931770732032,0.06160329741980833
train:2692,-13.531638100199535,-5.26293363979946
train:2693,0.08141504146476065,0.009655360707389343
train:2694,-0.1404462412163222,-0.025004225744427844
train:2695,0.6917629760635855,-0.12950112916182194
train:2696,-2.0124415158229625,-8.926524299585452
train:2697,1.914347336005028,0.48849765344050206
train:2698,-5.788328590013942,-0.4314301793886715
train:2699,-2.2103243823348713,-0.07057051644283932
train:2700,0.16052429995376505,0.09524100448955108
train:2701,-0.6581069152840053,-0.062477796673617386
train:2702,0.4995059476530928,0.4188054938491064
train:2703,-0.7146363426063016,-0.42260974682760793
train:2704,0.08302388494553264,0.12610995055869345
train:2705,-12.368440311811304,-8.731168010222397
train:2706,37.70590620762157,12.990997482102403
train:2707,27.40615021794529,15.636336338890796
train:2708,0.5186713159578851,-0.005380375363214493
train:2709,-0.4443176287664923,-0.09470587227968885
train:2710,-0.5377879248799169,-0.17309684609161774
train:2711,1.7398805691791273,5.017131857556094
train:2712,-15.71704031560053,-7.293022074490299
train:2713,2.015389494378124,0.16218658683630224
train:2714,-1.5374101961435716,0.15615631439734
train:2715,-13.497555073014043,-13.9807850894632
train:2716,4.912393688437029,4.82479198835981
train:2717,5.064441368969354,6.197705412751712
train:2718,-0.17125032869396406,-0.023743960148833038
train:2719,5.86737026253646,0.5039879068517856
train:2720,-0.20070627460727458,-0.06533358076832158
train:2721,10.749320608994001,5.070003665674113
train:2722,3.3458710899685227,2.248110786299052
train:2723,-5.5091062606560675,-2.3501231688682545
train:2724,-12.532884990296175,-12.075398180728504
train:2725,-4.545598469139451,-5.230897728304467
train:2726,0.6311738980335588,-0.09394777273531588
train:2727,-0.09809397705040823,-0.057123879134894584
train:2728,-9.068739293608159,-10.591713202512704
train:2729,8.387026971092174,7.220546899328831
train:2730,0.9967305204456556,0.11456911901162158
train:2731,0.39815799046494754,-0.003516797202103447
train:2732,-0.40997087770743657,0.012719714906322607
train:2733,0.9027987947253342,-0.24610323029067244
train:2734,11.747351238686663,4.807288648258529
train:2735,-4.017961036087588,-8.556148304647348
train:2736,-2.6480046606582124,0.2909105769913799
train:2737,-0.4958757041627967,-0.14454613818507617
train:2738,-4.372398483493794,0.07013441385817931
train:2739,-0.6275379593163766,-3.3866375527979877
train:2740,-6.880939039000742,-0.12282488857515161
train:2741,5.421718061321977,4.458769430699854
train:2742,12.488418810274853,9.039375788200363
train:2743,-0.4121244870742351,0.08210422646093983
train:2744,1.2582181457383577,-0.1589323395877218
train:2745,-9.197841951078344,-2.4964569240888776
train:2746,-0.10902985873386117,0.07564283305413885
train:2747,4.224436780831774,0.07870319275039193
train:2748,-5.293931755484903,-8.597877732860642
train:2749,-0.9415127955916635,0.09772102001069893
train:2750,-17.058813453981966,-13.856454481613074
train:2751,1.0319014521955185,0.5108522457164492
train:2752,-0.4487780374804141,-1.0381965274499545
train:2753,0.4373681165973989,0.018428144557910836
train:2754,6.011728689397788,0.5928202253480686
train:2755,-2.0476263950672404,-0.34257617644926763
train:2756,5.97649685358898,2.8750837898156267
train:2757,-2.0567373633356087,-9.930193885227458
train:2758,2.908093179184277,4.155643170955432
train:2759,-0.9934286242197129,0.14912656032347432
train:2760,1.7261059074657386,4.190631590574314
train:2761,-0.4874091101364021,-0.0911102492242925
train:2762,2.8833405608459493,-0.21193767822390674
train:2763,-1.7561859443726928,0.5371924957023495
train:2764,-9.729147575161356,-9.371732737090692
train:2765,0.3019621214845887,-0.07160138345594413
train:2766,0.8919311395353947,0.029524017038573352
train:2767,-0.12418915795530078,0.035368830424527514
train:2768,-14.0277318798824,-3.9333032198418194
train:2769,0.05614636583307789,-0.42844214872309155
train:2770,-3.385282698013843,0.182669825936993
train:2771,0.3999720945718605,-0.019336454423691377
train:2772,0.7795034090130817,0.8351944148165509
train:2773,8.830747909246659,9.801092640071847
train:2774,7.376919670902033,9.779038420131368
train:2775,-13.356525448153098,-2.877951902558867
train:2776,-3.4769405172280363,0.10361861789635539
train:2777,-0.7962152374397247,0.23107435345047786
train:2778,-0.9701760589057206,-0.06896558233026953
train:2779,-2.920376445675912,-1.4565473555418067
train:2780,-0.5148052435828552,-0.05417907469474653
train:2781,4.1452196617192945,0.4196759387813593
train:2782,-0.002070940771675467,-0.07121163412300718
train:2783,-10.6936298316211,-0.3450479176434351
train:2784,-0.02851934197262826,-0.4024952859207832
train:2785,-1.933105378091474,-6.772824838170158
train:2786,0.5674443091777512,-0.1687091702190669
train:2787,-2.0368138324802403,-0.010758259918018348
train:2788,-3.535395396154325,0.12367216263730743
train:2789,-0.5810126048214901,-0.10287120640120392
train:2790,-0.5361021377216221,-0.10796847714272559
train:2791,4.824694633054297,7.096635143616882
train:2792,-0.8698010556821428,-0.26832450603966873
train:2793,2.376233839572988,0.019803109444750625
train:2794,1.0704007210292845,-0.1505458812106971
train:2795,-0.296743839526023,0.1972012560442249
train:2796,-6.946516438408299,-1.6296651071978547
train:2797,-3.1766467782244376,0.08214017698506139
train:2798,-14.490169425708872,-14.05623782123224
train:2799,-5.6768388284910385,-5.108289321752735
train:2800,-1.144978146743182,0.09329767893564658
train:2801,7.225835297317304,4.615851536667964
train:2802,-11.89310040381798,-9.567079896161907
train:2803,9.21627153220505,0.7048543630057229
train:2804,1.0933280772651668,-0.13133603250012174
train:2805,10.540989674415805,14.642016742736597
train:2806,0.3233487445040923,-0.017163159644056875
train:2807,1.5712956932062787,-0.07899777581152578
train:2808,2.323352379414939,0.14269484036515465
train:2809,0.017797729938993978,0.07405387695228975
train:2810,-0.36563655835602893,-0.016363688464782103
train:2811,6.292435961994381,3.2097480748281195
train:2812,-5.649078665440353,0.0630766982655524
train:2813,-0.12411872310850491,0.07782896730667391
train:2814,40.01534721018713,13.207320345390448
train:2815,-0.06118228176843127,0.0711045073662215
train:2816,-24.184372629366205,-6.090456499467365
train:2817,-7.773544277742149,-2.082237410393995
train:2818,-0.8907985436074676,-4.652771928794826
train:2819,-9.726091214218545,-4.612650002588682
train:2820,3.4704133816814777,0.0898027744121146
train:2821,4.063819759730864,-0.29831451885836285
train:2822,0.6988803824635677,0.09647958564202494
train:2823,-4.2051680254577635,-0.04037692664826634
train:2824,13.23825284701936,10.186050852365547
train:2825,-11.227936956502225,-7.409530304806165
train:2826,3.7544964128429847,0.7629661026752699
train:2827,-1.235527372609622,0.06987020603804782
train:2828,-15.694761517854946,-5.615960368311091
train:2829,-12.390297895225554,-6.4900294557813405
train:2830,-5.593637375140668,-2.632601558937238
train:2831,7.324367836528658,9.294946922894077
train:2832,0.3402670552295055,0.112716383072071
train:2833,-3.739660171194065,0.07051103839659568
train:2834,-1.926080490071111,-0.03675419803896879
train:2835,-0.050041953062678224,-0.14834177169610124
train:2836,6.588179098486841,2.2964819311829956
train:2837,0.22289145106346586,-0.11627390417966674
train:2838,0.6006751444544856,-0.08262763746132362
train:2839,-1.0122247326098677,0.06293774663660637
train:2840,-25.47687577881012,-10.97266778183439
train:2841,-5.546874680782486,-2.5992146495714863
train:2842,-0.2726504727570455,0.022851342972153188
train:2843,-0.20776300940655146,0.1421806908058923
train:2844,0.5286507482118283,-0.06639854371501788
train:2845,2.0686317297250416,0.08064737426915647
train:2846,5.464625203307369,6.5463079442234315
train:2847,3.6602136751798855,9.810678305217785
train:2848,-5.434353734505833,-12.04014041750033
train:2849,2.2603622402213674,1.7956446227455565
train:2850,-13.15006998665724,-2.6772760769123005
train:2851,-1.4097438981398938,-0.4499221589032956
train:2852,0.09248040238803298,-0.05187681454286641
train:2853,-0.20716233731374484,-0.09345816083537459
train:2854,-4.582964736510237,-0.08146038671385286
train:2855,3.9122044515254037,0.03282262028753679
train:2856,6.80103553008623,2.6362427736329606
train:2857,-1.6028564891036274,-0.005877262964466098
train:2858,0.3529253362440927,0.09428831560032966
train:2859,-2.942820753688554,-0.49894840222678755
train:2860,-0.5060236686409214,-0.17816159016845795
train:2861,0.8584439028196643,-0.143322964400083
train:2862,1.5608908623726774,-0.028945515942469233
train:2863,-0.42135028971328703,-2.4719255418434507
train:2864,-40.198299921921055,-12.747233586506919
train:2865,-3.95399038803664,-3.484453222500361
train:2866,4.094336877510917,1.7470524962669134
train:2867,-5.160179933209713,-6.599512497169261
train:2868,-0.39192270370528703,-0.009335075677396457
train:2869,-0.11909274349605425,0.10776662360809577
train:2870,-0.31491254312574235,0.04043599973513786
train:2871,2.2159264528480906,6.513279113490795
train:2872,7.788313106501395,1.467683683873635
train:2873,-2.3506450095630522,-2.34243432185216
train:2874,2.210091751017809,0.06511332398920097
train:2875,0.8313220700967066,0.36920725200789467
train:2876,-0.975885465744507,0.010857135370881607
train:2877,-28.04448118366577,-13.044940447400824
train:2878,5.965714045656732,2.4248932088425397
train:2879,2.942982836463437,4.635863995095635
train:2880,2.8119368281047605,2.5549358128645046
train:2881,-1.6362256370333106,-0.3066481927356853
train:2882,-0.9231260461625893,-0.1489363819522071
train:2883,3.5025925758793197,1.5524152173862895
train:2884,-0.03549704097022002,-0.16470753449839293
train:2885,-2.428775618860603,-7.002400320064542
train:2886,-3.551872966056224,-0.06025671052263082
train:2887,1.7213519039943805,3.127710690712432
train:2888,0.49819988103024676,0.13565852389402866
train:2889,-0.10847939762094855,-0.23781035740501183
train:2890,0.8637479024874544,-0.12911623029642522
train:2891,-2.336265142821172,1.2881287911484869
train:2892,0.5729865785417978,-0.060582833134304986
train:2893,-3.8958544418159744,0.03995765803918706
train:2894,2.510252058991504,-0.09260191065371737
train:2895,2.7639918511366655,-0.19848533448356176
train:2896,-0.5208479955381604,0.2408069592307211
train:2897,-2.4309723492309683,-0.21943535975459277
train:2898,-6.907731245939025,-1.3063706034212361
train:2899,-1.293362285409164,-0.7780245816335407
train:2900,0.1240355624399234,0.0818759691649299
train:2901,6.508829478177418,5.399853718992137
train:2902,44.54926851800569,16.500925900857755
train:2903,-14.310278362075852,-3.1124566007605847
train:2904,-2.045337146317256,0.15616145018650024
train:2905,-3.9550434238649737,-7.368496490702461
train:2906,1.089224259491789,-1.173858968760494
train:2907,-1.473126659301248,-2.56228404568518
train:2908,1.1280257240378804,-0.051035971728689844
train:2909,0.7529034450394857,2.770739676125749
train:2910,-6.886620318392458,-3.70726258749777
train:2911,3.0716261564508867,3.7694298288552974
train:2912,5.526977012173213,6.97906779944753
train:2913,9.278253267552417,8.635895066978698
train:2914,-0.24981679719198413,-0.08026175058818075
train:2915,2.9405792182592494,0.5600750043057245
train:2916,-5.887464125900505,-2.7462337473233793
train:2917,1.928205566455787,3.3335194523030216
train:2918,2.1398689061370915,0.9527372213265823
train:2919,3.0408793699294665,-0.09639469094854228
train:2920,-0.10800704247676007,-0.14081926718447413
train:2921,2.473877923390106,0.19752281350997886
train:2922,-3.0086589712416716,-0.2327578821578321
train:2923,0.5570401757188708,0.21161784419940177
train:2924,-2.053937636290035,0.1471601237183488
train:2925,-14.74564289140982,-12.431472714785107
train:2926,-3.83270390643663,-0.09515696576092847
train:2927,-27.27661768580745,-8.205260346999328
train:2928,1.846280308844391,0.04463921518035064
train:2929,0.7867774922669925,-0.197708689033888
train:2930,6.751834348787822,4.605292924797785
train:2931,11.774719942060766,12.109888939623206
train:2932,-4.6591185209327,-2.571201487597048
train:2933,-1.873807605586037,0.3207021486233554
train:2934,2.188764172391329,0.07017236163364096
train:2935,-1.6547672036503913,-0.04500741121944768
train:2936,-0.2071288633271488,-0.06800062461138756
train:2937,20.107431969565674,15.64125756619277
train:2938,13.469649218028149,3.827992376684464
train:2939,-7.380103127120832,-13.858844335502297
train:2940,0.9808034116566694,0.1020667536051079
train:2941,0.08096267772923367,-0.03157118815063341
train:2942,0.032482349433842594,-0.03796082317000127
train:2943,8.371654042747945,15.23675824678766
train:2944,0.846463470033647,-0.0018000170144888
train:2945,3.001505593195879,-0.10854867865702081
train:2946,-0.07520544134064777,-0.17516571315832768
train:2947,-14.126760949894928,-5.6803848488234125
train:2948,-13.93393219044254,-1.7044621698841074
train:2949,-4.004425922590777,-0.17930601518632772
train:2950,-5.974240322069443,-0.20199222251513427
train:2951,-0.34440242794212944,-0.24464038634486884
train:2952,-13.898524151287623,-18.948132919382484
train:2953,5.423722316269415,10.167087236213042
train:2954,3.3279160154915934,8.235385114464602
train:2955,0.7213318966816576,0.14916564938541602
train:2956,0.2746092252708222,-0.037021259075300406
train:2957,-1.6771606033084185,-0.04341588722301848
train:2958,-8.749717324020558,-10.264427619915352
train:2959,0.5906775804578028,0.016982419909307975
train:2960,4.606003499624627,3.8085194614402376
train:2961,-0.27813276789510744,-0.04220755016226593
train:2962,-14.206365809352146,-10.585511451780114
train:2963,0.9244341480619056,0.034503735272649896
train:2964,-11.684887558025832,-6.758821253059949
train:2965,0.6581081369566346,-0.18040792728281563
train:2966,-2.565789760079465,-1.3486037669546627
train:2967,-1.1445715772809848,-0.12360709779641563
train:2968,12.406716247657616,2.424507168690663
train:2969,0.21619595636953787,-0.09682352934342095
train:2970,4.996862969029723,0.06258765700885113
train:2971,-4.903089952906066,-12.532137606184925
train:2972,3.5392386876218107,5.3947555922857555
train:2973,-0.9195436322220928,0.050435809212522706
train:2974,20.687965740102964,8.920788704561087
train:2975,-12.04319218071684,-6.595530548640369
train:2976,-7.695496888494607,-7.741090005271303
train:2977,0.34455823434452515,-0.11564248743457928
train:2978,-1.996336808938425,0.19806292733666236
train:2979,-7.8471173107813526,-8.174216213455498
train:2980,-1.2269789532826594,0.05571625643409233
train:2981,-1.9275631087274272,0.05422060050198729
train:2982,-0.44595134527897107,-0.029606035492797958
train:2983,-1.517402050488752,0.17932129140452735
train:2984,2.8705562874651465,0.2663393923799614
train:2985,0.07596436064737278,-0.11833449691939635
train:2986,0.0678843446745143,0.9870796727977555
train:2987,-0.2804149266687643,0.03946405163656559
train:2988,10.498861732451733,8.811258870427483
train:2989,-15.77024721729493,-6.912853270910127
train:2990,2.133972835331384,5.763637072578236
train:2991,-7.252156252021172,-4.033218571345865
train:2992,-0.27476072866203727,-3.8401725311400496
train:2993,-9.043153080020295,-8.53804578914404
train:2994,2.2895064596345023,0.0704699520833139
train:2995,-1.9758711854667927,-0.0008752896440285818
train:2996,4.678657857698362,0.1056817785306651
train:2997,16.16456828173702,11.985291270736749
train:2998,-11.259650769303086,-9.232016446203017
train:2999,-22.03788485321606,-18.638207445433167
train:3000,14.17663841159565,2.658197416328055
train:3001,0.15838289464457972,-0.5195040773537589
train:3002,3.495590003850021,1.7617019068640205
train:3003,-17.5092877689322,-2.398274330783168
train:3004,-2.5582581130953566,-9.81295523156436
train:3005,-3.589540034389894,0.01381763250013035
train:3006,-4.136550072267734,0.11735856582967288
train:3007,3.1151149089533843,-0.05402471569831982
train:3008,2.0533234247716017,-0.7188729873198585
train:3009,-18.7690626578148,-4.303553958588741
train:3010,1.8430426304741858,0.23244161465357732
train:3011,-43.23867889579767,-17.48153414105951
train:3012,-1.645425171891214,0.1332583984264843
train:3013,3.2767421935664225,-0.04732507873880848
train:3014,3.0296558211737037,0.2881286911962589
train:3015,-0.26757544445590203,0.055897720984420224
train:3016,-14.720745684046058,-4.874024864355068
train:3017,0.03005199853202621,0.023503160213071528
train:3018,-6.909516525224147,-6.9012606534890235
train:3019,-6.085084779517412,-5.380770327578104
train:3020,-2.864062507142328,0.23731433728014922
train:3021,3.231073912603339,0.3006545956364236
train:3022,-2.2430591517269116,-0.23493317418880671
train:3023,0.8778113935643542,-0.1823883446473218
train:3024,-7.252300376130128,-7.193862539957667
train:3025,2.5983779077033353,-0.42722953183803886
train:3026,-2.6460961785057577,-8.314341655546272
train:3027,-0.17312277981917984,-0.042325245330521066
train:3028,0.08308827587808196,-0.0015670519117486625
train:3029,-5.196343461645445,-4.564957352517128
train:3030,-0.16574548510659787,0.027512214295865867
train:3031,11.574032234421997,3.383314637392447
train:3032,-0.7072813638847837,-2.4281731833442683
train:3033,4.280488971386837,1.4789510346479249
train:3034,-4.948168719771875,-0.1309716767913659
train:3035,0.9067329179833294,-0.048486337732258966
train:3036,9.468923884702322,1.951962066772034
train:3037,1.2822538628637532,-0.5923509667672266
train:3038,-3.689222312057526,0.0406161803381757
train:3039,-4.405381518286422,-2.6575169840832014
train:3040,1.2053292469166208,0.2521807349692757
train:3041,3.4803365590412803,-0.03836569454879887
train:3042,-2.045515674245768,-2.2042537745842012
train:3043,0.19910981079466394,-0.023521837267653375
train:3044,-5.692549286200111,-0.7463133661421217
train:3045,5.289418638131871,0.035331167970685876
train:3046,4.481531875216708,5.0397196289259965
train:3047,-0.9903824914394738,-0.34403074606809086
train:3048,-1.4693812921343357,0.12531190598751873
train:3049,-4.948897708813299,-11.93205145754779
train:3050,-0.9648088305965826,0.09934079084750937
train:3051,-2.736408064508902,-0.3572907830365475
train:3052,10.061575238387375,4.1687157516195406
train:3053,1.5318282358018704,4.530380306855427
train:3054,-20.108780865352422,-5.318858959894851
train:3055,13.433631208450812,7.9811258885797045
train:3056,5.559501174399586,8.804095015192212
train:3057,0.6874239105510742,0.262329197010687
train:3058,6.307213332327089,4.672343790822321
train:3059,-1.9447729220861145,-0.05235800945501734
train:3060,-1.476587962498574,-0.867117541429705
train:3061,-1.7552182207185312,0.3081999258776517
train:3062,21.88832244311168,10.706105427875682
train:3063,0.37818052929784096,0.08779696342342738
train:3064,-0.5733119606967201,0.07842129498981967
train:3065,18.273985477397975,6.244041073198487
train:3066,-0.9002626159427759,0.0877170733698239
train:3067,3.4319447973354245,0.19886396778484716
train:3068,0.35431264702190624,1.5955314513336545
train:3069,-0.3076111460286021,0.0637987046249938
train:3070,-30.592554517342638,-11.22747254265675
train:3071,9.97383527035436,16.236989706908517
train:3072,3.6862536472527188,0.38217954212256877
train:3073,-21.867163802244434,-8.45318429163347
train:3074,-3.532835101096209,0.19372375613951365
train:3075,-0.12117347720453425,-0.054596072242394655
train:3076,-0.36399145138977784,-0.022813954328402594
train:3077,-0.7447494479647996,0.10253182784572813
train:3078,4.334029218197755,-0.2124150212941875
train:3079,-7.345477077486116,-3.121724988265068
train:3080,0.324982461016571,-0.5597184477647876
train:3081,-0.29853237322650844,-0.2735664348425367
train:3082,0.0626510123117604,-0.01237346560890859
train:3083,0.0684408497016734,0.03549950772649319
train:3084,5.262846801605346,0.3517942161993474
train:3085,-0.6760338623138644,-0.6124513042538609
train:3086,23.405635026868648,7.844700497257253
train:3087,-4.3800212541080805,-4.5493397030025085
train:3088,-1.963336572236019,-0.4459470580932828
train:3089,0.9824141148033634,-0.15482941469194336
train:3090,0.2517974007803443,2.300996860498072
train:3091,1.374338475407046,8.04357023704914
train:3092,-10.515173500246906,-5.330151989614943
train:3093,-0.22410691582030634,0.14419620272965994
train:3094,-16.677464781018468,-6.215657908901769
train:3095,1.9170708167477999,-0.12639483268474686
train:3096,2.624861410098566,7.395797144772851
train:3097,0.22320015560651818,0.0648265757610885
train:3098,0.44475889388791534,2.102237254851509
train:3099,-1.0954833706873393,0.21898470576731213
train:3100,4.3629888657681315,5.1552138262043385
train:3101,-1.211868935208153,0.27974194749761416
train:3102,-3.2974622994297005,-3.028597438101118
train:3103,-23.030027780599664,-6.539876854727228
train:3104,21.59158670993335,8.894374199623577
train:3105,7.123475565638469,2.45410272436969
train:3106,2.373948775071328,-0.09612705926897067
train:3107,-0.02978391479958961,0.059210875636004294
train:3108,-0.6279649851037162,-0.16320731342036765
train:3109,-10.147738847711826,-3.8515480188083244
train:3110,-3.672104087245498,-0.015644392660730824
train:3111,-2.424322183893889,0.05406452957584051
train:3112,0.4669474978362823,0.02508498327442031
train:3113,17.122353881211637,9.340068254526079
train:3114,0.06802021651594058,0.10474620893864442
train:3115,-1.4942589730059175,0.07099950901005693
train:3116,-8.856229689703223,-2.4329003919446337
train:3117,-1.5731992343542602,-0.14476897437030586
train:3118,-1.0087873726112875,-0.0008570290603477915
train:3119,-0.65623492907527,-0.24149100630317188
train:3120,3.809773587625053,7.076960505987307
train:3121,2.6375006295374526,-0.429922539948526
train:3122,2.982994478608271,2.9616412390355507
train:3123,3.4422989522726515,-0.009974196106224256
train:3124,-0.9094740061709324,0.18448390079703186
train:3125,7.267108257873736,9.989702785051328
train:3126,1.189847528115954,0.07011187345019833
train:3127,-4.474152428998536,0.16322801074934754
train:3128,0.3842028249280042,-0.0828273625953323
train:3129,13.746585088134921,7.890811894910698
train:3130,-0.6361686688603879,-0.10431122461740655
train:3131,0.013303847238476135,0.3016182694080155
train:3132,-6.747404797638427,-7.091519957432177
train:3133,0.6893435506990608,1.2811994702848657
train:3134,0.8797763630691896,0.0008700227055873089
train:3135,7.764275064793597,10.676713877154963
train:3136,-3.8523847508891773,0.01874856073718477
train:3137,-2.450447235682654,-4.8903840647601
train:3138,0.617755246115113,-0.06193468696992377
train:3139,0.43747039822310896,0.2371528452432222
train:3140,3.2819450738997036,0.13148968970402738
train:3141,-0.6697335466283618,-0.09690941115104468
train:3142,2.0668241344488556,0.2849308064791598
train:3143,-0.5120601442237399,-0.5296820701828415
train:3144,4.311081405636731,4.587115084386794
train:3145,1.8261526796540828,0.10775749331625536
train:3146,1.9790562714270101,-0.08754001979307724
train:3147,9.622526710861921,2.70981865978556
train:3148,-0.01703625359162622,-0.2033365153278227
train:3149,2.7935042844023568,0.8162403569383165
train:3150,-4.887257687079101,-0.3320629307166704
train:3151,2.194417091877735,0.2959519246953791
train:3152,-0.43184252484522234,0.002516328453058908
train:3153,-1.049804629103444,0.10119067357085981
train:3154,-0.2539489748706726,0.05648890738108593
train:3155,-3.709732102594806,-5.401436172515603
train:3156,-1.0442444604548982,0.07711523527421288
train:3157,-5.380110998892878,-0.2003601828486633
train:3158,1.1015245548163908,5.7149360959015585
train:3159,11.704974101489043,5.296765876395174
train:3160,-2.868621013233635,-6.492223579039236
train:3161,-7.528912664366472,-0.10389180183598831
train:3162,0.14920451348653882,-0.051316870863592046
train:3163,-0.8144836656245114,0.17182360987384132
train:3164,1.4867803858820148,-0.06055886611822395
train:3165,-1.264418677457365,0.21103992525806664
train:3166,0.2791970211004011,0.18589053638369302
train:3167,-1.266845773943818,-0.3394550432479519
train:3168,-0.9482898831279193,0.17709778001977067
train:3169,2.701745578311895,-0.11775244081457104
train:3170,25.126011971312703,7.7649816366257856
train:3171,0.4640868667317627,-0.12429657749117562
train:3172,-14.38296154497138,-3.8952918176589066
train:3173,-19.59423548039145,-12.287944527054066
train:3174,0.19633228351103382,-0.18889396290522464
train:3175,-13.334848252333282,-3.763071781693817
train:3176,-0.7435722794361723,0.08630644328048256
train:3177,1.272184469270833,0.919411085465893
train:3178,6.430458507059448,11.168485091116509
train:3179,2.773743939231644,-0.3436498417053743
train:3180,-0.20697451105562265,-0.027257553238475826
train:3181,-5.16588027417713,0.08180349747344674
train:3182,0.6059593851718543,-0.020725685391531787
train:3183,0.7879607047098662,-0.1835524568569724
train:3184,3.9626729951496555,0.2134672989403222
train:3185,-7.982288987987991,-4.345750743615616
train:3186,-0.09593548606056451,-0.05397963488235785
train:3187,-4.0412152286092615,-0.7288556775000428
train:3188,-2.2542673582388177,0.004298447291656404
train:3189,2.117595687389273,0.035888829077000126
train:3190,2.136832071686462,-0.04001513883409061
train:3191,0.060052594102243104,-0.021216723899573145
train:3192,-0.2924391778330689,-0.12968744417969005
train:3193,-0.3977866952738398,-0.17521849765803
train:3194,0.5706178290736477,0.15533458813170428
train:3195,1.5636050447858394,-0.05958563407236164
train:3196,-1.1989351911788693,-0.02158222089480903
train:3197,0.4285367955920516,-0.07194847720668923
train:3198,-8.427776608768376,0.020766925877152537
train:3199,-4.166888197202794,-2.6677680192470072
train:3200,-0.03081091530501523,-0.1266924231344198
train:3201,0.5438604908714023,-0.6679680437893949
train:3202,1.6329884829610135,0.005588172344517486
train:3203,1.0721450876641225,-0.24330508116321076
train:3204,3.649375077269977,-0.37160650999905004
train:3205,-0.23563986649384205,0.020114823314614186
train:3206,5.77222231530315,11.49781928294555
train:3207,-1.7850751570962733,0.0009827247454922139
train:3208,-6.454220096538161,0.05137337605588348
train:3209,0.11048417686629478,0.1295124108773414
train:3210,-19.084861826359568,-4.178597355104307
train:3211,-1.0065555410466445,-0.16321501710410802
train:3212,-0.592264281024323,-1.4632548388458684
train:3213,-13.676262459287708,-7.285363471565926
train:3214,6.0709646280113185,-0.20491619847702142
train:3215,6.87846876466303,1.3593747409520651
train:3216,2.9910542707142276,0.3713376058837173
train:3217,0.2881375974786661,-0.0489126082325575
train:3218,-1.0650020514762848,-0.07185275180317507
train:3219,0.11615732021960215,-0.08126437076090434
train:3220,-0.2209942999833555,0.5170282461728327
train:3221,-0.5435031431747096,0.9975372808144505
train:3222,-10.068986645079846,-4.269936509354019
train:3223,0.2875120523541526,4.718918836108286
train:3224,4.381014607550097,0.22807704983224752
train:3225,-0.28224216466625135,-0.17781849092039304
train:3226,-2.6410034833783556,0.039975062658007814
train:3227,0.48637449789047627,-0.07515363762509861
train:3228,-17.018388036169483,-4.840254768053639
train:3229,2.3058282825154337,0.18055402346379096
train:3230,0.16685925191706488,-0.09563644874335933
train:3231,-1.154253695445648,-0.010453679088655105
train:3232,-2.2172111901605254,-4.451582524232237
train:3233,5.884346222905456,9.117062017610861
train:3234,-1.377246003694668,0.01847493730359287
train:3235,-2.2493838755276405,0.24343477135103536
train:3236,-0.39199476575976455,0.04777989291263721
train:3237,0.058056707651454445,0.026199306861378766
train:3238,-17.753036040994925,-6.183796614238224
train:3239,9.536623162926883,19.153770998825436
train:3240,-4.697223075674521,-5.861934424994067
train:3241,2.381987181019182,0.19020046211479044
train:3242,0.23471311487139238,1.7786317505090767
train:3243,-0.8864432060181388,-2.9877915959718035
train:3244,0.30855905388465055,0.03867941718153148
train:3245,-0.82591712417122,-0.18017610346655555
train:3246,-1.8465184029300996,0.1267807416873426
train:3247,-4.632699641928259,-0.32063408790545345
train:3248,6.736057408022038,12.698989064603383
train:3249,0.6554939115867803,-0.0062225021246811035
train:3250,-0.681448977020494,-0.15791787856776768
train:3251,0.8746518211628729,-0.03335230836356087
train:3252,2.6247837690463225,0.1215442339952549
train:3253,-1.478198433187028,0.12687860700300685
train:3254,2.493889323460289,3.496571913169892
train:3255,0.516879295383796,0.3373736335414903
train:3256,0.8044813956153315,2.548684986813273
train:3257,0.5232056463922066,0.009451355749080473
train:3258,-2.9352653959639405,0.14649732159506
train:3259,-0.1509855491419082,-0.08089145540354811
train:3260,0.24929266324164784,-0.11994028699682618
train:3261,-7.192091832239391,-11.354433815843391
train:3262,-3.331674108480291,0.1575678004515414
train:3263,3.7895836596263575,0.2276091223754272
train:3264,0.39312201514816614,-0.25708326219360994
train:3265,-0.9666178206222101,0.03152726013268046
train:3266,-1.462642327749481,1.4786614332036123
train:3267,0.421485872248781,0.05783163092486432
train:3268,0.9893615942297227,-0.12836269589797245
train:3269,2.4756208952755023,-0.02484958142638112
train:3270,-0.67614125802086,-0.08820624577580621
train:3271,-1.6026900490036082,-3.0906109509243347
train:3272,-2.0734631986380947,-0.938477477220478
train:3273,-11.511443956144392,-2.8251830955456723
train:3274,16.62488580841241,5.760229761792048
train:3275,6.620675365724384,0.5068305661519692
train:3276,-1.1052215112879025,0.24422340030874967
train:3277,-8.2094694963516,-6.777741500326212
train:3278,-2.264515977134971,0.17371215367670345
train:3279,-0.35739847077980025,-0.016225592800696104
train:3280,27.321416399875186,8.208090677650974
train:3281,-0.6502879499149479,0.1297703416218326
train:3282,-0.043685614941275375,-0.013441995075855057
train:3283,2.7513754126053236,6.116423560285817
train:3284,7.36826943486584,3.001258431295893
train:3285,-5.558961114526058,-5.366282837000354
train:3286,-6.170104056306538,-1.2033269856753752
train:3287,-0.650697773792509,-0.4931130044542938
train:3288,-0.9375531019272406,0.050294860332236575
train:3289,-4.346244141966758,-4.65975061029871
train:3290,6.91911780730263,0.21891765518660922
train:3291,-1.9397894823316295,0.14051469786663984
train:3292,6.299969468644411,3.499310430078771
train:3293,-0.43434145092791254,0.07426387366461888
train:3294,2.4680859938760307,0.12320280857238702
train:3295,0.02420404658205065,-0.03239048918249904
train:3296,-0.058103139918076446,0.01586224722913926
train:3297,-4.821814183617929,-0.6790165528811354
train:3298,10.24025287000629,14.96011953431547
train:3299,4.160377333733052,7.613722374278888
train:3300,2.527675269014741,6.924535419501039
train:3301,-20.946352080631062,-11.814622209042524
train:3302,-0.9798525980726179,0.04992936333700068
train:3303,-0.6498297747234146,0.16638766236936492
train:3304,0.27790269361868775,-0.10184518985563931
train:3305,-1.8638732702307026,-3.763694068147064
train:3306,-0.24474734788860664,-0.06677602421829432
train:3307,-1.3667505141473693,0.016864867401862854
train:3308,-0.13306604077573708,-3.345647392902145
train:3309,-2.080892099080012,-6.134278476441831
train:3310,24.792938366018458,8.339291830111
train:3311,-0.12025085044898104,-0.16072387403977967
train:3312,2.261292538098849,9.676663881584437
train:3313,-3.114233135466687,0.1837072553473581
train:3314,0.052329982673769385,-0.02133013924352807
train:3315,0.14590407139146577,-2.181099354476954
train:3316,4.4024667837933515,0.20936622863507387
train:3317,4.412006869973221,9.118228412393472
train:3318,12.316686101041656,5.719381977384592
train:3319,0.9179392648293135,0.01838919815677914
train:3320,10.38470799949556,5.943635640422504
train:3321,0.19696282648771263,0.30953508839849975
train:3322,0.9511101258800634,0.0634952650821106
train:3323,0.4228968937671,-0.2676492924259094
train:3324,2.1464414304219273,2.6305865578378342
train:3325,-0.6559285491146202,0.03247623984084173
train:3326,8.661701487437794,2.285886084841405
train:3327,-0.5799333012120081,-0.27321791448369154
train:3328,1.3349228561902136,-0.20401686473074232
train:3329,-0.3196316778610627,-0.047955354197415895
train:3330,-11.088206308287798,-3.80108261323349
train:3331,0.9953432096678421,2.33728577606097
train:3332,6.0644181390493905,8.697135928854921
train:3333,-0.7862520772625988,-2.401645120401995
train:3334,-10.785188623624947,-8.876009248048737
train:3335,-7.313685158716531,-1.7590339242141604
train:3336,2.483776460176442,-0.8595384005765054
train:3337,-4.145574101154248,-5.478336055541346
train:3338,1.0502177667777968,-0.004943690623785496
train:3339,0.19773807471894722,-0.0961187849419903
train:3340,-1.557005728421947,-0.6875890409544081
train:3341,1.542381142534511,0.08099617994962165
train:3342,1.9379100006115144,6.127004427242357
train:3343,-12.24858205363939,-3.7713526710714373
train:3344,0.7762820027196937,-0.22388323848896619
train:3345,0.10563614403675567,0.04958041499572551
train:3346,-0.44266194495030986,-0.0010792946023374522
train:3347,-8.996870644386469,-3.432057330844523
train:3348,-0.6500231799793028,-6.4366811605579
train:3349,-2.701445880258784,-0.11966737686728432
train:3350,0.8580873118791205,-0.061445289061197506
train:3351,4.730523010430037,2.158101658781028
train:3352,4.796539290995186,0.02246601612432643
train:3353,13.641019292406556,4.2593085045113
train:3354,-1.723827757329858,-8.275573295105465
train:3355,1.614853950722611,-0.20248697020423578
train:3356,13.550515860813444,10.216638471317358
train:3357,4.309407241390449,0.056733428009436565
train:3358,4.054442394319169,-0.06665504785140905
train:3359,5.8623036027319655,-0.030435180120554003
train:3360,-11.501473357303578,-5.925954890092451
train:3361,-0.23280224875510724,0.05113342057345304
train:3362,-1.1748515876559824,-6.5632846404330465
train:3363,2.3010600990914205,-1.1802183596881404
train:3364,-3.0404304336861148,0.06489876213095164
train:3365,-14.985236669802793,-9.27003384013995
train:3366,2.331957983469003,0.03399472150254776
train:3367,-18.581957950070333,-10.988174441238824
train:3368,3.118274946271346,-0.33664647988135976
train:3369,-2.764748908243732,-0.10820015829817567
train:3370,0.6404966357587951,0.11564306958934828
train:3371,-4.245704093392602,0.12035644009114324
train:3372,0.42001789846160065,-0.2081888374585637
train:3373,-2.111299496570667,0.007777944447707713
train:3374,1.538243850774537,1.5529387825590124
train:3375,4.898393658459717,11.604474787079148
train:3376,3.5620298233289067,0.2893801118216333
train:3377,2.9124234112836582,5.449608103089901
train:3378,8.35755684522621,5.184737195513502
train:3379,2.4739797400993355,0.11019085875253118
train:3380,1.0244625560492704,-0.12836554911417256
train:3381,-8.501297571161764,-0.5610340657546649
train:3382,0.3619328605955497,0.2584720766905493
train:3383,14.196416888509104,7.354280566488086
train:3384,-3.4170536955418056,-0.082659308161145
train:3385,37.74612706218262,12.216039995132622
train:3386,-0.16028945774968423,0.09733983032636236
train:3387,2.6703892862845384,0.5109459025382181
train:3388,-3.6877596848098717,-0.24549007412926577
train:3389,-16.675820836343416,-7.4908863408932636
train:3390,-3.1428124813560134,0.09589125246155936
train:3391,0.6746928701072887,0.0242017701996719
train:3392,16.15057987467172,11.529297105351798
train:3393,-19.01853684125137,-7.752704877778768
train:3394,-0.2961516521589855,-0.13022955525771363
train:3395,1.3675083873920135,0.6051167312057433
train:3396,-0.02466681155696085,-0.39723409790856445
train:3397,1.1586646499358242,-0.08482489925703918
train:3398,-4.535558132826562,-7.208674155895752
train:3399,5.019639692325923,3.4231346933246187
train:3400,2.593008587270035,0.043047976505541444
train:3401,2.246493316691557,0.060146873210455
train:3402,3.8551736117788877,-0.14978592707579402
train:3403,5.144786375463529,9.761213807885953
train:3404,-1.6779409656209388,0.22116113908476678
train:3405,11.878064366845301,2.9197708619419696
train:3406,-10.55525023069901,-2.4658681638505873
train:3407,32.23256722064001,12.866598397063472
train:3408,0.29427542485423364,0.28525507450030396
train:3409,-2.694962155021724,-4.379482321498342
train:3410,-0.2877930349851871,0.14789996267904099
train:3411,-2.9372050275205885,-3.5962196928132415
train:3412,5.385747473225654,0.973566983534778
train:3413,-3.1924520788955326,-4.015598820023619
train:3414,-6.220027252899163,-0.010768246174718776
train:3415,-1.8371707921731564,0.1333642527475089
train:3416,16.312344774562987,10.559548265826589
train:3417,0.0666566164786326,0.009046484370282867
train:3418,-0.3705981470359302,-0.21830976596364382
train:3419,0.7800445717963842,2.018424314294484
train:3420,0.2345245912385494,-0.016275809405818284
train:3421,1.8551941525250273,-0.22379992457592257
train:3422,-0.9886785725384394,-0.020464045465980407
train:3423,8.70510609005732,1.7027162270723755
train:3424,-10.367916784046137,-3.9908545878496624
train:3425,-1.274775156976994,0.021111023750887498
train:3426,1.030687787723172,3.522894259224137
train:3427,-8.221677273296581,-11.137468408267077
train:3428,-1.1073584998905233,0.818707960968994
train:3429,2.422768724855725,2.3111734267190545
train:3430,-9.533720862415931,-3.3170738592660025
train:3431,1.9755240684664073,0.09163354058692422
train:3432,1.7891978633685395,3.303283064265447
train:3433,3.595535424245617,1.0920363720057997
train:3434,1.8304594334711992,-0.19971992113335546
train:3435,-20.52467655214895,-8.326276658911391
train:3436,1.1101706066042585,0.1356796376939096
train:3437,0.4238715911684693,-0.08472332476031474
train:3438,0.7138746363344296,0.4762323903002187
train:3439,11.697789282199388,2.131743790185092
train:3440,1.9290684514435958,3.4352754135777666
train:3441,0.06005189672752234,0.007178769045681654
train:3442,1.299070356879937,0.01995547118983726
train:3443,-2.4621575519935,-0.016225022157456068
train:3444,-0.7596495562483602,-3.1068155070113193
train:3445,-2.6720259653727125,-0.12797665574609565
train:3446,-0.7487077468797808,-2.4912366797291305
train:3447,-2.9230604085178413,0.019526918116578612
train:3448,10.232629169559042,4.996147593690662
train:3449,0.5655948714183203,0.8390667998433592
train:3450,-1.2940252563103578,-0.07297435109144385
train:3451,-0.34893908295885334,-0.21157888628674115
train:3452,-4.528644824761519,0.24894661440643506
train:3453,1.2828308242160542,0.04894585971281792
train:3454,2.786331552941195,1.4306462270406344
train:3455,0.8733991037061642,0.3446814335340581
train:3456,0.24294736688665688,1.420172783674029
train:3457,0.46403758558482966,0.42053047703329643
train:3458,-0.8711795330468267,-0.7675468584426353
train:3459,-0.2724942608195973,0.016083514145458874
train:3460,3.7954523003597154,2.9911674615609143
train:3461,-3.2735516448375597,-7.760345220119461
train:3462,5.260959705610994,0.9939071338430325
train:3463,0.5550031441595578,-0.11611241214273973
train:3464,-3.6302318493457006,0.07645000791715395
train:3465,-9.938990418134141,-5.299159213962715
train:3466,-2.180233128050957,-0.10716700871211074
train:3467,1.1641399713266787,-0.00010021346326487268
train:3468,5.301481826051418,3.6721297353202864
train:3469,27.042788233779394,11.705335979753533
train:3470,0.7778478414260194,-0.11038001547507045
train:3471,0.20967503781403785,0.5071387135015827
train:3472,1.1825181198008639,-0.032885236871600554
train:3473,4.789660851666182,1.3342494617545826
train:3474,-3.37673427868688,-1.2628507820423636
train:3475,-0.512637105576041,0.1571657822889439
train:3476,2.98564078321528,0.1613092228547641
train:3477,-3.80867330339252,-7.566672898957719
train:3478,5.188788395760499,0.009840819760397412
train:3479,17.22585358810066,9.518706408886127
train:3480,-0.32398585315919015,-0.3356815221624778
train:3481,0.8285627907849361,0.06954508205204368
train:3482,-0.6015807423770726,0.04174377138046473
train:3483,-0.02844170092038467,0.34477844288486237
train:3484,1.8686032736556228,0.14944184071358804
train:3485,0.8018798392195708,-0.00015713512645734729
train:3486,-1.5303899572880142,0.256533173621755
train:3487,-0.8876473397026351,-5.3520778148264165
train:3488,6.911456448620462,4.532067128272941
train:3489,20.088013338008132,11.356133131593309
train:3490,4.199955673718059,-0.1762907363060366
train:3491,0.7123634253145626,-0.11681458864959027
train:3492,-1.9916193014107866,-7.712790665711993
train:3493,9.461413623876316,12.312882718110753
train:3494,0.9890584686844364,-0.08550453535590874
train:3495,-0.20457077662231488,0.003186976920898074
train:3496,-4.913147956045213,-4.889904724438479
train:3497,2.341393463440761,0.36163067904927515
train:3498,0.30515284329026365,0.27224526459259824
train:3499,1.258511740495794,1.306550296222968
train:3500,0.5945884578917731,0.19263596746321637
train:3501,0.36711505214544854,0.8410808851590268
train:3502,0.6661144636673337,-0.2116577777146746
train:3503,0.4774560050450351,-0.15784184035603432
train:3504,-8.48211139784447,-6.679354616740573
train:3505,-0.043911913038159,-0.11758895152630394
train:3506,0.8348926286669505,0.36496309291021006
train:3507,-0.10362985381284784,-0.0693285114309253
train:3508,-2.640760332059054,-3.1603917742091494
train:3509,-3.6039384977909945,0.06295572189866715
train:3510,0.26440337869087516,-0.01293925838139319
train:3511,3.9211103916258714,5.311797189980668
train:3512,13.277101268129982,1.2551829890072743
train:3513,15.694696721387343,3.7591853560887523
train:3514,1.936014071204033,0.3022893458582847
train:3515,-7.4908657592682335,-7.371149411125336
train:3516,-1.3604218385565563,0.10537734036211187
train:3517,2.7820919795555112,0.03776296413805162
train:3518,1.0154131892145681,3.158569079881634
train:3519,0.6152112231338143,0.44262934980730745
train:3520,-3.874478976792003,-4.153775800771327
train:3521,3.8310132970367183,6.837268660733764
train:3522,4.594201129850641,4.533164189901888
train:3523,1.5229899410493157,0.09486152673493459
train:3524,3.5115784816144338,-0.010163934983532505
train:3525,-0.3641557993656348,-3.6127592164821207
train:3526,2.1041963295047683,-0.05651614408426814
train:3527,4.620333155386613,0.2243921211097873
train:3528,20.69443737751153,8.48783882513806
train:3529,0.22666052897088343,-0.573132415747241
train:3530,-0.5101442234075974,0.10038164411731462
train:3531,-2.647696885948121,0.0635939863626349
train:3532,2.1826556347540333,0.4178390381917194
train:3533,-5.582134876496605,-11.688449564813597
train:3534,-0.5387110165519506,0.2517551777730272
train:3535,3.4440386697426844,1.230314927250233
train:3536,3.387800047678941,0.4947336427674932
train:3537,0.619047249014424,0.5874306426068442
train:3538,6.4744010180469145,1.0423342017644983
train:3539,-9.704022558722148,-9.261236803951729
train:3540,-2.8630787438695884,-0.0006430378453384789
train:3541,2.5849315932543,-0.16917652703264724
train:3542,-28.406978423177932,-9.489462143940212
train:3543,-0.17257394591394898,-0.16170666435991243
train:3544,-1.2382176118240387,-0.0632667109529517
train:3545,-4.030687194908328,-0.39402622693476497
train:3546,17.065615473931356,14.527417884701853
train:3547,1.201713126531288,-0.9315684141918776
train:3548,-13.218125390905865,-9.456863578210555
train:3549,1.0037647067956281,-0.13204505672585257
train:3550,-1.177950255998518,0.0018706456269708266
train:3551,1.0831452440510048,-0.16536805404872162
train:3552,-0.7433326149904743,-0.015391312383779818
train:3553,-1.9872030597625123,0.10545352123465518
train:3554,0.9184341684228063,0.2564699748829222
train:3555,4.4362062376997535,-0.00913963036768796
train:3556,-0.17720579258005537,-0.028167158563075376
train:3557,-5.621001894266447,-0.5241105949088591
train:3558,-16.78635565941537,-11.047071671328267
train:3559,-8.54796960680625,-3.710565185249414
train:3560,-1.0112656099105952,-3.377561472065393
train:3561,-1.639554206575454,-9.575082596960016
train:3562,0.28687058384018205,-0.20712558644158746
train:3563,0.16441576712467437,0.0640446518614445
train:3564,-23.331992894350662,-10.987577548409758
train:3565,-2.116495403156741,-0.12215695066270257
train:3566,-0.853114505822259,-1.35015292069052
train:3567,-1.909582928760551,0.8558519854270692
train:3568,-1.864329818214554,0.14665909895360701
train:3569,0.15534141102914545,0.013371104164810924
train:3570,-0.9093889264550007,-1.7419895239386693
train:3571,-2.77004151745775,0.10747103040976291
train:3572,-1.4101730160513957,-0.4462486430456359
train:3573,-2.1947492153216244,0.07046652822387375
train:3574,-2.0467830365716124,-2.389533788275708
train:3575,2.3933492748861336,0.01795308406059018
train:3576,-7.782358164379477,-8.235386315569958
train:3577,-0.6923965978450796,-0.1775798193852527
train:3578,-3.639590618098176,0.02357334933159458
train:3579,-0.8874355702457671,0.21075488895967426
train:3580,4.97575529589852,0.34297749281934403
train:3581,3.561510046703707,2.0653772680661557
train:3582,-9.26786023270764,-2.37785100922268
train:3583,2.556146754280592,0.3352551205128982
train:3584,1.3802403576687596,0.07867665783973077
train:3585,1.0492791004036663,0.3451776078312597
train:3586,-2.243051713063224,0.05694870317173593
train:3587,-4.823535769345222,-4.206917523141878
train:3588,0.44810303813215546,-0.22945157522512832
train:3589,0.4705622234721737,0.027022317074304567
train:3590,17.515093007947396,7.307535184194974
train:3591,10.816449899613469,4.649610790747833
train:3592,1.9010228296738836,9.863812038582974
train:3593,-5.37710298926404,-0.004031802726225844
train:3594,1.5211228364636256,6.87098112206795
train:3595,37.796196707466606,19.109142132309575
train:3596,23.06853896418511,5.61355847109495
train:3597,-9.672857347368277,-3.4885567180393795
train:3598,-6.437983353373162,-1.5551818982936159
train:3599,4.760841608872917,1.6552919219844433
train:3600,-8.610611523555926,-0.8142376016455155
train:3601,0.05999994231082642,0.12037084883295388
train:3602,-1.1214921933559787,0.11770694352770802
train:3603,-1.290693432352851,-1.0724419695703236
train:3604,6.063749124233951,3.566178975588119
train:3605,-0.29733068035353477,-0.10708883058822732
train:3606,2.5048771595604378,-0.13419324320292597
train:3607,0.6311134588910937,0.41745791983778785
train:3608,1.7348414556761025,4.257580882102125
train:3609,0.9020428405280404,-0.18454195223517544
train:3610,-3.769392974871513,0.0982836742453634
train:3611,-1.5890356844295486,-0.35772618382868643
train:3612,-3.8395865300139596,-0.05919816731238478
train:3613,-1.3790522042214128,-0.25019217442707026
train:3614,6.535179549542745,2.7051904577873387
train:3615,2.9179098906700447,1.3934564084625471
train:3616,0.8120480275645973,-0.18579850864971004
train:3617,-0.6471276801387457,0.17682900705371898
train:3618,0.6509377300778754,-0.028455618720907933
train:3619,16.50300702321624,6.803448347827213
train:3620,-2.3813643660121233,-2.9909686522106416
train:3621,0.08191401307745783,-0.17510793553027515
train:3622,11.641420948437585,18.829547487854057
train:3623,1.933449359439352,3.013234235652674
train:3624,-6.474735930989687,-3.9675712023701695
train:3625,10.312230309684416,9.411316486902617
train:3626,17.53027532053462,4.611585978448779
train:3627,0.7629402944787708,0.1674539092633513
train:3628,0.9985269577263095,1.6759002746155094
train:3629,-1.25231039263921,0.12615403274898535
train:3630,0.5265330536431486,-0.05961530752084293
train:3631,-0.7760301910640746,-0.11179749328329208
train:3632,-1.0860767155373723,-0.07336638299734088
train:3633,21.600421982728783,10.818144380335674
train:3634,0.37219821648500073,0.08079631215480296
train:3635,9.015595912394776,4.5315147456165965
train:3636,-30.27491985853285,-18.880274307851696
train:3637,0.4545951318658645,-0.07364828075791316
train:3638,-1.247418076514903,0.04783681457582969
train:3639,23.637989125827268,9.24786771430555
train:3640,0.5825861740311721,0.11468938207445681
train:3641,-2.6466615169460463,-0.0655708256953619
train:3642,-1.7323422377537439,0.1207048177891784
train:3643,-4.381854884707174,-0.328281277965026
train:3644,4.696775188026987,0.1285993816933017
train:3645,0.6257797045685517,3.931722763569695
train:3646,-1.0365240573797072,-1.1090229118113044
train:3647,3.164121755162942,0.04454819758356668
train:3648,0.7444231359769163,-0.03564001711282033
train:3649,8.31651029899578,4.975951388139704
train:3650,10.110049290310279,10.699233741979302
train:3651,3.2659891402889265,-0.05403741251041036
train:3652,0.14598264227667035,0.04822613592633662
train:3653,-0.2775187294534864,0.02304792956834173
train:3654,-4.44355720524976,-0.07264366333384947
train:3655,2.6545886347782486,0.06540720525781374
train:3656,-0.1893265139140638,-0.047093112261738374
train:3657,-0.741027791538393,-0.03611051246422081
train:3658,5.288328873901579,0.2734086634981988
train:3659,-14.022643833919803,-7.959903155658818
train:3660,11.646921840234867,8.004834973916257
train:3661,-1.3224244470634905,0.04221055755080503
train:3662,4.724519543917334,0.4881328697493162
train:3663,-1.1075558569364956,0.26295818852200437
train:3664,0.5546962992824275,-0.03298481411698487
train:3665,-1.3717806780081445,0.18668686902514764
train:3666,6.670774765663118,13.77951459374165
train:3667,-15.103368228166127,-6.147421531546082
train:3668,7.082838610827363,11.619110644899305
train:3669,-0.9520673295319858,0.10749185888802382
train:3670,-1.282506253131237,0.14300070514180793
train:3671,-3.67237559847011,-2.7975479847177507
train:3672,-6.617330464723996,-0.30059081474282184
train:3673,3.726705100388106,2.420410806192145
train:3674,4.84289471851645,0.3577009443768443
train:3675,-0.007466296527883776,0.1711214333669908
train:3676,6.1492686511560954,5.387345219170793
train:3677,7.642029925410795,0.11064951325670114
train:3678,0.08446861290868796,0.07034897571642865
train:3679,0.6939699345965213,0.026628287917067422
train:3680,13.516562080409532,4.272117162676897
train:3681,-17.089088815192156,-8.943561994802874
train:3682,1.3524901903224058,-0.16984161172889617
train:3683,5.505731723763781,5.317810628444049
train:3684,0.5179400023340579,-0.11342553844708289
train:3685,1.1768066208379149,3.7541819561602146
train:3686,28.791262870638977,9.154457981059409
train:3687,-1.1344959073155776,-0.0541853517703868
train:3688,-3.1800271859541565,0.04637168805706598
train:3689,9.517788466468847,0.48027910683685465
train:3690,-3.511754393120875,-0.12330451421839247
train:3691,-3.634199446590292,-1.48697605035127
train:3692,0.3366613954649839,0.2739403603370919
train:3693,-1.8827986254024363,-1.4723730045174148
train:3694,-2.158556397147621,0.07579462415598545
train:3695,-0.8637452860653835,-0.7165884171084191
train:3696,20.46639956315788,17.603353858834655
train:3697,0.2781019103305822,-0.11502020098133223
train:3698,-1.0136324997128234,0.03355161702666849
train:3699,-0.639504444607979,0.10466403631208085
train:3700,-2.649356637783508,0.00395606134764151
train:3701,6.9591020193751145,6.908176219096007
train:3702,-0.8366476289994118,-0.07276820622098487
train:3703,1.571302202037006,-0.24038595566886384
train:3704,-10.66105220399947,-4.651670302019959
train:3705,0.2828596331337841,-0.1934528317497829
train:3706,0.521796019623329,-0.22192450556758103
train:3707,4.971417160218969,1.0505427621114454
train:3708,3.973098747224879,0.020516128173161632
train:3709,-0.9685058464495225,-0.016649580728034533
train:3710,-0.5020944270059714,-0.05979648674955079
train:3711,-1.5740888520396976,-1.9527734386174154
train:3712,-1.125551844063709,-2.3464276832458535
train:3713,-2.985897590189328,-3.1814376675445044
train:3714,-1.4626918413546544,-4.733098809798539
train:3715,-2.17213567771008,-0.028968341672070227
train:3716,-10.15094677142728,-4.853740209101906
train:3717,-0.2523243242295636,-0.08699305824751347
train:3718,9.377813272185678,10.457881324897288
train:3719,3.959080585504828,-0.14911499328633487
train:3720,-4.024004950334094,0.3455616507317964
train:3721,-0.2866088927093523,-0.06445521816111338
train:3722,0.7057123301445225,-0.2351306167498553
train:3723,-3.962014381573598,0.09372994118996537
train:3724,-0.14649631560619536,0.15210959786070405
train:3725,-0.03718933695924187,-0.1091719637359379
train:3726,-9.238825268667425,-5.837944012540184
train:3727,0.21122181494466302,-0.03341308186862352
train:3728,0.11256328336709302,0.019435615198174647
train:3729,10.913597917545893,20.720929670192064
train:3730,4.092919812078351,9.98558159957187
train:3731,0.054905968663102545,0.05402658180037886
train:3732,-0.8245377169735749,-0.13500883505373146
train:3733,7.436064485885384,1.5481630692832447
train:3734,3.322630380024783,-0.02464200994782209
train:3735,-11.352099411450611,-2.5126720370758027
train:3736,1.2304914566742688,-0.19769670552584745
train:3737,-16.023351468611246,-5.260804569870928
train:3738,2.1014021814569603,0.8028363752125638
train:3739,1.051079954390885,0.05138193570448385
train:3740,1.0278464506525933,0.006394134590647527
train:3741,12.05689449106982,8.985603505049585
train:3742,-8.446033878957632,-11.026224932483679
train:3743,5.950071000837331,-0.06985435917660818
train:3744,8.34715387405853,2.0303958388269647
train:3745,-7.620769002917839,-6.943981859653481
train:3746,1.094876714061714,-0.13679280848285902
train:3747,-1.6406160758169173,0.14163429990356852
train:3748,-0.9134406735825628,0.03625675130600613
train:3749,6.671321507444187,3.376380751382906
train:3750,8.076636640881548,0.4537059630786191
train:3751,0.23357372080680577,0.7656439887398965
train:3752,-5.204346533940781,-0.5307911153198297
train:3753,1.1519384707541835,5.390541391958172
train:3754,-12.061765594112837,-2.415169935833823
train:3755,3.666230624270523,6.6745240618948865
train:3756,8.621738196606932,3.0375496294317514
train:3757,-7.859085190822396,-3.2576881585631003
train:3758,-13.080827185717418,-4.183743415842851
train:3759,-0.36206204799570074,0.03716293277116553
train:3760,3.963895260576891,0.08514461364379204
train:3761,-0.6072057668746481,0.03176008257461058
train:3762,-1.0524739470762379,-0.012498151156854001
train:3763,3.585726616340017,1.9231882373586429
train:3764,-0.8349058194052167,-5.662583632950839
train:3765,0.06814609265303609,-0.0027489967226500545
train:3766,-0.8758728649174793,0.20359588419194297
train:3767,3.5772009779205987,0.33663621981456826
train:3768,6.317613049079405,5.48776701655036
train:3769,-4.009065324149691,-10.402670509957284
train:3770,-4.973143568187881,-2.085886959235574
train:3771,0.2836074512926692,3.42546177645744
train:3772,-0.9616520476939842,0.14578772672608914
train:3773,0.6001046919329115,-0.06860550644581387
train:3774,-12.122790531343332,-16.679280505346384
train:3775,8.341798036203164,6.100712039958214
train:3776,-1.4189778368173545,-0.4052870153117946
train:3777,3.188601932443696,-0.16933259795879402
train:3778,4.021784336146411,1.4763392005383313
train:3779,0.04547699752207186,-0.10293654505218677
train:3780,-0.3386807008166098,0.1603893459518441
train:3781,-15.412442844736939,-4.9764250818478
train:3782,-1.115472222308218,0.16431908062427497
train:3783,0.5492372499683906,-0.2400889358624309
train:3784,-0.30170868262128786,-0.014236330465969588
train:3785,1.0224708538468061,-0.007492325994546328
train:3786,-30.26355729974942,-13.888985711440409
train:3787,2.8263636514111714,0.014521235615080938
train:3788,2.46521513460894,2.9269652465905827
train:3789,-34.62015016357547,-16.629471339497577
train:3790,0.17911770475842162,-0.05700119083828925
train:3791,0.5458022145522127,0.1376827381272067
train:3792,1.0865049629973416,1.3522020407465731
train:3793,2.1864856167203963,3.7671124466575567
train:3794,23.18798716602122,9.286525369957792
train:3795,-1.0960017525630974,-8.236485945093486
train:3796,-5.162265548541239,-12.089638012140082
train:3797,0.18331915499270465,-0.10365812342919814
train:3798,11.691598454345042,5.542397547134136
train:3799,2.1538628922001566,5.166949104435449
train:3800,23.921510072963848,6.75325171521843
train:3801,-0.12449019137642486,-0.1943590132149423
train:3802,-2.61118095082017,-0.03872548511163451
train:3803,0.5521783116240369,-0.0620685028097096
train:3804,-3.912840630347541,0.09566442177364949
train:3805,0.965509519114125,0.14460050346521752
train:3806,4.347898606644046,2.0207785029812064
train:3807,-2.70367143545094,-0.35366976635697
train:3808,-8.920850290993911,-4.034114481232704
train:3809,2.430259459189549,0.2641622457584567
train:3810,-0.8729380796343199,-0.07133574902771259
train:3811,-2.0440679243254896,-9.629873478294238
train:3812,-0.47877770321767,-0.009224941532071665
train:3813,17.294246521714125,22.885781212447164
train:3814,-4.947740996609814,-0.9294299286498846
train:3815,5.993099486024133,4.869925303499853
train:3816,0.7704556693860614,0.704236356376776
train:3817,-3.1014437480045984,-0.7983073822961728
train:3818,-2.169407082886022,-6.841030400790884
train:3819,-21.003570281719217,-12.13352504244391
train:3820,-0.9073179559926113,0.0006888434768794333
train:3821,-2.3407116040406786,0.10150723790826358
train:3822,-0.5846252383332192,-0.12335102164245451
train:3823,0.1588027142264717,-0.05158821172422387
train:3824,-0.7319991134870734,0.012169472162128672
train:3825,3.7518259325789898,4.489497427888709
train:3826,0.37021860211102964,0.2118388257941014
train:3827,0.8016701618868651,-0.1274237024465116
train:3828,1.708149903155848,-0.010692065302175466
train:3829,7.349085121214467,-0.09122751641011759
train:3830,8.580134680432863,11.922889149867075
train:3831,-0.21462099241041438,0.028442077455486298
train:3832,2.789903971177361,0.2190203709698137
train:3833,20.29560412554937,6.402662774628185
train:3834,-11.832362784972434,-9.335443250884556
train:3835,-1.6381594571339524,0.012184451547179329
train:3836,0.23655743854953787,-0.11050841020407604
train:3837,-3.480285591305237,-10.589923665311987
train:3838,-0.28938839588802456,0.10379466133590304
train:3839,2.492883244196486,-0.0024605365648175115
train:3840,-11.87148457697359,-4.804607255492529
train:3841,14.931876637509497,6.696197662794269
train:3842,-2.850388383617847,0.21871764473098051
train:3843,0.6937709503428671,0.0752853250642633
train:3844,3.249774713114991,3.5856867000699872
train:3845,0.23558692539649306,0.15052492158315514
train:3846,-0.622391333877236,0.46462493615487394
train:3847,21.06436956137986,20.0635532228294
train:3848,2.143577544902044,5.7571157616312325
train:3849,4.152452367406441,-0.05753902209201264
train:3850,-1.2007971816832739,0.15438161392086286
train:3851,2.1544793714533004,-0.0967516282951778
train:3852,-7.80393958740431,-4.705651440596586
train:3853,18.339071925002123,7.172208851752809
train:3854,2.737773816051801,0.021947301419143875
train:3855,0.8856577890057612,-0.0508025786435197
train:3856,-0.003572039858091458,-0.19603299515955513
train:3857,0.5728371078933168,-0.3195230455171251
train:3858,-0.32265735431616,0.07415516612739416
train:3859,-0.6250264804887129,-0.11137864114511387
train:3860,-0.06417808733965638,-0.052126613621187284
train:3861,0.9290079963970695,-0.07634913521295059
train:3862,0.42754396644794274,-0.20267927697612415
train:3863,-5.066031556409479,-13.151455573297376
train:3864,-0.06643490816512593,-0.12534342251500113
train:3865,-1.5498413654574343,-0.8942844394791865
train:3866,9.303315055350277,10.568798392747391
train:3867,-2.4659084981581785,-0.7876153825686378
train:3868,-1.0684956663690057,-2.59217547988416
train:3869,0.042246757815554384,0.11245759636271976
train:3870,6.091798465335507,0.034565935385812596
train:3871,-4.638889539949643,-0.6344998177619396
train:3872,-0.9285653365262049,-0.07832042228561631
train:3873,16.53931514067741,8.480572824762824
train:3874,-0.9682743180422334,0.06359255975453484
train:3875,-6.261933429702037,-0.05119974633857696
train:3876,0.1365917942870407,2.7135295527754413
train:3877,-0.5490354168344254,0.011226912190417687
train:3878,9.86367702963161,4.046797538066619
train:3879,1.5815075837004722,0.6257516900778757
train:3880,-16.791436266714282,-1.9284042617129655
train:3881,7.011688722484527,3.6416867744298225
train:3882,6.360499734739655,5.401168481017154
train:3883,-8.602630767251654,-3.8309372409434883
train:3884,1.8203342499006192,0.1124931189044113
train:3885,-1.482995441432832,-4.336530575464915
train:3886,-1.2462534607312494,-9.574981022463291
train:3887,-7.885074951915335,-3.1778740005105495
train:3888,-0.009280633093036977,0.1221168744866198
train:3889,-0.04110625830745859,0.07601061262233484
train:3890,12.570787133292166,1.9004112977546723
train:3891,0.6627117399465506,-0.10190539271746193
train:3892,-2.5822436192408578,-0.05579513635049679
train:3893,-2.1365500404596105,-10.997682498904119
train:3894,21.615232362131604,9.16580179802786
train:3895,-4.866701404893772,-3.386874940385838
train:3896,9.853433059900262,3.7033536214847245
train:3897,-0.19062828005946525,0.10876653322542926
train:3898,0.33384260684370937,-0.03329567202198841
train:3899,20.099312668150215,6.361639802746041
train:3900,-10.012142236842012,-11.178366409279656
train:3901,2.1040178015762563,4.078901070785555
train:3902,0.6532704485187867,-0.10242296613616445
train:3903,-2.9313438254509188,-0.3712929415386564
train:3904,8.708490682035364,2.5302606285225915
train:3905,0.9906154739776325,6.477273236974949
train:3906,0.3035721272565619,-0.0835214074360125
train:3907,3.318784590898083,0.07688169952823272
train:3908,-0.7473643707093747,-0.49831755612494016
train:3909,-0.7002941340993416,0.1246468212912698
train:3910,1.0183323997956308,-0.2766463390697606
train:3911,2.4036662365049204,1.2937389275019808
train:3912,4.626390087294574,-0.18653007328342186
train:3913,-1.2625306516300525,0.08320385598446764
train:3914,0.2381895278543349,-0.09080466976925922
train:3915,-7.921026013519478,-3.947487984180736
train:3916,3.086191524868487,-0.020061456660142904
train:3917,6.888731331053598,0.09933080459080892
train:3918,8.23591795693398,15.139221621629659
train:3919,0.9277736431413407,1.0112418488668864
train:3920,-3.116545630040696,-2.3415301376383404
train:3921,1.112842481617695,-0.1067221923065114
train:3922,2.0103079572462534,1.3676056990461831
train:3923,13.501116625094344,5.204097979361064
train:3924,-10.179652574599304,-9.531923707430458
train:3925,5.0369499276443985,0.08338303796183544
train:3926,1.4049611292281727,1.9470545349078208
train:3927,0.7817559293611066,-0.11886861899205958
train:3928,-3.7855627700633208,-2.752801851016065
train:3929,-19.60910350943786,-8.262384017898773
train:3930,3.853534316268643,-0.28767088114542005
train:3931,0.16682903234583235,-0.23436766673794213
train:3932,-12.85549611511324,-1.4438705159646554
train:3933,0.45911040072448533,0.003149457127866434
train:3934,1.3836144890259923,2.13445149235901
train:3935,-0.6187691695776566,-0.06836783353634354
train:3936,7.015118411361179,2.8262247449614617
train:3937,-4.435069225065262,-1.741221580798406
train:3938,-3.174045570516037,-0.0012521995040649658
train:3939,-1.8155786760692716,-0.25344170235739155
train:3940,-1.0311989040120544,0.018144392206808496
train:3941,-5.310494870019213,0.022644912780074203
train:3942,-24.1847947735305,-6.991849697199722
train:3943,-0.8061421341313714,0.10215120880463158
train:3944,0.936347632874731,-0.2563053327966461
train:3945,-3.1113990046015556,-0.8045831739891558
train:3946,-0.6728036226073469,0.15273416688691122
train:3947,-5.901558069006877,-1.1408697977330393
train:3948,-4.476855918332647,-0.052473707371932354
train:3949,-0.45556070401443594,0.04597694559577881
train:3950,-0.14069090351418556,-3.802581693025035
train:3951,0.5224130800220732,0.8861294597779257
train:3952,0.8376295919876569,-0.1178848300462568
train:3953,1.604816171450365,-0.03172854302407026
train:3954,-18.995171998607333,-10.494159458057503
train:3955,-1.7527134831798343,-8.770867660430923
train:3956,11.29523297906138,0.36867327259604143
train:3957,1.6020278348585633,-0.16050760025181027
train:3958,1.5456485755594684,-0.24052005683026967
train:3959,-6.434008317464882,-5.01802725661857
train:3960,2.015965060980984,0.18526397010614576
train:3961,-0.42035071928021095,-0.09222385950720091
train:3962,3.3959198140108824,9.437404583906831
train:3963,11.601782169310113,4.848074803196063
train:3964,-0.7811631014670404,-0.014227200174129193
train:3965,0.1932374507294621,-0.2035552143495622
train:3966,3.7486607811797423,-0.02836174790792384
train:3967,4.794876284744436,1.9767017338000699
train:3968,-1.0374524955912667,-0.5642076981340629
train:3969,-4.878717636248788,-0.2021910916842829
train:3970,0.07414316656413218,0.0010456381627049482
train:3971,0.745528242451066,-0.036657474009784585
train:3972,0.1911585766869041,0.1390123368764645
train:3973,-0.30542847938177237,-0.1214972870772339
train:3974,-4.972263481290294,-3.3334701514816354
train:3975,7.259583584636836,-0.07678139746726939
train:3976,0.5929077848147637,1.9116474058115709
train:3977,9.151690913731688,0.07834482879565635
train:3978,-14.595582728831635,-7.914556419947006
train:3979,-10.516336721281117,-11.062059045384277
train:3980,-1.3343137562193301,0.029142256710996753
train:3981,-2.748779956971501,0.2160470343676644
train:3982,-6.778310585596178,-6.768987262380992
train:3983,2.434548313722166,2.0867071990742336
train:3984,2.284111103878294,-0.8996081129261879
train:3985,-0.9257446882390085,-1.0752987522906978
train:3986,-0.40944261635646795,0.055406967797998884
train:3987,-31.559642165759104,-8.254715143396078
train:3988,-2.721391262188736,-11.324435100715288
train:3989,-9.130327709613022,-0.4532002189956182
train:3990,2.3464350177553084,0.05435441634177311
train:3991,-3.0817605789696487,-0.2848855714908589
train:3992,0.18312853923569944,-0.06855272194611156
train:3993,18.14640495648495,10.45929766141903
train:3994,10.277918543590518,2.1645457902298184
train:3995,-1.0947576360612779,-0.32241121361570074
train:3996,-0.6358385781592325,0.0548440282417144
train:3997,6.30687905737761,14.02117287560032
train:3998,8.37697175745191,4.33106575065794
train:3999,1.574458984939604,0.5529970308780768
train:4000,6.562569639074951,0.7930146064260666
train:4001,-2.9426705856653523,-1.158478564172915
train:4002,-4.74683477822521,-3.425859574614613
train:4003,-4.170619616875291,-6.525450422976161
train:4004,1.27990045563946,4.307236830240984
train:4005,1.3838188198191723,0.07416358311518452
train:4006,3.9705510049117363,0.1757690372353729
train:4007,1.5556089462377112,2.5169252666464517
train:4008,4.136137983189197,-0.05862010571023965
train:4009,0.25817628735105147,0.0949031836914564
train:4010,4.377689524881557,0.024906086618672538
train:4011,7.022164685539645,3.681042612086234
train:4012,6.7553221522245375,0.5949293227632002
train:4013,-1.4373015900633206,0.14467297515670066
train:4014,-1.7505941614034728,-0.2602523294270877
train:4015,0.19256959820522312,0.392534149034439
train:4016,-0.9790971087918044,-0.10246462309268625
train:4017,-2.8622400345387655,-9.343276470640376
train:4018,-1.5063272750067496,-0.4846990125409379
train:4019,-0.5534583997716669,-0.08953384727372393
train:4020,0.29695218149071534,1.2781192807360218
train:4021,-0.2360585237845328,-0.23026217394758358
train:4022,-0.36960764247422395,2.5913126074863664
train:4023,5.0963081392923,-0.06274528569237903
train:4024,0.5567314711758184,0.13989683389850296
train:4025,32.80032322662722,11.545662012189231
train:4026,4.112609489944028,6.484558639220346
train:4027,22.745435027898715,7.233448001699312
train:4028,3.498606846891989,-0.09329181833090736
train:4029,8.468992676437374,5.204030643458742
train:4030,0.8724058096455749,-0.5346175635658161
train:4031,-1.5256522258934737,-0.14782705149359884
train:4032,-5.985028708999457,-0.3714792565565245
train:4033,-0.0015252450526880013,-0.023888618210179333
train:4034,0.5470907305779198,0.8340592627513315
train:4035,-3.1596368789523654,-1.5683805911137698
train:4036,1.597862415651519,0.3357490122371397
train:4037,-11.52206915738975,-1.3885255400443688
train:4038,14.919205803749936,12.330647983459206
train:4039,0.2848401773407162,-0.04491154315512352
train:4040,0.34927062779087825,-0.08827229773083908
train:4041,2.0583263910182676,0.7424797250367592
train:4042,2.0552867670687553,0.1958103131466644
train:4043,1.2918134755358048,-0.7709324847857024
train:4044,0.6606691293894716,0.11056277548421736
train:4045,-2.1209948648550245,-1.3243641260656986
train:4046,0.23375445708860032,0.28555637413103707
train:4047,-4.798813370578127,-4.014972824389312
train:4048,0.058474086421823765,-0.011970734142261075
train:4049,0.8867266319944319,0.07385643439124116
train:4050,-0.584945565788284,-1.9708843711085127
train:4051,0.17404011941663539,-0.07440638030228611
train:4052,-2.21408509174564,0.08301040792609923
train:4053,-0.8398653159609557,0.12670912596071948
train:4054,0.6100430953074506,2.2184088056557605
train:4055,-0.2081909650268522,-0.25412618892380134
train:4056,-0.6350426411446156,-1.3475436544755066
train:4057,5.12572619451245,8.422446533690655
train:4058,-7.059543213815736,-2.348766464565095
train:4059,-5.633486296517328,0.019708953310146535
train:4060,1.8934860686084902,0.4373252208912768
train:4061,-2.706177800197318,-7.231110136163807
train:4062,-2.575035554127178,0.0021576791767033143
train:4063,-2.324500431282107,-4.546342684705898
train:4064,3.438162125429158,1.6311082041330016
train:4065,0.38427012158855667,-0.1610442902190536
train:4066,-2.5508278179039974,1.9248859009977166
train:4067,-2.8230317680722363,0.10314441336389477
train:4068,2.0674015607176375,0.11024663912924361
train:4069,4.327916961228615,0.013002753953374913
train:4070,-1.1181796634324126,0.075646256913579
train:4071,-2.5195677635881046,-0.06544071903663623
train:4072,0.13205862614392055,-0.000969588439442684
train:4073,5.176761006409951,2.0350950859085692
train:4074,12.16876269460785,2.043001775981543
train:4075,-1.1611407357295422,1.590457862286594
train:4076,-8.60273769804217,-4.083754451360843
train:4077,4.1145077439339115,1.5027387260907894
train:4078,0.5018266944946312,-0.18867027075513493
train:4079,6.846845610575866,2.662281795318533
train:4080,-5.442752450726075,-1.518094652837923
train:4081,1.2988490566352189,-0.03204496470066401
train:4082,8.420555817832911,0.465731413397282
train:4083,0.866912356511981,-0.3825012307376038
train:4084,0.995186997730394,0.0034868499435311145
train:4085,0.6419011484463871,0.014693712534378442
train:4086,14.662253903640996,6.019432470065279
train:4087,-4.584585435361262,-0.21841704689276847
train:4088,0.8823545574118051,-0.025713677952588693
train:4089,-7.437426399333583,-3.5959960006631517
train:4090,3.2175267112780346,-0.02266558708599614
train:4091,1.4720778671026666,0.014809125129673459
train:4092,10.595118970407517,7.94008180289768
train:4093,10.269227394904041,2.534617204338561
train:4094,6.873539255220283,3.465676717511709
train:4095,10.961177470160315,1.9048976949077474
train:4096,23.87744528894201,15.385515809170288
train:4097,0.6398810863386124,-0.2940115835069558
train:4098,-0.0488103893058324,-0.04338478716643712
train:4099,-3.574163851630301,-11.308538121334676
train:4100,2.8519912425658007,0.08761435758661944
train:4101,0.22163083002658873,-0.05115495084423502
train:4102,0.5850762667007328,0.11454044418881033
train:4103,-0.5393070394799523,-0.026313709319474785
train:4104,1.7588736859278944,0.302366240034878
train:4105,2.3498470398057014,0.009802158680885728
train:4106,0.2269938740874023,0.11752248310037
train:4107,-0.8038970524470345,0.009589451413166486
train:4108,-0.601948956229629,-0.2346435727444941
train:4109,-2.0420687834593374,-2.1488153558333605
train:4110,1.1181848368951262,-0.1053015759604696
train:4111,-0.1654023767439885,0.10943860830136848
train:4112,14.006644489999525,5.033618882046891
train:4113,-0.8448215581013313,0.2081667365445417
train:4114,11.289283907776895,10.448704240311208
train:4115,2.0848280251562374,2.8506839408370253
train:4116,-3.9368186978293536,-3.2032890238131544
train:4117,2.575824809234256,-0.1904007463805102
train:4118,7.608883240017031,5.657548217181983
train:4119,1.9104006600020593,2.5353604671586933
train:4120,2.145266586475702,0.04249759110053751
train:4121,7.4870941837016005,7.681473134237314
train:4122,-4.81391990177903,-0.2308137006390676
train:4123,-5.78051520364265,-12.500885758501726
train:4124,-1.4026708912637993,0.055916266889721025
train:4125,-4.13128907737439,-5.227472727577838
train:4126,-28.342838545528085,-10.34712866211919
train:4127,0.04173813918588683,0.06664407448056753
train:4128,2.6587835761818046,8.199437443559239
train:4129,-4.955049483683282,-0.06090096674061882
train:4130,-7.010957581937512,-2.5978371167900662
train:4131,-0.28378754704743503,-1.9944443758986075
train:4132,-2.07263192797096,-0.22241497343238237
train:4133,-14.825958143249244,-3.5055002571221965
train:4134,-1.6906422514099724,0.22993991468930852
train:4135,-9.365166322243436,-2.307994861030182
train:4136,1.9931032579688521,0.36086587444683194
train:4137,-13.557409350546639,-0.8430254118182874
train:4138,-6.022699496664972,-1.6867662376893178
train:4139,-3.0935722470732445,0.008191375475105692
train:4140,-0.21411214132250656,-0.2577152495819374
train:4141,-5.011269974004286,-12.10958199337895
train:4142,0.0025568378752265364,-0.022304512575870447
train:4143,0.27578964821481294,0.19053100721157482
train:4144,2.8805036404819355,3.21781440234749
train:4145,2.914293770284712,8.671539155680367
train:4146,6.587640260285941,5.883778588403341
train:4147,-2.586472964463971,0.11075279968314562
train:4148,4.303052298018487,-0.11228624921837335
train:4149,0.28044741397470724,0.2277768914879945
train:4150,0.24264737952761395,0.0646148671190393
train:4151,-1.7782706394876677,-0.25454332913225947
train:4152,-2.1630098321143354,-3.2360990128632414
train:4153,-0.9482385098568239,-4.831322489417531
train:4154,3.9540618120978253,8.07111062109922
train:4155,-5.683504336071974,-14.749740550834398
train:4156,0.06328701805708509,-0.08539069202952379
train:4157,-0.9637127899938026,0.009371465695477005
train:4158,6.958515294776723,6.684870394479777
train:4159,6.521825288556848,0.06150001099336384
train:4160,13.87418792503901,7.128128944033852
train:4161,-0.3594793207174004,-0.07401092453694894
train:4162,2.4335259623815455,-0.1687277161243677
train:4163,-11.987017252210926,-6.857447806806398
train:4164,-3.5300070141453244,0.11215686737522668
train:4165,-0.6851067074308317,0.04455133612138682
train:4166,7.101250233288143,0.5551081255445487
train:4167,-2.5168549759243843,0.15323604761651302
train:4168,9.535279554298237,0.9395545065171489
train:4169,-1.665911716604469,-0.0725617760289059
train:4170,-3.042579277658988,-3.2725462819252464
train:4171,4.830078830814974,6.295969608040745
train:4172,0.7637478544054002,0.1844455250391402
train:4173,2.760784857254173,-0.8175972637211617
train:4174,-0.21391152986117062,-0.04855995071022218
train:4175,-5.881548528602616,-2.7406337398873957
train:4176,-0.061241558619695075,-0.032066506482974946
train:4177,-3.106302590142309,-2.887931596862041
train:4178,5.269397009899118,6.296423840059805
train:4179,-0.9073672371395444,0.04616197666635686
train:4180,6.563130328350435,0.18982768941824424
train:4181,6.7433933251678555,2.115302559814307
train:4182,-6.6224380371787746,-10.530283457724034
train:4183,4.105499522207734,1.5234851743859417
train:4184,0.8427153133678519,0.1765899075361486
train:4185,1.097907737056337,0.7179820107424939
train:4186,4.210811938454227,8.218193916215615
train:4187,0.6632538325628142,-0.0007334847988824111
train:4188,-0.17472836888458831,1.1152467151505692
train:4189,-1.446988589851029,-0.22321216203869704
train:4190,0.5948381180418019,0.03136320020117333
train:4191,18.986655950357193,8.631523939760108
train:4192,6.688061755157569,2.722864420217387
train:4193,-6.253093972658281,-5.22362259763739
train:4194,1.4131404048696181,-0.06892506666022777
train:4195,1.6550029756874332,-0.017125782511835247
train:4196,2.807387620343063,0.018087755865236033
train:4197,21.279981088042693,4.482279076224016
train:4198,-0.9937173373541038,0.12501345957298576
train:4199,-1.4344953541870198,0.09974509158306695
train:4200,-7.304111598550064,-3.7856843760446606
train:4201,-16.720473274796607,-4.311478481262966
train:4202,-0.9250789278389316,0.2409564677596076
train:4203,-0.6041517305142403,0.5466497661192808
train:4204,2.1825612567084915,0.2144600755171554
train:4205,-0.3612003252990931,-0.5707866440483089
train:4206,-4.07313964857579,-2.051944813997278
train:4207,8.470299091747581,3.0614641463347114
train:4208,-7.492419510146066,-5.274685466684531
train:4209,-0.35076632095634047,-0.004277179319436511
train:4210,3.3806156933057667,0.1522736577922112
train:4211,-0.4186526118351829,0.028637665426004807
train:4212,-44.19834089818758,-17.048002776174897
train:4213,8.226711680787108,5.16651427428655
train:4214,-4.20858330192352,0.07502482642519198
train:4215,3.4492740942296005,0.047446209278032704
train:4216,36.540129992432476,15.316939328443546
train:4217,0.03520164592829002,-0.0011432066452202322
train:4218,24.34764508032692,7.996578907519577
train:4219,0.1429713782324686,-2.345544898153535
train:4220,6.398873941040166,0.44131301851338023
train:4221,0.08288743195850574,0.03781917249719407
train:4222,-0.9037480947970883,0.04615669821638663
train:4223,0.10025252742167999,-0.040821029749815635
train:4224,-0.3295276576067562,-0.3248117670656751
train:4225,0.8672101355177416,0.5029490508333205
train:4226,-19.509131588802873,-9.548814747335193
train:4227,4.939725663409172,9.27731804127999
train:4228,3.9190173376306583,-0.07691236009085509
train:4229,-0.2026108049696449,-0.24959242838180418
train:4230,-1.0673956739761414,2.436486682228504
train:4231,11.805932574895648,1.368061357673343
train:4232,-7.379280224950347,-4.845439632532504
train:4233,0.23633102422353414,-0.11051982306887653
train:4234,-1.6510018450748176,0.07879249841745581
train:4235,-5.917195534828512,-13.974651815919414
train:4236,1.23443092647179,2.28370052123211
train:4237,0.5231210315927555,-0.2999685282895748
train:4238,-6.203091740263971,-0.6425835499001311
train:4239,-4.64513848236405,0.049396953194057534
train:4240,2.5657593674314203,1.153646012075889
train:4241,-7.013951644071935,-1.8259144532315488
train:4242,-2.115367980691527,-1.4314105208187136
train:4243,14.803399757622065,6.016463413287431
train:4244,2.170175881667958,4.564635164589257
train:4245,0.14881003185283415,0.07677983970988829
train:4246,-9.887040650603014,0.036892162553773755
train:4247,-9.656087809916624,-6.127063833958197
train:4248,0.7114631145500735,5.9656082583796595
train:4249,-1.8713863205555907,0.027112478706228474
train:4250,3.716818651430263,0.05754573866161189
train:4251,3.7636310918518587,4.319405512012893
train:4252,2.992668925651006,1.3600747775467656
train:4253,0.40889244708322364,0.2327218004844295
train:4254,-5.049548407509814,-5.377831514891976
train:4255,-38.46059089108394,-13.607470281838966
train:4256,5.369017453674843,0.7914237957336874
train:4257,2.798577917954059,5.83938939204829
train:4258,11.881559608945704,17.664978763611416
train:4259,-5.887220509664723,0.12570564982313587
train:4260,6.165033504093387,9.622045334508702
train:4261,4.585111082823896,9.932648732627168
train:4262,-0.34063009561934837,-0.9258805276969304
train:4263,-0.37857634629955905,-0.11093040088007439
train:4264,20.431858128322613,10.271739782574153
train:4265,-3.1883119976366756,-0.10954915891759431
train:4266,-0.005469480244134128,-0.22547847166645557
train:4267,-0.3399207492992247,-0.06584744500596393
train:4268,2.433968562870982,6.764803246326252
train:4269,0.2407454062058864,0.03280122116603586
train:4270,8.280587132380468,7.8906498322305305
train:4271,7.907285233861473,12.631122464067232
train:4272,2.1902932826956953,1.5530278029044562
train:4273,-21.979820504133393,-9.470652030819274
train:4274,-2.62868133697917,-1.5132493210868723
train:4275,11.368024022580382,12.807135088879926
train:4276,2.111779582218212,2.225014857123908
train:4277,-10.006880312115706,-2.502879513755357
train:4278,-4.62743399787011,-1.7257163480020716
train:4279,-3.5508896676999653,-9.804130804500616
train:4280,-0.463984060808144,-0.0364160919192541
train:4281,1.7625032888911618,0.05981946665149076
train:4282,2.7806958353645683,-0.08545203617782646
train:4283,-0.09391960820111434,0.04195761993466403
train:4284,0.5693995154364961,0.08044122939869751
train:4285,1.9747864784700933,0.1661177481168332
train:4286,0.07091071850433232,0.10511227657712034
train:4287,3.3888488992589503,6.602043240119895
train:4288,-1.1446808326539024,0.11385638560483058
train:4289,-0.8836774178756414,-0.09009593086514839
train:4290,-6.633493751085076,0.008914380460217128
train:4291,0.608445758509571,-0.5453590665944232
train:4292,-0.44818596634249674,-0.153349308788129
train:4293,-3.5305997826579625,-0.045593461826953174
train:4294,-7.723371420999495,-12.14502921016281
train:4295,-35.44681629788749,-11.848915585195055
train:4296,1.9301547288002854,0.11369888807058373
train:4297,0.7829874931179525,0.7755764623149584
train:4298,-0.8368477755442673,0.0683842510410232
train:4299,8.517510430509446,7.992860596167575
train:4300,-0.4513113673826613,0.3230529134506376
train:4301,-3.368239789671655,-8.011584601978146
train:4302,14.310253548425573,0.9323917925683576
train:4303,9.888310164434449,3.2626826537025413
train:4304,5.499565536482903,2.3504442385327025
train:4305,1.4643730387295721,3.639836463724042
train:4306,0.15067783381324493,0.06352379724411185
train:4307,-1.8416688591219987,0.04804766725301886
train:4308,0.4977026528543515,0.4815012819961778
train:4309,-0.49577319007884635,-0.13284081872406717
train:4310,0.5140477215593076,-0.1940574282625892
train:4311,1.6156980065929596,0.004299017934896426
train:4312,-0.2590233057970953,-0.03057612900084014
train:4313,-0.9193160556048877,-2.1540694108050786
train:4314,-0.9600834194887754,0.23475100784595776
train:4315,-5.18707767618907,-4.570670347314636
train:4316,35.94251147106976,14.212382871181354
train:4317,-6.1217429790883955,-4.667732767940177
train:4318,-4.79028912690815,0.07543511891476981
train:4319,-0.968798743832238,0.14551667118707734
train:4320,-0.7140170738542749,0.045107142637170985
train:4321,1.336062831400401,-0.05526244088593363
train:4322,1.0441789666125758,-0.24519391028769288
train:4323,5.679656514202539,12.340739238515805
train:4324,12.19397232584651,1.44940055978486
train:4325,-0.018385092530678326,0.1580210338449311
train:4326,0.4320564458076806,0.2977226306691761
train:4327,-0.7456799783005214,-0.5255329231846211
train:4328,36.516501077227524,16.009558702310148
train:4329,-0.05518764866885778,-0.1605124507193505
train:4330,1.081677037805584,0.011097946818172083
train:4331,1.050820763453006,-0.17041168432568093
train:4332,-8.040448180032682,-12.860989033832904
train:4333,-3.9374598176559643,-4.756993924831339
train:4334,0.013307101653839637,0.1720344625510305
train:4335,15.545616602750053,5.667287956002727
train:4336,-4.037325737333394,-0.10116469779190973
train:4337,1.4387303377893268,0.5255263366336873
train:4338,-0.621441044591093,0.07331532193888764
train:4339,-0.16596213618651112,-0.2990248270313838
train:4340,8.65460965144424,3.797495775329438
train:4341,5.011052684931079,5.016556078526909
train:4342,1.4846496736518806,-0.08974241737795302
train:4343,2.8747052021371333,0.2370310129114769
train:4344,-0.4706210922546491,-0.10075868512663205
train:4345,-0.7892410253157366,-0.09463411389225573
train:4346,-2.9321044288130174,0.017351340763984008
train:4347,0.3403944423451627,-0.005681817654757601
train:4348,-4.957499128619039,-5.680978888436279
train:4349,3.4642871772179227,0.11359289108874912
train:4350,19.098312151980117,5.776646026521082
train:4351,3.628638872406694,0.037560671109462825
train:4352,2.4145085537466726,8.02606917952082
train:4353,1.0123768196804195,-0.017589430144355406
train:4354,-2.672226344375808,-5.692866528412476
train:4355,2.432816034915821,-0.2388452189207968
train:4356,-1.7528315719658818,0.21089897637778054
train:4357,-0.11897442225176691,0.04742966062407199
train:4358,8.304786035190519,10.41766809577274
train:4359,10.13311286707495,9.322884474639212
train:4360,-2.2674347227995533,0.12471358655035272
train:4361,-1.1632579653817414,0.16833269985298951
train:4362,-2.4799796603570066,-5.8533839066855355
train:4363,5.170335860649434,1.3886949612677801
train:4364,13.12445245058837,19.696942331988975
train:4365,-9.31918143315713,-7.209069611661088
train:4366,-1.8682676608043933,-1.5623849852516392
train:4367,0.43198252408728105,-0.1211063964578169
train:4368,0.902087937426649,0.35844306591049657
train:4369,1.442201869149224,0.16451909107990367
train:4370,-0.6134407617946404,0.1751441828875457
train:4371,-3.591377384320832,-11.213384502347019
train:4372,-0.7726686124518157,0.08406010616612487
train:4373,2.543915731511585,-0.1530647004721666
train:4374,2.363279406760322,0.08161575584747859
train:4375,38.36769436128888,13.591314170608507
train:4376,-3.73444473811581,-5.147100480436543
train:4377,0.7195984555841115,-0.22388980088622645
train:4378,6.843510299744755,2.0470934306733306
train:4379,-0.40685791318312536,0.676831749752622
train:4380,3.108308066762376,-0.08102555656495394
train:4381,0.7059257268090723,0.12925077095179002
train:4382,-0.7051783141852396,-3.9157117153599548
train:4383,-4.295941573526045,-0.1451076511332606
train:4384,-1.2949502076483133,-4.019446096747866
train:4385,-0.08312726948101595,0.16770727486192233
train:4386,-0.6065820814160567,-0.046453849172100575
train:4387,-10.469672124300322,-11.1784896682195
train:4388,0.8240138154814789,4.273597411241521
train:4389,0.413846597099437,-0.0009800026785731358
train:4390,0.7953113829539395,3.3127040988366367
train:4391,-16.50986610912988,-9.38546926116457
train:4392,-0.3540103919281528,-0.36281147106216755
train:4393,-0.40424694222863455,0.05018986197607201
train:4394,3.9464748400525376,1.3426155196357763
train:4395,6.590545988289069,2.2418339959803992
train:4396,2.3106643437456,1.9891537399406514
train:4397,0.4662212982937405,0.017633951828606304
train:4398,-4.856694542567479,-7.197165423030931
train:4399,-2.151917389806074,0.015689057005791734
train:4400,12.80621154068801,1.8264408118015958
train:4401,-11.608132636594082,-8.008531090000773
train:4402,-0.08866488968025743,-0.11662855895334218
train:4403,10.933128129058758,2.1610951105573886
train:4404,-9.244315002469174,-3.0773175313263366
train:4405,-4.466896477487365,-6.315207763410578
train:4406,-3.84620043186556,-0.31054311817047464
train:4407,-0.34056419370823743,-0.21987618165751194
train:4408,-0.6897912058883547,-1.7844774796787668
train:4409,31.443849429132356,13.168668396170608
train:4410,7.034579350318449,13.571307418613237
train:4411,0.4473991545806777,0.08466798387756132
train:4412,1.5980269960856162,4.10501342012747
train:4413,-4.812011419626575,-1.7583234733803295
train:4414,-3.917636708760384,-8.40606114351546
train:4415,-14.932948443073863,-3.611524629832327
train:4416,-37.84033279678677,-12.430965983587965
train:4417,4.754761431140931,1.3445143350169588
train:4418,-27.73797848506509,-13.046734549747462
train:4419,0.13383902380599724,0.11634367682728874
train:4420,21.591614604922178,12.006293224542622
train:4421,-0.26020210153340434,-0.6685849091318619
train:4422,-2.4914849484999526,0.052717526207761926
train:4423,-2.2353499066472526,0.1484129709518233
train:4424,0.4470574409675098,0.4907427066075697
train:4425,1.7919297126079603,0.12624604897143935
train:4426,-2.3546298087174224,-5.357734030621542
train:4427,3.5737661749626612,-0.12846484103793687
train:4428,-1.859307325475707,0.14717039529666925
train:4429,-9.290346383203529,-0.12560591840541255
train:4430,-8.54315958089899,-8.300518964343151
train:4431,-3.5751727203929873,-10.286554882190554
train:4432,0.11738725676876624,0.14351856388213047
train:4433,0.87016258762716,0.06823160397431657
train:4434,-1.2806949385232071,-7.166452262566315
train:4435,-2.524321069684742,0.17931957947480728
train:4436,-2.942479040075386,0.11772976925730902
train:4437,-0.24645103433140075,-0.387819340413015
train:4438,2.0576615604511517,3.6421198926490015
train:4439,0.9562174658766016,0.06860195143709268
train:4440,-23.066895657503352,-7.780823894074231
train:4441,3.843677621965552,10.203212377166054
train:4442,-5.303467192499968,0.02800924455792747
train:4443,4.826303244076828,0.1505929707895281
train:4444,-0.999831686447406,4.668295932999205
train:4445,-1.4368394630817032,0.0818645563001294
train:4446,-2.6247806877077706,-0.35592009797400787
train:4447,1.4005797563159361,0.207919933343231
train:4448,1.7612807910056856,-0.05213560125221767
train:4449,0.9625252202257922,-0.06539535289905427
train:4450,-1.5775080802955386,-4.210314847671366
train:4451,-19.63416622706868,-14.75713494593864
train:4452,0.07679249312826429,0.01742324181222714
train:4453,-0.08505225616852827,1.4742077053760287
train:4454,2.549749503508905,0.06581578581767152
train:4455,7.818617757449859,12.543404326497098
train:4456,9.060677003842986,2.267767733988187
train:4457,-2.848448752061199,0.03688959465919364
train:4458,2.2704541822635917,2.3612493682825724
train:4459,-0.8790975256262309,0.09435707811075264
train:4460,2.5337080252657156,-0.1202672655733604
train:4461,-2.257487834699245,0.031955670545129086
train:4462,-0.8430967179586745,2.6888874657414497
train:4463,2.932525470067539,-0.04238102570723348
train:4464,-0.1681202784889944,0.10149382779212299
train:4465,-3.7965403780008984,0.09039196355744022
train:4466,4.418020099732015,12.941627711548415
train:4467,-1.3797802634298764,-3.6617897396299126
train:4468,-3.1082147916266076,-2.7190103555931353
train:4469,-2.7499710729945432,0.06447876870629338
train:4470,-0.5947827335991942,1.928273239270504
train:4471,-3.3652024903045454,-12.074253470389014
train:4472,2.2638770088139513,-0.07575652220818482
train:4473,3.2440427578269,-0.18215010109461138
train:4474,-12.62519508733251,-9.674680385500986
train:4475,8.587607747940428,14.169549248298612
train:4476,2.3827143103946846,-0.07586066459948937
train:4477,2.7236124600557554,2.9534342479575137
train:4478,1.4304769079692417,4.860690583946531
train:4479,2.871768789646292,0.006824114272006229
train:4480,1.4307305199093547,-0.38185868644933585
train:4481,-1.0948840933439739,-0.13210896876873535
train:4482,1.7673858417693777,0.5407943958333862
train:4483,0.6040834471730347,-0.05881840423614826
train:4484,13.518683029393575,4.086538274588427
train:4485,4.040915649319007,1.1142663500642065
train:4486,-2.6248136967778866,-1.4019299497525517
train:4487,-0.13999910779120084,-0.16117839138045942
train:4488,1.5614957187138088,7.9914020320460715
train:4489,-7.6940444894095235,0.04228017602608806
train:4490,2.934249380377235,4.402613856057111
train:4491,-3.30982535847917,-8.528504063527585
train:4492,-1.6314695414377902,0.25396199784301315
train:4493,8.840290784925413,1.3767359908865802
train:4494,10.457804028225771,7.985715001515985
train:4495,-0.18849617307988992,-1.062787684574774
train:4496,3.7950682793468222,0.409228031699745
train:4497,-5.926542680668975,-0.06167561493895252
train:4498,0.5560750091053517,-0.1173927929125454
train:4499,2.7785316491478382,0.053794615323308766
train:4500,-3.7302372439672804,0.13454063378682005
train:4501,2.463679515473847,-0.3487964730871581
train:4502,-4.287299705986502,-8.25220887828589
train:4503,21.038886559250663,6.876465003604588
train:4504,-6.243322822987602,-1.9989123698071918
train:4505,16.880290466474243,12.921801282816993
train:4506,-0.4419983929035155,0.003991441228523046
train:4507,-1.840865483443694,-0.3942690356333955
train:4508,-6.556710934664497,-0.5811024472198576
train:4509,-1.3715005658286432,0.11091885686599284
train:4510,0.27157169344547216,0.13814838301106694
train:4511,3.282660580363194,5.042290947365548
train:4512,-1.9580379191077548,0.0885128353680385
train:4513,1.3341390070040897,1.8295549546232213
train:4514,1.4784211875626156,0.021040263989124425
train:4515,-1.7687242769353109,0.8489235205283079
train:4516,8.862707197949224,13.977322366463852
train:4517,0.7922314274997438,-0.027979131615487207
train:4518,3.7671286585346637,3.497012449751191
train:4519,2.8457860023005606,11.198603641325018
train:4520,-1.440648058889963,-0.17753873307197088
train:4521,-3.4423172570922027,0.10289761016258403
train:4522,-5.659540216084576,-0.0730285621992462
train:4523,0.644111826311167,-0.06315472221709684
train:4524,3.5146632024625544,0.43963818060390736
train:4525,-0.4867648521235485,0.06680699312559461
train:4526,5.64003075273652,13.056285916480121
train:4527,-30.076991895122333,-8.409398265183125
train:4528,-0.09199764347072528,-0.04059234447137569
train:4529,19.81675688762715,8.470361163982579
train:4530,7.982370175295265,3.5420139463027884
train:4531,4.019273322235228,3.142699491376544
train:4532,5.021968923893231,10.931714939251894
train:4533,-7.753866222788484,-3.220238554649992
train:4534,-7.796525099373288,-3.2226946031550585
train:4535,8.213935775902955,0.6428294016525034
train:4536,-0.252760415888273,0.16135059448966588
train:4537,13.125942042991893,3.2648017373743734
train:4538,-0.8344841401574027,0.33442469193785207
train:4539,2.678680141881304,-0.23905835417094612
train:4540,-3.1305233440269435,0.05202419467113178
train:4541,1.928966169817886,0.24844801487546336
train:4542,-6.397277126006459,-6.080553556679974
train:4543,1.4560270905298673,0.09060124696571932
train:4544,2.426121237596614,4.138690216259155
train:4545,-0.9741634151007331,0.0931647190607208
train:4546,2.009681249830539,0.14002808184370868
train:4547,0.16522716261226786,0.13338879040682997
train:4548,-34.08093631015914,-15.446453719304936
train:4549,1.7179986938787706,0.32184685896284515
train:4550,0.6943497713610902,0.09340210664857111
train:4551,-1.1018290157296904,0.12990929325077866
train:4552,-1.0781805740325519,0.027771571648457144
train:4553,0.2946494501627963,0.29145439999912354
train:4554,12.393397320324238,6.408061630322059
train:4555,-0.2681428750203529,-0.08500194132225689
train:4556,-2.692978821315909,0.060424063164297055
train:4557,-32.88000868971237,-9.9182868433811
train:4558,1.4875168135871273,0.06177163717561565
train:4559,-14.208173404628333,-4.776508782353707
train:4560,-24.381887746942038,-7.3592315270574185
train:4561,2.228749314296775,3.1481862261293827
train:4562,-4.887040106166227,0.06515583691058281
train:4563,2.4726691405408046,0.05734972270866336
train:4564,-4.218597602913501,-1.505167871521641
train:4565,-0.4081151635755188,-0.06980728110930612
train:4566,-8.064567117208087,-5.017192976201653
train:4567,0.5183351813424832,-0.10036922111531513
train:4568,-6.014580660165991,-12.376407924695673
train:4569,0.7592879106079589,-0.05641742280374387
train:4570,-3.521919327050538,-0.31520013765231714
train:4571,0.5980084997514549,1.8417460341423013
train:4572,-2.892663704106238,-4.92581701546296
train:4573,-5.29509916076744,0.016073385227948433
train:4574,5.4892713557716615,2.619607381899757
train:4575,-4.539691240338212,-6.016363039896063
train:4576,0.9231430749955557,-0.00917786346476962
train:4577,-0.7642875630578332,0.04135801655020795
train:4578,2.555348957600053,-0.7879656148572032
train:4579,7.8417059747879945,4.006204545865834
train:4580,-23.78676303758072,-7.400731556688223
train:4581,2.171991845440793,0.28829260846695604
train:4582,0.025117375007993895,-0.09448503334579925
train:4583,11.504297551845806,3.835052374850051
train:4584,-30.54678070033848,-11.456920200465369
train:4585,0.9373590586780598,2.549009397495227
train:4586,-13.336716286751933,-4.341127106763315
train:4587,3.8269373742521706,-0.22914970495115522
train:4588,9.723969627241209,2.397190191469055
train:4589,-0.24018303034129296,0.10706958289040545
train:4590,-0.911819974731538,0.2323899714403551
train:4591,0.2755774138414645,1.2693356546639398
train:4592,-20.6269023878814,-7.762942788148054
train:4593,-1.076787219340492,0.015346385740156829
train:4594,0.7530020073333518,0.03688217629707332
train:4595,0.17415681345324102,0.17826417480238138
train:4596,15.591228628818996,4.0052843836412935
train:4597,-2.9842317944396948,-0.030083663884698728
train:4598,0.011491370339244938,-1.410562498026837
train:4599,-0.28105755747393607,-0.2657392068407363
train:4600,6.870332726254271,0.5775463883855644
train:4601,-3.024828766433479,-3.4027790528069497
train:4602,0.03923642360431363,-3.9609714279776624
train:4603,1.541012893332398,0.15877813476363403
train:4604,0.13311933309418247,0.02264833663951435
train:4605,14.836643145643773,16.326248581226718
train:4606,-0.29643304285880845,0.11179065707594076
train:4607,-5.897836412580471,-14.70357893657583
train:4608,-0.011701569436123216,-0.044346035704258935
train:4609,4.262579458724996,2.7245127232161988
train:4610,-9.96695049527144,-4.113522341298357
train:4611,-2.476138985311592,0.27967689416825137
train:4612,-1.1779979099377695,-3.6228550366846397
train:4613,-0.897509380545252,0.1376186834235139
train:4614,-15.082923061019637,-9.413234478651217
train:4615,-13.392316578487948,-1.963571292665975
train:4616,0.5688955459716336,-0.23248397340262023
train:4617,1.1179602822350445,-0.08024406064773998
train:4618,8.975100757110221,0.8475388547063876
train:4619,1.8815351580189845,0.2768333789032077
train:4620,-2.3543866573981207,-7.252199969028644
train:4621,0.6059679861267435,0.6628975691264809
train:4622,6.260456681883154,10.990458095666527
train:4623,-1.1443890975623883,0.06619583421552805
train:4624,-7.950234856323403,-6.352309845590512
train:4625,0.21260238443350926,-0.02654710240464493
train:4626,6.286503627703195,0.5616409920171628
train:4627,-0.37607904742455067,-0.03450843156785113
train:4628,6.706007066388407,13.850423864033614
train:4629,-10.12997996798967,-7.56554987306135
train:4630,0.3781484500606864,0.12431442160395537
train:4631,-3.6256858959993665,-1.2983727530906684
train:4632,-8.772057490741568,-6.244372676739818
train:4633,-1.4694356873625543,0.09507209409050374
train:4634,-12.0537625218175,-6.666596175180099
train:4635,8.935673050064896,0.28960865443926326
train:4636,-0.31461139347549816,-0.09825470258940316
train:4637,1.3259327662067752,-0.005458696147907893
train:4638,-2.6600655239953563,-0.0827303532445281
train:4639,10.80982762926522,9.842854594949824
train:4640,-0.09825937108834629,-0.07655741999555965
train:4641,1.6244244889319543,0.29251294320936955
train:4642,-4.130164444408059,-3.272569107654847
train:4643,5.441241764004116,12.043382752571274
train:4644,4.048021432806976,6.119190609356698
train:4645,33.2570646157346,10.11412697839282
train:4646,-0.9838941170376087,0.19092903087149213
train:4647,-1.6842047853627222,2.0667948885351874
train:4648,-7.973330047408746,-0.00012089928071577771
train:4649,-0.34798879367271035,0.1207440495119301
train:4650,-0.8353918895855799,-1.08776716442443
train:4651,-1.3218897931109148,-2.6173916340176167
train:4652,-6.195145852695737,-0.21184894320008285
train:4653,8.737173239383361,7.582750712426542
train:4654,-1.3920231415691364,-3.0261502345662716
train:4655,0.9463428722890113,0.03270677970981175
train:4656,-1.1282362718221188,0.16111891333421582
train:4657,2.4954988643157816,5.88397831353735
train:4658,-38.196176151630006,-16.423347012195254
train:4659,6.788656198959943,11.041889029603484
train:4660,-2.6649025150584835,0.12226352979930617
train:4661,7.796174844186658,6.092756702549028
train:4662,0.046616275357538345,-3.114676973607521
train:4663,-12.120027997616198,-5.339324509055102
train:4664,-36.34985891161613,-15.595380192086612
train:4665,4.957770931683319,0.2521684661396152
train:4666,8.313962556682638,4.76914228894935
train:4667,0.17051628495268184,4.581574994491014
train:4668,-6.371530981149303,-10.023769105013207
train:4669,0.16850924050636115,-0.1557481503083833
train:4670,-9.081838780362741,-9.690839860772009
train:4671,1.3471938617765438,0.15209076663378324
train:4672,0.582086388814634,-0.33046484432298096
train:4673,0.39669350355137095,-0.1802644105079494
train:4674,7.961969640130903,0.9163451619980496
train:4675,-0.4053176448832272,-0.03122352375664829
train:4676,3.70795408889656,9.244343992298397
train:4677,0.10291998572855163,0.1276609588850809
train:4678,0.12321335764415828,0.03315587593971128
train:4679,3.114388244494362,0.3770660080487064
train:4680,-1.4330929336235898,0.014841081151114849
train:4681,0.9506132463915284,3.811084788125769
train:4682,-12.023151490908386,-6.427255846162411
train:4683,-1.7977806271336312,-9.281444422367487
train:4684,-1.012556450518705,0.03568254154573115
train:4685,1.465933530896372,-0.10850145792890875
train:4686,-1.9457552906094118,-4.329328201810942
train:4687,3.7091303275922263,0.08741092327155059
train:4688,1.5621751941500603,0.057227462394488046
train:4689,-6.979668702799828,-9.035387622414706
train:4690,-3.5979182942849937,0.03620282551982378
train:4691,-5.853596355045485,0.051850433804544224
train:4692,15.549847342722607,10.98084846350451
train:4693,6.174122621287172,0.1543896029262232
train:4694,-0.5675232855980082,0.03863904417229972
train:4695,4.017249540795609,0.5122110899317582
train:4696,1.09575540620986,-0.21895801668431203
train:4697,1.5797813488083738,0.10766133993031118
train:4698,1.4434650472267436,-0.18969999648175973
train:4699,-15.078493336793429,-4.784555993324537
train:4700,30.41760022873924,11.479216313320741
train:4701,1.9360635848092067,0.319565712610846
train:4702,-0.45714025775693634,-0.11641627966805293
train:4703,-3.1316312399999764,-2.3358687860540543
train:4704,-1.9258131630948232,0.12381082894463347
train:4705,-5.86630856637181,-0.11509524056739551
train:4706,12.285731961769931,3.631555574346422
train:4707,-4.419577278102024,-10.992913062703991
train:4708,21.93800155855204,5.6770060103803495
train:4709,33.63216295153425,14.57514534401105
train:4710,-1.6490466388160727,-1.5697355834872087
train:4711,3.424105375641225,7.04989090261025
train:4712,-2.1611845700118906,-4.6198629331425956
train:4713,-0.4624663409575501,-2.6121402896012884
train:4714,-1.2588043460388407,-0.2478332779336177
train:4715,0.4734973574426935,0.6291891736253801
train:4716,-3.1286525201094095,-0.051387773286165145
train:4717,0.021134900436026588,-0.13395314505968553
train:4718,-1.2624632387403798,0.1994644271341633
train:4719,0.5679575769722238,0.1896767542812577
train:4720,-0.6052163892545864,-0.05793190996276973
train:4721,-0.46685492007523466,-1.1492522616073837
train:4722,-1.242716841064082,-0.29451260827169756
train:4723,0.26634742695408803,-0.032919618126812045
train:4724,4.127968470793842,11.377363342695192
train:4725,-8.869483528729333,-7.225358622947597
train:4726,0.19764125586188297,0.08386580214289643
train:4727,-0.44986443106622365,-0.01987699623280488
train:4728,-10.582177263416638,-7.846359987618121
train:4729,-1.9550471113886951,-0.02586917823549545
train:4730,0.04306245378059251,-0.2711316427981608
train:4731,2.2789565748589853,1.26796154574196
train:4732,-9.397294840544903,-8.411404646815052
train:4733,-2.8351465617211185,-1.3563638017149502
train:4734,1.471111305739706,-0.17048971978875432
train:4735,14.677313478277368,7.551154766869607
train:4736,-11.752354378010141,-4.566251000742264
train:4737,0.8421976288668146,4.369120521727095
train:4738,8.022246991660754,2.8182077780823533
train:4739,-0.6921780870992443,-1.0505018782778495
train:4740,12.53732244502574,17.964011799395138
train:4741,6.582408090214388,4.455903089705209
train:4742,3.0771554081534793,0.09870509427812173
train:4743,0.4653491149763216,0.3670108461770391
train:4744,-0.23533255670023123,0.0785459805377651
train:4745,-0.19186728247999907,-0.002828030811393503
train:4746,-12.854987496483572,-4.580901409965041
train:4747,18.86966436720405,7.399998790949154
train:4748,7.508750458279794,0.1130105496623038
train:4749,-8.154256944960322,-5.114190914141072
train:4750,-2.8646231964178113,-0.07363515596339257
train:4751,-2.292018111538978,-10.10938841674653
train:4752,-0.39422264553432296,-0.1623389370698599
train:4753,11.389992256116992,4.10132877672663
train:4754,-2.2044027411227365,-0.013573243021060763
train:4755,-6.921191507882475,-0.028780885367722067
train:4756,0.9180055154277849,2.7770689656224845
train:4757,-3.76758816909421,-7.718129033222425
train:4758,0.16926275389213236,-0.4851980400543396
train:4759,-8.145290565717389,-9.292692371271615
train:4760,4.394037848001877,8.449557794024235
train:4761,0.611735042609112,1.6213507753718173
train:4762,2.815059207187802,0.6926980927242843
train:4763,8.606466620055452,0.0632216416485187
train:4764,-0.05894324399834083,0.47334550614893317
train:4765,8.186011962251134,1.8334551585079808
train:4766,-24.055367604356924,-14.506444522876858
train:4767,-0.8439751776485802,-0.016920065623806296
train:4768,-3.0732256422206206,-9.461850429485132
train:4769,0.30107238757003085,-0.19903443594127562
train:4770,0.9034171336443999,-0.161466851538292
train:4771,-0.3051369767484986,-0.033782858688159584
train:4772,0.6887717034280452,-0.2678062193169162
train:4773,-8.843698330887813,-3.5462242119465675
train:4774,1.009159597635356,0.2353613107911643
train:4775,-0.9045714618840547,-0.3644567781839691
train:4776,2.306498692080315,1.1222465104543335
train:4777,9.55811625182042,1.7955036738652703
train:4778,-0.16050169212303272,0.029426437044529102
train:4779,1.0538773568540565,2.597166265842541
train:4780,7.040869670299621,0.7469037794158615
train:4781,11.604060260064564,2.398196235501219
train:4782,11.853060228691023,1.8462504065574372
train:4783,0.1542032954848802,-0.018484484066334322
train:4784,0.5079189600551097,-0.03460558357946536
train:4785,0.9131982790194098,4.453517515640285
train:4786,-3.5517320963626324,-1.4389946548002635
train:4787,-1.332643776221372,0.24756508712233496
train:4788,3.8904482199039023,5.68048293964182
train:4789,-7.317735511094651,-2.7760176152716145
train:4790,5.840758443192612,0.22972877669049935
train:4791,12.102623676091849,2.4655258607485067
train:4792,4.983068432136793,1.6323529197003057
train:4793,11.629306154788702,10.33256692810136
train:4794,3.4644378101576048,2.5334533774505306
train:4795,2.970569585666895,0.5111862860030787
train:4796,-3.249700499554923,-0.1084472468211064
train:4797,3.073926563196403,1.910566892836584
train:4798,-19.13436427353734,-4.580254300530853
train:4799,0.6577366686887147,0.13404360352475844
train:4800,0.46171951201305417,0.4600156367139785
train:4801,-8.471100315920296,-4.18925411761177
train:4802,8.329267607220714,10.039119348350997
train:4803,0.5363137341016779,0.19047037636732217
train:4804,26.035898155634314,12.702173253882721
train:4805,10.12058336792546,5.628625164561325
train:4806,2.9394555151258794,1.7681898351814826
train:4807,1.1813018982878742,1.612284110252683
train:4808,0.6643333686305364,0.0022585403693776984
train:4809,-0.013402815067394686,-0.12220060487056447
train:4810,5.220064722153209,7.248108967822029
train:4811,2.880757019963808,4.260599014198616
train:4812,0.0862077492331202,-0.04601174332189137
train:4813,1.4153654951452936,0.08354766853658259
train:4814,0.06629921193424784,0.15739432490657385
train:4815,0.304352489569082,0.08526202349042715
train:4816,0.5672867024908617,-0.09545569749708147
train:4817,-14.455311847666866,-4.851855945123344
train:4818,3.8791842234143363,-0.16495604962942373
train:4819,-1.984619518880371,0.09787509368550563
train:4820,-0.7178447312382356,-0.16492380828636233
train:4821,-4.603775792926881,-7.3108923381949165
train:4822,0.027684178896837164,0.04248446630601694
train:4823,1.8435182400337378,0.17973486509273534
train:4824,7.509934135639148,8.59568640300007
train:4825,2.2150319535396075,-0.10385913251049689
train:4826,2.33171343740026,1.2611399337898934
train:4827,1.6686220066089748,0.2664636499454768
train:4828,-5.950901979664798,-2.179349191659798
train:4829,-6.3140449881683764,-2.459508915583751
train:4830,0.970650100639019,5.573292742792319
train:4831,-0.4521161378104077,-0.12479931418563747
train:4832,1.9773551420248587,0.05481364148918308
train:4833,-2.6888884861204656,-5.043359821972992
train:4834,0.0025546295219441573,0.17721433390154573
train:4835,-3.1291481210776233,-0.31122189830448416
train:4836,-11.296971474858783,-5.551590098906572
train:4837,0.45878437804253436,0.006699999367300841
train:4838,2.230246810280467,-0.04564282246721532
train:4839,0.437512240706354,0.06372152512678045
train:4840,18.08039797424941,8.988066971916773
train:4841,-0.11456492189245987,0.1775677047279311
train:4842,0.2540041268550399,-0.054351694274854034
train:4843,2.783927469820527,-1.356058222259917
train:4844,1.5893507247265157,-0.10118937811204079
train:4845,2.9996966031702517,0.0753771986259073
train:4846,7.745085172144458,2.4941534628316417
train:4847,-6.494569268047838,-1.1724991259195148
train:4848,-0.6945863544682369,-0.16040859364966598
train:4849,0.10035074102818572,0.017068301716931703
train:4850,1.0504641725124622,-0.04130864439841683
train:4851,-22.743101785159897,-14.35561324295998
train:4852,10.031050681943634,3.25781792008133
train:4853,-0.27304518684899043,0.016370547695191362
train:4854,-0.8200259349885578,-0.11135167825202269
train:4855,-6.669642867109912,-3.008843481061179
train:4856,0.22934565410401409,0.4262079492891134
train:4857,-5.151218203131585,-2.190912991597281
train:4858,-0.8957882597344392,0.025024495090977678
train:4859,0.5638886279348834,-0.17354080653235704
train:4860,4.354070837839171,-0.025506249134839676
train:4861,-7.939615234075811,-8.973944182188275
train:4862,-1.4892625155899788,0.19379251864993663
train:4863,-0.21493295136883023,0.06045687515059848
train:4864,0.09250143985877562,0.17929846567492636
train:4865,0.1327387989548928,-0.11419876003731652
train:4866,9.319389077747102,6.2346071991543965
train:4867,-1.6573161082547352,-4.6440253945333465
train:4868,-1.1028578759010381,-3.1207303570977043
train:4869,0.039425760840997456,0.1376626229529958
train:4870,2.963497741082002,5.727947332417364
train:4871,15.66060346603928,8.269926149783304
train:4872,-0.3117516922039396,-0.12436605330564865
train:4873,-3.3549985033905205,0.2700718271521537
train:4874,-2.3121652672214674,-1.8213855431570918
train:4875,3.9059294737880887,0.6532440687653862
train:4876,-0.7154708676888,-0.4030472405946972
train:4877,-3.568467694911209,0.08230709013276864
train:4878,0.068528718916488,0.13412606147294204
train:4879,2.854985304700224,3.9280055935041736
train:4880,-0.28619767408234964,0.13537491420373632
train:4881,-8.104278423306518,-9.309165700324652
train:4882,3.758139963300667,4.866041505608244
train:4883,-5.255094492369813,-9.332048494249648
train:4884,-9.530835590737945,-1.4110382718282077
train:4885,4.136255607058764,7.975089053743482
train:4886,-9.966957004102168,-3.6519196088288237
train:4887,0.18240280460963815,0.20928961978010055
train:4888,-8.912181458298498,-0.08859799236008326
train:4889,-0.3131349349625487,0.014343480245813209
train:4890,-0.4552959340787909,0.042500729638357646
train:4891,-7.981346137365536,-5.78197132905587
train:4892,-2.4318449974648675,-4.120540111864182
train:4893,-1.4913188411832325,0.07248803190166166
train:4894,-0.18338929799983217,0.03210903091588576
train:4895,-1.5224954429908752,4.990158122243361
train:4896,0.4172121275017801,-0.004702308533254998
train:4897,7.014921751689927,2.2783788450364484
train:4898,-0.22055983553232777,0.1450698575301379
train:4899,-2.283580807250855,0.08477226892967585
train:4900,9.964804732637118,5.726740992607952
train:4901,-1.2625627308672072,0.09225226051992112
train:4902,8.103983958097547,5.204543651731524
train:4903,-0.060799887963219584,0.05653826802134808
train:4904,13.712297497698009,5.757107201982632
train:4905,9.943252134434076,1.5862453738887308
train:4906,0.3839621144202251,-0.3375927490341309
train:4907,-3.2918526171759814,-0.005398778607705282
train:4908,-5.129639104689155,0.09383551018936996
train:4909,0.044065046170791836,-0.2322628491471106
train:4910,-0.14966681354496852,0.07064941938230171
train:4911,3.1670995452205477,0.35512206491436216
train:4912,-3.0947447664370666,-3.1407753421900564
train:4913,-9.639761802787369,-1.205000396976748
train:4914,-7.574350811671708,-4.147291866956546
train:4915,-0.7551212697282853,0.1375473530185108
train:4916,-0.8845358861568854,-0.15819792173780983
train:4917,-4.864587429656936,-0.09860678946849849
train:4918,1.7635182015680941,-0.2890204524080787
train:4919,-0.3068660011394799,0.03712855151595403
train:4920,2.683708213617917,10.777611590996711
train:4921,-0.8007516599982083,-0.1144678183249882
train:4922,0.5098899734741916,0.42512900558303646
train:4923,-8.095480343829525,-2.3855056176443727
train:4924,-4.92013937007898,0.07631933061518827
train:4925,-0.32079071464695047,-0.05488781359885733
train:4926,7.8185847483797435,3.803405927366375
train:4927,1.925591806002413,1.584482656920294
train:4928,3.266922227665291,2.636748363543622
train:4929,2.795539223837508,-0.0819072003707923
train:4930,0.14735670293478959,-0.1529375896904511
train:4931,27.848246737916902,10.994281405374693
train:4932,2.678133865016716,5.941175026771517
train:4933,0.4076030012245555,0.22742722984266928
train:4934,-3.8453635822006587,-0.09661838309863202
train:4935,1.2951232159604875,-0.26224701287259444
train:4936,-6.457259720487674,-1.1799985193799207
train:4937,-1.7145131556430302,0.058090417634215574
train:4938,1.58928958820933,-0.69038975797645
train:4939,-3.0427894199081744,0.28870732344164407
train:4940,0.15455732938478134,0.055344482363216166
train:4941,-1.4596312961635194,0.01834497330567722
train:4942,0.9966505548110095,-0.18337784002552482
train:4943,5.866380920265955,8.359111411123541
train:4944,-2.8297749167054156,-0.0517595473570413
train:4945,-0.1476425671888693,0.013544294388158462
train:4946,4.135484310617613,0.09893278093089163
train:4947,-0.46780451198665696,-0.9782605840028582
train:4948,-0.14755330322461324,-0.5608040965289349
train:4949,-6.3645228301222385,-0.6116067522586242
train:4950,2.9648943501894256,8.875465935865355
train:4951,-3.428302814703996,-0.05030554838145809
train:4952,7.882191831742939,12.8322844777543
train:4953,14.260819908886916,9.617629697117389
train:4954,-7.955693905637439,-3.0111605779372996
train:4955,2.4287717264519473,-0.13460553294384392
train:4956,-2.8778500702880505,-0.02522007154996722
train:4957,10.443342336183324,2.22046768646577
train:4958,-0.1836429099399452,-0.04511611875667243
train:4959,-3.070428704673929,-0.002818329876313072
train:4960,0.7127618587383516,-0.043120436685495644
train:4961,-0.05436939566317692,0.05720877382837723
train:4962,1.5010468130026529,-0.1800763835603612
train:4963,0.633923646557479,-0.01855381721999734
train:4964,0.4917041841938139,0.6128206289372933
train:4965,-0.2747742112399718,-0.7375959346858827
train:4966,0.7739492842787824,0.11404341392674872
train:4967,-13.763611897477103,-6.282181785894142
train:4968,-8.08963169450483,-2.964784687142103
train:4969,0.6878581425438617,0.03797181956390071
train:4970,-0.15556265189243562,0.1622108391740033
train:4971,0.5981246126424599,1.293876452522827
train:4972,12.906883625542628,2.8762516112063374
train:4973,-4.439250683890883,-0.06268593879541645
train:4974,-0.6099315721998225,0.20382556809605296
train:4975,-0.17156693681718488,-0.05504616709796423
train:4976,7.178555150916325,0.5972544086446814
train:4977,-12.343836001830256,-8.319482009852415
train:4978,0.9183483913321541,-0.14215771090395232
train:4979,-3.1751613700692385,0.07307893297670735
train:4980,3.203705674145716,0.15532631380472392
train:4981,7.002428516025917,2.5224405335612916
train:4982,-1.9043484341065957,-1.0943027414524342
train:4983,-0.041463546622723224,0.1432597771727792
train:4984,-3.547677094819707,-2.3442638040796795
train:4985,-0.19575189213282101,-0.6092763879271728
train:4986,1.7405039059503586,1.671566524529141
train:4987,-0.7407911490498184,0.07049477506425499
train:4988,-4.355952527912569,-2.962618240081349
train:4989,0.0003866077442502003,-0.52987837145741
train:4990,-1.3628138338487314,0.11013850223525891
train:4991,-0.8707255421036181,0.11954470008220794
train:4992,-5.501996292919773,-0.7361639054750404
train:4993,18.722304439544608,6.446782627373943
train:4994,-12.108366962452283,-13.679703444447787
train:4995,1.6303396213133619,-0.0740982329526727
train:4996,-1.238003517784768,-0.09939941292889296
train:4997,-2.2323465461832193,-4.719028459429247
train:4998,6.78290425226319,11.031254522182381
train:4999,-13.869476169585951,-4.106726550952901
train:5000,0.5284285181341491,-0.2007054220088783
train:5001,-10.734306304333051,0.09390227544845287
train:5002,3.6809921874428944,3.917509181747157
train:5003,-0.8200682423882834,0.15643792683629226
train:5004,-1.3592535034410584,-0.07554281631479554
train:5005,2.9980898518136416,1.4439613310817534
train:5006,0.5651787711682723,0.021046541064764696
train:5007,0.8623380432603366,-0.20701901881651286
train:5008,2.0856806819814757,0.09552247426769332
train:5009,6.870414086638359,0.9891974725222978
train:5010,0.1614025271854305,0.14816673839375258
train:5011,0.1584988913064646,-0.07798374277400169
train:5012,-1.9827115016443968,-2.04257228410149
train:5013,0.8287199325553453,-0.016373960043102542
train:5014,0.07470304223577491,0.016776417699659013
train:5015,6.3445066078104375,2.004003874297437
train:5016,0.35704449626132717,-0.04134816144278858
train:5017,6.490133326830571,5.552439156228853
train:5018,-0.9761439593076654,0.08313109897136448
train:5019,-0.09845335748983511,0.03784456612137517
train:5020,-4.619613637751612,-2.138674026832449
train:5021,8.475982230805219,5.372144995186252
train:5022,4.7753344503195585,-0.1285735485751616
train:5023,11.472247139513062,3.2379680949770666
train:5024,-9.62883905499449,-2.617559688451804
train:5025,28.486790927225123,9.919680294354364
train:5026,0.489420165754235,-0.02083810210981668
train:5027,-1.5487767067170881,0.764692013154725
train:5028,-19.90078095130834,-8.437418560198063
train:5029,-0.9971251751561724,0.09106246936446938
train:5030,-16.974163320878354,-8.870986446250038
train:5031,-1.5960896297299425,0.04208815457581971
train:5032,-0.22352855971856372,0.08133214615718626
train:5033,-0.8995319996936694,4.433352980789148
train:5034,1.033504251762044,0.6842599554688349
train:5035,-0.1195688179720868,-0.2012715001029829
train:5036,-1.2229041927893127,-0.16737186778606877
train:5037,-0.7233147060895642,-0.3702512323039911
train:5038,-9.429237392254171,-15.520375985904229
train:5039,-10.753746322048698,-6.910467411523584
train:5040,1.4402090046555585,4.219154051640474
train:5041,26.393487736778315,7.769974194332763
train:5042,-7.056272061458935,-15.540358770883419
train:5043,0.313552256885226,-0.009228365391511825
train:5044,16.20825555357669,8.93466846008821
train:5045,6.621047298908785,12.503599677932407
train:5046,-0.8224081670346424,-0.7076497187358606
train:5047,-2.8742534763948986,-4.089558178433515
train:5048,6.504370929129418,0.3441293361993341
train:5049,4.206600724973853,0.4294343661682137
train:5050,-0.7099506818575773,-0.017765758905523066
train:5051,6.159430795586876,2.6307785792881027
train:5052,4.095382939592043,-0.06020620859588863
train:5053,2.5236132937246083,-0.08381714329515536
train:5054,-0.8365683607394865,0.017817841612704305
train:5055,3.1862452708040387,-0.2966639332865911
train:5056,2.3070821622633435,-0.39766407758992317
train:5057,-4.005924348407429,-5.132510844718828
train:5058,-12.891849794389495,-6.537270727050035
train:5059,-0.5299468759780357,0.11655338821799786
train:5060,-0.656246087070802,0.22106869487988276
train:5061,-0.6821035794250387,-0.05124996294369916
train:5062,-0.10418031492576041,0.05433786768781239
train:5063,2.8203090440856133,-0.3952856365654997
train:5064,1.2744104893794694,0.2332433684058122
train:5065,9.776497750874078,13.077328956599276
train:5066,0.981131875150143,0.3811108699948123
train:5067,-5.681028655813309,-7.0549337367412255
train:5068,3.8944674228778293,-0.07752038046310153
train:5069,-0.7496122418925946,0.003379996996836457
train:5070,-2.789959004398872,-3.139186671409827
train:5071,-0.2845006126994027,0.024902948080852402
train:5072,-0.971711910499054,0.04468486663955262
train:5073,7.232406891769179,0.08892027464141622
train:5074,22.139182077660138,11.504538036453603
train:5075,14.058733732474803,4.866785053749997
train:5076,3.634667444409344,0.28476803049494276
train:5077,-0.5160196054299224,0.029110586011175374
train:5078,6.153426864157692,1.4326540352806618
train:5079,13.504571884377423,5.323138724376161
train:5080,8.889858320410454,5.865871803531362
train:5081,3.252550264503579,1.1798662129901691
train:5082,-1.846139960914972,0.9978026299210618
train:5083,-5.660765735927175,-4.206304937623711
train:5084,-2.7775387606223014,-0.42934533431124083
train:5085,10.810006157193733,5.9931029909705344
train:5086,3.6529372673435723,2.1729629206809946
train:5087,2.339707211365986,3.9405905595196806
train:5088,7.480203191627622,1.681567047310576
train:5089,1.368961716310058,6.892888686695742
train:5090,33.56737591014355,14.742196587382393
train:5091,2.5619558857044455,0.041875019325670435
train:5092,2.3211059029811607,0.05247300557941129
train:5093,0.5223711213097081,-0.08954411885204439
train:5094,2.4407247291656153,-0.04814252518014403
train:5095,0.5623346445988104,0.23008243283850474
train:5096,1.6171074009035968,-0.1049220982058531
train:5097,-1.031062915941508,-4.258212358666089
train:5098,1.6372991885682144,7.588998685261573
train:5099,-20.49471919381142,-11.43259824428903
train:5100,-3.3470898091407264,0.28122447863519867
train:5101,-0.013875170211583188,-0.13850730609751358
train:5102,13.586495747239377,2.0601965407507805
train:5103,-11.79965219123738,-12.260355067685346
train:5104,-8.61137677608283,-7.488459395193438
train:5105,-8.917736280407517,-5.192642946779683
train:5106,3.454043672403055,0.10150980580284369
train:5107,-0.3879087310417658,-2.119186845507222
train:5108,1.7971088822007362,0.04447315799750342
train:5109,1.873300324858119,0.20081628096978207
train:5110,-7.055587704399638,-3.2471569375684424
train:5111,1.2447067429820522,-0.1685222845579588
train:5112,-0.34281473816122027,0.05652685515654758
train:5113,-4.266933109725216,-0.9598143986082459
train:5114,1.0510806517656057,-0.22278760346811854
train:5115,4.216020397785274,8.28297390746647
train:5116,0.3336010827320893,-0.10125086492115346
train:5117,-2.5666135920829114,0.1568436541799499
train:5118,0.6902538571678808,0.45861235365635244
train:5119,-5.05330679233818,-5.046295210799679
train:5120,0.02191479783206618,0.05028744197011625
train:5121,0.40733962603835194,0.0015881772231585434
train:5122,-10.135764458840056,-5.862048553642072
train:5123,-0.9912839644951642,-0.4181573029473143
train:5124,-2.4261711567368396,-0.06504269537671895
train:5125,-0.06040773091191742,0.2369576852551337
train:5126,0.3389871401586877,-0.5063573130684473
train:5127,10.562565518442872,0.46091090462717244
train:5128,7.259889964597486,0.2857807795851768
train:5129,3.4810158020192916,7.681170693320102
train:5130,3.1413789707698183,8.127328110533503
train:5131,-4.388611051001807,-1.4816750599730593
train:5132,-23.399898595492566,-10.383210434185958
train:5133,0.8226741586429167,-0.12836469314931254
train:5134,-4.27325271944466,0.012296582943844198
train:5135,11.69580501866061,1.9426311938327683
train:5136,-1.6178849143358058,-2.863396505435554
train:5137,2.1260627463321486,8.522628660909412
train:5138,-28.175851703727837,-18.256384347100166
train:5139,-0.9055366284975735,0.2971043387186092
train:5140,19.885767230326724,6.695096321341021
train:5141,0.32377228341782827,-0.05405495979004113
train:5142,0.2581460677798189,0.15441585251526432
train:5143,9.843828815246082,1.8223564328111181
train:5144,1.4224259492764144,5.1810668181936625
train:5145,2.9990387463503434,8.82728196196414
train:5146,-0.7802393124202859,0.0022404224465069067
train:5147,4.9283221919754565,10.712606195666044
train:5148,-3.321240917741379,0.06721386175573231
train:5149,-0.3116227941097208,-0.252048191565251
train:5150,-3.183246267665142,-0.060101780882964084
train:5151,-14.697185576480214,-14.13598749659867
train:5152,-0.7339331660459554,-3.0524991155311776
train:5153,3.4682761606206167,0.27327370637193293
train:5154,0.6402646424350253,-0.06353819447439352
train:5155,3.6184883508879264,2.198732884078895
train:5156,-1.220490811339035,-0.01128068380426106
train:5157,-3.7228966776566583,0.09955278481117859
train:5158,-0.2054860809433003,0.01017008090989173
train:5159,-1.8378416666545188,-0.42579051224750625
train:5160,-8.341089211647214,0.10022271997496772
train:5161,4.076554287048253,0.04483879765354932
train:5162,11.167014592737107,17.724337073438797
train:5163,0.9611569710236793,1.379768389064072
train:5164,-0.7973591644399961,-0.013198045090744445
train:5165,-2.24348501522305,-6.260067648413461
train:5166,0.19926509289915112,0.3169263449649212
train:5167,3.070877640917281,-0.6473301603706576
train:5168,-21.73723452327192,-5.919787377954264
train:5169,-0.8858873983657004,0.14928491382258122
train:5170,-2.8350201044384225,-0.021297469918036646
train:5171,-0.5554763697552793,0.021160384391149645
train:5172,-0.31410219370023,-1.5062873308977596
train:5173,10.678759304915479,6.44210107023278
train:5174,7.479563001633973,3.868410752053802
train:5175,0.10770746318650554,0.059035830822126684
train:5176,4.382433532648585,-0.08794974163941505
train:5177,-0.8917327932750333,-2.3723611359320214
train:5178,0.6788782807229945,-0.07083843344403096
train:5179,-9.163849117690068,-0.6704805859752243
train:5180,-4.001459290528703,0.04959924622264633
train:5181,0.5188583286121664,0.09929271415453728
train:5182,-0.23281503395832104,-0.020100260400464587
train:5183,3.205943782082845,11.523160407948572
train:5184,-0.5408996108839068,-2.228212231016643
train:5185,2.6178839435592143,0.23569399580009875
train:5186,-1.2465868058477683,-0.7294063482266666
train:5187,-1.6409470963510335,-7.80240505076873
train:5188,-4.583350617189053,-9.328483685929212
train:5189,-0.6825006180993861,-0.11733045013857268
train:5190,-0.8086208363471598,0.2747314145285763
train:5191,-0.1764324040147428,-0.04856180530075224
train:5192,-5.753769023435937,-0.4718813667443105
train:5193,0.2607286788289992,-0.008825776585674308
train:5194,-14.189502358771433,-6.764671487556684
train:5195,1.6280473506062543,-0.03258550650977751
train:5196,-9.355828939649063,-9.226703186995147
train:5197,10.141591084013356,7.204220796231721
train:5198,-17.44937491192306,-10.062817080641626
train:5199,0.07997170825104685,-0.03982539995678236
train:5200,-8.235456467945657,-15.174665474372956
train:5201,16.30918892149335,11.230453523123764
train:5202,-2.104148616184089,-5.747512466363732
train:5203,-21.554793857659835,-7.019485949314125
train:5204,-0.6073615138956158,0.052558031422174994
train:5205,1.3984460221286787,0.5647840949832195
train:5206,12.10096113475758,4.552035076527889
train:5207,1.7848341572825617,0.18002004405193775
train:5208,0.9266738832067167,-1.188878869481187
train:5209,0.6419239293539316,0.04712636374199879
train:5210,0.1165762099685331,-2.3287888153750664
train:5211,-0.060042306558244024,-0.84929621038292
train:5212,1.0522610747095964,-0.11422187108853751
train:5213,5.564639431342078,0.2311142984772796
train:5214,-0.49321150027128857,0.1615968270477366
train:5215,-8.243072729729215,-0.007576923854879999
train:5216,4.170906297266947,8.287007784530207
train:5217,1.8383351186508778,4.075917747926705
train:5218,-7.936458451173213,-7.167616945419206
train:5219,3.7534656930057153,4.45409158273975
train:5220,-5.503320375056238,-1.940412592734428
train:5221,0.5743701699877672,-0.04600518092463107
train:5222,-1.11802856557625,0.6948638264809885
train:5223,-3.757098723461158,-6.316549345667877
train:5224,3.487092260419433,-0.11589556771153028
train:5225,-8.60358384603668,-14.448115653454481
train:5226,1.6645358556618555,0.09338142083112022
train:5227,4.54373305114287,0.27461215009141116
train:5228,-9.076003148699499,-12.480907538668458
train:5229,-0.1287963640479406,-0.14847373294535698
train:5230,-1.0798552031953146,4.615589611420793
train:5231,-0.7202681083928444,-0.1316574473050657
train:5232,1.0191976093658424,-0.19248987128224104
train:5233,5.538730100800266,4.874715282856621
train:5234,1.0900972564130487,5.4724332620476535
train:5235,0.6894481569071734,4.3214116083232
train:5236,-8.940447450479967,-1.1288566162440368
train:5237,14.703809068501092,2.4101974334821805
train:5238,0.4182391280072057,0.19949039140158442
train:5239,1.3813675476757332,0.13781198882107232
train:5240,-7.576915290978149,-1.13099624307251
train:5241,2.685177814612779,0.04669124827147987
train:5242,1.5788608141769829,4.703745432356026
train:5243,1.0045713368892966,0.5018655419813234
train:5244,1.637314763270311,0.08235787738113086
train:5245,-19.01743405935962,-11.121170837331968
train:5246,1.2467347086699956,-0.1547318346978991
train:5247,-0.20461110812699834,0.14595834905485655
train:5248,-2.47901681832589,0.1576000417946028
train:5249,-0.8124719720133857,0.15447405812574685
train:5250,0.9670158485109466,-0.04112889177780904
train:5251,6.9089366012961495,0.8200101688427306
train:5252,-5.010058401656101,-7.705176572960342
train:5253,3.758907075493493,7.880073530419911
train:5254,-0.5824924339789231,-1.3952855225265126
train:5255,0.11705054100776374,0.06425550453863366
train:5256,-5.069740660090912,-6.767732417896177
train:5257,2.789799829885729,0.20244118759575275
train:5258,-6.0832348768415,-0.014276275492771329
train:5259,0.044182205123877966,0.015873089450699734
train:5260,-7.8390463606798635,-0.014434914313498234
train:5261,-15.048543417119586,-8.487345278554315
train:5262,9.52852896700137,0.3460758002910588
train:5263,3.5654678807022075,0.7518202989111054
train:5264,-1.3833652344110159,0.16149040208347198
train:5265,6.258904325754763,2.6072866237043812
train:5266,0.1046097246769307,-0.1817569279022343
train:5267,-1.7446327698322555,0.05835690802730716
train:5268,-1.6383172962790824,0.11100131481417642
train:5269,-2.6232632003154173,0.051621320543674264
train:5270,1.1281335846613565,-0.06540590979899472
train:5271,-0.05411880568018715,0.026148947595446587
train:5272,0.09771954620679313,-0.15089454423035226
train:5273,0.5593398850896665,3.096986973347876
train:5274,-8.185145066091813,-15.5744489980425
train:5275,-1.6239320829976762,-2.0706985760982635
train:5276,-0.20918495646216229,-0.051696205957398544
train:5277,-0.2511359977054043,0.07289946567771954
train:5278,4.319557762909216,11.00388989625023
train:5279,-1.2151091706190011,-2.2317828884302884
train:5280,10.361913144456622,0.33457762432617877
train:5281,0.15059856555331957,-0.0620412545949984
train:5282,-3.413867157984455,-7.962368905098966
train:5283,-0.8627894177814744,0.043285364093391766
train:5284,-2.1703062313593104,0.053201431675302974
train:5285,11.93146560362855,0.7422061016031671
train:5286,-0.9336147944209209,0.17455699099356017
train:5287,-2.3452612767188565,-0.10617523076094759
train:5288,-9.494374050838212,-16.08796742588139
train:5289,6.938370928593117,2.9744507531660074
train:5290,0.12096537023181822,-0.045379185290323865
train:5291,0.2506269735406843,0.025765190016529896
train:5292,10.544071140848562,0.6234768921319216
train:5293,-3.139388371477127,-9.884052814125532
train:5294,10.472027683030204,16.261102807659007
train:5295,1.1664078339185604,-0.08623410273828044
train:5296,-0.5170831018790674,0.07040746664853119
train:5297,-0.29443180986849404,0.016702804721695816
train:5298,11.75667560361958,8.954693472667161
train:5299,-3.8734152478846178,-6.398329940325553
train:5300,0.834961901222545,0.062118302943930725
train:5301,0.2711490843646972,-0.06745851353336399
train:5302,-3.683130046497048,-4.205438130542114
train:5303,1.3038417947193137,0.03243144434649978
train:5304,-2.182051881322675,-0.6161669050504723
train:5305,7.527736252593993,0.13360962934071957
train:5306,-0.5128370196626563,0.17691346225324267
train:5307,0.603779043107427,0.5864432871407912
train:5308,1.2407895891755953,0.2808773848844536
train:5309,1.635355605221482,-0.04571643544517853
train:5310,0.29799963832128296,-0.19729868186593014
train:5311,-4.706576730345711,-3.0213676735716235
train:5312,-1.4597017310103153,0.11993444941514489
train:5313,-3.5348235488833097,-0.9147458514759461
train:5314,-7.036299249456634,-1.304138817709499
train:5315,-8.922899642839957,0.007686070886063712
train:5316,19.75652230841351,4.915763363041326
train:5317,0.37154570620461835,-0.2327601647307922
train:5318,0.31256884229984727,0.2680001068692436
train:5319,14.52386035522449,5.702427596080215
train:5320,4.4151450562166,0.9668700571306568
train:5321,-1.4205406535665568,0.15186564787559342
train:5322,-0.39315403500389257,0.03719303420207684
train:5323,4.480301706209303,1.3109418239373891
train:5324,3.9605171774295744,9.987107499595696
train:5325,-2.3358839113071617,-4.248525689666668
train:5326,0.33113563063599516,-0.20880256426321042
train:5327,-3.659792633925364,-0.01687726738080443
train:5328,9.100372502781081,8.583919739390758
train:5329,2.7092581637203024,0.25456188654908923
train:5330,0.09441526855075594,-0.0197347634052287
train:5331,-1.232119767265794,0.0031600140278068983
train:5332,-1.799496168946678,0.13172336811081753
train:5333,-0.822568563220415,-0.04420936664827299
train:5334,-2.040091958584249,0.2369944917441153
train:5335,-3.4258857139218737,0.0821841165145433
train:5336,-2.2653249318110418,0.10227846224715711
train:5337,-2.1550499970516865,-5.085452179286942
train:5338,-6.207854344690218,-2.1867898088664814
train:5339,17.31602320966077,5.182091122809507
train:5340,11.664594245491651,3.104414751081659
train:5341,-3.195114655579359,-5.299378911610124
train:5342,-15.49265488511769,-6.098451211260112
train:5343,0.7308568730759116,-0.04032128893236392
train:5344,0.6275659136866347,-0.062319015192080496
train:5345,-1.5812936627380139,0.12890410518347495
train:5346,0.14442238256811066,-0.2553701911870554
train:5347,0.09549643182615986,-0.059702901258186725
train:5348,0.3334170920349313,-0.08160561541843919
train:5349,4.407287502779661,-0.13243651798850958
train:5350,0.48242387009742327,0.0799444844582559
train:5351,-11.056348371377982,-13.344983521719392
train:5352,-2.176829939413693,-6.923414165353266
train:5353,-6.003959643168957,-9.728279763750038
train:5354,32.82691644931185,13.102787634109744
train:5355,8.763935691666893,4.0797116695080105
train:5356,-1.7870164158606032,1.7038158565959034
train:5357,2.16870070167533,3.160839098690453
train:5358,-1.9369772025410819,0.06872863423637818
train:5359,-15.137799942711993,-5.9049546482162985
train:5360,1.0716973730934005,-0.16303669109160024
train:5361,-0.7666026146724855,-1.429207695251408
train:5362,0.7429177364130557,-0.06267595253871602
train:5363,7.544943276453797,4.068484263760522
train:5364,7.538978398008975,4.797333776936296
train:5365,-2.998055621070897,-0.03543629747613147
train:5366,-0.7697535861190775,-3.0281851483602003
train:5367,-0.1271911236698925,-0.03812145924206825
train:5368,16.754738841082123,4.846311515584386
train:5369,-5.985734917133337,-1.0935035555947796
train:5370,2.1086939315371303,-0.11051269002837621
train:5371,-4.835198664175057,-4.329965895631669
train:5372,-1.2952900615955594,-0.25793751512392704
train:5373,3.5556944064491263,0.03247994902190189
train:5374,3.4304519505165376,-0.17551894132390305
train:5375,-15.636961241333202,-12.588504604148095
train:5376,19.383093952611816,10.047562585730406
train:5377,-0.18943158503865692,-0.2450489669047266
train:5378,-5.316624328898132,-2.6559776739432346
train:5379,-0.23637025028470837,-0.24769846346816182
train:5380,-2.8139826336957747,0.041671870332221604
train:5381,-1.563273964870295,0.24592905295318382
train:5382,0.4806097659905103,0.3232825973547476
train:5383,-8.23609061402506,-2.0262045240478583
train:5384,-0.34345097636478517,-0.4832109176317632
train:5385,8.577896572495733,4.506357653058483
train:5386,7.178545387670234,6.910212274176415
train:5387,-15.117726708749904,-4.513485046945269
train:5388,10.581916272194263,1.278610461904873
train:5389,-1.714687499323218,-0.2919609770239266
train:5390,-4.155588402144229,-8.016425368583278
train:5391,-13.887540964352278,-2.9714209827019715
train:5392,-1.3749465267821126,0.11723915873169768
train:5393,0.7248889726739669,0.9885870269162811
train:5394,0.5869661521939673,-0.3907455989478623
train:5395,1.9405058617803888,4.494145031757092
train:5396,-9.961145548095912,-2.7742315019303367
train:5397,-6.847499456224263,-4.471394972204279
train:5398,-0.388736631064417,-0.015844260455549514
train:5399,7.1661098016498075,13.047145353061403
train:5400,1.5208764307289604,0.19319305792629057
train:5401,-2.9458115614076137,0.034692618185098105
train:5402,4.1374476529147675,0.08685197821794628
train:5403,1.9043878951597462,0.14799119426703994
train:5404,-2.266955393908157,-4.027311272525128
train:5405,1.0946907474695138,0.10352874158605148
train:5406,4.28910247902107,8.726985706097379
train:5407,-2.649449621079608,-0.0013697520115100864
train:5408,-5.527648989564349,-0.6759385032444416
train:5409,-0.993003225640055,0.005442016344666123
train:5410,0.9745086749689329,-0.14485870801979978
train:5411,-0.07363855657224094,-0.03351779490316806
train:5412,-3.548296828488214,0.03752414994210124
train:5413,-11.941050959783842,-5.062218439769332
train:5414,0.7649454792591694,-0.062165226838893806
train:5415,8.236023028058574,14.465544179472444
train:5416,-8.5785034615796,-3.5632661869882885
train:5417,-6.041840108167177,-0.2133765551536293
train:5418,1.883957140424152,0.13899307766711366
train:5419,-2.0209150835965644,0.02078119195815316
train:5420,-0.060585212778348496,-0.17186924982151436
train:5421,-0.3148442004031088,-0.06307682941483345
train:5422,-2.3899141800885273,-9.240267947453777
train:5423,15.279941939633963,5.0290565893428925
train:5424,5.071287264144724,1.4040504002136078
train:5425,0.39573438085209844,0.08950061881652147
train:5426,-7.141594463793348,-2.195791420656253
train:5427,7.551012296190251,6.362817039750212
train:5428,0.05034327832347062,0.09524528431385126
train:5429,7.141384148467349,4.056041958555021
train:5430,-16.260551856962604,-9.940701709849275
train:5431,1.5341293399221079,0.06986321565835751
train:5432,0.9589356000798478,-0.12405918990332529
train:5433,0.07237404312670764,-0.09785496699976579
train:5434,26.891009739889277,9.870979317677687
train:5435,5.284503076183539,2.0714457736022
train:5436,-12.950778888125896,-3.3532885912076975
train:5437,15.043846192840276,12.706313841232342
train:5438,0.5815043133810474,0.1459273916590852
train:5439,2.538814667887533,6.2918843730854075
train:5440,-0.18288126051576525,-0.027477964189935408
train:5441,-12.716694370026854,-11.505128141382665
train:5442,1.3005485588296883,-0.017063297077052522
train:5443,7.670576727146487,6.054589229439968
train:5444,-21.24987001542693,-14.018533139790842
train:5445,-0.47218263048353015,-0.1695294698766026
train:5446,0.31667719300891006,-0.16084941555258514
train:5447,0.8167427541846913,-0.12401154119278324
train:5448,-0.8433624177272805,-0.08513076403369246
train:5449,-4.5944439893302755,-1.2798134376737214
train:5450,-0.2424206733619419,0.02962145437180759
train:5451,8.935962228115766,3.149145762737484
train:5452,-2.544195784309658,-0.10279531085028062
train:5453,-4.061646448261337,-0.11110587367638203
train:5454,5.402448203038192,3.931305623361237
train:5455,2.975101591518814,1.3712401258419011
train:5456,-1.418288365676772,0.044011507616323345
train:5457,-0.4784509831609983,-0.043466674471380695
train:5458,-0.4050612434442312,-0.022671150857586392
train:5459,0.8250071095420682,-0.13735004160674325
train:5460,-0.4584808444284596,-2.1444552134971406
train:5461,0.6527569482660739,0.1160159849467045
train:5462,7.074010776695618,0.8670397314693756
train:5463,3.3580825862453487,6.744821031990304
train:5464,-9.197684809307935,-2.6256899280140575
train:5465,-1.672065816056854,0.12152911194939424
train:5466,5.726410840064072,1.2660163655975254
train:5467,-5.853785576053048,-0.311378825195491
train:5468,-5.1231288792127065,-1.812858135899781
train:5469,-2.3502000844912136,0.1908411518125283
train:5470,2.463725077288936,0.08024535610655899
train:5471,-0.37781458064625906,-2.4973011907624945
train:5472,-0.10778853173092484,-0.658492798110403
train:5473,6.603591544731913,0.3275113490849515
train:5474,-4.138702635572451,-0.0755462401742357
train:5475,3.8154009367050308,0.04436987157105893
train:5476,-2.8990632794603273,-0.5799817038964488
train:5477,-10.067849459368542,-6.373401961028309
train:5478,-0.3711188534940908,0.30339853365608294
train:5479,3.3046794897961784,0.04477246037689643
train:5480,5.146353144002815,0.7099603360566549
train:5481,0.29808309082953277,-0.07271670566857263
train:5482,3.8059338424125992,4.852699866656463
train:5483,0.03496860654243915,-0.26616504935860485
train:5484,3.456025146442948,0.9872100647781012
train:5485,0.5769302325876433,3.416629360388336
train:5486,0.2329448050378087,-0.1622861525701576
train:5487,-0.4248959752518241,0.20544619489772342
train:5488,-0.9477673170038367,1.4890392938275137
train:5489,0.20172612828868053,-1.2374973882096811
train:5490,-0.7606093763223535,-0.08966680714864972
train:5491,0.14913896026278825,0.016198070775893858
train:5492,6.710037892274347,0.29046347801282046
train:5493,-0.6624871259050408,-2.0020317910787875
train:5494,-1.540702502200236,-4.198618943823817
train:5495,1.6049756378031765,-0.2859988964521473
train:5496,-0.8816975710434299,0.02489296182415196
train:5497,0.21720703348550635,-0.12054417020558245
train:5498,0.43805177628197484,0.21159929829410098
train:5499,-0.03232933253032988,-0.004707016339985201
train:5500,1.3891037579112617,-1.735313996656049
train:5501,-3.530508194111304,-0.2775077250405781
train:5502,44.125394864403766,18.809485954107743
train:5503,-0.4394262424751465,-0.0003674171604065024
train:5504,0.6823976984803833,0.14983586987082517
train:5505,1.0899983454318223,-0.25018047624064976
train:5506,0.17930413626710232,0.04501198787689685
train:5507,-3.705654320144336,-0.1466021657788856
train:5508,3.2834286223889806,0.518047414999517
train:5509,4.436403362287486,1.9085840502383078
train:5510,-1.352656803499237,-0.04938424487043802
train:5511,0.4152645923649635,0.08565362741389418
train:5512,-15.712324202822334,-4.752800267660397
train:5513,-2.236618198806058,-1.3323388653450454
train:5514,-0.9515884655570704,0.08329116440019144
train:5515,34.741449954676604,19.087832031154086
train:5516,-29.377870948070818,-19.324258715607083
train:5517,10.286353058379758,4.31151208939525
train:5518,-0.6136165002242695,-3.263815725674487
train:5519,-0.27292105414869683,-0.16949237806600098
train:5520,-0.3878825794897376,0.003485280674621047
train:5521,1.1372580355076591,-0.15987561286348279
train:5522,-0.18546793958414992,-0.0956363060825493
train:5523,0.5761968268396538,-0.20182188550798685
train:5524,-14.108572487344787,-5.143494585802826
train:5525,-5.959785138857722,-6.807956489242286
train:5526,-8.768988112137304,-2.5110268726148113
train:5527,0.8558168922465963,1.4399133305978273
train:5528,-0.35370610409166525,-4.538968262115057
train:5529,14.442771482361515,6.25792082872561
train:5530,-2.1232855083544506,0.04393646803026008
train:5531,-3.323134987482938,-11.064388411090059
train:5532,-9.46793518042511,-14.07484877986241
train:5533,0.831274183699215,0.04420024786796155
train:5534,-0.5598510013785487,-4.28123638679299
train:5535,4.129778390652431,6.344293960179006
train:5536,-3.3448437976234286,-0.09634561562990016
train:5537,-18.649947336178727,-12.749986369496797
train:5538,-2.7177551503947415,0.004776075683557174
train:5539,-6.766567725131696,-2.3883736705687375
train:5540,-5.768281856291241,-4.71263611385449
train:5541,-1.0220546942153304,-0.11287743561503905
train:5542,-3.0904800875614353,-0.8522980791470707
train:5543,3.1888999439076966,0.05741078153534602
train:5544,0.47560122074607836,-0.025696415994577934
train:5545,-4.64845426670298,-5.1492489522352365
train:5546,-0.7210047685561974,0.08939248192253677
train:5547,0.0023736607819093425,-0.19442021470243498
train:5548,0.07326830997695036,0.14299585467426773
train:5549,2.3254087050081926,-0.0022853490901298956
train:5550,-0.8932770133650157,0.23154285155053825
train:5551,-6.778203654805663,-0.34495718536827114
train:5552,-5.819958252931832,-0.3770475932926866
train:5553,-1.4424403119222928,-0.04002426912593099
train:5554,2.4489411981255005,-0.06271703885199781
train:5555,3.901900972484552,2.752065376095937
train:5556,-10.362586051680719,-2.6303877484875615
train:5557,-1.4393170030062903,0.2955912781676834
train:5558,-0.07381452746011039,-0.883234931761776
train:5559,-6.119899585243211,0.04983206866457646
train:5560,0.007304681203217783,0.10179954990796629
train:5561,6.07656780143431,2.2255643865640518
train:5562,0.12830930718692427,0.2857826341757069
train:5563,0.8403821300104601,-0.021876672806661834
train:5564,0.8524594978826618,0.10344343042166777
train:5565,-0.5890024269971315,0.2161480382211488
train:5566,-1.3925566332305106,-0.06876271865844069
train:5567,-0.09825704650594377,5.83778017811142
train:5568,0.1287147143579207,-0.15842846160677987
train:5569,-5.679688766516506,0.08074837812264087
train:5570,-1.3213149238827762,-5.708782339020008
train:5571,0.29862099919747187,-0.03415377679417572
train:5572,0.14942837077189983,0.0871741063269403
train:5573,-1.7401416766306204,0.13847578957003118
train:5574,8.407367067114071,0.37073415065739107
train:5575,0.46477540803938394,2.7027988919683947
train:5576,6.273889048837774,0.28630634200923966
train:5577,-21.13027304031706,-6.3350142196286
train:5578,2.7524158956886837,-0.02244374952643649
train:5579,4.64730528500285,0.4389374307051569
train:5580,-3.226662028280201,0.13197473645804847
train:5581,0.026078589831428675,0.1292133938195684
train:5582,1.1410963859706715,-0.2120963170446336
train:5583,-15.212158684603244,-4.281884922835278
train:5584,-4.302000830016408,-0.17819097829531927
train:5585,-15.468267226216556,-2.9934209915346486
train:5586,-1.2927478982801826,0.14005247684221972
train:5587,-0.14292773293099365,0.3439759758285775
train:5588,-3.11210893206728,-4.815025489125662
train:5589,0.13436844744816717,0.14818485631662337
train:5590,1.71251779349015,0.08349317210716023
train:5591,-1.0248602327169105,-0.17703485509102895
train:5592,-0.03679276320137492,-0.30596399149089554
train:5593,-0.0525462256848942,0.11093997066587376
train:5594,-7.193597231803251,-1.3816818156667512
train:5595,5.70451513349842,8.163331133833148
train:5596,3.5709594741698796,0.10093260016555859
train:5597,1.2571304736322269,0.33246809892861706
train:5598,-1.0012857127401715,-0.2207817924794313
train:5599,0.44696469012964996,3.8119949640936084
train:5600,-3.4837971054824575,-0.15543857635066985
train:5601,-1.6346809520268475,0.045401879870643806
train:5602,-0.8852383749589218,0.10153833796484493
train:5603,2.9330773259298932,-0.13403146584437894
train:5604,0.6990184626582763,-0.8914404962317128
train:5605,3.991820933894634,0.28197615844312135
train:5606,-1.142726091311638,-0.24581819399228005
train:5607,-7.893349535435284,-7.127081873507283
train:5608,0.07005283136868877,0.538053168369117
train:5609,-1.4117428065478057,-9.751228752290876
train:5610,-4.981884462937771,-0.28842812472493295
train:5611,-4.294910388772295,-0.696504200293316
train:5612,-2.069957728375121,0.10636712106193491
train:5613,-8.379389961143806,-5.507882821223351
train:5614,0.3723207219776127,-0.06403493941483512
train:5615,0.4233462355455037,-0.17767226359013671
train:5616,0.6650795595817397,-0.01453049705620238
train:5617,2.9802844804434336,-0.014689991841789318
train:5618,4.748498076315628,5.043858504345897
train:5619,4.025658020261941,-0.19069662490046307
train:5620,-8.334625012902334,-12.110416273795867
train:5621,3.2529380048483163,5.777416394895115
train:5622,-0.281453201398842,-0.3192348706809126
train:5623,-3.2605265447198577,0.09423838431682749
train:5624,-21.53829676126575,-4.349235661882447
train:5625,2.080352041740219,2.3741618835178535
train:5626,16.767390148349502,7.075573272270806
train:5627,1.224622815940911,0.3331049367844847
train:5628,1.901073040653778,1.626586141777425
train:5629,-1.537044771789898,0.21441128552013328
train:5630,-6.468215012434187,-2.064157720620289
train:5631,-0.2077534786187012,-0.02372270368814211
train:5632,-8.559412131224327,-16.122113576077997
train:5633,-2.265178948036165,-1.582850391751079
train:5634,1.1074922227600952,0.026988363801523085
train:5635,1.8495482067858293,0.058612270877218264
train:5636,-10.934443550858907,-18.779918705087972
train:5637,-0.30361611871166133,-1.9716450385474658
train:5638,10.234143867452513,16.571748433377234
train:5639,-8.076138888407744,-3.6257093941712437
train:5640,-0.7557442578121559,0.08834592222033125
train:5641,-8.474882876405648,-16.543435458199035
train:5642,0.02707223257937838,0.1589570314193818
train:5643,-0.7831622423331925,0.004824009715719252
train:5644,-2.161469098897957,-8.305462446731486
train:5645,1.6520786510250849,-0.049330604405875694
train:5646,-0.479638844768677,-0.10226004749113735
train:5647,-1.3403334948088506,-7.919905629678999
train:5648,5.166430097296749,6.894128694456317
train:5649,9.723878503611031,0.14956481433181337
train:5650,9.551017906996139,2.7179041038534715
train:5651,-3.7279624076281914,-0.42656516044584
train:5652,1.1354420717348244,-0.18824970668723667
train:5653,-4.8404312991630905,-0.4862689947550562
train:5654,17.656743761226288,8.214985189276954
train:5655,-23.213258804228598,-10.330319794841017
train:5656,-5.69417370438298,-0.07362944953099232
train:5657,-32.70575427348894,-15.554834848596368
train:5658,-2.6154804984318387,0.11024007673198333
train:5659,9.446455401032694,3.421115186898171
train:5660,-3.1172392854296027,-6.310825223327188
train:5661,5.954282679234185,0.9087061036046475
train:5662,-0.5576210294798281,0.03865430887897038
train:5663,4.183438585915319,0.07912817930340041
train:5664,-27.146468966256144,-7.671568539339081
train:5665,4.292291341160823,-0.19295095102018112
train:5666,-1.5037567517860624,-0.009530520987104954
train:5667,-1.6045301884334293,0.4325856008004407
train:5668,-2.180585534743176,0.2797077089032127
train:5669,-8.314920922625763,-3.1595900204569145
train:5670,4.889529095926014,0.33566698227138614
train:5671,18.36923756592292,13.232026915110563
train:5672,2.6539077645925557,5.421523325388839
train:5673,14.250307217429839,2.7918292236689664
train:5674,-1.03868173476571,0.040742863137461206
train:5675,-2.2522166116433304,-3.977333766920514
train:5676,0.5805493749300994,0.12031492579543143
train:5677,17.620444942094732,9.757062948958012
train:5678,-0.5969492443983265,-0.10041201935831698
train:5679,-14.858405594256334,-9.454022916161712
train:5680,-2.6435182166213824,-1.7182139586646554
train:5681,6.441305938382486,2.36119487185315
train:5682,2.946354875696507,0.05762848193141548
train:5683,5.6155919530225304,0.45794270381418334
train:5684,2.550661204727166,-0.10696043585922174
train:5685,0.23395669575761807,0.28521427350864215
train:5686,-0.837880587505699,-0.009056316454644331
train:5687,0.3001880001949988,-0.07056024486451887
train:5688,1.0329205491207758,0.10138611888056831
train:5689,-15.095542753966342,-4.479277552600362
train:5690,6.491779596088023,0.2015755218006351
train:5691,0.8417327123863141,3.191169357541012
train:5692,2.2697684304548535,0.0845297455526653
train:5693,1.5960069339778413,-0.06622678009977043
train:5694,7.928744848768416,2.426651360665056
train:5695,-19.405656057570837,-9.845971508145716
train:5696,-6.533211266241119,-1.8323926806139306
train:5697,0.053261791529812516,-0.13983804613325146
train:5698,0.5110831816213961,0.020722130382810594
train:5699,-12.906835912221949,-9.031988871277118
train:5700,0.42453154011253974,-0.20320284214884687
train:5701,-8.83096054915506,-3.3944941689266495
train:5702,1.4649423289599448,2.3954297570735785
train:5703,-6.221024033833356,-1.0127235838584867
train:5704,0.5895980443900807,0.06290678924083501
train:5705,-0.9302432201043312,0.15864175102926809
train:5706,2.5860729632139288,0.8179267503734
train:5707,3.5667161814523514,0.21768178458952547
train:5708,6.356279222929671,3.6810294872917133
train:5709,0.6802626857728049,1.3389622616131376
train:5710,1.3215318668023577,1.3954405350081134
train:5711,-3.860200461842871,-9.55473117644777
train:5712,7.134410866176322,0.42387187852526176
train:5713,-10.543889531581499,-7.428007732918169
train:5714,0.8015813628390894,0.07128026548414915
train:5715,-0.9221334494767207,-2.3733503459886043
train:5716,-0.16996715920778266,0.009612990446817501
train:5717,-9.150244731637663,-5.044404669745477
train:5718,-1.9607725578460586,-0.14944368379258915
train:5719,-5.106635967066951,-0.5772417603794697
train:5720,-0.2278648357321919,0.09168332920961637
train:5721,-0.24902202246856853,-1.9896685199620299
train:5722,-0.7134117525966632,-0.040292756770362675
train:5723,-1.6268075914295714,-0.17972258475154584
train:5724,7.372720080333671,2.8472620786482166
train:5725,-1.4154109975789546,1.2808028732330483
train:5726,0.36581328600004714,-0.3849598471372507
train:5727,-1.8346462956840388,-8.52770516299155
train:5728,1.9480126357327903,4.958662039253432
train:5729,-0.5101744429788299,0.03660883818510143
train:5730,-0.37249500627637233,-0.1403912847544555
train:5731,-0.5094147694496921,-1.6671523735648048
train:5732,-0.09744332643594777,-0.11160589981545377
train:5733,-0.3096104031238744,-0.22024624379866803
train:5734,5.072553696637607,3.366930328684855
train:5735,0.03658465622865889,0.12240076949853214
train:5736,2.6299736317181495,0.022531925418549287
train:5737,-33.38201806669313,-11.68232428027517
train:5738,-4.7130641749146145,-0.22910462413519322
train:5739,0.1394375480641843,-0.04338336055833705
train:5740,-2.2614066157133834,0.3436248875751522
train:5741,-0.4184580442880934,-0.23533405106492417
train:5742,-0.07279426824365204,0.0898304506092558
train:5743,-0.3030081241842868,-0.046215748280200225
train:5744,-0.5735307039007955,-0.0954571241051815
train:5745,7.631688323218541,13.424608737040618
train:5746,-0.0225516740289238,-0.09823986586516253
train:5747,-0.35692669678121236,0.21934107247070764
train:5748,-11.416975716805572,-0.3932273263987302
train:5749,-10.51963762829267,-2.932176135155745
train:5750,-9.615696795923702,-10.277996374876663
train:5751,6.214894866794105,0.7504122367163439
train:5752,12.390898859158028,4.643598493570931
train:5753,-1.9843656744820177,-0.8262790299748992
train:5754,0.026594879583024478,-0.016286366305758734
train:5755,-0.569164440774175,-0.06701883291692487
train:5756,-13.341352433895484,-2.4834314214920714
train:5757,3.6230691729702977,10.41375804829209
train:5758,-0.010393991834715566,0.02495658854541473
train:5759,-6.45881719069735,-4.943681572735177
train:5760,0.5163329022900878,0.09478021007323105
train:5761,-13.9914674645704,-8.211989372085702
train:5762,17.538435534600364,6.465419835593154
train:5763,0.037142556005259494,0.2654691614389235
train:5764,7.238470332507866,3.567093146058639
train:5765,-0.23980784274152905,-3.7041414542964546
train:5766,14.354768371600535,1.8334705658754615
train:5767,-3.1468465616573162,0.3429914735787246
train:5768,-3.487641034943236,-7.148263579933764
train:5769,-0.424579134670363,-0.1303231407490777
train:5770,0.26589506321856105,-0.011100075218793207
train:5771,-0.5070336996948087,-1.949591389250227
train:5772,-0.8233658949844734,0.19500028506744915
train:5773,0.9892686109336226,-0.08361028512064636
train:5774,-0.13636415828840764,-0.09173011044376944
train:5775,0.0905362378957,0.16534680909955968
train:5776,-5.163478050722384,-4.223195977528446
train:5777,2.62453085448093,-0.1219686383934944
train:5778,11.409996682439967,5.224641706645198
train:5779,0.35443677972219984,-0.1033485494714847
train:5780,-4.186405855970685,0.07441994459076567
train:5781,-3.046931825749434,-0.09177019813138118
train:5782,4.180943844080953,2.858908621855503
train:5783,-2.5655526526744095,-10.883583524347637
train:5784,-0.6277918037147299,-0.10939679717250769
train:5785,-2.0141193994010886,-0.1610625508027344
train:5786,2.2005428314248094,-0.018063492016006016
train:5787,-2.6065136542724257,-0.7263839363058753
train:5788,0.7798809211952481,0.028650932881335384
train:5789,-1.2593187761245148,-6.634369668842937
train:5790,3.1397610614176767,0.2490219393141183
train:5791,-9.4416013811366,-6.0344929462748915
train:5792,-0.40238913597255455,-0.21194181538739693
train:5793,-15.065522166987463,-4.069254121310192
train:5794,-7.999495546931314,-1.524758624594933
train:5795,-0.5767974395510322,-0.04170766668400419
train:5796,-0.9521942517311625,-1.2973685636490346
train:5797,-0.10126133680293803,0.06020465083850751
train:5798,-8.378611690955449,-13.692607970677708
train:5799,28.65470760198637,11.854555763160583
train:5800,6.787305151667608,14.074668396779686
train:5801,-0.43941136514777046,-2.1488261980549206
train:5802,-0.8431613413494641,-0.08913354104084653
train:5803,-0.16560624262068796,-0.6322153902113101
train:5804,2.9215924941120894,0.5600797121124548
train:5805,-1.2598985269756988,-0.0428095787804921
train:5806,-0.18100241678894258,0.08976967710419316
train:5807,2.47636197214542,7.140621465844475
train:5808,-0.3522367355550434,-0.13579560942091565
train:5809,19.716039240957446,4.939748639706049
train:5810,6.564461849150589,0.18141526677379843
train:5811,18.790554178882083,3.672099491228565
train:5812,-0.18588218016827585,-0.385611664378169
train:5813,-3.521314935625887,-8.75858570597587
train:5814,4.483208364045393,0.033664176405763385
train:5815,1.417696586378523,-0.24095032183324838
train:5816,-1.6830648101525347,-8.661703608614177
train:5817,-2.558821591869723,-9.108060180318347
train:5818,17.115833892489096,11.382944233582634
train:5819,-0.2508086965031319,-0.045059625075909965
train:5820,-13.095519476334195,-1.438618886226707
train:5821,-4.071807197942675,-1.2034288454937196
train:5822,-2.834721628057941,-0.12628441321780207
train:5823,-0.5224396371091539,-0.25200225478442895
train:5824,18.00282572964494,5.642511767807329
train:5825,-9.902926846741716,-15.677541405785384
train:5826,0.23307265706994634,0.040970835111851116
train:5827,-3.5689372605565146,-10.187601920510811
train:5828,1.7787035361124417,3.876047385213434
train:5829,0.050262847772344035,-0.007342104161609797
train:5830,-4.294213014051544,-5.523614314064355
train:5831,-5.098398576865443,0.10192152490052159
train:5832,-9.451315346080179,-16.009726531241586
train:5833,-3.846478451920899,-8.053828179750703
train:5834,-0.3088943155147835,-0.006303961447194653
train:5835,-0.45537148300687225,0.5686106858900157
train:5836,-8.705241553829959,-1.3081692709137944
train:5837,-2.3410998093018964,-0.010918895990085331
train:5838,-5.3045597462291445,-12.705279895500293
train:5839,20.252123276627042,5.881284877444433
train:5840,-3.285307522963495,-7.853967232650892
train:5841,9.239281178657983,6.477466685033318
train:5842,1.20093485634293,-0.007726717705386521
train:5843,-0.10034452150339104,-0.025893145251576502
train:5844,-0.42186123292535704,-0.14690974248525895
train:5845,11.654613418488267,2.3060924193098735
train:5846,5.2094302225782405,3.611086316005112
train:5847,1.345424622109999,1.1989620757135495
train:5848,-1.6225429125539406,-0.030711228787916017
train:5849,-0.05062844520282961,0.01799845019817216
train:5850,-2.5574054562701187,0.17643554853972188
train:5851,7.34690466292092,13.73372161501614
train:5852,-1.9029699567419116,-0.2405114971816693
train:5853,-0.9495214468847651,-0.09885744451167938
train:5854,-0.10045342818894828,-0.27965034774606123
train:5855,-7.501804314221449,-1.3931380493534893
train:5856,3.476036081596651,9.762021838713828
train:5857,1.0448056740282905,-0.11284177041253751
train:5858,13.227201782277863,11.215024471199973
train:5859,-1.5646026961715656,-2.789806923845194
train:5860,1.0236324476733367,0.013145414763381116
train:5861,-0.1977952000646207,-0.2757324539208609
train:5862,-0.5065504190133284,-0.1236498960394175
train:5863,-3.052461542368507,-4.89293541068625
train:5864,-4.8680877858386244,-1.3427374117863975
train:5865,-0.004385992386327697,0.18066401494830575
train:5866,-3.992033573803035,-2.971545382928297
train:5867,1.660382989199785,-0.29182145475174054
train:5868,-23.258712758694173,-10.304106726967238
train:5869,1.7597258778366518,3.008126408011212
train:5870,2.29838450474614,-0.1869085524123683
train:5871,-8.34048203072368,-1.8321550077044602
train:5872,-1.1884675966204004,0.06540920250915383
train:5873,-2.3547627748308453,0.10217289324775253
train:5874,1.9607043907339734,7.14532356614228
train:5875,-0.9288535847441154,0.06047199719645913
train:5876,2.2842933511386505,-0.40379292864859967
train:5877,6.13441038535578,2.71856119954436
train:5878,2.898589821406366,-0.20788126075219032
train:5879,-19.964414999827405,-5.691343481604849
train:5880,-1.6405077502769605,-0.8766907950851714
train:5881,5.107237860832386,3.7959136669464693
train:5882,0.007417307220619035,0.02291011922587574
train:5883,3.4660668775052783,0.6384072018639309
train:5884,-5.691428372565625,-0.023924996716730915
train:5885,-41.394827572796366,-13.201310390605384
train:5886,0.16148597969368034,-0.10690565410817937
train:5887,-5.29095675492618,-0.1709050054066824
train:5888,-0.06432872027933853,0.12447762557060246
train:5889,6.8507271982715645,0.24743526578522934
train:5890,1.956501778208489,6.665291054271285
train:5891,-9.571858891144348,-0.8681422740279796
train:5892,-8.807158685019356,-3.777422888537201
train:5893,1.1634040085380466,0.08500666064051604
train:5894,-1.1680963511943099,-0.08500151333982686
train:5895,1.6359337288649844,8.448212787907496
train:5896,0.05640334841767454,0.02715727420057043
train:5897,1.018224539172155,-0.18782200957883805
train:5898,15.351564183120987,3.03292057146867
train:5899,-1.1084122330935777,0.17271381332828
train:5900,-0.8476101271513734,-0.13592899727827146
train:5901,-7.8624316596490385,-5.6845180178109125
train:5902,0.09256362243804256,0.0415015333250742
train:5903,1.394575359970272,0.030466434349474332
train:5904,-1.6143436455038338,-0.13907181492270812
train:5905,0.128984365916611,-0.05108590301219201
train:5906,-2.8363785903944447,-2.8710608147923273
train:5907,-14.593518499658213,-6.086937913249372
train:5908,-7.922980522403503,-3.125065533792173
train:5909,-1.4589857596303446,-0.1629821946621779
train:5910,-0.19707109264624117,0.2199265524349731
train:5911,4.096449457998311,7.350591928584566
train:5912,-2.253170155344837,-0.624209693536192
train:5913,-0.5369894308246573,-1.974633639856286
train:5914,-3.5874855684625624,-7.219529502250744
train:5915,3.085746599796648,0.02965583562701908
train:5916,2.427142194187793,-0.31285850311687535
train:5917,-3.571331580431092,-0.1126209314786479
train:5918,-0.19641114370217072,-0.37601986481740196
train:5919,0.0875908757626092,-0.03174609030370101
train:5920,-2.9811689246661577,-0.0175203823123124
train:5921,1.01082597453059,4.941008619980024
train:5922,-1.8020046258172187,-0.004764223324797701
train:5923,-0.06508374464367134,0.08093440781888896
train:5924,0.5472650742581076,-0.06794641350358521
train:5925,2.7087156061875586,0.6957177940896857
train:5926,-2.8984626073675206,-4.546873382919122
train:5927,13.467559883364778,3.5560860086018002
train:5928,-35.5864065413248,-13.375147723387103
train:5929,-0.11204739915054968,0.7001528333511584
train:5930,-0.09756432094999803,3.0094634251225902
train:5931,-2.6239982332710885,0.022480567526947062
train:5932,-5.46820988244884,0.07533753892072557
train:5933,-1.0332649928513984,-0.018040523625595023
train:5934,-3.4467042090022053,0.05716454897727531
train:5935,-1.9668355336682657,0.03402525091588909
train:5936,-4.180155518806837,0.1166806416605234
train:5937,-1.0152776066790743,0.07549945894008261
train:5938,2.039758091703558,7.425924825273202
train:5939,7.553726013686932,1.4821300881381032
train:5940,8.559491458865681,8.29811934969997
train:5941,3.2186188000907303,-0.10411948848875821
train:5942,1.5035471338347848,1.054397599858623
train:5943,12.88902246419476,9.351041724031756
train:5944,19.589952031779788,6.87603930374753
train:5945,-25.37961339142349,-17.90190761411563
train:5946,-0.3009587723382406,0.12917002493332652
train:5947,-18.74386976356944,-4.484653297243016
train:5948,-1.870406741531176,0.13146857590414646
train:5949,11.47523655248268,1.9572393754557835
train:5950,1.717839227525959,0.050666349081492736
train:5951,0.5899604467866308,-0.2914809233982557
train:5952,-4.7493253358112515,0.18642408781311623
train:5953,-2.3081079410961394,-7.627190185205591
train:5954,3.36869151541389,2.830736821060338
train:5955,-9.33931975542649,-5.661397836298067
train:5956,-4.297405130606661,-4.2827517299168765
train:5957,4.455892196233586,1.9128320611778624
train:5958,6.8339576608199115,0.3325683894780514
train:5959,-2.9206098337491233,-3.082885868062499
train:5960,-8.215828623971886,-7.07021270949289
train:5961,-4.731610158238261,-0.03728289900085177
train:5962,-4.843182209978212,-0.8258670255556013
train:5963,-4.774297394728375,-6.815976879980835
train:5964,-0.7277374565685655,0.004185459930131488
train:5965,3.079332612031663,6.4067114884161604
train:5966,-0.5651817337439675,0.13456317419480102
train:5967,-0.2977301598394048,-0.054220446329648314
train:5968,-10.15636211859215,-13.452047606412847
train:5969,-0.6780295163064128,0.00716222039172093
train:5970,2.332945930990067,1.2161798088731983
train:5971,3.346701895719177,-0.042161613381443946
train:5972,0.026263859048908128,-0.017553194298613822
train:5973,-10.209041804997662,-11.174928854401745
train:5974,-0.44202628789234555,0.09072864306905486
train:5975,0.08527024515019094,0.4096087934016515
train:5976,-18.3459849412275,-5.198437258238895
train:5977,0.49508238357025064,-0.006556328420095625
train:5978,6.356302003837215,14.109154650347346
train:5979,3.227423388398449,8.927710607062588
train:5980,-0.10593444480668879,-0.5076823466717848
train:5981,-0.6243165530229886,-0.08180334330110778
train:5982,-6.4382437066022415,-8.127316757487579
train:5983,1.5619541263635823,-0.3671400853593758
train:5984,-1.319325313804474,0.11466370312865569
train:5985,-2.666279597673726,-1.6117236557490446
train:5986,0.8403179715361511,0.2199403905335437
train:5987,-0.38207786477244865,0.011354165632943225
train:5988,6.328464199734287,1.259382352610617
train:5989,-2.0531988840025193,0.15829537058257304
train:5990,6.539613922933759,2.253159267043552
train:5991,3.1938903574093893,0.14656066299470275
train:5992,0.37822609111293004,-0.20645408200888826
train:5993,4.658755248084616,0.010912202443544003
train:5994,-0.8460468454856904,0.27523900169057836
train:5995,2.305168101113123,-0.14952100595161252
train:5996,-8.432606161167815,-6.661869537222973
train:5997,18.023616794652924,12.125716300528534
train:5998,5.886687542301257,3.512408404367061
train:5999,0.7486066869267001,0.27377943894340495
train:6000,0.026499687933642005,-0.06624318609292112
train:6001,-17.188497257052774,-4.597862068345059
train:6002,5.807922322007822,7.574036990151362
train:6003,0.16097573385633102,-0.029961118248903393
train:6004,-1.6827328597854576,0.16161908213409756
train:6005,-1.7335670602216227,1.6197264393890867
train:6006,11.30695538320072,4.3280276460480485
train:6007,0.5460455983297547,0.7069432025858338
train:6008,21.84584581378723,9.489872947254154
train:6009,-7.3041934238506325,-0.6287868229644311
train:6010,-28.673758657684655,-17.48387606091657
train:6011,4.8722448959304465,0.19550387772677108
train:6012,-3.9068441375820453,0.038381398749428516
train:6013,0.7578801435050033,0.024510060210095316
train:6014,0.7624535269236867,0.07622902632245435
train:6015,-0.3980142718910449,0.024713779846784176
train:6016,2.2350721784315817,6.49017034484275
train:6017,-0.32503168278207606,-0.4692915023994579
train:6018,-0.022695798137878975,0.07870861386117217
train:6019,-3.859182294750575,-0.04359621048686632
train:6020,1.4744322041599212,-0.0702943251146673
train:6021,-1.607740436731285,0.22002841225331754
train:6022,4.192055812881395,-0.0005135018298528526
train:6023,1.3394316162181075,0.13631904344435739
train:6024,1.9425498670869095,3.64254587782768
train:6025,1.778323931806113,-0.7560668004006259
train:6026,-0.14754307506204223,0.03945891584740537
train:6027,0.2027252338052761,-0.07944516011170524
train:6028,-0.3134485211286463,-0.14641499479615744
train:6029,1.759463200025169,0.17857232215199478
train:6030,-7.1363399777307315,-11.191616745313032
train:6031,-2.978841552764772,-2.5326650936333124
train:6032,-3.5811468971674185,0.008453300722277082
train:6033,-2.9175976398719605,-10.024727785656449
train:6034,-0.39986440702519654,-0.03268494109435183
train:6035,-21.33913769901487,-9.307864633737395
train:6036,1.6292614799950815,1.2784324212139853
train:6037,7.984699406862573,12.77502385247725
train:6038,-1.2218130338095783,-3.0301430253167254
train:6039,-0.5244576070927663,0.036452481937334635
train:6040,8.981132583528234,1.725383032531021
train:6041,1.0398543135109601,0.3689468960296333
train:6042,2.238335892124695,-0.007191739667863253
train:6043,0.731706275485786,-0.046053400278413176
train:6044,-16.568014143179038,-4.83313428170461
train:6045,-0.6357249060797502,0.17818942053793813
train:6046,-6.061136466690351,-4.697999114747853
train:6047,-2.118023583628146,-2.828299663601068
train:6048,13.748254138299918,5.512544346032238
train:6049,4.513797543879924,0.003741214167772164
train:6050,4.168718400309712,4.968000615876438
train:6051,-0.5460613461086636,0.05111943981407244
train:6052,0.6743685908621396,-0.0484797753349987
train:6053,0.7174242736630508,0.3010073958195689
train:6054,19.312978968354575,8.223117426090548
train:6055,-2.1470934164044007,0.13040860608580035
train:6056,-0.012312469691500877,0.1510710271638589
train:6057,3.315928608958368,-0.2481274445238505
train:6058,-15.756111896621793,-4.886008372395589
train:6059,0.3149277122927867,-0.032028416046703284
train:6060,-9.83596492605523,-5.4492851788349235
train:6061,2.5096839310523325,-0.09834343761322703
train:6062,-0.24615127943059806,-0.15777921226044161
train:6063,-12.116924215192377,-2.80649880925916
train:6064,4.516083073298064,0.17184072917104207
train:6065,-0.7383705613940924,0.0156124481508184
train:6066,-9.707460151178969,-1.0628431796298663
train:6067,-6.331792709895003,-5.851823768067308
train:6068,-10.8093707894417,-8.540049888203006
train:6069,-1.4949530933113047,-7.831013678964134
train:6070,4.0415344531545525,-0.15572675118688237
train:6071,4.97403649967011,0.45265597951697345
train:6072,-3.2831024240964815,-0.2927567390221412
train:6073,0.13746955660222565,0.16870590053196574
train:6074,0.34919484640455667,0.15073891279816443
train:6075,2.0907138677993737,-0.012184012053220353
train:6076,5.58651654124851,9.048171683102106
train:6077,-5.52503011502969,0.29941144933802954
train:6078,-6.742214470050119,-3.8801577882902087
train:6079,4.402166912663429,6.85880930175822
train:6080,-0.27083776339957405,0.05115396373009394
train:6081,1.22674887900624,0.1136382572263311
train:6082,-0.17949934180748445,-0.046972706538093156
train:6083,-0.5845996679267917,-2.240190460607194
train:6084,1.2990122423198742,0.09494655257769828
train:6085,22.883926208776128,12.298279957598519
train:6086,5.4416834346605905,-0.021492915227745144
train:6087,6.4578295350159545,4.344905561158262
train:6088,0.37943905821055585,-0.08215685678830315
train:6089,0.7077193745908432,-0.07340632802414263
train:6090,-0.12468568875647529,0.05693557837721536
train:6091,-2.876570620133713,0.09868826030254099
train:6092,4.443452890881314,5.985378764073559
train:6093,0.60798037711259,-0.17502447895642154
train:6094,-4.061828695521693,-2.5461034566142766
train:6095,-0.2141895499165099,2.23472278258402
train:6096,2.720047945399758,9.339511306723814
train:6097,2.048087535368205,5.802698743644415
train:6098,-1.767405308880131,-2.5963514471146616
train:6099,2.43090150884912,-0.10227944936129818
train:6100,1.090887033284299,3.2598850752183197
train:6101,-7.4442281274433055,-2.4439103826176725
train:6102,-0.7683232705668178,-5.828940974142313
train:6103,-0.32959344328874696,-0.005981262694960618
train:6104,4.132811040854736,0.0651187450999812
train:6105,-17.163823209599652,-11.937636913581153
train:6106,-21.874596886934675,-9.362213266560598
train:6107,1.7291106626792132,-0.1455904153143216
train:6108,-0.2542964999398467,0.17695939903406466
train:6109,-5.196777693638232,-2.136272474756805
train:6110,-4.0646195891541375,-8.797156053212387
train:6111,-2.923762432403397,-10.222642839307776
train:6112,-17.03033824938427,-22.886471750586466
train:6113,4.367751005277898,0.4673668769231932
train:6114,-2.8033053618046,-5.5879651815987135
train:6115,1.561681685306009,5.467477225508038
train:6116,0.5183760939927673,0.6819565540304746
train:6117,5.594237874156662,1.111288876298567
train:6118,-0.11450192570935208,0.0047013214191139185
train:6119,-8.654303444560401,-10.255268795912954
train:6120,4.2227124056055985,0.17025662353673318
train:6121,-1.187609825713877,0.04430110906063594
train:6122,0.9822423281638185,-0.13935941911568064
train:6123,6.799996906668792,0.7182699002570863
train:6124,1.1265096313949683,-0.12690498774132905
train:6125,0.4718546912879651,0.21367658234860132
train:6126,1.562447402749393,-0.14923197515053996
train:6127,1.4704069572717477,2.4005073406233195
train:6128,-1.5587098797812216,-7.094136927330931
train:6129,1.9482622958828189,0.043210110516113495
train:6130,0.48175078726277865,-0.21122851133736592
train:6131,-1.4644589888970367,0.12101667431985196
train:6132,-0.7448177906874331,0.09971941263726583
train:6133,6.992495110503544,0.12064375896249574
train:6134,-4.694400102804922,-11.55052965884552
train:6135,5.589160986189596,6.909560599596308
train:6136,0.2769491499171812,-0.14436296170502821
train:6137,5.423483814114919,0.4996764118517782
train:6138,-1.140230187186071,-1.2570152416090599
train:6139,0.8706172759450895,-0.14925251830718084
train:6140,1.5900838980162653,0.007728869129065577
train:6141,-0.22000867704469446,-0.017970619828691983
train:6142,-4.083091650757384,-2.927089706635784
train:6143,-0.10915399143415477,-0.26705725006438363
train:6144,0.6541758733645614,0.026050226314922292
train:6145,3.010852274119861,10.74511459976378
train:6146,-6.381213331772206,-2.327624703165416
train:6147,-3.631185393047207,-7.680930512334927
train:6148,-0.5318869724511643,-0.039157034061903295
train:6149,0.6276035719215551,-0.233744238998215
train:6150,-0.02701952140653363,0.32621998343277536
train:6151,7.848386824612787,1.3289160873725006
train:6152,-5.998883685034853,-2.3859869552173336
train:6153,1.082134748080637,2.0229887469106327
train:6154,-0.8831890231128755,0.1879385749721421
train:6155,-1.0160303064610048,0.38608431115324854
train:6156,-4.699160382648767,-0.11308258185982797
train:6157,-9.266262779680641,-7.179321979558595
train:6158,-1.6172623911684156,0.15436848912634227
train:6159,-10.041681170347092,-12.507230170044322
train:6160,15.012539646876334,10.318219815760655
train:6161,2.094608821843887,-0.06755523756254819
train:6162,1.8449362352992642,0.9857383758620772
train:6163,0.0947906886087601,0.057518062464470686
train:6164,1.177179018938796,-0.20320655132990706
train:6165,14.824891916682644,6.975073867410596
train:6166,-0.42143955367754315,0.007250955415544796
train:6167,1.9600244503812414,1.5433464123550051
train:6168,-0.1735921130062451,-0.014907121594618766
train:6169,10.76467308101309,9.297867474996524
train:6170,2.1654732514676955,-0.12219974890570443
train:6171,-3.1246970106933114,-7.478078824014147
train:6172,-0.8564616720236223,0.21614917950762885
train:6173,2.1965822079274258,2.9793217638628593
train:6174,0.16573624615841592,0.28145416253930866
train:6175,3.81716529474853,1.4216296358658123
train:6176,5.333763301874971,0.07233538483495502
train:6177,5.12529847135039,1.968586901605297
train:6178,7.101067521111307,7.633528259853669
train:6179,3.711733859883029,3.131063219747578
train:6180,5.010142378462259,0.8510474546676803
train:6181,-1.692955908275183,-1.8475729320850707
train:6182,1.3147984814152691,0.8762196692716548
train:6183,-0.14260496466440614,-0.6862130774418984
train:6184,-3.69137162094688,0.0282925689265998
train:6185,0.49640204900015134,-0.029449108601791132
train:6186,0.5275056589203557,-0.006162584584478506
train:6187,-0.4526396337674513,0.010060802729426985
train:6188,-0.9831144520998093,0.24165208186919784
train:6189,2.7290994043586223,-0.09557267936128655
train:6190,9.866353088893371,0.6486790655059975
train:6191,-3.2900022495835892,-2.321192697885476
train:6192,3.5287418033250706,0.4102474858480493
train:6193,4.646145318384002,0.3665416347729287
train:6194,0.0883106827035441,0.16002056775797807
train:6195,0.388410551534774,-0.1377785946800019
train:6196,8.595350467006684,3.879475239156263
train:6197,5.9026365021648255,-0.15719844010290637
train:6198,-1.1149173444887408,0.24999973650590085
train:6199,2.796234273975856,0.7527624309003862
train:6200,1.614606150238504,0.17390945357694204
train:6201,0.25061465325395105,-0.06275384534097941
train:6202,-0.8412340300795492,0.26229167721765534
train:6203,-12.870234897378067,-7.004583601100876
train:6204,11.515826550729257,1.4093351272594776
train:6205,0.47364276007197004,0.4396577251348782
train:6206,7.7430181534721525,9.64456519933304
train:6207,0.2609086015069529,-0.1292703039712319
train:6208,1.2759956221197362,0.3021344162186179
train:6209,-1.6109785800179712,0.8326373624579997
train:6210,5.52230134712882,0.17498611471005884
train:6211,-4.979349273369602,-6.051156870170096
train:6212,-6.90491199240127,-0.46564309484435923
train:6213,-1.6584600352550067,-0.6930605110005761
train:6214,-0.9466199031299615,-1.6330657129259727
train:6215,-6.957872488361004,-2.0774026355428847
train:6216,0.09013873430487207,0.3895973335996513
train:6217,-3.965670019859774,-0.05923896830404657
train:6218,-37.01978124402629,-12.22755107038928
train:6219,-0.268262823472322,0.0038019876728348084
train:6220,-1.509638410180874,2.0712732966829024
train:6221,1.443982499269541,0.3232941528803581
train:6222,-6.8245065467646295,-4.046397291652618
train:6223,1.943169368297176,0.09057713728882827
train:6224,-5.979321859201313,-0.5188304330089095
train:6225,8.39628252838598,1.9114946160840542
train:6226,-2.0870843216837986,-1.2984897349548734
train:6227,2.307077048182058,3.827992376684464
train:6228,-0.4182855602738277,0.11399975971888682
train:6229,0.527157552705581,0.7215693594709098
train:6230,25.85656127244605,9.582643560071467
train:6231,-1.0496979307711691,-6.586716393154945
train:6232,0.14800270438444502,-0.23171931146098695
train:6233,-3.6791261857669775,-0.1915437447902799
train:6234,-1.5509813406676214,0.004351089130548685
train:6235,-0.14005768726774387,-0.10840330729162448
train:6236,-0.39903232275422085,0.03607357482595816
train:6237,7.051605986583819,0.5109674443205292
train:6238,-0.40673866210587695,-0.1408050011034735
train:6239,1.4094698892560666,0.016203491886674096
train:6240,-2.531060498986077,0.14055692546640167
train:6241,-1.0043216173578395,0.08765344664856113
train:6242,-7.063703286483255,0.07646969510893481
train:6243,-0.7513375469517319,-0.1807953940427925
train:6244,6.083248651259102,0.23205643046656058
train:6245,-0.7511029965873194,0.20872225773870587
train:6246,-0.3166964276614228,0.7640994001499593
train:6247,0.2331135697202304,0.11622669496308366
train:6248,-18.074469997283362,-11.512973344646525
train:6249,2.1343968391616004,0.039951380963546786
train:6250,0.1640630117450946,0.30173867513166075
train:6251,-7.158905164028304,0.14071499364388854
train:6252,5.442597460461255,0.07807833840256476
train:6253,-3.4168733079473714,-5.474154952521685
train:6254,-0.9186719138211542,-0.06835242616886286
train:6255,8.491769864650054,1.851811895574719
train:6256,2.3818932678901206,-0.6533878236851409
train:6257,0.2850612451271942,0.9444016928587298
train:6258,-0.717366797096281,0.1403299521176818
train:6259,-0.2892928555512817,0.028651646185385418
train:6260,-0.4585236167446657,-3.8621645509673663
train:6261,-1.474137387729856,0.22273639974885528
train:6262,1.4331864412175985,0.10202095948509592
train:6263,11.519092124088292,4.801175347228143
train:6264,-4.775998524130526,-11.927402997714548
train:6265,3.1701173180954765,-0.031814139510073974
train:6266,-1.0698676349029625,-0.04484877239872079
train:6267,-0.5619596300758588,0.027110766776508408
train:6268,39.86994365107764,16.615528182751937
train:6269,0.6334036374740393,0.22172436396267128
train:6270,-0.7098839663426254,0.12820364060634448
train:6271,-8.377550751546947,-1.4374502088711363
train:6272,-6.990959664445263,-4.906661663181807
train:6273,3.055909654827567,-0.1606836436913579
train:6274,-0.9512481466933439,-0.045361495349883096
train:6275,0.1258429252578691,-0.027562276728649082
train:6276,-2.429911409822466,-6.434499591451286
train:6277,-8.479095019718983,-2.021163176343859
train:6278,1.959823606461665,-1.1955672362367078
train:6279,-2.312003011369773,-0.3046235505200772
train:6280,16.882185466048764,10.83759190195572
train:6281,-0.6458294008669481,-0.024745296374266576
train:6282,-36.24990558764036,-11.257174523300042
train:6283,-1.2677330670468532,0.25815822290853563
train:6284,0.010313039519416423,-0.08482846577728934
train:6285,-33.90323407331632,-14.497789006212162
train:6286,1.2585947280875631,-0.1673787155049491
train:6287,4.011145187406638,0.09365062177960193
train:6288,-0.5702514155055852,-0.0234924491407921
train:6289,-1.340612677155391,0.11318573713699143
train:6290,0.4020568962995449,-0.20294419810030567
train:6291,-5.657462039416738,-3.0007146681070256
train:6292,1.988433636838705,-0.04010159128495436
train:6293,-19.516118353671835,-8.338407392907838
train:6294,7.867273591716639,3.415297479066118
train:6295,5.943440361992433,1.712918614899969
train:6296,-0.7283813658940587,-0.07226104704141284
train:6297,5.381732454500051,11.467053623302853
train:6298,-0.5474705079610607,0.4924654785492046
train:6299,9.207193573006798,4.645225397448241
train:6300,0.22171730449196184,0.10625242177068991
train:6301,-11.326487162539838,-2.8615230836785526
train:6302,1.142863533513054,0.44091428154941287
train:6303,-0.4558498820653073,0.14839100118708234
train:6304,13.638727254157688,4.005310347908715
train:6305,-6.1665595330592025,-7.686131925467754
train:6306,-14.034612643793807,-8.891749871181581
train:6307,-5.974412341167228,-6.763227189516181
train:6308,9.842417328811283,9.266386228730836
train:6309,2.040775328962893,0.13910306915162846
train:6310,0.2562503708305781,0.2851001448606372
train:6311,-0.01632620989678185,-0.03226237977511347
train:6312,1.4226065693290888,-0.18224054804815532
train:6313,-2.1524473945938447,0.35157166533573775
train:6314,2.416018602475338,1.3745360185354745
train:6315,0.891411130451955,0.10024654433023875
train:6316,-7.480136416731242,-1.2666207366075877
train:6317,-0.15361674396330077,0.09803059396841239
train:6318,40.11769950320228,12.240015000219024
train:6319,1.6430927452899713,0.6506222483990922
train:6320,1.3766528296469778,0.07790172431977707
train:6321,-0.3215471337607248,-0.14116907149060934
train:6322,-1.0524697628279132,0.022553039218430215
train:6323,-0.49577900153485255,0.0015907451177386567
train:6324,6.579717618541732,2.3887877550813097
train:6325,-5.262542919303911,-0.09463996298546598
train:6326,-1.5144219358487438,-5.333489111282608
train:6327,0.3438255259712564,0.2085233885695572
train:6328,-14.889439699162704,-8.179441022961166
train:6329,-5.874567342731421,-0.6462168354093691
train:6330,-0.4908677400639654,0.004712020979864381
train:6331,-14.02864218635122,-2.559493600241459
train:6332,-4.98752204018032,-1.0613589365625617
train:6333,0.2815676302344732,-0.10332943292294386
train:6334,-9.77655417884503,-1.3799644648358964
train:6335,-8.517949949660332,-4.340699694976536
train:6336,-2.8529691350011053,-1.774288787288934
train:6337,-0.06223485268028439,0.29302110101461165
train:6338,0.8146352877785825,-0.15442454331314576
train:6339,-9.411156790327507,-1.8270551690683583
train:6340,1.2254050379193533,1.2104300075867083
train:6341,0.1860991230878574,-0.13910762278601968
train:6342,0.42391494463027596,0.30192349221102377
train:6343,3.165971192922373,0.24924078099666785
train:6344,-3.939677934184432,-5.144449842586628
train:6345,1.5418255673403132,0.03282319093077681
train:6346,25.987807194891342,10.0249434289823
train:6347,1.111160413791244,-0.3456274058536803
train:6348,22.696215249941087,7.120626697357245
train:6349,9.272929973850687,0.37709539617556764
train:6350,0.14069398485273688,0.9323691094995665
train:6351,-0.506602954575625,-0.09349439668111617
train:6352,-0.8773082945510248,0.15678887242890754
train:6353,3.352833679180498,1.0744656960021957
train:6354,-0.0332029105971903,-0.00796424795404685
train:6355,6.391351592385668,9.732596049398708
train:6356,5.934672037170193,3.9009194414731554
train:6357,-1.2456295428144175,0.06385106114226607
train:6358,-2.6871524879822766,0.23797485683047795
train:6359,-4.603018443980146,-0.044690133577993896
train:6360,0.3221120666659609,-0.04992863852142168
train:6361,12.290097527521832,4.02887620179202
train:6362,5.736083892357366,0.405181172502299
train:6363,2.4918515945262554,0.07013041935549913
train:6364,32.626503972229536,12.364272565734428
train:6365,-0.24872935754409342,0.047973340971005626
train:6366,8.090865874683745,0.9068622126353174
train:6367,4.685307558118961,0.4210885661220407
train:6368,0.1388889466171937,-0.05426267392941017
train:6369,-0.3426220302800528,1.2045325523618617
train:6370,-0.04399036769424344,-0.113083295163878
train:6371,1.6706209150168867,0.03527724218450353
train:6372,16.22103517779269,17.585347782038912
train:6373,-0.10051991124565984,-0.3721842862795751
train:6374,-1.3642032367507073,0.21873918651329147
train:6375,-1.579225016858027,-4.17636956389525
train:6376,0.4424984699597219,0.2033828916026037
train:6377,-0.9200187768651643,0.08446611883140254
train:6378,2.0213736668568862,3.8304378682895908
train:6379,2.584268622353106,3.6122042061123207
train:6380,-9.862799905309718,-1.634570927132348
train:6381,0.6575202500670417,0.010007732908104666
train:6382,2.1713065585485354,0.818067271271256
train:6383,0.922521946577607,0.08377906437041266
train:6384,6.244711355438044,-0.017339488405224535
train:6385,-0.8250884105447278,0.10650864058546106
train:6386,19.343778755354773,8.34504733782989
train:6387,0.04311510557200919,-0.24025570634932814
train:6388,1.2509403431526032,-0.23240408334901674
train:6389,2.8392883295690856,-0.03133208863306301
train:6390,13.550945443641426,6.218506500137097
train:6391,-3.5865827006574307,-0.09604716921536718
train:6392,-2.5403114071150763,-6.734369190224886
train:6393,2.1015091122474754,8.523218706019598
train:6394,1.8339302674563758,0.2614274380306378
train:6395,16.225386796050174,4.320889755080198
train:6396,0.4402466469864177,2.240263015140611
train:6397,2.2610968082605583,0.5836608307024302
train:6398,-0.1712614866894961,-0.5553817018014091
train:6399,-1.1149378008138826,-9.565342858139273
train:6400,-9.289881466723028,-0.00032347763092457904
train:6401,5.046140396630933,-0.1675955599361585
train:6402,25.409687270720813,7.189963274879701
train:6403,-2.964422168122049,-0.012518123670254871
train:6404,2.0804773367317138,8.752386177997364
train:6405,-1.4543579809834424,-2.060771951616412
train:6406,12.393733919856121,4.375043513236933
train:6407,-0.5147550326029611,-4.081305250574656
train:6408,-0.022545513885557172,-0.008524191633321201
train:6409,-12.002823482714982,-9.813278215638213
train:6410,4.189649405178325,-0.14491192050193208
train:6411,0.9593479809980517,-0.3222980835933658
train:6412,-16.534369067318178,-4.782844063604463
train:6413,-0.482445894248819,-0.2502970301224248
train:6414,4.279570761337848,0.2167557732717752
train:6415,3.0442030578485646,5.156413888938111
train:6416,-0.8569435579556611,-0.3702512323039911
train:6417,-4.728158153370544,-7.847551490703293
train:6418,-2.9553065506888756,0.11864037320757861
train:6419,11.29605123206706,4.787956967216208
train:6420,-9.428065802723308,-4.884302719751155
train:6421,5.908721793978097,13.725809075849956
train:6422,0.7299977074199467,-0.24069010851579703
train:6423,10.885118993616354,5.014337417609693
train:6424,1.0920979082577627,-0.0324860719252032
train:6425,-9.882101377914177,-1.6458200173229574
train:6426,-1.6643686588056879,-1.2534433002481247
train:6427,5.224968196273048,3.0905387047355957
train:6428,-8.322614360545085,-3.276453190868076
train:6429,-0.4232708596942346,0.0904122213924611
train:6430,2.0174300128110407,0.5751051766047381
train:6431,3.5865146497744655,-0.07701450523081954
train:6432,-0.9409521063161798,0.10103845448658319
train:6433,0.867365650080469,0.218130738158615
train:6434,-23.90849304950313,-9.042730659627345
train:6435,-2.1821699701087223,-0.211668049292995
train:6436,0.40224646599446895,0.025795434108251206
train:6437,-5.997931071166307,-2.712335541614565
train:6438,0.2780765723823949,0.08830255333408936
train:6439,0.32548573310671286,-0.1664327316737979
train:6440,-6.6943782835384615,-1.8400544220761237
train:6441,4.268984613076852,1.678488427030642
train:6442,0.5350877493425981,-0.012307413653875707
train:6443,12.610950338209642,12.936883383650848
train:6444,2.6716594381092658,0.003165435138587136
train:6445,-0.18550652765203146,-0.02229523962322004
train:6446,-0.5226435029858534,-0.011851041722665864
train:6447,-2.269990368692864,-0.7913011672559582
train:6448,0.1355351553559832,-0.05646321692375586
train:6449,-1.6941698052057697,0.38860070518094797
train:6450,-5.847677038415752,-11.006648445491388
train:6451,6.292817658424872,14.941145646584644
train:6452,17.69427367919821,6.885044054075121
train:6453,-1.3178812832160398,-4.072733333144623
train:6454,-1.501046056246504,-5.756166271098708
train:6455,8.735901227892713,0.07000801638051382
train:6456,-0.6844981317578566,-0.02598073898892031
train:6457,-7.913432067726983,-1.497625679818233
train:6458,-2.897812654127781,0.21004843262852355
train:6459,0.5407564759893406,0.11199066753156944
train:6460,-9.061869687692283,-1.8965098697414986
train:6461,1.9144578698982673,6.508162726200732
train:6462,0.13328670302716264,-0.053108547976459974
train:6463,-1.2783424611318743,-0.018603463181879498
train:6464,20.110440909027474,3.9943448674083983
train:6465,-1.3374128894783461,-3.8278012710179317
train:6466,3.73766969066423,-0.13456273470084204
train:6467,3.8908429339958475,-0.017619959557696727
train:6468,2.145186620841056,0.37539773253649383
train:6469,11.527782342941808,2.3030086632407794
train:6470,0.6582034448351373,0.00196908158587511
train:6471,-1.5361856061339334,-2.2796973760614017
train:6472,-0.47325240330516183,0.07639979131203176
train:6473,3.5499308368403613,-0.08929731565073365
train:6474,11.414460810485732,16.964700216177203
train:6475,1.2081575663257458,4.88275222224913
train:6476,-1.9383942679736474,-0.22948552849790982
train:6477,-0.39807819790711363,3.5588536283159207
train:6478,-1.2902252614569867,0.08868788018191612
train:6479,-7.8805522443930265,-9.533199665715154
train:6480,-2.071617015294027,-1.1441149031782505
train:6481,2.6986148307322044,7.322929997524363
train:6482,-0.9929065230121109,0.10136685967121747
train:6483,-17.083511677092073,-8.78712414505275
train:6484,-13.425292174616889,-3.0731991990630774
train:6485,-2.036485136528526,0.1319798722472087
train:6486,2.144152646588423,1.2786843602044562
train:6487,6.9270055803108015,1.235695522360427
train:6488,27.785072026880574,8.998012712947165
train:6489,1.0099390301149151,4.5148491097916725
train:6490,-4.315881376458231,0.13779415621982152
train:6491,-1.1264830717741514,0.12419002137762994
train:6492,-0.587639291876304,-0.08626548811648183
train:6493,-0.8144915692046799,-0.1471679585513702
train:6494,-1.4438106532485677,-0.09472413286336964
train:6495,12.688551407635904,1.8440271804943005
train:6496,-0.3365504535029565,-0.16314796652340507
train:6497,-3.35338152387134,-1.860366182883187
train:6498,8.497967201335127,0.5269186348089427
train:6499,-9.61412630805257,-6.84047002912918
train:6500,0.06926630891280204,0.15866657401020917
train:6501,-3.480366021856364,-0.4927576363765684
train:6502,-6.103600543269825,-5.912563034535549
train:6503,-0.34022329369891047,-0.05083396402172105
train:6504,1.9598798613558057,0.23064694166369928
train:6505,0.4483433999525742,0.06324888986322989
train:6506,7.565110888461429,1.6139097301827037
train:6507,-1.5381205885257763,-0.2250168212852755
train:6508,1.2160004748935487,0.12277168760454826
train:6509,-0.8069278429834172,0.14965098146105713
train:6510,-2.7011492635442247,0.23503262028490998
train:6511,0.5725244515601802,-0.13697684092776702
train:6512,22.297729755506342,12.71017595468083
train:6513,1.0447768492064995,-0.5722985633127546
train:6514,-1.0928737944822897,0.02860414013565335
train:6515,-1.5373795116558586,-0.11154583961444114
train:6516,0.5233058358937543,0.21934991744092802
train:6517,1.317647257149536,0.8146548246959076
train:6518,0.06730529119805093,-0.0013597657548096442
train:6519,0.6268197227354313,0.05760280298561437
train:6520,-0.5499766402491986,0.08777099915600625
train:6521,-6.664107571493074,-0.08311582275316484
train:6522,-6.639278241935464,-1.6221343283592473
train:6523,0.17311981724348463,-0.2355078119315117
train:6524,-37.195482480337034,-14.133147975836305
train:6525,5.149276073915722,0.48649426768558496
train:6526,1.9177398315632401,3.281071346790721
train:6527,-11.93701920406494,-3.9823577100056924
train:6528,1.0858884837441978,-0.13442891886105623
train:6529,-0.06995362854779397,-0.4074302086605178
train:6530,14.277510410536884,12.645000507664635
train:6531,0.2671832305569078,-0.43279843921744093
train:6532,-0.7966385438952204,-0.0624481232251361
train:6533,17.54335435096406,5.832308850726062
train:6534,-0.4677805687879111,-0.009628243641959203
train:6535,29.531313204967834,18.893411596704674
train:6536,1.8085779068582029,1.4571140871210855
train:6537,3.5614616953897347,-0.22154702506430463
train:6538,8.004487182105635,13.094036249380723
train:6539,-4.037619564549071,0.06308525791415277
train:6540,0.9265746235381299,-0.11056718645779859
train:6541,0.09122059495499674,-0.1883936514445329
train:6542,1.5539329223255072,0.1473920901954189
train:6543,-2.6981477627461135,-1.0562456878103192
train:6544,1.68636903096088,0.008238881524837746
train:6545,-2.0682561340564893,0.1705376653324454
train:6546,5.190840072188948,-0.1015504526221665
train:6547,1.945595302492428,0.15465751992741483
train:6548,-4.655148599105706,-0.2742601943615969
train:6549,3.3059631241988403,-0.03793057907827996
train:6550,-0.2781460180148017,0.07223295437337057
train:6551,1.1495657694959491,-0.09279849724990591
train:6552,-3.397691318878401,-3.6399469430098628
train:6553,-3.023365674269344,-0.06115575894728992
train:6554,6.757263178530627,0.3156388311546152
train:6555,2.308206330313194,-0.019008477221487116
train:6556,0.42197938109283223,-0.21221358423045872
train:6557,-0.08253008426181305,-0.013236278187826106
train:6558,-41.390699114449525,-15.445346671419287
train:6559,2.8389903181050844,6.449736276784312
train:6560,0.6959128205685329,-0.09208890238093506
train:6561,-1.8546279410994697,0.16016879233957448
train:6562,0.8371535175116244,0.011432629078446638
train:6563,-14.889346715866603,-1.1892557793412233
train:6564,-4.521547409770199,-1.3911019942730807
train:6565,-2.1569979971049835,0.3000990744422595
train:6566,13.69766750588962,6.039412401828269
train:6567,1.5520525676201227,-0.21806096551099302
train:6568,-0.3554966136871928,-0.9522682124021578
train:6569,-2.424382623036354,-0.162663490412624
train:6570,18.287482932659866,6.196721623805909
train:6571,6.614182807074195,7.762853707983734
train:6572,-3.0328546196363595,0.14724600552597256
train:6573,8.025370300576757,4.130659268620666
train:6574,1.9474373015881707,9.429209576336836
train:6575,0.5180157837203794,-0.19628350754192603
train:6576,-5.317091105044555,-2.169257080638339
train:6577,14.705217765437009,9.716122720345671
train:6578,-14.818850500095351,-7.948119372752306
train:6579,0.36912139921704845,1.7389854554434927
train:6580,10.438152008595017,1.8288098372125587
train:6581,0.6793731843164873,-0.1226106120385223
train:6582,-0.49947136822298754,-0.10939993571032783
train:6583,-0.7726037566027859,-0.08001665931659008
train:6584,20.496321587842893,14.994667417353051
train:6585,0.06434214600958098,-0.0012362214933442778
train:6586,-2.764937664334816,0.0054705485066673665
train:6587,-2.9435706639716015,0.12028396839966009
train:6588,2.51465109873,3.9533558487990357
train:6589,-2.780269680028761,1.9230361609351763
train:6590,0.04417011729538496,0.21422910766575534
train:6591,0.9212424964232696,0.060462296261378716
train:6592,-5.548226192991301,-0.3125703282806628
train:6593,-14.185862992562074,-8.012457115492143
train:6594,4.686187180100068,2.526814228674462
train:6595,-7.867436950478108,-2.368897046143451
train:6596,-7.9838892305138724,-2.823098250468242
train:6597,11.19168027169358,11.5596735863048
train:6598,3.3499767674078225,0.069529246702133
train:6599,8.698099798696179,3.306300055075458
train:6600,1.8662621867180622,0.11382371627933915
train:6601,14.226702477881867,9.852596616343527
train:6602,-1.9745959195607798,-0.17954254680931803
train:6603,2.466340697408232,0.17549198994234083
train:6604,0.2727625770102742,-0.08938077222458729
train:6605,-1.6261409011965338,1.2665862955335
train:6606,-2.2732443191398874,-0.020155327473126983
train:6607,0.13541044151008894,0.09577312931087423
train:6608,-12.74971459813792,-4.764182888369171
train:6609,-3.8609801267806705,-2.1527266872613002
train:6610,7.715437448182941,-0.05165654625221683
train:6611,0.2715450769769635,-0.754020616402707
train:6612,1.6550920071934492,1.6596600533260233
train:6613,28.96107640464067,14.143466287083557
train:6614,16.194973819561753,16.23126387263811
train:6615,0.8047488388207394,-0.1349273757312179
train:6616,9.226495045611257,17.942014643778663
train:6617,-9.255321435228543,-8.730427315296845
train:6618,10.086187916865072,3.6734199596859827
train:6619,2.8148532491869402,5.145960846067337
train:6620,-3.4357372941436792,-0.17523048116607048
train:6621,-2.2148591776856734,-9.314052689032225
train:6622,1.8690314617341635,0.31692106651495094
train:6623,2.1388088965615504,-1.9984481515314316
train:6624,-0.19689093751004721,3.3091076198163805
train:6625,5.967692730197742,3.5917383716304507
train:6626,-7.753267410361599,-2.022006872374236
train:6627,0.33326564549140825,0.25874969462682135
train:6628,-1.7984019880098203,-0.18048296686887894
train:6629,3.140320355943719,-0.2700756674824949
train:6630,-30.192532938856317,-10.025644238699929
train:6631,-10.165480990440686,-3.828151075324067
train:6632,-0.3669892328560451,-0.07441008948334629
train:6633,-1.034076504568112,-2.003085483821493
train:6634,-5.719637644936473,-2.5730398147947877
train:6635,-0.3570938342559523,0.053632124660711704
train:6636,2.607043485983384,-0.18955961824471362
train:6637,-2.745672455215836,-0.7537622576757859
train:6638,0.37341653012215237,0.4215189737858294
train:6639,2.1284008113125856,6.993863437374893
train:6640,-2.242596559828814,-0.7074377247721912
train:6641,-0.9876318130825924,0.11334894110363852
train:6642,7.063096397399389,3.001273268020134
train:6643,13.409568061253069,14.472938574576684
train:6644,2.4714612875244644,2.353125691117579
train:6645,-0.3334843293140557,0.044475440570463515
train:6646,8.072845711899546,5.077549851880201
train:6647,14.34073719221903,2.303661193785748
train:6648,-0.30954554727484457,0.19317379871693974
train:6649,-1.011759583671127,-4.142702183377026
train:6650,0.002649356254846136,-0.12785311148463027
train:6651,4.582275557209322,0.042767220031449234
train:6652,0.6512575926164598,-0.02137793061488015
train:6653,-2.8867611244698037,-0.009465752979362141
train:6654,-1.1982712904447146,0.08969577880460995
train:6655,3.9261961130060667,-0.03158730882216411
train:6656,-3.092607080459725,0.034814165195223394
train:6657,2.48327295562806,8.37146013083768
train:6658,2.4551957195376737,-0.12405063025472493
train:6659,2.8027626311950438,4.121374903105462
train:6660,7.822186921270661,4.600207922885924
train:6661,-0.14789571421250186,-0.19530699429743353
train:6662,0.0695940750315549,0.10443406708635085
train:6663,-4.199408640097324,-2.540254363404022
train:6664,-1.092850548658265,1.6018035338455772
train:6665,1.101841627856092,0.038446024096361324
train:6666,-1.1318637826612243,-0.10525563917964761
train:6667,-2.484199242334029,-0.03133708176141323
train:6668,-2.1109791691156023,0.09792388368252775
train:6669,-4.994792869018867,-8.175363206367948
train:6670,-2.3285047569286577,0.059563818479959646
train:6671,3.1040605897965237,1.5806590618905079
train:6672,11.964625306683768,15.087565854256132
train:6673,0.8145727565119553,-0.1633807889653352
train:6674,7.76990752795486,5.273153800409427
train:6675,0.5247475418997865,-0.1795351284471977
train:6676,0.908539118510074,0.024865285627010764
train:6677,2.4665708310660794,0.1863250812109719
train:6678,0.9264026044403447,-0.07073486169596646
train:6679,1.2747573170739228,0.20187211362463797
train:6680,1.5365524846184764,0.07375871173638691
train:6681,8.974773455907949,2.841866932135402
train:6682,-0.049195805068167314,0.024044130004615055
train:6683,-11.777430113302417,-4.282298924505916
train:6684,-2.557024224756108,-4.788953940775409
train:6685,0.6634146936650673,1.0543597947439713
train:6686,-2.594143156559268,-0.045952967068168815
train:6687,-1.619555126792004,-5.280248096988292
train:6688,0.850180012378768,-0.024065374953777016
train:6689,0.11462100370978826,-0.48189629826755603
train:6690,-1.6094657417904226,0.03310252079676896
train:6691,4.484741193681603,2.6540262995650936
train:6692,5.455320829783112,0.2655315042128963
train:6693,5.244014894646193,3.6270569083636865
train:6694,-2.928646844947535,-0.06415077999256014
train:6695,4.410662331511614,3.152206693076977
train:6696,-0.11612983076582456,0.16920007757782723
train:6697,14.070458926113025,3.321121371948623
train:6698,0.6307808111492956,0.23751092387633777
train:6699,4.468886611863575,0.33604032561117236
train:6700,10.335887119878203,3.490980750704129
train:6701,3.961916111119401,1.5495577213618654
train:6702,-0.05946302062354039,3.4402802401144044
train:6703,0.9657989296232364,3.9099989460651905
train:6704,-0.17325109676779799,0.11754459552592098
train:6705,-0.27839102900002544,0.05219310507017912
train:6706,37.753078493399066,19.23939487570468
train:6707,1.3840050188696127,3.174368193946581
train:6708,2.420475756773896,0.1186747544627901
train:6709,-0.557811412778593,-0.008109333997823154
train:6710,-0.13585902653234389,0.07455575768189157
train:6711,2.6891881841735765,7.402842876857438
train:6712,-26.601505025808986,-12.395584961419948
train:6713,0.029634852219897145,0.14781351022817724
train:6714,-0.6736216431547876,-0.04103131178376479
train:6715,2.194144185903681,4.3317813372809315
train:6716,2.3557928566748227,3.9589350277567585
train:6717,6.366047118184986,6.260300411036514
train:6718,-1.3451614200006077,-1.465203870832173
train:6719,-12.676787799006613,-4.71929266724938
train:6720,0.8624696146243181,0.014843363724074951
train:6721,-14.625670263783705,-3.091901460611651
train:6722,0.1350522233618633,0.0966168253412509
train:6723,-1.8375362165268299,-9.463022530700142
train:6724,1.1680382960156757,-0.09817138867635955
train:6725,-1.8491772602820817,0.11796658620191931
train:6726,-0.1854828169115259,0.026713884403071153
train:6727,-9.290257119239273,-3.0094657675144263
train:6728,-0.5352292570294824,0.06840265428551401
train:6729,0.37771793739974296,2.2830656806275824
train:6730,-0.019717078247312253,-0.1215731826281572
train:6731,4.705310124776014,0.05058588838464923
train:6732,1.364409254132997,0.6649302716778542
train:6733,-1.209594098869064,-1.9669002826674697
train:6734,-8.368101788997254,-8.85887169026431
train:6735,0.6606289141139083,-0.07574311209204423
train:6736,0.36056716843407943,0.05230038599930379
train:6737,-0.19108482804331672,-5.314765165290914
train:6738,0.623553452001675,1.162085254952616
train:6739,24.610955178223186,8.7063016005762
train:6740,-13.262228298079103,-15.26099352501039
train:6741,-7.028259913675819,0.15025443668738336
train:6742,8.933162501070193,4.371460729654437
train:6743,-4.830302163802426,-12.651930458990375
train:6744,3.9814439980498633,-0.11898303296168455
train:6745,-1.709643620426268,-1.1662545769439232
train:6746,0.34796467739715237,-0.21908298755387745
train:6747,4.0317791106442105,0.9520015195293803
train:6748,6.2749871815647165,5.57100617532954
train:6749,-3.687608586953709,0.08739494526082989
train:6750,32.843493511340576,10.953661878263247
train:6751,-2.69026742840163,-1.9882444797565477
train:6752,32.49140668165978,9.664961130018007
train:6753,1.426289172771133,4.899185035632125
train:6754,1.6817031291625768,-0.14049970697006023
train:6755,0.8239940565310576,0.1195158825985867
train:6756,-3.187798729842203,0.09529464495411341
train:6757,1.992743877529425,-0.235652184671238
train:6758,-0.4176732652690085,0.24735537573162586
train:6759,-2.0244191591100966,-2.9623334891045765
train:6760,1.1443861349866928,-0.008299072875131402
train:6761,7.983580817810489,15.703701914662204
train:6762,-13.281728754937216,-1.9300990721358393
train:6763,16.92094648286105,6.1249877740321095
train:6764,-13.85232726028621,-2.5962076450181755
train:6765,0.143337732419103,4.818101196370519
train:6766,8.96968540994535,6.779671355945099
train:6767,-0.12819650555897483,0.03531404867348513
train:6768,3.7650123587154254,0.14149706020434255
train:6769,-0.23865996395117334,-0.505951050746752
train:6770,-29.88457598150463,-9.731753839795308
train:6771,2.020532865401901,3.0257900988629403
train:6772,-5.856464889730173,-2.378631649175034
train:6773,-1.1000079378755698,0.08755272811669676
train:6774,-1.789248479883486,-5.344689696797815
train:6775,-0.25941523039015724,-0.12697403557337206
train:6776,0.3927033578574754,0.06266298191653441
train:6777,-7.318451482474622,-4.314608174112881
train:6778,1.7017638103796933,2.463785398866431
train:6779,0.4602940780838396,2.555379202662004
train:6780,24.679580570076904,6.002585940333267
train:6781,25.462090796736906,7.438843617584124
train:6782,5.8223468207318305,3.9822361031766915
train:6783,0.4890896101365992,-0.8619395246697199
train:6784,3.6374276535540755,-0.14447566374493312
train:6785,6.362388225483448,3.7933945623633796
train:6786,1.3181463449913529,-0.18739088861099928
train:6787,-2.297759830073159,-5.305074501788813
train:6788,-1.300834423083768,0.1513223955110898
train:6789,-0.5949508009068951,0.01140894738398561
train:6790,-1.383140447292694,-0.13508986639381498
train:6791,-10.825870675334663,-6.845655464251285
train:6792,3.3609078836973505,-0.10262311925260315
train:6793,-23.389670432921555,-8.311551780745791
train:6794,-0.025259812527839237,0.3159591046730791
train:6795,-13.029453914622112,-10.43199586606216
train:6796,-1.4845096744098218,-5.623459761771497
train:6797,-2.0904823962397767,-7.061279289570302
train:6798,3.2821826462212393,-0.10255264481246007
train:6799,-0.893375808117122,-1.628014093643653
train:6800,0.03385385305131906,0.056055789161907094
train:6801,25.94626411785974,21.288422959531943
train:6802,4.4584129733908595,0.35053765978481277
train:6803,-3.2034910558085365,0.12942253456703748
train:6804,2.914062706793903,-0.05959733225878214
train:6805,2.1091541988528255,0.36082949594028035
train:6806,-1.7575239740035733,0.1921407917916848
train:6807,10.98316987935391,2.7476417496992647
train:6808,2.656374378979851,-0.3736613963063794
train:6809,5.7943021287950796,0.5591826609391358
train:6810,-2.7479784409591184,-5.530286845469965
train:6811,-0.9571493315803369,0.06668430482898928
train:6812,14.117876687792231,8.48877981584086
train:6813,-0.12934531418229156,0.0588499437866886
train:6814,-1.8161733042478319,-0.12002816605579
train:6815,0.19991899792897505,0.02043909133575829
train:6816,0.1439825715775572,0.08869729579537652
train:6817,1.2915205781530892,-0.18390454373606768
train:6818,0.12347371087323855,0.015095302714545913
train:6819,4.709738454252782,0.08240894995111307
train:6820,11.867586079207781,9.31408059073211
train:6821,-7.966863059164984,-2.348990156715185
train:6822,-7.147387323140384,-0.9843423569942327
train:6823,-6.460045500038833,-2.283699297103696
train:6824,-7.362927252665222,-7.178320500672351
train:6825,1.3172960127485176,0.11991504754498405
train:6826,-0.3332314147486634,-0.23274490002412157
train:6827,1.9137740939845709,0.31582799938868344
train:6828,-2.882496910510653,-0.2524299518928276
train:6829,9.25728274478296,5.1881564898077315
train:6830,8.889983847860188,0.7868229846109873
train:6831,3.6881477169942776,0.5561424164170936
train:6832,0.12393967341582018,0.006411111227038274
train:6833,-5.09366805167635,0.22825965566905546
train:6834,-3.973491309811233,-0.5679020424699834
train:6835,2.652501624697282,-0.05433086579659313
train:6836,-10.115190974744948,-5.467117780085699
train:6837,22.104754082446114,8.9293860156153
train:6838,0.48302756414735315,0.1959077504798986
train:6839,-16.271226339354893,-10.263974529182773
train:6840,2.754312290012645,11.07791031348681
train:6841,17.329829369465713,8.538867455590799
train:6842,0.8397640235496346,-0.15843217078784
train:6843,42.56872431107355,15.91997684391809
train:6844,-6.0665880773406995,-4.563421466236601
train:6845,-1.4523941737698083,1.9034282885646836
train:6846,-9.93039876157449,-10.801297910422539
train:6847,-0.09648803929763936,0.09537881483201707
train:6848,-6.924700697477293,-13.04714084773436
train:6849,-0.7856135144766314,0.10182551417538742
train:6850,-0.5146023075391166,0.13695816387318518
train:6851,-6.981961670881657,-4.455430942242965
train:6852,10.763788809867178,3.9754876762201583
train:6853,-0.5502939457471402,0.22070876165623712
train:6854,5.1896052540167386,3.363861979983241
train:6855,0.18932831673229375,0.7765712361431316
train:6856,5.666238094742333,2.389438573696558
train:6857,-2.856009223867098,0.12695364658907013
train:6858,19.307844430743927,5.074663538372156
train:6859,6.359038967157922,6.598771742424833
train:6860,-4.318976325468923,0.0863555185991247
train:6861,-0.7615143362516477,-0.07008832290501835
train:6862,6.130961634903428,7.254128683361051
train:6863,6.123889325402054,7.759187895809814
train:6864,1.823935725416816,0.16829746263291798
train:6865,12.389059649561169,8.76888404470972
train:6866,0.21574475492521214,-0.09727148428684043
train:6867,3.479568052099013,-0.21469588232456666
train:6868,-2.9381860012944445,-0.07299546489132477
train:6869,-3.935428132636177,-0.7631002636555517
train:6870,-13.117233865472452,-10.413730717235445
train:6871,3.397605601169177,-0.031603001511264786
train:6872,-2.9984759055692694,-0.6676399239263806
train:6873,-1.0345744301187283,-0.09736392849172443
train:6874,-0.05803956258936799,-0.1287665686511
train:6875,4.837119061079193,4.760135256048798
train:6876,4.8257685901242535,2.441595936478066
train:6877,11.717377143355835,1.4734526017086658
train:6878,-1.862233509803977,-0.016097483393310533
train:6879,6.738421043408903,8.194969306989844
train:6880,6.009796496504828,3.9438061341772204
train:6881,-0.07566001342945713,0.08569300179745588
train:6882,-0.41672576548174856,0.1568827432418916
train:6883,0.006281516258756309,-0.04373173825637222
train:6884,4.621704194087609,-0.027125164006790076
train:6885,2.031562543985295,0.06553132016251914
train:6886,4.1118563252456175,1.6447648381532756
train:6887,1.2574368535928766,0.16890205914572426
train:6888,0.39382682853260487,-0.04544252668996662
train:6889,-6.059699874765604,-7.8934449026390485
train:6890,-1.6595288782436777,-4.319021243609614
train:6891,10.729726239006828,5.441168860213174
train:6892,16.07471480338365,22.380693467836398
train:6893,1.3035498271695594,-0.005295206859640786
train:6894,1.6897866320090391,0.32534461670257725
train:6895,2.8746470875770704,7.462969272485893
train:6896,5.940568107975901,0.542675949256558
train:6897,-0.9664332487794512,0.1587106562005011
train:6898,-3.2472234245468163,0.24341536948087453
train:6899,0.2493607735060412,0.04554482600227002
train:6900,-0.37613344265276916,-0.09905688432406806
train:6901,4.035044684003246,2.1089216271043494
train:6902,-0.3743476984511668,0.05982631437037106
train:6903,3.060738742310526,11.745827682779215
train:6904,13.13595355448299,1.2940089844153226
train:6905,-6.431160239105337,-0.48129755084795994
train:6906,-17.411208988205814,-13.152483872415901
train:6907,-0.9276989646647923,-5.4817011387277725
train:6908,0.268418862332958,0.008370272130853465
train:6909,0.11573168918170394,0.7178634596093787
train:6910,0.14432626108576718,-0.8312464793793153
train:6911,3.1660218688187474,-0.027672410873973874
train:6912,-2.546654727575025,-0.056988351365388684
train:6913,0.40528469519453975,-0.12179972799444705
train:6914,-0.40825638195647085,-0.10322101070733913
train:6915,1.803606322473971,0.005448578741926419
train:6916,6.2457750843454285,1.8342309479927945
train:6917,-2.7748431748683595,-0.12385917944769659
train:6918,-9.865275120651903,-5.7465549270069705
train:6919,-12.364481083063362,-20.293596691999475
train:6920,0.6641613495327512,-0.22646425786359842
train:6921,50.245451272420745,17.392761394962935
train:6922,-1.5955656688564184,0.20787542317050905
train:6923,-4.083180914721639,-0.09170571544525838
train:6924,13.279926100665504,18.08820431158118
train:6925,-0.08529715092463191,-0.05670188845889623
train:6926,4.521656492066304,-0.2957811481942727
train:6927,-10.681021296669927,-14.283784095765096
train:6928,-3.187808958004774,-0.38821879068103243
train:6929,5.8318487837603,0.09497679666941959
train:6930,0.8569292049261937,-0.1144421393791871
train:6931,2.406950871439656,0.09727991278615974
train:6932,-0.25995895021410254,-0.7481658167600524
train:6933,-4.503776442219548,-0.2409762861006695
train:6934,2.8549127777292655,0.7846549682813231
train:6935,0.8385691881947483,-0.015284602097895172
train:6936,3.545091056278351,2.366857079402296
train:6937,-12.240107556032829,-12.702737109222744
train:6938,-4.845797830097508,-6.4246234688961765
train:6939,-2.125609160923992,0.005082511103450496
train:6940,-0.23973984870625586,-0.08215799807478319
train:6941,0.7991479899801498,-0.2334432246891019
train:6942,-0.5190803830792975,-0.039624818857913635
train:6943,-28.97940033096345,-11.238016888445928
train:6944,2.3442029537324256,-0.11553534916626462
train:6945,3.502317810239344,0.3494083568128037
train:6946,0.3808779747177049,0.42466450198565625
train:6947,-2.127273561924184,-1.7712934809220435
train:6948,2.671261934518438,0.5030189546302235
train:6949,0.2928162844801828,0.14839899019244268
train:6950,-8.25436462120761,-11.469903475462413
train:6951,-3.0818484481844632,-1.2651513302645236
train:6952,-4.119935352004087,-0.017302396594622918
train:6953,-1.3752984685578515,0.005837757431623333
train:6954,-11.955008682361427,-13.534102680468976
train:6955,-2.0738913867166358,-0.07810015399496675
train:6956,0.9593707619055963,-0.1625131259188775
train:6957,-0.515852932871663,-0.058816549645618194
train:6958,27.164958986525317,13.159822284663743
train:6959,-4.721565637677047,-0.8036039501892731
train:6960,-2.176608639168975,-1.6346861970668332
train:6961,-0.06776456929935737,0.8629174047034365
train:6962,2.0292928217274917,1.0392677076534151
train:6963,3.379468744348372,7.747567887513188
train:6964,7.741013433608234,5.927829393317056
train:6965,-0.32933750676623147,-0.35637490063630767
train:6966,10.824692868812743,2.5343698304940103
train:6967,0.7988504434326296,0.027903247576092874
train:6968,3.2167261250986128,2.0855071363404614
train:6969,-8.133304089017125,-4.660365763711456
train:6970,4.35174811510259,-0.053650088411243524
train:6971,-1.061303175957423,0.0499964139177036
train:6972,0.5754101881546468,0.20673442201207942
train:6973,-3.7312126387433704,-0.1498907827711486
train:6974,2.469126476959391,6.969632213473719
train:6975,1.1105829875224624,-0.09332234774424869
train:6976,0.012176657231502686,-0.028555766609532282
train:6977,0.7544455730053059,0.2191673116041201
train:6978,0.1446890121696777,0.2553067186381316
train:6979,6.4632992774090425,10.592114875534804
train:6980,0.00311834075455103,0.14051098868557968
train:6981,-1.4356878649595033,0.22106099119614242
train:6982,0.7238742924552746,-0.14334721673778406
train:6983,-0.5699710708678434,0.027638611773531357
train:6984,-1.1362030806319754,-1.5801107335557198
train:6985,6.968940581935466,4.487444538832721
train:6986,-0.06724095711319367,-0.17771520449394856
train:6987,1.5624985435622483,-0.05113611961731421
train:6988,7.04079481874626,5.547494532554037
train:6989,-0.548902218262762,-0.09024444076836485
train:6990,-0.8868479158144144,0.10058907293506365
train:6991,21.35280560554829,12.253195717777118
train:6992,6.108934356973794,7.910427185643311
train:6993,9.88180040387448,0.11715313426326394
train:6994,-0.4858972017418144,0.08953671200145304
train:6995,0.02234368328532789,-0.03145292233913827
train:6996,1.4983275165082057,-0.7124361315723786
train:6997,-2.6790383006481013,0.3348746441326117
train:6998,-0.5639178582917269,0.17971417927528444
train:6999,0.33175954855282686,0.006761771498033517
train:7000,-34.9384394247898,-19.107489609305336
train:7001,1.0468373590480777,-0.15156661930629148
train:7002,-11.318033121258416,-4.016823705738332
train:7003,3.913144512648976,5.7674038886056405
train:7004,-3.0472674954483554,-3.348490908167189
train:7005,-4.913485485410057,0.13745833267306692
train:7006,0.9356330562442017,-0.062204601222455524
train:7007,1.050243802100705,-0.1322892920325832
train:7008,-5.18988344714889,-0.6819861803022245
train:7009,4.6248158800915995,9.98213149054268
train:7010,9.540855762565359,1.7538843797973005
train:7011,0.5502184562004869,1.2502008455394276
train:7012,6.429132565257061,4.928623949741765
train:7013,-0.07639527884336869,-0.2051560112986418
train:7014,3.736686857224452,-0.061203122336211974
train:7015,-0.0022989823053609637,0.2285088841041363
train:7016,2.649077049901915,0.36413252167435395
train:7017,1.716355679036682,-0.16554980392066954
train:7018,-0.7253043161678661,1.764791512026325
train:7019,-13.070096913347466,-4.0753816884215786
train:7020,21.587142108379766,11.334517165661168
train:7021,-17.666297503060907,-5.3729884657138856
train:7022,6.151032544283114,9.95545049521208
train:7023,-20.68035290581158,-5.697889900854414
train:7024,0.5377500935681843,-0.08624351835174085
train:7025,3.232582566582563,-0.3929447153341079
train:7026,22.953321502321554,14.141058172610652
train:7027,3.804859885342643,3.4259890508112227
train:7028,2.01062038112115,-0.003469433813181391
train:7029,0.4652191708200217,-0.08236414294524216
train:7030,-0.41323284796374826,-0.12527537330862817
train:7031,-33.966871841167226,-13.737865686044076
train:7032,-1.0298706376272642,0.054935616481738385
train:7033,1.840822886738036,-0.020703287644360815
train:7034,-0.885456885704757,0.06380883354250425
train:7035,0.4737292345373431,0.5167417832663402
train:7036,-4.432749291827564,-2.5574150322396685
train:7037,6.686842744145697,11.586683272141654
train:7038,5.897225804164761,1.5644159873848213
train:7039,2.847899512620916,0.5033221088514868
train:7040,11.914211623204215,3.503772289572525
train:7041,-0.5733324170218621,0.030135461270259935
train:7042,3.5154461218157174,9.763749746444622
train:7043,15.212955843290489,9.957678286421137
train:7044,-0.7716430066958316,0.2652427587334437
train:7045,0.1793980493961634,-0.0005060834677325238
train:7046,2.137566639725653,0.110577612208458
train:7047,5.89598912632663,7.067231609388124
train:7048,0.6746259221340967,-0.05391372558813498
train:7049,-10.566223189471783,-2.836029596930444
train:7050,-0.6250181119920638,-0.03377215912740911
train:7051,0.4908535032636181,-0.0326472786405102
train:7052,-0.7486152285001613,0.20757754739921608
train:7053,0.3541596894998216,0.042596597702681815
train:7054,0.0442517101377128,0.011964468578149756
train:7055,0.4129311765493315,-0.0018291198197300657
train:7056,3.3445437534166937,2.9354159023321102
train:7057,0.9962223667324686,3.2966270815137975
train:7058,-0.39202614762219834,0.12213627635678063
train:7059,-0.9323539409258036,-9.11019267410632
train:7060,1.52372776350387,0.2431388928310825
train:7061,-0.5086302228888475,-0.11268684077287075
train:7062,0.03944052193925335,-0.12393735757158
train:7063,-1.2618481542366777,-1.2919190633676076
train:7064,-9.245859455017396,-1.5135683106580462
train:7065,-5.557612856732606,-1.8997676719988004
train:7066,4.505191474909378,-0.0701241307683299
train:7067,-0.14264773698061217,0.4087402743903338
train:7068,-1.4339597704014828,-0.01352502366727866
train:7069,16.051896702520686,10.920539462039248
train:7070,-2.095623442681151,-0.21907128936745696
train:7071,0.9706921755805042,-0.08771107010427467
train:7072,-4.374376238201843,-0.10200554060608627
train:7073,0.1181217085788369,-0.1126116585259975
train:7074,0.13299194597852532,0.05839885030544899
train:7075,2.215472229446642,-0.1780979634471952
train:7076,-1.0851175928380998,-0.06913106886987672
train:7077,0.34295264527911673,0.005937334677007675
train:7078,-17.22446877498206,-7.327560256592801
train:7079,4.51108196671732,7.533566971568803
train:7080,1.7727235478820043,0.1158780319434285
train:7081,2.5780591978395413,0.23375694732183452
train:7082,1.6083372164154355,1.8226697159498917
train:7083,-1.2687451902249025,0.2381049634892036
train:7084,2.516642800932464,0.12650854486185076
train:7085,-0.8164704862039303,-0.18618198090700672
train:7086,28.139117084777236,10.844160005648405
train:7087,6.057853983261204,8.50806926928342
train:7088,-0.9313441423301564,-0.11321810962933387
train:7089,3.4331428871056744,0.05879858589508637
train:7090,-2.04517349571612,0.2219346459966204
train:7091,3.2563277109076454,-0.07262882660960882
train:7092,1.3757211370200548,0.05976097571938822
train:7093,1.760229614843274,0.3416632301071619
train:7094,0.14501073437418405,0.005043422041508802
train:7095,-0.5609419279000432,0.008141444191603522
train:7096,-5.472382042944852,-2.5357274505809055
train:7097,-1.2490345911176033,0.01654445122258892
train:7098,0.1609433059318161,0.08036148200590404
train:7099,6.10586544328601,6.195072464842237
train:7100,-2.264395098850041,-3.8215658523341807
train:7101,1.35516020566992,0.9718220991675921
train:7102,0.507007956211569,-0.05992744937313649
train:7103,-1.2691061978720115,-3.3791992181642643
train:7104,1.2467700423225136,-0.21614816937042985
train:7105,-0.6902882016060098,-4.648459863151579
train:7106,4.536003814654549,2.202456759202487
train:7107,0.0765663112605008,0.09943865616317363
train:7108,-9.597816108083652,-5.091259615540674
train:7109,9.746547831200235,16.250991009445766
train:7110,-1.966153036274891,-7.362845981339736
train:7111,1.7124452665191923,-0.12220260212190456
train:7112,0.12478431043176946,-0.15109284275626086
train:7113,-5.447791215541739,-0.21084889092193937
train:7114,8.226213290320013,1.143896144337635
train:7115,0.6550366662282081,-0.11691359525173456
train:7116,6.975695353480658,11.85331290218381
train:7117,0.5275753963924308,0.1454233710173333
train:7118,-4.5259352915131625,-6.973271265234235
train:7119,8.616438148729225,13.136114340613672
train:7120,-11.181674977193541,-2.6351141011230674
train:7121,-0.7473250852667723,-0.04238416424505362
train:7122,-1.7128317851913004,-0.0074733521068155034
train:7123,-2.1934739494156115,-3.2809872367316935
train:7124,-4.039157508266566,-0.9634633768065846
train:7125,-1.1389488773658116,-4.341285745584042
train:7126,11.346676917461721,4.498124983034645
train:7127,3.838054922050379,10.614493220835618
train:7128,-7.9355630220317686,-10.600405240344763
train:7129,-0.19763945304365305,-0.0067600480567844845
train:7130,-13.484132934221993,-8.912128111926107
train:7131,-4.099615247390852,-0.005055536698830368
train:7132,9.005420750302541,6.6626917743129725
train:7133,0.2210954786992924,0.053641397613362105
train:7134,-0.06492730024798293,0.02550226614368846
train:7135,10.12174472929375,3.243241694479756
train:7136,0.05346310036586924,-0.022454163765566956
train:7137,-1.2879369425399632,-3.363738780862272
train:7138,2.7364701902404773,7.787203055035592
train:7139,-0.14978536724749614,-0.10398224878953224
train:7140,0.21703966355252619,-0.20362469016403523
train:7141,0.012332171794230101,-0.04902973275757261
train:7142,5.638887058194489,5.745367929248842
train:7143,0.2972590263678456,-0.04489157064172264
train:7144,9.809556102136547,2.3428615311592527
train:7145,-1.2225383035191588,0.04488972756272153
train:7146,3.9262463239859606,5.1776549422615545
train:7147,-0.3881338668474481,0.276724386044363
train:7148,28.56987150229056,10.337796302752945
train:7149,-3.7391961845465254,-0.010005010841185588
train:7150,5.121643297980694,-0.25533481130617386
train:7151,0.15807581730920914,-0.06159601020696906
train:7152,1.3768487919435088,3.149908712749397
train:7153,2.034743037628399,6.693997833103974
train:7154,8.976068713222622,4.9268783520705295
train:7155,0.6063912925822392,-0.3776653146000135
train:7156,2.171638508915613,2.474319758398909
train:7157,6.518367704691366,3.1570357614956874
train:7158,0.6977645829103665,-0.048683780293307555
train:7159,1.1210352398370746,-0.12622734889379958
train:7160,-3.5099003061966387,0.2399264567113628
train:7161,0.47938970891655686,0.5149737165175283
train:7162,-0.49464111844882763,-0.019163834843583874
train:7163,9.485867300917683,2.391852965245103
train:7164,-8.87577012937866,-3.2854488109038273
train:7165,-18.653798704303192,-14.208111095705405
train:7166,0.13189148866918063,0.10437643211910834
train:7167,0.3648941461180977,-0.07117882213670576
train:7168,1.5484390042754326,0.01970224825207624
train:7169,0.21876043567597864,0.12621323698513792
train:7170,-3.627601351899029,-1.3661731590109767
train:7171,3.2568572507789355,0.4063705356753207
train:7172,-9.407653179730454,-3.621164506086066
train:7173,-3.4551126884685375,-1.284570605044188
train:7174,-1.2181308952840144,0.12833431790831018
train:7175,-0.1836051354759045,0.10818490510303395
train:7176,-1.8924219316323163,-0.08582923135948284
train:7177,-7.386077303895264,-1.9805958630888751
train:7178,2.229668919095205,-0.1437877533190832
train:7179,2.5034173218116664,-0.13343114915587284
train:7180,0.5601402388108481,-0.13034282794085855
train:7181,-3.571894594288978,-0.11668391134762457
train:7182,2.579217304792468,5.362638078807438
train:7183,-0.3667033092205373,-0.015710159294143683
train:7184,-4.535915653600067,-1.9983266045213064
train:7185,6.364399454178093,8.219279850301382
train:7186,-8.67931595121133,-4.752953770691963
train:7187,7.691820620806476,1.5497732818457848
train:7188,-2.45029520799353,-2.130664906297891
train:7189,1.3831946694441002,6.070871963650837
train:7190,-2.670179317112164,-0.04490983122540346
train:7191,2.5917551724386056,7.846259494589
train:7192,-0.3936294121052043,-3.5150782185843927
train:7193,-5.300252759953787,-6.909369493929776
train:7194,-0.6844588463152542,-0.26577073487974767
train:7195,-1.403575386276613,1.9330737755272127
train:7196,2.430352442485649,2.6351645432309336
train:7197,1.988826491264728,4.135187037408643
train:7198,-0.9720643171912734,0.20652328401327025
train:7199,2.000840862953822,4.82823182581068
train:7200,-8.16428705311064,-2.365690601777751
train:7201,-5.257545996971492,0.00013503421243535318
train:7202,17.09295814198255,5.382046226043923
train:7203,-5.852552152630281,-0.24123421684516072
train:7204,1.5348813423293173,0.13824596300511116
train:7205,-0.9887227396040869,0.12440287130615921
train:7206,-1.7639577207189796,-4.027490454502495
train:7207,-9.236449545452066,-7.866519101358478
train:7208,3.5778881244787786,3.3534314775204477
train:7209,15.536051411080235,20.584965929250792
train:7210,-4.0315338078193195,-0.14972244301534127
train:7211,1.2172820171720482,-0.20853307799310866
train:7212,-15.927459655009134,-2.4972329988953113
train:7213,0.07068755859369208,0.14792022051406187
train:7214,2.5234942751056,-0.13281456913502604
train:7215,-1.9825464562938193,0.07638181604997099
train:7216,-5.206653914433504,-5.002024137595314
train:7217,-5.5775252295924425,-3.977079830678703
train:7218,-3.4208990197520253,-0.6276891906922435
train:7219,-0.5977665675710464,-0.04582343105268316
train:7220,3.640930334318166,10.428986233795392
train:7221,-2.7415467863678744,-2.3873667705717136
train:7222,-0.09740624934662787,-0.356566636764956
train:7223,-0.8840837548795987,-0.15704579303619973
train:7224,-0.9822994535094919,0.17478895747063028
train:7225,-2.19890696340674,0.053640541648502064
train:7226,6.955662567252372,-0.08978921012363505
train:7227,-0.7315704604920519,-0.016420182145544554
train:7228,0.09576306142772689,0.8666661028079694
train:7229,0.2548365598133761,0.7663631418831376
train:7230,-0.1600472362633435,-0.14948534074911096
train:7231,1.2494158820130417,0.04186474774734999
train:7232,2.5452830508807365,0.19492410419490586
train:7233,-3.485316452540733,-0.6558666979198087
train:7234,4.387014819647437,-0.007197446100263502
train:7235,0.5353796006632323,-0.3053700945388397
train:7236,-0.17656339423312378,-0.19124986352166712
train:7237,0.19776736445721874,0.11432217314950084
train:7238,-1.6043186514348013,-2.2890031406981066
train:7239,-19.322783765088662,-5.2684848572384215
train:7240,0.5314472208420389,0.02369717891467997
train:7241,1.0121455237313706,0.15958545228745913
train:7242,0.6970118831284361,-0.0053799473807844694
train:7243,13.000499208056208,3.8994740021461727
train:7244,5.390990801292738,1.8689605809023246
train:7245,-0.40884589605374555,-0.139505646445937
train:7246,-0.015613725390414834,-0.015049211761384948
train:7247,1.643673890890597,-0.32022008623481546
train:7248,5.549553356466317,3.120456673845237
train:7249,-5.460052922798459,-4.910189379691641
train:7250,4.141844832987341,0.7763725096347929
train:7251,-7.928773381750538,-0.24843573453427387
train:7252,14.524294587217277,6.440693293359638
train:7253,1.3077701065213025,1.7687163962312156
train:7254,6.557601076647843,4.061597170496662
train:7255,0.4324083875834195,0.005313193633230531
train:7256,1.7676438704160558,0.06452442016549537
train:7257,-0.045362103769960194,-0.08766442001940264
train:7258,-0.030495353243875506,-0.03665718868816459
train:7259,-17.932278081221167,-6.912568519933355
train:7260,-8.660862486267304,-1.2464319494187497
train:7261,1.388426839515653,0.40651205519884687
train:7262,1.97001829504608,2.7768010486212926
train:7263,-0.3688723770603124,0.04441780560322101
train:7264,-8.288473683716012,-5.7798536719921385
train:7265,0.47499008803246046,0.26662357271349374
train:7266,-9.455242030674485,-2.273519877666513
train:7267,0.15875761732786314,-0.2151290005437455
train:7268,2.4434049726757006,2.033029785362109
train:7269,6.717841980316028,8.443137486930716
train:7270,6.716647144961142,0.5325765625337888
train:7271,-11.580082365659564,-7.813480665414372
train:7272,1.0309186187557406,-0.23406665242882901
train:7273,-1.6961833584828176,-3.807912642173347
train:7274,0.537071780423134,-0.10661719395034683
train:7275,13.936239397858452,3.7342693602995487
train:7276,-1.1263382502904755,-0.2224092669999821
train:7277,-0.375029730928061,-0.19449710887902832
train:7278,36.534350150746896,11.288255118192357
train:7279,-2.9491952235526964,-1.8237291749438738
train:7280,1.7562222672396,2.6285858826383075
train:7281,-11.307321445547686,-14.219676892894228
train:7282,-9.016336697425025,-6.568038098622453
train:7283,-8.050871607525503,-5.6692093716107665
train:7284,-13.606335301288588,-5.807820326542514
train:7285,0.17209607115342254,0.11068746103216279
train:7286,6.035652361651383,0.415644344290584
train:7287,3.070527558807464,-0.07342801246726358
train:7288,-0.2262164743505774,-0.018455381261093057
train:7289,1.0945133818322028,0.48651794938004594
train:7290,0.557907012496764,0.3123298136665213
train:7291,0.5016139952048022,0.27954792879600576
train:7292,-18.632490652168894,-9.377208629621972
train:7293,1.5190930111097605,5.2401900230061536
train:7294,4.741606619325169,-0.0405141663474923
train:7295,8.710523296888113,2.6234346861106035
train:7296,-1.991589081839554,-0.031186431946046672
train:7297,-10.315213851816601,-3.566659517015096
train:7298,-4.179379573200881,-2.8582270483241694
train:7299,-0.8638694187656771,-3.574034510249177
train:7300,2.259356625874045,-0.1970164987837379
train:7301,0.025281490525610573,0.3466825367160151
train:7302,-5.0946508851161285,-6.48312866707972
train:7303,2.0276893247862455,0.09453711605298047
train:7304,-1.0362451074914065,3.239483723422573
train:7305,0.4043567218994607,0.41897262098802873
train:7306,-3.0227584933458105,0.1507357742603443
train:7307,2.8492217350914593,-0.3468652737021041
train:7308,-0.2492412305891245,0.051575954406092285
train:7309,-3.7759013406820396,0.47548227976120605
train:7310,0.17784871522489548,-0.1621820101788531
train:7311,23.03876757243978,8.93581773557362
train:7312,-4.182305757529152,-0.5359594311447344
train:7313,24.443395559318958,10.432557319191467
train:7314,2.506226812103331,0.5567344587786194
train:7315,-11.314328666741789,-6.442133656716337
train:7316,-1.3714020035347771,-5.047110089346434
train:7317,0.006699359945606137,-0.19614384260892992
train:7318,8.290501011410662,5.613939660779287
train:7319,-2.137308784155787,-0.41576373987703025
train:7320,1.8780771092370219,0.2600123854561862
train:7321,-6.217079217496309,-1.586575550821961
train:7322,0.3988414176912833,-0.012270749825704114
train:7323,-16.71681531192803,-4.131013697891597
train:7324,0.570941410944076,-0.44746354250364867
train:7325,2.384990541483215,0.10546293684811558
train:7326,1.696932398314332,0.23179393457614916
train:7327,13.314958487304176,21.26004144734607
train:7328,-1.6110320454132285,0.06617372178997707
train:7329,2.598172414618954,2.529140741164043
train:7330,1.2803783897814145,-0.20058901078791325
train:7331,-8.112930519008632,-5.90591618207574
train:7332,-0.0999387656450342,-0.10081674807630459
train:7333,-5.593410030981704,-2.5036039453485683
train:7334,-6.076061215547377,0.1862968343705907
train:7335,5.089523148175876,0.06476837015060596
train:7336,-1.4318841507742883,0.12959429818228496
train:7337,0.31585522067138516,-0.01804038096478501
train:7338,3.5240693926960405,2.2652758776198088
train:7339,-1.293273253903148,-0.22545536061523458
train:7340,-2.508573418657229,0.19503452366185065
train:7341,-0.5409161154189646,-0.044199951034812585
train:7342,1.398590843612355,0.33823858603255796
train:7343,1.2615209124158335,0.015921451465291836
train:7344,0.6395816801251701,-0.24729787191366437
train:7345,0.25129505852316353,0.002235857300586702
train:7346,-3.350754745756512,0.07669224597254448
train:7347,4.450660491078514,10.743237183504096
train:7348,4.926901407211047,11.680216264327642
train:7349,-2.709777183589353,0.1369467510083847
train:7350,-9.349977500825483,-3.002216601114771
train:7351,0.536888835788057,0.15750431639108864
train:7352,1.638325491698919,0.14901271699708937
train:7353,2.0725574844863877,3.8788874766190373
train:7354,-5.3705030349068545,-1.5905018616349518
train:7355,0.6214555163834166,0.08032524616016247
train:7356,-0.7597411447950188,-0.15468732452517717
train:7357,-0.033696419441241604,0.16728471354268393
train:7358,-6.212855451270962,-14.040741433406128
train:7359,0.5286390090706958,-0.0923680895861172
train:7360,-7.585553439185849,-1.0039294008864643
train:7361,1.2016843017094967,-0.06304030824747187
train:7362,-0.560730855817896,-0.02930045603776467
train:7363,-9.87450557245576,-5.5065315380309725
train:7364,-1.0719218683720544,-0.04017805747911768
train:7365,-0.14489305112318934,-0.2879019916576301
train:7366,-1.501408226184814,-0.2098896396354577
train:7367,-0.17420533784402525,0.0066600543404991
train:7368,-0.1967107823738533,0.051089338383161126
train:7369,-2.088129918848444,-1.8273822903057027
train:7370,-22.349799179649768,-8.450858920430369
train:7371,7.937817228968902,4.801953133964297
train:7372,1.1753783974098173,-0.5146096702840661
train:7373,11.660603402423035,2.660475138820614
train:7374,0.5773265738872699,-0.1555061975746128
train:7375,-1.2364437229926888,0.0886577787510048
train:7376,3.972888604975693,-0.19317749638647091
train:7377,-20.588193441714928,-8.19312105335428
train:7378,-1.2791495561420234,-6.827726424292946
train:7379,-0.7922155609579788,-0.031150196100305103
train:7380,13.14095047681541,16.055929171994563
train:7381,-1.1220547422973843,-0.012068456797115323
train:7382,1.8520489925344412,-0.2050191995818459
train:7383,-5.093193371949759,-0.5328188960732578
train:7384,6.491670340715105,7.534379567542598
train:7385,0.11447804189203434,0.7733803418057228
train:7386,0.9596369265906828,-0.08245815641903625
train:7387,0.5215913401427886,0.7123969826915608
train:7388,-4.173311948213869,-0.12136946299146834
train:7389,-0.3884265317719232,0.14633126441221278
train:7390,-2.0109100809361937,-3.951659386265318
train:7391,-8.18688757306073,-0.006091539501095408
train:7392,1.2001528668227284,-0.00801260996863895
train:7393,-2.5877068528032194,-3.399681886621715
train:7394,-7.957659572516995,-5.106422177071374
train:7395,-6.268298601236569,-8.805755076196322
train:7396,3.360370440245892,9.387648487879348
train:7397,9.40630521377667,0.5988970052110929
train:7398,0.977204493181115,-0.02833350106754262
train:7399,2.361515048716823,0.2377945335666301
train:7400,0.058218149899308236,-0.0711174779884031
train:7401,-0.22911127681641374,-0.7676390173258991
train:7402,0.9309306585021794,5.290423747425538
train:7403,6.519045552919936,8.028859624964541
train:7404,2.053102589443364,-0.3363858385814784
train:7405,23.72631209912683,11.582733279634203
train:7406,0.8942685071411111,-3.8002717291894146
train:7407,-9.994309900315935,-14.335409048403662
train:7408,3.8766374109341544,-0.12286711617491347
train:7409,1.737831101103961,-0.11226656202659249
train:7410,1.205723496092085,-0.16903015704158086
train:7411,3.1629729465396252,-0.15996520385216667
train:7412,-14.597892433906761,-3.992540267980696
train:7413,-13.918329593356944,-3.30873390831304
train:7414,-0.636728893219391,0.0009163874688393331
train:7415,-2.995161515979781,-0.3680282915624744
train:7416,-0.5603247512721787,-0.7868886684024663
train:7417,-0.632570215301314,0.17921343983216267
train:7418,-3.0762801434975087,-0.7002333538668781
train:7419,-0.5519041839773536,-0.03291262774712175
train:7420,0.14871123710072778,-0.1544188368807455
train:7421,-7.221667029229949,-0.015362494900158563
train:7422,-1.4670515956505477,-0.06603675590084215
train:7423,-2.018492868733157,-1.7486021378040768
train:7424,2.3364239711806913,0.2413011362765826
train:7425,2.8974716972707624,3.1242032320376194
train:7426,0.7978280920920089,-0.06678658111823477
train:7427,-0.17582115507200474,-0.016046553484138318
train:7428,-11.903117494306844,-2.9965971918086267
train:7429,-0.3981707162867333,0.3963216508792937
train:7430,9.22938589628701,3.644757120382776
train:7431,-19.412546119811854,-10.977737376378771
train:7432,1.810851813364331,0.06290115413883977
train:7433,-7.076120275844462,0.1504045158595099
train:7434,3.863680653539086,0.04745048910233289
train:7435,-22.353693320090443,-11.839633502252811
train:7436,3.181259971383632,0.21276940225777186
train:7437,8.486696696014834,0.4668481622180106
train:7438,-1.8994054420859143,0.10883772096962234
train:7439,-5.401044328343894,-0.8136795125567713
train:7440,9.507066562595544,2.385276301903817
train:7441,-4.507845391256888,-8.529260165820618
train:7442,1.8642107427478538,-0.16636639439714507
train:7443,-1.8301128950826784,0.0026087726579429316
train:7444,-0.021329989747288614,-0.0699309680315815
train:7445,1.178630023274438,0.0017167146129741379
train:7446,5.966517421335037,6.191790124925615
train:7447,4.289300068525282,10.775921345719757
train:7448,0.6365818065347406,3.0413686593156175
train:7449,3.644929080966951,-0.3534837366607219
train:7450,-9.554655121699907,-16.120537459449046
train:7451,0.5391478649668089,-1.3144436359986773
train:7452,0.9038997169511594,-0.20541351406070302
train:7453,-21.945786758094833,-4.465823211608677
train:7454,-4.264581562166844,-8.197795762776563
train:7455,-0.36929359139164586,0.03324090178247498
train:7456,0.0865815420834426,-0.07495391249108993
train:7457,-5.823666891696784,0.2941866398323624
train:7458,-1.2556689492943454,0.025092972279780662
train:7459,0.8052374660417454,-0.14015846231252538
train:7460,3.9287829083035715,0.3558726034358048
train:7461,1.2732121671509797,-0.034032800427290455
train:7462,-0.08256797495497384,0.10567122163072465
train:7463,-7.062857138488744,-0.0827788579199302
train:7464,1.1269759426249102,-0.27323874296195244
train:7465,0.49221942788332856,0.14573779544258697
train:7466,-3.0293789040281376,-8.157816497380425
train:7467,-0.5039189917336956,-0.058137912172418676
train:7468,-11.850655388814207,-4.561182262162744
train:7469,0.3305907485208486,0.04688070182716811
train:7470,7.351332062564727,12.827154395026477
train:7471,0.8749507624598347,0.061034651431123604
train:7472,-2.6969794276306156,-0.1560152113447149
train:7473,1.6714838000046952,0.7546508320424383
train:7474,6.041652573748722,8.273509218687419
train:7475,0.4292681092158789,-0.08626277756109169
train:7476,-1.041558637947047,0.017426095028427263
train:7477,-1.1084524483691407,0.10671606940321009
train:7478,0.03952699640462644,0.21285685333430565
train:7479,-8.636839321886882,-5.273843197262254
train:7480,-0.07964341783438544,-0.08269012289610633
train:7481,-5.8897649975625015,-0.4131071102730947
train:7482,-0.677495559728558,-0.019857879684264043
train:7483,-0.727735131986163,0.004328406061757703
train:7484,-4.340951997669221,-3.095048558080388
train:7485,0.42051187222213243,-0.6387107368908926
train:7486,-0.1960105019250994,0.12771688192260333
train:7487,6.228700561682567,1.5857178142133277
train:7488,1.047075396286094,-0.09475665952805107
train:7489,3.5239457249122275,4.271467200026509
train:7490,0.2298347462415006,-0.8915018403800155
train:7491,-4.533114531805052,-5.42784040587479
train:7492,2.4673286449292955,0.18919242083128662
train:7493,-4.393324374281121,0.16979896765823327
train:7494,1.1839700539694666,0.015498176842003428
train:7495,-0.0233399399216124,-0.034940979143789935
train:7496,3.7295587577454183,0.09444096266703629
train:7497,0.421051175339513,-0.014399391771806686
train:7498,-2.7927949949299253,0.06657959179444473
train:7499,-1.3628082548509655,0.2550065602938786
train:7500,-7.838772989789329,-13.232908048092039
train:7501,-11.68918896530342,-0.6704126794296612
train:7502,6.695111748667879,8.423378394101617
train:7503,-24.269072973449706,-10.31427330693152
train:7504,14.799460985199266,2.376589685182539
train:7505,-0.16535321182617557,-0.016607353128272703
train:7506,-0.55284819689101,0.21475538339386824
train:7507,-0.29364354397580544,-0.11958135239885057
train:7508,10.617395908487179,0.8562203356385052
train:7509,-2.3603055091113725,0.23164670862022277
train:7510,0.46490418990448257,-0.2479743694747138
train:7511,-0.479080480075596,0.03771374615859948
train:7512,1.3945735003043502,-0.17816858054814827
train:7513,-3.362902083559029,0.034496602232149585
train:7514,4.252812958219122,0.9334436307205332
train:7515,0.15403034655413403,-0.024924193030014363
train:7516,-0.2820185398391306,-0.16319105008802698
train:7517,-0.8891404189797624,0.005579826687132125
train:7518,0.25103052104575874,0.26617333519711417
train:7519,-5.967821685139653,-6.087251767031385
train:7520,-3.406939437508517,-9.82423798970613
train:7521,0.8855459765922009,0.3756258471716938
train:7522,-3.790533657072832,-0.26735084601137643
train:7523,-1.0182519098630762,-0.7315185841796186
train:7524,22.193084494409366,9.599122595556905
train:7525,-7.799444774870831,-15.62455261580316
train:7526,0.3693113175993329,-0.023102699807855148
train:7527,-0.9516205447942249,0.23727838675602766
train:7528,21.856895948695765,8.187442522653917
train:7529,-2.5335547759039625,-8.572242726589007
train:7530,-11.819784004676013,-7.731141411024711
train:7531,-12.195076675564511,-7.3050769129358235
train:7532,4.83186922418138,1.6088471260180135
train:7533,-8.411408759155876,-6.341019669086621
train:7534,-0.30459325692455325,-0.08077804005959319
train:7535,19.847578990618413,6.977964175421322
train:7536,3.2385353571988915,-0.17950174581765627
train:7537,8.957811443033368,0.3021077386471468
train:7538,0.4754401271855849,-0.02344223253566992
train:7539,-1.6863306159698106,0.06774213473518528
train:7540,-22.018055235489754,-10.20411519459065
train:7541,-0.6548199557668668,0.05947023298859557
train:7542,-5.90882424868062,0.12610110558847304
train:7543,-2.0726351823863234,0.0306381979647218
train:7544,-5.218939332430731,-4.569745619944176
train:7545,-1.430271123045192,-0.10753906810460692
train:7546,-6.3523745624867605,-0.5931881004003432
train:7547,1.7463692922683527,-0.1935199536608908
train:7548,-0.3247090307446087,0.13966158622280272
train:7549,12.760549303639174,4.195288039412916
train:7550,8.574043344705347,-0.02136623242845964
train:7551,-1.954970865085893,-0.17673269949543585
train:7552,5.315249397788479,0.3576306125975112
train:7553,0.4920067285934996,0.2441094143215547
train:7554,7.015111902530451,0.8236046506116468
train:7555,2.7742316366196893,-0.02091257105263991
train:7556,-6.271005344986043,-13.936524858480395
train:7557,3.947354926950125,0.03516910529051883
train:7558,1.4568820719375077,1.6249796383959452
train:7559,36.932612485271,10.315102962383639
train:7560,-1.7893135681907562,-6.430730492850922
train:7561,1.6127690327658066,-0.25393801931540316
train:7562,-6.29554410174334,-1.762287731968782
train:7563,6.877840197581393,0.050779621764637656
train:7564,1.7836644274176225,1.7970181610242963
train:7565,1.8257036865630396,6.641188795742357
train:7566,0.603260545002549,-0.30736549128839646
train:7567,16.792557007271956,10.484312378488758
train:7568,-5.436271514987897,-4.6179800957721335
train:7569,-10.142402536348643,-2.841661275066249
train:7570,15.58162810349666,6.478614819232248
train:7571,5.517277459640531,0.178278155561762
train:7572,15.44184538463642,10.880993885505527
train:7573,4.353918810150048,7.178499052187602
train:7574,2.2955675757907876,0.2070765226344743
train:7575,2.087423653866872,-0.004598166141950466
train:7576,3.2598229530080483,0.3828357818485973
train:7577,-9.29431398044812,-4.643318082237336
train:7578,20.18836091115936,8.871798982404956
train:7579,10.69015719735143,2.1464241581779704
train:7580,-9.003523599222431,-2.3001811858053327
train:7581,-0.02890777969208641,-0.00306741565058391
train:7582,-1.5277213366899414,0.2713049871938473
train:7583,-10.453346117171066,-2.0222476838215266
train:7584,-1.2100536688100387,-0.7835330008295003
train:7585,3.692394264127169,0.028497144528148693
train:7586,-0.32900950818923835,-0.05437024018015485
train:7587,29.026683558702977,9.4859115418819
train:7588,6.584857270233665,0.40687498429950264
train:7589,7.277174629509533,3.1867891000305812
train:7590,-0.8737284376511708,0.15408630604415
train:7591,1.0234030113902097,0.08312895905921439
train:7592,7.664344986641858,-0.041429192782872076
train:7593,-1.1721783178931044,-5.953172290068675
train:7594,1.1226550088551386,-0.09988617161263413
train:7595,-0.8486178336228581,0.0019068814727123962
train:7596,-2.6703717925350916,-0.02377406157974435
train:7597,2.225864042618789,0.7630435674951033
train:7598,11.156496322282264,8.512537976496054
train:7599,-7.2487586423816746,-2.1316890682529257
train:7600,8.328787813412838,12.464148828176532
train:7601,1.1801158963461176,0.6692098106564204
train:7602,6.819107763516245,2.2774983425170903
train:7603,-0.6325046620775634,-0.050626535203972034
train:7604,13.534285626479171,13.811098555790544
train:7605,-7.99405788377538,-10.726500277093045
train:7606,4.999426053586722,9.63282250273981
train:7607,-0.7144020247001294,0.21060480978754775
train:7608,-10.639760888858468,-4.247072261334324
train:7609,8.865632452444533,2.182237299939498
train:7610,1.0351879467961767,0.3021561719921439
train:7611,2.762773769957754,-0.15531175089057433
train:7612,-2.3588707768525476,-0.030691684256945156
train:7613,-0.15520675832661252,-0.043858563716467736
train:7614,1.5204119791649404,3.557995951526163
train:7615,5.642633820110842,0.4301917524085366
train:7616,-6.352064928110747,-3.2591190464874624
train:7617,0.044474405131872535,0.07235592799159592
train:7618,-1.9744211109641117,0.3451085599992167
train:7619,-25.91000684937176,-9.606151838806406
train:7620,-24.001976595736245,-9.353990297471842
train:7621,-2.6160165471338557,-0.009633522091929442
train:7622,1.5354878258781302,0.01599606306892508
train:7623,11.292524375645984,0.3471377673607449
train:7624,-8.392508044557609,-0.6936755217525128
train:7625,4.485015494405098,0.17500408997211964
train:7626,0.7759932895853029,-0.03890894691330249
train:7627,-11.83565718315326,-9.50365518260611
train:7628,0.5860116786594998,0.13211297478294448
train:7629,-3.634277552559016,-0.26861025564211116
train:7630,2.0553616186221157,-0.17969490855440462
train:7631,0.9580922415842199,6.00472185798068
train:7632,-0.1556461044006855,0.0960050957879443
train:7633,-3.9871668280851558,-1.6002669940798764
train:7634,10.682266634844375,2.3888650772403333
train:7635,-4.804757327781326,-0.1133268171665586
train:7636,1.1636973708372422,0.042469629581776296
train:7637,5.439316544858363,0.541941531406646
train:7638,-0.8490171968796081,0.23582652769259452
train:7639,0.005616453233400348,0.49634171541788313
train:7640,-14.174569241417757,-3.87190457510973
train:7641,0.8983651187090412,0.16753793648044496
train:7642,1.4273147785271174,0.10181581324030699
train:7643,0.038351222625440676,0.13493380697919716
train:7644,-2.4605573094676174,-3.6876296068247165
train:7645,1.7113406249615228,-0.168251657001377
train:7646,-0.8392595297868636,0.09648757464738529
train:7647,-10.41795853434129,-13.454477405328873
train:7648,-0.036671419999964316,0.0780723466485445
train:7649,0.32869807352873104,-0.011281254447501096
train:7650,1.1002943858089864,-0.13430993974551106
train:7651,-0.9278165885343589,0.12710201383147657
train:7652,-4.000297929160412,-1.2686830412770373
train:7653,2.3836766875093205,3.125290878053107
train:7654,-0.3610111042915294,-0.052768587266215194
train:7655,-16.390083167427807,-8.012336139125258
train:7656,-0.466241230320974,-0.049223038155131016
train:7657,-3.754318522907765,-0.18974079747342149
train:7658,-4.7290670650899225,-1.703420175327822
train:7659,-1.8742139425899946,-0.1316016669283533
train:7660,12.515672214361793,1.7966358300534797
train:7661,0.009299986508405828,0.08305948324474137
train:7662,3.8583024996926563,-0.08012764942677492
train:7663,1.487090020258028,-0.08092141417364943
train:7664,-2.5596161341348984,-0.5279377564588956
train:7665,-3.037791567742794,0.14198895467724393
train:7666,-30.85013312486729,-14.024155116991565
train:7667,31.858978933569023,20.49551417751746
train:7668,2.4278855956401135,3.12766817779105
train:7669,11.050182011020292,3.146366159515323
train:7670,-2.733073218594272,0.1652463758893153
train:7671,-1.4425532866270543,-0.26711916485592635
train:7672,2.5453142002849303,7.224776507023894
train:7673,0.9037393207653868,0.0800340754469398
train:7674,-0.2542035166437466,6.148133063847516
train:7675,8.30696928298295,0.5768947138054561
train:7676,0.0675040429934649,-0.09578025083984557
train:7677,4.3318785145589604,0.3890553651824378
train:7678,0.9178823125604523,0.6393723022436228
train:7679,0.39577389875294094,0.30427318708223094
train:7680,-1.2007706814438852,-8.12915708193666
train:7681,19.976647244269042,7.716185933171264
train:7682,-1.0387905252221468,-3.568630804087762
train:7683,-0.5994523547293412,0.07410466420065195
train:7684,2.720418483834717,-0.3540565198128968
train:7685,6.861703411459701,2.2380437835801543
train:7686,-3.4221505749175325,-12.7320864323437
train:7687,31.51774511420903,11.602107758919525
train:7688,6.345015226440105,3.7918016117588507
train:7689,-1.1876809579353935,0.30483826655066554
train:7690,0.29575874088527054,0.09024359631503377
train:7691,2.395780788079151,0.03835151130973222
train:7692,-1.590279568473128,0.4010241791595282
train:7693,-3.8675224314942738,-5.381258798191565
train:7694,7.878540377705088,9.972969242680842
train:7695,-2.31698877570666,0.057720640814679494
train:7696,0.49905416506316647,0.00712398729463927
train:7697,-1.6481825915370627,0.10523496487372568
train:7698,2.815019689286959,8.958970443751147
train:7699,-4.912544959370004,-2.8942180881157746
train:7700,-1.3562368928573312,0.13312172937049835
train:7701,-5.5551181148982405,-0.07944487479008522
train:7702,-27.816692564545665,-16.85970534369095
train:7703,18.336100178858764,7.505059917870123
train:7704,0.431443685886381,0.06057756619586373
train:7705,2.139200821154612,2.237985720630482
train:7706,5.36046020093475,0.37992821187986087
train:7707,-0.07139347488790404,-0.4425149243261535
train:7708,-2.2720564575322086,-1.1311894058092584
train:7709,1.4405160819909293,-1.029494788682816
train:7710,0.4699666654606525,-0.14128063224403417
train:7711,12.152167965752865,20.965240301830367
train:7712,0.0144495176755495,0.2866938087692165
train:7713,-1.0145251393553845,0.033150454828931045
train:7714,-8.763172936799204,-3.391713709739628
train:7715,0.8387744488208894,0.24901509159523802
train:7716,2.0934917437703646,-0.1386245732833387
train:7717,-2.372600225438208,0.15483784319126268
train:7718,0.740647781697012,1.288959790366773
train:7719,2.145700353552009,-0.13034282794085855
train:7720,1.4552685792919307,3.2115005202182356
train:7721,-4.033519931024017,-1.2950901278524256
train:7722,-0.7908143026857503,0.09756737431832224
train:7723,-10.3418173026638,-5.794908952593713
train:7724,-0.6997841207202325,0.009711569066531797
train:7725,-3.676717918397985,-0.003941926415921934
train:7726,1.2216998860280044,0.024334016770547653
train:7727,8.9733536009765,4.074038905058924
train:7728,0.014539943931006855,0.03715808230362532
train:7729,-0.4171400060658744,0.09562647399818784
train:7730,2.464458715495166,0.12709858997203644
train:7731,3.2543025347185854,3.9106891390640004
train:7732,-0.7603241500615664,-0.0512670822408999
train:7733,1.0107984282291202,6.087426324043957
train:7734,-0.20159333525206957,0.08461163285760886
train:7735,0.9567925675629808,0.4825795123982047
train:7736,0.6212277073079713,1.579417627521834
train:7737,7.443087979156306,0.49452778321865426
train:7738,17.63698853013686,10.590496531306094
train:7739,-0.8438166411287296,0.001312841859846564
train:7740,-0.8809592836723951,0.0002080765471585283
train:7741,3.2964235029354505,-0.17357789834295867
train:7742,-0.2777256172873091,0.024887683374181735
train:7743,-17.06919224949266,-18.55592867922695
train:7744,-4.411728093161734,-0.16328435025777105
train:7745,0.29582917573206635,-0.02162416317295085
train:7746,-5.332600253917571,-0.41238353464474325
train:7747,-2.7682037026103314,0.05257343878965566
train:7748,-2.352094619149253,-1.8377597229471738
train:7749,31.138016210263597,9.009093463381966
train:7750,3.3957445404977333,0.12121868202682073
train:7751,-0.4250366124871755,0.005552150489990915
train:7752,-1.4686790357905397,-0.10979524881485503
train:7753,-2.323876513365275,-8.79699170795926
train:7754,-1.8946888643912367,-6.459716316227983
train:7755,0.29561577906751657,-0.04123973922718385
train:7756,0.404368112353233,-0.009067443997824817
train:7757,-0.17003922126226023,-0.03480516605266404
train:7758,-21.482010252804518,-6.276567227055538
train:7759,4.824222277910108,7.22604276437351
train:7760,0.047928967040231515,-0.044472433181924426
train:7761,-3.531922005128506,-6.620296465257446
train:7762,-9.84607221034131,-4.022807756074852
train:7763,10.140595232912125,5.879765825139486
train:7764,-0.06522961218942838,0.09568182639247025
train:7765,3.3145808160813974,-0.1485569041975906
train:7766,-8.644988377957095,-0.2251820225032627
train:7767,25.14678629932739,10.648740945528948
train:7768,-4.421522023739958,-7.070639550636429
train:7769,5.037207026458115,7.946120349663623
train:7770,-1.6763660610432436,1.3021646176017574
train:7771,6.146822725552182,3.6468205663387057
train:7772,17.586175018484077,5.400415802583561
train:7773,-13.229912883352474,-4.6493817373058395
train:7774,-0.5974987756782781,0.0348121679438833
train:7775,4.268933472263997,-0.15031876520116721
train:7776,-7.109144223287374,-1.6498727256136134
train:7777,6.843082111666215,0.4641621444872138
train:7778,-10.033334989689147,-4.811223863860617
train:7779,0.13217462280580544,0.015715591916452887
train:7780,-1.9607809263427076,-0.017615679733396547
train:7781,5.7445439775530325,11.942629982112493
train:7782,-3.6976800726707912,-4.651676008452359
train:7783,9.001188150664065,0.4251076064615355
train:7784,2.056191494539809,-0.0289358150073888
train:7785,-9.335815214996478,-3.9430241274356423
train:7786,0.7749123587681392,-0.22374485750326017
train:7787,-0.28499354039785335,0.0006029616692557055
train:7788,1.5447243215962336,-0.056336391463660346
train:7789,3.10689053641333,1.9413258474212116
train:7790,2.8803190686391766,0.051335142958801816
train:7791,-5.288218396856032,0.10623045200594897
train:7792,9.65652326358204,6.888709866249041
train:7793,1.3919704329300275,-0.1008514146531361
train:7794,-5.133433288086519,-4.86372247129966
train:7795,0.342984492058031,-0.06354404356760376
train:7796,-3.9027928553709637,0.09724481822689822
train:7797,1.9164538725781757,5.529299572845846
train:7798,7.560206484508629,4.483090816232951
train:7799,-1.0277417850630526,-6.130754754434677
train:7800,-1.4142700925358063,-4.615853593738181
train:7801,-0.44254699435050615,-3.414868985811735
train:7802,13.422282597161797,12.612841337229797
train:7803,1.3536464376094104,2.1274551209146857
train:7804,-2.532764882803592,0.01089765104092337
train:7805,-21.485582671040685,-11.799717007613076
train:7806,0.47861876116276686,0.8752244674610516
train:7807,-0.24885046828726382,0.014368588548374306
train:7808,-14.620210284636707,-5.984671796918045
train:7809,-0.6389567729939494,-1.260650524369638
train:7810,-0.2654902940408573,-4.862685041889295
train:7811,6.977246314859608,10.913828697536555
train:7812,-0.8131242498355279,0.15412568042771171
train:7813,-1.3636723021299755,-0.02892896728850851
train:7814,31.45714232114283,13.749905057303243
train:7815,0.730233884992041,-0.1347661690159109
train:7816,-2.6919164871579655,-1.16089053048769
train:7817,-9.905752609110198,-1.3818393132009978
train:7818,0.032697605764314325,0.2897885497206811
train:7819,-4.478620741292627,-0.16405528927504454
train:7820,5.475629311484335,4.979835186031313
train:7821,1.2276038604138804,-0.07602458187018649
train:7822,3.6704939083967125,9.1846547093918
train:7823,1.3320977911964524,0.286106616875231
train:7824,-2.157065409994656,0.04897710243020927
train:7825,-2.5478625805913655,-0.06689243543925938
train:7826,-2.3942058241200272,-0.7457606981641578
train:7827,-1.207645401441046,-0.13872443585034303
train:7828,-0.16256522392173417,0.038451017224711545
train:7829,13.598531505086575,3.049635853255477
train:7830,12.88044940429433,4.126917560895823
train:7831,8.954907574696161,4.5423461249555075
train:7832,1.7923913746730973,-0.1283153325090504
train:7833,0.47582647278088086,0.086638272324557
train:7834,-1.2483455848935017,0.07608137238409791
train:7835,-0.35114859853243197,0.0723510775240557
train:7836,-0.932253983882496,-0.4546288243470203
train:7837,-1.191247332257313,0.04521984467707589
train:7838,-13.731213727616947,-8.004049257993618
train:7839,1.083493001578419,-0.5721303662177575
train:7840,6.2190767905362065,14.759306754291298
train:7841,-7.971090079805695,-0.2603753030453131
train:7842,-2.350018767063818,-10.766229600750053
train:7843,2.3769116878015577,3.6400321943553706
train:7844,1.0175490155259874,-0.5739052093550445
train:7845,9.570595539990016,6.078515159207729
train:7846,0.695504158982173,0.004231396710953489
train:7847,3.342771956709506,8.34803066068874
train:7848,-1.3179982097108858,0.2877221078877412
train:7849,4.376547225088967,-0.10076638881037239
train:7850,-1.3730903477337146,0.2486119321461605
train:7851,0.14956319655124498,-0.02788440483764308
train:7852,-0.0671434408814087,-0.07860232004618858
train:7853,0.23725551064500938,-0.08317352905081235
train:7854,-0.05159709868995241,-1.470443659722891
train:7855,33.80059661342182,11.022056894439661
train:7856,-1.1746881695130864,0.13659352284280932
train:7857,-4.917957052119511,-9.273989539079803
train:7858,-0.07065588489159,-1.2745125899563208
train:7859,-4.10558616974992,0.25886325263158627
train:7860,0.811097505820214,3.811222883789855
train:7861,0.03459004829819161,0.022954486737787674
train:7862,-10.957856744816912,-20.17903207255913
train:7863,-0.01226330477368795,-0.07958725027847141
train:7864,4.945825367633339,3.5351667980657306
train:7865,-1.2622465876604667,0.10583642284871184
train:7866,-5.033739387506875,-0.0257093981282885
train:7867,1.8318204764678643,3.501295697910818
train:7868,-0.17635464673337908,-0.1896101201714558
train:7869,0.9552460228905958,-0.35831751288616215
train:7870,-0.15823685148827454,0.016790683780659635
train:7871,-6.209716800111103,-4.953458974009762
train:7872,21.320622227102124,13.941913953420313
train:7873,-0.3245129522189576,-1.4221966297436528
train:7874,1.3674953697305594,-0.024776967074087955
train:7875,4.049157223768839,1.3184892940907673
train:7876,-1.38593296813282,-9.978612964143563
train:7877,-0.29937526680565585,-0.0026040533396837623
train:7878,-3.283447857041493,-10.393766192839937
train:7879,-15.781258299219104,-6.1299969402119245
train:7880,0.03532438387914216,0.39139614375301957
train:7881,-0.45439597200166204,0.1592510553488046
train:7882,3.3770567576475354,0.5506709463709256
train:7883,9.101794217378451,0.7469133376901318
train:7884,-3.3633344558858944,-0.09747377731542922
train:7885,-6.541103688414095,0.12591022542468475
train:7886,-0.15549337933684104,0.02630787173779349
train:7887,2.019581646282797,7.506885976238203
train:7888,-0.8162942828578206,0.18352579079703019
train:7889,0.36247100142172906,-0.03366216764289434
train:7890,-9.31082130500477,-6.877919062399048
train:7891,0.35135124527023814,0.41265374573042396
train:7892,-2.242901080123542,-9.999783828348484
train:7893,-4.317445355498635,-0.2902598895254126
train:7894,2.003224489749348,-0.056795188628640275
train:7895,2.024260565742554,3.0816380967993084
train:7896,0.5609466364462763,-0.07052572094849738
train:7897,0.044510901075591816,-0.015917730772702712
train:7898,-11.080464519054505,-1.9323163064449558
train:7899,2.2739508191134363,-0.15280277522499522
train:7900,-0.9849206526265538,-0.02720191552257341
train:7901,0.5036487021817126,0.05089531968155269
train:7902,-0.9437583421924808,0.19356454667554673
train:7903,1.024955599976841,-0.23875876646993305
train:7904,-3.102307097908888,0.05036134026969947
train:7905,0.5979000579823781,-0.013164377139582975
train:7906,8.154917418202299,2.4551344473476546
train:7907,0.5828693081677969,-0.15444080664548646
train:7908,1.104522336282658,-0.2061233942512939
train:7909,7.4386903341672515,3.5079585283813475
train:7910,-1.2369451354169088,0.03595288378069291
train:7911,-1.6400209827218766,0.02324622809425035
train:7912,0.5332552810347053,-0.22904128273555052
train:7913,1.3264753237395195,2.943830322227896
train:7914,1.411882805789864,0.12205381840859705
train:7915,5.065337263027279,4.5783902345684355
train:7916,-0.7540333651639141,-0.12783099905907933
train:7917,-0.14429609836222673,0.0019204342496629973
train:7918,-5.616403870274297,0.17150690287562753
train:7919,-0.669411359507375,-0.07114173032610416
train:7920,-22.56685752639992,-8.043121200638117
train:7921,-6.916907767431144,-1.5117839092464886
train:7922,-7.706656743692541,-5.059009142187432
train:7923,13.692966270438799,15.633088237568574
train:7924,-9.288479278617839,-1.3198337893831416
train:7925,-4.226578824134253,0.04165589232150091
train:7926,2.282076629359624,0.24323704346836678
train:7927,0.15190428348880525,-0.06544157500149628
train:7928,-2.1194387893947892,-0.0005896827023961632
train:7929,0.02288810048399398,0.1555373091427231
train:7930,14.638089404650502,3.2201931286935337
train:7931,-13.949460400891256,-9.370735823350369
train:7932,-5.713565370784655,-7.66766705150703
train:7933,10.677817384125985,5.067969322523425
train:7934,0.9586757117672481,0.07427243331321925
train:7935,-1.0930960245599692,0.42641994325278254
train:7936,3.43092802499257,-0.1378182543851836
train:7937,-6.633145993557663,-13.302101964804487
train:7938,-0.522737881031395,0.07546336575515104
train:7939,0.03720148416916293,0.2199837594197856
train:7940,2.3507452584460284,4.571934262272414
train:7941,-3.376462302545787,-4.061097346837277
train:7942,-0.7830167234747959,-0.03374006044515773
train:7943,0.010005962184045841,-0.005779112327181826
train:7944,27.355894606069107,15.516260447038293
train:7945,0.28759922419424644,-0.04900590840230157
train:7946,-2.6585247907789777,-0.0737849498138991
train:7947,6.257813166775028,0.02429949285452615
train:7948,0.27409177322802514,1.9433004156925073
train:7949,-12.326983709245074,-3.569471361580318
train:7950,0.199621683839695,-0.0835403813237433
train:7951,-3.871849409178292,-0.11686680250605253
train:7952,-19.678580628283854,-7.23347659368019
train:7953,-7.794628240132846,-5.478165433212579
train:7954,6.100118610670544,13.053403026831516
train:7955,5.198818038994336,1.7780195929733402
train:7956,6.236660396745217,7.621678852974554
train:7957,0.4547425103901831,0.15517709059745743
train:7958,-7.525886058078414,-1.2645806870244989
train:7959,-0.28473446568909444,-0.09827809896224418
train:7960,0.2352554399458962,0.13726174607687838
train:7961,1.1951257249190763,0.012239803941461735
train:7962,-0.10063811626082711,0.06595530808985758
train:7963,-8.135680742065443,-6.693351354131902
train:7964,-6.851418702154882,-6.782735199319669
train:7965,6.719424556015652,0.654597634530725
train:7966,-1.1609598832186272,-0.143644949848267
train:7967,-6.3300446239283215,-0.146105706160064
train:7968,-6.604332329762163,-0.13995987846499675
train:7969,1.861877326932222,3.393197892988057
train:7970,-0.40641275565304613,-0.11035390854683932
train:7971,17.12053884727176,10.786016024635797
train:7972,9.381297356290549,10.050596125194376
train:7973,0.025568576452319622,-0.02362227047789775
train:7974,2.5824726499889326,-0.1401450521963848
train:7975,6.227952046148961,3.5553256264844673
train:7976,-1.1207613446486318,0.010213449796133617
train:7977,0.22856947603981848,-0.09004885279784633
train:7978,8.368048150525183,2.0999546818914094
train:7979,-0.43530440918814917,-0.015051351673535038
train:7980,-0.38553335651376863,-3.4601766324616055
train:7981,10.325039688555165,2.1060768278920157
train:7982,0.6412233002178174,0.15720972181842582
train:7983,12.802684684266934,5.116207507532443
train:7984,6.073335702061871,3.766407416934506
train:7985,0.15611898384278253,0.07253610859463375
train:7986,1.2824430838713172,3.508753149093082
train:7987,5.317557243197684,1.3650320980336712
train:7988,-24.826911381074883,-17.132809491934424
train:7989,11.058143240832383,3.507346228184801
train:7990,0.18630996271176437,-0.17026531433461461
train:7991,-0.7823932704744447,0.07086597849189112
train:7992,-3.977973569599739,0.20031925070772047
train:7993,-0.3081152317225848,0.08181947548416744
train:7994,1.576649206479242,5.082534991225058
train:7995,-5.582708118517062,-0.6842025586464808
train:7996,2.8299946491238805,7.527902196125076
train:7997,-8.306501285163899,-0.43222394413554605
train:7998,-1.9672609322479238,0.04490855878964235
train:7999,0.5540189159703383,0.016267403929556876
train:8000,1.356919682090374,0.017394281667795886
train:8001,-0.24965512248589006,0.02113513342777855
