row_id,pred_displacement_m,pred_v_final_m_s
train:2,24.077284988920347,9.865401850649684
train:3,2.6111335887205875,-0.138275589276861
train:4,-0.9578570506927787,0.055195722803582196
train:5,-0.846004654315085,0.06548955621038982
train:6,1.503628377989752,-0.08572655124148088
train:7,0.5802182381668629,-0.23661685706849994
train:8,-0.4454238975318432,0.05177503756645595
train:9,-6.5846184762395,-0.20235515161579004
train:10,-0.7881357444979067,-0.0107687098223513
train:11,-3.2206934305035357,-2.0624239637962836
train:12,-0.6015800450023518,-0.17693205014481828
train:13,-6.016400808187151,-6.034197923719798
train:14,-1.0823777237893903,0.10853945288110187
train:15,29.21741647466127,10.463418846898488
train:16,-3.1461403535234362,-8.902742171914179
train:17,2.897611869589633,4.881034015453416
train:18,-9.816659734118927,-7.180487803697965
train:19,8.223208070190058,10.21003498774379
train:20,2.5456896203429342,3.1040515366593833
train:21,14.351682256002974,2.5944599902767234
train:22,-7.976418952505192,-4.965867040620862
train:23,5.699509842669352,2.4997942712592867
train:24,-12.04639545526749,-12.198629729698341
train:25,0.9843210859772563,-0.08355011792402625
train:26,-29.745054545706427,-14.555179738147938
train:27,1.024704661306491,-0.0752081697197235
train:28,-0.8256367214189181,-0.5776330076509117
train:29,-1.616326165605808,-1.8001141030811167
train:30,-10.227697973527187,-1.3122569311029022
train:31,0.028611571046315537,0.12442138154625751
train:32,-0.3127856664565727,-0.31085800624336085
train:33,-1.6912991783969193,0.06494291565164856
train:34,-0.9342330171108665,0.06886170110691146
train:35,17.571701238613137,7.102980696445958
train:36,-1.0944592759099168,-0.014696411578239602
train:37,25.813703411607595,17.698533727411352
train:38,-2.539588461987898,-0.45759620486035185
train:39,0.10750034289444256,0.0954365567948671
train:40,1.152902126389141,0.296352337923864
train:41,-6.199538383603506,-1.541317978116403
train:42,1.8173391417041147,0.175092931991551
train:43,17.42614518689804,4.417940762840938
train:44,2.2315495062588293,0.09049699757880729
train:45,1.015051600421859,3.4323323210673387
train:46,-2.0929594712478834,-2.2514792105029846
train:47,2.8754727792464396,9.850458986766395
train:48,-0.6977190198284093,-0.31276762818090137
train:49,-1.0407772295724458,0.045061063195538986
train:50,-6.010332718283658,-4.758689876540693
train:51,5.987850114042802,14.962298250205885
train:52,1.6471341480258421,4.298811282802018
train:53,-1.8351439887764145,-1.6041018593136531
train:54,1.2424964138046328,-0.7393310467875831
train:55,14.12381088174934,5.621748342875786
train:56,-4.917876156651904,0.07397819539258146
train:57,-0.4801925602969531,0.09295818187303431
train:58,-11.35891694672067,-1.1477744382765296
train:59,-0.7107044277015887,-0.7959245187866393
train:60,-0.5415220178221768,-0.05359723258113622
train:61,6.559866614657321,10.102986881061055
train:62,-14.321898484589482,-2.06165159817091
train:63,4.862254305680971,1.5939163883035743
train:64,5.728423463508158,0.4344713983827102
train:65,6.350692321583496,6.899659368738637
train:66,-0.07921848417120797,0.07764040538104822
train:67,-33.95675153921969,-13.121565280384877
train:68,-0.8604308964758954,0.0713068717252153
train:69,24.310382954247768,11.2653529223972
train:70,0.7198452100061371,-0.11863643852377448
train:71,-2.7768999653780937,-0.2656159122356885
train:72,0.6934068045095151,0.010197364789805416
train:73,-0.16629129705470547,0.34889873673425903
train:74,0.560308306118549,4.23056377790315
train:75,-0.0010869450406961467,-0.06518189666208249
train:76,-3.4050495520152824,-0.10705876482251853
train:77,4.198669249816515,0.04382223238664761
train:78,-0.2829148988135356,-0.45534765650343906
train:79,7.289939376398155,0.4405778516942157
train:80,-0.48614593205888224,0.028432911498443403
train:81,-3.4801642481038266,0.2821220647865552
train:82,6.38932781094605,1.3321874424067528
train:83,6.660919001192989,5.194092320790469
train:84,0.12534348872869144,-0.06556116042548399
train:85,0.4264168926700894,0.08810521776864828
train:86,-3.0788325349754566,0.23508494113697978
train:87,-4.678852365864024,-4.995141038834134
train:88,19.802805673880293,5.597119951279555
train:89,-2.2021730016822563,-0.06982525637136691
train:90,-0.33994887674629504,4.080153062054169
train:91,3.340660306055073,1.860184230531553
train:92,1.0181802558773871,3.3962631031518504
train:93,-1.1366555605966226,0.1908267787359202
train:94,0.1235664617110984,-0.004620956206348961
train:95,-2.3677488219641853,-0.0021301341288431502
train:96,1.9838945410104585,3.2354723867668183
train:97,3.7126622980945885,2.541355930360014
train:98,-1.501047799683306,-4.168385409002442
train:99,0.30436887787501965,0.4839022277633797
train:100,0.5891810143070717,0.03353884888417293
train:101,-0.8469321626936835,0.20936776223878145
train:102,-4.353402925933505,0.12634666050769622
train:103,13.44984656545771,3.1976470142801534
train:104,13.95332972768165,8.14842935626314
train:105,1.9240707155073355,4.890180285304534
train:106,-13.762589081220003,-6.452962182839049
train:107,0.574912495062271,0.05008432864186992
train:108,0.3710081465240396,-2.1138232270334187
train:109,11.792209170224234,7.289313974897741
train:110,1.2686307639230074,-0.019748137856166775
train:111,7.4775638607678205,2.5134968420603827
train:112,0.622854798760603,-0.2287582793537007
train:113,0.07255350088818084,0.08325599851052491
train:114,0.8681986641844057,0.011773517083956464
train:115,-4.836272621245014,-8.987005064665963
train:116,7.4911961418090565,6.010884804972948
train:117,7.682488817209871,4.01462524283726
train:118,-0.4495062129179981,0.16196371498587006
train:119,-0.3288802614076592,-0.33705324151588995
train:120,0.46552566700979164,0.2836409031002862
train:121,-0.8172730482783942,0.14443077276651262
train:122,16.33200330302447,7.091035992145759
train:123,-18.36027275450624,-6.32259074565002
train:124,-0.16629739908351204,0.0335495484449234
train:125,1.8145426690739042,0.16991377394508578
train:126,-0.18434243489941826,0.10931324511457552
train:127,-0.07050048655798269,0.2323808768137172
train:128,0.020483552446845382,0.030078860593889978
train:129,-3.5258027744121585,0.10431811951301831
train:130,1.9727723440474452,9.324635208099608
train:131,12.82262588194856,5.114898451939825
train:132,0.8627059084255326,-0.25150265662778726
train:133,-1.6474728965295786,-0.07424342599205652
train:134,-3.005604934881264,-9.325963725381262
train:135,-1.8048907110990453,-0.18725739375803602
train:136,1.2793122200625064,2.1034251914164304
train:137,-1.3839174389607303,-0.20221687762569152
train:138,0.8935161560465411,0.2933255748483674
train:139,-2.6024997978380244,-0.12007110695960188
train:140,11.297538964804662,4.653318545199894
train:141,1.5274404702880267,-0.1535775304189364
train:142,-1.549820909132292,-0.7083457608278807
train:143,2.7746286752940366,3.1126856542025787
train:144,5.264622317644378,3.9650551765060245
train:145,6.884289518998896,0.33826836647664676
train:146,2.9338997631838986,-0.3102128227301078
train:147,0.6797573215585009,0.1823051492414146
train:148,0.8193622098649513,4.671274976033755
train:149,-25.629074557198606,-19.823955022886093
train:150,20.33038173795673,13.5166375136459
train:151,-2.824440697466393,0.37144399518277943
train:152,-0.14498928883465295,-0.03292450425955476
train:153,2.84298952967035,6.521732051805283
train:154,0.3089722484066954,0.5334630924723699
train:155,2.5891586138950102,3.0673537552150076
train:156,0.32746511502244374,0.05893764451963991
train:157,18.77968443156798,10.765674875701873
train:158,-12.929347168207784,-10.679723509421732
train:159,0.13056008409814732,0.022850843659318165
train:160,-0.14284962696226955,0.10619032865313471
train:161,-0.44603747105698377,-0.4020635229792995
train:162,11.102509290733584,2.7624781886182896
train:163,-0.8479829901687348,-0.15110596755078143
train:164,-2.9502445400491863,0.1526700408528134
train:165,3.7453287247639953,5.988107009404118
train:166,-5.827351354804751,-3.72059623744419
train:167,-0.8196640556230482,-3.8697860620811375
train:168,-0.6968915266076785,0.1400973793321692
train:169,1.4466012575750802,6.764653167154126
train:170,-33.6883087633787,-13.011560100432332
train:171,-3.7763788099075137,-4.0631205624447855
train:172,-1.354542620973267,-4.6093725131396
train:173,-1.2632109406701448,0.01607830702589365
train:174,-2.670410148144733,-4.653025579715018
train:175,2.8909949457809097,0.11708069823698329
train:176,20.398940181837258,7.655767368203916
train:177,-0.0044525916721593894,-0.06512690091982509
train:178,-0.34126319563666996,-0.060343055977887056
train:179,0.7585223093936946,-0.06602552136205417
train:180,-0.6368502364208016,0.08842492064387218
train:181,-5.852024937341393,-0.029404206111841677
train:182,3.066047623601361,0.035467409044241796
train:183,33.484100070156295,11.178316132855656
train:184,-1.500369021621775,-0.017592818338593053
train:185,0.1468891131845262,0.07707578956024616
train:186,-4.284802639569733,-10.781416699940074
train:187,1.0111253807440321,0.01901423083061883
train:188,0.6265685516068409,-0.41241138916789694
train:189,0.37500735808930497,0.09368068754531074
train:190,-6.70884927391052,-2.33898563943107
train:191,6.3326191583205205,0.5931046553380184
train:192,8.028393187532972,10.391386550710155
train:193,-18.129845269442814,-15.820342594028634
train:194,-7.756882600913971,-0.585345536361467
train:195,-0.8668745226665123,-0.024742906805698975
train:196,0.12988944207502534,0.015515082147989162
train:197,-6.99656702211658,-0.19328074714771293
train:198,-0.46478906369413064,-0.18242632808798592
train:199,-1.9950531745357631,-0.17100319170916917
train:200,0.06506753194828188,0.10781273871493027
train:201,0.24450971871937882,-0.000717328462149211
train:202,-4.8277079298412335,-0.6613909524656789
train:203,-0.511946937060738,0.1598715942071291
train:204,3.6881430678294724,0.29524236549161076
train:205,-3.6534032867338455,-2.248566362084278
train:206,-1.3640974682513933,-0.13243077589090685
train:207,-12.943596858335123,-3.085690294265601
train:208,10.005431924202135,6.253714046760147
train:209,-0.4265352126475088,0.7949585739536162
train:210,-1.516789871713053,0.11657403837024627
train:211,3.1793598577278264,9.333774630231845
train:212,-2.829220736260659,0.1554227881774906
train:213,2.748049400103823,0.3288180864394058
train:214,-0.025505753346024007,0.1214293563779974
train:215,3.6422590656194367,0.8854075247488893
train:216,2.76013164959907,-0.1866039359178026
train:217,1.52280827493456,1.84171821528435
train:218,-12.837582883119556,-11.843229695951447
train:219,-1.0716502409183217,-0.4701708992975387
train:220,-0.01931271713839694,-0.02186172908681369
train:221,0.9313689585141712,-0.2222527324262028
train:222,0.5455838200354975,-0.1166847316472821
train:223,0.06474302024489254,-0.09572529076279068
train:224,-3.493941118170498,-0.10372520967510357
train:225,13.454633345540943,3.631830339066494
train:226,-10.843639783219393,-2.0871467968487387
train:227,14.914507357797998,7.389040728810958
train:228,-3.2102170025319374,-5.490313286506227
train:229,-4.369826565523665,-2.569732937218844
train:230,-0.267525233476008,0.563336908061314
train:231,3.5457693694234016,10.579434041454974
train:232,0.9889839658184362,-0.19956946747660265
train:233,-0.34309833721432553,0.10014422086426181
train:234,25.86334161439767,8.081001009735328
train:235,0.9889351495879836,0.017656385240979774
train:236,-9.390460568281545,-2.3032682230730566
train:237,-0.7376156532588798,-0.47020456724870013
train:238,-21.979495062597042,-6.130695978180955
train:239,-22.72593892836574,-6.119221483910536
train:240,9.596352842842704,1.0981691462367515
train:241,-1.1903645720899627,-0.33674484450985903
train:242,0.913121451571007,-0.08355721529932406
train:243,-1.1931218755066912,0.07393907066543726
train:244,-1.0395830915922804,0.04569725907776165
train:245,-3.1113683201138427,-5.411748837149331
train:246,-0.4484217952272306,-0.17784718357580553
train:247,0.8985811886433538,1.9730588900165615
train:248,1.3085033960401722,-0.0578831912961526
train:249,-10.263169241323453,-8.20412305502196
train:250,6.175222148763556,-0.07460378719813221
train:251,-0.6361634385499823,0.02508673086934289
train:252,-6.117237938392346,-0.23521956576489417
train:253,2.600893105862843,0.0761498852381034
train:254,-0.6932769172009072,0.01282000545575697
train:255,6.792950167573846,1.3223455584460448
train:256,-0.023016241822063938,0.13050946727847476
train:257,1.218274497628797,0.1966726620779494
train:258,1.3716850808237098,6.176016404484849
train:259,2.556427563834814,-0.03425242674429502
train:260,-0.9478571621136934,-0.08212953724318697
train:261,-5.449667618457039,-3.792213105353784
train:262,-18.410639946337742,-3.909534787608306
train:263,11.77136975390228,2.4801915346779544
train:264,0.787206261491134,0.14865392505992378
train:265,0.7433839314138775,0.09451835615646466
train:266,-9.933803809877677,-3.913782085243811
train:267,2.3191332623543968,-0.20667652587689045
train:268,-6.603004993210334,-6.658749830629757
train:269,-0.4939136403859644,-2.909544424256361
train:270,0.7594609757678251,-0.23840810619893782
train:271,1.6855364817734237,-0.15210543135308366
train:272,-5.632737780983722,-5.06081009225295
train:273,5.702130576869933,1.4502600911651473
train:274,1.4059561667255638,-0.08522898600138173
train:275,-1.3994767988136405,-0.27179915272817984
train:276,-3.5148112189801655,-0.3860014493763085
train:277,-0.7371086618368939,0.09504302695046497
train:278,0.22280811478433615,-0.08698588954181063
train:279,-1.386682297270267,-1.864232148173545
train:280,2.2647568632532984,0.1553094084987382
train:281,5.944848129095388,5.56089095325686
train:282,-0.028269100676998865,0.008106599288759495
train:283,2.08621452233021,-0.04383334841829914
train:284,3.331174150186941,0.5800247276421946
train:285,1.864136472340094,3.58920300371502
train:286,2.273526350366739,0.23102331654569816
train:287,-2.0245207433610863,-0.10411178480501787
train:288,3.937937578721107,-0.09029929384981222
train:289,-4.840798118266206,-5.977458295720891
train:290,1.8877170362310793,-0.058645142682395734
train:291,-4.588824543830466,-0.1635808707513689
train:292,-4.7544491803428475,-0.2496642224344398
train:293,2.4163803074971675,-0.4217644458631186
train:294,-0.4978454390615572,-0.09208419457420486
train:295,6.77286205628438,0.433362995219367
train:296,12.693234976260467,11.442810415893637
train:297,3.675595901853725,0.39201482802081394
train:298,0.01416522124772343,-0.08107573750487365
train:299,-2.1994616087679772,-0.09541892667330237
train:300,-0.751474116167879,-0.05199483069794403
train:301,0.9922274556446479,-0.03677631046451976
train:302,-4.0055170815705115,0.4046123481876018
train:303,-5.705550210660827,-4.35871775528032
train:304,-1.4361040814386716,0.10495288878714092
train:305,-0.3181885771055892,-0.0801616383647589
train:306,15.12511080413288,22.002318195959624
train:307,1.8476182222461515,-0.2787452005717744
train:308,-0.041058778711887484,0.12792227782380974
train:309,2.2620622073323178,-0.4536312329678494
train:310,1.242146331694816,0.2057869045772207
train:311,0.15070189324111083,0.012147894714615234
train:312,14.635946139675395,4.514005128439676
train:313,-17.278616667632992,-4.346502566084348
train:314,-2.7005174420472247,-4.146091518901153
train:315,1.098964840903875,0.11416207205547138
train:316,8.360339835278484,1.312942784458536
train:317,-13.875129553988836,-14.459966772263318
train:318,0.10788564242765736,-0.08342914155714098
train:319,0.8758583956588918,0.10535009214740068
train:320,-8.376065808308228,-2.4373325779899067
train:321,1.902044134952423,0.9085890504100373
train:322,3.08721620079151,8.213549450885052
train:323,-2.3612706757248914,-6.4851464615764485
train:324,-5.3401649099717945,0.06817314870741653
train:325,-0.5855964488609848,-1.3770302172956888
train:326,6.506783845663215,14.305833690740778
train:327,1.2135625690989245,-0.3758566965159573
train:328,-17.901403907584086,-6.05146330558999
train:329,10.524122504503246,5.802438530326963
train:330,-2.5544822938989715,0.02080958145934439
train:331,0.8597522940249129,0.10026070341563187
train:332,-14.322423840212448,-4.290548143183715
train:333,-4.788535461943702,-2.531419950083578
train:334,0.3817333048127057,0.6104633373779533
train:335,-2.980219100296495,-0.013161595253787864
train:336,-0.07105885125106379,-0.015863270008482838
train:337,-1.0132209323984602,0.518517874685715
train:338,5.360447648189777,0.9138966031855082
train:339,-11.416974786972611,-4.654585433011626
train:340,0.5550301093154268,0.05220237802282953
train:341,-6.0457825999218215,-14.249288711905596
train:342,-1.1192309558239444,0.17371268865474096
train:343,-2.7721513084462615,1.3713395604264755
train:344,-0.03754964723162976,-0.014479032168992642
train:345,-5.340482912844457,-1.651378510463229
train:346,-3.900702590874633,-0.040536243107840764
train:347,-4.916221983814283,-5.321415441610163
train:348,-2.8168686027484813,-0.0730720024158931
train:349,3.044713536144154,0.07073576483755796
train:350,2.646880784448031,0.03373568513677899
train:351,-1.8950329025868071,0.021176362401870347
train:352,-3.1969931506188214,-0.3882024916834892
train:353,-3.2896596061374606,-1.617114807759179
train:354,11.309889936025638,10.991786553129305
train:355,8.77539681274419,3.3250208625293323
train:356,-2.4574070353957462,0.04691757964655471
train:357,2.2887697994711496,-0.31317410449381156
train:358,11.549183378372208,3.8987056310234793
train:359,-9.09766546719194,-7.724801564628035
train:360,0.6975298000877137,-1.748399844775488
train:361,-0.6306065243168,0.15244510042063614
train:362,-1.2170314840367507,-0.2019649743004231
train:363,-2.6883601085403765,-0.023402073517653166
train:364,0.5136868301413191,-0.09703398970338259
train:365,1.0122820929475176,3.524625020171132
train:366,6.1533808374261225,-0.1912716014625918
train:367,1.2775890071275313,-0.11137821316268387
train:368,-1.5431813206451443,0.02409894742085994
train:369,-8.12903708555909,-14.982069957005141
train:370,-1.0490344949534949,-1.322030908518047
train:371,0.9218060914267564,0.4649257008075695
train:372,-19.67094298034219,-5.415035171568634
train:373,6.390402232932486,4.004106290672262
train:374,2.034821957200964,-0.11021674017801836
train:375,-0.8345832835968694,0.09654253472444019
train:376,13.006081925154058,3.087284611659354
train:377,1.302929977271932,-0.1931241055783261
train:378,1.3699579160986501,6.77576587361037
train:379,-5.740309226408967,-0.8230668791767994
train:380,-7.256732424938739,-3.5751569655023054
train:381,-5.971414559700961,-0.5755943133455181
train:382,-20.930933590471742,-11.544547035117098
train:383,-4.6482064662188725,-1.8855562300884123
train:384,0.29303700357930046,-0.0008470784688498489
train:385,-1.0710276015218114,0.08589697109056225
train:386,0.6708773005518212,-0.07717881481874417
train:387,5.567141146923651,-0.06907407587627923
train:388,-5.034708738368718,-2.815625391918497
train:389,-1.84017438509543,-0.04897391671565768
train:390,0.9775042480819177,0.050865967219893914
train:391,-6.446423447160168,0.02900034487024307
train:392,-4.199965145124483,-0.05405378283835857
train:393,-3.1039733585750016,0.3349892364282492
train:394,-0.14013654872574877,0.02999037522648363
train:395,-2.911861267877305,-0.8499465296853335
train:396,0.19774179405079123,-0.03170539630764674
train:397,3.8410550280990488,2.7300234249851183
train:398,-0.22501390975920277,0.22576048793416428
train:399,-0.07389007638819173,-0.11201815389116918
train:400,-36.960402111136766,-13.658106880385809
train:401,11.144958954902163,4.578551155962122
train:402,-2.856585255386438,-0.01158415901234676
train:403,1.130207228393509,-0.0748105740422362
train:404,0.4670024742101015,-0.06204703235780368
train:405,0.2898496524181091,-0.06057890996202983
train:406,9.41385731708592,7.731357054350563
train:407,-0.04908097069748371,-0.04278290120902095
train:408,4.199933822643476,-0.050928726464767676
train:409,1.0351527293727787,-0.01827191945942508
train:410,5.390563543047159,11.783322367508285
train:411,6.272615177681203,5.049095297359604
train:412,-2.4379533026439235,-4.282735466584535
train:413,-2.2958938877786705,-2.173682276303922
train:414,52.76069778324243,18.782389530498406
train:415,0.920365082795445,-0.06716937573668391
train:416,-2.172926500643411,1.0669642339600445
train:417,-2.657679572617428,-0.09515949799030607
train:418,2.2581018162931743,2.341303532453175
train:419,-0.13858413448279755,-0.49529624982542625
train:420,0.03184343796051478,-0.07609883682179472
train:421,-6.642755817209608,0.15302273404035124
train:422,-0.32341400588817454,-0.03033670849644722
train:423,26.142812209156133,9.512848185384033
train:424,-0.34764260523841767,-0.06851338322775236
train:425,-7.757844978028607,-0.24224764357424228
train:426,6.470064742033286,1.9837784232804276
train:427,0.21120809990848827,-0.014443509627301107
train:428,5.161084952520435,-0.3517303996405432
train:429,2.366721880840188,5.261110374828704
train:430,-6.6514251148215005,-0.4465190922762052
train:431,12.067099407816805,5.425531523506773
train:432,-0.10418252327904279,-0.049347367051051416
train:433,3.681160952125316,6.329581065521447
train:434,0.16652369844726364,-0.33531549018920437
train:435,-1.5495933325150872,0.07750131109129216
train:436,-0.0805064190513145,-0.08509506316598842
train:437,2.172965148092721,-0.3478236333585233
train:438,0.916365173855459,4.981807329068838
train:439,10.53262489709864,1.8095561916333116
train:440,6.911780030490891,2.255511601139744
train:441,-2.734872212915569,-3.3485979037746936
train:442,-3.8510169666035448,-7.795318232370862
train:443,-4.967877459213252,-9.021275615088893
train:444,-0.7568323367202073,0.077313640795729
train:445,-0.12980825476774993,0.07834318819634127
train:446,0.21925917483043555,-0.02626702356940025
train:447,1.1829406126525184,-0.05614358537893696
train:448,-24.449629797482803,-7.839856366611558
train:449,-1.581971627195704,-0.7306753161316719
train:450,6.31910357131589,7.731199556816317
train:451,2.6140216498974564,-0.008680084233455482
train:452,-34.5647060837769,-10.363519818545662
train:453,-0.24851526350482295,-0.060486216100728296
train:454,-1.7041126252868737,0.007447934328960862
train:455,-3.6211599340616942,-0.11742835111943944
train:456,-5.805265497398575,-0.3783395652533053
train:457,-3.839204368666988,-0.13707930705455398
train:458,-1.924331009354988,-0.057247887043992474
train:459,-1.088144082897038,0.1317433406242184
train:460,-9.860235426003278,-12.90316413441666
train:461,5.103128464061243,0.873074069741423
train:462,-2.606515978854828,-0.17937397522969445
train:463,2.6768365155778793,0.5575161330218459
train:464,8.601462259059343,2.3956618662114586
train:465,-35.655355515048946,-12.140511998274775
train:466,1.9174523969491708,5.681050729665645
train:467,-7.316827994124714,-4.4256467889731095
train:468,3.724594379566634,3.4604230905224203
train:469,-6.253141394139291,-7.963571821048939
train:470,11.801026776193407,4.387971150518075
train:471,-12.146405499053873,-3.159672763726718
train:472,-2.056717836843428,-0.5751592692054042
train:473,1.7168755718910016,-0.13307959725481505
train:474,0.9372732815874074,0.19497243054429547
train:475,-1.524402879081249,0.2605526062784772
train:476,2.486980199643571,0.12321168920780991
train:477,0.03366544564759624,0.027833557770404832
train:478,-3.225711971452298,-3.4867403606063805
train:479,-1.9529559170594037,0.18154918960919175
train:480,0.5033008284251781,5.745420428426924
train:481,0.7782244237752247,0.7410335010753213
train:482,-4.594080889559004,-4.094946477227449
train:483,13.163334345685588,19.51120708765274
train:484,-0.4571093408109831,-3.342097135984331
train:485,-10.409382684941978,-3.5848701694123877
train:486,-1.3014198691618382,0.04163880868950266
train:487,1.0396033748406102,1.5713394591552325
train:488,2.112880039527557,4.685260871203522
train:489,0.20477493433868268,-0.13101682893773287
train:490,-10.294571560082378,-5.146084164826059
train:491,1.6488892077397312,-0.00819874666049454
train:492,-2.8116382923428507,-1.3401073170931233
train:493,-5.5985110946057555,-1.6666629043256735
train:494,1.2120574019933037,8.691677155620843
train:495,-21.278066270136325,-6.577988404798766
train:496,0.94549637560714,-0.564278101243801
train:497,4.802093648187726,0.6119681236018988
train:498,-0.25872895555037845,0.3058185246414207
train:499,2.0353345276207158,0.17444532324452783
train:500,-0.4598466528190499,0.6480396954207523
train:501,-2.1732166085272433,-7.192755492072019
train:502,5.067715310825038,-0.07769795750635675
train:503,-7.236564348014627,-0.5581570965296747
train:504,-0.5168723784842805,0.13607641307173934
train:505,0.5637321835391951,0.03595077953374532
train:506,-0.02909502480460799,-0.059552394103630196
train:507,2.793517302063811,0.06720976025744463
train:508,-0.45936511557437154,0.6408000159649625
train:509,-10.14680343575306,-3.4489089963656956
train:510,2.9452944012044853,0.03306268276557473
train:511,19.273139345307523,8.413262030742457
train:512,3.941476058054196,3.228524805319516
train:513,23.34567009921369,7.30330215264047
train:514,17.51888672642828,3.7309764634829854
train:515,5.615653786914437,4.901837385411761
train:516,-0.15719718200875527,-0.7707910365925812
train:517,15.096568651561993,6.6679331324726
train:518,4.244705744632155,-0.2767608600349931
train:519,4.520602061488528,12.264382607854564
train:520,2.0878419624702023,6.68242747076923
train:521,1.1110594106858553,-0.14330010300527948
train:522,0.12472538226786603,-0.05858904131886078
train:523,0.23851334218300346,0.20111447772789753
train:524,-3.6250568640012495,-3.6274815267531406
train:525,-12.040253908560077,-7.585731241888068
train:526,-5.68937111713941,-0.9512053180372066
train:527,1.171445087755663,0.14149146076754981
train:528,0.5332578380753481,0.0022334320668166013
train:529,1.4299502738259546,-0.055825487437825616
train:530,0.2434919003144431,3.366961714063056
train:531,-2.2349665830090797,-6.039666397888956
train:532,3.030464775849775,-0.23387427432653568
train:533,2.897934986543581,0.14502673830031354
train:534,-11.408507728029736,-2.386148161932641
train:535,-1.011662067439342,0.006513577353825226
train:536,-1.015295854650934,0.11471110218278024
train:537,-0.04555754303545059,0.39296466369383526
train:538,2.312946851206617,0.15444623926779566
train:539,-0.7040484509085033,0.09972818627708122
train:540,0.5135959389693813,0.2523180816641092
train:541,0.462976181259847,0.058118521813786794
train:542,0.8683183801781347,2.3052137713810454
train:543,-8.890964529794378,-8.260754260805262
train:544,-0.3813887423192267,0.022183012742476624
train:545,5.782986061659697,14.41627940727462
train:546,7.424083588182887,5.231842083047831
train:547,0.6955411198423728,4.517719445288997
train:548,-0.24745478901280132,-0.41160867245519456
train:549,7.1771869017142125,2.1610290586023555
train:550,2.963076061834188,-0.03991723785322385
train:551,-1.1877363992256935,0.04742010234980157
train:552,1.1661710752008654,-0.03631490973975718
train:553,-5.951113516663426,-4.931085193854869
train:554,-0.08747644692697801,-3.9840562296096267
train:555,1.2700871147981752,-0.3156536563673269
train:556,-0.4914572541612401,0.0571804199923885
train:557,0.02583276524236404,-0.07622633992073777
train:558,5.4793179588406264,7.932178964666576
train:559,4.218761545354305,0.12136523034389961
train:560,0.05745777899544967,-0.07102567575716412
train:561,27.442205420841063,11.415764208889422
train:562,0.2570768761037879,-0.050853686878704424
train:563,-5.073018786194921,-3.938025863296265
train:564,-0.006864345914755765,0.05236283576888401
train:565,26.28880342269698,14.207995765952043
train:566,11.796231627613524,13.499028604545213
train:567,-3.936457457724005,-2.2955271622005
train:568,-1.1251023860561853,0.18019947568572303
train:569,0.9348290994202961,0.15898360199524547
train:570,20.484138916387856,13.744354981150762
train:571,-0.019458003538553342,-0.09670740344407588
train:572,-0.945613475178798,0.11431471912217801
train:573,-0.46728618822545887,-1.1651622231217056
train:574,-17.605694709994705,-4.845905277416365
train:575,2.647964272305837,1.391199657109059
train:576,-2.3460925473859917,-0.22483963655924777
train:577,0.7215629601724663,0.16011340428008958
train:578,-0.5928720430934573,0.06589449891959244
train:579,2.099481611476013,0.04710610590697791
train:580,-10.362374979598572,-15.1655443128244
train:581,9.68130517165864,5.359589702619226
train:582,3.1119953193692256,0.5387145082191033
train:583,-1.8189123596927002,-0.5579227048188347
train:584,0.09263335991011765,-0.041604487253167205
train:585,3.1406564905591208,2.1961153435369014
train:586,-0.7050123390017009,-0.9042184823231585
train:587,-10.861642279177333,-5.010776092967575
train:588,10.706310255549939,4.0778858964615505
train:589,-0.3200654449373697,-0.9064907837049372
train:590,-0.6229791045377088,0.059179739914220444
train:591,-0.13637287547241705,0.14369054148859295
train:592,0.5381384150585222,2.84986592375245
train:593,-1.0272458354074785,0.238723790417808
train:594,3.9336603471005023,-0.33821018501983774
train:595,0.6736515734200877,-0.08977811824565707
train:596,4.330821759398782,11.419935610974003
train:597,0.9273829970686002,-0.1708616365204405
train:598,6.378522687022737,-0.05756256112566366
train:599,3.197396757505324,-0.2574263971068773
train:600,-6.559449757651125,-0.7146771902367661
train:601,22.06261219298763,6.627557270024644
train:602,-0.7952490247641245,0.06736140869848123
train:603,-0.9214071337050588,0.028512302239211848
train:604,-8.864752538623758,-1.1764789345362578
train:605,-1.2813512843645536,0.20542319084210992
train:606,2.974104810584621,0.07653093226162996
train:607,-0.2521142982094975,0.15250305637470116
train:608,7.0758230211366095,7.208946863545607
train:609,-1.4056190428957729,0.08636817974601274
train:610,-1.0577880586774784,0.05449047908931653
train:611,16.104298368870857,11.912737406627032
train:612,0.2929963233872567,-0.014885651142712827
train:613,-2.054464619120682,-9.215206437638367
train:614,0.7552702186125936,0.12038265401498188
train:615,-1.0543948657445457,0.13146083655520363
train:616,6.60680318777921,6.011837779183789
train:617,1.3579291319986608,-0.1262596259020635
train:618,-1.2253999806857596,-3.219234222547548
train:619,-5.4139127516076675,-6.03998938196281
train:620,9.004803341216437,13.58540344792833
train:621,3.3680866590727585,0.2818687705183892
train:622,17.315837243068568,8.04446443500626
train:623,-1.7673408017184613,0.055867227236281396
train:624,5.452964168143455,4.510378120006077
train:625,1.0642453430565781,-0.08148018090124123
train:626,8.116613879206824,0.46873888159822535
train:627,-0.44671921296107775,-0.35483006238995296
train:628,6.995544032782666,-0.12698962126686522
train:629,-6.986276560737182,-0.033283724179150376
train:630,3.9130901174207575,6.852718826457435
train:631,-8.287694483694692,-5.111106587428737
train:632,-3.9203490315076235,-4.518608567275832
train:633,-0.9889400880587208,-0.12899767916331004
train:634,2.611379297080532,3.7029866978813883
train:635,0.9765362919695157,0.42003754826952255
train:636,12.340090926503011,4.193261114624348
train:637,-5.598449260713848,-13.270763379348804
train:638,1.2159087701177702,0.13847693085651122
train:639,-5.294655630445042,-0.25926729219919736
train:640,0.1928122846080444,0.5356340333486393
train:641,1.404851757626135,0.0343131047652791
train:642,1.4957213109476397,-0.06406154565590128
train:643,0.8426710300730842,-0.030825036449098467
train:644,0.580082715012797,0.026842100806064223
train:645,0.17287376019617975,-0.014783755659165898
train:646,3.6698816133918934,0.1362965387015789
train:647,0.20585911957120984,-0.026227506525028532
train:648,-2.2157620454908056,0.14896189408352467
train:649,-7.510988739293737,-5.638317599812024
train:650,10.619121678462797,19.341148554406463
train:651,0.7772770402170849,-0.08252524266494168
train:652,1.012017787928353,-0.22365448188012127
train:653,-4.6722500869244366,-9.953351729194145
train:654,11.703255770177112,9.870215797022533
train:655,1.1269767562287512,8.140733090884925
train:656,-2.3807406805535316,0.2087501835922646
train:657,3.4950386129041475,3.2883513279253376
train:658,1.3194435782010694,-0.19437991302360824
train:659,-0.007237441390357396,-0.015248687238976114
train:660,6.9999430725211615,1.7890441350489996
train:661,-0.5737718793250551,0.18197460414463024
train:662,-1.534125212521475,-0.08238900159138574
train:663,14.7209254336472,8.22155101039668
train:664,-0.24870657663654894,-0.06140309712663816
train:665,27.664684693753852,8.48069950756211
train:666,-7.692180174322717,-3.4938679799959105
train:667,-7.106909369765608,-0.5447795070537731
train:668,-0.5588466655515475,0.06447869737588838
train:669,1.8196855751812007,0.5592525290708363
train:670,0.42623708622125583,-1.0001363352700194
train:671,1.9792851265645361,0.25041791100523153
train:672,2.7531560427256405,0.22426183612504913
train:673,1.2070093388480294,-0.03402680867327018
train:674,-6.530044720092429,-9.912823505001102
train:675,4.031212377454481,4.344469875044503
train:676,-14.555590613178982,-6.641706999623176
train:677,-0.6268173387716008,0.03664168583660536
train:678,10.811298625009524,2.304557531655017
train:679,-5.922167816587465,-1.5254395446410924
train:680,-2.8435578306863336,-9.172227871372657
train:681,1.3140642620634386,2.125331900079363
train:682,2.2081107418943966,-0.012901488931944052
train:683,2.955754557099266,0.9056282679591687
train:684,3.3812386813896373,1.6783650254299867
train:685,-0.25287838844520005,-0.04033837256436215
train:686,-1.549259638711208,-0.13239525334921529
train:687,1.768421559458813,-0.1745816954673648
train:688,1.4373956788029298,-0.2214710938481788
train:689,0.5751806356423997,0.32212479788593973
train:690,4.532916769224026,0.27164605352536964
train:691,10.039000753760194,1.7540711227975987
train:692,2.4703929094522743,1.7123665175652452
train:693,-1.6352385031160876,-0.47736870780559165
train:694,-1.1321612129796246,0.365685134934854
train:695,-14.371762636789082,-9.55933056096237
train:696,0.6762365090516705,-0.06783902557885305
train:697,-2.7747120684208584,-10.171972002166532
train:698,-3.1176237713589767,-6.290670104089512
train:699,-0.41040179717030045,-0.005905795126467342
train:700,18.01312641918691,4.335987833924774
train:701,22.3469774284528,6.68128047785678
train:702,0.4479329949294124,0.0041545381995626435
train:703,-0.06638353489403062,0.3640373312488773
train:704,0.9708422273745858,1.8138990720115205
train:705,-6.2202248424033755,-2.705043862293528
train:706,-6.694428959434836,-2.852763995265792
train:707,-2.2769013521755044,-2.3125040839128586
train:708,-6.091681014542753,-8.505820994736599
train:709,0.39683565176528396,-0.09889318104458594
train:710,8.207776562369284,7.304899953712539
train:711,13.665678462532302,20.200293038577104
train:712,-7.047227576247278,-4.248958807885846
train:713,0.645938948079534,0.30205391985657193
train:714,8.07179035148881,3.0999603099500255
train:715,-0.2016943383574583,0.14916543539420102
train:716,0.3450209424717433,-0.15191157314488646
train:717,-1.8694167018859504,1.143760687898534
train:718,-1.5486117775956307,-0.19645930132505612
train:719,-12.60265965568969,-6.744115206121269
train:720,-2.052756283513083,0.14314853740617686
train:721,13.983818020639912,11.752701651248554
train:722,1.3099969402337797,-0.03854566116062169
train:723,-8.946390942766687,-2.0368905320213733
train:724,-1.8092500004784586,0.28081472112365835
train:725,0.3609164369400555,3.221902775840648
train:726,-9.811325282421663,-1.8028660301061366
train:727,-11.858305124584362,-3.669353330454822
train:728,-6.417812486950167,-0.18392426659305106
train:729,-0.23958084726992468,-0.007338145324132128
train:730,3.778820843102771,9.834652169017707
train:731,-9.856690902755942,-10.983506579535423
train:732,-0.5764355601855227,-0.16256933427801995
train:733,-8.817163687679727,-4.014825598433385
train:734,-4.517334336623904,0.13481236696467935
train:735,-0.6424009905106173,0.13108681557656987
train:736,1.1898495040109962,-0.12776594572971647
train:737,-16.119163316578714,-11.477058200405844
train:738,3.4361722828926156,12.43353039448976
train:739,0.7789737529126715,0.07756686373349002
train:740,-2.1684061177035048,-1.452187498527207
train:741,-15.061748904831722,-6.020304472754915
train:742,0.9378156066619113,2.3840695341119744
train:743,0.6625038060506467,0.053223579766056434
train:744,3.9539916097092696,0.11621143025641299
train:745,-12.168999510173238,-9.125164640794852
train:746,1.0444935988407544,-0.04677155479598441
train:747,-0.3215983908027,0.010666148211485801
train:748,-1.7928905193626066,-3.8466285034360705
train:749,5.505461607288611,0.3645172422137382
train:750,-40.246796289835025,-13.830540430797067
train:751,-0.6320339341410567,-2.741283702537784
train:752,-0.6029965292893167,0.016157626436257108
train:753,-5.616626565268457,-0.4239984428174108
train:754,25.44437004016615,8.912645625525933
train:755,2.712490263092742,0.19662123285594216
train:756,2.4042487768549874,0.06071437791265968
train:757,-7.959414167314405,-4.904647863187759
train:758,-0.4686719299101507,0.13709508258558864
train:759,0.5654257580485382,-0.10401837763966632
train:760,-1.9215117558172325,0.028086673712558338
train:761,-0.06569441244080876,-0.027773200736243245
train:762,-4.795167030621562,-0.43966195778244693
train:763,4.254225374486883,8.629461635090658
train:764,-1.054626277922715,-2.3566635963637985
train:765,-1.8015311083818286,0.2025697606507708
train:766,0.5915343053022452,0.07059075012418665
train:767,0.9467332859035116,-0.08398230884794003
train:768,0.5564968045822858,0.01929213408851091
train:769,0.0943526210550085,6.5225708973681185
train:770,-21.72055517961748,-15.279908065844253
train:771,-0.9149599044117182,-0.10124943831305341
train:772,-10.40318999742171,-2.929509233973489
train:773,3.8397662796151013,-0.019056589579661706
train:774,1.147843602623055,7.465339724504956
train:775,-0.1219365213781557,0.029649415890568798
train:776,-9.461223646112606,-4.735682682389372
train:777,4.372111456948512,2.088975363292522
train:778,-11.863558680814018,-1.049155944865846
train:779,-2.95453037262468,-2.2869492530164472
train:780,-24.829775266594766,-6.856982161922538
train:781,-0.15682222686723163,-0.02818302957818858
train:782,-0.7236141704175666,-0.10677394251534114
train:783,-7.553348674581579,-13.304369701040345
train:784,-3.720211320065287,-1.437397281710624
train:785,-0.9043334246460383,-4.9975542890961995
train:786,-0.8734714550665742,0.17474398365027582
train:787,8.854182489362767,1.9494742049063358
train:788,-4.482012771934358,-6.958849969272327
train:789,2.133072989483375,4.62887161815399
train:790,-7.962423106776203,-1.6486294366544094
train:791,14.819125092658515,8.57313572344077
train:792,7.721587363387002,0.37392550864243235
train:793,0.5870022994503262,-0.06531935035252345
train:794,0.14964827626717656,0.09603387760636306
train:795,-1.3612002249740343,-0.08579074860598368
train:796,-1.912392186593975,-1.2843996973938008
train:797,-11.827393757628844,-5.670949262849603
train:798,-16.056090887168093,-8.937218153903517
train:799,10.842371782900255,1.0678170602822616
train:800,4.674994780748499,5.5000872041024955
train:801,-4.903792906624582,-4.696497181740108
train:802,-4.47622735125101,0.17024011054797494
train:803,7.672922695707093,11.267716526697384
train:804,7.312257227128101,4.264317040228997
train:805,3.8214727459403677,0.22528771000980374
train:806,1.0524078720883145,-0.14333113173145584
train:807,-6.890082551422745,0.04589787584183287
train:808,9.693976935251161,6.030586262834805
train:809,-8.564043629203073,-12.03786697483207
train:810,6.770516087723774,0.36386827818901996
train:811,-2.4313654361152315,-0.3872263350910218
train:812,0.24926070023361346,-0.048085567851749056
train:813,-1.5256522258934737,1.0175789133777668
train:814,8.71304779337723,3.339249851719351
train:815,-13.598472633770365,-6.78987622882534
train:816,-6.4954335477850895,0.13228327612488938
train:817,-3.1768294904012744,-0.5161140998559866
train:818,-1.394298559053826,0.12685246440957323
train:819,4.633823171984816,4.378395756950458
train:820,2.1064379243155016,0.1709586930479762
train:821,-4.245470240402911,-5.62281892941295
train:822,8.848857335995115,8.750648569331489
train:823,-0.6573206834009189,0.04166609256941635
train:824,-10.110425580819818,-15.992221479210587
train:825,-1.0971046506839643,-6.113090492939709
train:826,2.4790896371365165,0.12039135632439227
train:827,-1.0105934569089117,0.23675664050863246
train:828,-1.9452555053928737,-0.17012233253778586
train:829,10.619358785867853,4.411615753168503
train:830,0.5648336869106207,-0.2872832360594307
train:831,1.8474534093538142,-0.14378955441180952
train:832,-0.7291190721194928,0.019591828785131438
train:833,0.32917577521244534,0.796335250770176
train:834,-0.030403067322496174,-0.05408474023412993
train:835,0.8457203010395669,0.05707388803251637
train:836,1.0046960507351907,-0.16583041773395174
train:837,-0.0667075235663794,0.029492631660371985
train:838,4.750078327432849,0.36066240446656056
train:839,2.6833602236322625,-0.550137989738416
train:840,5.612048824524637,0.09707786941398847
train:841,32.15929638331313,13.46811343637363
train:842,1.789509706097835,-1.0267174680336153
train:843,-6.522573977167267,-8.309743982961391
train:844,-1.9399889315017642,0.09360436401195742
train:845,3.063068438794314,-0.0454284389349785
train:846,0.6398751586534861,0.5735234605389969
train:847,-1.2159026668220956,0.08221757047448976
train:848,-3.802576853583717,-1.5442296852486295
train:849,-3.327222998095979,0.37325657210431323
train:850,-0.42434749003395367,0.07102814816766567
train:851,0.7010630491103974,-0.25533156577274624
train:852,-0.003111017053115145,0.011073872806483531
train:853,0.1327040464479754,-0.006000343578298942
train:854,0.05637963767716901,-0.1894065610281782
train:855,1.9841639601109087,0.2915960265182572
train:856,-16.675307568548945,-12.649192512724735
train:857,1.1753252807019203,0.24465334432490585
train:858,-2.40993441357184,-0.8610145833080447
train:859,8.746029898336896,16.00385455248286
train:860,-15.851814024299859,-8.063570771787647
train:861,-0.5906550888561907,-0.17100426166524424
train:862,8.26117500965365,17.668151540025953
train:863,1.2554401535382471,0.18805495052790466
train:864,4.274308371695064,1.0209452805114834
train:865,-13.741839858695265,-4.71172137274073
train:866,-4.486799552017591,0.030826296242714976
train:867,0.759826865037979,0.13900605980082423
train:868,-0.22248923892640488,-0.10878296337225349
train:869,-7.696489950096956,-1.6922000452816441
train:870,-0.6771823222498208,0.01633591678356236
train:871,-2.0175174739570667,0.32094606294326344
train:872,0.22833666911220785,0.05486835190982046
train:873,0.6414842345924983,-0.05595341851919869
train:874,-2.8245711065391736,-1.8779969190878036
train:875,9.26113690240631,1.278929094824022
train:876,-0.3333735629625764,-0.11889005377876302
train:877,-0.23558744716066565,-0.03611732451789859
train:878,-5.697839105915246,-9.19688993092005
train:879,-4.517703480309421,-0.041087948125337254
train:880,6.668605000448623,1.8168441617732884
train:881,9.621213786720988,18.425981740789627
train:882,-7.1326722516160626,-1.3382045072092605
train:883,-4.208703250375489,-13.61328285388186
train:884,-0.832034843909006,0.018017459751105483
train:885,-0.3103417748622618,-0.054514434593868594
train:886,1.0344393150334508,0.05271132046252666
train:887,1.820746514589703,-0.043169725995352765
train:888,-2.932167424996125,-2.357047068621095
train:889,-0.037677615492887506,0.061195893811633116
train:890,-0.5161422271516545,-0.020595436071996126
train:891,1.5114701242663542,1.2903241983536724
train:892,-15.057893817375412,-5.801023965553819
train:893,-2.907484079213393,-2.6150394425822343
train:894,-1.6732727392402333,0.15401576027360192
train:895,3.8758275264251227,6.979185922598215
train:896,-20.716618250956543,-5.530588145100698
train:897,-1.1016478145314155,0.13592298137057768
train:898,0.19467683215309167,0.016243436913475837
train:899,1.5791517356646563,4.384010315789062
train:900,0.5836414182127881,0.41640725863729466
train:901,0.2828448720355282,0.10027019035949727
train:902,4.2270612343642,1.0519437625961112
train:903,-1.014606848426832,0.037630753232378376
train:904,-3.6694535983901644,-0.06507283247283274
train:905,0.1682975872786133,0.09899180684103169
train:906,-0.7368649874865516,0.17469283974988858
train:907,-0.2839384705599175,-1.59804619325051
train:908,-0.002865076234930375,-0.009933858762194991
train:909,-15.643033050568539,-6.4696004277884525
train:910,0.49658255282370567,0.2154100895161892
train:911,0.4903554614838819,3.854825163116911
train:912,1.0132409831885498,-0.17398373268222378
train:913,0.7500826805231691,-0.059194779118147134
train:914,-0.8591989840316893,0.21954561240705403
train:915,7.437881379491181,7.397337881520919
train:916,2.280076791118751,4.112307096699848
train:917,5.481961473948751,12.23417846116005
train:918,-11.582599423484993,-8.349607978423045
train:919,0.521934448505398,-0.1455464401196372
train:920,-1.184376447821116,0.012787978103910566
train:921,0.3373701606395069,-0.08380362618340725
train:922,1.5197491244928667,-0.3958353443316561
train:923,0.09606618697301322,-0.015974117457857664
train:924,-1.0050800123666561,0.09733045037810445
train:925,-1.0850077563195817,-0.025294219505967955
train:926,-1.4889092952939182,0.2492651403299764
train:927,30.11918335756742,17.035787527160053
train:928,3.1654895394485747,1.1522589923506037
train:929,-0.774776601888965,-1.5560963540857555
train:930,13.548447912308179,3.3794662193817198
train:931,-1.7401613193519214,-1.974769738269032
train:932,2.4934622976729495,2.7146114923585283
train:933,-0.17275543768502438,0.1937943375752642
train:934,0.24436094544561865,-0.4287338544143517
train:935,-0.28188499258010685,0.05752972498568869
train:936,23.69322306337665,7.49349640325426
train:937,1.0090074537171123,-0.19396280848035258
train:938,0.170544296170632,0.7237044924838676
train:939,-1.4491077953982705,0.0011675774900577474
train:940,30.749613824457946,10.534437680692537
train:941,0.3445083720519915,0.002129432336322082
train:942,-0.059913176005785024,-0.04154966983692232
train:943,6.078440020101286,-0.3293365756418444
train:944,0.19950115424212522,-0.060757984943790116
train:945,5.988764604759947,4.657812360715089
train:946,-0.21809356983239275,0.3550560486245318
train:947,-10.04170813550296,-4.536403220751146
train:948,-3.1797798503865304,-0.5854243564589956
train:949,0.6167667174484488,-0.013634337512945918
train:950,-3.34413015082586,-0.02396255217496504
train:951,-7.24693338027923,-4.741023903116004
train:952,-1.4474320039443063,0.1242304300520642
train:953,0.13069793183461573,-0.2634688313798926
train:954,-0.0897962639355554,0.04099983092148488
train:955,28.8900632017431,18.22507879913353
train:956,-1.2536838721517287,-0.36451209491304903
train:957,6.944438553580129,12.042304236847627
train:958,5.6573116983167235,2.909364611816877
train:959,-1.583882666388801,-1.114508219956043
train:960,6.1694878688930626,0.0724478015532399
train:961,5.259112592433966,9.041470619534495
train:962,-4.237471352355899,0.04223819808274373
train:963,0.9523738851031839,-2.5525026499079146
train:964,0.5922663163007932,0.15232954516453112
train:965,-26.529569428614106,-9.859927159223762
train:966,14.021727310459923,4.594936605956195
train:967,0.15156884624812414,0.25843808775256527
train:968,-2.2277187675363175,0.13990888873694848
train:969,1.0033345428220453,-0.1200325528756977
train:970,-25.58967567497507,-16.91602554890844
train:971,1.3188663843905282,0.028270349505441328
train:972,0.17056498495401426,-0.6203607048822246
train:973,-0.08159943769697117,-0.05519742322177332
train:974,-6.831317573203962,-0.7985613185379838
train:975,-6.455396800150308,-0.1075846125682014
train:976,-29.743243231098397,-8.77217557473706
train:977,7.454416599036661,6.979361680716143
train:978,-3.8531862669015604,-0.047600449767322944
train:979,-0.5683008584116453,-0.15927811372597434
train:980,-0.8799082237391035,0.17563276049661447
train:981,-3.3544859329707686,-5.529075940514633
train:982,-6.507564148594308,-10.093539371398082
train:983,-0.07432826017106345,-3.2525498015082968
train:984,1.0383453108443756,0.47463262764201164
train:985,-1.6924780903623486,-2.3439921778974275
train:986,1.036430087402954,-0.3771162488075021
train:987,7.524010876835742,13.625364452740788
train:988,1.5540413640945836,-0.0893006325145663
train:989,1.0454566733301114,3.1547158114033667
train:990,-4.236205384779496,-11.532472224158173
train:991,-0.3800433902537784,0.1717237829720395
train:992,-11.50315728479595,-0.917730244290871
train:993,1.4586302741333097,-0.04410768515594107
train:994,0.3971225052337528,0.06804996109797617
train:995,0.4893174192120444,0.901886988216756
train:996,-0.8682756647096207,-0.18291451337982717
train:997,1.1653723486873657,0.29552247999205794
train:998,-3.8657445908728394,-0.6502103394638727
train:999,0.0718488037328622,0.1372092468987961
train:1000,-19.145226582187753,-11.625795219631833
train:1001,-0.6762391810545655,-1.7201216190160584
train:1002,1.9198281201645284,-0.12235442888895368
train:1003,14.854202111279317,4.601682179696528
train:1004,5.06054490394628,-0.23669271695422073
train:1005,-5.492273959479546,-7.30914731116692
train:1006,-0.1338172295791058,-0.012326708528429056
train:1007,-10.852237018776808,-4.553242046799419
train:1008,-0.23380914162275124,-0.418575905429075
train:1009,-3.3115927384797925,-6.322206132106243
train:1010,-9.466945838154604,-4.177435525467616
train:1011,-0.9036445346510568,-0.20105149930135208
train:1012,1.0445289324932725,8.654260649015656
train:1013,11.343477362242917,2.833583189541582
train:1014,-2.1854134599349337,-5.914499797692193
train:1015,0.7799560052068489,0.08740582314759286
train:1016,-19.785163661271554,-7.493285325074328
train:1017,-2.64558709495961,-4.7809900437176225
train:1018,4.822770808657986,2.624351995118943
train:1019,2.148360838111673,3.163378175786943
train:1020,-0.8279400920069977,0.14637998307882988
train:1021,4.802668284957624,0.28126196276302784
train:1022,-4.545876954111271,-1.590025089207911
train:1023,1.861080343855524,5.2368112443819665
train:1024,-1.2355895551888891,-2.8434953224396886
train:1025,2.1358422644994763,3.1144443766683354
train:1026,3.9118976066482736,-0.5519594116301703
train:1027,-0.2119524880414616,-0.1573770336044329
train:1028,0.9542713254892266,0.23584025879555762
train:1029,-10.437500833682648,-3.984604617763291
train:1030,2.335808189302268,6.264261816408766
train:1031,3.0329204646997785,3.4071883533037455
train:1032,4.516271829389147,1.9788386500731527
train:1033,-2.720773155727911,0.022200346030892368
train:1034,-1.1573903707104645,-0.8669218107983765
train:1035,8.312572456405942,9.598361357474712
train:1036,1.8380246706710235,-0.003615554147830241
train:1037,7.888192043840278,6.916037400370589
train:1038,-6.3421436104168665,-1.8552111345136129
train:1039,-7.139388900009854,-12.5030610505327
train:1040,3.825545414309552,0.5218706177120758
train:1041,-1.3041194067058646,0.13689985126709514
train:1042,11.598975933433811,10.279741342085781
train:1043,8.206529656368582,7.706174568168269
train:1044,-0.6043902907832971,0.11262151363341688
train:1045,0.44896987491004864,1.432709102353324
train:1046,-3.6297095156798584,0.22883354444250792
train:1047,2.205497446357503,3.320731051972446
train:1048,-1.9228479257821913,0.32637715998019967
train:1049,0.08421139786585105,0.831358336965889
train:1050,30.50608685263994,17.33534098957868
train:1051,0.6296791915487496,-0.31885435863542355
train:1052,-1.8178304990425755,-0.5776920692262542
train:1053,1.986187276634047,-0.08468362938993054
train:1054,0.08075520874981032,0.15431274441483234
train:1055,-1.3821226288877582,0.2903920406122098
train:1056,-3.7941111893902835,0.9606118840477096
train:1057,-3.7758990160996375,-4.210938275411094
train:1058,-16.447096805264547,-5.359511013670979
train:1059,-0.4043518971241076,-0.0228210160384979
train:1060,-1.3114829863822717,0.09415214585717874
train:1061,2.9943509934774566,4.520252530631467
train:1062,0.18895068832100723,-0.1333425211276565
train:1063,-0.977158058380757,-0.06302618482728126
train:1064,4.950428970623255,0.11084042908569193
train:1065,-6.752522133339296,-3.9353934860300304
train:1066,-1.4231330278618275,-0.07212056180875923
train:1067,-2.548630390158912,0.18874471554428462
train:1068,-3.954203319784709,0.005855126385241591
train:1069,-7.948313821425975,-7.547948382322785
train:1070,0.275028928623594,-0.05248993503907057
train:1071,1.1476060303015192,-0.22372431434661927
train:1072,2.9033156974306533,12.035882217824389
train:1073,-0.7645484974325141,-0.06222186318046627
train:1074,0.4778114336943778,-0.18268015733418946
train:1075,10.116482804567445,2.7640879731983996
train:1076,-0.8459511889198275,0.12048044800024113
train:1077,12.172557342921696,6.6600839347060585
train:1078,-0.255490405461772,-2.2345756164469694
train:1079,0.579301539096436,2.2624200935251046
train:1080,6.78809597460094,0.6228211160535257
train:1081,0.7446394383694691,0.02592193858152421
train:1082,4.456701150909657,-0.49384246484105804
train:1083,1.627389377557226,1.0999653884955396
train:1084,4.110096151450442,9.440890072816904
train:1085,0.4292779886910895,-1.0749726296790236
train:1086,1.2985678983936362,-0.2895530408770344
train:1087,-0.8325325370013817,0.12774309584644195
train:1088,6.20858316065483,6.543651029297876
train:1089,0.10639918821037712,1.8713026434201965
train:1090,1.7165963895444611,-1.35981291211847
train:1091,0.12639896536854772,-0.08485967282947818
train:1092,3.9485028057404805,-0.0941571631392025
train:1093,-2.8900559875671106,-0.056586404533196216
train:1094,0.3110546093228571,0.03149997625276677
train:1095,6.609065471373326,-0.3493536705458398
train:1096,-0.8789988471032447,-0.2673716388244348
train:1097,-2.428415773504696,-1.1157687708732578
train:1098,-0.31785302363578793,0.02485112654161764
train:1099,9.912031133102545,4.007437420585907
train:1100,-2.8641517711065836,0.04489436403904674
train:1101,-0.44582802618251827,0.13407816310598245
train:1102,23.7209172082871,11.661866660301405
train:1103,-0.8996109192662344,0.1654850830896582
train:1104,3.617168917916266,0.15079868767755705
train:1105,-0.25694489667101783,2.447175258096599
train:1106,-5.083293905330462,0.16992525814029125
train:1107,-0.3283248024425812,0.14732917677820617
train:1108,1.0172113699320242,0.033897141508503516
train:1109,1.8080552245050003,-0.23472513906261516
train:1110,14.359207394156353,3.2157874775589224
train:1111,-10.648162859494073,-15.419762452396014
train:1112,-10.094078187532459,-7.409389926569119
train:1113,-15.359851492462722,-6.182582856066691
train:1114,-0.9685733755683154,2.0145515012852457
train:1115,-0.941097044028976,-2.965776465093266
train:1116,-0.15219892304145444,-0.0597525472200689
train:1117,1.1260220502360432,-0.2060734273025892
train:1118,-3.359559798980711,0.02555216176198813
train:1119,3.7837219926402073,0.4146810628362196
train:1120,-0.07063996150213284,-0.06377914858249398
train:1121,-1.7427781017624189,-0.2861304653841755
train:1122,-0.9418546254339514,0.06915294315053913
train:1123,-3.172387213430092,0.06483452910124635
train:1124,2.1656643321411813,-0.48406784545226794
train:1125,21.40147864172485,5.934516190803667
train:1126,16.929956564253153,2.820847859032328
train:1127,-0.06947964619592373,-1.067159168445389
train:1128,0.2842692599026616,0.9861029455620482
train:1129,-8.867869338709035,-0.07837652364915126
train:1130,0.1759072240023254,-0.1277525712787784
train:1131,3.5215569840354157,0.1376970398734098
train:1132,1.4220783079781203,-0.09135723075161573
train:1133,0.5359755073621137,0.14386073583493034
train:1134,-1.509658634047776,-0.029196242316055138
train:1135,-0.5886336319989744,-1.922665159987226
train:1136,13.681437271555346,3.4310874628392245
train:1137,4.611777762312443,10.405547633354612
train:1138,7.860319371001313,0.7956707367171671
train:1139,-0.8841438453347034,0.0843180012454136
train:1140,-2.093305601567616,-0.6567444898837769
train:1141,0.9336035795776969,-0.11632544039728149
train:1142,1.6299910501821069,0.2843201112167258
train:1143,-0.058285735865793,0.007417190924404515
train:1144,-4.233499105946503,0.041954945044476416
train:1145,3.209188434200258,3.595196184343381
train:1146,5.712203457336457,0.38329604128687983
train:1147,-13.65552160525962,-20.053588710390958
train:1148,3.3472491024167264,2.1831968365475993
train:1149,0.16232736229426611,-0.021722920118677658
train:1150,4.801747285409753,0.6809828583369799
train:1151,-7.411728605790398,-3.11694299791366
train:1152,-9.765009372801243,-4.516990223047122
train:1153,1.6484145280131406,0.23835893539621714
train:1154,0.9827889537157669,-0.10310848699344674
train:1155,-2.9104088687922216,-7.412268251071804
train:1156,2.375681053877673,0.6920860065189527
train:1157,1.1502283917097826,-0.0679855025655269
train:1158,5.384628884173569,0.4206275220493032
train:1159,0.6892145363757219,-0.2892846245630077
train:1160,-9.693170478234306,-2.7250586032941584
train:1161,-2.5107566664496592,-0.7066637898779076
train:1162,-1.1538465448378497,0.11185934825595874
train:1163,4.94143190689261,5.0056145650426735
train:1164,-24.41271914826291,-10.936476446265537
train:1165,0.1193781453673895,-0.025388981949014566
train:1166,18.28488683903275,21.652098461545677
train:1167,-0.7733847000609066,0.18399375391905304
train:1168,0.11826769235371407,0.08197504709747921
train:1169,13.43495622042024,5.372398360784823
train:1170,-0.3323740506440604,-1.0448862494831703
train:1171,-5.54606107694161,0.16958108893615131
train:1172,-1.0922047796668495,-1.134193414485559
train:1173,-3.01077550351915,-0.8995810787026917
train:1174,-1.6297559755197857,0.023798111437759353
train:1175,-5.4330124504595885,-0.08755446420009036
train:1176,-0.3988930221537509,-0.9534725549602303
train:1177,2.5114719998363375,6.242199036819687
train:1178,4.434896103057703,-0.08367437548954165
train:1179,7.075255823030399,5.4624464347039785
train:1180,-17.152676372063173,-8.230563809548508
train:1181,-1.1146731471073577,0.0803744284744121
train:1182,7.9236521536410125,1.4467397930174342
train:1183,-1.5903534901935275,0.04387159302690976
train:1184,1.9388039187743966,-0.09047712054948495
train:1185,7.25825996741685,10.467680410614994
train:1186,-0.14430661709759807,-0.510881372675364
train:1187,-1.9280159373794348,-0.013258354948174567
train:1188,1.0623182642449036,0.046070138769915364
train:1189,-2.5217863450330533,-6.543926139158445
train:1190,8.831053824290828,5.327514416740671
train:1191,3.391971743258472,0.19352428066192248
train:1192,0.5722364358005102,2.3733397292697878
train:1193,4.769480221997096,0.05661715944928151
train:1194,2.3367884657014035,0.07006115753224113
train:1195,2.4048024923832636,6.655792126897832
train:1196,0.5291145024011277,0.143737904877515
train:1197,-5.929593462614019,-0.5405797867984055
train:1198,-3.0494679451505644,0.13373888003458517
train:1199,3.8454763838286086,7.97043260490488
train:1200,-0.5527755536909318,1.6882979269874785
train:1201,1.8303402986230708,0.3092804031874362
train:1202,0.9992114310147264,-0.21600771980297873
train:1203,16.14506968454483,23.27461066848119
train:1204,-27.614691932765965,-12.561400191533398
train:1205,-6.693099298300605,-6.302472147579705
train:1206,0.6505161670591816,1.0021528573309861
train:1207,0.9615559855930688,-0.13662011757234652
train:1208,12.134639684605036,1.5039981357215242
train:1209,-2.2806655484598766,-8.520727908095767
train:1210,-2.8750094305921925,-0.05060099891898093
train:1211,13.93767784944912,4.829983985879176
train:1212,0.18221346737295432,-0.05384892191518967
train:1213,-5.424940105608659,-0.29529745671794666
train:1214,4.901444905321242,1.3022597723620315
train:1215,-1.2308999426500806,-0.008338054941465597
train:1216,-7.606507224962006,-1.3736939515928837
train:1217,-1.2563706244925408,0.10446983928445991
train:1218,-6.27176408868222,-0.3072364189205434
train:1219,4.479685691872641,-0.13396170470828592
train:1220,6.940800117203732,5.829421395931537
train:1221,1.2407292662622504,5.8747213388976665
train:1222,-14.070336826155465,-5.415666873635342
train:1223,-0.9842322275480527,0.25194081515204775
train:1224,1.4975656346257855,1.939493083995062
train:1225,-1.943893765021488,-0.009026250688935533
train:1226,2.163344398903484,0.058662130830315434
train:1227,-0.5246722822776374,0.13166434220067746
train:1228,-9.14712886138535,-0.11289797877167995
train:1229,-0.3461159938601342,2.685031914690222
train:1230,-5.711115260932418,-13.782661180386025
train:1231,-0.2475657878225208,-0.03548408884748355
train:1232,5.023905765950996,7.691051951664371
train:1233,0.07304096581798562,-0.07800778112048773
train:1234,2.106460705223046,-0.4529981042930418
train:1235,1.979235612959363,2.796099347034072
train:1236,0.7448323787088769,-0.0710093767596209
train:1237,3.7911364806712293,2.265350631884252
train:1238,0.11225004588835581,0.18379859393096454
train:1239,-0.12466116441212888,-0.11627122928947914
train:1240,12.478883373259787,9.772210103121232
train:1241,0.9077874647902248,-0.11267582022529779
train:1242,0.11042059953758634,-0.04876099545672341
train:1243,0.10886801095095491,0.14795017928416315
train:1244,-0.04925682535623302,-0.018377131806804656
train:1245,-4.89252333113725,0.05162057157442173
train:1246,9.122416982620493,3.259405449575079
train:1247,2.2209991565668314,-0.2007297278443831
train:1248,-0.6375397075613839,-0.06391456935639236
train:1249,-0.7852337939411826,0.09644923455469613
train:1250,-0.6170092282407219,-0.8932073503636395
train:1251,-5.260281100626276,-1.6375090265144259
train:1252,-3.3302063671513507,-0.06742516656902503
train:1253,-2.9863699453335166,0.028795162960251655
train:1254,-6.6540653755142625,-6.9667448184980705
train:1255,0.4177643320514946,1.4092673633747248
train:1256,-0.16401680940297686,-0.06340298769171013
train:1257,-0.23498538031841748,-0.013533690311486532
train:1258,2.1096363172431047,0.3339304792267881
train:1259,6.7742754023851015,1.1274027714407928
train:1260,-0.45969973921121177,0.12264739437383036
train:1261,-14.443354195788395,-3.47315819552893
train:1262,-4.423401681070621,0.09490642922488403
train:1263,0.24086640071993665,-0.47021590878309555
train:1264,-16.20254701718944,-5.041307788881862
train:1265,-3.8993152800968196,-4.847944756356214
train:1266,-1.7489387100455307,-0.2932906827687919
train:1267,-10.112244334091535,-8.249366504307327
train:1268,8.295392862618487,5.654402260999726
train:1269,0.42581993990912675,-0.9173060423723174
train:1270,-19.428754967988024,-12.676856155714658
train:1271,-1.6698975618209198,0.17782174796534966
train:1272,-14.433721126312424,-9.551808341772364
train:1273,1.2236087168678194,-0.23822974452122758
train:1274,-1.1350957658045435,0.19105831723056024
train:1275,-30.302708846405327,-11.099976006110966
train:1276,-0.4003051478487111,-0.4249116146622605
train:1277,6.87324868241997,1.2574948787638298
train:1278,1.2606030510542054,-0.6345907640283186
train:1279,7.091616233979212,3.047151272588409
train:1280,14.806853157239223,10.870806762384603
train:1281,5.929326892393879,-0.010115822625357915
train:1282,8.005508138696815,2.2153017958746357
train:1283,-17.066030817425254,-9.000892238555206
train:1284,-1.1100741932822467,0.0931324420524569
train:1285,-4.718821700609133,-10.897453578939679
train:1286,7.608676817099689,2.8069258759054425
train:1287,-1.2980657292132673,0.035383167835933135
train:1288,3.814490630236211,-0.13829688140275442
train:1289,5.01301323772935,1.3111535325794381
train:1290,-0.8370837206581212,-0.16451740330385717
train:1291,-0.17618233706279357,-0.0018925682149803225
train:1292,0.40401163764180925,-0.047676131327031246
train:1293,1.9246300100333777,-0.13208796196446193
train:1294,-1.7019833078061812,0.15829397963967548
train:1295,0.5312120893320258,2.8443575045564904
train:1296,-8.106020930275433,-16.56242190008114
train:1297,12.026889711251277,15.239675375030666
train:1298,3.629798374109062,3.9188236584505542
train:1299,-8.087778537413554,-16.532864862820816
train:1300,14.062460502982495,7.433989726184472
train:1301,0.9310569995557554,-0.12825049317090256
train:1302,1.8971543758687592,2.952643621748459
train:1303,2.831745292131205,0.1149764869545943
train:1304,-0.6755775467882532,-1.2720522616269538
train:1305,-1.0067269789988291,-2.518103419434359
train:1306,-3.3689562259681067,-9.064938382599392
train:1307,2.0814319264953016,0.9237283582287057
train:1308,-4.148840604346245,-0.009535193128632657
train:1309,-32.309719818739396,-13.466519118979877
train:1310,-0.8831206803902419,-0.5927049082368521
train:1311,2.1462013010597487,3.9233163326792693
train:1312,0.7070562874605293,6.973526282943649
train:1313,9.983669183749907,1.4342435620257508
train:1314,0.3400989879218046,0.013506881590734335
train:1315,-4.859251583210232,-4.6395218780830705
train:1316,0.2883273996318304,0.0076249763941785564
train:1317,18.65994798151396,7.323878977232524
train:1318,0.008603657849736185,-0.027413481503812606
train:1319,11.012520986600867,14.726439986238828
train:1320,-4.393037055896173,-1.462097289033478
train:1321,9.253691729887576,13.720514647869004
train:1322,4.89984559262832,0.06699034793165509
train:1323,0.522144358296344,0.1354228125706959
train:1324,3.624150568703942,2.5901972852737383
train:1325,32.01472967386854,11.14619919002058
train:1326,2.2465079615606927,0.25507107864520384
train:1327,-3.373769041374248,-0.2341372695297821
train:1328,-0.4719168726003641,-0.1298456193527844
train:1329,-0.5274368500143736,0.18357112126940967
train:1330,-5.696435987977095,-0.14040473053579858
train:1331,1.5569231488989663,0.9282537017829127
train:1332,11.094561078582947,1.3975126832734537
train:1333,2.3514888923565893,-0.2439310411323155
train:1334,-12.059445660875138,-5.717599918364871
train:1335,2.200918483941054,-0.04107935281153438
train:1336,2.4199359887400353,6.252761072549306
train:1337,0.9564832818743279,0.4130859009891352
train:1338,-0.13789617432077694,-1.2620916838723206
train:1339,-0.022231927719459588,0.05345180139686386
train:1340,-3.419338527585225,-3.5895985192992335
train:1341,-1.9921755739797051,0.17969374311425107
train:1342,0.16099979328419695,0.10763544699329507
train:1343,1.8356654519907236,-0.4081615949682171
train:1344,1.7615847301548127,7.38772197228326
train:1345,6.7334455072345865,0.9214892968156585
train:1346,1.0194160038825575,-0.13237421087973938
train:1347,-0.869756772387375,0.07686757610804211
train:1348,-1.6286800425547874,-1.3177990182500232
train:1349,-5.072679862080636,-0.23066272983687852
train:1350,-5.907275611884073,-0.234399087781346
train:1351,-5.56678472905992,0.2098496704549824
train:1352,-0.4948005266870792,-0.37959005858341466
train:1353,7.906815668216168,-0.36156101339726066
train:1354,-0.7390244664239164,-2.5835890110515067
train:1355,5.346702857360261,0.5767613616133027
train:1356,0.041329245141286636,0.1157537743779131
train:1357,-3.481131506841508,-3.8074615486921073
train:1358,-0.37520512067032985,7.474083120228616
train:1359,6.712973839848708,9.515830366956402
train:1360,-1.1969877722711728,-0.0859548085374908
train:1361,-4.372346412847978,-1.684608778259594
train:1362,0.013607786387603349,0.214853427035545
train:1363,0.004365246755253377,0.04072178500278279
train:1364,-9.362445630999547,-18.387400611150422
train:1365,-1.3414927640529783,-2.7151907550660295
train:1366,-2.4955515729548905,-7.696893686331382
train:1367,11.747876594309629,10.9742130239095
train:1368,20.982112818317866,5.650787236074169
train:1369,-1.8653754153791997,-0.9554634578942718
train:1370,6.941033505276943,3.2544536928597636
train:1371,0.9490417124583166,0.13189559537369752
train:1372,3.140700192708288,0.3645608250911951
train:1373,-30.5584129106806,-12.349958610520522
train:1374,0.04273643109864153,0.009237649855691185
train:1375,2.918296468723581,3.463244636022723
train:1376,-1.6778476336374784,0.17000072570878455
train:1377,-4.531615641071918,0.3325959586795851
train:1378,-0.7403667965322415,-0.2725060727069631
train:1379,5.2854938132034865,0.07229112431865059
train:1380,-2.5082219417979705,0.23025301950206964
train:1381,2.6081657943673124,11.239878266876014
train:1382,-10.286836279679811,-6.697923347770981
train:1383,-0.5183112949914296,0.07020806250134501
train:1384,1.7305992090206557,0.009914183081943098
train:1385,39.991112043891604,13.399520977636167
train:1386,12.996568804130057,14.833991400259265
train:1387,7.582078015417294,0.6340257674018179
train:1388,-22.17863924752055,-10.087661746025825
train:1389,-0.5332182026785175,0.18694533474767638
train:1390,1.5839543229082262,-0.2045483475784204
train:1391,-3.6214221469566965,-0.12826347530461313
train:1392,-3.900751872021566,-8.301034255188894
train:1393,4.930425474133241,0.17313933485932603
train:1394,-2.0418605008760733,0.060225158329945905
train:1395,3.7858457311231337,1.865357396823998
train:1396,-1.5983106519864134,0.14397343787483524
train:1397,-9.250973536302903,-5.413542939495969
train:1398,-1.0865970733081727,0.17330760328472836
train:1399,5.8254482785732495,1.298450158091626
train:1400,20.808974201647636,13.507927215230161
train:1401,-1.322606810552967,-0.8206283066209585
train:1402,10.18177009609117,1.7895431625624012
train:1403,2.8423900198687444,0.5039654734394121
train:1404,9.341173204357434,7.633802168608882
train:1405,-0.2784674496465077,-0.013771862533791895
train:1406,-2.3119051464506275,-8.365930657660716
train:1407,-0.4330266671210571,-0.1641579693930465
train:1408,-12.857341833540826,-12.56494616862691
train:1409,-0.01409617988350112,-0.024172834208914182
train:1410,2.2218585546810368,0.1557447022952696
train:1411,-2.5890595273032355,0.19797037613617083
train:1412,0.9613214352286563,-0.0883992658517446
train:1413,-11.722149684104986,-3.2970011979765097
train:1414,0.10618683760790852,-0.21328992437675304
train:1415,-2.860439413009787,-7.6467398519656005
train:1416,-0.6035046248879437,-0.16469237678732973
train:1417,0.5602601872628172,0.1385038224191974
train:1418,3.008290584312303,1.635628126576428
train:1419,4.188287664806938,10.797063677762678
train:1420,1.2531067377226153,8.271080561057873
train:1421,-4.433062645535421,-0.15455456080886515
train:1422,25.495090568522834,7.403883159484003
train:1423,-0.6059099284143731,0.16335323127533047
train:1424,2.8565639286097633,0.3397567467074415
train:1425,1.5123778736945312,-0.20272182556270846
train:1426,3.523054480019108,-0.04128189549654068
train:1427,3.2027544550266116,4.250175359454703
train:1428,2.598997176455362,-0.1639989739202946
train:1429,-0.24427045980873324,0.010472414831497384
train:1430,-3.533058028548609,-3.5446212750853374
train:1431,1.0397781834372783,-0.12347303230021231
train:1432,7.252234649829564,3.684543223042166
train:1433,5.657890984251427,0.5722313815827708
train:1434,-1.8363692761607733,0.05725471060919923
train:1435,4.963248577656576,5.099585811237
train:1436,27.2587270616445,7.615885112158582
train:1437,-0.12879258660153653,-2.0833052265568917
train:1438,-0.7727002848870498,-6.33845919286863
train:1439,-0.8874251096249558,-0.2878448203380201
train:1440,-3.3590930228342883,-2.174592452271761
train:1441,1.2329972402750466,0.1268406948927477
train:1442,-3.573684522738905,0.04379327224221635
train:1443,-0.993694323988319,-0.9608842120224825
train:1444,8.071802439317302,7.9090239739160895
train:1445,-8.750856369397786,-4.686097208690656
train:1446,-3.387447581605293,-4.372282801060569
train:1447,-10.319092185096936,-0.2392056514572775
train:1448,12.345970260315422,19.125311879158918
train:1449,4.509968956663002,1.5777529185298713
train:1450,0.5660085308568457,0.1277280451309863
train:1451,-0.01702881492793823,-0.1054809005986474
train:1452,-6.633145063724701,-5.145481565564593
train:1453,1.362100827578192,0.16810433556137208
train:1454,0.967163110806145,0.22759439264679404
train:1455,-5.637607781116964,-0.32274479025469777
train:1456,-5.950614196363369,-0.7487657767965334
train:1457,-8.407703374806287,-0.10772777269104261
train:1458,-1.1275529608249033,0.03336034454565267
train:1459,0.49783898961225825,4.171408046425977
train:1460,24.6434044888962,10.258276025969009
train:1461,3.1481476898094254,0.9199031939300095
train:1462,35.15780683862179,10.882332614546625
train:1463,25.781676245098875,9.060940966884141
train:1464,1.5797477585926578,-0.09268939739545368
train:1465,3.2105738853121495,-0.01876802242622165
train:1466,-3.249337399783652,0.03180890823683521
train:1467,-6.039509946766908,-0.5581281363852435
train:1468,-0.3040203635914565,-0.014603468060520555
train:1469,12.594049694310488,1.3119595661559733
train:1470,-0.5757510287825458,0.20450723711146507
train:1471,6.8872110541623615,14.184488688322462
train:1472,-0.14997795889954346,-1.8623341887572225
train:1473,0.9504648218051287,0.09848960512460735
train:1474,-11.425337704623855,-6.8609293012137895
train:1475,3.2624976175203675,-0.02935666439690711
train:1476,-0.4724830827590536,0.08709460859056434
train:1477,7.958352589912609,0.7225254722195713
train:1478,0.5750537134432231,-0.6654092081707186
train:1479,2.911633750641528,3.381232930852837
train:1480,7.313695678718769,5.475506746538427
train:1481,-1.7366061030255344,-0.10659276328663325
train:1482,1.445564493823564,1.2513937039022944
train:1483,0.9307031981140945,-0.7250686749680231
train:1484,-2.8670207707077524,0.34131053691962404
train:1485,0.20546440547926492,0.015083711523732904
train:1486,7.941538420478828,3.8502648676642526
train:1487,9.399350993061343,2.698223474469876
train:1488,5.319478278095112,11.349647200527187
train:1489,0.1859483739190551,0.6749445255622524
train:1490,1.2870832990340726,-0.12994294969041115
train:1491,-1.3521294719812293,-0.4106926830593472
train:1492,0.6774996871291904,0.034418959086303706
train:1493,0.08542238906843473,-0.006198285452182553
train:1494,8.93464651447595,2.7611625706284126
train:1495,-4.004315272468418,-2.97483514120704
train:1496,0.8089376200809288,-2.6266808500003607
train:1497,-0.8399581830279357,0.17896617298321943
train:1498,-7.202228406263743,-4.675936905802014
train:1499,-1.5677461127253496,-1.25426160265432
train:1500,-0.07717732647813058,-0.0940333335561171
train:1501,6.93382265066438,8.08723072198668
train:1502,-2.8496710174884345,0.15638746057475256
train:1503,0.27577442220007653,0.08564874128115146
train:1504,-22.326378547028074,-4.893740017654685
train:1505,0.1849399700728495,2.570302379353513
train:1506,-6.169582420015417,-1.3639624870991205
train:1507,-2.251582000647447,-3.2526613622617218
train:1508,2.828704040974011,0.18213894939775738
train:1509,20.93939629208948,7.059948489715687
train:1510,-9.411498968857154,-6.7445431885512885
train:1511,-2.462462072288228,0.18989391969928962
train:1512,-7.071954159262697,-0.639177594391638
train:1513,0.34005749412591996,0.07186906231224724
train:1514,12.794894543719666,3.386716812389475
train:1515,13.231076396226355,4.579602280810248
train:1516,-5.575457746003657,-0.25438379868147004
train:1517,-22.369838939625264,-13.362059450033895
train:1518,-0.8924527164450883,-6.715983065031287
train:1519,0.9027167369665259,-1.1444876758747966
train:1520,0.18456571230604663,-0.09107868552007861
train:1521,-6.240229733642832,-0.024917951619576592
train:1522,-1.7995634656072306,-2.632402689768089
train:1523,-3.3003392026110374,-0.9545786042202082
train:1524,3.687431745614307,-0.35107644248747477
train:1525,0.35925982329091205,0.14927474923986828
train:1526,-1.1133825389574885,0.12415011201603071
train:1527,-0.9532768097560079,-0.02130977441289969
train:1528,-10.310334088437267,-8.322439653765464
train:1529,-14.49588789841903,-6.223798134720724
train:1530,11.255918711637296,3.5752422168478133
train:1531,-0.043556251930576106,-0.030647673397058248
train:1532,-2.50450586436933,0.19300570861754993
train:1533,-4.013591751003844,-1.0154700897727262
train:1534,-1.577090469066929,0.05324426558350733
train:1535,2.336953975968462,0.1219950421548745
train:1536,-3.210594747172344,-1.3306481920856619
train:1537,-1.2681497484425015,-0.6983260501675002
train:1538,8.961355966280705,1.0465701578656077
train:1539,1.5998137863492996,0.006351479008455674
train:1540,-7.96459333690718,-0.7370471898801938
train:1541,18.544581746376643,4.5415301051222725
train:1542,1.5173868838554436,0.8741578639150402
train:1543,-1.8953769407823775,0.16317725916618783
train:1544,-0.9696122314439936,-0.10122493631893484
train:1545,14.751881432584844,10.312255452615915
train:1546,24.883617536041196,10.632627121717126
train:1547,-3.2536046356999258,0.011166673663392565
train:1548,3.2439176952936455,2.902547137028301
train:1549,6.946569730726743,0.2560682063767422
train:1550,-0.7185095618053513,0.14138203992627504
train:1551,11.08429851219238,4.682334612668675
train:1552,0.06519236202329627,0.03632801038060422
train:1553,-2.10282104717402,0.2265013968509315
train:1554,0.9533309156782942,0.09373061882881291
train:1555,-12.38068900140657,-2.5331087687524314
train:1556,5.999741282864563,0.29046586758138804
train:1557,-9.9019830662863,-16.461502501796275
train:1558,2.420582920022652,-0.30221411643467994
train:1559,8.147656352609843,7.672008445458263
train:1560,8.581927398381673,2.213861207015193
train:1561,4.033863796142775,0.1672427355993396
train:1562,-1.9686951995902677,-0.6889068701868404
train:1563,-1.7600706702546347,0.015277302242911323
train:1564,-4.0574073397921335,-2.205495066292065
train:1565,19.1008041043156,8.201733711957099
train:1566,14.697212833475751,9.561868722275124
train:1567,12.399540726697571,2.8257280000210203
train:1568,10.036767294987868,3.369481959932626
train:1569,5.762770098338094,2.997388328842045
train:1570,5.878148886220384,3.226683054262336
train:1571,-1.6555362917382594,0.13859537499401886
train:1572,0.30309035755364333,0.2822868380221124
train:1573,0.4820286910889978,0.026218780061944613
train:1574,0.17896672313137907,0.04024511957134956
train:1575,7.19674686788183,8.300541730253874
train:1576,2.194040044612049,0.3963903063941092
train:1577,0.9013544154495393,-0.06063080283166958
train:1578,3.383818038023454,-0.10967177588379465
train:1579,-2.0832492256361497,0.200573008623519
train:1580,8.706804894877068,1.676538396418667
train:1581,-2.1216438882618034,-3.2436009742182277
train:1582,3.7010054471789995,4.801725161989907
train:1583,-1.90652610290126,-0.14923482836674007
train:1584,1.3507171150948967,0.13841023692783333
train:1585,-0.2132046243525696,-0.0853316661193837
train:1586,-0.008212952395567574,-0.011106352294433477
train:1587,-1.58807086650339,0.416460827771452
train:1588,1.0453295186726943,-0.21599755522026576
train:1589,4.386910678355805,0.11683567829579763
train:1590,-1.225755874251583,0.17230690903293983
train:1591,-4.38344861840233,-8.767850098977673
train:1592,-2.166694295222302,0.9937283085176898
train:1593,-9.027482605128546,-0.11983429001499157
train:1594,-0.8510478358373141,0.036191733641845795
train:1595,5.159287120490339,2.0955000980989658
train:1596,-0.7330292521787423,-0.024928508519517042
train:1597,-2.320316182957602,0.07420292183354374
train:1598,-15.947449204004734,-7.3710952000175345
train:1599,5.990231881172406,1.1227575928061808
train:1600,-1.5207976842332074,0.18697215497995756
train:1601,0.11912662555143874,0.01214682475854019
train:1602,-9.17193215562005,-11.716235325456886
train:1603,-2.677308346424159,0.44558289222206837
train:1604,0.8085050152958231,-0.05577976464821863
train:1605,-4.146963271597984,0.052372287047546914
train:1606,-23.217954460681653,-6.12827702148649
train:1607,-1.3027618505828031,-6.439577745644267
train:1608,-7.309675254072214,-1.7102623304365296
train:1609,0.14787461989406714,0.010574738297474323
train:1610,21.993592551958447,8.362915889604787
train:1611,0.7256159858203496,-0.1427324556422648
train:1612,4.045222170677883,-0.25762348301590093
train:1613,-0.11762418856327328,-1.4261222272525935
train:1614,-1.267271288752596,0.16348376591648617
train:1615,-2.4490301702500883,-1.5284552515038137
train:1616,0.370788357257883,0.15432715315664297
train:1617,8.860254298598104,10.497452009733568
train:1618,-10.916516371370808,-0.9854514734616258
train:1619,-0.6510372790523945,-1.5644338798049482
train:1620,3.639468171986992,5.814487662340087
train:1621,3.2008190077182883,0.3613323396303497
train:1622,-1.3669932005501906,-0.04031312160099104
train:1623,-0.737428291917238,0.11077466245227907
train:1624,0.7551625904473578,-0.04761328924022351
train:1625,2.6155435539963747,-0.044135718005107294
train:1626,-4.767898284290766,-3.301350070108739
train:1627,1.265348686028914,-0.0608912301403359
train:1628,1.171022478674888,0.03207946446301197
train:1629,3.3149885478347962,-0.3023490735609458
train:1630,-2.1678328756830476,0.2551817121033637
train:1631,-5.4072779285144446,-1.7893412146743084
train:1632,1.1109671247644761,1.9295870026698512
train:1633,1.7766117606375502,-0.40792877252628695
train:1634,-0.6493635797225927,0.12206573058623257
train:1635,-1.0101926989027201,0.03518889947790719
train:1636,0.5818196429839468,-0.04364842434332861
train:1637,-12.9686558566341,-3.9745535930551132
train:1638,9.458792424759254,15.751429373971401
train:1639,0.9641036116770914,1.5802583276752005
train:1640,-1.2834797882414049,0.2095435916871141
train:1641,-3.0830172482164415,-0.5878458810480407
train:1642,1.5651796006761747,-0.2984872810992804
train:1643,0.9610959507356135,-0.07847346166955046
train:1644,-0.2613732261477851,-6.700103204947876
train:1645,20.289759195556517,12.156862008569089
train:1646,-1.7559268696639339,-0.1559734473925856
train:1647,-0.9774304994383304,-0.09819838723465324
train:1648,1.9048092257202,5.74762653519286
train:1649,-2.4469478093339263,-4.27111745553925
train:1650,-0.9668485354256585,0.23455338695889666
train:1651,-1.9618785941531693,0.4346004350853608
train:1652,-0.6251666528075838,0.25399577278978214
train:1653,-1.5774782094116664,-0.3761970138782271
train:1654,5.511077333456576,5.10165553426857
train:1655,-1.1255208108886356,0.09353581549274943
train:1656,9.731384115272231,6.014468444520304
train:1657,-1.0929029679914413,0.22091672545202365
train:1658,-4.7442293862684854,-7.206680328415104
train:1659,-7.90612822981832,-4.272579158198574
train:1660,-0.6034721388488687,0.050971964201728524
train:1661,-4.699277541601853,-5.344471711080126
train:1662,-7.756898408074308,-1.0512790943707633
train:1663,-1.9049360885379483,-3.518551723986424
train:1664,0.7502445876875034,0.9893413459491891
train:1665,-2.2784490591390907,0.12793012416836008
train:1666,-0.12879822371386263,-0.019116435789459305
train:1667,-0.464280328835343,0.16273850584501376
train:1668,13.994067569369026,7.207051757345484
train:1669,-0.20639202882011554,-0.027817603913357677
train:1670,-0.050785238285878415,0.07739053497232234
train:1671,-4.493784457220631,-4.002002388865168
train:1672,-2.6304217518239237,-0.42177700001439916
train:1673,2.9319638509590944,-0.30773972625824525
train:1674,2.492956468542165,4.811250909595641
train:1675,-0.40905394617876945,0.36955209885088214
train:1676,-0.989954652048293,-0.07256944404744373
train:1677,0.6881683580654757,-0.08356349237496433
train:1678,-3.5588569414263027,-0.483378651079128
train:1679,0.5950376834410567,0.12579195961318962
train:1680,-1.63683828072549,-3.446413288155447
train:1681,29.60374719262981,11.01926530770946
train:1682,2.962903112903442,-0.0011465591742553793
train:1683,11.367500526623338,4.539810757040078
train:1684,-0.9671298098963613,0.028041022253356362
train:1685,-15.015438574209067,-4.241055113689883
train:1686,-4.47769462766347,-5.069446777690726
train:1687,-17.52640971307607,-3.285409721841886
train:1688,5.667359473293301,9.148673941178517
train:1689,3.0924074582127785,-0.0024194502515357263
train:1690,0.4085466654508514,-0.06931738388774483
train:1691,3.4896953277937555,-0.061277912265857715
train:1692,0.4452170690794486,0.017421922199734582
train:1693,5.772763943002933,0.5234480896187194
train:1694,8.822368254602118,6.724321814878892
train:1695,0.43471448955582215,-0.127926902788606
train:1696,0.6014078528277544,-5.69274783461855
train:1697,-4.034716626044825,-1.7349303817379422
train:1698,4.279320636271339,-0.156172869372373
train:1699,-14.377218896604237,-2.926037440501178
train:1700,0.35795677862518926,-0.03485823587398634
train:1701,-1.427662592902224,0.28172261451853786
train:1702,12.777317911257864,5.282688107663762
train:1703,-0.7317092961760413,-0.017424977895620752
train:1704,-8.839653557507459,-0.8725086221094345
train:1705,0.7821738892770765,-0.044280447396858574
train:1706,1.6738628938645368,3.0697550219690317
train:1707,-0.11830250170832352,0.05458295895940305
train:1708,1.2428223202574635,-0.027959123436883837
train:1709,-3.3687909481592886,0.07081808012493154
train:1710,29.03940181394355,11.86047903999204
train:1711,0.13782696114661042,0.3786187639700164
train:1712,0.8152044617798353,0.012072855128551982
train:1713,-4.520039220707456,-0.5625907805134525
train:1714,1.669687711411402,0.9431516275110503
train:1715,2.4407965587618525,-0.009777787836048213
train:1716,-13.269867805686689,-9.01869402507102
train:1717,0.03680897843050038,0.05424014503295814
train:1718,-2.311618525440399,-4.86073800715433
train:1719,15.05662116789147,8.753980555209992
train:1720,3.328181482801959,10.291169043610518
train:1721,-1.2474777020535273,-0.28896809589080646
train:1722,4.128660731433308,3.153603913050178
train:1723,1.7179004802722648,0.063699805018457
train:1724,0.2660354679956722,0.04094148265019234
train:1725,-1.8672752965767652,0.057888195936031776
train:1726,-0.9293276833251057,-2.525166270816146
train:1727,0.6210802125545325,-0.044402565050223886
train:1728,-0.7269876625146383,0.1277922781606916
train:1729,-7.437928044216044,-0.35158221072414925
train:1730,7.942804852971712,8.87304526724117
train:1731,-0.7620245820889969,-3.667889345222538
train:1732,-0.8590497458414487,-0.13706065415364568
train:1733,0.06895434995438621,0.018109547303964482
train:1734,0.54853069314715,0.12650408671153807
train:1735,2.092323757342227,0.37073703953879367
train:1736,-11.919014848441078,-9.658703516066772
train:1737,26.33152366825721,7.208539424272229
train:1738,-1.543338694873794,0.16382436860037597
train:1739,-0.3048891762643918,2.5919246223612933
train:1740,-5.022191791964204,-0.7479536088051681
train:1741,-1.413439403014272,0.03231571076438225
train:1742,33.56382766756437,16.51557203025623
train:1743,-0.7624824085931698,-0.02349694295630729
train:1744,0.9778008647964771,-0.1356651104449625
train:1745,-10.613237403645915,-4.002576170643012
train:1746,-0.15042869542738874,0.04451970108676794
train:1747,-3.38397070370587,-3.1736035918238237
train:1748,-0.6371792810598759,0.26176593646758
train:1749,-0.8361179728990016,0.13469452913561425
train:1750,-2.021405105567012,-0.01689913014993788
train:1751,8.309550499282688,5.959551451030036
train:1752,-4.452321345823674,-5.187335394004212
train:1753,6.86883569518706,1.5957900953821957
train:1754,0.6376759874715985,0.139173079944139
train:1755,-8.63339150126749,-2.9062763504207387
train:1756,42.09259776439522,17.299651820061047
train:1757,-4.241096306154362,-1.316965593797967
train:1758,-0.4759995366738792,-0.46914930523708426
train:1759,-1.5321479227299064,0.10926178022736578
train:1760,-4.989502584387252,-9.489195082903882
train:1761,1.383170377557994,0.06285935452150795
train:1762,4.821932564243643,6.848823045057786
train:1763,10.005079517509916,4.313562125235039
train:1764,0.6809320492756055,-0.1340719458492182
train:1765,7.44658461600615,11.4515709309145
train:1766,1.0605711081111826,-0.24446402191849864
train:1767,-2.128981200157062,-1.6977872132447271
train:1768,0.6451907812332885,0.012327148022388032
train:1769,0.9174423853407787,0.11528463430420768
train:1770,0.33398986913890794,0.07322223576035859
train:1771,0.5778012536138609,0.7688253961334397
train:1772,0.9433302134953679,-0.5905746970218395
train:1773,0.31778020735889756,-0.3655830139485631
train:1774,-12.456488984387372,-5.340245527244502
train:1775,-1.20737958544332,0.1285652500945077
train:1776,-5.449492809860371,0.09176924668244262
train:1777,-0.23177641054088288,0.0067986849826226214
train:1778,-10.5637693602877,-0.08371713806734099
train:1779,-1.3130025658987874,0.46515024892251927
train:1780,0.6552111261375159,0.1131208264684386
train:1781,0.04319716333081752,-0.6166279847884124
train:1782,-3.0931700943176113,0.1197483840536943
train:1783,-4.909361676228017,-1.216011386275457
train:1784,1.4460198795162142,-0.10630951024836593
train:1785,0.29632814734476354,0.06446229138273765
train:1786,-0.7234592951149998,-0.1537953734758159
train:1787,-0.035517845982722424,-0.0736171807013318
train:1788,1.2641831404122996,-0.3314964603053383
train:1789,0.5716908563106429,0.22077021280014728
train:1790,0.06137888459199091,-0.12008095055549231
train:1791,-0.6107194894051508,0.010423339512855248
train:1792,-4.621704367164422,-0.4404433823692559
train:1793,0.10790644744015976,0.04813101683126498
train:1794,3.6426491305465767,6.558087161984023
train:1795,-2.6372218527259643,-11.629027342943333
train:1796,-2.5836627767975857,-1.4923699129167944
train:1797,2.5751044211477203,0.3636358837295199
train:1798,-6.383477475032244,-2.71129754156096
train:1799,-6.488417958094336,-14.206200582137802
train:1800,-2.064898042317834,0.30141579805341423
train:1801,-1.158107969298117,-6.532478465120307
train:1802,0.15033507413799593,0.4531979835993895
train:1803,-11.774336559041167,-1.736994398337112
train:1804,-13.4510513371355,-2.7207339834996302
train:1805,1.8323694266022152,0.02597572170689655
train:1806,-7.845440821952668,-6.746110174888396
train:1807,2.26078275717798,-0.10195874786040424
train:1808,1.8422028750812816,0.09539129765289261
train:1809,1.3471616663102695,5.585261984751839
train:1810,-0.35616214162902926,-0.9083759749787641
train:1811,-0.12621468283172133,-0.016515479566628702
train:1812,11.654007167397694,7.505332685338855
train:1813,-0.6136484632323039,0.031331386840541944
train:1814,0.9998653360445504,-0.10055550046798073
train:1815,-1.9883183943992329,2.2007646593350034
train:1816,-0.26762257536411277,-0.13431158034482613
train:1817,1.5136124594085003,0.18355485793706894
train:1818,7.319507134725026,1.551640283866336
train:1819,-0.14753296312859132,-0.041066370677823816
train:1820,-1.0841337133362408,0.16246709365397694
train:1821,-6.716934636422904,-4.657022364968151
train:1822,8.13894009843342,7.6119676463158115
train:1823,6.248189395628668,9.018000063072273
train:1824,0.22887550731310796,-1.2214363488975628
train:1825,-11.914855705606522,-4.35643232910402
train:1826,-3.0324573485037716,-0.09274560575459612
train:1827,11.503076681168011,12.361471848712386
train:1828,-7.660751820240883,-8.501250142384
train:1829,-3.8615008332388316,-0.060332427747541606
train:1830,-0.5982281134070633,-1.9685711260742624
train:1831,-1.221098573408169,0.22696140663279651
train:1832,2.3150624536511346,4.375368494562126
train:1833,19.360763084220416,10.84656241368891
train:1834,-0.541816658641694,-2.4735187777696
train:1835,0.4665950911440629,-0.04166105226433467
train:1836,-0.7336230086389015,-0.18102415065163746
train:1837,-2.4915360893128073,-0.07226318695356293
train:1838,20.794770073335382,7.866023152564019
train:1839,-1.7446493905964333,-0.9079737428249517
train:1840,-1.323119613430959,0.03533733805071864
train:1841,-14.690858993013563,-3.9842037408871733
train:1842,-13.509270968322655,-4.685148514304115
train:1843,3.367686365983048,0.08874819003934624
train:1844,0.2343571050764491,-0.005939356082021299
train:1845,-0.7134460401871001,-0.10735592728976145
train:1846,-16.355671909207082,-9.157886465464355
train:1847,6.935166259293027,-0.48479648553937466
train:1848,-0.8395982214429082,-1.1369122442026571
train:1849,1.578379741848785,-0.001511378530643745
train:1850,-0.13134863929676827,-0.0044954146935435035
train:1851,0.5939546604997308,-0.15085233446319166
train:1852,1.1517798180052128,0.10554425350981912
train:1853,-2.621406091434058,-3.1125587459005493
train:1854,1.3575302336583914,3.4112761561536633
train:1855,6.538198252250634,3.7139322058683044
train:1856,39.18106388425859,16.46039539409175
train:1857,0.5370273808992462,-0.34172866424222326
train:1858,-0.6831030336289947,0.18706902166995176
train:1859,-1.2306695765339928,0.33654209934516666
train:1860,-0.8684137449043293,-0.10402315677680152
train:1861,-8.609503162666412,-2.2575294554553476
train:1862,39.94109074992159,17.377105227029617
train:1863,-2.0985886799937834,0.024865035970593252
train:1864,-0.3800887196106272,0.4684242431817566
train:1865,-0.17711902754188197,0.06421060204868421
train:1866,5.576293027842303,4.77327802583143
train:1867,2.8346252172696653,0.4581837649178913
train:1868,-31.204297201382964,-9.402390545161026
train:1869,-4.777761022508104,-0.02843400560819198
train:1870,0.5894156809006044,-0.22561942054674167
train:1871,1.5234442806798847,1.3435974539910491
train:1872,2.6628048712798935,0.11268093186078447
train:1873,-5.51870399647952,-3.834523163063804
train:1874,-4.760288531337934,-5.13923016887012
train:1875,0.6618589668921926,0.08008924951520971
train:1876,8.16530272254372,5.601205756878133
train:1877,-28.353429342953884,-14.864551688154432
train:1878,-0.305109488561589,-0.45436087168062617
train:1879,0.05758214415398355,0.14539301993000447
train:1880,-2.155769687763501,0.04981288078563062
train:1881,1.7459372686288477,0.024665168175774563
train:1882,-2.431762939706059,0.09281844560963323
train:1883,-0.11357145348819037,0.23823531980434676
train:1884,-0.3438127976157347,0.051988386807820225
train:1885,-0.6508603783315641,-0.02163953487522903
train:1886,5.121232311811932,11.863767086341063
train:1887,17.533354927301456,6.019608228183207
train:1888,-6.32434939704219,-12.455577826530236
train:1889,6.62071720820763,-0.0572095112861008
train:1890,1.575735064449458,-3.731839906524019
train:1891,0.09898074838927087,-0.2535076473168169
train:1892,-1.0068748224396282,0.03929503424191075
train:1893,6.291627472234791,1.972150140656822
train:1894,-0.3603266891176726,-0.0885212051790974
train:1895,2.5580719734263444,1.5964003983274022
train:1896,-12.313895380486024,-11.533965026874078
train:1897,0.5874465271474445,-0.01761642870264908
train:1898,-0.5428622558063396,1.1834584835165303
train:1899,0.3748702077275573,0.2967473657067712
train:1900,11.618865060469622,5.524855403292532
train:1901,-12.899549741139545,-15.009318171716327
train:1902,-18.617241391608477,-8.077485336552412
train:1903,-0.13649421867382766,0.12366388831032707
train:1904,0.88235909034749,3.17548579873217
train:1905,-3.408728436125483,-0.072966326420881
train:1906,6.864817886962574,2.8530926259531704
train:1907,-2.3251808365513194,0.0020873117321677515
train:1908,-3.0659329623074894,0.046455108965717105
train:1909,9.062753320844902,2.6690590397586873
train:1910,2.654918957937644,1.8863816057162324
train:1911,-0.9314689724051709,0.06135046679927483
train:1912,-0.7538203171867247,-0.08072896474095106
train:1913,0.8271370081683612,-0.0893578751645813
train:1914,-0.7046671385149293,-0.16923159410530964
train:1915,0.9582748375319364,0.20092003104385908
train:1916,-7.090873935436665,-12.230303853379159
train:1917,-10.78777355925653,-7.695215424562469
train:1918,-0.12998166861497662,0.10963630051883458
train:1919,-3.21115776103023,-0.04309846692075467
train:1920,1.022769911372888,5.626181099564299
train:1921,4.740023113792584,4.7621350752834655
train:1922,-2.4350254911079716,-0.41694358044098406
train:1923,-22.399415066448782,-11.286723571555008
train:1924,0.33031935352535646,-0.1858174825374409
train:1925,1.9552054748317333,-0.0055503913835393826
train:1926,10.658327155430444,1.0422770661100909
train:1927,-0.17441611935337215,-2.2428028653600274
train:1928,-34.159179894161454,-12.414916071819027
train:1929,3.6208784865141794,0.9237936968796887
train:1930,-2.522512544575595,0.5233535055016854
train:1931,1.3088764915157736,-0.5954492029085365
train:1932,-10.367587623177943,-12.071273571389604
train:1933,1.7070105090912615,-0.07930588749593667
train:1934,-9.0706910129933,-3.438222845731371
train:1935,6.780031068413697,5.556905580868526
train:1936,-2.030913344967968,0.5529704603022132
train:1937,-1.2514294921377815,0.3245018836326681
train:1938,-0.7858849094721236,0.187212110462388
train:1939,-6.938517550361287,-4.612256544074684
train:1940,-1.182926489547555,-0.24706294522478667
train:1941,6.037864899182085,13.817619866737548
train:1942,-3.075665523910287,-2.949607859530403
train:1943,-1.5610091242355368,0.007754726400879194
train:1944,12.952999621076433,5.51030514195838
train:1945,-4.7319021257880145,-0.1844614915383319
train:1946,-6.460293300522939,-0.4311721416485727
train:1947,0.9133651840359094,-0.10229927921388907
train:1948,2.9727105260596,-0.768323218570689
train:1949,0.351485838591343,0.030292245500456755
train:1950,0.582320358033446,0.36157286575602016
train:1951,1.9011496356439403,-0.021929064989136618
train:1952,0.5983183665857085,-0.13360120084140023
train:1953,-2.86726020269521,-0.07620294354789675
train:1954,0.756086147035872,0.05355597945337089
train:1955,-3.8545610249344002,0.04654452162838849
train:1956,-4.513496915993852,-5.694847801741842
train:1957,-1.7994880329082692,-1.4640727132696338
train:1958,11.199859082418545,0.6875825613990818
train:1959,1.5977855882031164,2.0168257999183647
train:1960,-4.167258270721272,-0.09900302986829071
train:1961,13.87211532736894,15.876823660820934
train:1962,0.045517096568515034,-0.008804127807755871
train:1963,-0.4105260460997142,2.588846858046219
train:1964,-0.2024858586655104,5.455012094572935
train:1965,0.5518577517107317,2.357779144079171
train:1966,-15.279320519376347,-5.859335715678995
train:1967,0.3670010313786058,-0.005449672851674997
train:1968,-14.704879944232498,-4.485586013618836
train:1969,0.2632549187549188,0.0863006298524748
train:1970,0.6637096831719449,0.008699426284740283
train:1971,1.4029548983856928,-0.006052272113141202
train:1972,-3.344760810031659,-0.7916987629334455
train:1973,-0.594245638835096,0.05588024503519446
train:1974,0.443597416290505,-0.05482090567896444
train:1975,-7.458452247164218,-1.5396522704987705
train:1976,1.1350232982150135,0.7076811156255909
train:1977,0.28968635050433333,0.07712097737181563
train:1978,1.4447322933234679,0.04308118080907039
train:1979,-1.033832074728489,0.09543070770165683
train:1980,0.23680872590724839,-0.14784766598064475
train:1981,0.98281963820348,-0.2583912834953543
train:1982,-16.5065800794457,-6.38722008708551
train:1983,5.550144265313033,-0.026933713199761747
train:1984,1.05417780912958,-0.022428877136993347
train:1985,0.4395740290682536,0.08171326451111782
train:1986,-0.9149136452219083,0.012926751406844114
train:1987,-0.37373493852986717,1.2367685456428885
train:1988,-7.937520320414675,-4.384795010062973
train:1989,0.6477188808251302,-0.023868681361980962
train:1990,-1.8433767298131172,-2.979615134307108
train:1991,-0.12170789869886961,0.04124659845759311
train:1992,-6.685428641288826,-1.55872830336956
train:1993,-0.6539418447643215,-0.34126815514752323
train:1994,6.274692424516079,0.8639088260025745
train:1995,1.1137477902343496,0.08196235028538866
train:1996,10.151222293823404,18.73438473857456
train:1997,15.356336085876844,17.193827172484927
train:1998,1.0521730892656618,-0.11099488356619719
train:1999,1.0394938870094521,0.6469349301080642
train:2000,-4.366213234637216,-8.059123178374893
train:2001,-5.047427458525771,-2.629031329506023
train:2002,0.0672042880926622,0.16367849792214462
train:2003,-24.300730066439947,-11.891277856761537
train:2004,2.016780873175142,7.995834218091344
train:2005,0.13038295091907665,-5.246020915451604
train:2006,14.04590482711187,16.397032310005876
train:2007,-0.445294534521144,0.10008002349975902
train:2008,16.944209043879376,4.431539191250729
train:2009,1.123207213404853,-0.15183967209664334
train:2010,15.74937740832493,6.128068676885004
train:2011,-5.776317007823731,-4.107219872033903
train:2012,14.211488550973968,2.7346710288535006
train:2013,-1.3622617455281372,-5.1671391884532545
train:2014,0.27582753890797373,-0.8967225840525974
train:2015,0.5955260782038224,-0.292557049553335
train:2016,1.5126001037722108,2.9546910896936684
train:2017,-3.6028917383351478,-0.12203800721235991
train:2018,5.26942769438683,4.891229127579699
train:2019,-4.382995789750322,-1.950881756276733
train:2020,0.4169503795232583,-0.5091748640660698
train:2021,-3.144593808851051,-0.16223873568343178
train:2022,0.23020505221821924,-0.3303851682605925
train:2023,2.8978666438209473,-0.0776417491472143
train:2024,-0.24533808239164262,-0.005109319824202707
train:2025,-3.209591457407424,-4.570347648562402
train:2026,-1.9554450798960032,0.07539941804706576
train:2027,0.5246051612276331,0.6712151579974752
train:2028,7.809054890362444,-0.07544965880586149
train:2029,-3.4294957903929597,-0.5181671315727858
train:2030,-0.2819344480707201,0.10644761742398091
train:2031,-1.3603496602729588,-0.1826152644982379
train:2032,-30.505010744064393,-13.881461209677441
train:2033,4.453213347472942,-0.1954987304260819
train:2034,0.6701542391955227,0.26365990138122236
train:2035,0.9169172621760533,1.6366518605490328
train:2036,-0.23240521008075982,0.01919298482555659
train:2037,-3.9724164229083168,-0.18601533524831826
train:2038,-0.9052071189420189,0.20601266530905554
train:2039,0.10124338067074667,-0.028153926772947313
train:2040,-2.5382411340274076,0.05658095926874243
train:2041,3.331923130637027,0.269031580190791
train:2042,-2.0101350651631993,-0.22743153382064302
train:2043,4.8140299139080955,0.06387320923301953
train:2044,2.0774636318759896,1.0561802180100555
train:2045,5.5587210133850595e-05,-0.6684444595644106
train:2046,-2.1745293002099366,0.05564995482264195
train:2047,-9.626568402903725,-12.103094921026347
train:2048,-2.0594654932431857,-0.14240847294274073
train:2049,0.6465615874760443,4.4840178261763715
train:2050,-3.8302249717626013,-2.8580621324278024
train:2051,15.679620409757673,9.053970559707238
train:2052,-1.728087670811564,-8.336083162991217
train:2053,1.8154062514364337,-0.014201093245898064
train:2054,-1.1453699551071241,-0.20033052723278322
train:2055,0.08507567760310147,-0.005696939700618256
train:2056,-1.4266505859532943,-0.11092109226222147
train:2057,-3.1766023787005495,-0.40099210463095036
train:2058,-18.399381528845943,-6.859960919635467
train:2059,3.662541976914232,-0.01071071820308378
train:2060,-0.5906384680920127,-0.06987458134642655
train:2061,-0.052023310873451245,-0.10923188127614053
train:2062,27.196365024616085,12.624516697920706
train:2063,6.716295668101884,0.4252249806429681
train:2064,2.3692712503610127,7.737779644017043
train:2065,-1.0402258386265721,0.2994997207142209
train:2066,4.494336604922653,6.646140837779292
train:2067,6.571542992065091,4.667044797695451
train:2068,-4.304656432953027,-0.5899608275563828
train:2069,1.16975162947544,1.6980950154538446
train:2070,13.136764368824984,10.505460416964077
train:2071,8.379225672549376,0.24153413704452523
train:2072,-7.548870134124917,-0.6940624178692496
train:2073,-11.660002438490562,-3.545937178396835
train:2074,-3.0049879907116397,-2.2544422755268134
train:2075,3.228137035196017,5.500026715919053
train:2076,4.286858327169694,0.11150786768530596
train:2077,-3.989043231000456,-0.009327264998048618
train:2078,-2.106853732725881,-0.053879736650151
train:2079,5.19938802659943,2.158987011767927
train:2080,-1.6489096046834453,-0.7700966350998761
train:2081,-0.22182969678425485,-0.042228842288159374
train:2082,2.877460297200579,-0.15037304763937456
train:2083,-3.34079507245299,-1.498084619644023
train:2084,-9.193105381975004,-1.543227065075906
train:2085,3.2023127843701364,1.364706688726047
train:2086,2.2574044415724233,0.23867785363698601
train:2087,-1.4131727734127049,-0.24426401146286997
train:2088,0.7144108012655668,-0.11371752945996308
train:2089,8.380035557058408,17.748277839930797
train:2090,-3.028425360326631,-0.06557357191595453
train:2091,19.76931680995688,15.886514324323034
train:2092,8.05252421253687,2.2414786279026737
train:2093,3.316224295839967,3.16192817131404
train:2094,-6.283179647944429,-3.7375834307348685
train:2095,-2.2211955243984147,-0.5773073130216675
train:2096,-3.358155053834879,-0.23574751775752462
train:2097,-0.9054695642952614,-2.340525805535897
train:2098,-1.0043755476695777,-2.662333498350631
train:2099,0.8324540254976052,-0.058557584610254426
train:2100,3.1634364682706844,1.9575884664578687
train:2101,-2.379341049488985,-3.8823599005534644
train:2102,-11.26819035521692,-13.570105703768622
train:2103,3.1446440792123735,-0.23489497675692755
train:2104,-0.2596226993695806,0.17634506592097543
train:2105,0.40283400419670146,-0.03677074669292951
train:2106,7.332783289742198,3.983073522131428
train:2107,0.948158719832726,-2.5982613900390246
train:2108,14.502193387567244,21.998921727394997
train:2109,1.278726425297076,5.0839827131250015
train:2110,-10.515025656806106,-9.872854511183284
train:2111,-4.1021420684623715,-0.33860096864364725
train:2112,-0.9439593023411773,-1.9447393524411059
train:2113,1.5981758855884962,-0.12572290026961763
train:2114,-1.5727753467531636,0.18267107421908052
train:2115,3.9671157370373185,2.7839534909917636
train:2116,-2.0512964457643115,-3.9602304477304906
train:2117,1.8106324890146546,3.8224768244480045
train:2118,0.29918319945151706,0.8555229382687899
train:2119,-0.5055561370052181,1.3688621127999077
train:2120,-2.67306389141543,0.16542017242110535
train:2121,-1.0566229779773444,0.024723516447067093
train:2122,-0.17807495394035106,-0.07922014834912294
train:2123,0.3010261283802211,0.011490299710891647
train:2124,1.8984742737569,3.6814115329409103
train:2125,-0.46953156048259614,0.048314763954552975
train:2126,14.49584448810953,5.788731679701567
train:2127,-1.945882677725069,-0.04001817037630323
train:2128,-5.359637936757558,-3.5549513443378866
train:2129,-3.5298201177201634,0.07999163385596296
train:2130,-15.512131166318817,-6.972618449367646
train:2131,0.870076229390907,0.114521434635877
train:2132,-6.866387618077557,-1.0873117197884852
train:2133,-2.2452272897337258,-4.394343868719929
train:2134,2.0281731866133264,-0.20057492303292512
train:2135,-29.833459344306558,-12.751520258525984
train:2136,5.473596231715106,2.984049828428085
train:2137,1.410653915302781,-0.07330931867333842
train:2138,3.903252484693367,11.391390894821482
train:2139,3.6845185789474906,0.020015103408419846
train:2140,1.0010964348849156,-0.28736558701200676
train:2141,1.140397500271359,0.030944419393400112
train:2142,-1.052686065220466,0.03938013141507945
train:2143,-3.2341829821852577,0.3696271384369454
train:2144,1.3614452953406864,0.3075241059554498
train:2145,-12.037083178163064,-4.251874794842373
train:2146,10.942282334559813,14.698566346536577
train:2147,0.47149310249525583,-0.02275335914935246
train:2148,-3.199978146881875,-12.9362785616353
train:2149,1.5921196510552567,-0.08689316001530661
train:2150,-0.2600533863742042,-1.6771544656151498
train:2151,0.6694887112536863,-0.10549252745466292
train:2152,-4.160664360278334,-0.0467551844680362
train:2153,-1.130024340606124,-5.479417995124433
train:2154,-8.215928116098713,-0.7504747106395977
train:2155,0.9901406780219214,-0.12039790721012358
train:2156,-1.1483360060235972,0.06342946278349525
train:2157,2.2340502920074417,-0.626114785993015
train:2158,9.900533748539768,1.0749917577390935
train:2159,-1.5843032995745339,0.008066939583577779
train:2160,-10.101412709928836,-5.040487203902707
train:2161,-0.8209924963515184,-2.002467049210116
train:2162,0.43485896235213767,0.058044124201368556
train:2163,25.045226223995016,7.467843136398945
train:2164,1.5469190760715565,-0.21441708743661203
train:2165,-0.625216980016598,0.009350173569583578
train:2166,-9.442304334855118,-9.42432093551842
train:2167,0.08080995266538925,-1.1289377902449305
train:2168,0.9511602206308373,0.8324087485099647
train:2169,-1.0772892129103124,0.05391384409527145
train:2170,-2.1825902546070948,-4.581194720590414
train:2171,-1.245866766448593,0.12095700643606686
train:2172,0.852685331063065,-0.057071950600052324
train:2173,0.23151228113226655,-0.04864626050027593
train:2174,-2.3582684775520595,-0.08171685518504151
train:2175,-8.071186598057453,-2.6330965919479596
train:2176,-21.34702268252416,-10.24182900632389
train:2177,-0.5875908243332119,0.017796228499988354
train:2178,15.49935555327433,9.15036190388251
train:2179,4.991655904448118,0.2690712398959727
train:2180,-15.172717030063504,-9.473499540586998
train:2181,14.651682632707375,2.943160672385727
train:2182,-0.6317209291205597,-0.22437573927031013
train:2183,-0.025615124948061757,0.07833420056531089
train:2184,14.850363760816304,10.26634035623704
train:2185,-0.6703052776702574,0.17353828581450836
train:2186,-5.250850734735804,-0.7735505959709363
train:2187,1.0279830198687403,-0.03380315218838298
train:2188,1.3004587137198316,0.04260126984420952
train:2189,3.2579061023589446,-0.15464306400887276
train:2190,-5.691035518139602,-0.3659767221189777
train:2191,-1.2261680227115468,0.10095442726948954
train:2192,3.730120376853863,0.21796100745991012
train:2193,-15.746054823315605,-4.887782502228826
train:2194,-3.309129610966101,-1.9709909387335873
train:2195,0.4238830978513617,-0.18479299959558382
train:2196,9.296291097162875,4.725035846319733
train:2197,1.0471110786259725,-0.08469522058074352
train:2198,0.7678213363784254,-0.15467758792489425
train:2199,-4.161914055777919,-1.9518929360980568
train:2200,-6.532738446180449,-1.6277070875805197
train:2201,-0.8435589611694121,-2.068669083415115
train:2202,3.2469317488367304,0.13804277834645984
train:2203,0.09634153375858964,0.08470832122159057
train:2204,11.66739769186907,7.922424959764832
train:2205,-1.4775899737431728,0.27996061085415125
train:2206,-4.312076035065335,0.06893916592674483
train:2207,-0.8872808692868807,-0.11434973083950559
train:2208,3.5537254851542066,0.21953748074088367
train:2209,-3.015917712251726,-3.1188269765706016
train:2210,-33.240415664728204,-11.956343740275646
train:2211,0.013410661799871132,0.024386801270249947
train:2212,-5.859194879303672,-3.9266783371467517
train:2213,-1.3515232208906567,0.17937974667142742
train:2214,-8.94142563475494,-8.324955049167494
train:2215,6.4596785078589045,-0.36394302094193426
train:2216,-0.513408983162792,-1.8788483188019207
train:2217,2.7363195573007952,10.567234830269722
train:2218,0.28794930630406335,0.413012430671982
train:2219,0.3358395393565792,-3.423530494230452
train:2220,-1.22639420457931,0.0884274885384523
train:2221,-15.807092778207556,-5.4330275529266165
train:2222,-0.7267575869713506,-1.4709228573837019
train:2223,-0.9696461703470701,0.15176517900014658
train:2224,-17.12661873316408,-8.295498445117412
train:2225,24.717013785420882,8.626582739944732
train:2226,0.11036434464344577,-0.12421444052981453
train:2227,1.2414645316761619,-3.7673147995050216
train:2228,-0.6748319369826505,-0.06782575812352246
train:2229,0.505443628483805,0.09432958023962396
train:2230,6.485028078958194,14.347470104105948
train:2231,13.770109862048246,9.462797066801457
train:2232,-1.2443123181960396,0.028331372666921484
train:2233,5.3461933088976314,8.237539292695695
train:2234,-1.0904860996675594,0.262640161911298
train:2235,-0.9722529570532364,0.03556081620959336
train:2236,-2.7699650386967076,0.1017628504145922
train:2237,-0.20434552458751243,-0.0353146434703987
train:2238,-1.0266295886125754,0.11229075454541751
train:2239,1.0211057428309367,-0.2195001990927406
train:2240,-1.4827267197071028,-4.742043071942689
train:2241,3.609916220820458,3.2175484825976386
train:2242,2.9617240847088926,-0.24052226807282473
train:2243,0.17558596671429955,0.19641451734224316
train:2244,-1.4253289446283515,0.06781949255941114
train:2245,-1.4389414667191658,0.11389187248131963
train:2246,5.724224802772758,8.182552680730144
train:2247,-12.708518348800771,-7.049477246080109
train:2248,-1.1314819700016132,0.17615539837407218
train:2249,1.5470283314444742,-0.0841175512958259
train:2250,6.980297561721133,3.9569768654786133
train:2251,-1.6671847741571995,0.08455899101871657
train:2252,-9.79252127045134,-3.42923207616316
train:2253,4.416014914951616,2.9247157709384046
train:2254,-2.6846368249062884,-1.6729813516008485
train:2255,-4.988462101303892,-0.9117979798283831
train:2256,-1.5708903428829744,0.17306750514148792
train:2257,-3.8106594265972182,0.011620620360832307
train:2258,-6.265858254630422,-0.5485840568654234
train:2259,1.823224984347251,-0.45325025727472784
train:2260,2.224422569070997,-0.013891269631767095
train:2261,29.850617843775577,10.251640586374
train:2262,1.071342060673178,-3.6955458551719604
train:2263,12.898234319339396,7.144832812955858
train:2264,1.4979689496726194,0.1557489821195698
train:2265,9.788912880569363,2.434628525178173
train:2266,1.4550046229601268,0.007908443423660885
train:2267,10.031366825150375,3.8478016861186854
train:2268,3.4182144189168033,1.1461167311757865
train:2269,-0.006435344232373907,0.2110913188148714
train:2270,-1.6991482471080892,0.08588056509741154
train:2271,-1.7365925042184798,-0.13252710760286351
train:2272,-1.8892779339329318,0.02313038751652531
train:2273,0.7428151060999851,-0.26772155012617754
train:2274,1.8103063501035837,0.2545346739995805
train:2275,1.9501750785127183,-0.04400454139030657
train:2276,-1.9131337283803735,-6.876797177789159
train:2277,-1.1514529223379926,0.06791692989264539
train:2278,3.635024035349888,2.5215834274147744
train:2279,-0.3023504998226188,-0.07917406890749093
train:2280,6.035477088138235,9.7029408615011
train:2281,1.1522744891404653,-0.6453979623599335
train:2282,-1.4674915228702212,0.1752654802412535
train:2283,2.1642277402164347,-0.27007991164159256
train:2284,0.41292222690708186,-0.023170463692608098
train:2285,10.723222987277587,11.465511745268305
train:2286,0.8418476629861178,-0.0667228474013645
train:2287,-2.4424037156535143,-4.653025294393397
train:2288,-18.988114566433335,-16.310418997567304
train:2289,-9.617387232246802,-8.806621883277918
train:2290,2.106716176829081,-0.3195666640597845
train:2291,-1.7099791738960692,-3.523262383932829
train:2292,-2.3798794227734046,-8.582417866201888
train:2293,1.3404380441692711,-0.012114785895164834
train:2294,0.05001039812343226,0.018744173917277077
train:2295,17.760996632813722,4.501963414788672
train:2296,-5.114705987335479,0.06692237005568713
train:2297,1.238652019427374,-0.22771318192479773
train:2298,-2.7261780422719695,0.04939281603056735
train:2299,-0.6008258342418599,-0.016385444238308053
train:2300,0.9028844555868665,-0.06258746717130967
train:2301,-1.182322679268505,0.12669917536922157
train:2302,-7.666705540690172,-3.7971120775693974
train:2303,5.759397129272063,0.22154857017954113
train:2304,0.4839170656036707,2.5447989063487038
train:2305,-0.4872232016587619,0.8686778342202719
train:2306,-0.47532418737139215,0.060368853430824654
train:2307,1.4089262856612415,0.815720857598679
train:2308,-9.797283874877587,-7.538071118481195
train:2309,0.030526562029497106,0.09142914331138782
train:2310,-1.352759085124947,-0.4455123349399914
train:2311,-20.060862853540193,-12.52534809291511
train:2312,0.7246294330487275,-0.1593630325731305
train:2313,-23.161104473446052,-8.800732845040862
train:2314,2.097740034340058,-0.17999485290744266
train:2315,0.38188021842054387,-0.1598159806449002
train:2316,-7.033143396386996,-14.448661188391945
train:2317,-0.06891256431883322,-0.01624717024820954
train:2318,1.1225939885670728,0.3684017534093971
train:2319,-17.308880870847652,-4.401369628291114
train:2320,5.260180040673195,4.410433380375172
train:2321,0.9209342567966978,0.07833609082104347
train:2322,-8.130746118541412,-1.7393089273186526
train:2323,-2.114648289979712,-6.584798461225222
train:2324,0.5953975287969641,-0.061796769631850296
train:2325,-0.9652896704665402,0.13568502313948733
train:2326,-1.6378332019937614,0.11465507214965032
train:2327,0.14046884904705453,-0.0074794151912407625
train:2328,-21.275239577934883,-7.201624429308485
train:2329,0.36078312213927194,2.9405531181004334
train:2330,0.37816739540726685,-0.19609605123757784
train:2331,-0.05736299288111962,-0.45359699437344786
train:2332,-1.8960989560765946,-8.547326730799803
train:2333,-5.965948536639717,-11.366790524562889
train:2334,-3.4236682947681265,-9.838954878866371
train:2335,0.7941755919920769,-0.11980497321853531
train:2336,-3.55066185862452,-3.34138183468296
train:2337,0.09559162347554234,-0.07874701377273738
train:2338,-0.4112849641395713,-0.506260446378453
train:2339,6.713231403578905,5.0090287235477415
train:2340,15.624773282720069,5.624622672875791
train:2341,-1.8252154648770857,-6.114079988317912
train:2342,8.22077748683,8.052480831242129
train:2343,-7.605339819679469,-1.7151650118332027
train:2344,2.7379721029307342,-0.1724263402845886
train:2345,-1.924302416991437,-6.888204336157256
train:2346,6.735756607059154,5.637669859915719
train:2347,-0.9331458099212161,0.11716290652874936
train:2348,0.8792571675895907,0.17221703272263594
train:2349,-1.8412708906146902,-0.14729177030185434
train:2350,-31.197899950611276,-11.343470617916035
train:2351,0.1229489363958736,-0.029002437605661707
train:2352,0.6339909432180315,-0.09563480814404424
train:2353,0.11021557136968561,-0.021087722862125027
train:2354,-8.182107301808223,-1.853192484052025
train:2355,-1.0455526192019065,0.08668096357195135
train:2356,1.742484798844651,0.2300175578351544
train:2357,1.3605912437660068,-0.29499298288419096
train:2358,0.9719398951850475,2.763771551521806
train:2359,3.2737090784476375,2.781666352885744
train:2360,4.734873233938081,8.194593823737907
train:2361,-3.100797049180222,0.1161884262007995
train:2362,0.13736343941555143,0.0640771428609234
train:2363,0.43094773623080707,0.18800523323561746
train:2364,0.6735595199569486,-0.09724484238057177
train:2365,-8.575136536427815,-0.8553572975568438
train:2366,-0.11134398051555239,0.4345290333499527
train:2367,21.568956435328506,9.363112540488002
train:2368,-1.1367048417435557,-1.2809732700590717
train:2369,-2.9640930072538545,0.09819098038406186
train:2370,-33.68157305340921,-13.1046251651615
train:2371,-0.21115097202907873,0.08526041855631457
train:2372,0.2537347077545899,-0.12417342554693778
train:2373,-7.836414933400231,-0.06621854143799258
train:2374,10.195326130829605,5.848816989016741
train:2375,0.28495698760644195,-0.03034801436564022
train:2376,3.981052538373282,3.4919973516362335
train:2377,-13.440475417037074,-12.768906616763061
train:2378,-0.005745175717070922,0.11328189052293561
train:2379,1.814579397475864,0.6545285510334795
train:2380,-1.6741627056130315,-0.018718483459947005
train:2381,-9.602315569781936,-0.14850540364517836
train:2382,-3.6007728814752666,-1.1626425478953761
train:2383,10.359455595940696,16.791641240774876
train:2384,0.2557725529177437,0.023726602706743746
train:2385,0.2603888248817533,-1.015832376899737
train:2386,-3.3974274787757173,-0.03610954950375325
train:2387,0.38301159267584184,0.14930481500557707
train:2388,4.787934616774083,1.0912502396122605
train:2389,-10.487634637440939,-7.001570034150305
train:2390,3.6094671115002948,0.19733125570734303
train:2391,12.160712200831503,9.155720243906343
train:2392,-0.6031557631838881,-0.1277245740948147
train:2393,-9.022236487562576,-11.10052154104843
train:2394,11.147819121090201,3.3581407108587524
train:2395,-2.3386159930048227,-4.848216953181706
train:2396,6.877736056289761,7.700484684421981
train:2397,1.1270441691184236,-0.331696399430562
train:2398,-14.570043936724781,-9.813823750575677
train:2399,1.1295630866097754,0.11324554768158653
train:2400,10.852410259547222,10.159555886731194
train:2401,-2.661098103498548,-0.021684330369570973
train:2402,0.08201164553836293,0.1389938266363662
train:2403,2.774448752616083,-0.13445741535785496
train:2404,-22.969558883479845,-14.173213979004927
train:2405,-6.85302405876205,-0.9589276190132474
train:2406,5.218634174142709,1.240616963653616
train:2407,0.5030246680357608,-0.05732513787261084
train:2408,0.5074523001378074,-0.0952177749311936
train:2409,30.340814622819774,10.97945837657181
train:2410,0.6044976877571607,0.19314851208836614
train:2411,5.818784630658236,6.289594381763187
train:2412,-0.21747592828804785,-0.0405692334201547
train:2413,0.07052541897111753,-2.392458334880835
train:2414,0.2357102444929458,0.13679824110516822
train:2415,-1.5697775652868966,-3.8730721111788204
train:2416,9.078902659711568,9.355197718748856
train:2417,0.6002318465903285,0.11061923349977731
train:2418,6.727833500398464,2.208345654778733
train:2419,-15.026561236088561,-7.133845137188057
train:2420,3.2046113314497306,0.6706758288052466
train:2421,0.09833579300169654,-0.01908783229705306
train:2422,3.5757006924380237,3.3860842543579075
train:2423,0.12986154708619532,-0.11050338141052332
train:2424,-1.9192213447760471,-3.004365358235084
train:2425,-0.018552288119978305,0.2369461653947257
train:2426,0.5276120085652701,0.2150470177547234
train:2427,-1.039008919738862,-0.021669279654115317
train:2428,-8.455373121217924,-3.049205648071374
train:2429,-1.870194739616068,-3.236277624197369
train:2430,-2.3432244776177837,0.24166773889309603
train:2431,4.863638826959902,3.2503339339884043
train:2432,9.003650348344795,17.861652097572446
train:2433,3.7491019869197375,-0.1558307865825794
train:2434,0.6443492824035827,0.014805594274625813
train:2435,-0.7946691576838202,0.03395167360312839
train:2436,-14.805578064410023,-4.403965769711607
train:2437,-3.45987994205959,-3.6528825692963656
train:2438,-0.24883686948020917,0.06066116543052736
train:2439,3.516209514676699,1.203184621698518
train:2440,-0.8789486361233506,-5.601845507769077
train:2441,-6.98424905996572,0.03359851676795803
train:2442,16.78881535943689,5.676482159886007
train:2443,-13.045387532241826,-12.233139950282082
train:2444,2.1006041523181813,0.12172987137427546
train:2445,-0.12518187087028948,-0.19283700069818865
train:2446,-15.63020507503857,-21.7024943084641
train:2447,-17.20127316193693,-12.022272436368674
train:2448,1.2419889574661664,4.185764859701762
train:2449,-0.8966423113091185,-0.09436869345523918
train:2450,-0.8499060009612049,-0.0642717563594454
train:2451,-0.9899637179196629,0.04762699618951306
train:2452,1.114607420806795,-0.12159996719523586
train:2453,-0.6048673532068507,0.19259242025096196
train:2454,-11.66391145625861,-13.359031617002323
train:2455,2.850733178569566,-1.0713986197363432
train:2456,-1.234614044183679,-1.5257165919341245
train:2457,11.938686686403683,2.258063803030755
train:2458,16.605058050352024,13.183557619589335
train:2459,3.3263292555436452,2.4559283547553394
train:2460,17.707203936353892,10.172787962180891
train:2461,-34.09022720110546,-12.478115951938255
train:2462,-0.35209017063456566,-0.054315886411542474
train:2463,11.580931594992625,12.154103519146808
train:2464,-12.105031651621173,-14.093536204686743
train:2465,-2.3730119089816912,0.02197084045279489
train:2466,-10.652843638619753,-5.606683991801248
train:2467,-0.6608954843340473,0.060021795345282056
train:2468,-6.881807502986317,-5.547572770496798
train:2469,-4.651280493987942,-5.43955457030602
train:2470,-0.4624795329626843,-1.642597737607347
train:2471,3.734775120656634,0.014293655957918552
train:2472,0.27215574477410087,-6.16622879145082
train:2473,6.752109114427799,-0.1024521759370132
train:2474,-0.8032725533846021,0.11739469467980695
train:2475,-13.571495390072842,-2.6238507448514574
train:2476,-16.515168016673506,-7.447692071482825
train:2477,4.655436209330324,2.565542644088466
train:2478,-0.6486713190831275,-0.5174428426403843
train:2479,2.8316158128913855,1.7197315245426255
train:2480,1.7297721226018452,0.44462028840655154
train:2481,-4.533579913202033,0.3381544518198568
train:2482,0.6574208741693347,0.1270382801146063
train:2483,-9.51929543385896,-1.4902639540394829
train:2484,0.4584205808965427,-0.13207904566383655
train:2485,3.357575362365123,0.11569118194752287
train:2486,-2.273991672382292,-0.9238264260240561
train:2487,1.6259516233412783,0.025702597586139672
train:2488,10.980133974736242,4.5955066785529795
train:2489,-3.6549096161306673,0.004204255491849801
train:2490,-9.049106800469584,-17.02253268579963
train:2491,3.045264927090028,0.01977589689524195
train:2492,4.445716104308391,2.939250339583457
train:2493,-0.4899313982722374,-0.2615563562261519
train:2494,6.592248047524182,0.8867271372414467
train:2495,-5.984971989188836,-9.020664456178826
train:2496,11.247606934798908,1.6420293171214064
train:2497,-2.8449019042314605,-2.8029234440387847
train:2498,-13.450685912781825,-9.901095645132113
train:2499,2.2498851148750485,3.6560818208026884
train:2500,1.0135173760362073,-0.15385404273393094
train:2501,-2.7473617292477344,-7.979107583258614
train:2502,-3.073500175402356,-0.11135660004996792
train:2503,6.163950248693821,0.638487769556382
train:2504,2.3570200037251037,0.07327626854214844
train:2505,-6.877666956810979,-6.490564148497244
train:2506,-9.929414998301752,-14.036595139624106
train:2507,-2.1043933947110722,-3.177980425474814
train:2508,3.750784984579149,2.3116061169558035
train:2509,-1.766561020551542,0.03956719540220008
train:2510,-5.372745327092309,-4.085460674648517
train:2511,2.3432833489339955,0.060951587174497494
train:2512,3.9091564590792425,7.966123107156212
train:2513,-2.8632840044957297,-1.486958503071639
train:2514,0.03188737256792207,-0.051997826574954165
train:2515,1.3800689197165754,-0.007907504616866887
train:2516,-0.8314148777822585,-0.21073501193035193
train:2517,5.0610093555103,0.5586982204935573
train:2518,-0.9111685105132367,0.2953118413060838
train:2519,-2.63084575565414,-0.07749623512100798
train:2520,4.38602454754397,9.447631652054557
train:2521,2.6917094262473307,1.731906483390175
train:2522,-5.2352653395599855,0.11907630897775508
train:2523,-0.682660316910438,-5.409580392837237
train:2524,-0.8615379788450873,0.12282193987487296
train:2525,-6.7742751105454335,-3.1770171796856523
train:2526,2.2296610155150365,0.15800195296159278
train:2527,2.092645014630253,2.5718978978526224
train:2528,1.763159402274268,-0.15686587992218065
train:2529,-2.1592384296245153,-3.1053235602602745
train:2530,-0.8524912852801482,0.031823316978645835
train:2531,-5.484355037067181,-10.096212264334357
train:2532,0.5301313909731024,0.018584037158045116
train:2533,0.9031764231366207,5.524028541237737
train:2534,0.8465419246897313,2.7898998788744422
train:2535,-9.208647539918136,-15.760157992789697
train:2536,2.2305629534872073,6.485589220911831
train:2537,0.25967924610338944,-0.10563443929541658
train:2538,0.14104302090047263,0.2756121667043521
train:2539,0.2404344933095517,-0.04451890494078395
train:2540,-5.217125693240298,-12.386506027471151
train:2541,0.2281716237616302,0.06542364691616696
train:2542,3.2258477864460327,9.056479107390388
train:2543,-0.9237747208820076,0.13906173318192916
train:2544,17.450495652480733,16.2715261770813
train:2545,-0.9771575934642766,0.041998064274300785
train:2546,-18.98060151610845,-12.197697298644142
train:2547,-4.778012077407574,0.14113623535063435
train:2548,-3.5972855429550323,-0.0034326629894022853
train:2549,-26.845969269251682,-8.046472588386782
train:2550,-10.04261751213882,-2.3463554968759905
train:2551,0.9589372272875296,-0.32140891442979963
train:2552,-1.3794032161641905,0.7195446459248966
train:2553,0.8326955496092252,0.24246186029199557
train:2554,4.975441477274182,-0.1991292875473285
train:2555,-6.637820263852614,-0.46463063107574526
train:2556,-0.25522470569316597,-0.14825403529794742
train:2557,-1.170544833838866,0.034659449546771665
train:2558,0.9510453862601537,-0.1308662147875688
train:2559,-1.4158381395954143,-2.3501228835466343
train:2560,0.02942331522126941,-0.030771181993321114
train:2561,-4.696057994974387,-4.513826291602804
train:2562,-1.2249750470225824,-0.22211328148442172
train:2563,0.44514070654752635,-0.19954869249614549
train:2564,1.4859145951662027,4.215115894752438
train:2565,0.758000673102573,-0.12441288171653317
train:2566,-1.5465961321944208,-4.002535940294591
train:2567,-4.478360388063546,-5.295787853700649
train:2568,0.015276836552600148,-0.019801778320729116
train:2569,-0.923749964079421,0.05648423523955823
train:2570,1.0023644945854808,-0.17087686556190868
train:2571,2.3214913187434956,0.057780915006907116
train:2572,-0.8437493444681771,-0.07308744544857626
train:2573,1.2492158516973064,0.4781733976159606
train:2574,7.715169656290173,10.922831165291186
train:2575,0.7537050772809887,0.05344284943103597
train:2576,-1.0900795302053616,1.0297177790403849
train:2577,0.5931214139375538,0.2722922356642927
train:2578,23.261572286888917,12.837247932656036
train:2579,0.7107175047444708,-0.13227299303503998
train:2580,-0.40013126908500385,-0.08694523121095887
train:2581,1.737440919947701,-0.04035106937645272
train:2582,-0.4000786172935872,0.045124832577611754
train:2583,0.14232316842953077,-0.017271225207636562
train:2584,-1.7025121503027507,0.1641446421188399
train:2585,2.312760187239696,-0.2355631286605916
train:2586,-16.417457449799677,-11.189536180059902
train:2587,10.568931154893885,6.6435489761831
train:2588,0.05488423381763914,0.10605316028431376
train:2589,-0.7823251602100514,-0.09842072410704789
train:2590,-0.5358931577636371,2.6125824782934317
train:2591,-30.50275310963508,-13.313082282029045
train:2592,-0.5294902117650641,-0.2811550983048042
train:2593,-3.016621828261444,-0.40701695595913234
train:2594,2.477747423257312,0.13128978624400617
train:2595,-2.7780183219719374,-3.0907404869398203
train:2596,-1.4212427936812326,0.09363047094018855
train:2597,-4.6527305684906235,-4.107054956137536
train:2598,1.9492403639286717,0.025961776612718437
train:2599,1.6420265755710637,3.444341222732041
train:2600,0.19848414944103038,-0.010938119534233667
train:2601,-21.653808050344985,-7.635300166932823
train:2602,12.782844838378054,4.020908024909933
train:2603,-0.19878605331368743,0.08345836286951872
train:2604,-17.277233076187024,-8.007574691930492
train:2605,-2.485010986508983,-0.9419056878153322
train:2606,4.641223712521423,0.29785141771540924
train:2607,0.4702688611729779,0.006871584656535798
train:2608,1.2094134219686974,-0.1323931847674702
train:2609,-1.4304685963202846,-0.9341790356845863
train:2610,0.3657173969759439,-0.05802210725989615
train:2611,-1.9046808493901537,-0.24367282506620425
train:2612,-1.7125486510546755,-7.391571020756104
train:2613,15.00647899563653,15.988034039296409
train:2614,-0.6001630957989064,0.08508751365458705
train:2615,0.40256574738745265,0.0316799428645896
train:2616,-11.619452423061308,-6.100090669288704
train:2617,4.148885993084521,-0.17832903829420277
train:2618,1.139925610043651,8.376457824333816
train:2619,1.6393058843271744,6.640682064545215
train:2620,-7.011520595795398,-3.5989975841056823
train:2621,-3.5298326704651366,-1.0709635042658243
train:2622,-6.3602046858513495,-4.719718937749678
train:2623,-0.8227425582132424,-0.0436762432012798
train:2624,2.2180671607825553,0.5076956969690494
train:2625,-3.710100083989122,-0.01759838211018329
train:2626,8.34984852997951,0.12841955774228886
train:2627,-1.3023300594015383,-0.4026515351729425
train:2628,0.8757793598572067,2.214131121267725
train:2629,-0.9999966155688637,0.1774989065523056
train:2630,1.0112825225144415,-0.11040922527591923
train:2631,0.846882476011698,1.0611548004549718
train:2632,-2.218756572541709,-4.68597480571567
train:2633,0.6512337656468341,-0.22859839225088624
train:2634,0.22223231572323626,-0.024526918339349585
train:2635,-15.133552465746142,-11.212898314306518
train:2636,0.32804707422691026,0.08698747032224968
train:2637,4.955525849998982,1.6015513095334863
train:2638,-1.6968768976426043,0.11681256724457664
train:2639,-5.06748209582864,-13.354013380349544
train:2640,3.249782151778679,-0.14401394203334802
train:2641,-4.805145533042544,-1.0814589173971707
train:2642,6.875801073897918,0.4808184716942856
train:2643,23.65602230627292,9.172760792339965
train:2644,-0.19591932018036123,0.003514811462292322
train:2645,2.8495016148127204,0.26887786316800927
train:2646,-2.1632792512147856,-4.2726867244493185
train:2647,0.0850886952645555,-0.0792628039313148
train:2648,-1.7240738143771628,-0.18384573181714264
train:2649,-3.098252793740683,-1.4318688900012635
train:2650,-2.041315153844446,0.2755070256873775
train:2651,-0.3191629258195981,0.08225441262867386
train:2652,-12.340260794095208,-5.87602588916324
train:2653,0.12223296501590283,0.12104962896696339
train:2654,0.0961498719395033,-1.1656729488215278
train:2655,-1.0655274070992502,-0.3841482854543279
train:2656,0.8884357812058719,0.011930693631380787
train:2657,0.3253234772550182,0.05736616436701658
train:2658,33.736962564902754,13.975375331728888
train:2659,-24.29153959745341,-13.587202175239765
train:2660,-1.017212356612677,-3.5800545111098185
train:2661,2.7922211149161758,9.547606065133944
train:2662,0.22713253542771156,0.16165349905451157
train:2663,-0.25064934637944036,-0.11773268229238518
train:2664,2.5235007839363273,0.04823968870328721
train:2665,-11.502059152069009,-6.839924494191716
train:2666,-0.8831633364773278,-5.1036168949034115
train:2667,-1.009747773830881,0.2963992733303561
train:2668,-3.138842094612539,-2.1708247802794975
train:2669,0.06761852867678814,-0.042937260205447664
train:2670,13.298951412880545,5.516389340183524
train:2671,13.65741038784308,1.6557875256384047
train:2672,1.0347347694568088,-0.23148563305419678
train:2673,1.256676366459898,0.00712990771825453
train:2674,1.1441623939304522,0.14795845361114351
train:2675,11.150309213759762,2.425248291598645
train:2676,0.6893508731336287,0.27888073985280926
train:2677,-1.5537141197400035,0.43502570695998927
train:2678,-0.5937721213997063,0.14710202510347378
train:2679,10.207187080080132,0.10261221721216662
train:2680,-12.578494226866235,-1.6837998914668588
train:2681,-0.35145753553372455,-0.06061732138512399
train:2682,4.031195640461183,-0.08930170247064134
train:2683,18.94278829092309,5.99368105257268
train:2684,37.81374451510662,21.152634976708597
train:2685,1.8379528410747863,-0.08558488905714473
train:2686,-0.42457692631708066,0.04884446354210601
train:2687,-0.9326729898605471,0.12128840749771128
train:2688,-3.197695174504377,-0.005605458456201778
train:2689,1.7924444913809947,0.025345018265859123
train:2690,0.2153466701887836,0.31205686787177694
train:2691,-0.8365566215983538,0.13670993406377438
train:2692,-13.146531972240632,-5.088956499423935
train:2693,-0.5198507496874868,0.051987245521340174
train:2694,-0.26139205526524534,-0.10556474948972855
train:2695,0.9380439968829571,-0.030297869090923038
train:2696,-2.8022374486488904,-8.7560697399306
train:2697,1.3423304867031485,0.36391100510161684
train:2698,-5.558586391842774,-0.0076380183467651686
train:2699,-1.973302754370268,-0.05125912890074205
train:2700,-0.260708046893309,0.008088053383458693
train:2701,-0.3987419824121482,-0.022666906698488698
train:2702,-0.05468658493199838,0.18342004347161311
train:2703,-0.07906814180432611,-0.32516806243866564
train:2704,0.256754688982801,0.09489783391108116
train:2705,-11.959443055752441,-8.746339131401697
train:2706,37.468211148134955,13.145751363651211
train:2707,26.907231605726903,15.778968616734998
train:2708,0.5483061384870682,-0.16517970611431093
train:2709,-0.7036872108031543,-0.1708214061720188
train:2710,-0.8954434079350279,0.07016765382691076
train:2711,2.067642736141897,4.577475493454675
train:2712,-16.58034930723968,-7.2967061472479
train:2713,1.5805832135081173,0.01637386455902401
train:2714,-2.0943288827411974,0.036789339774961786
train:2715,-13.615512752613668,-14.183302951488567
train:2716,5.33428307850017,5.063096599896853
train:2717,5.279466171033797,5.706307970112383
train:2718,0.22193372311363482,-0.031728364698057746
train:2719,6.498587368111992,0.5619836276175951
train:2720,-0.438383551038504,-0.03120372956925993
train:2721,11.191863448786897,4.6019035892736575
train:2722,3.2899913834277257,2.399209840556313
train:2723,-4.473359746399283,-2.0093016432958937
train:2724,-11.34915463046312,-11.934241586303004
train:2725,-4.656353662623164,-4.764517285307826
train:2726,0.7785242949051476,-0.05275353655075954
train:2727,-0.004663721868866683,-0.0931087845116694
train:2728,-8.782291232310346,-10.58492825438881
train:2729,8.365820270750625,6.502531618708168
train:2730,1.3338118220309374,-0.07475422302228374
train:2731,0.6556816216157824,0.04860343810360052
train:2732,-0.12434874053723255,0.04224943262153172
train:2733,1.0747224684028973,-0.039851078902583464
train:2734,12.200798229613218,5.185782043285988
train:2735,-4.179150369375995,-9.058546607667873
train:2736,-2.4482335358607505,0.0898489608493541
train:2737,-0.4863439283650154,-0.10060578840350792
train:2738,-4.382838183063433,0.10512404609394585
train:2739,-0.34921198893290717,-3.7064474236293945
train:2740,-8.281788184726414,-0.6149371688682188
train:2741,5.73992456740278,4.746450945831383
train:2742,12.579275578393144,8.727540371326683
train:2743,-0.12906299364950763,-0.04904267922608066
train:2744,0.9019106880184582,-0.24746731729074928
train:2745,-9.875097876051917,-2.177370058242582
train:2746,0.3399631160803783,-0.03971358954693999
train:2747,4.317402410105616,0.49860741873719916
train:2748,-4.755572418559737,-8.33361513097811
train:2749,-0.9042597353838789,-0.05661618497728499
train:2750,-17.7490191626034,-13.606702196037892
train:2751,1.4962064512950422,0.29793087978658267
train:2752,-0.6737786105815166,-0.8081797243398172
train:2753,0.592546660938535,-0.08210022044673068
train:2754,5.633089549682648,0.7948194796638601
train:2755,-1.8282023208060614,0.04702725014424698
train:2756,6.242198481860939,2.6422664836746623
train:2757,-2.327602354040006,-10.711333721059667
train:2758,3.6947141973648665,3.9579814829026767
train:2759,-1.141049486253833,0.18863194217397472
train:2760,2.289192641010165,4.125908948969079
train:2761,-0.39465002000902305,-0.06085328236487425
train:2762,2.626512793437304,-0.031145666619587398
train:2763,-1.4936156448260252,0.704969418948993
train:2764,-10.949027980852208,-9.247754786762902
train:2765,0.034818670977477734,-0.07929433197032618
train:2766,0.8515666257818607,-0.1132695745165436
train:2767,-0.5395089294616097,-0.07242310972157986
train:2768,-13.963060137778857,-3.2268634373450595
train:2769,-0.17522460911296256,-0.12258568206197373
train:2770,-3.4983864170988035,0.08190050682425097
train:2771,1.018153988096239,-0.039627600743708746
train:2772,-0.0633290917317024,0.28569443412992057
train:2773,9.210021195041202,10.803136463123021
train:2774,6.063364638304576,9.24535460147648
train:2775,-13.592247402096463,-2.26080894215577
train:2776,-2.915490638382332,0.03365779233451561
train:2777,-0.887199508902793,0.04266004609793207
train:2778,-0.8933791787616056,0.045245095640446986
train:2779,-2.6953496629082214,-1.324836048025199
train:2780,-0.4476019731284281,0.11834652760416833
train:2781,4.030135165969161,0.19423672874709347
train:2782,0.5052441793136703,-0.19178780177099802
train:2783,-10.290981475019953,-0.5491996382606001
train:2784,-0.3446567372569632,-0.4277202493592576
train:2785,-2.412775983100659,-7.211485715139354
train:2786,0.7085277481213134,-0.062526337014222
train:2787,-1.8823441695427472,0.013789207333736606
train:2788,-3.1629361587562372,0.15292593868076204
train:2789,-0.7503600600514796,-0.10456926235750527
train:2790,-0.8972510032112139,0.02488236925900901
train:2791,4.91309199299074,7.210210267679021
train:2792,-0.7264508002087803,-0.1947524182311357
train:2793,2.2257487433316245,-0.4822360093213833
train:2794,1.1252179771830177,-0.18887538133472137
train:2795,-0.874567495669354,0.0936294009841135
train:2796,-7.107993554998135,-1.303721820161851
train:2797,-3.671743312056629,-0.1761985060923676
train:2798,-15.301145558636962,-14.633479979684703
train:2799,-5.544619835852059,-4.758151189322109
train:2800,-0.7320366554928738,0.03156845344156975
train:2801,7.4839155497244185,4.998775976454216
train:2802,-12.926665529948256,-9.546093920366754
train:2803,9.143212696793281,1.5231785963052382
train:2804,1.106894688853532,-0.1423595046197061
train:2805,9.30700556237249,15.043676541379343
train:2806,0.6406117025877189,0.020798346920556404
train:2807,2.061958667251298,0.14515730860667173
train:2808,2.327834639203444,-0.007835710564231255
train:2809,0.3645843955129642,-0.03148009922344444
train:2810,0.339870830158999,-0.028380186817617142
train:2811,5.7381374284517355,2.7924771890680145
train:2812,-5.914364658378744,-0.22466890723487287
train:2813,0.025254990286222037,0.006787272117822124
train:2814,39.69375890162717,13.282593895182123
train:2815,-0.3359468756821467,0.05478557297481436
train:2816,-23.94196331676732,-6.272910545173459
train:2817,-7.526845180777687,-2.421640459532464
train:2818,-0.44001732566554286,-4.325409309360071
train:2819,-10.739385051966039,-4.712940266701423
train:2820,3.075854106924558,0.31767342396172116
train:2821,5.223746860678773,-0.13110652692202426
train:2822,1.523271796665619,0.3241674866940136
train:2823,-4.547068070134313,-0.32288980496806907
train:2824,13.527277475452108,10.12564826540892
train:2825,-11.617322175747654,-7.863623086915352
train:2826,3.8156217720332686,1.2167610803435684
train:2827,-1.179409280143449,0.0056205920135913995
train:2828,-15.685526416886285,-5.277057059990074
train:2829,-13.06683133998843,-6.300710571897748
train:2830,-5.6634101808682615,-2.16697379437419
train:2831,7.577333077817306,8.9068410424884
train:2832,0.5725587391506172,0.09990276744332631
train:2833,-2.958935223819182,0.15986603043553882
train:2834,-2.450082276245461,-0.7058093942867805
train:2835,0.19813232389441163,-0.23168161334194282
train:2836,6.960637173593727,2.4248810826736893
train:2837,0.7696635679324086,0.03583408299116025
train:2838,0.5382610367802543,-0.06162393606052777
train:2839,-1.0835697696453939,-0.024381118991523246
train:2840,-25.07676493635954,-11.35667530249021
train:2841,-4.664467385040858,-2.6860103423441206
train:2842,-0.6914787364834515,-0.4247907096257803
train:2843,-0.8842668157437957,0.13971009089820485
train:2844,0.9200297617838841,-0.13254280029196422
train:2845,2.817920303208802,-0.15086704635922354
train:2846,5.636279806571842,6.41681415633756
train:2847,3.420557597978526,9.778353648243339
train:2848,-5.176852768033422,-12.165781222229553
train:2849,2.0380747453567856,1.3570138472072724
train:2850,-12.772612664635531,-3.491766300942899
train:2851,-1.2158464119279548,-0.7881386624197406
train:2852,0.23450680818317027,-0.060282781785659434
train:2853,0.5588068583447727,-0.11886626508869447
train:2854,-5.169515456138163,-0.4684101082500371
train:2855,3.1127735895575834,-0.6596717470442941
train:2856,6.430044266475322,2.994144222022504
train:2857,-2.4639646823532058,-0.019675808825493635
train:2858,0.7341509225693779,0.09420446670924851
train:2859,-3.1074939386235916,-0.16523270460522826
train:2860,-0.6204859899110249,0.059763650609575836
train:2861,1.1862891736033232,-0.003421250124601788
train:2862,1.4854647884713184,0.12490771224756866
train:2863,-0.4185023275828611,-2.318621094124304
train:2864,-39.651379612923954,-12.514723857072328
train:2865,-3.8839525799151615,-2.8787245535058608
train:2866,4.15467234360083,1.6418666837979994
train:2867,-5.166114127166821,-7.180528890011248
train:2868,-0.8325742632555067,-0.18293509220167053
train:2869,-0.13649073180022392,0.14033498091123453
train:2870,-0.2139054859469241,0.01837725031394112
train:2871,2.380931355691965,7.056901825457195
train:2872,8.601457609894538,1.632013672294111
train:2873,-2.595318000505493,-2.220050178093758
train:2874,2.0142559117695438,-0.05487500979115928
train:2875,0.3416724977500586,0.10821418623428773
train:2876,-1.4882663158013862,-0.09246131842545624
train:2877,-27.965276152381783,-13.017209468508579
train:2878,5.749741278888548,2.2605957470867453
train:2879,3.4111379251671052,4.825227674473569
train:2880,3.0938886821196534,2.905108754532772
train:2881,-1.6806611919483472,-0.2672889668850362
train:2882,-0.7319184504777064,-0.0727800827334179
train:2883,3.5240647435312353,1.748417474897053
train:2884,0.789966005719385,0.03727666910194297
train:2885,-2.746724096294728,-6.862924269980916
train:2886,-3.267524467584351,-0.18741307236695526
train:2887,1.420773984792076,2.987455141962933
train:2888,0.7232308480462619,0.07000737440686879
train:2889,0.6195700475967467,-0.05277611262394302
train:2890,1.623867867675675,-0.031117063127181155
train:2891,-1.610700792420872,1.8877605651057523
train:2892,0.6551351122929541,-0.35626212726599776
train:2893,-4.278051587356385,-0.05655155963035219
train:2894,2.548255261940576,-0.07323003492817745
train:2895,2.741939002800605,-0.06405573222789351
train:2896,-0.338982780299815,0.08482765698916075
train:2897,-2.512895747176442,-0.19288634350584954
train:2898,-7.699899647564947,-0.9672092216949175
train:2899,-1.4535005587642793,-0.5885157448814249
train:2900,-0.20016894738493612,-0.15531506775440698
train:2901,6.537273998287399,5.465789262804044
train:2902,44.29436782940871,16.682646099357175
train:2903,-13.908170238425047,-2.530683249660706
train:2904,-1.7930186038529845,0.07022222158673813
train:2905,-3.9800484918522128,-7.246495248558116
train:2906,1.081175276694004,-1.8231635248321991
train:2907,-2.358459558225545,-1.7502259031435674
train:2908,1.1467089739523937,0.01323614703854506
train:2909,0.5602379875008734,2.8777278652682816
train:2910,-5.942816617152414,-3.099306412615833
train:2911,3.948164346542676,3.837043634436118
train:2912,6.031732185887803,7.027286011943147
train:2913,9.39786976915447,9.244346845514597
train:2914,0.05512041138973339,0.038553768673118514
train:2915,2.7957805154908875,0.44947831696969276
train:2916,-4.408747513605245,-2.1631921416225453
train:2917,2.622731627701393,3.2861611991701225
train:2918,2.6189176853536074,1.6088210190897825
train:2919,2.667099537268517,-0.28960065392237394
train:2920,0.5316642206093125,0.02142651813221623
train:2921,3.0384492514858903,0.21606390400844763
train:2922,-3.405101390202858,-0.37517106866306754
train:2923,0.621323131415594,0.2754381205161446
train:2924,-2.0894612071903573,0.05924033509327058
train:2925,-14.343862068961286,-12.167618693462433
train:2926,-4.09168981614776,-0.11723254915770592
train:2927,-26.326717069842125,-8.747412511336185
train:2928,1.5975043137324136,-0.16392079579641122
train:2929,1.4392411647722767,-0.18971037505568766
train:2930,6.5939133783573345,4.375783352197625
train:2931,12.171358788234965,12.161883669081307
train:2932,-4.3771638774189245,-2.9646774062129784
train:2933,-1.3944835958130652,0.15191689877158815
train:2934,2.1356121308416287,0.011577964778640454
train:2935,-1.291456244068232,0.04026159689490528
train:2936,0.12354937603044001,-0.033757607724788474
train:2937,20.820280970453407,16.045180535925454
train:2938,13.77164594609982,4.391504002817069
train:2939,-7.285137427147878,-13.640069988855103
train:2940,1.4320802886813677,-0.035409584239457836
train:2941,-0.200948147406255,-0.043284460951800274
train:2942,-0.21439928536377573,-0.05404971700527339
train:2943,8.344393199997318,14.89483109993775
train:2944,0.904978671873281,-0.15778488302763938
train:2945,2.5601148164416636,-0.08704616373403826
train:2946,-0.053110169375741284,-0.0004372852921070286
train:2947,-15.311109648647049,-6.038756221921116
train:2948,-13.334535828458385,-1.4644263694176394
train:2949,-4.775671687844734,-0.5898108197146612
train:2950,-6.689803505370336,0.10492478460756968
train:2951,-0.18943216618425757,-0.13348571691570021
train:2952,-14.700834241019182,-18.95563231284289
train:2953,4.960447920778041,10.361994999989438
train:2954,3.452033373541371,8.015419264732236
train:2955,0.16908538825482142,0.08787075472740309
train:2956,-0.8764695852202017,0.009474573795908992
train:2957,-2.000880670160597,0.07883975481077037
train:2958,-8.4649727167073,-10.162094167681703
train:2959,0.8984548475897778,0.005510315207456595
train:2960,5.111322152113583,3.973807987843145
train:2961,-0.8982840476308859,-0.02689002332669735
train:2962,-13.302700207539633,-10.430419749433211
train:2963,0.9218360785397487,0.057906991497750096
train:2964,-12.090060411116097,-6.907715199176944
train:2965,0.8883865000589388,-0.20585287369031963
train:2966,-2.962130594789662,-1.229007786067022
train:2967,-0.8912631114006077,-0.18116419006925977
train:2968,12.289810209136883,2.7422414673972897
train:2969,0.7025249789833312,0.04450650496184237
train:2970,4.879482715698878,0.4194385868587115
train:2971,-4.680957972604211,-12.268809717929553
train:2972,3.454188726344971,5.518178877384242
train:2973,-1.2548075752850982,0.10693851327121226
train:2974,21.03972526858149,9.020139975222367
train:2975,-12.785090093139205,-6.938078555335424
train:2976,-6.78866055628508,-8.13675120217491
train:2977,0.25980047307567994,-0.029675261650853463
train:2978,-2.0437610794483594,0.3869361031845931
train:2979,-6.8953170460767,-8.710131817822123
train:2980,-1.2895877447331006,0.034249656370028844
train:2981,-0.68530952724545,0.3508043285039169
train:2982,-0.7357184453310773,-0.11167434133905424
train:2983,-2.0024690573162265,0.06746084328305554
train:2984,2.370840575940942,-0.0602447270145903
train:2985,0.7772166010746198,0.031209804165214156
train:2986,-0.0756566427849735,0.9105720356691236
train:2987,-0.062128038118889395,-0.026334573462938188
train:2988,10.554065915346362,9.358763097712533
train:2989,-16.154563917069943,-6.654586988193777
train:2990,1.217333739130504,5.922372332012699
train:2991,-7.398703505672697,-4.226377884234824
train:2992,-0.5981119424014982,-3.926378464124119
train:2993,-8.274618242764134,-9.120621749961014
train:2994,2.050908067426281,0.00032206253435348997
train:2995,-1.1673216841086762,0.0210075589984305
train:2996,4.6040494556570835,-0.2536505221180381
train:2997,16.551562900439716,12.26954807046327
train:2998,-11.04387931137096,-9.689316243321143
train:2999,-22.303794764071284,-18.0281635722576
train:3000,13.970947272793737,2.8327303632193646
train:3001,-0.3842815107754609,-0.5550531539559649
train:3002,3.237300539026682,1.8116230614486815
train:3003,-16.92343163452614,-2.623746602460153
train:3004,-2.8704086171011594,-9.717386184297965
train:3005,-4.08561475249706,-0.0313294137428754
train:3006,-5.077757679880662,-0.010679760807312436
train:3007,2.876139004562997,-0.1275389367157941
train:3008,2.2174548657777358,-0.6008736662178074
train:3009,-19.164615459090548,-4.500634446501531
train:3010,2.14087080115257,0.1592438866431018
train:3011,-42.41066636335812,-17.0034389629884
train:3012,-1.447415964325729,0.36633916341832745
train:3013,2.3887175444491473,0.15992124016901124
train:3014,2.308568035335023,-0.16698308141359935
train:3015,-0.8869935509019312,0.004507409713112989
train:3016,-15.207662012403844,-4.686816219173087
train:3017,0.3203103990749014,0.025589467563804758
train:3018,-7.366624268518162,-7.19047520168488
train:3019,-5.71303071683208,-5.662759961712006
train:3020,-3.5485464886382427,0.004569609826275689
train:3021,3.218968882200547,0.4715527234147877
train:3022,-2.156832254379685,-0.01833636648034538
train:3023,0.6909762211494584,-0.20044017989787427
train:3024,-7.930977085868111,-7.591419413704635
train:3025,3.0657905247876442,-0.045280891992229594
train:3026,-2.8142281095974786,-7.632030951810721
train:3027,-0.04739187100926531,-0.05729649871500209
train:3028,0.3958553753661487,-0.1494490692381669
train:3029,-5.606686650915356,-4.604822489265262
train:3030,-0.35822613834421124,0.039141638205951575
train:3031,12.758981605266925,3.768911684793355
train:3032,-0.2536196977733581,-2.009889691154739
train:3033,4.894283331855612,1.466721436710143
train:3034,-4.259039757719279,-0.04904242956966315
train:3035,0.8305325256836966,-0.06337310025201384
train:3036,9.714351435092615,2.183164595204538
train:3037,1.702737229260741,-1.0021896523084386
train:3038,-3.266462598342888,-0.05688477961732419
train:3039,-4.594989336361903,-2.981563880971793
train:3040,1.659311240483111,0.15281783745197985
train:3041,2.943655570610721,0.08995078500249604
train:3042,-2.7570429175794366,-1.7597188387630003
train:3043,-0.3003069013180188,-0.5450141127558283
train:3044,-5.863264293257493,-0.5029134097844925
train:3045,5.480998631917635,0.39659509598687315
train:3046,4.702449028755015,5.175790080153154
train:3047,-0.8867273862168447,-0.002124285035632889
train:3048,-1.7848657122218077,0.01312401564188019
train:3049,-5.38575090071783,-12.118408703015653
train:3050,-1.118886917628374,0.1842270043434132
train:3051,-3.506047543322731,-0.6115569636359319
train:3052,11.922555944196239,4.763444701519322
train:3053,1.8606138001673416,3.8214439601835593
train:3054,-20.903135304269657,-5.46691006594633
train:3055,13.217114954316925,7.55053219509474
train:3056,5.440411423169942,8.277948823094812
train:3057,0.5706465376663186,0.05415080370069176
train:3058,6.443926207666586,4.563078164508849
train:3059,-2.0417138197264753,-0.14211666025587302
train:3060,-0.9926616282560073,-0.7661727495206554
train:3061,-0.6874679020061736,0.02208628871329242
train:3062,20.87610070276822,9.955011099917261
train:3063,-0.10074330361454034,0.08732882197539202
train:3064,-0.5376371757111147,0.1756247714912541
train:3065,17.59171124393388,5.838929453596831
train:3066,-0.5931784230541071,0.12186960763767654
train:3067,3.1576338456775574,0.32163397336911337
train:3068,0.7443284092440143,1.3487212596432319
train:3069,-0.38427680349609583,0.014181274904836158
train:3070,-30.204559398373902,-11.065678064812515
train:3071,10.322283663658759,16.127110068468777
train:3072,3.1727775701969003,0.3725503297643775
train:3073,-21.89620806461426,-8.7850076292755
train:3074,-3.8819199650624134,0.0679286994094709
train:3075,-0.44335455427713555,-0.06975631553493142
train:3076,-0.041167162366404164,-0.14527135441274272
train:3077,-0.6441830153803757,0.06929806485951795
train:3078,4.751216442977115,-0.07916251338188043
train:3079,-5.96705736244571,-2.823679450608207
train:3080,-0.18165178888308164,-0.3628082968591449
train:3081,-0.5716089135140866,-0.29758088564290597
train:3082,-0.177328065614427,0.056747801086044686
train:3083,0.13302251423711822,0.17465938578994214
train:3084,5.145323353998507,-0.13004149264492293
train:3085,-0.6103273323538486,-0.4220977015152932
train:3086,23.219636820347773,7.451881674332211
train:3087,-4.057326909241007,-4.732838025837848
train:3088,-2.0961160216922416,-0.4932248148641361
train:3089,0.7686633001246118,0.04796495964841776
train:3090,0.3541500424828512,2.3764805496628845
train:3091,1.1044947899811883,8.040407161569684
train:3092,-11.267121047311768,-5.469172095749788
train:3093,0.01655651916517778,-0.020629852992410116
train:3094,-17.601023229198635,-6.524458645024998
train:3095,1.849247986968546,-0.3571858916759904
train:3096,2.6464614297826192,7.385139811622148
train:3097,-0.21287650954645637,0.005264332305803407
train:3098,1.7255681153269196,2.589578993323171
train:3099,-1.5980521584232554,0.0600732958976943
train:3100,5.356587911568662,5.366196039408993
train:3101,-0.9621710107153428,0.4868314821752371
train:3102,-4.090316452864361,-2.894415530676823
train:3103,-22.885687950397557,-6.376976470283824
train:3104,21.154206302739933,8.589606199277606
train:3105,7.200208635995636,2.5608479621527818
train:3106,1.9000124499326358,0.014640250395828613
train:3107,-0.25687318330390063,-0.06198451125781845
train:3108,-0.9870156825168092,0.03311625189973206
train:3109,-9.61417186986766,-3.5424964849811054
train:3110,-4.777772180503636,-0.177599542242236
train:3111,-2.1951192888401025,-0.06013327325677295
train:3112,1.0411024980319838,-0.12858471178354458
train:3113,16.834440403167285,9.526874596223843
train:3114,0.13792017690095076,0.12741650958713524
train:3115,-1.2459383635865904,0.14716825538451916
train:3116,-8.162108454483013,-2.0896750317236688
train:3117,-1.627825177376267,-0.20459125281702978
train:3118,0.3756473156247139,0.38424616228152114
train:3119,-1.4851720641654151,-0.5957721156519855
train:3120,3.814906730486259,6.841260880840977
train:3121,2.3169228169478573,-0.03241374289453004
train:3122,3.8810410998374554,3.0005308611648616
train:3123,3.0596745484866603,0.08960301361290342
train:3124,-1.2664727946973362,-0.029202198404872898
train:3125,7.563132668836898,9.379112235651817
train:3126,1.3846588076703163,0.06694986792681583
train:3127,-4.685606672492736,-0.0014375158962630363
train:3128,1.0394343776999482,-0.07686496103673054
train:3129,12.870914897112225,7.873351923695658
train:3130,-0.9263817400464142,0.07640567607044452
train:3131,-0.2448499200871171,0.23682996816497565
train:3132,-5.85198448960759,-7.038619617152157
train:3133,0.8019351642807504,1.4455066329757407
train:3134,1.1427320783781925,-0.08155782404708711
train:3135,8.023202859944664,10.748727912759616
train:3136,-4.221424760031424,0.11695879457483299
train:3137,-2.631713289806754,-5.195173749549193
train:3138,1.126160130430752,-0.15239612058607255
train:3139,0.3424756409701232,0.05177111439418077
train:3140,3.067745498588149,0.1550386382813464
train:3141,-0.9688093206821694,0.01807880389940815
train:3142,1.5215271975725408,0.1337603148212886
train:3143,-0.604752460721607,-0.5586330843222604
train:3144,3.9848262654455042,4.5536117638000775
train:3145,1.8437394240493359,0.09060256657821188
train:3146,2.7052147850893897,0.2532038626334377
train:3147,9.306102694567358,2.554512680902026
train:3148,-0.30214169420831405,-0.017328967170486584
train:3149,2.101588845423881,0.9641689886844043
train:3150,-4.896780571349193,-0.4113697512636367
train:3151,1.5375970357210407,0.5852498224694819
train:3152,-0.021573024837470256,-0.028274617818212555
train:3153,-1.3214975198304928,0.14772188632295075
train:3154,-0.07762044999860762,0.035495085241383
train:3155,-3.8886826401877737,-5.369018500693033
train:3156,-0.9544392171863793,0.007742707227636175
train:3157,-6.060171764993312,-0.13848865319660528
train:3158,1.565744009283502,5.568668820618398
train:3159,10.79080324688314,5.039880550319683
train:3160,-3.1890956143645592,-6.088943153594819
train:3161,-7.211108775957783,-0.054092301257060244
train:3162,0.6582381973420547,0.09956330604591654
train:3163,-1.024454941775034,0.2621529752451268
train:3164,1.3695446053474853,0.01634422677574522
train:3165,-0.5155066863228103,0.06102587779130822
train:3166,0.16094516559773814,0.04341240354470229
train:3167,-1.6292585148856502,-0.7216790541222755
train:3168,-1.326603116390229,0.10264057104815535
train:3169,3.072248679618277,-0.018561699229750178
train:3170,24.349703730502576,8.068572399967588
train:3171,0.8877729265337982,-0.10671448862277105
train:3172,-15.227340997190469,-3.7940323160029834
train:3173,-19.19378617874307,-12.090535063313402
train:3174,0.4810971146911949,0.09970193668804007
train:3175,-12.708205924925876,-3.2838892429288395
train:3176,-0.11237621133138365,0.05246972438078115
train:3177,2.054881708585119,0.34264248957224697
train:3178,6.412157534721026,10.79276102773289
train:3179,3.5135994735551694,-0.1728354379898826
train:3180,-0.7065557454878425,-0.0539096597550498
train:3181,-6.214006584476682,0.0597605120717557
train:3182,1.196239083660755,0.11867571742325765
train:3183,1.0052932359543938,-0.04180863487228609
train:3184,3.9130124763685137,0.37671067563618343
train:3185,-9.015796464474684,-4.611991194968073
train:3186,0.3161292889366403,-0.06464852355867179
train:3187,-3.444319187457238,-0.24176480806277628
train:3188,-2.3569720579461837,0.15773738848943628
train:3189,2.377831292599988,-0.16634132175978644
train:3190,2.566527409457207,-0.1822720047567617
train:3191,-0.24427801470154137,0.046619989196881775
train:3192,-0.29712902283011766,-0.04114351451083467
train:3193,-0.32400247392336806,0.023064906204732463
train:3194,0.741894339010354,0.01992740267546854
train:3195,1.448082946398435,-0.33668688855579404
train:3196,-0.9151070504777966,0.2396408854349329
train:3197,0.5134404244066538,-0.03523689332894531
train:3198,-7.918156549001829,-0.08218374835098932
train:3199,-2.3824180992151773,-1.9739637046924967
train:3200,0.5391498408618511,-0.1466851943703092
train:3201,0.2592941790284149,-0.5683445763026227
train:3202,1.1433869132409773,-0.24218451616581455
train:3203,0.9232199024439584,-0.23085278970100925
train:3204,3.8942651842088116,0.15586239746352473
train:3205,-0.2033984897167329,0.006096044828139566
train:3206,5.229178944836941,10.863434051723484
train:3207,-2.1863198146136695,0.04868775064231419
train:3208,-6.632953053218254,-0.018105648285362846
train:3209,0.07283442667152328,0.11123082039227392
train:3210,-19.52825453347882,-4.332035048019999
train:3211,-0.7960991245487197,0.09258551617209561
train:3212,-0.08719511434171515,-1.058168826859608
train:3213,-12.983959977339216,-6.974259619325958
train:3214,5.904363201973405,-0.044608495929467834
train:3215,6.795571831607388,1.3847901922371004
train:3216,3.1708267806447203,0.198848382091354
train:3217,0.45597918822831446,0.01668953726636524
train:3218,-1.1023587880592207,-0.3494650886384547
train:3219,-0.5413634813023261,-0.020901907157091948
train:3220,-0.35724644309067655,0.4985371582882711
train:3221,-0.7953336395635755,0.6480914812947847
train:3222,-9.99098016848259,-3.8769327980192085
train:3223,1.015323809021192,4.747332018993982
train:3224,4.236585513383734,0.21714284771452455
train:3225,-0.36989943568029804,-0.15208840121888917
train:3226,-2.8437231084951513,0.038240414203939886
train:3227,0.24368170246760743,-0.039850686585355954
train:3228,-17.78012765414665,-5.059151802997438
train:3229,2.0959449918088455,0.35662353427447496
train:3230,-0.4489211155272882,-0.7318447781216977
train:3231,-1.9082444342131901,-0.6942937423726747
train:3232,-2.425727858872682,-4.145916046104846
train:3233,5.553209459668973,9.417995866027107
train:3234,-1.1537974961491568,0.17334683500748005
train:3235,-3.2836612537060432,0.11083375969282414
train:3236,-0.17339841717755655,0.0349731606679753
train:3237,0.45382848458951913,0.027563714848278104
train:3238,-18.534032499594417,-6.105018744309558
train:3239,9.320812652010394,18.872562575287127
train:3240,-3.9878428166478037,-5.90201184102749
train:3241,2.2022225746688577,0.17733848447145362
train:3242,-0.11349979823563322,1.7901574600102879
train:3243,-1.0890078977178081,-2.8440183169691715
train:3244,-0.13157296149860975,0.10766668971068642
train:3245,-0.46753602271916783,-0.5553939706310695
train:3246,-0.9413901738699314,0.22130297959511544
train:3247,-5.055616497413307,0.08096119238596762
train:3248,5.699575395893103,12.865015432715643
train:3249,0.6704615489891336,0.025711549551967555
train:3250,-1.0477770121028613,-0.3919200897314409
train:3251,0.7523019593428382,-0.053327353993806975
train:3252,1.5892420504991986,0.011678041336859804
train:3253,-1.752120482208956,0.08170078169024228
train:3254,2.5811680943446484,3.056657618323982
train:3255,-0.10584797034131571,0.2966169023960205
train:3256,1.4844322089681268,3.4588178710882307
train:3257,0.8566640863031884,-0.016513803302111135
train:3258,-3.023208067582454,0.05455767233082945
train:3259,0.3821449883561889,0.04265926146347704
train:3260,0.5756918113127101,-0.0953048693557024
train:3261,-6.746363384722105,-11.278444679428727
train:3262,-2.9661005166166556,-0.09532559083835579
train:3263,3.229327686302579,0.03209451517846763
train:3264,0.7305996580330747,-0.10859158389563017
train:3265,-1.1446186500746354,0.18818106268395013
train:3266,-0.6760078269909564,1.9206772644417236
train:3267,0.06782913584245487,-0.09673779019660722
train:3268,1.4777325300258743,0.04806136269077945
train:3269,2.1573964899102007,0.038200219520720634
train:3270,-1.1899835730341923,0.07065419851943691
train:3271,-1.83440593386362,-2.75797273473555
train:3272,-2.3808645807955853,-0.8006794749145509
train:3273,-10.711521677456682,-1.9606993878997399
train:3274,16.813753479450934,5.872164857182356
train:3275,6.404955048605113,0.3109217871369626
train:3276,-1.6623432501583872,0.16684606721711737
train:3277,-8.004927631089481,-6.8138997385871445
train:3278,-1.898270813415253,-0.5617921652990379
train:3279,-0.1083323677839903,0.022689280291986136
train:3280,28.608342411219017,8.523805897913583
train:3281,-0.23638268680056174,0.0019111969622150893
train:3282,-0.5919445928294188,-0.0340112586449795
train:3283,2.9770686531478114,6.396872457671653
train:3284,7.904078239978981,3.061337178213806
train:3285,-5.345852233277757,-5.3972065648205385
train:3286,-6.5379836339134565,-1.352130627499636
train:3287,-1.3613077369101503,-0.7907313799807933
train:3288,-0.8110052767465267,0.06331536980069279
train:3289,-5.196210960448503,-4.603749109330775
train:3290,6.434265243201787,0.3231494591538093
train:3291,-2.1931487403375014,0.06446575090738031
train:3292,6.262175478111565,3.4094298399505627
train:3293,-0.7364970642067955,0.03140535647053016
train:3294,1.8212088740295607,0.334065864335484
train:3295,0.1915573587980534,-0.07430238057179159
train:3296,-0.9075920242578664,0.11273539262500434
train:3297,-3.3461216205700843,-0.7712543989034815
train:3298,10.723421971531241,15.153025481605859
train:3299,4.6465716467966205,7.442289732110633
train:3300,3.3435497619813837,6.612492859131229
train:3301,-20.990078405455094,-12.021814780490173
train:3302,-1.1559514542033154,0.19466813503655223
train:3303,-0.5642019222613127,0.1924002561398836
train:3304,0.8136844173468389,0.008068330526475334
train:3305,-1.9330082105470492,-3.8636479380698106
train:3306,0.22334672052699597,0.03016962853425642
train:3307,-0.0987146405518764,0.11595806465784197
train:3308,-0.30268372871001753,-2.9454250445810213
train:3309,-1.9785202795726846,-6.061165381956891
train:3310,24.732992035022722,8.469235284870011
train:3311,0.15843473283215553,0.009868174970716098
train:3312,2.0343333299799577,9.86097480039357
train:3313,-3.4184498397327485,-0.106770732647116
train:3314,-0.48305598090035573,-0.056950795907154544
train:3315,0.9700330402402747,-2.230428752021709
train:3316,4.565948620247106,0.4639780763771033
train:3317,3.9751890117212096,8.862531736186954
train:3318,11.509858882785553,5.699778099516779
train:3319,0.9145943069812326,0.32456686563162596
train:3320,11.48926122303346,6.102087860809914
train:3321,0.0657480534466145,0.029858734964050407
train:3322,0.5896597620528672,-0.03224283524414262
train:3323,1.1632448908725954,-0.203355025567921
train:3324,2.645361902306236,2.4033669765598935
train:3325,-0.5581681199482571,0.054274062640537114
train:3326,8.28592158407773,1.6360506878956664
train:3327,-1.1629572806479778,-0.5244988463032911
train:3328,1.4651563067700955,-0.3411433269387678
train:3329,-0.17378249630501003,-0.010044813207177317
train:3330,-10.746793960999295,-3.1349385178094624
train:3331,0.7680947072689597,1.8735994824612965
train:3332,6.19734333982225,8.31012397154037
train:3333,-0.13312955998988546,-2.0202026411100875
train:3334,-10.24055756337783,-9.304304961206121
train:3335,-7.510955730223621,-1.4963247558917865
train:3336,2.9949907185546256,0.007632394756298885
train:3337,-3.98881449209205,-5.510047271032765
train:3338,0.5717595477206368,0.15310216044632222
train:3339,0.2137184164449507,0.006149078984259371
train:3340,-1.8621733031197523,-0.48670699910697773
train:3341,1.542940088373193,-0.06719562532572507
train:3342,2.2629694918440144,6.231611892787506
train:3343,-11.686990840183615,-3.6317759024559475
train:3344,0.6621830136791014,-0.16343649801164262
train:3345,-0.27629309338176694,-0.039414572489166994
train:3346,-0.3251050814714351,-0.029975633986321526
train:3347,-10.99371017396015,-3.803223096026823
train:3348,-1.0560139373878887,-6.385050501486935
train:3349,-2.1131907768133433,0.03794824486504718
train:3350,1.2189497888167238,-0.28912434514296576
train:3351,4.96298311034621,1.7575101042836083
train:3352,4.751874764713503,0.06825004288400988
train:3353,13.421601959434343,3.8772779773605475
train:3354,-2.030854533033185,-8.39850525637429
train:3355,1.1782349604951325,0.04321299939751612
train:3356,13.80970214952767,10.022583248541558
train:3357,4.340929508601344,0.43907014092366514
train:3358,3.7632684569970682,0.004681990879358083
train:3359,5.284043738700805,-0.11208499048065709
train:3360,-11.76363883082485,-5.850630553052416
train:3361,-0.3247733054480379,0.04413565818623124
train:3362,-1.1373474725487274,-6.31915319077211
train:3363,1.5743431045068395,-1.638040866014129
train:3364,-3.1360558501448996,0.13240453781339467
train:3365,-15.694798711173386,-9.32290850147417
train:3366,1.9907876252085992,-0.4285860221499828
train:3367,-19.247370592619635,-11.283962799559767
train:3368,2.716030137175273,-0.6515658311501467
train:3369,-2.105011501171898,-0.5875098435100712
train:3370,0.5279101362583911,0.17294460285366758
train:3371,-4.310711970111546,-0.005319708853759347
train:3372,0.8599503484456061,-0.10128681544527504
train:3373,-1.8940128758285892,0.1409465678037311
train:3374,1.8122366833306218,1.5779355243666793
train:3375,4.3162661542272724,11.629843302957692
train:3376,2.7649095962691734,0.1758126557780323
train:3377,3.530096569949249,5.1861113044354825
train:3378,7.64823934992436,4.82985045536101
train:3379,2.4575012403644756,0.15955552918256033
train:3380,0.9438033822433973,0.06045355828676584
train:3381,-7.2530442424989285,-0.30981405010093793
train:3382,0.07928735119175011,0.019580843902760964
train:3383,14.530688118657121,8.14589398834771
train:3384,-2.7406587958901185,0.20891609811430178
train:3385,38.244963849100444,11.927874289211932
train:3386,0.2067636145840236,-0.01848427007511931
train:3387,1.7781427306078381,0.17574753111826447
train:3388,-3.7130427728524498,-0.1536323835003838
train:3389,-17.479430832554456,-7.39606997206046
train:3390,-3.0770184308685433,-0.023700412936578638
train:3391,1.0793000360699052,-0.15426123235089115
train:3392,16.251825666463276,11.987544170248366
train:3393,-19.838417054614002,-7.6432760474986505
train:3394,-0.2889304531547316,-0.043124324192568314
train:3395,0.9059097833546034,0.5777006403863836
train:3396,0.10084703937112,-0.41058971761972524
train:3397,0.5596084905862757,-0.25808902090415364
train:3398,-4.563300629050988,-6.854779479016042
train:3399,5.1134040481132645,3.3865735809362287
train:3400,1.9400766276397667,-0.4059120479856343
train:3401,2.764873797700175,0.11591127191215994
train:3402,3.199469355175395,0.22869216757979177
train:3403,5.068507528507811,10.025355433401598
train:3404,-0.8221630398202985,-0.07522407640003917
train:3405,11.27530758854009,2.2474484121581937
train:3406,-10.957431811153734,-2.927316822645314
train:3407,32.278229457688845,12.881299308212991
train:3408,0.5088701791742138,0.31424121886418693
train:3409,-2.499561012682727,-4.591621228550528
train:3410,-0.5667339736432385,0.08797550342715015
train:3411,-2.0056927881920172,-3.3484024584649847
train:3412,5.0566888866570086,0.9695642778580289
train:3413,-3.0077493621475724,-3.951085604487473
train:3414,-6.609989898413374,-0.3606623216246266
train:3415,-0.09315400698685014,0.2776151244768392
train:3416,16.4727948906474,10.514118216201734
train:3417,-0.10707860426520055,-0.024312499141910263
train:3418,0.14345128826946524,-0.2575079990902009
train:3419,0.4102715055935082,2.076259719975049
train:3420,0.7351062097076863,0.04358455947717728
train:3421,1.753852936625849,-0.6962769416229759
train:3422,-0.09717925387502349,-0.07200161835841654
train:3423,8.970611523574508,1.7409845613741097
train:3424,-12.297931078378598,-4.082630569499614
train:3425,-0.9976808665794906,0.26609569205126826
train:3426,0.7175097020663429,3.4249059699416557
train:3427,-7.956641405424699,-11.089436225467708
train:3428,-1.3719001615436333,0.9361475523829859
train:3429,2.475766646592139,2.6866145937164307
train:3430,-9.262723835431071,-3.5839585668364484
train:3431,2.036334330512032,-0.2092319733013291
train:3432,2.73045324114984,3.6223442511659414
train:3433,3.73861719045149,0.7639949011066296
train:3434,1.4173961341029995,0.05398356956616198
train:3435,-20.46780982792005,-8.226104232627714
train:3436,1.0189399294065251,0.2676927084888827
train:3437,0.18972396065719968,0.13294871747316334
train:3438,0.41542301265569404,0.2897000643532747
train:3439,11.514778628982208,1.9456394823333691
train:3440,2.8255370299088414,3.2741560066864803
train:3441,0.14828851179083272,-0.04625597862862199
train:3442,0.9360925099560563,0.09855818930901783
train:3443,-1.4561515125360933,-0.07550297828360131
train:3444,-0.3212580719389736,-3.0705956392804645
train:3445,-2.380348291043989,0.08134930111958949
train:3446,-0.3293329157159865,-2.4433571439964687
train:3447,-2.481619653241972,0.053113588281541654
train:3448,10.23722533388527,5.119210232261453
train:3449,0.4932064455714311,0.9445267350587001
train:3450,-0.6099177409345277,0.09086142461796813
train:3451,-0.22496381500842882,-0.17467185709928873
train:3452,-4.767362235588749,0.037889254620109614
train:3453,1.3940089754679024,-0.03253118840636765
train:3454,3.23317440526224,1.2502233146170036
train:3455,0.7753075377765646,0.25499882094493576
train:3456,0.2628418404619941,1.360590068392508
train:3457,0.30315951388011775,0.5846298899195999
train:3458,0.17384566809866606,-0.3992911241280439
train:3459,-0.2727990135725654,-0.014992860741432495
train:3460,2.833596589556558,2.613648439865798
train:3461,-2.8652224737611762,-7.186899551142885
train:3462,4.383011888750327,0.4750648185659254
train:3463,0.9096078452696245,-0.1560607914735119
train:3464,-3.5666659110910293,0.33064200489533513
train:3465,-9.891803255029261,-4.988263075862116
train:3466,-2.0296106489896055,-0.087178124983294
train:3467,1.5252741919471346,-0.5061637223492688
train:3468,5.345598680719072,3.4747847542657446
train:3469,26.45668662347163,11.947564904852227
train:3470,1.344411685328109,0.07377276382617252
train:3471,0.3630371534658585,0.0443530732606807
train:3472,1.0061021906304646,0.054674547199427034
train:3473,4.5822746273763615,1.5360309086786972
train:3474,-2.4867309450285946,-0.6733024167971469
train:3475,-1.000230701016796,0.09879539857085565
train:3476,2.230497632721697,-0.07866195226477118
train:3477,-3.189453135138064,-7.556456673031555
train:3478,4.662053365597287,-0.20311169972385418
train:3479,18.009247156073613,9.64224838777854
train:3480,-0.39075076548706533,-0.10346114451578209
train:3481,0.3799639489170409,0.27797862422073505
train:3482,-0.10324920344443805,-0.045805277464609884
train:3483,0.28996506793439336,0.12346127429491575
train:3484,2.1798528857513357,-0.08806280033134498
train:3485,0.6863731993051432,-0.18207538249537064
train:3486,-1.8585230113731028,-0.11876198003657995
train:3487,-0.6996474933895255,-5.271271878822702
train:3488,7.257994965022966,4.926088011183095
train:3489,20.635140069922574,11.237367436619904
train:3490,4.374751252724795,-0.06919854743300966
train:3491,0.8835692679462328,0.01711587909706877
train:3492,-1.106181447591016,-7.225570331589646
train:3493,9.625576562974004,13.318293336278074
train:3494,1.5463314216402035,0.03876576263678773
train:3495,0.0512503303769271,-0.07283472182365028
train:3496,-5.473212383779026,-4.331669551024763
train:3497,2.5913562740983362,0.279150012131696
train:3498,0.017940226840267387,0.06969423392890517
train:3499,1.5340046260762135,1.327014276114308
train:3500,0.46854739167480464,0.3654983206041509
train:3501,0.41182816219934404,1.0763043798519607
train:3502,0.964916866830607,-0.16272847241158184
train:3503,0.9707187920490129,0.10819325076041932
train:3504,-7.90029538765396,-6.510991464560412
train:3505,-0.20118874168491402,0.16450421869046053
train:3506,0.4623275065404287,0.2246568639079563
train:3507,0.44670003642312506,-0.015842905177854458
train:3508,-3.088460025453661,-2.8465100306767397
train:3509,-3.627675970994149,-0.1475036394373148
train:3510,0.7079125473884911,0.043943422744747884
train:3511,3.9012840283149277,5.182593859503969
train:3512,12.929024808009984,1.4275727425498608
train:3513,15.869779618779027,3.628907789712707
train:3514,1.1494749945531315,0.3213863142029426
train:3515,-8.112772447405261,-6.521563201225112
train:3516,-1.8047357776819188,0.15692464985483093
train:3517,2.333716297598256,-0.4729614517368675
train:3518,1.1030830710881485,3.1161026659238473
train:3519,0.8039791695872708,0.18488146080931664
train:3520,-3.9607437648323907,-4.038482184591854
train:3521,3.898918068345661,6.958849338810211
train:3522,4.976750682083272,4.687741457367911
train:3523,2.006439503441129,-0.05137899964634976
train:3524,2.682368556779355,0.23340097293566653
train:3525,-0.34352385202310365,-4.042636752700854
train:3526,2.55141692646622,0.1823506580398066
train:3527,2.5835735722147577,-0.13511643696967862
train:3528,20.074279705174146,9.017646264263458
train:3529,0.1267223147807358,-1.2485640152242925
train:3530,-0.8890440650391788,0.06054792841258494
train:3531,-2.5978606287373505,0.10525026524559884
train:3532,2.1495129011503535,0.15893531131105837
train:3533,-5.710014338706593,-11.69564081092439
train:3534,-0.4000508966484373,0.48684853014203283
train:3535,3.56767158481978,1.6160499276544167
train:3536,2.399313223497994,-0.044205835793225345
train:3537,-0.012550390700397013,0.3604514091285614
train:3538,5.769173393024027,1.3387107506050966
train:3539,-8.593910793743387,-9.226151945625283
train:3540,-2.6891018827850153,-0.09107601062989101
train:3541,2.312023527076343,0.005767960630327806
train:3542,-28.578493551498255,-9.476605551742454
train:3543,0.001492644051360903,-0.14989623954713133
train:3544,-0.5859341525695083,-0.2634528890343744
train:3545,-3.049133205284604,-0.2905241686759491
train:3546,17.84658589720794,14.393774379174522
train:3547,0.6573290531644359,-0.6729021818946745
train:3548,-13.453824099025205,-9.105214382480343
train:3549,1.1379783073650747,-0.10245281791065824
train:3550,-1.577307585063323,-0.19365733602092683
train:3551,1.2422904558037708,-0.040374358753686224
train:3552,-0.15395450578638442,-0.0078041468600173886
train:3553,-2.0628266069389642,0.26895482867500764
train:3554,0.6342393248477389,0.0983871033326179
train:3555,4.226218805701533,0.028961255808301375
train:3556,-0.28633732337018,-0.12000177380593885
train:3557,-5.686423081736556,-0.12128789667334727
train:3558,-17.8775778677914,-11.846134270043173
train:3559,-9.021587464155798,-3.8250744522954734
train:3560,-0.53772580041521,-2.0861005224681533
train:3561,-1.6925781636347765,-9.384340528835802
train:3562,0.15885304143548587,-0.0013271320945207332
train:3563,-0.19870108982687595,0.0298542411485352
train:3564,-23.429234825412145,-10.817729011875812
train:3565,-1.7372109593666654,0.0449878782000058
train:3566,-0.5355283145555644,-1.0706713349269317
train:3567,-2.1994544025625293,1.0160267637648994
train:3568,-1.4161394054747785,0.13895858941629466
train:3569,0.4691129625733335,0.0013893793844148988
train:3570,-0.15833599492774125,-1.8487129346178302
train:3571,-1.8113593265504893,0.16189445316261203
train:3572,-2.355870670803878,-1.0252987062781036
train:3573,-2.859676485065286,-0.004230778890982001
train:3574,-2.3391434407519505,-2.7236719402208984
train:3575,1.8267253405289394,-0.023395725111607896
train:3576,-7.58378954605883,-8.525593212360219
train:3577,-1.382317661351328,-0.43629915716898066
train:3578,-3.3906229611671117,-0.2905148243928937
train:3579,-0.7090439784914812,0.07599866477949682
train:3580,4.785889914092842,0.0671974200973791
train:3581,2.9979234117136224,1.7935935882800973
train:3582,-10.583439976577678,-2.1078035114943967
train:3583,1.648331540421371,0.06566666960601253
train:3584,0.4758114792243847,0.1141556523190211
train:3585,1.2506117634300091,0.3486517195417333
train:3586,-1.489742193168735,0.3336386665399204
train:3587,-4.832713220670302,-3.875450837524864
train:3588,0.7207001914137775,-0.10177471541549624
train:3589,0.05360013449849675,-0.07098127258004969
train:3590,17.663929510348904,6.545296193758867
train:3591,10.843972025426138,4.635786672936611
train:3592,0.6837225942206896,8.92065973918884
train:3593,-6.130622418949475,-0.2986878978633516
train:3594,1.3090726862705448,6.514057470870188
train:3595,36.941773199602785,18.67113464185021
train:3596,23.05825501163644,6.382812378880681
train:3597,-10.574364806878307,-4.0888856753751455
train:3598,-5.6343436025073705,-1.0440171598286125
train:3599,4.762885846637677,1.6609310184823685
train:3600,-8.580065580954082,-0.9183139409950114
train:3601,0.33502349470418064,-0.1088332156425782
train:3602,-0.5629525754490877,0.0726294444295803
train:3603,-1.5730596431809896,-1.3236957601708195
train:3604,5.54345318732567,3.4220493298820918
train:3605,-0.25228306289191915,-0.0342365557291818
train:3606,2.9215571604595714,-0.06095036304608348
train:3607,0.31178499311372343,0.19959606739659652
train:3608,1.792592567280034,5.432465980159555
train:3609,0.1928544757786498,0.08574582196236068
train:3610,-3.8632568227856816,0.16050557884679664
train:3611,-1.6431642830465405,-0.37624330731107414
train:3612,-3.975065052097728,-0.5800728641540427
train:3613,-0.8367342196939049,-0.2612698933196595
train:3614,7.057880034488173,2.887652492498793
train:3615,3.38897907587349,1.7130236132561338
train:3616,1.2433023465235804,-0.09005662781199167
train:3617,-0.6781660855225599,0.07945098505124194
train:3618,0.7074351943921372,-0.07198831523788346
train:3619,16.64285018121895,6.788115163967746
train:3620,-1.480007074525295,-2.8366618696403916
train:3621,-0.19089490966103229,-0.12093680841992202
train:3622,11.779964199960812,18.571461528401553
train:3623,2.3400033631640644,2.933163858785352
train:3624,-7.3347598227776185,-4.225081953436728
train:3625,9.932970971384288,9.283960899237119
train:3626,17.715207938482187,4.33772886645009
train:3627,0.16445667977495843,0.05971942575847391
train:3628,0.8464485927062709,1.7095227169785816
train:3629,-1.7356601142168357,-0.18369058818626088
train:3630,0.7150767941238837,-0.016722587397555208
train:3631,-0.8579911310153489,0.10208865203944385
train:3632,-0.24689933004772335,0.1327617604816502
train:3633,22.231573999997043,10.868150988745528
train:3634,0.782825469724498,0.04356747584517903
train:3635,9.663543502437598,4.9973927372403955
train:3636,-30.10935194183109,-18.11714511396115
train:3637,1.1564936062010074,0.0189746067906396
train:3638,-1.7255821196690264,-0.058824502985776045
train:3639,22.325803272264885,9.331082335425409
train:3640,0.1215597659521381,-0.03439662115800876
train:3641,-3.635391259988055,-0.3093308936026494
train:3642,-2.2223622323062306,-0.0057571425624408645
train:3643,-4.582606750820252,-0.05249628344511584
train:3644,4.469986604256439,0.7128334534397749
train:3645,0.8727818108491797,3.8124763016665697
train:3646,-1.24395014825773,-0.7772189047090308
train:3647,2.029264345593061,0.3016256521049333
train:3648,1.4572994507078771,-0.07408903133042732
train:3649,8.19271605789995,5.1738915500935905
train:3650,11.002195191568951,10.5643759076372
train:3651,2.556505669803538,0.16654705015934435
train:3652,-0.28510186593780995,-0.013895620786472274
train:3653,-0.15702888224281408,0.05019767265541985
train:3654,-4.49312427581832,-0.059110395249028475
train:3655,1.8209682797509017,-0.32224155424740086
train:3656,-0.3333656593824079,-0.007277264823461971
train:3657,-0.7068997836834129,0.10227678598263953
train:3658,5.240225825330113,-0.1702323775201044
train:3659,-12.859134551489637,-7.292667134395003
train:3660,11.843653108624576,8.158942887317357
train:3661,-1.6112074351554972,0.08340579236103142
train:3662,5.659950564260044,0.2419634747522389
train:3663,-0.3849274541105563,0.11975173658272945
train:3664,0.6558682855827034,-0.07303023846376377
train:3665,-0.9873866858682486,0.07104897664592658
train:3666,6.013373098989319,12.896167988475078
train:3667,-15.047939955527896,-6.449735765959948
train:3668,7.067204399421091,11.955935099896912
train:3669,-1.150587712767781,0.19902813471196182
train:3670,-0.7664644182486566,0.15530680493895557
train:3671,-4.384787577866171,-2.4994704910394487
train:3672,-7.141877597929973,-0.510099805427745
train:3673,3.7827400890333904,2.38626736655093
train:3674,4.407867253630845,0.19586477391088425
train:3675,0.17190231721017396,0.015058389229956809
train:3676,6.317099316368452,5.398035649629418
train:3677,7.492469083132667,0.5518926578826163
train:3678,0.22725178650495995,-0.013767368718276704
train:3679,0.5925631654735928,-0.05053976176628577
train:3680,14.13624925726865,4.396060589088666
train:3681,-17.395742146732523,-8.757313742193855
train:3682,1.450648355537837,-0.019066789827577146
train:3683,5.593284330455155,5.344772950891982
train:3684,1.2408299206802789,-0.36074092773094
train:3685,2.084866729453239,3.4108518829047045
train:3686,29.10398057275099,9.234634497569374
train:3687,-1.1379740637353222,-0.07049144668889337
train:3688,-3.0757957005248273,0.3936869553748967
train:3689,8.83821632758942,0.7750367051402998
train:3690,-3.7291047074207815,-0.07247935374592482
train:3691,-3.0718990030435123,-1.973836451249971
train:3692,0.354976663985181,0.07116909704795181
train:3693,-2.9694562837729084,-1.8369006195493165
train:3694,-2.150943854695906,0.35692497656601807
train:3695,-1.3190859980461367,-1.182694095384988
train:3696,20.603313747333434,18.205873230247256
train:3697,0.7886637746575031,0.024044664982652578
train:3698,-0.957731988159524,0.21428606499415032
train:3699,-0.4240036842966235,0.22920931301606426
train:3700,-3.2525139416366717,-0.6415328530344353
train:3701,7.022723050232726,6.544998888630814
train:3702,-0.27085513965303276,-0.03411429541500649
train:3703,2.2057475714240127,-0.19381251531701105
train:3704,-12.30549526951634,-4.880898262181167
train:3705,0.7511438523899114,-0.031370571386562185
train:3706,0.9873823285431119,-0.1322850478734855
train:3707,4.522143259621388,1.093580175961282
train:3708,3.50595531678278,-0.1443224995327902
train:3709,-0.8687810289239247,0.003375752837738777
train:3710,-0.4559290340961124,-0.23197656456663063
train:3711,-0.4969574485838012,-1.8984339360860523
train:3712,-1.9599701120007147,-1.7046686000761864
train:3713,-2.420129799530976,-3.5199886036648063
train:3714,-1.425619982345145,-4.632538631433267
train:3715,-1.3104724904119038,0.05676834424268558
train:3716,-8.865634020270788,-4.166385589767776
train:3717,0.187724354874567,-0.05694109497207414
train:3718,9.846648068783837,10.357755120716053
train:3719,3.8426878147785666,-0.21471346526939994
train:3720,-4.726469576713367,-0.08555528693906844
train:3721,-0.5253757590271947,-0.24855153944679642
train:3722,1.6526680488932395,-0.0008555311218427231
train:3723,-3.716448286072116,0.24577180507535448
train:3724,-0.8979999836613001,0.2783318523863104
train:3725,-0.019515304494775038,0.00043290998372830236
train:3726,-8.887036915367108,-5.274705439197931
train:3727,0.47744868261046725,0.07234387315315038
train:3728,0.16394108739808336,-0.022693976587187373
train:3729,10.88058233859963,20.48675137992364
train:3730,3.809820079273103,9.77494234295447
train:3731,0.6694712768856675,0.10717461691177252
train:3732,-1.0550620208940638,-0.2756593759209352
train:3733,7.860586233061119,1.7324508770411586
train:3734,3.651878187600992,0.16682509607804646
train:3735,-11.006115075492865,-2.0409945982036315
train:3736,0.8484955037407945,-0.2465408423253665
train:3737,-17.043848722307615,-5.0790307309069425
train:3738,2.18487305390778,0.507021838632985
train:3739,0.3320701127618012,-0.12821785951061362
train:3740,1.4227171032223276,-0.004290625100779599
train:3741,11.818266809123326,7.8743134575551
train:3742,-8.282954195259508,-10.952763745622326
train:3743,6.000553027039517,0.2516426540591348
train:3744,8.219571493479583,2.1322592236916442
train:3745,-7.7784686731036095,-6.833715325097006
train:3746,1.1266406216133493,-0.15467084720162147
train:3747,-1.9576643587156726,0.046161227697104325
train:3748,-1.1074602003706326,0.1689190714473175
train:3749,6.063433445943691,3.1452060418083527
train:3750,7.665772280236994,0.2587406713305884
train:3751,0.2969748461691397,0.8910762946952959
train:3752,-4.823902123531856,-0.55195341987615
train:3753,1.1927980043303306,6.063673299177924
train:3754,-12.91261575390753,-2.311412443394691
train:3755,3.3872877097174294,7.042824627369022
train:3756,8.849029355092899,3.529564508056787
train:3757,-6.610830002493638,-3.2444047252218025
train:3758,-12.881974968343664,-3.3454165677115553
train:3759,-0.2701589272234833,0.009859686652520738
train:3760,2.8312259804224857,0.3932903583230794
train:3761,-0.9149181781575934,0.14416178580924593
train:3762,-1.1859046282925214,0.07260775998645937
train:3763,2.288537108772659,1.6745839433215821
train:3764,-0.8102100371066306,-5.3725542062082265
train:3765,0.8178532071983667,-0.06714227018278274
train:3766,-0.9204312740124884,0.12626441655072765
train:3767,2.85850193295873,0.03644103340733164
train:3768,6.390641200003463,5.1364196910941216
train:3769,-3.742998039065818,-9.75890048000977
train:3770,-4.258812878476794,-2.3599850253423633
train:3771,0.6239241066657542,4.023588050886709
train:3772,-1.303795824835436,0.21747638868831906
train:3773,0.31300051725199196,-0.13020665819770763
train:3774,-12.008624710558667,-16.43245561959253
train:3775,8.780711737949273,6.492293708338882
train:3776,-0.9104407999921332,-0.1655439191622568
train:3777,3.341088494133614,-0.06609727974948729
train:3778,3.5802829092698367,1.4039720794289146
train:3779,0.5586972542844947,-0.10854757303574328
train:3780,-0.9045659991154088,0.12714010426774824
train:3781,-16.83491525597069,-4.978227173199799
train:3782,-1.6647651163344346,0.02176683549448602
train:3783,0.7776715218507896,-0.11292818719819875
train:3784,0.11233489314604715,0.0815103651740865
train:3785,0.6366765332676426,-0.200307683670581
train:3786,-31.125551507581708,-14.304299861530469
train:3787,3.6447463687901145,-0.0744908355018098
train:3788,1.3509147045991097,3.230316339771574
train:3789,-33.00916248799541,-16.17535573165879
train:3790,0.6772525840198044,-0.009604740273510687
train:3791,0.5085601961108401,-0.04064491497986297
train:3792,1.2044102232637912,1.404165812808903
train:3793,1.8576592559337608,4.450746472066725
train:3794,22.868483542959822,9.193755898426957
train:3795,-1.3463638102483024,-8.19081964916726
train:3796,-5.136414332559489,-11.108428373782214
train:3797,0.6460636619254282,0.04588656997263988
train:3798,10.42435328745376,5.156749997806486
train:3799,2.7935575173393743,4.905596783077044
train:3800,25.13804586949398,7.008915864760268
train:3801,-0.16075280513706303,-0.017605836137506117
train:3802,-1.5294430386463547,-0.04032981291576179
train:3803,0.5499391576248263,-0.03145331465636578
train:3804,-4.6526152692034595,-0.062261843872470496
train:3805,1.5118329915793849,0.049304152337148494
train:3806,4.086225944592105,2.3186897968158515
train:3807,-3.417991432082975,-0.3127331399300824
train:3808,-9.243665049229435,-3.7521739224174433
train:3809,2.2016772276372305,0.09142454250026512
train:3810,-1.074108486808968,0.055698780484866574
train:3811,-2.4104144398379566,-9.62833274154617
train:3812,-0.33150715575160716,0.06294477268149917
train:3813,17.22895737052448,23.516634162013474
train:3814,-5.388061535625917,-0.9943238345575316
train:3815,5.679439398206145,4.63300706971445
train:3816,0.8147280386164424,0.7694729335500579
train:3817,-2.349587557028154,-0.528591356959939
train:3818,-2.326131590753943,-6.550348728824924
train:3819,-22.17699902217734,-12.48231588618484
train:3820,-0.3478845361519581,0.10740465746790753
train:3821,-3.0085276323359302,-0.023545126644886893
train:3822,-0.9786104574658406,0.040609439614902904
train:3823,0.18109232128022737,0.11015055707370444
train:3824,-0.7281992348628226,-0.30967848666622955
train:3825,4.676437416587492,4.727692190602047
train:3826,-0.041573441255801535,0.10967881344021642
train:3827,1.019643115583282,-0.20589381734279144
train:3828,1.1156553425538431,-0.1624335033542928
train:3829,8.11430603379762,-0.41124706296703134
train:3830,8.521617502698188,11.711831041111497
train:3831,0.24344877931087666,-0.03182516005764695
train:3832,2.5707007322444198,0.08623914304336214
train:3833,20.238990315885864,5.890857988439088
train:3834,-10.980142981226184,-9.739872951814382
train:3835,-1.5710581777324353,-0.8141035004841097
train:3836,0.502536273272995,0.0860820378263428
train:3837,-3.8481214667629877,-10.717569710386657
train:3838,-0.002395103787704439,0.07486151546293737
train:3839,1.758658778284783,0.01698958861501078
train:3840,-10.510449018972059,-4.436251337624111
train:3841,15.319444033316168,6.1420642729898525
train:3842,-2.36783692363724,0.41761695097574225
train:3843,1.3401702522765029,0.09459139849118783
train:3844,3.5613352381070387,2.8676417460008428
train:3845,0.23333684585999076,0.17747401224095954
train:3846,-1.0513452460907025,0.17000557617632478
train:3847,20.77533284511862,19.68230875674178
train:3848,2.2129714436980295,5.682252504329138
train:3849,3.784784326798151,0.029226783240925425
train:3850,-1.315839951179282,0.12449963100054591
train:3851,2.7780134997303203,-0.15114309502658554
train:3852,-6.830969350760068,-4.469742104059548
train:3853,19.103530374557256,8.074418639961642
train:3854,2.5971193787906204,0.06829062988445664
train:3855,0.48912738460063987,-0.09195583551040176
train:3856,-0.28967769016801603,-0.022269952994646444
train:3857,0.3752718955667097,0.21096378005072586
train:3858,-0.9919747141560679,-0.03460797314803296
train:3859,0.22966423812227704,0.084281408747647
train:3860,-0.05546741216099896,-0.07281471364504691
train:3861,0.9175695399981956,-0.0977679082404595
train:3862,-0.05491974054696938,-0.7688251706306957
train:3863,-5.0104493964162025,-12.609089988388751
train:3864,-0.016854471247750552,0.10092618042910831
train:3865,-1.3445773686719793,-1.8330416446386486
train:3866,9.963546668640884,10.009714102192518
train:3867,-1.981291414254708,-0.5958599233805444
train:3868,-1.596112526866607,-3.2328597565112407
train:3869,-0.00038712950842276217,0.048500864981206065
train:3870,5.820888842648981,0.29791261920290185
train:3871,-4.827681429601845,-0.5048143650778252
train:3872,-0.8871319797840002,0.040404507361328994
train:3873,15.920462953817271,8.43199796024219
train:3874,-1.1605118199605449,0.19681625018322063
train:3875,-6.543683509964392,0.12763560092610227
train:3876,0.3586947173088637,2.1800622932301432
train:3877,-0.9632032415311741,0.04127716353613694
train:3878,8.470715656914109,3.597362060760895
train:3879,1.252790826974115,0.45187202270078686
train:3880,-15.956665708314176,-1.9321977553118406
train:3881,6.152321292767062,3.1627416232526953
train:3882,6.122138914852969,5.161481771552771
train:3883,-9.738747170650731,-4.290952729240892
train:3884,1.7789044962611382,-0.04748471618520542
train:3885,-1.2050726698670764,-3.4600091486706583
train:3886,-1.5351203662479866,-9.959279571171523
train:3887,-8.660548202726485,-3.3506627763387233
train:3888,0.18322698530044543,0.09286662929821284
train:3889,-0.1574858951431461,-0.05621730535250766
train:3890,13.842287215812988,2.77674056043785
train:3891,0.9186851070931565,-0.17444481242016385
train:3892,-2.25187257344776,-0.024439146275993265
train:3893,-2.3834007001967152,-11.785296852937648
train:3894,20.932080366352324,9.247484242048253
train:3895,-6.1059046693471855,-3.5705353259013446
train:3896,9.001414100073589,3.4407216326605634
train:3897,-0.4162566066383635,0.36477824016564453
train:3898,0.5172754042251824,-0.13751816737133557
train:3899,21.31818420507838,6.460625861733705
train:3900,-9.86368510628859,-11.227263687230902
train:3901,2.88244001762322,3.732485814852851
train:3902,0.6691082933435167,-0.008352749004896243
train:3903,-4.02796696858092,-0.22219260089478515
train:3904,9.548355795228794,2.642422269279189
train:3905,2.1452193974529314,6.621131256498725
train:3906,0.6711367239479404,0.23234285770785051
train:3907,3.652120409087333,0.015413864303289754
train:3908,-0.5913219534329085,-0.6430083937923297
train:3909,-0.09671596460220475,-0.06158399103372603
train:3910,0.9606463764989696,-0.5323883457486591
train:3911,2.42422275114849,1.0782412856694148
train:3912,4.387484385292742,0.18018948942902263
train:3913,-0.48136624195197664,0.18463273168707084
train:3914,0.812779689875785,0.043415078434889905
train:3915,-8.582317636385627,-4.185001113543866
train:3916,2.840232574940982,0.07075670031142638
train:3917,6.773367885415165,0.4233805903608029
train:3918,8.036242837389741,14.524764393635738
train:3919,0.09195504676506741,0.4013708092626408
train:3920,-2.8851955182217184,-2.4150720705181588
train:3921,1.1736543708710014,-0.1633906503938269
train:3922,1.7732132211650913,1.4475740734343505
train:3923,14.038936658902129,4.984275361081945
train:3924,-10.509640994128949,-9.045203256786374
train:3925,4.8478353859547285,0.5436243226562767
train:3926,2.1419645171729473,2.2210438934773853
train:3927,1.1857003568807696,-0.045570029788909644
train:3928,-3.2192863607753006,-2.938147060697745
train:3929,-19.688289944062625,-8.122316210775242
train:3930,4.643328854345129,0.012097178796658031
train:3931,0.31223398620476683,-0.02414209080435785
train:3932,-13.201740804300066,-1.5005629232354507
train:3933,0.6918635142524937,-0.03219465155556302
train:3934,1.5770500807145535,2.6187137545858783
train:3935,-0.9431856813176244,0.05304418379747364
train:3936,6.910577756472317,2.6459790885942636
train:3937,-4.499068697938,-1.3495901237950456
train:3938,-4.0543695755085425,-0.16355808068697042
train:3939,-1.8218992156216758,-0.2157794981721713
train:3940,-1.047234222111877,-0.42531826930118316
train:3941,-4.6624198928607345,0.0971568321723269
train:3942,-23.56767207597782,-6.843609708235796
train:3943,-0.395784183763204,0.12907059034875218
train:3944,1.103693738885286,0.301686924922831
train:3945,-3.150906444823287,-0.42818639355595295
train:3946,-0.23262081509859195,0.004898835310567506
train:3947,-5.608113479594012,-0.921319019627387
train:3948,-4.729913678000914,-0.2984749052740123
train:3949,0.36211057492022103,-0.0765655873269325
train:3950,0.7941697805360706,-3.566249224525518
train:3951,1.0785784856921683,0.5453407461918665
train:3952,0.916822186755791,0.07417028817325481
train:3953,1.364186442909717,-0.26887392848420516
train:3954,-18.75924548141255,-9.908963674125575
train:3955,-1.7206583054531657,-8.449637743896716
train:3956,10.437401633395488,0.022088892273075034
train:3957,1.4209936578291122,-0.1517669507487427
train:3958,1.365658833403462,0.054471148549560686
train:3959,-6.168573551252731,-5.554477553701098
train:3960,1.6773069951520845,0.07459566704349081
train:3961,-0.7031738267795618,-0.1904257833526663
train:3962,3.3203792544261996,9.590593761691494
train:3963,11.754373337208143,4.633792274812724
train:3964,-0.578706037932607,0.1573056968783575
train:3965,1.2491296096901738,-0.052525243589547105
train:3966,3.0645524522000716,-0.08179874248998509
train:3967,4.839232106483067,2.131805276994205
train:3968,-1.2036893108793474,-0.44893384047677515
train:3969,-4.674742969092881,-0.23271658185333532
train:3970,-0.20224224242972816,-0.03730472610478272
train:3971,0.9505109647658183,-0.1700908044987745
train:3972,0.13844181319207233,-0.03225061025828796
train:3973,-0.6814940739191025,0.025636545631106802
train:3974,-4.293552367732753,-2.785961359050667
train:3975,6.864510112252483,-0.1829534062831551
train:3976,0.6001252644871737,1.9877389726878198
train:3977,8.812590131184232,0.4082671754791507
train:3978,-15.785050158034066,-8.326335435165113
train:3979,-10.72049270586442,-10.704669749302656
train:3980,-1.2448374413607648,0.15609978505137506
train:3981,-2.624713972192819,0.1477369370384064
train:3982,-6.670844676212006,-6.575752053941108
train:3983,2.103607280323974,2.572119307429752
train:3984,2.7508967810886484,-0.07649946404149463
train:3985,0.5545484558416283,-0.1185105046937415
train:3986,0.037121634763636974,0.018153700824661403
train:3987,-31.309078218092242,-8.738212030377264
train:3988,-2.6926794151024667,-11.56180671055489
train:3989,-9.735234261724068,-0.8060283993249235
train:3990,1.4493205540695273,-0.011036733819150463
train:3991,-2.878094616356794,-0.4456497886304323
train:3992,0.3892598377155283,0.0458570035197661
train:3993,16.96288380906812,10.141531549351772
train:3994,10.552694411728886,2.29197256563951
train:3995,-0.006628633259142008,-0.3353246204810448
train:3996,-0.9784487827597467,0.06735306304109587
train:3997,5.795029258170582,13.235835388094488
train:3998,8.273497156052835,4.224260737995456
train:3999,-0.6664178785185524,0.059391876538699664
train:4000,6.7833445281702245,0.7612327025032897
train:4001,-2.834399440936954,-1.7345169507105442
train:4002,-4.412965235916346,-2.862864665935851
train:4003,-3.6336224852379906,-6.038280876102176
train:4004,1.5698201645262904,3.939108599025336
train:4005,1.0340611054765634,0.2753516680652808
train:4006,4.223019250482729,-0.020807394370462834
train:4007,2.252022103477669,2.9615031433714645
train:4008,3.8667862956288293,0.2196459029564884
train:4009,0.17308831915193074,0.07756946729327263
train:4010,3.7588749962563384,-0.23018520844058526
train:4011,7.150340764464191,3.5457017282414487
train:4012,6.3732351918900045,0.4142459473657007
train:4013,-0.729270634892136,0.12233357625701921
train:4014,-1.6612795212510023,-0.7520576749874266
train:4015,0.201245404647843,0.6179509613215339
train:4016,-0.7696716445893893,-0.002134877600775853
train:4017,-3.4944608947956977,-9.916822572827197
train:4018,-1.5659531623182992,-0.9799676632553924
train:4019,-0.9091322925577644,-0.021326109075645402
train:4020,0.0362724648120028,1.343412565581281
train:4021,0.5576300385035058,-0.018522253515783474
train:4022,0.7622675603314866,3.103623554229365
train:4023,5.218455181297716,0.6477642887270354
train:4024,0.4775405036153661,0.008267520682446503
train:4025,33.18085550625096,11.619045591569941
train:4026,4.442207844546534,6.544978345474173
train:4027,23.150055560210145,7.6922816878466245
train:4028,3.8614397561030738,0.005763502480015115
train:4029,8.114716090133422,5.12949950052234
train:4030,0.30405877858252583,-0.2931477723023682
train:4031,-1.1214207124471018,0.1585496991416116
train:4032,-6.544260006400213,-0.09641954959468588
train:4033,-0.3876046756635184,-0.07414449072031723
train:4034,1.4717641647074489,0.2763274680057232
train:4035,-2.5560892777138218,-1.2310435558258106
train:4036,1.1877325068170372,0.09180084605185898
train:4037,-12.763552372263538,-1.4236099703883844
train:4038,16.24005026184516,12.392479461088854
train:4039,0.31199071865634487,-0.05875745240507313
train:4040,-0.19788516140359758,-0.3785370078143539
train:4041,1.2818069618968724,0.48463628896126665
train:4042,1.0859627541519576,0.1117640865000771
train:4043,1.4866768257359833,-0.9394509945879606
train:4044,1.3998434448399433,-0.12952213596609535
train:4045,-1.9169946272926897,-1.286706665352411
train:4046,0.07278526175371033,0.015459622758099256
train:4047,-4.910156218493192,-3.752244396857586
train:4048,-0.268796896279297,-0.03672958904924273
train:4049,0.988388407806915,-0.2513889202970098
train:4050,0.12616604221181696,-1.4378747674417147
train:4051,0.2747987949657463,0.006164736008157562
train:4052,-3.2771284797802904,-0.14251397061174031
train:4053,-1.8443091198147612,0.13821375732725227
train:4054,0.9227864840550118,1.4672158990776247
train:4055,-0.3561404648981259,-0.3458571610881953
train:4056,-0.2503005427899449,-1.2951146655117467
train:4057,5.703259394084588,8.41403924683537
train:4058,-8.669018051168242,-2.869322350161592
train:4059,-5.518635188840405,0.002545324262692661
train:4060,1.203356257602497,0.1972455165605293
train:4061,-3.0004025194644632,-7.127753520600792
train:4062,-2.455384648705569,-0.44101349063124323
train:4063,-1.9685159742870346,-4.556336359768453
train:4064,2.9287284971712912,1.462138886171124
train:4065,-0.17445389381741283,-0.08339682888367458
train:4066,-1.6358260413183205,2.092169824150181
train:4067,-1.809091463958608,0.07426554992913645
train:4068,1.9086938353730218,-0.05350396807659466
train:4069,3.3211017346368976,0.3957673779672171
train:4070,-0.5808126326203148,0.06219969093603926
train:4071,-2.678345575092156,0.023809809624179862
train:4072,0.14532955085068727,0.0351823370806469
train:4073,4.859795827332085,2.0983650124855107
train:4074,11.524685069348713,2.0850210909607703
train:4075,-1.107062231863324,1.6335213117342566
train:4076,-8.77326534375791,-4.2607702669895
train:4077,4.347902790892371,1.7432591453288486
train:4078,0.9331335490159108,-0.2051496807251978
train:4079,6.661369505262593,2.5004710541419564
train:4080,-7.374292136031057,-2.629406812757959
train:4081,1.679437474923978,0.1990573801780131
train:4082,8.465270555094488,0.8833935820940317
train:4083,0.1316669340090989,-0.41442468984910946
train:4084,0.7103571944720829,-0.32392031532914883
train:4085,0.8594961250441571,0.134033331946438
train:4086,15.236250018629487,5.826458616229328
train:4087,-4.059109399027245,-0.25510601903212643
train:4088,1.6435842782389805,-0.026600100895562237
train:4089,-6.864118825652714,-3.652598959606073
train:4090,3.583023591922387,0.09826067018974989
train:4091,1.364894975626,-0.1965987166016347
train:4092,11.189222723177654,8.54558278523941
train:4093,10.819668981324455,2.742179552605747
train:4094,6.3813944761227885,3.402674279953529
train:4095,11.559681192501909,2.2168419619794624
train:4096,23.31010956745317,14.933324410336866
train:4097,-0.25037690532186707,-0.5165455061454454
train:4098,-0.017052641897563864,-0.04763693526948204
train:4099,-3.7085705087682754,-11.311775951078577
train:4100,2.5441997954811706,-0.12172893256748146
train:4101,0.5209918303411832,-0.10939176837895498
train:4102,-0.1987098070108853,0.048697451577394614
train:4103,-0.877859453038658,-0.2808891785549526
train:4104,1.8192690100146724,0.20137133851631372
train:4105,2.2831910341633836,0.010422412217590202
train:4106,0.38697291354794633,-0.054988282474304206
train:4107,-0.6048287651389692,0.06022408837387085
train:4108,-0.44944716852497446,-0.012996108714180665
train:4109,-2.3538675781476415,-1.6608828589474622
train:4110,0.34486403315957437,-0.15578647256847122
train:4111,0.09436331413406002,-0.013996089661919148
train:4112,14.568365880069843,4.402992763168488
train:4113,-1.0898313810338944,0.1953162430964104
train:4114,11.167885846221564,10.283766659500916
train:4115,2.349085739068882,2.937234257016449
train:4116,-2.4296631444218786,-2.851204997934044
train:4117,3.262383712982645,0.05528110529837091
train:4118,7.538188039992125,5.889243638713058
train:4119,1.975400051995234,2.499476422974593
train:4120,1.5444017857878864,-0.04693793296565413
train:4121,7.308430034660621,7.2071145281018865
train:4122,-4.60816832383465,-0.535329013025317
train:4123,-5.676960171692449,-12.718224366757017
train:4124,-0.9339766156718704,0.20805114562323418
train:4125,-3.4000303136917993,-5.4899417977569716
train:4126,-29.580909273434997,-10.240206096949258
train:4127,-0.20487308856376035,0.052590237100033896
train:4128,2.828514355049967,7.866234290562828
train:4129,-5.25065221539863,-0.4097784412584224
train:4130,-5.986565257967511,-2.3545482218730265
train:4131,-0.620353372484962,-1.8200269842634027
train:4132,-2.7225582025547923,-0.4792354958349278
train:4133,-15.295948722217927,-3.519009094543304
train:4134,-1.490527902020781,0.17638458296534715
train:4135,-8.888516279608062,-1.8154290263569028
train:4136,1.223211678193472,-0.08308568565705104
train:4137,-12.872264722731932,-0.7562420592057186
train:4138,-5.888203343104501,-0.8527084429670535
train:4139,-2.2772858381048784,-0.03270498493815771
train:4140,-0.3078203003302673,-0.22425183835681972
train:4141,-5.025250942405897,-12.007593209662275
train:4142,-0.24854496004501492,-0.07757769444352153
train:4143,0.49280952312620385,0.27106178617798926
train:4144,3.0515115449220325,3.0846453866742394
train:4145,2.1417690197928967,8.567955994751063
train:4146,6.467890327653985,5.7812864973489635
train:4147,-2.5009129898080222,0.1435979902881014
train:4148,3.9557303973463416,0.21653468468146808
train:4149,0.12894252343336596,-0.031187180915299206
train:4150,0.6413719572624574,-0.016705753421974473
train:4151,-1.6718876368157023,-0.29757111337742054
train:4152,-1.6979681728514588,-3.3110724043106616
train:4153,-0.649094393080383,-4.487024034583699
train:4154,3.6045055228203933,7.976272567823294
train:4155,-5.836003915423346,-15.183836852526635
train:4156,0.4912434519616379,0.033970041182416685
train:4157,-0.882540115935217,0.1188629597363908
train:4158,7.092474469802216,6.364986625348786
train:4159,6.435496342042152,0.3863728783066886
train:4160,14.491215779629666,7.838758959842114
train:4161,-0.04507344875012945,0.02631165224925866
train:4162,2.71036141052853,-0.0982297726128546
train:4163,-12.772913000681935,-6.729156934870499
train:4164,-3.9334564218423744,0.10944121186115109
train:4165,-1.0733546247358365,0.06591368679853826
train:4166,5.844272281952234,-0.04161939530781286
train:4167,-1.3343654781777858,0.13133272714781805
train:4168,9.460157419546004,1.7646117594057171
train:4169,-0.8340688535111956,0.11847378104669387
train:4170,-3.4428261081801104,-2.7765617236009783
train:4171,4.9024096070182805,6.269276629202104
train:4172,1.3649528577278223,0.049210531180581926
train:4173,2.3847664517396137,-0.593026180380986
train:4174,-0.8281217581217534,-0.1158038011454938
train:4175,-5.256819797428951,-2.7810298601703725
train:4176,-0.15713372090916694,-0.03769190754313956
train:4177,-2.991473333539971,-3.124805605796342
train:4178,6.081152807765006,7.069802357184436
train:4179,-0.41963346937991874,0.03860715948126333
train:4180,6.930618446280771,0.5980051968225415
train:4181,6.980839654337396,2.018886392658094
train:4182,-6.3853036669676495,-10.461469589409441
train:4183,4.474128545181218,1.322073932263793
train:4184,0.6363041351667618,0.19529634191341455
train:4185,0.7528253390707617,0.7366021709949084
train:4186,4.365789987563147,8.766369219950931
train:4187,0.9507406335071856,-0.1787438602644983
train:4188,-0.4619136714913552,0.9340176264895932
train:4189,-1.397881321681683,-0.04288608063985794
train:4190,0.16044909971304408,0.037533458559954144
train:4191,19.062037508505544,8.308433155620177
train:4192,7.251540994440657,2.768837151563506
train:4193,-6.341332331158393,-5.060028881657356
train:4194,0.04248002965964551,-0.026327155100817873
train:4195,2.067565560006134,-0.12423048987094024
train:4196,2.388880497675563,-0.06699322530152876
train:4197,21.391198408508025,4.652432336248135
train:4198,-0.9882291145309156,0.25253678068584867
train:4199,-1.8463524277465608,0.1367513770290812
train:4200,-5.982144367154432,-3.6543285792665885
train:4201,-16.720192465242384,-4.466640087406772
train:4202,-1.601670835849231,0.21847915152185265
train:4203,-0.7508551961032127,0.6212282367794013
train:4204,2.4695662879499443,0.03696081806858924
train:4205,0.02981407752313009,-0.5982828032472847
train:4206,-3.83249934318521,-2.317559127054618
train:4207,8.218767187968316,2.7202286190917127
train:4208,-6.720359676134751,-4.856853067976241
train:4209,-0.4937789308357394,0.00911257199051825
train:4210,2.8855670458710665,-0.13437866659073155
train:4211,0.06404215865053803,-0.10508248462150258
train:4212,-42.958497908657,-16.59342722988465
train:4213,8.219471071519795,5.10373667016494
train:4214,-3.972291360375062,0.00041796626388015956
train:4215,3.461592056380461,0.3093841175963107
train:4216,36.80830125704885,15.457677070730867
train:4217,0.2335951069649088,0.011429098223398979
train:4218,24.19284462931355,7.3662047276316445
train:4219,0.6505883453427792,-2.0640300391953335
train:4220,5.138358440204129,-0.06937081036109213
train:4221,0.13235535908760002,0.03686869485052773
train:4222,-0.1395151297349998,-0.01171965111665016
train:4223,0.2550099736606028,-0.04737336942299558
train:4224,-0.4183798802048092,-0.04631486187795206
train:4225,0.14323940258347714,0.3095103724131662
train:4226,-19.725706422413303,-9.57265051547103
train:4227,4.530026848381235,8.688040446252165
train:4228,3.505991580268259,-0.23826929723080176
train:4229,-0.3321715214022424,-0.26707579596968445
train:4230,-0.5527791567936556,2.576726966271332
train:4231,11.220026229509696,1.6306230147181706
train:4232,-6.874190311369796,-4.6532909288216295
train:4233,0.37655343784520934,-0.041384504284137646
train:4234,-0.5520574901867987,0.03158296917898788
train:4235,-5.6690668196865115,-14.512552688118085
train:4236,1.7840434505783507,3.1012462544914214
train:4237,-0.17689859901556465,-0.2592690754593225
train:4238,-6.213696950100668,-0.45096497375923844
train:4239,-4.612765417993839,-0.12384466371027847
train:4240,1.9440772339544736,1.0518481798534072
train:4241,-6.868901421487623,-1.448763353765438
train:4242,-1.6144288414488854,-1.6686630088819607
train:4243,15.023031882008269,5.404580356949262
train:4244,1.2198029105584425,4.239945152769158
train:4245,0.09755938247926071,0.06480442767033504
train:4246,-8.667699548029542,-0.5635339824588086
train:4247,-9.191400068324528,-5.597862988596944
train:4248,1.2599033517510518,5.494007571023271
train:4249,-2.458690669798408,-0.028762624784041277
train:4250,2.50995102557038,0.0506127442821329
train:4251,4.048761114927452,4.0537896296866425
train:4252,3.6103323210705063,1.9990391354484112
train:4253,0.42774794855376236,0.3157982902749996
train:4254,-4.872388263283254,-5.344189242676313
train:4255,-38.687659819492225,-13.484519489343219
train:4256,4.619450743906623,1.3322179718200942
train:4257,3.296829375022927,6.195515283996497
train:4258,9.87401677215794,18.31613291708485
train:4259,-5.872922933139891,-0.04804890402357745
train:4260,5.785466855999648,10.119624555367219
train:4261,4.346066835710874,9.760410342203999
train:4262,0.14798515378730615,-0.7956160147850009
train:4263,-0.5213067518752943,-0.20809318338545457
train:4264,20.970259307731023,10.256607465135176
train:4265,-3.6810881333146894,-0.22284983924648377
train:4266,0.2673131747132077,-0.029989507750094624
train:4267,-0.20790010165373907,-0.02024263588885078
train:4268,2.447187068244572,6.398017168011142
train:4269,0.03329862654448135,0.12671222883333713
train:4270,8.777027739757788,7.992708234422489
train:4271,7.888060937392777,12.961281806021349
train:4272,1.9643524741273408,1.633578661379879
train:4273,-23.486482781155058,-10.202099682666882
train:4274,-2.5606535952611353,-1.3431234519382744
train:4275,11.49625821606499,12.837414560482124
train:4276,2.07426872582199,2.219472627315977
train:4277,-9.966273576875832,-2.092075442512833
train:4278,-5.421246344171082,-1.8517179419198009
train:4279,-3.571105631021569,-9.989204102678425
train:4280,-0.7445647598929207,-0.12332373776254082
train:4281,1.3757691396466663,-0.2735176091803121
train:4282,2.886846960941884,-0.18677721530415636
train:4283,0.2982053638639044,-0.0983376955156243
train:4284,1.3771985253659653,-0.053184443527383274
train:4285,2.1066162197857734,-0.010895214295624303
train:4286,-0.09131921409655491,0.1752747531939039
train:4287,4.007909368702354,6.6762776485714825
train:4288,-0.7867383799012024,0.1778551305948911
train:4289,-1.1584092351774813,-0.5305647126143498
train:4290,-8.654748834548721,-0.09988920315484676
train:4291,0.7796173135508043,-0.370076151824911
train:4292,-0.5236865431098562,-0.10577767074866282
train:4293,-3.0985559192859693,-0.1313977333004494
train:4294,-7.6456094904709815,-11.931909938024264
train:4295,-34.17535898768287,-12.37934787866828
train:4296,2.1664346987493706,0.3518235686610062
train:4297,0.7979031761036097,0.858563896094882
train:4298,-0.8148374670661722,0.14522646343432222
train:4299,8.502522453011071,7.946941505286018
train:4300,-0.1640975305269038,0.4112335217016097
train:4301,-3.7278898806572336,-7.6430443663432
train:4302,14.07258173476299,1.1552474509986135
train:4303,10.146634497993825,3.1999495597536534
train:4304,5.858886931516768,2.383918598974988
train:4305,2.264203380183263,3.289446392302945
train:4306,0.16299056565370007,0.05066510079940518
train:4307,-1.9649877231165163,-0.06286840197141438
train:4308,0.11947833486893736,0.636350139979249
train:4309,-0.1819171980788874,-0.13789511289657447
train:4310,0.5181132999521644,-0.11199739674331327
train:4311,1.8558477088674907,0.19079118486382363
train:4312,-0.9200851436927556,-0.031328450782407855
train:4313,-0.5664069048992064,-2.263695540985436
train:4314,-1.0197362719561944,0.1136036263147021
train:4315,-5.706404727151987,-4.896003759387864
train:4316,35.88276412432768,14.461508590478987
train:4317,-5.952292079941495,-4.828697530513416
train:4318,-5.479756548158551,-0.02511967400492536
train:4319,-0.9675547435595387,0.106081835107125
train:4320,-0.4768946752425228,-0.09543055352931787
train:4321,1.1399648954862533,0.03345888750016446
train:4322,1.1087499380689692,-0.10039800293373388
train:4323,4.9290451371026345,12.44663692842665
train:4324,11.807821995472402,1.441190858151433
train:4325,0.19795832890158432,-0.010036289223779457
train:4326,0.7888796121335755,0.4659894511373808
train:4327,-0.625300606868528,-0.6796060273480811
train:4328,35.876556559480036,16.747390140083912
train:4329,0.015579032264925463,-0.3357569184005661
train:4330,0.7585087105866399,-0.2106837253691547
train:4331,0.8705334747494793,-0.22237592003564316
train:4332,-7.443656745088771,-13.106301715000692
train:4333,-4.428989512249757,-4.868281910787458
train:4334,0.46427771494700815,0.1886121836517889
train:4335,16.25130124067327,5.404210580129726
train:4336,-3.0908197090504412,-0.11247966161153924
train:4337,0.8739481700696353,0.3645959909808616
train:4338,-0.7300670949377934,0.031717284331608725
train:4339,-0.31756105608603363,-0.2536652875118738
train:4340,8.678776939933616,3.1918795230532226
train:4341,4.784929396644128,5.249642728277165
train:4342,1.253925688103017,-0.04169839373135378
train:4343,2.5390794378231782,0.11931191330548033
train:4344,-0.3690952463981523,-0.07217099240509642
train:4345,-0.7050025757556104,0.03833895715845167
train:4346,-2.1720359531250124,-0.14457306541296486
train:4347,0.638577460527289,0.047952476827542216
train:4348,-4.560217302952309,-5.786422916971304
train:4349,3.0816785805922686,0.14498080151949155
train:4350,19.376172276050124,5.51560185251229
train:4351,3.157402317270268,0.04436976457545142
train:4352,2.5462156733406207,8.74769663185084
train:4353,0.981439301172874,-0.23445793536547355
train:4354,-2.607306336871679,-5.541872615172189
train:4355,1.8741823876507486,-0.5661657177513981
train:4356,-1.2878110664028677,0.007004758522676582
train:4357,-0.3583688677037249,-0.04210326511015139
train:4358,8.703259441796773,10.358186527005513
train:4359,10.028851626990868,9.303176739701716
train:4360,-2.2759243301917325,0.054510915250349914
train:4361,-0.962987636513342,0.0760097209922723
train:4362,-1.9279066820065172,-5.435347788340557
train:4363,4.995446833430119,1.607548769986147
train:4364,13.36488121898032,19.440041027902762
train:4365,-8.863637668903518,-7.035445699451138
train:4366,-2.189652103487657,-2.239986455648885
train:4367,0.8920737526657883,-0.021948787846119977
train:4368,1.4620601954682022,0.5293317067449952
train:4369,1.1651419825712774,0.3658374253495356
train:4370,-1.6679263159435975,0.1901828791699572
train:4371,-3.950571392239039,-10.966285707837953
train:4372,-0.7846463719680703,-0.021262767676002645
train:4373,2.452768390592981,-0.23800041726914256
train:4374,1.7077604193743086,-0.06130162962552124
train:4375,38.60140601637057,13.177496247093792
train:4376,-3.601225710127274,-4.427155855021356
train:4377,0.010624766019592002,-0.9794418868401145
train:4378,6.662328163045386,2.0428134637123345
train:4379,-0.008628820187375291,0.867828003775065
train:4380,3.134169975823178,-0.005133179844676233
train:4381,1.5824063834863997,-0.04411328459273381
train:4382,-0.4538122112458336,-3.6297940584833412
train:4383,-4.196085882011186,-0.20447213104067458
train:4384,-0.8281238502459156,-3.4197745204246086
train:4385,0.1070032309476674,-0.022790165638334067
train:4386,-0.6142580268528002,0.045208110825452875
train:4387,-9.86611847914753,-11.847236752782901
train:4388,1.4462962723638717,3.932556758664991
train:4389,0.7072472519048949,0.05214624099409209
train:4390,0.20755722701623794,3.6580499693375343
train:4391,-16.610126277982776,-9.041401060878089
train:4392,-0.3004599169546635,-0.3096550902933885
train:4393,-0.5944751913473432,0.03825739084033062
train:4394,4.042379671316103,1.4798194109984328
train:4395,5.956882027276664,2.0357908426789693
train:4396,2.2579628062655046,1.8525610074880616
train:4397,1.13821541477013,0.007053334528483696
train:4398,-3.5572994712166257,-7.120635887467963
train:4399,-1.4319721362182234,0.10447397644795009
train:4400,13.753832206232962,2.293931298560895
train:4401,-11.938132214119259,-8.627864464480705
train:4402,-0.048817827969520416,-0.02426035661585299
train:4403,12.531366864910527,2.9225070962778887
train:4404,-9.058789151092487,-2.6921205048366863
train:4405,-4.294621675637904,-5.819087106673565
train:4406,-3.985413163120708,-0.13120524820254856
train:4407,-0.5773195407586343,-0.36725703155837836
train:4408,-1.029872148605826,-1.3694599214127097
train:4409,31.166245938959587,13.39018183036992
train:4410,6.365569184043032,12.814940347116986
train:4411,0.0931382592079412,0.23215518741228736
train:4412,2.072769370172376,4.14503148926393
train:4413,-3.703204907666819,-1.709882852681913
train:4414,-4.404269902981545,-8.597914824671243
train:4415,-15.246238922289853,-3.87650823944863
train:4416,-35.6784004951544,-12.212900375844882
train:4417,4.589328340218516,1.4013767939732815
train:4418,-28.76816087888324,-13.623931056740721
train:4419,0.06898050150641435,-0.013378618011009799
train:4420,22.34023427981962,11.940450124935598
train:4421,0.07475418304862996,-0.5865058680596524
train:4422,-2.333185071137856,0.04277010891285186
train:4423,-1.3250343719559003,0.19786587709284129
train:4424,0.07997949560209523,0.3321918719352425
train:4425,2.0412094447265603,0.010656696932822896
train:4426,-2.4912204110225478,-5.0385784022648235
train:4427,3.1367307357977743,-0.1158908955700026
train:4428,-2.4195056491559037,0.034269914205049726
train:4429,-8.783414470527235,-0.13860806029458045
train:4430,-7.972077562410277,-8.874393186392986
train:4431,-3.6443204459125473,-9.899528658795004
train:4432,0.28278954697434866,0.126042364999953
train:4433,1.3367461423976166,-0.013520922168990979
train:4434,-1.164664918880856,-6.886059858861242
train:4435,-2.7214154378457223,-0.09671582043186625
train:4436,-2.446654911951211,0.08704496262868218
train:4437,0.45033789165392135,-0.10863473879065705
train:4438,2.194811341053199,3.5547903631253237
train:4439,0.3630755090754998,-0.1419551325537435
train:4440,-23.38826638515044,-7.915279995575359
train:4441,3.175743272426013,10.385100344778042
train:4442,-5.796970457553485,-0.10577545950610773
train:4443,4.989190452352023,0.6295039190374563
train:4444,0.0582739398769683,4.825639108249627
train:4445,-1.0682449601568957,0.16236773039980762
train:4446,-3.0422543010391183,-0.35470559083322256
train:4447,1.6091669761040088,0.2807351163916749
train:4448,2.1774329954703306,-0.2103041049537282
train:4449,1.1730506768210716,-0.058618072793697046
train:4450,-1.3086307237744013,-3.9207587694963544
train:4451,-20.27753996877634,-14.902763100792972
train:4452,0.21232029635896557,-0.08284159301113042
train:4453,-0.7458001010961707,1.4148588111621079
train:4454,2.4214716078751284,0.10427731852135654
train:4455,6.455983351671887,12.952889926533544
train:4456,9.017167330098868,2.494976615705377
train:4457,-2.933821365375506,0.1777330129415258
train:4458,2.231558339671959,2.2545757462261036
train:4459,-1.0408644014125397,0.15178764807772255
train:4460,1.9934664739692431,-0.0020305925486613224
train:4461,-1.6730556232438394,0.11004545172193236
train:4462,-0.484082632718421,3.3266095333095613
train:4463,3.2665000835009965,-0.24577297051550806
train:4464,-0.054011758660551884,-0.0032756647679904605
train:4465,-4.057980116896109,-0.13459918453779862
train:4466,4.05965410806558,13.152924349178322
train:4467,-1.0058608395956568,-2.9252650748758047
train:4468,-3.432513795726129,-2.6927082673739116
train:4469,-2.247598596242519,0.05870881658038996
train:4470,-0.528064254804809,1.9474952141499298
train:4471,-3.215043068057773,-12.113195306374786
train:4472,2.299263196894286,0.06274943436739817
train:4473,2.7381880566359267,-0.054293738320789015
train:4474,-13.554551973857482,-9.763868500057425
train:4475,6.682119657620292,14.682229971861146
train:4476,1.8102626479544166,-0.008634860756683516
train:4477,2.905767666948813,2.6051903657621502
train:4478,1.351395195781707,5.25066931546597
train:4479,2.2839135143740816,0.2344598727979376
train:4480,1.6326719910669127,-0.11137974676639142
train:4481,-1.8796915885632517,-0.40911335656217357
train:4482,1.7906287600664,0.8876728357509778
train:4483,0.6074919823498242,0.04064820769002209
train:4484,13.92303762947816,4.702527394360193
train:4485,4.001471205280383,1.0384317866371837
train:4486,-2.082754554500897,-0.7944636007617707
train:4487,-0.13715306344125694,-0.3611607784947883
train:4488,1.1449288087485572,7.912500332534321
train:4489,-8.218512121897334,-0.46650241223343164
train:4490,3.5233287807426033,4.610862688142047
train:4491,-3.8918924235691494,-7.768168738940201
train:4492,-1.078041447775762,0.06991507286279477
train:4493,8.798307896903255,1.5186254338930802
train:4494,9.787966310615063,7.54294321064565
train:4495,-0.5136006449818783,-1.2511176437234035
train:4496,3.638920965289443,0.610526108134356
train:4497,-5.593393293988406,-0.016882046517939647
train:4498,0.8229619419443466,-0.07248516717393258
train:4499,1.7293390529002588,-0.13964951987282825
train:4500,-3.5919422578446403,0.13860186606087416
train:4501,2.4685753184717574,0.04077446250687758
train:4502,-4.578732136871761,-7.496369081143421
train:4503,22.608256771162235,7.1936273751239
train:4504,-5.507245664901104,-2.130301121232375
train:4505,17.54691189187285,13.301697889571672
train:4506,-0.27241417895583114,-0.14508423692781833
train:4507,-2.3323275326895727,-0.7630884941387264
train:4508,-6.581702984990282,-0.1642636810532611
train:4509,-1.6492961827369816,0.1358064988192076
train:4510,0.3952898044676198,0.20463527518844565
train:4511,3.269832604833224,4.9490489832319735
train:4512,-1.6462874757334225,0.14043006434110367
train:4513,1.1734486453283801,1.8472968235988327
train:4514,1.5421741384715681,0.1902430820317798
train:4515,-2.9331251529459563,0.05102981316018604
train:4516,8.522769565736867,13.394591761328833
train:4517,0.7433160536077245,-0.02713012146993779
train:4518,3.7363576963562575,3.472467657389624
train:4519,2.578817941535718,11.119816070461273
train:4520,-0.6971923275705624,0.1884864281477684
train:4521,-2.5748354075823228,0.21289968724251002
train:4522,-5.359984299535531,0.058356587040484645
train:4523,1.2779383918626275,-0.0003750138485393295
train:4524,2.752284324324702,0.4967203015424371
train:4525,-0.03523494430433788,-0.07120168353150927
train:4526,5.286596595095234,12.231029651761594
train:4527,-31.091872957734253,-9.120133849990792
train:4528,0.058887280943868595,-0.06148947824709691
train:4529,20.23149958155204,7.896020726405644
train:4530,8.03986360693988,3.7526808791173294
train:4531,4.428398895242708,3.2449122525649288
train:4532,4.704521626425086,11.004455974344335
train:4533,-6.901840754131083,-3.637930004477995
train:4534,-8.125783600028548,-2.8319035609834446
train:4535,8.023690092416228,0.986972035216606
train:4536,-1.3923303351336274,0.21982351566494612
train:4537,12.54656405482513,2.8360349582223483
train:4538,-0.7428631655742889,0.6030811397729672
train:4539,1.5047639364933745,-0.700879963988231
train:4540,-3.513058948765159,0.15990176696844538
train:4541,2.3505911386327427,0.058920168570414155
train:4542,-7.105854474271353,-5.640087164499341
train:4543,1.1093922201867805,0.28294165114004083
train:4544,1.3643842648721702,4.240772870788814
train:4545,-0.9079505910934523,0.16902578173320215
train:4546,2.004802764971527,-0.044917356583131285
train:4547,-0.006688375026886323,0.057609829030507174
train:4548,-33.130472215419445,-14.973899487094465
train:4549,1.938547982251881,0.09383825640996259
train:4550,0.38460858078636107,-0.007486227244918556
train:4551,-1.7114283185657895,0.06426278023994397
train:4552,-0.6485963513006467,0.13758540778957995
train:4553,-0.016504854054414153,0.2621313621324109
train:4554,11.869614974728686,6.117732615878435
train:4555,-0.1998414718389836,-0.03716752207075927
train:4556,-3.144781402650933,-0.32563566890866347
train:4557,-34.44672887768509,-10.539014299296413
train:4558,1.407100791100556,0.06839423729772363
train:4559,-13.591141830705833,-4.304137441301666
train:4560,-24.754986941875533,-7.890870160340057
train:4561,2.405949906257139,3.2475374967906627
train:4562,-3.8792694762070803,-0.2583983452054496
train:4563,2.5389597218294493,-0.13374468195106398
train:4564,-3.669666065221753,-0.8057741777614926
train:4565,-0.7006332325573067,-0.1444311179070087
train:4566,-6.871972194841328,-4.885936471347346
train:4567,-0.13832505977403864,-0.11403188255481175
train:4568,-5.936012564460289,-12.723485697430046
train:4569,0.5425572137474393,-0.1378916533719318
train:4570,-4.08314418631968,-0.3446316690650395
train:4571,0.8550631464025849,2.3377293085192794
train:4572,-2.5546064265992654,-4.961142114593456
train:4573,-5.793464987290511,-0.08683531105684911
train:4574,5.167251604717793,2.4929571092789296
train:4575,-4.5360509442958925,-6.730408355495873
train:4576,1.633718285606279,-0.08302323588747082
train:4577,-1.4995140402141347,0.10290784607570198
train:4578,2.0445584705938455,-1.4359146079122294
train:4579,7.6972592137953715,3.6403800014101657
train:4580,-24.708458100507045,-7.711524979005618
train:4581,2.140120425953042,0.12799182496868777
train:4582,-0.05103094664582292,-0.04401484863382954
train:4583,11.869448534628665,3.4955667251025884
train:4584,-30.4100673600825,-11.217604979750242
train:4585,1.5442104726561605,2.840487116781022
train:4586,-13.327353798667614,-3.928394261369506
train:4587,3.362503477058428,0.1877430939972311
train:4588,10.301533511301061,2.472292690949531
train:4589,-0.20178197511403262,0.15180248480196318
train:4590,-0.5336209946943111,0.1695075472885931
train:4591,0.17050280237474733,1.0488908212619785
train:4592,-21.271762002660736,-7.573698658528905
train:4593,-0.6106213920277652,0.12149908184888793
train:4594,0.293414631990587,0.2656342556613032
train:4595,0.10157533103782404,0.071449710861234
train:4596,15.67306880671446,3.50410811311928
train:4597,-3.1125052733669065,-0.1429552204970895
train:4598,-0.0758402847947712,-1.1643564748667905
train:4599,-0.05211350467066836,-0.1602430892774575
train:4600,7.482537537276214,1.033334373234852
train:4601,-3.494571080001576,-2.8413328698816147
train:4602,0.6991471282942547,-3.8246367689303744
train:4603,1.1946711528302667,0.3221974122382329
train:4604,-0.6837818116905254,0.06287854240045379
train:4605,14.835899279274972,16.85614104619488
train:4606,0.12148514685701778,-0.08968863425258067
train:4607,-5.816468124912714,-15.00160535768415
train:4608,-0.1283381307418473,-0.04381562281265586
train:4609,4.734859751360146,2.7704763242704775
train:4610,-9.329747125092984,-4.097528637888561
train:4611,-2.5254236191182486,0.5075311377247071
train:4612,-0.7288185617294093,-3.3685210565353
train:4613,-1.1383078737683214,0.28475123218456455
train:4614,-15.64723403588634,-9.495738078294005
train:4615,-13.509221687175723,-2.0122878193709433
train:4616,0.2435977850428771,0.20045809534105902
train:4617,0.7026614319703581,-0.22375052827045794
train:4618,8.738086335351065,1.1178550540703176
train:4619,0.9960669683988613,0.10815409036807261
train:4620,-2.242429654812314,-7.1512657340195345
train:4621,0.8080910071699374,0.3704373805073756
train:4622,5.678226431108519,11.003564629603417
train:4623,-0.4304102333979204,0.16784276696622571
train:4624,-7.076456410459865,-6.0602654775673725
train:4625,-0.4792111216066166,-0.5622913354732495
train:4626,6.702689422383556,1.0670969085133502
train:4627,-0.8027603316522107,0.04810797711044898
train:4628,6.213829743137278,12.917925473930744
train:4629,-10.286076606150672,-7.752834984437494
train:4630,0.17721282570869093,0.07454388116945856
train:4631,-3.3833784001097125,-0.9880126629836672
train:4632,-7.71658550005011,-5.926771480568927
train:4633,-1.3566140563521372,0.34701889524080726
train:4634,-11.986052085597407,-6.518278578735529
train:4635,8.990423474474555,0.7402671272039678
train:4636,-0.274884919476891,-0.02687022913930899
train:4637,1.7970513487862743,-0.205551110411954
train:4638,-2.731586880606112,-0.2630891039688586
train:4639,10.718660296937955,9.440516872137927
train:4640,0.5510589089681117,0.022870709177111523
train:4641,2.6610258683672585,0.6409179964548377
train:4642,-4.595737386979027,-3.4200273153799396
train:4643,5.421476304752117,11.86668307329759
train:4644,4.581756710417085,5.816950558564034
train:4645,33.879833259026476,9.692855312876901
train:4646,-1.0628170602470526,0.17626517586737195
train:4647,-2.5392720863229172,1.4211752611859425
train:4648,-7.477100977030054,-0.019352432434412065
train:4649,0.2389057316925459,0.1346939584923742
train:4650,-0.7189550680227909,-1.08017689602805
train:4651,-2.066559886277383,-2.778607764938087
train:4652,-6.348013645899665,-0.30887680424439967
train:4653,9.350531973109907,8.703716016055647
train:4654,-1.3032330434357902,-3.298775042488127
train:4655,1.1757864778505769,-0.11135342584694527
train:4656,-0.9265335352772978,0.20290372960699535
train:4657,2.6630257066081313,5.841625172262708
train:4658,-37.453362353741056,-16.481796857984516
train:4659,6.656586444511205,10.5689752921518
train:4660,-2.631390870227527,0.3292757423179057
train:4661,7.745835547343986,6.124500444705129
train:4662,0.7179062758242097,-2.843263641284239
train:4663,-11.988093068946805,-4.8141107480119025
train:4664,-34.78995253958163,-14.981675071883044
train:4665,4.332912488811593,-0.17138555834518832
train:4666,8.196877990233391,4.6036760071771745
train:4667,0.3027625914348905,4.352871455467389
train:4668,-6.3527650923303804,-10.219696037616288
train:4669,0.17560061158343532,-0.33049433944544976
train:4670,-8.833470168316802,-9.476957638621549
train:4671,1.5508462255823443,0.10897207178744568
train:4672,1.0701576859391029,-0.08785148400652329
train:4673,1.1933777551815146,0.02515435209328583
train:4674,8.032966106035174,1.0760183449278982
train:4675,-0.010872158434910323,0.0750966204778276
train:4676,3.6870402859377256,9.101923993739483
train:4677,0.25310486215263184,0.10486729230113719
train:4678,0.6023998683680223,0.10866709864085493
train:4679,2.9176011861269924,0.33900107239683863
train:4680,-2.1041376906467972,-0.14113461890499282
train:4681,0.6112039917592604,3.92839619880197
train:4682,-10.749228263691196,-5.735493007799089
train:4683,-1.813875687001198,-9.007896313683272
train:4684,-0.5814681648578205,-0.20004588325161837
train:4685,1.7689204148423898,-0.16933306160642653
train:4686,-2.0295994909940736,-4.5527447312157365
train:4687,3.503798569229738,0.021054494404922547
train:4688,1.3954060494918061,-0.018721194015337117
train:4689,-7.645244531033788,-8.767953956047357
train:4690,-4.236639151855804,-0.016868458075786547
train:4691,-6.493203808344608,0.13884923990542491
train:4692,16.613270335063586,11.125409515499996
train:4693,5.925476454102374,0.13307368834272876
train:4694,0.01592806831266122,-0.09903152636508947
train:4695,3.2295103984794156,0.3727633223537168
train:4696,1.6337578035071219,-0.1562766016138488
train:4697,1.5974064488132682,0.12467075264214836
train:4698,2.0067860986773423,-0.013903110478997602
train:4699,-16.001770045586415,-4.971499860043147
train:4700,30.050319928475684,11.215583701575197
train:4701,1.314268360398378,0.23263944953185342
train:4702,-0.7816303425299433,-0.03413833376149253
train:4703,-3.1086699448610178,-2.289660093728185
train:4704,-1.6154002844348914,0.14413186270434714
train:4705,-5.362474857121573,-0.07554174635872049
train:4706,12.738282593722081,4.2228133014171325
train:4707,-4.495987696421723,-11.104739735878693
train:4708,22.45575300756254,5.481877978313304
train:4709,33.22041803907563,14.236220921890151
train:4710,-1.7770122268040733,-1.638569852297632
train:4711,3.3167092037291286,7.042255125415478
train:4712,-2.122266876345674,-4.578076155283679
train:4713,0.16415645995767522,-2.1123295683526537
train:4714,-1.1404387022275753,-0.6486889332555617
train:4715,0.5931874320777848,0.6570532907185642
train:4716,-2.8412220902882988,-0.2089654115778325
train:4717,0.45361299580080716,0.15041068593954265
train:4718,-0.621615736958641,0.10498152794474966
train:4719,0.47440673407855244,0.3639408925413131
train:4720,-1.1065894118026551,0.023454405881251902
train:4721,-0.7282351496609413,-1.4720423167598204
train:4722,-0.25665327780862385,-0.30334331241108153
train:4723,0.02413605254677746,-0.21023883763315038
train:4724,2.6875089058460087,10.279183252997036
train:4725,-9.376576302507878,-7.732162862424356
train:4726,-0.021132167784835648,0.12887999550658388
train:4727,-0.3088050515505274,-0.009160708502366374
train:4728,-10.203110400539437,-8.126164628785968
train:4729,-2.360237166388739,-0.05373133374254205
train:4730,1.0319306257046699,-0.16033819053992793
train:4731,2.66507761549482,1.661358715590767
train:4732,-9.620673261930978,-7.874125775748008
train:4733,-3.2168848346952754,-1.25977915214212
train:4734,1.308812565499705,-0.16530902813858156
train:4735,13.335487339417158,6.887600535790432
train:4736,-12.761350527811889,-4.9619398738430105
train:4737,0.3972008436607171,4.889999962040686
train:4738,7.830379679490041,2.5191045531801066
train:4739,-0.8598617224746427,-0.7213968710400833
train:4740,13.203092143432068,18.347803616906226
train:4741,6.290475874112591,4.430618743704569
train:4742,3.4743614524338877,0.3712666677959417
train:4743,0.37023440927136664,0.5233162710302737
train:4744,-0.18159297694829835,0.17927988410442305
train:4745,-0.23830558136391183,-0.07480879078211111
train:4746,-11.747567597926908,-4.759923607225626
train:4747,20.006729200223344,7.199249352324625
train:4748,6.4167490498824495,-0.45566628942258786
train:4749,-9.378486179409775,-5.417194485588888
train:4750,-2.962411404343884,-0.3324439420749945
train:4751,-3.3255141975718994,-9.155666663260657
train:4752,-0.4993531632078203,-0.11616969045795722
train:4753,11.116773858188301,3.725655500591374
train:4754,-2.1993551428939426,0.23716300982593513
train:4755,-7.5067096480072095,-0.3917478981337634
train:4756,0.46137303300596116,2.779066502284191
train:4757,-3.847502198010961,-7.851653844955831
train:4758,-0.3880819124307522,-0.40569399093753983
train:4759,-7.788664291520986,-9.731424008002575
train:4760,4.729532273410091,8.659553365066886
train:4761,1.0359672630466155,1.7545530310137996
train:4762,1.8580256101203956,0.4656205302827047
train:4763,7.772932739493477,-0.23379449126853968
train:4764,0.35116678965659953,0.21823612883200708
train:4765,9.079969178117835,2.0524008407879917
train:4766,-23.819920880970017,-14.258312864103349
train:4767,-0.8608859334811853,0.17885668081153966
train:4768,-3.6135869095108215,-9.74028495623368
train:4769,-0.2621388273620493,-0.032105631210119154
train:4770,1.0603797949794567,-0.08789356894547512
train:4771,-0.7483354650080201,-0.23100814732310604
train:4772,0.5318555337410384,-0.16832823019114784
train:4773,-7.469889657501011,-3.2992272772558464
train:4774,1.5051837560752666,0.15065142605642814
train:4775,-0.5957796888770674,-0.18605556559673997
train:4776,1.6738391831240311,0.9976048307079883
train:4777,9.438882841398302,2.390652474528901
train:4778,-0.5724103714119094,-0.028550452494359543
train:4779,1.9967385561590056,1.9458865708562998
train:4780,6.989362503257931,0.4019435924148157
train:4781,11.25133463513956,2.327897696136892
train:4782,11.80944455398935,1.6435903117044943
train:4783,0.6733317108815035,0.047113702595110746
train:4784,1.0032873537992744,-0.273274194173239
train:4785,1.302122882261783,4.443753809803461
train:4786,-4.012518723766848,-1.6415254989593406
train:4787,-1.6868237761265017,0.24353709481701233
train:4788,4.104292599024355,5.5212706224586965
train:4789,-6.244948171003431,-3.099784326329354
train:4790,5.761483209520069,-0.2505800691694771
train:4791,12.042716398080476,2.5531163168936857
train:4792,5.143916516728512,1.7885122955492965
train:4793,12.308317604392647,10.543574820251814
train:4794,3.239018870338612,2.5134791521199418
train:4795,2.831175769442592,0.3143173284063252
train:4796,-2.6317927905249197,-0.08042773644062295
train:4797,3.177353743114467,2.378494349656932
train:4798,-18.6003556250367,-4.882908638315774
train:4799,0.28123196053555183,0.10904308120562628
train:4800,-0.10519237998924996,0.3837718150882505
train:4801,-7.257206174832369,-4.725853352579945
train:4802,9.18565399246521,9.755111349077128
train:4803,-0.05979183280437439,0.224718778699499
train:4804,26.678883227164274,12.797855288510643
train:4805,11.308534239568498,6.067830435181504
train:4806,3.1324632674232604,1.564014682526274
train:4807,1.481353996950733,1.5081843745303463
train:4808,0.5878385679696265,0.17180559894657804
train:4809,0.40074443707509194,0.15626997939771248
train:4810,5.626577929456757,8.006113785417153
train:4811,3.493428142215694,4.334940988900948
train:4812,0.392010051155929,0.020303028588214866
train:4813,1.6248944032646202,-0.016578642640258948
train:4814,0.11077974751877298,-0.11752079532432347
train:4815,0.36482173537625967,-0.017729380398971484
train:4816,0.9152679709614778,-0.15320589900887024
train:4817,-15.49199470371538,-5.2930778689537705
train:4818,3.6419949930585123,0.21945430948865005
train:4819,-2.1545553259164336,0.3243189924742401
train:4820,-0.8310931555777521,0.07384309560550559
train:4821,-4.882308186227693,-7.8587583532941405
train:4822,-0.1063118407597351,-0.028988706502698608
train:4823,1.4325665913199712,-0.001628217734038817
train:4824,7.906828685877621,9.587338812650392
train:4825,1.9374435731524522,-0.10407037750491357
train:4826,2.041555342588053,1.1685254632291309
train:4827,1.5448292764917064,0.017216989946160666
train:4828,-6.048033260603924,-2.72463261811548
train:4829,-5.082643022257762,-2.578983349461266
train:4830,1.321499671336083,5.789779380690253
train:4831,-0.9595963032463312,-0.004726810527373573
train:4832,1.5425700148547143,0.03812981641098258
train:4833,-2.5933967331498247,-5.011430620763883
train:4834,0.24208889860541272,-0.1126206104918254
train:4835,-3.41780128124245,-0.14127296422549634
train:4836,-10.807628282472786,-5.657449555720335
train:4837,0.2973112132427818,0.034539436140353943
train:4838,1.9061526018906063,-0.16837595023209495
train:4839,0.5333539595576916,0.15841509866737075
train:4840,18.83367425261554,9.05607737454941
train:4841,0.36135648038884916,-0.03733036938538134
train:4842,0.8651216144582132,-0.012831442474231
train:4843,2.258735962372577,-1.202584150837673
train:4844,1.3035334388636217,-0.08839619864432946
train:4845,2.0684902788858492,0.24989270523319368
train:4846,7.312778863419222,2.326065360693172
train:4847,-6.566208248528161,-0.9691036859213948
train:4848,-0.618624696781341,0.016759298402458267
train:4849,0.08153347893816816,0.039103084122047396
train:4850,1.3624727607625924,-0.0775125697837537
train:4851,-22.40379643936102,-14.112760034156699
train:4852,8.815473543196296,2.9037520502296132
train:4853,-0.33027989247220596,0.164560712371223
train:4854,-0.4801216605336768,-0.11890046801789347
train:4855,-5.654278756274751,-2.3614401656044266
train:4856,0.20091519771756752,0.1687904627270969
train:4857,-6.063174195624384,-2.0605565337933025
train:4858,-1.797299089888953,-0.04452129450935155
train:4859,0.7302453916749334,-0.02531554729706388
train:4860,3.8405701202098865,0.4875801661061496
train:4861,-8.059895636412017,-8.928366335964252
train:4862,-1.8886528537248988,0.2029028023117303
train:4863,-0.9462378580121101,0.11632398963550789
train:4864,0.07306514147497165,0.06875213760482671
train:4865,0.3962435806273666,0.12406826037628965
train:4866,9.539466592121624,6.892217039602233
train:4867,-0.9163505858340154,-4.416128745051116
train:4868,-1.4906687717143727,-2.203649606053825
train:4869,0.35414330119388393,0.03872439100188593
train:4870,3.1594832834369884,5.4585575010232095
train:4871,16.651668717021085,8.7320644309336
train:4872,-0.31790550108352444,-0.03812409846705336
train:4873,-3.68941153306509,0.39606625236418014
train:4874,-1.6846554056614473,-1.213898579679265
train:4875,3.7068936144045384,0.8408374344867513
train:4876,-1.5306392687506825,-0.7350769727636033
train:4877,-3.825508858984404,-0.12481518520075066
train:4878,0.2323993417770615,-0.028801606850375472
train:4879,2.080907268247057,4.047897738233386
train:4880,-0.4940280098401676,0.06155810960823886
train:4881,-8.27720503806164,-9.222629935547848
train:4882,4.64836389982895,4.926860091486849
train:4883,-4.905196024562732,-9.625019586894588
train:4884,-8.68560534135954,-0.9982604882792478
train:4885,4.56867442557228,7.637790964856655
train:4886,-11.564824736602498,-3.4061506983906362
train:4887,0.5402981845686874,0.16519198645550043
train:4888,-8.424146540888628,-0.12700666923366097
train:4889,-0.14213028493781515,0.011963398622074711
train:4890,-0.7651987993596141,-0.022335434306439292
train:4891,-8.277086949275592,-6.053180941742464
train:4892,-3.0272756218703534,-4.224125555366447
train:4893,-1.2584753013997667,0.18120765963003688
train:4894,-0.9970565999752986,0.07478661853768412
train:4895,-0.8109546008501521,5.589709578164593
train:4896,0.8947328424760109,0.1833400820876046
train:4897,7.315972839640261,2.3383247747402454
train:4898,0.12852421483003562,-0.06777054839005006
train:4899,-2.127637126611935,0.24620841848437847
train:4900,11.265413236002077,5.675574837134367
train:4901,-1.3480721458559013,0.0876938553229954
train:4902,7.53196001881934,5.165293097752897
train:4903,-0.004869621755168363,0.027723530620687553
train:4904,13.801229511587028,5.47993836194046
train:4905,9.972875682738607,1.6954104243311479
train:4906,0.13234768796567176,-0.20956127011602588
train:4907,-2.4418988163556907,0.13800019409467298
train:4908,-4.947262597551379,0.22311434389976423
train:4909,0.05353737077362919,-0.04082991038523853
train:4910,-0.20824408173474934,-0.03761390774526868
train:4911,2.62165116180071,0.251463258090552
train:4912,-3.833276683540607,-2.695673614970701
train:4913,-10.714419036963161,-1.4902939128095842
train:4914,-7.355220797084446,-4.34032392640298
train:4915,-1.0164462904819325,0.2830305288246747
train:4916,-0.9578514716950127,-0.24775463616210175
train:4917,-4.763222154329892,-0.05055117463108627
train:4918,1.8821034021872762,-0.2614175472580159
train:4919,-0.20761179532126867,0.02101137517509817
train:4920,2.5635110313317195,10.975426211437794
train:4921,-0.7210776442145159,0.1406471227635281
train:4922,0.48457631717302047,0.6072188025759822
train:4923,-8.864806468935496,-2.144736112632043
train:4924,-5.244077366531393,-0.12463985506525305
train:4925,0.17578483473883363,-0.009015800784602582
train:4926,7.756390081284309,3.6288307528753037
train:4927,2.7635783079272604,1.8482415234826937
train:4928,3.4881071730963655,2.791615517775577
train:4929,2.578220523858275,-0.6164311128706039
train:4930,0.13466948086929126,-0.48962120280337945
train:4931,27.47855817028436,10.657887215380065
train:4932,3.2820943120899444,5.6933492327746595
train:4933,-0.02726645017223947,0.11649764350648795
train:4934,-3.296581282699152,-0.11665448755556079
train:4935,1.6848456158834,-0.2395115162339308
train:4936,-6.535010028104175,-1.3569293091658148
train:4937,-1.6581556311893992,0.06625878329794328
train:4938,1.1304004011911568,-0.9585798832888572
train:4939,-2.8197157512750666,0.1970067023645789
train:4940,-0.23407646859903902,0.07557250127480579
train:4941,-1.0827518653270731,0.05052144136372893
train:4942,0.6371351733756563,-0.20947916881986733
train:4943,6.822732717314707,8.678106688729814
train:4944,-2.4416663581154405,0.25776965052728124
train:4945,0.08149698299444887,0.127341184679452
train:4946,4.0085314269532635,0.18852665849619016
train:4947,0.21774401202048443,-0.859251295696368
train:4948,-0.3786410278049087,-0.64888066938421
train:4949,-6.125172203048567,-0.14009301666593504
train:4950,3.481629956690033,9.641059167266327
train:4951,-3.4686956883628404,-0.13536716334326454
train:4952,7.093311319467117,13.139779011501112
train:4953,15.216682613798183,9.73814726683767
train:4954,-9.689028072393045,-2.8595381011681265
train:4955,2.484102366629273,-0.1237903099416661
train:4956,-3.7222574174959697,0.0229113675079633
train:4957,11.195529780152125,2.528018856554154
train:4958,-0.5504952545831969,-0.3098617344766825
train:4959,-2.1925880510620175,-0.10873124882862625
train:4960,0.5307639098448234,-0.14748416623674895
train:4961,-0.06763973922434299,0.031228385735717464
train:4962,2.237575521220837,-0.058464284440510356
train:4963,0.8999325846230486,-0.13879626556818114
train:4964,0.6294793936912546,0.17005672007671196
train:4965,-0.024290112978635314,-0.5523535121178125
train:4966,0.8390530500218293,0.00841278505223532
train:4967,-14.971813601177782,-6.380667390760305
train:4968,-7.782548780136482,-2.548671636516008
train:4969,0.8356466069692021,0.04546818148209419
train:4970,-0.2536071450283846,0.192317869522105
train:4971,1.1624433748602123,0.9026964456527311
train:4972,12.72797167601754,2.840274266852493
train:4973,-5.025558717115988,-0.6539596082116459
train:4974,-0.4253524070065554,0.12803312527318456
train:4975,-0.992758912029552,0.08907181608684532
train:4976,7.726856726776995,0.8561998638122692
train:4977,-13.245368566830233,-8.988829411104323
train:4978,0.9229951153256364,-0.2388900144151388
train:4979,-3.0208944107172435,0.1383863412421573
train:4980,3.7604761686151824,-0.06050230110705648
train:4981,7.260040597537167,2.6961497569356254
train:4982,-1.7358370149376663,-0.8055829409456792
train:4983,0.32698369400688543,-0.14743935290980575
train:4984,-3.2944814874149713,-2.952917305000927
train:4985,-0.08875322381155251,-0.6165177079822777
train:4986,1.8042629007735576,1.783977108399199
train:4987,-0.37494825431485335,0.04150563482336187
train:4988,-4.418998922000282,-2.9374745576393755
train:4989,-0.1846960038828389,-0.757192394191575
train:4990,-0.8099806008235036,0.187855867367541
train:4991,-0.7770017502792005,0.32924549822618443
train:4992,-5.481217315740284,-0.22493989144347964
train:4993,19.50408009816542,5.8606892216254565
train:4994,-12.598670672286996,-13.414439934322251
train:4995,1.7120334667465889,-0.0007656191463363132
train:4996,-1.4270791227191957,-0.22394433298085137
train:4997,-3.1454032284436027,-4.709073588107015
train:4998,6.675304911849115,10.714377472283081
train:4999,-14.805931400935204,-3.8542440227958217
train:5000,1.0643285631065877,-0.11027234222871826
train:5001,-10.06295202916295,-0.07978479983512751
train:5002,4.158632967098214,4.297384389380335
train:5003,-1.088716162626294,0.3179320680102624
train:5004,-1.4275658902742796,-0.1025552483722427
train:5005,2.5763271514914368,1.3099956974454279
train:5006,0.8502384756261909,0.12222219382960688
train:5007,0.5931336179951668,-0.14280289441720537
train:5008,2.54909443618788,-0.01943667364272074
train:5009,6.5017999409922504,0.7115079205236023
train:5010,0.1534444355595833,0.12787805297270782
train:5011,-0.3177413274513477,0.17706921219256694
train:5012,-1.0073720506155235,-1.9814297155233613
train:5013,1.1489610293839378,-0.0892777354545603
train:5014,0.22726433924993344,0.14834096290797266
train:5015,5.97904180640324,1.8796674173541004
train:5016,0.043858042107848993,0.1088549472624306
train:5017,7.103787747438715,6.299719304770948
train:5018,-0.9509130581400232,0.17851679143169988
train:5019,-0.262229602304867,-0.019354180029334644
train:5020,-3.669093985492497,-2.07912269692913
train:5021,8.27642705971295,5.408469290630031
train:5022,4.290743634197237,0.07474624552845235
train:5023,11.952067912545449,3.7011258302756675
train:5024,-9.515421749743432,-2.261147618918725
train:5025,28.052692830384036,9.6638803317214
train:5026,0.8730512299496297,0.021722467982574087
train:5027,-2.2613264176204972,0.24159612316647291
train:5028,-20.74084969792023,-8.573556917970784
train:5029,-0.6406105971442098,0.0851554558653525
train:5030,-18.60320091389736,-9.197692825958764
train:5031,-1.7157851671336797,0.11522286217347501
train:5032,0.07603967711721385,0.1376874815991394
train:5033,-0.020218839358892432,4.419757120273937
train:5034,1.2844358321358622,0.586841346465911
train:5035,-0.4215755998626496,-0.2724626324903162
train:5036,-0.9371289818679042,0.014262270579717184
train:5037,-0.21974931176313522,-0.29591532068608356
train:5038,-9.622066151706559,-15.91592077158687
train:5039,-9.819421338013099,-6.828831760248874
train:5040,1.0325266486326716,3.65129326805402
train:5041,26.372849164375936,7.151783247619361
train:5042,-6.776932573147975,-15.368802869775319
train:5043,0.5862227507416471,-0.06854227204177862
train:5044,15.982151791781922,8.795612403429244
train:5045,5.55368925347685,12.34499053065399
train:5046,-0.8452785710016634,-0.8305346019373843
train:5047,-3.0666289422787987,-4.541491361200827
train:5048,5.497324639046891,-0.08966013775578194
train:5049,3.344638596378716,0.6971561003761682
train:5050,-0.4918475515466202,-0.2702058811368281
train:5051,6.577957909663037,2.702210273466309
train:5052,3.823044163644459,-0.14043169342888975
train:5053,2.092749155921885,0.08348750133996248
train:5054,-0.33321921069105026,-0.0629581356209083
train:5055,3.0025177163739287,0.05270878823314905
train:5056,2.088628601155209,-0.05819661709573623
train:5057,-3.816149160398968,-5.281223326285495
train:5058,-12.060327142522167,-6.268863543315203
train:5059,-0.5072420985071932,0.08146974250843723
train:5060,-0.6393090634570486,0.12529129150047283
train:5061,-0.04714680190948148,-0.005762955990448626
train:5062,-0.29937805630453884,-0.06611375707304301
train:5063,3.491411799439763,0.009350637217216101
train:5064,0.7999033630318431,0.2928294005511658
train:5065,10.729763432325267,13.575906803127836
train:5066,0.6481867030336338,0.18391165262289447
train:5067,-5.5175565826056445,-6.35549061101041
train:5068,3.647477753113055,-0.542775407994806
train:5069,-0.05778287057757164,-0.08793922040467711
train:5070,-2.521893740740049,-2.888732209327796
train:5071,-0.10642690758865897,0.041261470847036255
train:5072,-0.9364857699171317,0.27798846781662545
train:5073,7.297748113604642,0.27407542445896527
train:5074,21.20516486833463,11.08342843361785
train:5075,15.070847612194784,4.810731053603979
train:5076,2.98612383143852,0.003610572531008993
train:5077,-0.7274337498776785,0.0069672030644424565
train:5078,6.898512243970368,1.7925173551294105
train:5079,13.892365229593619,4.798547820429449
train:5080,9.61681288731657,6.20570126583094
train:5081,3.103539883338363,1.2035673806517648
train:5082,-1.5422270795689172,1.1655220251960703
train:5083,-6.311428903132601,-4.498700821882706
train:5084,-2.824866793420772,0.0035461255100886907
train:5085,10.33374757423494,5.99368447643212
train:5086,3.908944922080615,2.0663573478308983
train:5087,3.0631358516839864,3.732210764811159
train:5088,6.341068085520655,2.201967575284976
train:5089,1.3576371644489065,6.51155291768972
train:5090,34.28201948864601,14.596737342927108
train:5091,2.4034226202691378,-0.47686682707598976
train:5092,1.5192593349806596,-0.037628601808699313
train:5093,0.6975006265785623,-0.14826170331648525
train:5094,1.9900028461895145,0.11088069509931618
train:5095,-0.08325337807635172,0.3397335643258155
train:5096,1.511049142393261,-0.08658180279746808
train:5097,-0.3176649649194255,-4.309194481694766
train:5098,1.2463166325249055,7.334078083861487
train:5099,-20.54571495272456,-11.066626473877436
train:5100,-3.664551519019767,0.020956486428448287
train:5101,-0.30956379524670424,-0.07359349900687076
train:5102,13.567041782029316,2.050800471821342
train:5103,-11.197772245414392,-12.968687673809269
train:5104,-8.339600549076652,-7.171025397491874
train:5105,-9.050501549911086,-5.159952507488382
train:5106,2.7363493119555473,0.014488209637564503
train:5107,-0.6492256738715643,-1.9902361673250444
train:5108,1.8984259224429278,-0.5359642816122747
train:5109,1.3882793447622142,0.010620140100258801
train:5110,-7.308624077909802,-3.0537459710106316
train:5111,1.4334717837075055,0.15233339700640128
train:5112,-0.951930992774079,-0.00018195810739843332
train:5113,-3.6207161712810567,-0.3671292788030178
train:5114,0.9056082850169987,-0.20047809200813343
train:5115,4.564593388706447,7.90949589587559
train:5116,0.8663424851360075,-0.0003399192892778041
train:5117,-2.399272019008041,0.17722977693422892
train:5118,1.3851825360856003,0.11643415944603518
train:5119,-4.989688086062972,-4.642938033839479
train:5120,-0.29656775240903344,-0.05985116150498568
train:5121,0.4165811196086208,0.13846655228258326
train:5122,-11.542757010939061,-6.109939971611532
train:5123,-0.14365474607737627,-0.21529662699550278
train:5124,-2.7567000416750673,-0.32566862355577486
train:5125,0.3122243391877964,0.4803165196342788
train:5126,-0.3167316450848207,-0.5291617148783438
train:5127,9.77053566192814,0.32414615890291765
train:5128,6.391816973782649,0.19765652235415718
train:5129,3.738818034371066,7.669255091825143
train:5130,3.025502722253393,8.301014222856615
train:5131,-3.8980065402042112,-1.60793829381634
train:5132,-24.435767847700202,-10.760454691161002
train:5133,0.8348503212672249,-0.08476273480907898
train:5134,-4.337714784215495,-0.10994750356433414
train:5135,12.15841551341783,3.1604436429251157
train:5136,-0.4099178772286596,-2.090189181282931
train:5137,1.5478075314657929,8.15234967532211
train:5138,-28.23986326442907,-18.21969541062601
train:5139,-0.577531891361103,0.036574349934282435
train:5140,19.81696888954226,6.772375111478142
train:5141,0.11221750173472078,-0.0874678334232141
train:5142,-0.48343512029020386,-0.23272021970399048
train:5143,10.090666922238213,1.8129035848792971
train:5144,1.5951794988716705,4.781991748106609
train:5145,2.8565706698987308,8.868003063572312
train:5146,-0.9831199148684552,-0.0735735978238749
train:5147,4.464326246106346,10.675566884242514
train:5148,-2.2223824561731327,-0.04318395641115089
train:5149,0.17943721860964557,-0.05280774765856189
train:5150,-2.37563008614163,-0.020627534754247515
train:5151,-15.361240662906457,-13.832183883328337
train:5152,-0.4284847236793675,-3.117519632907705
train:5153,3.204717332407285,0.7946850931808342
train:5154,0.5482388418265158,-0.05103322550809722
train:5155,3.787690054801279,2.286723789117761
train:5156,-2.117370840889523,-0.30766625594109204
train:5157,-3.7413822218378385,-0.062101635782833536
train:5158,0.10051462408756215,-0.00872805393082006
train:5159,-1.7716678956315999,-0.32486694113394504
train:5160,-8.999423965697378,-0.4572832783736032
train:5161,3.175123538757506,0.2387257163387431
train:5162,11.698827905616826,17.74761931763181
train:5163,1.6384941401522206,0.9526273011724724
train:5164,-0.6647948550851251,0.019885139410504196
train:5165,-2.522183848623881,-6.52107130675221
train:5166,0.023426125081053184,0.7522804513537802
train:5167,2.8105939168508347,-0.3111031688453565
train:5168,-21.512532949582337,-6.164699467567553
train:5169,-1.1558203477558142,0.315669895545994
train:5170,-2.663010072524606,-0.08187413872807336
train:5171,-1.1709596555685926,-0.011720970729142716
train:5172,-0.5977139157796297,-1.5423905020860296
train:5173,11.104500063103087,6.623173018011534
train:5174,7.437078003812876,3.6916120661779734
train:5175,0.2638776743805492,-0.14295814504369464
train:5176,3.6914811681594664,0.42685409576283395
train:5177,-0.6541109581341035,-2.56756392226351
train:5178,1.1902160906558708,0.11729493910841012
train:5179,-9.158902406337544,-0.8264811803426779
train:5180,-3.7727622246057004,-0.05492066125036127
train:5181,0.5072203068140376,0.22883639765870806
train:5182,-0.783608445925353,-0.021333491772563218
train:5183,2.9492619984490767,11.54334862449417
train:5184,-1.2405254572332431,-1.4605956413473526
train:5185,2.523110254092707,-0.0029955859327457784
train:5186,-1.4158411615525375,-0.8495409450024858
train:5187,-1.8452356983603986,-7.618596868654057
train:5188,-4.873310657580567,-9.768700707013956
train:5189,-1.1073381597945011,0.06432508734871419
train:5190,-0.7188834708847938,0.14823956673726074
train:5191,-0.014294292418754406,-0.07585995129543932
train:5192,-6.166656700603627,-0.556968232669488
train:5193,-0.2547606028165063,-0.15132548687217848
train:5194,-13.860063470521737,-6.583208649158513
train:5195,1.5389143765685391,-0.5489249448709332
train:5196,-8.923529139754555,-9.747276477210464
train:5197,10.656649736768797,7.771350015184463
train:5198,-18.45066367631107,-10.167283597306488
train:5199,0.4360497296878196,0.11532522130465446
train:5200,-8.012037133909296,-15.455084127667071
train:5201,16.543577494970638,11.260612018359074
train:5202,-2.067594557904737,-5.707641052539958
train:5203,-22.67166271876619,-7.2671302787606535
train:5204,-0.8351679160710987,0.07638381330131107
train:5205,1.5322281802042208,0.3875110975793231
train:5206,11.842473150597066,4.404796566450206
train:5207,1.1961902674303024,0.23640170041333702
train:5208,1.2993756907785055,-1.114764724092434
train:5209,0.4768903179173861,0.21077033199235745
train:5210,0.1709200649159965,-2.7258306835979123
train:5211,0.23146625440069699,-0.7349449401839425
train:5212,1.2351144699272458,-0.16443230613068843
train:5213,6.507914522543793,0.5188019836888423
train:5214,-0.9641922351143187,0.10724131084045042
train:5215,-8.17023333489624,-0.12273636754254277
train:5216,4.277121581318572,8.064438089693608
train:5217,2.376777326938693,3.9878050105560936
train:5218,-7.878379224763167,-7.1756504609522755
train:5219,4.324659756366229,4.625740498695975
train:5220,-4.968752896946034,-1.9745312093947014
train:5221,0.27223640778346775,0.07950334156851423
train:5222,-1.4509056274283658,0.826851253995363
train:5223,-3.1090711677836897,-6.229618125125737
train:5224,3.061734593411758,0.2090151047164461
train:5225,-8.24152548768211,-14.585159051405881
train:5226,0.974101989277615,0.2784083185804737
train:5227,3.886450403088079,0.5717934128960518
train:5228,-8.626032803214127,-12.253268819930717
train:5229,-0.2071567583159788,-0.01481767326674488
train:5230,-1.336378101621872,4.1871575145290425
train:5231,-0.8631561206554693,0.0424099616979912
train:5232,0.9293244882911702,0.26959444841667046
train:5233,5.739801364535447,4.843392960733279
train:5234,0.9986298204976203,5.304879281981847
train:5235,0.9381893995122337,4.657296499226106
train:5236,-8.027903803555816,-0.7367570891230464
train:5237,14.252112023207141,2.4761274135224975
train:5238,0.4516281511164304,0.2742486146823128
train:5239,1.0438217945264312,-0.07379140521555189
train:5240,-7.872629137732337,-0.5804411430350738
train:5241,2.473170088048544,0.09983799943558348
train:5242,1.8300941253466458,4.0911659059434085
train:5243,0.4141086937653191,0.35174831508372795
train:5244,2.0603191392828126,0.23328142317688133
train:5245,-18.52493129457214,-10.481143085752537
train:5246,0.7061576039037218,-0.2424299997546327
train:5247,0.17146459834378272,-0.07564956226588268
train:5248,-2.6346610927513674,-0.13163355161938967
train:5249,-0.8639364829679893,0.15377423552226144
train:5250,0.7548278505813973,0.1456812304314195
train:5251,8.104341943787533,0.8540463988852256
train:5252,-5.175306920735758,-7.930155523556325
train:5253,3.49730740532899,8.139235152379861
train:5254,-0.9810108212546648,-1.1732747727435184
train:5255,-0.15757085862995757,0.059983312591782884
train:5256,-5.640918451374608,-7.228173606050639
train:5257,2.8299939517491595,0.0367805304699439
train:5258,-5.566124082741129,-0.033028218668429254
train:5259,0.24678990159799352,0.045835033755025144
train:5260,-7.787900898660004,-0.08772790407985542
train:5261,-14.837328140696364,-7.821430296391157
train:5262,9.110382154606256,0.2966714701558479
train:5263,3.8122460134683545,0.7533208766411554
train:5264,-1.3659472546981846,0.1512994984510838
train:5265,6.625878710974146,2.6454024536002185
train:5266,1.0994509110842383,0.047748115217208335
train:5267,-1.9663013446321704,-0.027031970832653518
train:5268,-1.94945067925467,0.13102194057321953
train:5269,-3.510498653707043,0.039175983795960566
train:5270,2.0590366671713523,0.006311569646856446
train:5271,-0.15708629942815588,0.051488075347128466
train:5272,0.31433157313566495,-0.049903351892848086
train:5273,0.015563573791948837,3.2174446255279543
train:5274,-7.899158201942656,-15.580230755350433
train:5275,-2.6459527517715236,-1.336975199009437
train:5276,-1.0394132808477772,0.07622724306232925
train:5277,-0.5548530329840482,0.017261428788477598
train:5278,3.9493545327327575,11.220792533070144
train:5279,-1.1100596646422312,-2.5526775520609823
train:5280,8.981136302860078,-0.07014995237494104
train:5281,0.34913498840769225,-0.03884621182210227
train:5282,-4.0532537759553415,-7.974755857910186
train:5283,-0.9971852656112771,0.07441883896948812
train:5284,-1.9841118300836644,0.11924653898929498
train:5285,11.418898903208591,0.9754100898696532
train:5286,-1.5385526121652817,-0.03427132930162083
train:5287,-1.784694274269623,-0.01132597861143804
train:5288,-9.853858631556733,-16.662032242773392
train:5289,6.853564118635579,2.8035048696814937
train:5290,0.43341063128625845,0.0831729342538988
train:5291,0.1333577190195591,-0.03250422551327649
train:5292,11.129054162104241,1.9942885304752047
train:5293,-3.5745220697785265,-9.763846815614304
train:5294,9.952687149489353,16.312937757009898
train:5295,0.9978652653454372,-0.25061741063649623
train:5296,-0.2295360942504711,0.021121794642042974
train:5297,-0.09439289317826385,-0.028654309564044064
train:5298,12.451290580142082,8.569120677603955
train:5299,-2.4997911463405744,-5.994325368609545
train:5300,0.6456112981899013,-0.08830307680059793
train:5301,-0.37349841227041247,-0.14929026992402875
train:5302,-4.013942298030141,-4.255842762611886
train:5303,1.152081083884577,0.043866635563762045
train:5304,-2.2817801857218765,-0.6774741755337532
train:5305,6.886896770621543,-0.2192538238738599
train:5306,-1.2224280020841602,0.12420439445423807
train:5307,0.6971412461391354,0.6374239478961656
train:5308,1.7091342475741875,-0.06284151040872821
train:5309,2.4570309773444494,-0.08430607755624911
train:5310,1.2009937845068333,-0.05414340949224497
train:5311,-4.820294836559653,-2.9116255601527317
train:5312,-1.6378951521147878,0.05812462056341456
train:5313,-3.7273129193049326,-1.479067648348576
train:5314,-6.385379913270452,-0.8228509620408551
train:5315,-8.831363166827174,-0.10908490497663162
train:5316,19.401977000383823,4.859836045694594
train:5317,0.9312176281997683,0.0093644396505842
train:5318,0.38034343699424944,0.24474807110275
train:5319,14.660681556103944,5.4596017781524555
train:5320,3.9178564411788486,0.36905150206857035
train:5321,-0.6479093209715872,0.18651827961292283
train:5322,-0.13509633104608276,0.02612954572528574
train:5323,4.483445471450448,1.3848575281394233
train:5324,3.6268354613788323,9.809991250756793
train:5325,-2.2261213145093177,-4.415844850039203
train:5326,0.8918773254527769,-0.03978887878942075
train:5327,-2.749526612839185,0.07231102550164646
train:5328,9.498725031102405,9.407839557641147
train:5329,1.8036571145994653,0.1676726439502933
train:5330,0.36435751627047996,0.09310818971475583
train:5331,-0.8688711064920217,0.0570722830984038
train:5332,-1.827741356115645,0.03587356437032946
train:5333,-0.5883382356901764,-0.031058964512306136
train:5334,-1.5078718437840926,0.20733413239214302
train:5335,-3.728447780433834,0.055938628971689504
train:5336,-1.5925605649555834,0.05862560966295385
train:5337,-1.9878302320947072,-4.578186860072243
train:5338,-6.099830070612966,-2.28840353731365
train:5339,17.298624175294517,5.0999202081756545
train:5340,11.194009503260888,3.050692969857623
train:5341,-3.1337573030653054,-5.113834262116056
train:5342,-14.651163494075469,-6.590887795239526
train:5343,0.890941216119289,-0.15753622523579855
train:5344,0.6289638013143795,0.0853071756367941
train:5345,-1.0057508868480185,0.17236112014074217
train:5346,0.9971690529158878,0.09104781096624125
train:5347,0.1901653988554349,-0.06243860061606818
train:5348,0.2834145109532614,0.058322526772095665
train:5349,4.4157768777136,-0.054243165063641824
train:5350,0.41645326757648315,0.010439353188778436
train:5351,-10.63062063085183,-13.700840070058307
train:5352,-1.9548021004034712,-6.512229189748026
train:5353,-5.169904126315862,-9.315160307561113
train:5354,32.82870544792882,13.041368160899392
train:5355,9.159939461928728,4.014032059189254
train:5356,-1.4714010055547502,1.8274424333486492
train:5357,3.0772339790386836,3.542903008470747
train:5358,-1.9543392760471328,-0.04380816878533303
train:5359,-15.62777263201259,-5.548021296083457
train:5360,0.42228645842820284,-0.21853563369108614
train:5361,-0.2071174728733765,-1.2498615152912989
train:5362,0.92083418352427,-0.1635447953990386
train:5363,8.825864426535482,4.127869108498564
train:5364,7.386221719843887,4.352985584115394
train:5365,-3.011876193286735,-0.024874261746512194
train:5366,-0.753208370869266,-2.386220348302504
train:5367,-0.2962921150506567,0.05102952783856603
train:5368,16.626183855225968,4.917390837561877
train:5369,-4.09771838815041,-0.7967432491752648
train:5370,1.5618638163372451,-0.22493236608575184
train:5371,-5.51562996871045,-3.976181067575664
train:5372,-1.140271216065475,-0.143530535878642
train:5373,3.421058777944505,0.08112789154245986
train:5374,4.381207082973024,-0.05469005005098623
train:5375,-16.647684090943528,-13.648393391154105
train:5376,20.373697076612,10.160658369470923
train:5377,-0.38251953542892414,-0.45102842215448874
train:5378,-4.691891878392622,-2.4250908538832743
train:5379,0.3231170998676829,-0.05572762212216137
train:5380,-3.366926400614241,-0.04206207180126212
train:5381,-1.7817474011579706,0.16872897591798425
train:5382,-0.10112871937687526,0.4949449590923149
train:5383,-7.877577708750785,-1.5648156401325248
train:5384,-0.28000126723023894,-0.5004158826489165
train:5385,8.559665337629387,4.449339265836823
train:5386,7.449672591269635,6.684579937070604
train:5387,-14.630322218087594,-5.063160001115373
train:5388,9.79278377518601,1.4303469246612415
train:5389,-1.875915071992146,-0.7024678501340051
train:5390,-4.374035919338117,-8.022537528327183
train:5391,-13.670610934550744,-2.3728102321619207
train:5392,-1.7698305457006618,-0.5086107832233051
train:5393,0.6872561919307337,1.1139960791596497
train:5394,0.8883744122304458,-0.29415221140041936
train:5395,3.0386398672428956,4.021847874326254
train:5396,-9.267677985447285,-2.086534211330572
train:5397,-6.0164035976860335,-4.329604393139113
train:5398,-0.26754470185362894,-0.07199798050776138
train:5399,5.919790525545853,13.359594211418111
train:5400,1.3357781862852143,-0.013689832568038324
train:5401,-3.0115177426802693,-0.09951746474917308
train:5402,4.317595350445024,-0.15685501986801895
train:5403,1.7851620396304346,0.13039348403993972
train:5404,-2.3680156840239928,-4.063834722459676
train:5405,1.420316739433504,0.18978849336069503
train:5406,4.352491981471391,8.249314515953607
train:5407,-1.831914911361098,0.029133554401586367
train:5408,-5.5428099159934705,-0.17807595801725173
train:5409,-0.8153899040741269,0.19448132070584911
train:5410,0.7089054927617201,0.04491875903755779
train:5411,-0.26772799517606627,-0.20718190179633744
train:5412,-3.5625957997624877,-0.09678169406088663
train:5413,-12.863035200761036,-5.298994298066348
train:5414,1.4708757093132125,0.22236701524654673
train:5415,7.722705022606125,14.163110109978172
train:5416,-7.840538742582271,-3.1723516005552095
train:5417,-5.124273503587698,-0.08113198152921858
train:5418,2.0612199149637824,-0.1430680651978044
train:5419,-1.7210030410234571,0.15085578766676203
train:5420,-0.3060118333356804,-0.0338152070268285
train:5421,-0.8593441542027255,0.06364727017517222
train:5422,-2.240543023734443,-8.888496634070199
train:5423,15.604402502210458,5.677873388105187
train:5424,4.8966107037569975,1.5123246765583462
train:5425,0.4244425086065239,0.18010125371803376
train:5426,-6.844120443243985,-1.8897784194213558
train:5427,7.268171056948161,6.641175100304596
train:5428,-0.034835813505828206,0.01651577639977768
train:5429,6.921732962505446,3.6728978211213597
train:5430,-16.409561308294858,-9.925159670563959
train:5431,0.9990766052353812,0.20901382076915603
train:5432,1.086316788051859,-0.22305427218722262
train:5433,0.5477910110266737,0.039146453008289284
train:5434,26.549383531019743,10.537581924945073
train:5435,6.197405638630637,2.3463868224353157
train:5436,-13.38159839394649,-2.9739472203255617
train:5437,15.949466303536814,12.8952914804584
train:5438,0.5021885157455808,0.015210287327410907
train:5439,2.842661066176876,6.060654025794952
train:5440,-0.2769281692941306,-0.11781638852265633
train:5441,-13.387954732067893,-11.359561615998254
train:5442,1.0871313217256957,-0.08567965150019133
train:5443,7.654278615006061,5.128330252523529
train:5444,-21.622011482410596,-14.052872167402574
train:5445,-0.7541384944030672,-0.048875766078373406
train:5446,0.8645890526297999,0.006146974737311781
train:5447,0.8076858324571812,-0.08051664979045933
train:5448,-0.9623409376889659,0.018039964493883953
train:5449,-4.632687554099766,-1.7640006603145264
train:5450,0.1686434851401057,-0.1266232683067693
train:5451,8.473565594939577,2.612179033522734
train:5452,-2.557549115462593,-0.44092436329019186
train:5453,-5.4435065452574465,-0.7624791184887849
train:5454,5.011686831010482,3.990171182750857
train:5455,2.589756961405415,1.0403658392384378
train:5456,0.2643411961116082,0.320475710252673
train:5457,-0.9453116281538331,-0.06053029829102022
train:5458,-0.5118888225006755,-0.16231159969214248
train:5459,1.5550778953878597,-0.07185681763626026
train:5460,-0.803929131684189,-2.299341056295206
train:5461,0.11409611300330318,0.3025859020170851
train:5462,6.372135664413621,1.2342445905922588
train:5463,3.8297556979569647,6.891703460686211
train:5464,-10.381455151958312,-2.2345325328823478
train:5465,-2.955745431846468,-0.06719733725544513
train:5466,5.949575399869118,1.2689462619830278
train:5467,-6.352367123823072,-0.04947173161217433
train:5468,-4.341325325603062,-1.2963485388574902
train:5469,-2.3352681294287385,0.13274670976619454
train:5470,2.672960971796427,0.663210174626407
train:5471,0.3224943442420525,-2.4206777843865424
train:5472,0.04209996043683635,-0.19645721491070983
train:5473,6.257436119509342,0.251117305626287
train:5474,-4.217532479256675,-0.014443509627301107
train:5475,3.804455408004608,-0.11610752600999702
train:5476,-2.4827303387138877,-0.5788824310249461
train:5477,-8.759590290400467,-5.880698886655804
train:5478,-0.3194915055421918,0.5034016779182677
train:5479,2.424029113434362,-0.038075843448068775
train:5480,4.472579443468191,0.32657503052367826
train:5481,0.36199202121769336,-0.08455962148083263
train:5482,4.273398995059204,4.96530375592408
train:5483,0.3553217482428326,-0.053235694423378
train:5484,3.867155439314347,1.2406566233587977
train:5485,0.5635061179005516,3.7413079593436347
train:5486,-0.07194864328018169,0.2324869451259568
train:5487,-1.1723372031003154,0.12149562232424528
train:5488,-0.953535187090046,1.167238805383685
train:5489,-0.30032253413467563,-1.0665795375743337
train:5490,-0.5168110095088544,0.030394747292446213
train:5491,0.2610863158316242,0.16901715075419677
train:5492,7.510358139469365,0.525120002981587
train:5493,-0.01966849447509994,-1.721284304617609
train:5494,-1.2781684661390473,-3.506345094439053
train:5495,1.4058090206594853,-0.6895250908070023
train:5496,-0.3962672319864441,0.08078793083221508
train:5497,-0.31450562497618434,-0.004977750892174476
train:5498,0.2205744235537715,0.202803938370396
train:5499,-0.22174200191312043,-0.05465342188801714
train:5500,0.9507334273017378,-1.8337811982777208
train:5501,-4.058535692090308,0.3509955653197302
train:5502,43.8396943888066,19.054867112464333
train:5503,-0.6098735738688801,0.15971595126341231
train:5504,1.1801985352505264,0.08084363987852251
train:5505,1.1001494480961904,-0.1865169128236988
train:5506,-0.3064611751140841,-0.038110224703280265
train:5507,-3.1628987329795573,-0.10066748920383559
train:5508,2.9669576495298866,0.7614630997114495
train:5509,4.529682345269184,1.5143593050306547
train:5510,-1.744039071486656,-0.03840146674690792
train:5511,0.20818312082811175,0.034242808651148544
train:5512,-15.50275101140824,-5.220181618900041
train:5513,-2.3368855738643997,-1.3059922669530997
train:5514,-0.645384475795109,0.006648320488876092
train:5515,34.06683754481116,18.81698192370871
train:5516,-29.157002145846484,-18.94410417810791
train:5517,10.877792839716628,4.430961129648584
train:5518,-0.1466718215775843,-2.7136962404204046
train:5519,-0.15551383566198307,-0.23381874360624072
train:5520,-0.25260722590794815,-0.13235373905350348
train:5521,0.7431319466814462,-0.2341210775278464
train:5522,0.041844372601681196,-0.034086940204687805
train:5523,1.7684627045673373,0.036075821733715756
train:5524,-14.174299589859066,-5.2542199175242805
train:5525,-6.409931222772722,-6.213967663624816
train:5526,-9.301173358201424,-2.57147539635226
train:5527,1.0424175142970795,1.7028764351620125
train:5528,0.19018597140969706,-4.208550133451589
train:5529,14.795587301083735,5.668280875240369
train:5530,-2.614917949490433,-0.0945391731231966
train:5531,-3.0158677337300723,-10.491870037378522
train:5532,-9.254500392723978,-14.521845042638649
train:5533,1.112463458456967,-0.20140025148401353
train:5534,-0.4794949531179622,-4.156080914139408
train:5535,4.266038902256401,6.172885285026832
train:5536,-4.032069391604856,-0.013216341339627735
train:5537,-19.718509515295157,-13.055967557371064
train:5538,-2.796006173060742,-0.10377321503767065
train:5539,-7.703612470578224,-2.6725731206496364
train:5540,-5.441044347576716,-5.0128035883993824
train:5541,-0.6511432800099487,0.07289222564161174
train:5542,-3.406386884271442,-1.162802613324203
train:5543,3.1817351160267036,0.037039174518485145
train:5544,-0.032210546369562,-0.11249984811615513
train:5545,-4.468849126705467,-5.1815353761126
train:5546,-0.7347206183348032,0.12977554874139785
train:5547,0.13046535736524534,-0.019388561284546135
train:5548,0.1401269029756464,0.025794506812986173
train:5549,2.8616294261230566,0.029954175045944553
train:5550,-0.7913274542511027,0.11782567298683569
train:5551,-6.481089479612207,-0.11727941323379298
train:5552,-6.88465279184698,-0.4285866997888303
train:5553,-1.3244667089332092,-0.16151624784375662
train:5554,2.2025568496183374,-0.2247754035295425
train:5555,4.222532018011164,2.891246403624469
train:5556,-10.778655617240954,-2.199450527772102
train:5557,-1.6689799329175319,0.31305741946275545
train:5558,0.1705078002269127,-0.7378132070995223
train:5559,-5.7812581401784895,-0.015461216180682857
train:5560,0.18386880250177637,-0.08379210632299927
train:5561,6.389442645316733,2.294915943471558
train:5562,0.07608640122350416,0.01114352694696906
train:5563,0.7399333212956029,-0.14959386996032317
train:5564,1.3460825951590274,-0.06197794886055816
train:5565,-0.6317641663532463,0.1640181733107694
train:5566,-0.9305213563887907,0.12112452589221664
train:5567,-0.46301924288198537,5.8502875366462845
train:5568,-0.38889877068699163,0.005157978671943772
train:5569,-6.058258168759572,-0.1721246305040267
train:5570,-1.0889951125145942,-5.727075449365484
train:5571,0.39386239464336315,0.05373944125503887
train:5572,0.10509335404577133,0.05854283072794775
train:5573,-2.913369689398289,-0.05815849099426207
train:5574,7.617712933814697,0.42389038876536006
train:5575,0.5626386999770578,2.4561403487190083
train:5576,5.948467503896085,-0.027503393479319016
train:5577,-21.737824037369194,-6.619857640605867
train:5578,1.9633973032181524,0.13588182372689087
train:5579,3.9568090035811028,0.46674056030206346
train:5580,-3.902655705009216,-0.03267798637986405
train:5581,0.14896589510292194,0.014778488720724625
train:5582,1.2267894429691637,-0.18288512525296585
train:5583,-15.132962951648867,-4.0901028574061185
train:5584,-4.982254536456249,-0.630598401260295
train:5585,-15.23039828796624,-2.4564648192198386
train:5586,-1.7619297550310362,0.020560246028656054
train:5587,0.4682741370133905,0.2994149088626722
train:5588,-2.7953710971483785,-4.80852871583798
train:5589,-0.04914007320506733,-0.10291332700535827
train:5590,1.3484013661055236,0.04506067087831147
train:5591,-1.4903749444986962,-0.23124724684067643
train:5592,-0.4656362577507227,-0.17794977453080124
train:5593,0.3467276508716607,-0.008056121515690837
train:5594,-7.065626181046605,-0.5680086814254632
train:5595,5.713217440180428,8.16657638193917
train:5596,2.7908286900570767,0.16542473756702555
train:5597,0.776783066456553,0.21336005367640004
train:5598,-1.145355775154469,-0.19599417358663218
train:5599,0.2726813328553067,3.533916233405216
train:5600,-2.8846731845558757,0.048916578581564146
train:5601,-2.3223146264490335,-0.01595186237149669
train:5602,-0.9481635420743432,0.15714135162523035
train:5603,2.753068173510826,-0.34076976960776656
train:5604,1.2245013565103804,-0.9063743011535672
train:5605,2.831953342256229,0.22998617245695305
train:5606,-1.0983638769714,-0.153889743601635
train:5607,-7.957080286582292,-6.383494928014628
train:5608,0.12643011477274124,0.4363667899044526
train:5609,-1.804387903925384,-10.582725571482314
train:5610,-5.467212636598167,-0.8333653490599324
train:5611,-4.856498347812708,-0.47433680894093483
train:5612,-1.7592022062690598,0.0785530779130629
train:5613,-8.563111936576151,-5.022313357994396
train:5614,0.7515181101567143,0.03522235343785364
train:5615,0.04083073844506997,-0.3041675709060949
train:5616,0.13576366180614918,-0.1518531000453852
train:5617,3.2162500506225804,-0.03480017292431381
train:5618,4.907845875424773,5.0605332704626615
train:5619,3.510624937912927,0.26746067068140766
train:5620,-7.601698128887708,-12.185322329340963
train:5621,3.155466869961945,5.839237030303204
train:5622,0.2537788748202374,-0.41747574092750966
train:5623,-3.3665828273351517,-0.07800910073298029
train:5624,-21.522668128857248,-4.6450300119574095
train:5625,2.9848732061059735,2.484875659713698
train:5626,18.11865874092868,6.6740355912814255
train:5627,0.5559976005113484,0.34525475166427055
train:5628,1.8341793464608038,1.645581856612181
train:5629,-2.1328953320063957,0.1953201662686856
train:5630,-7.250924223347846,-2.295806206744872
train:5631,0.5845619528441791,0.21306524511252223
train:5632,-8.49211547067188,-15.971221807977676
train:5633,-2.361695376929829,-1.2054964286131395
train:5634,0.4800468683617443,-0.22981054548830643
train:5635,1.0284156246538458,0.13457030723530133
train:5636,-11.51156204493044,-18.975879876285454
train:5637,-0.5485062256504957,-1.8123484088256288
train:5638,9.324578475502449,16.677409876986708
train:5639,-6.189226536066005,-3.740881463340592
train:5640,-0.14956743764726155,0.06468045542643965
train:5641,-8.7510944066358,-16.191569988680854
train:5642,0.3817916518310085,0.02636333112768341
train:5643,-0.905659715135786,0.04592241350115394
train:5644,-2.518106996006372,-7.589157383901177
train:5645,1.0294647086920952,-0.3643115851445853
train:5646,0.11639849564386179,-0.020265925266084298
train:5647,-1.8256385388743412,-8.308167866332443
train:5648,6.028858072205349,6.978276887916856
train:5649,9.45330734012231,0.2721699040197124
train:5650,10.319929326601505,2.7532511727487083
train:5651,-3.840809260357676,-0.3498111837635297
train:5652,1.1250766425729455,-0.14965549943024586
train:5653,-4.740955909329282,-0.3186529929020998
train:5654,17.28483289281695,7.930330651212136
train:5655,-22.04275345859986,-9.7186883921717
train:5656,-6.521803145642597,-0.49798661871092825
train:5657,-32.81141305251341,-15.979232497781142
train:5658,-2.175160424332216,0.1483573689011234
train:5659,9.568962753310498,3.3300796148521523
train:5660,-3.3457292310605418,-6.4794485888248
train:5661,6.421824078183593,1.0300598796627796
train:5662,-0.9904400248539357,0.018767106642485584
train:5663,3.820759099142799,0.23929029649434264
train:5664,-27.393715269918154,-7.820965222150537
train:5665,3.7904665360228282,0.11300388026943602
train:5666,-2.3882879022397367,-0.24264188672269443
train:5667,-1.3872365939441433,0.6705081310230843
train:5668,-1.9344606096321328,0.22241430730506379
train:5669,-9.39979144204519,-2.819358825316359
train:5670,4.389506307066439,0.6518302644730221
train:5671,18.78757313440911,13.741133129417582
train:5672,2.988029059175611,5.201768043012043
train:5673,14.626818899330209,3.061220766992841
train:5674,-1.3815080093005365,-0.0500601717882474
train:5675,-2.06242352435037,-3.537454851955486
train:5676,0.48708361175235965,0.01298467169570662
train:5677,16.822028992803844,9.62016563567606
train:5678,0.06438340734722539,-0.06912382883376891
train:5679,-15.301360350050954,-9.687308720402736
train:5680,-2.8317384914608095,-1.7120946658802492
train:5681,6.038409781297231,2.1465061881437237
train:5682,2.0434538290361766,-0.36837349505748695
train:5683,4.817580016153197,0.48876639074135125
train:5684,2.2039299804434958,-0.040829161415986
train:5685,0.05362907554940792,0.04325947115637564
train:5686,-0.529798509506196,-0.20773349981822642
train:5687,-0.13093881541920704,0.030451133977601165
train:5688,1.1038996968861476,-0.0020818077794535483
train:5689,-15.40321146310012,-4.06140235564907
train:5690,5.998384656574463,0.22472783766093438
train:5691,1.642665370815271,3.2928765288187343
train:5692,2.5050840473942606,-0.04524551211134803
train:5693,0.9665047890697563,-0.2483267060102266
train:5694,7.285081929009886,1.6868342270768149
train:5695,-19.981905157823835,-10.23011027674674
train:5696,-5.171143128736396,-1.6389514699643986
train:5697,0.18807153125638076,-0.03302857532045428
train:5698,1.3514495910099256,-0.16303560330292394
train:5699,-13.034726067510988,-8.683579217220528
train:5700,0.8987002072623619,-0.19307388897320393
train:5701,-8.343857324372113,-3.173098857878022
train:5702,1.4614465057139414,2.997434550944487
train:5703,-6.557299518928811,-1.4430452231787696
train:5704,0.7608573524170084,0.0753152838343646
train:5705,-0.7976879766208301,0.15556958615098698
train:5706,3.0335113735464945,0.9136338219734768
train:5707,3.5600074366387293,0.3296253326328259
train:5708,6.68137486141853,4.366914985604399
train:5709,0.8565277495452815,1.327132969908233
train:5710,0.7698597626871798,1.4216300638482424
train:5711,-4.282303248570563,-9.749625244786406
train:5712,7.05666939197295,0.7265964410939083
train:5713,-9.07111687648944,-7.231381191702819
train:5714,1.0104949539964736,-0.03179762652131575
train:5715,-0.45743001695340835,-2.487469863701727
train:5716,0.0600946690437284,-0.05005385904740464
train:5717,-7.70296809633625,-4.977189743789434
train:5718,-1.3614519772482252,0.08790602761267712
train:5719,-5.21461049508079,-0.359590439628645
train:5720,0.062030348810292235,-0.022602495342770895
train:5721,-0.48212661285583525,-1.6339319493643303
train:5722,-0.3315754984742407,0.001573197838107887
train:5723,-1.4065892073614576,-0.3348437822209189
train:5724,7.144570221108219,2.824452612379565
train:5725,-1.43781195212979,1.189752107810764
train:5726,0.5550040739925188,-0.24910952153993315
train:5727,-2.317847011529664,-8.638136042801152
train:5728,1.749614990447847,4.6804377945388325
train:5729,-0.7818569893141873,-0.0224852994873508
train:5730,-0.6444338378216057,-0.03314737610998694
train:5731,-0.6362533998889591,-1.875364827143189
train:5732,-0.19510199700764136,-0.04219688626671797
train:5733,0.22079293429960672,-0.15438575740542532
train:5734,5.149263056254268,3.4877683145844096
train:5735,-0.1621934069664539,0.16964485831822407
train:5736,2.2911485446436304,0.010278610121103954
train:5737,-33.44185095806762,-11.606026996510892
train:5738,-4.7205753655735805,-0.3293874342206116
train:5739,0.18180620053603588,-0.08904698159437527
train:5740,-2.1685379215257266,0.10180265278058392
train:5741,-0.10785838543212001,-0.24599420176662518
train:5742,0.12737656849792015,-0.06093395705293275
train:5743,-0.8116291946633584,-0.15609399577704083
train:5744,-0.5422276448104565,-0.029194530386335057
train:5745,7.542237462537284,13.001326124746852
train:5746,0.37296881555143035,0.028223521094556794
train:5747,-1.284136366540992,0.06904701749910952
train:5748,-10.645389167771407,-0.35545049425266995
train:5749,-11.325963666582794,-3.2309977476190395
train:5750,-9.436614686966752,-10.181753968587037
train:5751,5.800699379566766,0.7801947493868842
train:5752,13.145691695083555,4.563715002364717
train:5753,-2.586293739160738,-1.250188636528643
train:5754,0.256362648160619,-0.02145197157527337
train:5755,-0.8407838746973046,0.028601821897490748
train:5756,-12.598333142922153,-2.035049922250673
train:5757,2.729851174307592,10.532034131365553
train:5758,0.21759407645552303,-0.1284444762073085
train:5759,-6.599649690970562,-5.297802224337936
train:5760,0.5627517909109396,0.12901174276462463
train:5761,-14.299023663915897,-7.94337333292502
train:5762,16.606936312933247,5.946169867051454
train:5763,-0.2726953371974138,0.2013760463230439
train:5764,6.896710227691948,3.6837662922708723
train:5765,0.07917751467323186,-3.8413098231174194
train:5766,15.71969992970866,2.7822058960691876
train:5767,-2.850148951630389,0.10818033995711376
train:5768,-3.6434805742905234,-7.252176572655803
train:5769,-0.9216796909917523,0.023458935361969607
train:5770,0.23096995605776272,0.09842908127596221
train:5771,0.25020459691814956,-1.901435804850203
train:5772,-1.532884001747659,0.11190360877226316
train:5773,1.930812934307554,0.016159873344014697
train:5774,0.3494210282723202,-0.06623184455852565
train:5775,-0.38562575866426807,0.014760620454271359
train:5776,-4.9528332268207365,-4.226586454339054
train:5777,1.9845189238437708,-0.48433248125482947
train:5778,11.117445197586143,5.081281858669963
train:5779,0.2857610606594676,-0.41111588635223056
train:5780,-4.342144973358185,0.03868148576327656
train:5781,-2.7357488129395526,-0.4294475151164077
train:5782,4.974261054330191,3.5317226807905606
train:5783,-2.70065250028481,-11.269580307338181
train:5784,-0.9495656139504126,0.01076775837341272
train:5785,-2.048798217056342,-0.27958604338595094
train:5786,1.5426855466001186,0.09934482101539203
train:5787,-2.910068549928495,-0.9958238416443419
train:5788,0.8547964005718977,0.40172204017687607
train:5789,-1.967993175704712,-6.199048196114367
train:5790,3.1055050853014388,0.195905218250521
train:5791,-9.409149280964705,-6.207901155340112
train:5792,0.1388518695278738,-0.16277683442617397
train:5793,-15.674993269104064,-4.25089414443439
train:5794,-8.942191817114805,-1.3768197926009296
train:5795,-0.9941526154089725,0.03789856323796252
train:5796,-1.4958860644585492,-1.6579839912881362
train:5797,-0.2984897171394225,-0.04919407801069975
train:5798,-8.104590847181413,-13.953330301899125
train:5799,28.50152320065922,12.261599010129723
train:5800,6.117613417831778,14.08650011371836
train:5801,-0.04858513727102992,-2.046174326893337
train:5802,-0.8385308894327992,0.1244191346384999
train:5803,-0.2363770496882357,-0.4645149688240327
train:5804,2.924079797282767,0.3826662651411074
train:5805,-1.0502340957023066,-0.27169397604600276
train:5806,-0.2438745834255871,0.2388803606567898
train:5807,2.3000158966762165,6.864939722085807
train:5808,-0.5548543115043696,-0.2093433200635389
train:5809,19.607444049442137,4.450460579803472
train:5810,5.870702783868688,-0.21742730185814796
train:5811,19.208393216567103,3.4375049167165437
train:5812,-0.18469280758203543,-0.33389084367527994
train:5813,-3.1136096824663353,-8.866788223933176
train:5814,4.611622945124436,0.2859371001677411
train:5815,1.6927826700385045,-0.5233621962995667
train:5816,-2.0359800047724628,-8.803152943021807
train:5817,-2.61499838004156,-8.75537526710749
train:5818,17.68030200912621,11.554449918085613
train:5819,-0.29600473855114734,0.09975614779584242
train:5820,-13.179959467188617,-1.4804979656296982
train:5821,-4.190646824105811,-1.544258074749821
train:5822,-3.9074020373586458,-0.49165593827129545
train:5823,-1.0566985269054259,-0.18777510983754853
train:5824,17.590167721218616,5.18743063160642
train:5825,-9.247120308512514,-15.460903547428844
train:5826,0.783463683823105,0.028487621919080774
train:5827,-3.9248884760232303,-10.424542124060954
train:5828,2.211664098554862,3.4738503259602043
train:5829,0.21897127529988564,0.027750136861753705
train:5830,-3.540217044973596,-5.5297127783705005
train:5831,-5.336523684096515,0.09186233286097166
train:5832,-10.057376750728789,-15.370802403688366
train:5833,-3.17901761981675,-7.949617311257372
train:5834,0.08387433341748818,-0.09984569160779486
train:5835,-1.091618984901419,0.6102186740887927
train:5836,-9.814124079634277,-0.9154033038188598
train:5837,-2.4545508209977913,0.13468183232352368
train:5838,-4.8927367278017995,-12.694683050533033
train:5839,18.90232567979217,5.696367364871151
train:5840,-3.871834996767396,-8.278696425558122
train:5841,9.351911845224034,6.981766941972848
train:5842,1.3645267617734436,-0.030575201705575095
train:5843,0.17476027504493066,0.04223652181822616
train:5844,0.282997015953772,-0.1355778733596437
train:5845,11.20804719147312,1.9799779393018624
train:5846,4.485497147878897,3.4403783907516887
train:5847,1.7142997021307886,1.0936536462784352
train:5848,-1.0941718412958474,-0.41539264344500154
train:5849,0.14078034308898985,-0.0807303200186461
train:5850,-2.221257823206802,0.12004436956925467
train:5851,6.595326724458055,13.332132576135157
train:5852,-1.441883225749533,0.06450056014502181
train:5853,-0.8352992549768402,-0.2623782251525977
train:5854,-0.02173667543860644,0.008715582621473483
train:5855,-7.608792754380146,-1.0118355203161982
train:5856,3.3526379493422076,9.57373125394876
train:5857,1.1357750681639827,-0.22864504233575828
train:5858,13.621986541527825,11.14092758776923
train:5859,-1.3901310477226194,-3.062696224908801
train:5860,1.6750672600072734,-0.05909377526466275
train:5861,-0.10946037139480463,-0.32309858906351313
train:5862,-0.4319754909586455,0.10735237228104025
train:5863,-2.8310473931125455,-5.004185163545288
train:5864,-4.87284946043191,-1.1891205368933375
train:5865,0.17820983910112426,0.012751599597358984
train:5866,-3.811544627576091,-3.2271188001949707
train:5867,1.5832341672799308,-0.16086150605623317
train:5868,-24.878494794419375,-10.926358941619897
train:5869,1.8758732888903293,2.849320103493366
train:5870,1.8314633043817201,0.09729093333373273
train:5871,-9.066571852976066,-1.8969391361188073
train:5872,-0.5327011574376408,0.036611120758061534
train:5873,-1.8413968829809058,0.014612074885852394
train:5874,2.1521027184049815,7.2973771638792915
train:5875,-0.7241651545615198,0.13716170518386153
train:5876,2.6964078721992686,-0.0901490363516732
train:5877,5.868067637257211,2.721042926995228
train:5878,3.1220403048469194,-0.11920158932261407
train:5879,-19.268808821368477,-6.054201822498868
train:5880,-1.5468235925825056,-0.6329295502262013
train:5881,4.9157206307714905,4.2479855160211075
train:5882,-0.07357986086657778,-0.01373883655627546
train:5883,2.375829594693193,0.30547264350756065
train:5884,-6.840826045063158,-0.02857548946651564
train:5885,-40.65485162510439,-12.904979921206419
train:5886,0.6135055607959781,0.030368355042595066
train:5887,-5.2548913238678345,-0.23620745620898465
train:5888,-0.33636268535939434,0.08302235576893725
train:5889,5.848844270621476,-0.31337197503729014
train:5890,2.844091381729136,6.376681958553095
train:5891,-8.967049041661246,-0.7252226059820197
train:5892,-9.528612360128191,-3.550101732762536
train:5893,0.775105415336667,0.0862750935674837
train:5894,-1.088671530644166,0.09711431925094505
train:5895,1.152477890100684,8.591269624322278
train:5896,-0.12906299364950763,-0.0032408911955514458
train:5897,1.1615758407075982,0.2069335408376456
train:5898,14.53902035182065,3.196675494164011
train:5899,-1.2080969515727324,0.12610078460165053
train:5900,-1.100618256985347,-0.20290557268599646
train:5901,-7.902169001070378,-5.447110457447189
train:5902,-0.3102822074381976,-0.04299671409801775
train:5903,1.573401881092066,0.005236406452244685
train:5904,-1.6912042192057775,-0.30883942711217804
train:5905,-0.3029324590270853,-0.04326027994450421
train:5906,-3.0762603845470875,-2.5395561813998517
train:5907,-15.153523418082521,-5.994183278442779
train:5908,-7.624987655061901,-2.6511052366382826
train:5909,-1.0126767476580345,0.02624395969491071
train:5910,0.4780314554187746,0.15728137321025143
train:5911,4.674886920125023,7.2709358387095016
train:5912,-2.2470611527910602,-0.30840445430246916
train:5913,-0.16189562796069334,-1.4829200608619835
train:5914,-3.5706865088143975,-6.896474668634935
train:5915,2.6365298839261677,0.04610305775182429
train:5916,2.9089616431698517,-0.2129558840901235
train:5917,-3.1068070245236523,-0.09889724687767112
train:5918,-0.386735688646903,-0.03129339188834883
train:5919,0.32954038596227786,-0.012462129302327443
train:5920,-2.7676437107095686,0.02958989066759371
train:5921,1.1395648348547827,4.5723397042944525
train:5922,-1.890850746386465,0.002529417582376972
train:5923,0.2058047243429913,-0.13991126679398713
train:5924,0.059202145630287556,0.1611300765425988
train:5925,2.73564612577879,0.3683473996407848
train:5926,-3.0001284511992083,-4.317827743273101
train:5927,14.08100788105558,4.057935638147043
train:5928,-35.344583023491346,-12.937482618871751
train:5929,-0.19800824804181005,0.8697275324602975
train:5930,-0.10074580254062301,3.0379824623293104
train:5931,-2.386473100758103,0.10283765695717893
train:5932,-5.583538459351236,-0.04566689647890387
train:5933,-1.1712241930459975,-0.13275786146304855
train:5934,-3.4414427491923814,-0.13173291487355898
train:5935,-1.974347189243712,-0.022841523529936292
train:5936,-4.598422279653918,0.01360581686247364
train:5937,-0.9929861399593966,0.04098014372970402
train:5938,2.7295750139181747,7.160080970972562
train:5939,7.067579122104375,1.7195123975384559
train:5940,9.818729834129782,8.695000581850747
train:5941,3.4964905470727508,-0.053218503795772254
train:5942,1.6762195555041939,1.1037958312442062
train:5943,12.879021180866232,9.271867827694514
train:5944,18.817457965775684,6.592441596963237
train:5945,-25.646834366753723,-17.269481971779808
train:5946,-0.08462348694438668,0.1333431032824255
train:5947,-18.188302008035027,-4.474129209288858
train:5948,-1.8163562488829088,0.10246852211128787
train:5949,11.676726705966793,2.770347644219852
train:5950,1.594670880242003,0.02876809307155298
train:5951,0.5205047140987389,0.22065686878659735
train:5952,-5.087161080615266,0.10647636357719716
train:5953,-2.186147563057644,-7.787118089011705
train:5954,3.2696908053066713,2.7384675183293856
train:5955,-8.185183189243215,-5.410434075124314
train:5956,-4.130290436774275,-3.810327033721892
train:5957,4.535355721080732,2.3538896397551623
train:5958,6.572971215493189,0.13423533965340678
train:5959,-2.6518446383289063,-3.5623020852342666
train:5960,-8.066447239455231,-6.602266992088861
train:5961,-4.61525597557988,0.08822280594129589
train:5962,-4.69967411535972,-0.36480918604988694
train:5963,-4.844890778044052,-6.49023659927747
train:5964,-0.40882044187643807,0.12609004937569757
train:5965,3.2035978135222396,6.398454280733001
train:5966,-0.4549770594877276,0.22695726946930633
train:5967,-0.08324036041489769,0.024236829093730927
train:5968,-10.245939436556103,-13.415639426412785
train:5969,-0.017668075088626417,0.1291514790280257
train:5970,3.1057063941374956,1.3919009776510496
train:5971,3.419204691020269,0.19597683397714413
train:5972,-0.31807432388050616,0.004991743163084053
train:5973,-10.309072305109188,-10.688684890863081
train:5974,-0.40441210380833237,0.1599668916282132
train:5975,-0.14276454724633791,0.56002646396512
train:5976,-19.411523303554755,-5.36343133272995
train:5977,0.7531943665271589,0.09349872368214782
train:5978,5.950751173648303,13.911538613753791
train:5979,3.70035595885574,8.77000079353045
train:5980,0.11613744504006077,-0.6080531428117746
train:5981,-1.2292687831782447,0.10137253043841521
train:5982,-6.040742440356715,-8.41224235109141
train:5983,1.6337926722431595,-0.5586954270962332
train:5984,-1.1546209794652431,0.13053988969620858
train:5985,-2.4451604379246423,-2.140161265776764
train:5986,0.1647606189240856,0.043206543995863336
train:5987,-0.04182594901927336,-0.062065114615471956
train:5988,6.8446442310406965,1.9588552944507238
train:5989,-2.1508729549326295,0.2882087595758749
train:5990,7.056988324678573,2.1460008835546818
train:5991,3.666024201353181,-0.049467701444291634
train:5992,0.4625846053541455,-0.08768721008380115
train:5993,4.195459931351619,-0.1622405189435569
train:5994,-0.30659088681214375,0.13169373032753875
train:5995,2.2397276196090736,-0.2938193124002699
train:5996,-8.600628836886619,-6.593685659045368
train:5997,18.673865721274222,11.912286598467414
train:5998,5.710232211459135,3.50457404332476
train:5999,0.535360771545772,0.22277873434422463
train:6000,0.24473194879705806,-0.12446295566084536
train:6001,-17.38913661337757,-4.523179419628431
train:6002,5.889842000621452,7.341178597697117
train:6003,0.2403889314944626,0.03905753965845292
train:6004,-2.009764759186481,0.08090883586869535
train:6005,-0.7787604130958138,2.239480805919347
train:6006,10.79524412910488,3.9740955920361176
train:6007,0.25226394446852657,0.4070925063695596
train:6008,20.979301003443798,9.026292650636314
train:6009,-6.977982915641533,-0.6429918451383689
train:6010,-28.219213534031155,-17.552931881964934
train:6011,5.430365042942806,0.4933737642613116
train:6012,-2.5768684873515513,0.3884377508707184
train:6013,0.5740562351343093,-0.0389089112481
train:6014,0.5141699945936793,0.10004086310741231
train:6015,-0.670720215629104,0.007831049934232517
train:6016,2.0143412239437155,6.468883069416864
train:6017,-0.2894832388500467,-0.47072413791874274
train:6018,-0.012021780662067938,0.04712279722174864
train:6019,-4.182736735106575,-0.18199980793126985
train:6020,1.5150920561076933,-0.10733042666997283
train:6021,-1.9431922060524127,0.06585747843939582
train:6022,4.571410923976506,-0.1393811748892066
train:6023,1.6864816569782812,-0.17606007160885784
train:6024,2.4653420568081166,3.624857934638251
train:6025,1.7328482424950766,-0.40233739606930885
train:6026,-0.10961460743721069,0.023946692671380818
train:6027,0.13970382897839095,0.03667160894150417
train:6028,0.641565711205706,0.020538418924725105
train:6029,2.1307156304689974,-0.08175608690779324
train:6030,-7.221608914669887,-11.806653746838817
train:6031,-2.4958144832246134,-2.650701791867585
train:6032,-4.324216864037124,-0.0013410415234963308
train:6033,-3.399904088867343,-10.134262755579211
train:6034,-0.7419658767669229,-0.172787753614138
train:6035,-22.045312358908536,-9.282793422986906
train:6036,1.343639923970478,1.4105752776808616
train:6037,8.148955329256362,12.169118284078342
train:6038,-0.9825405127046315,-2.9799894762725643
train:6039,-0.7801746890294963,-0.01994301252263525
train:6040,9.16965807603711,2.19746947994548
train:6041,0.5751757540193545,0.20823603403300223
train:6042,2.2481351692424445,-0.26892221916839226
train:6043,0.8031459230250938,0.07879816918465356
train:6044,-17.185458562936223,-5.074870171043922
train:6045,-0.2004323225711397,-0.001268926484038202
train:6046,-5.306288305703645,-4.774580578845663
train:6047,-3.2568723011831238,-2.2164054797197195
train:6048,14.452479868307325,5.3576820422678235
train:6049,3.5684596182542285,-0.644744861171725
train:6050,5.055198364420524,5.201022782940571
train:6051,-0.06221747642682568,-0.020411902939923135
train:6052,0.7459105200271575,-0.061429168389666805
train:6053,0.7036017255521704,0.28798271352242005
train:6054,18.933980913116486,7.983423298264045
train:6055,-1.4220310595739214,0.37389369528180094
train:6056,0.1826463046163003,-0.08277325848313746
train:6057,3.1034194699699134,0.018388056870299097
train:6058,-14.86979976736044,-4.922983201132997
train:6059,-0.06880749319424012,0.1628300227546327
train:6060,-9.523865562862282,-5.674292090949668
train:6061,2.596940385945628,-0.18847304218530136
train:6062,0.37101942074869176,-0.06466475122581
train:6063,-12.75239716623041,-2.2449581848776012
train:6064,4.678595558889975,0.68650540095313
train:6065,-0.4335736413603659,-0.00771876436522867
train:6066,-10.889892464198466,-1.1754871565850946
train:6067,-7.780570095595472,-6.061492931176666
train:6068,-10.178188087685726,-7.838438888803337
train:6069,-2.3782703468343924,-7.621341662638576
train:6070,3.153040935766693,0.3644396347330948
train:6071,4.663363500239337,0.11745960534835977
train:6072,-2.4922534554422198,-0.020142095682998906
train:6073,0.26959626331982556,-0.06118546806097369
train:6074,0.20153190942895144,0.17592742639968229
train:6075,1.5155035071929364,-0.07475379503985372
train:6076,5.641122841549215,8.997925975174681
train:6077,-5.148478915228477,0.05193813453749554
train:6078,-6.778313840011541,-4.005293859073631
train:6079,4.574762041967954,6.717470101495914
train:6080,0.18640887369299086,0.017150010695862763
train:6081,1.856707106981696,-0.36471274734232273
train:6082,-1.2025358530912258,0.08903565157150874
train:6083,-0.2764945184469438,-1.817937288718432
train:6084,1.3235715716314336,-0.21409474533640305
train:6085,23.980370359061133,12.47102051407291
train:6086,5.627004722785857,0.16551668245907455
train:6087,6.720807682545141,4.540039014336087
train:6088,0.4420150730491215,0.03108458363923121
train:6089,0.45575033309078805,0.03008841886816039
train:6090,0.6969238976845014,0.05688282954271556
train:6091,-2.1721521822451377,0.05218750563338638
train:6092,4.63530393097521,5.559491736032319
train:6093,0.942973506325704,-0.10635887088862808
train:6094,-3.9174684089944427,-2.194294480776858
train:6095,0.15799166742623855,2.6416864248211773
train:6096,2.743557377069227,9.356008032149692
train:6097,1.2905655234730213,5.3505398714756724
train:6098,-2.2750544714567162,-2.538863705828082
train:6099,2.2796785901532024,-0.2965794424218649
train:6100,0.7622481500684256,3.6553805002606983
train:6101,-8.294525966459167,-2.401821449163162
train:6102,-0.7869238815769221,-5.466613331461517
train:6103,-0.13650741067896188,0.010229606132866817
train:6104,2.789862128694116,-0.2165388103334293
train:6105,-17.552738863199774,-12.192542107613757
train:6106,-22.14881392546348,-9.44109385227247
train:6107,0.9616533855957337,-0.07355137840271644
train:6108,-0.5725582148527086,0.09042003207180895
train:6109,-5.267670483167351,-1.8949595747191612
train:6110,-4.399401297597744,-8.664878096958436
train:6111,-3.2011855349817346,-9.847661753422669
train:6112,-17.741677201543336,-21.865842077207684
train:6113,3.938501987328434,0.27637718529801036
train:6114,-3.1272340599274027,-5.728491215243984
train:6115,2.3168858560876577,4.827914262847606
train:6116,0.5703371357485455,0.9542199664553817
train:6117,5.878263255674587,1.486148415173548
train:6118,0.08678796500078484,-0.06573524227889405
train:6119,-8.820796545058359,-10.376689123238954
train:6120,5.987924035763202,0.9184111045181547
train:6121,-0.7555235387130383,0.05351610575697416
train:6122,0.6107670864967101,-0.020374775464119033
train:6123,5.975217403434642,0.8918774778042908
train:6124,0.7601539337820111,-0.22247745886716508
train:6125,-0.11894036711957023,-0.011128999698021974
train:6126,1.3977469039711266,-0.21068272674348465
train:6127,1.851112534513593,2.9374525280557586
train:6128,-2.325520458040325,-6.732232701934233
train:6129,1.2431447398366906,-0.2154351863072213
train:6130,-0.03774526084080035,-0.22607782539449411
train:6131,-1.8322080412020538,0.012478760798222133
train:6132,-0.9820354971776878,0.30853371650786376
train:6133,7.437034301663709,1.0386651797223538
train:6134,-4.693797106129713,-11.508435589601849
train:6135,5.840347457023849,6.738747675986719
train:6136,0.33407843572844326,-0.04977691874998008
train:6137,4.68001169448958,0.796219695514071
train:6138,-0.992653957134079,-1.4336331762386103
train:6139,0.9802400491114229,-0.08697362071215012
train:6140,0.5092694262018436,-0.009017227392702637
train:6141,-0.78769285343567,-0.0522535104116878
train:6142,-3.2503383649661695,-2.2864536493624854
train:6143,0.8211591120620857,0.038053778199249266
train:6144,0.7525045466992163,0.07128458097365183
train:6145,3.104534339690154,11.315574092665305
train:6146,-7.214105627591089,-2.4872966734783795
train:6147,-3.9361696744225756,-7.804902185587078
train:6148,-0.27170669230162947,-0.10515987811093094
train:6149,0.9783324967919294,-0.14598251855062364
train:6150,-0.08855325161037725,0.2700805651267666
train:6151,6.740687046334862,1.372639485727252
train:6152,-5.098198197862348,-2.108386708885702
train:6153,1.0701332778238766,2.280873269299407
train:6154,-1.333656015628542,0.3092026530459828
train:6155,-1.3005969669913524,-0.2808153515857744
train:6156,-4.774449887333979,-0.04015776397889431
train:6157,-9.476969437474196,-6.828860863054115
train:6158,-1.5758480960019114,0.0322134942940128
train:6159,-10.532712939390267,-12.7808376256255
train:6160,15.852737640269801,10.239337518119065
train:6161,1.4809546336939827,-0.11507441208913458
train:6162,1.221958495820283,0.6763975972425704
train:6163,0.057511244390707233,0.049725786361121835
train:6164,0.906617270008805,-0.2464818520804289
train:6165,14.417864976668142,6.184953818910118
train:6166,-0.05845612775589645,-0.0658583585579294
train:6167,1.7839599980701006,1.6159446439766323
train:6168,-0.28960725532122017,0.03338559550902377
train:6169,11.293917265421562,9.323967555508778
train:6170,1.9313427066370843,0.11582838598154634
train:6171,-3.3119909394453413,-7.020118222024072
train:6172,-1.5085696834213236,0.08413896192885581
train:6173,1.9988085967884341,3.5814596602695037
train:6174,0.1515974386116749,0.006834528511136681
train:6175,3.5509801533368512,1.5730827742535083
train:6176,5.014867789570066,-0.31764634256149354
train:6177,4.702544336633517,1.8519110448376734
train:6178,7.537380015149015,8.81876682353649
train:6179,3.5768281149032375,2.970576656209479
train:6180,4.176014799554686,0.3813594921214506
train:6181,-1.9983364147210576,-2.823832097674914
train:6182,0.7603657032388791,0.7383154559926779
train:6183,-0.034906248352624014,-0.5467940916822756
train:6184,-3.2987924254804124,0.09353289094614431
train:6185,0.6326108386456657,0.011006501238958105
train:6186,1.534529051866218,-0.06895135191447141
train:6187,-0.2746934320014848,0.01795454633389275
train:6188,-1.5122880854323668,0.2741715778449095
train:6189,2.5671076252248715,-0.23635318422640594
train:6190,9.255551395809578,0.612272419109642
train:6191,-3.306238062915628,-2.1918709589364727
train:6192,2.636539647172258,0.10281030174686023
train:6193,3.5390350542033517,0.26564352861395363
train:6194,0.43684241228707293,0.05297456532219061
train:6195,-0.2120583727698956,-0.13049212247853004
train:6196,10.23626946560136,3.8267101413241287
train:6197,5.2012272361962895,-0.3150546592913133
train:6198,-0.44921889453304875,0.14075953948181297
train:6199,3.535509127615236,0.6694057909441664
train:6200,1.74505671681478,0.24937163662464604
train:6201,0.3725763098127678,-0.11662110492601935
train:6202,-1.5549553305138195,0.3046900776342716
train:6203,-12.778989459082077,-7.042031493084265
train:6204,11.174213359521177,1.5125392384165957
train:6205,0.4697115425419779,0.5729175087484956
train:6206,8.202863325003355,9.907355541656308
train:6207,0.5762470378195478,-0.3534681509672288
train:6208,0.7755412745371363,-0.035506272603439526
train:6209,-1.7413794005308327,0.8548206191011294
train:6210,6.126218092052881,0.7969899212272944
train:6211,-5.6234185301320885,-5.369675881705541
train:6212,-8.167880857504908,-0.5894466066667154
train:6213,-1.9946821711843237,-1.4509948541555553
train:6214,-1.7160341299089876,-2.2618614936119963
train:6215,-6.982086268498431,-2.51169224263268
train:6216,-0.09580937746522877,0.5454822657153926
train:6217,-3.8433955907387003,0.005523012019547149
train:6218,-36.75981110612594,-12.002341009281086
train:6219,0.08020800205226122,-0.021554580362870335
train:6220,-0.617942780533567,2.6983866784365227
train:6221,0.9994376128824899,0.1665829293530609
train:6222,-8.381973037109466,-3.7273860360356252
train:6223,2.095292249070223,0.044939266528996186
train:6224,-6.248705625998836,-0.8288990670810681
train:6225,9.378602700369568,2.465782507545708
train:6226,-2.6827736721106827,-1.1680596641729317
train:6227,2.166808491599693,4.653496585890781
train:6228,0.36827071828685265,-0.0589524697323516
train:6229,0.4246030210214167,0.3071852865316851
train:6230,26.047753525887078,8.92961484355455
train:6231,-1.264648113740492,-6.422374563887239
train:6232,0.41331345412542303,0.0126023050596875
train:6233,-3.3989496153328758,-0.6255158959126088
train:6234,-0.8167741928948172,-0.33115457367415846
train:6235,-0.17764554545604877,-0.18362596283932808
train:6236,-0.598151634646021,0.05938035667829167
train:6237,7.49315065069308,0.6762296854691932
train:6238,-0.7885292962986504,-0.023573658806888137
train:6239,1.7790160762164584,-0.038139042186901506
train:6240,-2.7682013780279293,-0.11241125575314129
train:6241,-0.9214833800078609,0.17747921936052474
train:6242,-7.42952793324636,-0.19913854266737768
train:6243,-1.0736200920462022,-0.15894107756233466
train:6244,5.92630911951895,0.21181182723580771
train:6245,-0.4178565585914459,0.04321620926574126
train:6246,-0.27323690678263685,0.9322001277701142
train:6247,0.16772236936311408,0.008387926406091734
train:6248,-19.26777484711584,-12.084763577583791
train:6249,1.7815475464527837,-0.08119981674437654
train:6250,0.13196285334893745,0.002087668384192762
train:6251,-6.019718452192002,0.014372333394636963
train:6252,5.422506094756426,-0.21601749206846416
train:6253,-3.5565811752542524,-5.5048452872567
train:6254,-1.0724422261428543,0.14827473262692728
train:6255,9.091707389417513,2.0959283658506047
train:6256,2.4109433417159543,-0.5745133010576959
train:6257,0.37811927655153504,1.296112232737244
train:6258,-0.6819170316872379,0.0860588911099193
train:6259,-0.4763917518397415,-0.03885113362004747
train:6260,-0.028579141854932627,-4.025251250428639
train:6261,-2.067355823292,-0.043784415760467016
train:6262,1.3947653945816767,-0.15091993785453334
train:6263,11.506703029715915,4.383079026021342
train:6264,-5.037013329362559,-12.169972026184295
train:6265,2.7201374418222546,0.05990128262602932
train:6266,-1.8910383401863466,-0.41040943002107994
train:6267,-1.2042420965746623,-0.016646263864201885
train:6268,39.95792444584755,16.70434994434828
train:6269,0.8086709904793618,-0.009217701495963862
train:6270,-0.39150974164148244,0.0742460053981656
train:6271,-6.191044824421242,-1.0255216137937382
train:6272,-6.460008771636873,-5.432559625469796
train:6273,2.132131766068602,0.16944670245312546
train:6274,-1.3249524304262121,-0.18128903611061647
train:6275,-0.15577337528722246,0.02043352756416804
train:6276,-2.760818969234062,-6.312803072797114
train:6277,-8.25237663833699,-1.986870513495378
train:6278,1.2207462260973778,-1.680101837949878
train:6279,-2.093826075567536,0.048779267551933174
train:6280,17.107826171028957,10.622397770996441
train:6281,-0.1335984863750303,0.06504852031625565
train:6282,-35.84262387339455,-11.120907200155077
train:6283,-0.5354362610924253,0.05440413363406027
train:6284,0.2887333879484274,-0.12815091592551822
train:6285,-33.32606443843193,-13.959439608426832
train:6286,0.6703520611579757,-0.13431047472354857
train:6287,3.9141064248471316,0.03614736612993387
train:6288,-0.8923391605947261,-0.1370085116275884
train:6289,-1.8090624066785765,0.07287813788662362
train:6290,-0.166660556969343,-0.11693388875195795
train:6291,-3.8904800073013885,-2.37923025393382
train:6292,1.5206215402685261,-0.3905104582677696
train:6293,-20.74797593773334,-8.641711693343147
train:6294,8.179833222225282,3.1827486605695854
train:6295,6.412742399653496,2.1937768475392794
train:6296,-1.3983756441295752,0.029531471065896167
train:6297,5.197356806496123,10.957381330901729
train:6298,-0.0816153610864283,0.802496771154344
train:6299,8.805935316682348,4.761021750322177
train:6300,-0.15351864658591519,0.09792441866056527
train:6301,-11.03908788212292,-2.2906435973523678
train:6302,0.32731808518548544,0.5337928529346992
train:6303,-0.8328740181563093,-0.06612349367332593
train:6304,13.088389809028907,3.375039739768847
train:6305,-6.895460240352694,-7.865899953443051
train:6306,-14.793695729001392,-8.888943447727138
train:6307,-4.609610029840682,-6.449704951224987
train:6308,9.965943778014344,9.190726924108905
train:6309,2.4889254101979854,0.034625959921622707
train:6310,0.28561135755274647,0.1073693132522285
train:6311,0.7221746740316849,0.10704244167130178
train:6312,1.3624237120738996,-0.19672193987627756
train:6313,-2.221268283827613,0.040808665436076565
train:6314,2.1816644328176062,1.2353208237429456
train:6315,0.8265449370304438,0.08757134535240256
train:6316,-7.602021245841657,-0.8703181367021942
train:6317,-0.03951636017326701,0.01567068942650343
train:6318,40.97416492424846,12.556113692738931
train:6319,1.693309885327392,0.501525260284256
train:6320,2.085056880293764,-0.06582069610408778
train:6321,-1.1367234384027758,0.05505441727127105
train:6322,-1.6939932531722999,0.06103122757168346
train:6323,-0.7752022910414234,0.05827634033485616
train:6324,7.124365880698628,2.427636148236529
train:6325,-4.0177202093506885,-0.020873481990698217
train:6326,-1.2148220846922921,-5.373664677953315
train:6327,0.005268695705985954,0.12422012280854125
train:6328,-15.271314657582128,-7.952911634682035
train:6329,-5.790160825863594,-0.5344022170731118
train:6330,-0.2890808536361735,-0.1511360511490915
train:6331,-14.844999262624622,-2.417774351581296
train:6332,-5.0027210897608425,-1.30945150627413
train:6333,-0.028933466327634078,-0.05225525800661038
train:6334,-10.718433125855803,-1.7571355368154078
train:6335,-9.694301155114882,-4.138817244198937
train:6336,-3.3175490159697247,-2.096078504841607
train:6337,0.18387926312258762,0.2369341818866852
train:6338,0.9678337528292671,-0.10256737454109321
train:6339,-10.278770908576089,-1.282407724503684
train:6340,1.219579750647802,1.5369844535327786
train:6341,0.40934074279954624,-0.13222199179546276
train:6342,0.06839063872177935,0.023652561746350526
train:6343,2.376132255321999,-0.0072312923774374704
train:6344,-4.059537587105787,-5.492646646714689
train:6345,1.5635589018251497,-0.31388384202359243
train:6346,25.969238430660152,9.54774301951155
train:6347,1.373158866066896,-0.06120294401019946
train:6348,22.64273125802431,6.605003166605903
train:6349,8.596421634577757,0.3902113100607155
train:6350,-0.10855703867319216,0.7363881084494941
train:6351,-1.2935294228839038,-0.4338019153550246
train:6352,-0.694287296942155,0.06873751487180106
train:6353,1.985697022205359,0.8199451868437728
train:6354,0.5243660779275358,-0.03973941115355112
train:6355,6.209887251382634,9.694051381107993
train:6356,5.504920909421789,3.691732757223239
train:6357,-0.8747034837399005,0.218993015759495
train:6358,-2.7406053304948608,0.3001808547515955
train:6359,-5.315856286872346,0.05226240255863964
train:6360,1.4349190687113036,0.008426730146413416
train:6361,12.375379947038923,3.7310021424287867
train:6362,5.684402381635488,0.37544384764332833
train:6363,2.258280111763446,0.0542645043662667
train:6364,32.33786150514376,12.537670503221328
train:6365,-0.01705798843708964,-0.030423018286500986
train:6366,7.355839427843179,1.0428713910445768
train:6367,3.964306246745654,0.1283506882362584
train:6368,-0.7591619750894353,0.03162341351862464
train:6369,-0.83247523604516,1.2075082428673762
train:6370,-0.08109773469995107,0.08387782131613945
train:6371,1.237010631792967,-0.12299058910597382
train:6372,17.110760723853875,17.531151510960793
train:6373,0.05616426511757715,1.8515995862791734e-05
train:6374,-1.8572979564469838,-0.020837353140564147
train:6375,-1.8940196171175563,-3.7091534138735924
train:6376,-0.05898642311646732,0.15703963446769592
train:6377,-0.991821524175743,0.21159512546540832
train:6378,1.544884369094646,4.338713796682373
train:6379,3.175640990800303,4.215214330711342
train:6380,-9.786609392485296,-1.7163505231643543
train:6381,0.44601742280063017,-0.26059332442820504
train:6382,1.17683928122067,0.3666907509845877
train:6383,1.4657321058311954,0.0879054213042346
train:6384,6.343449387733779,-0.2154850462603185
train:6385,-0.1400997622092292,-0.06021519622691901
train:6386,19.190131297213043,8.217292299896375
train:6387,-0.4368429921658056,-0.026149685053170155
train:6388,1.1963904139751578,-0.1996244453862588
train:6389,2.9011980028619737,0.012049244764495953
train:6390,13.839525611918814,6.001226668135528
train:6391,-3.2655106818490633,-0.0675119043415088
train:6392,-2.6884196178498807,-6.31362137520331
train:6393,1.6008763529654835,8.358803263773929
train:6394,2.144108014606295,0.15428085972379596
train:6395,17.1971533639264,4.777924203091712
train:6396,0.13490856416938865,2.6349816520725056
train:6397,1.6611309235877902,0.7144813284561566
train:6398,-0.0895323657183113,-0.24759189584308716
train:6399,-1.3439350865541675,-9.872170880581734
train:6400,-9.21692677260289,-0.0854006426210217
train:6401,4.853176811399199,0.036496136145196534
train:6402,26.60073262645806,7.49509135111013
train:6403,-2.6143837604543383,-0.11815264005184095
train:6404,2.9102145930848002,8.211724533803453
train:6405,-0.4650171633423762,-1.997081888954002
train:6406,13.318684327978907,5.077762131165491
train:6407,-0.4985170109176402,-3.838911409579595
train:6408,-0.23622984550759718,-0.08377109951872586
train:6409,-12.498694102487207,-9.703263905393829
train:6410,5.0967228447929065,-0.1232385335937646
train:6411,1.0230479314282275,-0.4715513209603612
train:6412,-15.843815601169329,-4.539922092290759
train:6413,0.19249765237986569,-0.21667911724007044
train:6414,4.573701567475933,0.3253115550598583
train:6415,3.569725585830631,4.918533265328406
train:6416,-0.08300732102904682,-0.25793234366956436
train:6417,-4.312041166329297,-7.486265271935542
train:6418,-2.9381560141814522,-0.11263437725999098
train:6419,10.848032605966829,4.309363046953316
train:6420,-10.240657985337618,-5.092328430329241
train:6421,5.483366916469305,12.923732339541237
train:6422,0.9860747509417043,-0.18128482761672127
train:6423,10.492334305065505,4.701084237606171
train:6424,1.0252772059522273,-0.07929290536222611
train:6425,-11.07544435089806,-1.2595508948461103
train:6426,-2.2051586953200304,-1.0924930177471006
train:6427,5.788950010271558,3.14743811284171
train:6428,-7.112842168973275,-3.192283883607656
train:6429,-0.6571565097687422,0.031040251792521782
train:6430,1.7815882266448275,0.40055885526249047
train:6431,3.3424869629069596,0.10969133192629446
train:6432,-1.0735171130457717,0.20611138658957984
train:6433,1.0700895756747095,0.08814452082180499
train:6434,-24.56785991814,-9.697903282797038
train:6435,-2.4265519233343693,-0.37544347947977436
train:6436,-0.21751381898120864,0.040625881273256115
train:6437,-5.041561142374816,-2.813082034997706
train:6438,0.1174380488942609,0.048119068988426966
train:6439,0.8007536952746784,0.1574644783598944
train:6440,-6.788447624537011,-1.5724417163922164
train:6441,4.105267063967483,2.0097441173096566
train:6442,0.645859098674008,0.08704902846176735
train:6443,12.494122405657633,12.411463620398
train:6444,2.1854118921086805,0.16225517102071274
train:6445,-0.08703291660458054,0.03531401300828263
train:6446,-1.110177637199158,-0.03770528199407766
train:6447,-2.4187327255070716,-0.7839679736392093
train:6448,-0.16539813438110396,0.001452221471222634
train:6449,-2.937228273344614,0.4389689230789658
train:6450,-5.368655921729826,-11.083256159178239
train:6451,6.0994626135165575,14.945335309252908
train:6452,17.33422933903717,6.763101588184498
train:6453,-1.462094307448091,-2.7048584032405203
train:6454,-1.3174778519400854,-5.596815287608258
train:6455,8.010831432398545,-0.2833888812678813
train:6456,-0.6118532463574113,0.1557001564573452
train:6457,-7.984372743653594,-1.7642817021102386
train:6458,-2.763843715856198,0.15106810261725376
train:6459,0.5891624176478517,0.15256072700714615
train:6460,-9.730048583300565,-2.1324016589989063
train:6461,1.3283492858432968,6.8763896786969045
train:6462,0.1801029790097223,0.08157299326967922
train:6463,-1.450199651752726,-0.13977081722653603
train:6464,20.382430067781723,3.9892310480129156
train:6465,-1.259841109790357,-3.5243437528726758
train:6466,4.626256191348189,-0.09325005437877804
train:6467,2.8026473319078797,0.2935964877265692
train:6468,2.1930446584272976,0.10781912278617806
train:6469,11.909229578199172,2.578365853656684
train:6470,0.9574204372698967,-0.1609198186623232
train:6471,-1.3540249364722299,-2.381743652084509
train:6472,-0.6792664847173444,0.08245620634442763
train:6473,3.0670843873528773,-0.10562131450089601
train:6474,10.678683058612677,17.465381453688494
train:6475,1.2293464836119163,5.322350095418447
train:6476,-2.0610638761031463,-0.18216354687595449
train:6477,0.20423109828561722,4.102376763036935
train:6478,-0.9602113877500332,0.1724995724568532
train:6479,-8.237842419323584,-9.58027088529832
train:6480,-1.5852832272863089,-1.439097227922658
train:6481,2.5210248712194216,7.3244096754457475
train:6482,-1.0186727755070493,0.236653496742998
train:6483,-17.135095090436565,-8.816403279055184
train:6484,-13.729914750970428,-2.79017299148367
train:6485,-2.3600642174579924,0.2300517250991509
train:6486,3.178042284422088,1.5972369613172788
train:6487,6.778447562881113,1.218107941050837
train:6488,27.93962142299447,9.548031764991002
train:6489,0.7974878894574027,4.687804798767553
train:6490,-4.168880364321739,0.05099279267998943
train:6491,-1.9779637745455259,-0.34439784799743933
train:6492,-0.7581200391420736,-0.05965871207228732
train:6493,-1.0766134568059047,0.08717845748164547
train:6494,-2.068179655295447,-0.24815034158385646
train:6495,13.976137600382044,3.4308486486432743
train:6496,-0.16463328865612054,0.06953470347811573
train:6497,-3.035879831174976,-1.8389303975540847
train:6498,8.869227186671763,0.8163943592827183
train:6499,-8.95133579445329,-6.31018724418484
train:6500,0.08405820788552613,-0.1253908928995307
train:6501,-3.036371015436625,-0.9608018254047039
train:6502,-5.478280438332962,-5.560658761277047
train:6503,0.12697092886868344,0.04389827059838092
train:6504,1.3514149547321281,0.06721033090068465
train:6505,0.48413383291270407,0.23530542341884436
train:6506,8.876666780192732,2.106431910648121
train:6507,-1.3355926252280668,0.14022702234326231
train:6508,1.427946018878517,0.13280184816926194
train:6509,-1.0368705363867998,0.08084374687413001
train:6510,-2.3034643552889005,0.25900823167975506
train:6511,1.0218954034730667,-0.16001770303024898
train:6512,21.850904105095076,13.237995843401222
train:6513,1.3878546435572767,-0.09957559902925062
train:6514,-0.9025984725699306,0.20665378298922343
train:6515,-1.583912188585313,-0.17635432736209689
train:6516,-0.09193941268154257,0.414529628386398
train:6517,0.8311564436005283,1.0069588146984751
train:6518,0.3124653983829359,0.06943148838207625
train:6519,0.8569290886970736,0.14940678181952902
train:6520,-1.1671459456790467,0.11862717708265305
train:6521,-5.833355286233934,-0.028261136371666967
train:6522,-6.833538014314833,-1.6620250013923719
train:6523,-0.04337598056526204,-0.033151762929894635
train:6524,-36.81422493100372,-13.646155328366728
train:6525,5.513710620402131,0.41382160278633723
train:6526,1.8693014619802142,3.8481920060948624
train:6527,-11.401680894430067,-3.5502806294182836
train:6528,0.6028901227967102,-0.009815450289889852
train:6529,-0.016158491276441284,-0.5097266760791737
train:6530,14.538886455874266,12.629650204507968
train:6531,-0.1743987430999135,-0.6660895575736383
train:6532,-0.6510902214166115,0.16963608467840868
train:6533,18.02713342291143,6.458314185968365
train:6534,-0.5221720776746258,-0.1671548628614481
train:6535,29.71300256554743,19.412529176014687
train:6536,2.19878777171092,1.3461639219630606
train:6537,3.924121190753593,-0.05019395196283072
train:6538,7.639503569255755,13.056582650964934
train:6539,-3.695090022957923,-0.016098589014588077
train:6540,1.0140824820182557,-0.17677004096245497
train:6541,0.26775809978504667,-0.09213555246580707
train:6542,1.5985229457411902,-0.05975008632109627
train:6543,-3.7185934107131455,-1.0140206559430631
train:6544,2.236176819989251,0.048045028028033746
train:6545,-1.4867367405805396,0.19363241755590718
train:6546,4.595882267844131,0.022413195959421636
train:6547,1.8415608254217104,-0.01394883326860459
train:6548,-4.87601740133004,-0.6194232093692689
train:6549,3.016032838462078,0.18609621760651945
train:6550,0.140201754529007,-0.006981671625129124
train:6551,1.2825326965229333,0.11523053019201283
train:6552,-3.0084004776785136,-3.6263157026137702
train:6553,-3.0694907356745196,-0.006328463441313215
train:6554,6.049548250337063,0.7179769462837386
train:6555,1.8697440624696506,-0.019254531453545318
train:6556,1.0322442118707675,0.06158528649254505
train:6557,-0.1857495627422131,-0.015304324954878532
train:6558,-39.20640247043916,-14.68976252244835
train:6559,3.159692960769694,6.592764581037091
train:6560,0.898096513212432,-0.07704307305802327
train:6561,-0.6849933840387097,0.12565479124436865
train:6562,1.1419889093841122,0.11186202314614635
train:6563,-13.428385728878139,-0.82388539557421
train:6564,-3.605329062984172,-0.6135204043640472
train:6565,-1.6261189338928301,0.19066557202061318
train:6566,14.169538207105447,5.739631823400113
train:6567,1.7512082592265221,0.22029272706905653
train:6568,-0.521254565000358,-0.9651227360181718
train:6569,-1.682213896764099,0.11120200290865266
train:6570,18.178818933505443,6.03622022354357
train:6571,6.506210603642758,7.546766520353817
train:6572,-3.300923137710546,0.033358596950730096
train:6573,8.330710707976188,4.364663798022502
train:6574,2.987999304520859,9.984604658344947
train:6575,1.0775189410331079,-0.08796286643393564
train:6576,-4.941101989268267,-2.7239569765192906
train:6577,14.0194389915429,9.374609860488022
train:6578,-16.07002350425573,-8.257576919244803
train:6579,0.25938367545091123,1.7409043859988862
train:6580,10.073726295521736,1.3313132169630348
train:6581,1.0910991514285273,-0.16172537075862448
train:6582,-0.45801267353259556,-0.09628566242449504
train:6583,-0.5296199234631237,0.07474132373050715
train:6584,20.8240077409611,14.368775640115516
train:6585,0.13467180545169377,-0.034980139536136656
train:6586,-3.110204169246669,0.19468910617562313
train:6587,-2.323950900002155,-0.05782637662856763
train:6588,2.437670227888727,3.8320171234563594
train:6589,-2.7570224612542944,1.4951032342176374
train:6590,0.20716971912974075,-0.022163956012811833
train:6591,1.6300791518551616,-0.12535768859600177
train:6592,-5.394588033179184,-0.27731224406566707
train:6593,-14.856941107342758,-8.222593635415082
train:6594,5.013557190011535,2.4813870322658063
train:6595,-8.639799910034709,-2.488770644967363
train:6596,-8.007785007778638,-3.0422526455132917
train:6597,11.610721583397176,11.240782165768213
train:6598,3.2399640455434695,0.2505109971837606
train:6599,9.516718228730735,2.822070176852461
train:6600,1.2305836263665282,0.087316731471744
train:6601,14.635178097649607,9.942612163598001
train:6602,-1.8110638721271313,0.03739643285194318
train:6603,2.3199877788455567,0.1416081216449324
train:6604,0.042325561158999214,-0.1287366455462012
train:6605,-1.9015989180409156,0.9155282148695492
train:6606,-2.251651505661282,0.13347424423202367
train:6607,0.11179466019570558,0.04479992258282263
train:6608,-12.00846849862122,-4.6549186886638
train:6609,-3.381427145641052,-1.8245324979650186
train:6610,7.185873401235884,-0.1111588721672993
train:6611,-0.22974745690541865,-1.1178031140239462
train:6612,1.8818586236602926,1.884073924453572
train:6613,29.003975178129412,14.31003020112792
train:6614,15.757076425242017,16.544418046039485
train:6615,1.351264321792446,-0.09635228502276794
train:6616,8.979423550545915,17.397043501836084
train:6617,-8.324482394963736,-9.264071188924932
train:6618,9.853327058942707,3.323789699738979
train:6619,2.877863379789173,5.202037386621335
train:6620,-2.8568456086155183,-0.084452911194948
train:6621,-2.9835616173330535,-8.961266771967884
train:6622,1.5567618228802327,0.4353551821006986
train:6623,1.6437460691741945,-2.4275691574747023
train:6624,0.7895965133465073,3.7116790210350663
train:6625,6.28916480963758,3.709827283721186
train:6626,-7.396537924706525,-1.6899996449481085
train:6627,0.23007929231024388,-0.010335163620742452
train:6628,-1.587552717085872,0.08439446743957692
train:6629,3.3629200422249568,0.17969088989805093
train:6630,-29.937957691795695,-9.869876894756835
train:6631,-11.560406170371822,-4.113777418826648
train:6632,0.11250249553726759,0.030351877719039348
train:6633,-1.319275916428421,-1.5240466044921919
train:6634,-5.558725401870444,-2.35853359426136
train:6635,-0.19766537213744095,0.037806190363483504
train:6636,2.9004592505744586,-0.14925178717052956
train:6637,-2.792035786317268,-0.9494983101150773
train:6638,-0.148105798347128,0.4143406028131398
train:6639,1.525364618202592,6.667834411192076
train:6640,-1.1007977147468204,-0.5964661604926655
train:6641,-0.9068459495357831,-0.06574155501973683
train:6642,7.081947830850724,2.871143212921635
train:6643,14.16765529535942,14.786389482462875
train:6644,2.3519194050175325,2.5205311612801684
train:6645,-0.030471410045129738,-0.04549720144540148
train:6646,7.513287113296518,4.715922673776536
train:6647,14.361105183229757,2.2663058886680534
train:6648,-0.16202615326259384,-0.04910569963890091
train:6649,-1.3626830760885906,-4.23501342838612
train:6650,0.4048789393361829,-0.07542918697962558
train:6651,4.237454907202269,0.25130547523468516
train:6652,0.41984088151165005,-0.11025151375045736
train:6653,-3.0952982495071026,0.024241822222081155
train:6654,-0.40027155763299493,0.030784104308155646
train:6655,4.136184939753728,-0.29303011279931557
train:6656,-3.3528543085824523,-0.024712876705192677
train:6657,1.7951440289250207,8.145264568853962
train:6658,2.6329907072183576,-0.33174476144515413
train:6659,1.997234157127219,4.039962658659221
train:6660,7.998258231099889,4.690089654300612
train:6661,0.15844763426448943,0.03967679456948735
train:6662,-0.33900021466783375,0.03950278404648228
train:6663,-4.062007223450205,-2.160219946306876
train:6664,-0.6177546637026444,1.5973742010165046
train:6665,0.6327407828019656,-0.2093523076945693
train:6666,-1.3473543148100084,0.06667735011450149
train:6667,-2.8537097469545425,-0.03933782097338365
train:6668,-2.659951154541153,-0.11151627316156737
train:6669,-4.8827498568841685,-8.1802256574162
train:6670,-1.9057727057446092,0.048905593699193665
train:6671,3.6919214440665002,1.9210179384560184
train:6672,12.636214829593001,15.61757358915878
train:6673,0.831711670107366,-0.1324321311686019
train:6674,7.767197529790023,5.564519673620177
train:6675,0.4968172194172383,-0.17926166550701705
train:6676,0.9679339423308149,-0.23484504547342538
train:6677,2.2363232686806085,0.12250933437494686
train:6678,1.061012546309418,-0.235479886077953
train:6679,1.844686923836596,0.07598803654915136
train:6680,1.0034716931837928,0.2052018525953853
train:6681,8.30651552449798,2.682640919514518
train:6682,-0.6225798575100789,0.11193731238862713
train:6683,-10.917260237739608,-4.008236951584059
train:6684,-1.9275382356957205,-4.697791971251724
train:6685,1.0565435366406069,0.9273178468692718
train:6686,-2.719538802472182,-0.12109334299370134
train:6687,-1.7944873912440058,-5.298294689454077
train:6688,0.9361629448028521,0.02152088825803533
train:6689,-0.11575348087485943,-0.6984397508330751
train:6690,-1.7284878476721546,0.025651382355347446
train:6691,4.337467740487537,2.6086256380670996
train:6692,5.208327440686493,-0.05730705561494254
train:6693,4.93575667141514,3.5352806413921156
train:6694,-3.7023555052569446,-0.5950620928005845
train:6695,3.8974205723619684,3.085330158562269
train:6696,0.06678121409540673,-0.02751366505763947
train:6697,14.2311173247807,3.307419657112387
train:6698,0.31843562336728315,0.25561789752995767
train:6699,5.290394962740923,0.3619735999713276
train:6700,10.525357322675456,3.430873186302595
train:6701,4.131298202627187,1.836634354658969
train:6702,0.8007706647262167,3.4141918577885697
train:6703,0.6317709670236415,4.252577482173587
train:6704,0.15012516434704995,-0.015609440762279297
train:6705,-0.3163737175093954,0.10993328466006498
train:6706,37.466782924706855,18.90437251205907
train:6707,1.6620991121584323,3.3177311804596354
train:6708,2.561739699541013,0.04600608406622258
train:6709,-0.784579249651198,0.0044582987292683535
train:6710,0.0875497306540849,0.027147323609072502
train:6711,3.0043513469730225,7.245395559215711
train:6712,-27.482826741568644,-13.261177714202868
train:6713,-0.24637722884012125,0.15588893237418588
train:6714,-0.23564777007401055,-0.01232820646693411
train:6715,2.7844160970415333,4.33291178153942
train:6716,2.797474671145831,4.092600788370451
train:6717,6.491389531160883,6.186333063621257
train:6718,-1.6678537889726397,-1.2303933078538023
train:6719,-12.309365234300026,-4.9410862872795445
train:6720,0.3776169342943543,-0.002336029342884599
train:6721,-14.48284699114099,-2.9353808675917246
train:6722,0.1208500709446541,0.04768876832024575
train:6723,-1.8150389080354103,-9.308718316024473
train:6724,0.6254188131505631,-0.20146904965963902
train:6725,-2.059150047411166,0.03630650426349579
train:6726,-0.7240685681626957,-0.0026062645822388514
train:6727,-10.194086371652922,-3.2969635355226683
train:6728,-0.040682719393722644,-0.11681776285261289
train:6729,2.0332045127653027,2.962380792674623
train:6730,0.24169139501458478,-0.14046397043715367
train:6731,3.919142400163913,0.38488649532723396
train:6732,1.1197231292999823,0.8615415125213315
train:6733,-1.76913224114695,-1.6535121455376818
train:6734,-7.689914171396757,-8.745107683289724
train:6735,0.39415912758704263,0.0441300587494385
train:6736,-0.31328115119566613,-0.3555225022965206
train:6737,-0.34670167239644467,-4.707785646314279
train:6738,0.010615700148222246,1.0280574925335326
train:6739,25.346332172090047,8.79692431223806
train:6740,-13.175681305735052,-14.667580478422106
train:6741,-5.518074964481402,0.16144849547053264
train:6742,8.743602104475723,4.901031066513605
train:6743,-4.544593784625089,-12.403822767232946
train:6744,4.50815624730553,-0.026622855294758233
train:6745,-1.4305577440554207,-1.303333354776204
train:6746,0.30346043107212173,-0.028530729637376198
train:6747,3.624754495212112,0.9547846179413864
train:6748,6.467415647927394,5.702343140880691
train:6749,-3.2274131008544495,0.07533689694708054
train:6750,33.46104393205531,11.123913288924651
train:6751,-3.42042968656496,-1.3652357348284259
train:6752,33.293339259209176,9.916969738964246
train:6753,2.1040289595717883,4.789562471972018
train:6754,1.3040601892360288,0.009191499083654173
train:6755,-0.053826256984832205,0.12628096520468837
train:6756,-2.568267300004052,0.12178508110774787
train:6757,2.0876062498145886,-0.8497806864937012
train:6758,-0.6239893680498364,0.13989226875258276
train:6759,-2.129596749577245,-3.1770014869965513
train:6760,0.5219451415844496,-0.24169511825708823
train:6761,7.923955279186299,15.264684385667994
train:6762,-13.349852966824955,-1.8351438943349
train:6763,16.51682434101672,5.777276016658069
train:6764,-14.768620923542077,-2.2990785604047947
train:6765,0.9094744142397209,4.646008034651936
train:6766,9.267059938367886,7.511928750550301
train:6767,-0.5247660791775783,-0.06955152594216751
train:6768,4.381391189899302,-0.11792552404231108
train:6769,0.19796390789935034,-0.13165334580677804
train:6770,-29.915652858727203,-9.729036436686311
train:6771,2.5954603243299545,3.367118926275683
train:6772,-5.13722375215204,-2.6060329803249225
train:6773,-0.5849299910861874,0.036237135444630274
train:6774,-1.750558014147114,-5.038565848113543
train:6775,0.7124665205441136,0.05257907389165091
train:6776,0.13706647401363173,0.19139777862797003
train:6777,-6.810329848524728,-3.9655642500950026
train:6778,1.8381404348746684,2.704646920101215
train:6779,0.19885770983311254,2.925180845179025
train:6780,25.396435291360625,6.320975194818632
train:6781,25.9620749975286,8.04908664525046
train:6782,5.997836984960434,4.046327042715219
train:6783,0.21185189300486132,-0.4335988020267783
train:6784,3.2883906759853625,-0.13465913774320373
train:6785,6.8618591584806685,4.283359975791866
train:6786,1.5087043361238566,-0.036430251004647196
train:6787,-2.2691209748743284,-5.33997960749465
train:6788,-0.7960119527086258,0.10578413766184455
train:6789,-0.3184439324825041,0.021024678295631247
train:6790,-1.3385299675518687,-0.14316357661010357
train:6791,-10.780837935200424,-7.067610005675137
train:6792,2.589872260692579,0.10191756606304392
train:6793,-24.02114045306248,-8.358135671001977
train:6794,0.4889762867444772,0.25175221756121957
train:6795,-13.219675422451854,-10.828865685348138
train:6796,-1.744650087971154,-5.109303925433499
train:6797,-2.497475164892961,-6.997758137306939
train:6798,2.7222625750546223,-0.0006653999273069505
train:6799,-1.0593132171917605,-1.3840569754925445
train:6800,-0.5689430243003367,-0.18081076574507066
train:6801,25.614269118800255,21.252189396363324
train:6802,3.95991836500269,-0.12788938299557434
train:6803,-2.0435978937637036,0.06530777067323942
train:6804,2.7619378501258143,-0.10606399099434527
train:6805,1.2969139580142555,0.13184423748209528
train:6806,-2.438788990017623,-0.01767827216378677
train:6807,10.738267684586583,2.81514256791856
train:6808,2.7865600593913613,-0.8585710889542584
train:6809,4.997994110826781,0.08371169280288723
train:6810,-2.5101476258602036,-5.461062684665795
train:6811,-1.0950869131585925,0.1871503383316553
train:6812,14.15490077663337,8.52120034087963
train:6813,0.2658875083257529,-0.04245881151388936
train:6814,-1.6351596997726432,0.12459296683549247
train:6815,0.01675073802490687,0.1479297431231298
train:6816,0.3917442351582029,-0.024109492809271438
train:6817,1.3343343881550203,-0.20985935987853388
train:6818,0.25691392287737247,0.07079785795511316
train:6819,4.531968339603805,-0.08822907150540721
train:6820,12.143806907767544,9.51671828783788
train:6821,-6.832901543653027,-2.169941424543939
train:6822,-6.84218360118622,-1.287351492213639
train:6823,-7.32353952843722,-2.599855767251654
train:6824,-7.097099167110567,-7.077019342059907
train:6825,1.4955007080776421,-0.018552140955479773
train:6826,-0.5848744335667675,-0.31327517967770097
train:6827,2.2036070959477883,0.17808838101925123
train:6828,-3.538624706027882,-0.4803339127415706
train:6829,9.30351403960393,5.439922004733719
train:6830,9.657659519460383,1.2874012923478604
train:6831,2.566137344530067,0.31864751197244356
train:6832,-0.3882252229358665,-0.048528101684388286
train:6833,-5.053942333167024,0.36893059703209014
train:6834,-3.825128557303355,-0.33054904986608713
train:6835,1.7319002777913362,-0.081980635022743
train:6836,-10.124215933464424,-5.908629020038818
train:6837,20.491179611568555,8.9611211981228
train:6838,0.2491328482014758,0.011613451655129503
train:6839,-17.122891962656386,-10.884762473281528
train:6840,2.427860490150166,10.929035198596736
train:6841,16.43368239697585,8.214867066126269
train:6842,0.9507780592838659,-0.12803903418527085
train:6843,42.52361625446947,16.623557133139087
train:6844,-6.569809491586118,-5.020467327112916
train:6845,-1.395757699427877,1.5473915596227312
train:6846,-8.803394721193225,-11.0138328438833
train:6847,0.004314919546239193,0.22707767519295158
train:6848,-6.871745780515325,-13.39878262510245
train:6849,-1.005717761548783,0.17986786063286364
train:6850,-0.8865690821552342,0.041203265236553724
train:6851,-6.546092242249865,-4.885927341055505
train:6852,10.601916979185395,3.7479425429737834
train:6853,-1.0673990446206254,0.3798360173313943
train:6854,5.87194968986939,3.413113342064923
train:6855,0.1501799082626289,1.0307957241207917
train:6856,5.3487866130258634,2.3856992912054853
train:6857,-2.7966017310722635,0.14825579440439896
train:6858,19.990788143939945,5.134489205013118
train:6859,6.554393617848869,6.436941884699715
train:6860,-4.197604764152981,0.08701421922412583
train:6861,-1.1108237548779338,-0.03271090536177296
train:6862,6.840927688695575,7.547419336220405
train:6863,6.38290080551961,7.6214563021109445
train:6864,1.3199029156838042,-0.08500590015973455
train:6865,12.978098602192734,9.427580389886565
train:6866,0.5225201270417086,-0.22082822857308837
train:6867,3.5443936815576005,-0.1440944562279953
train:6868,-2.988480666154989,-0.1307834001873602
train:6869,-4.166916557108104,-1.3951171827707054
train:6870,-14.169940532937893,-10.595001248861728
train:6871,3.6677536906606427,0.021282395048907457
train:6872,-2.651246290818502,-0.6909867221359209
train:6873,-1.073175515661724,-0.0991776466997383
train:6874,0.08581489480709728,0.016444980972812093
train:6875,4.960330296908475,4.9312015452569575
train:6876,5.172920331364536,2.5020155000710833
train:6877,11.919232721193621,1.6748475804984737
train:6878,-1.3934817007975866,0.03843632316128091
train:6879,6.652583048697615,8.033938349800762
train:6880,5.915652303952918,3.9550095729086276
train:6881,0.026739584837580266,-0.05526989491325646
train:6882,-0.9201058324761381,0.14237146397407308
train:6883,0.24828007514711775,-0.05392870497318564
train:6884,4.520103671021432,0.03855091545691839
train:6885,1.6502999967998102,-0.2400013064598846
train:6886,4.34390776357543,1.8907393228186817
train:6887,1.0474772003543666,0.3983418349445891
train:6888,0.06391453907664064,-0.14621234511554362
train:6889,-6.10487813375824,-8.038100681412379
train:6890,-0.9347346619933264,-4.302800709511908
train:6891,10.00104311262621,4.954753133059262
train:6892,16.238767092358977,22.868997453471554
train:6893,1.2446334024072532,0.018950247457331038
train:6894,2.1444185788152694,0.18705917807406136
train:6895,2.696145426846026,7.633149352742293
train:6896,5.088813685626632,0.709455530780448
train:6897,-0.36547529045185523,0.22915774113324702
train:6898,-3.250313956850943,0.2192095035386794
train:6899,0.08533649574866226,0.10342231662178686
train:6900,0.3412009562097109,-0.1130852567500156
train:6901,4.1383128624849785,2.0552052669910936
train:6902,-0.5399937211216516,-0.004605798495285807
train:6903,2.496202282950779,11.439678725792382
train:6904,12.954329282210665,1.4797766127554308
train:6905,-6.413931364170948,-0.6451852550922141
train:6906,-17.838766639999218,-13.715254518301332
train:6907,-0.8205596591081724,-5.301921697887675
train:6908,0.5657336489877496,-0.007838884767253904
train:6909,-0.2050811386887843,0.4044428671453144
train:6910,-0.4057933125573393,-1.1669334997387426
train:6911,1.8205689164941519,-0.26128084253682743
train:6912,-3.1190168935927964,-0.511181388358807
train:6913,0.28737153134792137,-0.010824204877443719
train:6914,-0.37344355212571345,0.12248932619634349
train:6915,1.6952413808456313,-0.08902422719517927
train:6916,7.004197058317741,1.9996708375151186
train:6917,-2.127338650231454,0.07889931569894795
train:6918,-10.696626683254408,-5.43312627420714
train:6919,-13.368724856601432,-20.01798741993229
train:6920,0.9357242961034999,-0.1757229106170094
train:6921,49.80538364797003,17.10033184275278
train:6922,-1.2716140735969512,0.07048154327412691
train:6923,-3.083178574235175,-0.04745126222525897
train:6924,13.90319685375632,18.27151546343379
train:6925,0.07580431314896048,-0.055001692590444795
train:6926,5.124781484224073,-0.1424519488245901
train:6927,-10.494010502054522,-14.470764483651067
train:6928,-3.4918580598796156,-0.6909970650446464
train:6929,5.294601527056491,-0.07479801989095564
train:6930,0.7572744735600313,-0.08490953278257535
train:6931,1.5944142463447668,0.2750923820430945
train:6932,0.03692811327862863,-0.7071636020257643
train:6933,-5.0829638146293075,-0.33074834701766576
train:6934,1.910929618727749,0.32190103440544504
train:6935,0.5580364917365834,-0.1433074857021973
train:6936,4.596465738027159,3.172872823336096
train:6937,-12.151012821375634,-12.756674308269888
train:6938,-4.66902077705088,-6.186723443416311
train:6939,-2.572728173634454,-0.10632934010095679
train:6940,-0.003851105975511887,-0.10306501111159735
train:6941,0.9905849057190396,-0.195214371766537
train:6942,-0.8747872849355106,0.0227805832103901
train:6943,-29.113352067325252,-11.045828810351491
train:6944,2.6314209167219476,0.02654800554623643
train:6945,3.441079011427818,-0.04697202889924562
train:6946,0.3300951475526351,0.5424655602270014
train:6947,-1.874745574585447,-1.1964329020318254
train:6948,1.1974650684198345,0.11428668627301179
train:6949,-0.028829789952482476,0.09284558682873692
train:6950,-8.620454735281083,-11.433408557689866
train:6951,-3.9214188043292553,-1.5213525977560347
train:6952,-4.410333808636713,0.08484074611847882
train:6953,-1.3975357725075512,-0.06170475340939627
train:6954,-11.768612507333245,-13.744213521446113
train:6955,-2.0487454490358052,0.1075212826800876
train:6956,0.9900962784980336,-0.10880750103157458
train:6957,-0.5998967567701396,-0.18128172474410365
train:6958,26.864280761592344,13.307404321971921
train:6959,-4.913052648166711,-0.945600816785708
train:6960,-1.5920128933415536,-1.0075000583001097
train:6961,0.3756420853143082,1.2202117600159985
train:6962,1.596115143288678,0.9269163993499143
train:6963,3.2009570879129967,7.732703772397022
train:6964,7.152270167858268,5.627202550963943
train:6965,-0.4577904434549164,-0.68211015254612
train:6966,10.349894123602724,2.690158002915365
train:6967,0.5685211719757106,0.20022070775320866
train:6968,3.6248005219436816,2.1677837626345293
train:6969,-7.918016144224719,-4.7778555004001655
train:6970,3.6983507740753416,0.6155570415992249
train:6971,-0.8935233028705608,0.029694675032543263
train:6972,0.527662103316044,0.34263692580065674
train:6973,-3.477801542549923,-0.614847435218725
train:6974,2.438432923374988,6.7284036259747895
train:6975,1.2992315666695506,-0.07559256927228519
train:6976,0.2468956700973074,-0.01066688566920937
train:6977,0.3953257192657385,0.2554352203627447
train:6978,0.0806408392956072,0.15673947612344286
train:6979,5.844762303922682,10.246776423396028
train:6980,0.2555505552983047,-0.07100866345557086
train:6981,-0.9536781489078,0.1614635461859883
train:6982,0.7523477536161675,-0.08968570970597556
train:6983,-1.1920378065032842,0.0021614953533709708
train:6984,-2.5304068264144934,-2.115019295264511
train:6985,7.164901018800506,4.69624404164428
train:6986,-0.27408985418067505,-0.0263047573536469
train:6987,0.7673392179881464,0.21261201171913252
train:6988,7.022370643540506,5.026821950414956
train:6989,-0.4236052508728346,-0.1531658113212585
train:6990,-0.4900957462480944,0.09294562772175377
train:6991,21.523327672266266,12.34796700579396
train:6992,6.482145596779091,7.955767073636242
train:6993,9.506420328687648,0.0434563074089817
train:6994,-0.7778416219012246,-0.18420502306714326
train:6995,0.35873388652234584,0.07724145442586586
train:6996,1.1328811955311076,-1.1703085691818693
train:6997,-2.902190540166414,0.05791333990379537
train:6998,-1.349251406508691,0.09712723005425061
train:6999,-0.1362180001698503,-0.3647808678791007
train:7000,-34.74575199994748,-18.712575955046162
train:7001,0.663948534013802,-0.027273317257981516
train:7002,-10.8514671170851,-3.446576777443714
train:7003,4.17547968068563,5.792568684847494
train:7004,-3.7616642032996728,-2.7271326061500285
train:7005,-5.057007992439445,0.12210410634412425
train:7006,0.05957361389820745,0.19068219200497888
train:7007,0.19603357467231225,-0.1304267481623447
train:7008,-5.417978446229644,-0.17437369600637576
train:7009,4.05589293373833,9.961849688505717
train:7010,10.949936719494774,2.5089134355565035
train:7011,0.26707176683070777,1.276404283808532
train:7012,6.126078617108731,4.479221569743963
train:7013,0.25582264766851764,0.0009215589232020593
train:7014,4.340037798791744,-0.034815829948212
train:7015,0.37649927507523107,0.2249605174420545
train:7016,1.803318655401661,0.39989740841689675
train:7017,1.993364424801773,-0.21224586123872263
train:7018,-0.9828504957680052,1.3436388256259508
train:7019,-12.224606310739981,-3.8636978693533126
train:7020,21.44303845574975,11.96050937610895
train:7021,-17.925903146440543,-5.705861786917561
train:7022,6.885448090868303,9.551128075211377
train:7023,-21.642809986082266,-5.77988334544062
train:7024,1.290953496275999,-0.059218603473418174
train:7025,3.98773896719584,0.17921304751493516
train:7026,24.646919257488783,14.08787422264034
train:7027,4.462253183519794,3.683315769432873
train:7028,2.4152433542441036,-0.2332565886844113
train:7029,0.7606548812897505,-0.17393444337236663
train:7030,-0.5675271792735325,-0.05835240270026301
train:7031,-32.94699385622288,-13.68525694445971
train:7032,-1.1292282873623871,-0.1956944610574104
train:7033,1.78153499370781,-0.09399559977187047
train:7034,-0.3143010617247641,0.06267842494921758
train:7035,0.5445246240637973,0.6026151382370819
train:7036,-3.798419570415082,-2.4186811036896954
train:7037,5.709311211911263,11.28512114551814
train:7038,6.637924696983914,1.7515174942984877
train:7039,1.862862833641763,0.3300084482380976
train:7040,12.508131269048075,3.8346700438792345
train:7041,-0.4617618762604717,0.16278494193867077
train:7042,3.6955919596800517,10.227212490555017
train:7043,15.142204853287923,9.851386852674674
train:7044,-0.3713298093471179,0.1593244186703503
train:7045,0.26704933461052366,-0.026265525630895195
train:7046,1.665349110815371,-0.2217166844326045
train:7047,6.213824164139512,6.6668437745273925
train:7048,0.951063401773773,-0.01870578664785645
train:7049,-10.565130635742607,-2.342719643472172
train:7050,-0.637224959104085,0.15466454597230764
train:7051,0.4944746215011164,0.1293953220175288
train:7052,-0.7824440625999394,0.10682977006878502
train:7053,0.4262258119966037,-0.05642423485742165
train:7054,0.33016569862855105,0.048317189188323076
train:7055,-0.4016653772415354,-0.13426353931705653
train:7056,3.5697827705577327,3.118071385101933
train:7057,0.7225416093639199,3.44155591307748
train:7058,-0.26857838553346175,0.15558189064585004
train:7059,-1.081820986303991,-9.163431405827675
train:7060,1.6912510026934955,-0.024924870668861884
train:7061,-0.22890543504467215,0.05522521792605098
train:7062,0.17659309204018375,0.04581427660716924
train:7063,-1.1993242100439283,-1.0299572950288562
train:7064,-8.882654612621911,-1.060653050874651
train:7065,-5.789016666405082,-2.5646776087554644
train:7066,4.309095747348514,0.30262149588918164
train:7067,-0.20420732816368364,0.3848930577244942
train:7068,-1.8036898318299128,0.08179408185998634
train:7069,16.43206448762371,10.911443408793252
train:7070,-1.9771952676032583,-0.05803665866251678
train:7071,0.8144342114007661,-0.6836264942956758
train:7072,-4.0847760431662365,-0.06301462930167073
train:7073,0.25877579715265686,-0.04893953546044619
train:7074,-0.4836722276952592,0.11342736888393942
train:7075,2.4796047645969113,-0.17239884241345987
train:7076,-0.8781364270319162,0.07787907691618859
train:7077,0.7378409646751103,0.0057199196025582155
train:7078,-18.223408781310578,-7.544135344192939
train:7079,5.256681079240948,7.555534453736798
train:7080,1.247627696999917,0.012824784592892172
train:7081,2.19913157744825,0.22782942633127926
train:7082,1.2590214051875428,1.8970783132504974
train:7083,-1.7737338682418238,0.16478490383414773
train:7084,2.7583133612438324,0.04074625133169885
train:7085,-1.0697271138967315,0.09213089183580835
train:7086,26.362360648575844,10.126210919643585
train:7087,6.284586312137611,8.194843765477039
train:7088,-1.4614889861904792,-0.4466263732053298
train:7089,2.455963994021701,0.35870124631140526
train:7090,-2.1449087738625288,0.22459680370694368
train:7091,3.091345124054835,0.16434886106836377
train:7092,1.5110458879778972,-0.00984512373837114
train:7093,2.4227496632800243,0.40440976983739296
train:7094,0.2392877768103972,0.08718630382619583
train:7095,-1.134210913513031,-0.027706756463982865
train:7096,-5.5803547112927685,-2.788913581852935
train:7097,-1.5616340882144497,0.01904429659632763
train:7098,-0.10292271584600657,0.08363187407968875
train:7099,6.033564886653935,5.942302047170566
train:7100,-1.9427119473280556,-3.5128915136886176
train:7101,2.2010735335873006,1.37650559367842
train:7102,1.0687987350666002,-0.006405072296286549
train:7103,-1.0796499425691737,-3.366198538548399
train:7104,0.8379093554797981,-0.2560661619486707
train:7105,-0.23635223477108896,-4.435235307335247
train:7106,3.643288390707265,2.015048246225687
train:7107,-0.2352666547891203,-0.03149992907603531
train:7108,-8.770545582346982,-4.572572015912019
train:7109,9.46885693672913,16.531601398868528
train:7110,-2.559123322665568,-7.3641122386893505
train:7111,1.2522080541658078,-0.3582758202644378
train:7112,0.5174633467124247,0.022501075018385455
train:7113,-5.948709898459239,-0.604982511537201
train:7114,8.180182839418618,1.9506608575239675
train:7115,0.6759541885188867,-0.10416617423883273
train:7116,6.147970604342539,11.624487245506819
train:7117,0.4376486936933809,-0.000546099824939264
train:7118,-4.269808153240631,-7.212477493090517
train:7119,7.0236742693518295,13.762666922723158
train:7120,-12.056771461279299,-2.5183499373140497
train:7121,-0.106387912718857,-0.08345877934041976
train:7122,-1.777801422529723,-0.04382978189804898
train:7123,-2.5012402910102947,-3.440863782646206
train:7124,-4.36969080991136,-1.2900298062606956
train:7125,-1.5246489361285538,-4.52453812118293
train:7126,11.774027216504821,4.690855457528726
train:7127,3.1193121749393424,10.16450336362221
train:7128,-6.9130382675639375,-10.681159247813634
train:7129,-0.48019139800575195,-0.16584397051090233
train:7130,-14.43219434059046,-9.44479618561375
train:7131,-4.092964152220811,-0.026187632828631804
train:7132,8.87402605458349,6.49983475875581
train:7133,1.1352676118255165,-0.021725131361232747
train:7134,0.25974386949417905,-0.06275652023116701
train:7135,10.376192589238714,3.725724833745037
train:7136,0.27871966810404725,0.046019387186755654
train:7137,-1.7162519432801022,-2.5822003507269065
train:7138,2.90025654698896,7.673927518674466
train:7139,0.4304316789374515,0.07331054280175242
train:7140,-0.022819465921692095,-0.06736853022745257
train:7141,0.7493248666599532,-0.23526539555010867
train:7142,5.717448645069464,5.7073505353119085
train:7143,0.5958603531533023,-0.05222686850541913
train:7144,10.560661220538742,2.6541415694995787
train:7145,-0.7330638884565396,0.1654758101370078
train:7146,4.2922899464113815,5.215360194346194
train:7147,-0.7985859628029168,0.22077870111834266
train:7148,28.472441744970954,9.781172625849061
train:7149,-3.4983866495570437,0.05844878158895116
train:7150,5.401036716603393,-0.13020080910449736
train:7151,0.6236206324331074,-0.19065835613817889
train:7152,1.1808938178471151,3.8014614605259904
train:7153,1.8155354982180132,7.228897692503354
train:7154,8.883629369404709,4.619348153121217
train:7155,1.1086832225540173,-0.06848659866067369
train:7156,2.8423314403922015,2.2751177615805167
train:7157,7.150958173550296,3.1998548329758094
train:7158,0.6519051050446768,-0.13055025675860757
train:7159,0.4000937864606315,0.12537706631248907
train:7160,-3.811158746897276,0.053132134186842456
train:7161,0.5943475149257537,0.1396515643008998
train:7162,0.30783680613219305,-0.19119192540020336
train:7163,9.191113971612207,2.407151482527738
train:7164,-6.133636007576079,-3.111796081210256
train:7165,-19.469265930432915,-14.697041647618107
train:7166,0.19674512934571825,0.01449323843111723
train:7167,0.6092665685558947,-0.3043194333383465
train:7168,1.6612434333760713,-0.097284751742171
train:7169,-0.14167187728804165,0.04252052382574601
train:7170,-4.165569229147614,-1.3895685332263241
train:7171,3.025425081201149,0.38360625721823827
train:7172,-8.44566194577323,-3.3885249553143697
train:7173,-2.452908968446904,-1.5270287860645615
train:7174,-0.8270630270665336,0.023650279173390423
train:7175,0.20727118715161,-0.12908559388747637
train:7176,-1.629836406070912,0.12294869400456347
train:7177,-8.180364794839308,-1.5247556287179227
train:7178,1.555483999933577,-0.2519954427307512
train:7179,2.741062170318381,-0.292452800166423
train:7180,0.8291425416361202,-0.016380344114350326
train:7181,-3.0015603939591498,-0.09900014098688809
train:7182,2.751528137669168,5.259667218074681
train:7183,-0.17241889626770207,-0.009654528896202857
train:7184,-5.388745427768733,-2.4655668642198543
train:7185,6.916126999583571,8.595050706430682
train:7186,-8.598558098882469,-4.109730987611632
train:7187,9.381156021680477,2.322468025708056
train:7188,-1.9880626903349574,-2.473099354988182
train:7189,1.8001414161739206,6.051509467873554
train:7190,-2.850893515373911,0.004571179095185757
train:7191,2.387855356836059,8.282093975590353
train:7192,-0.5663620404588382,-3.570291375916234
train:7193,-5.684739619160664,-7.327485502328358
train:7194,-0.6712473146888714,-0.34560743334027944
train:7195,-1.9301512987743736,1.528026210629249
train:7196,2.868981150429211,2.9955648383685456
train:7197,2.489158333354716,3.938236656154578
train:7198,-0.5920170616858168,0.14467971587997344
train:7199,1.8826752494582917,5.8752269288083285
train:7200,-7.600947753688181,-2.3296624701755446
train:7201,-5.836281935478685,-0.06048090198555556
train:7202,17.08618709836054,5.414222515775962
train:7203,-5.797193617464125,-0.27889399579661084
train:7204,1.0260982484567913,0.07174523272916186
train:7205,-1.0510500241255847,0.1721198807110217
train:7206,-1.5411346420688612,-3.889873845416491
train:7207,-8.61885542258816,-7.1286208983256305
train:7208,3.8375277067614912,3.498103234304499
train:7209,16.33475188925719,21.219991422188166
train:7210,-4.391997502645773,-0.46407535953799856
train:7211,0.9995345479686742,0.05854161811106269
train:7212,-15.291127538315138,-2.4116019889755678
train:7213,-0.3092325422543476,0.3299973920253221
train:7214,2.273959884984806,-0.16324734761017567
train:7215,-2.2730769492069074,-0.0605344354545104
train:7216,-6.777482569344406,-4.04045233037804
train:7217,-5.409111094197058,-3.9345158367268724
train:7218,-3.529212704338389,-0.7165279289249766
train:7219,-0.9447975467555195,0.016697526271725577
train:7220,3.93348181917199,10.943900454999383
train:7221,-2.478845729061066,-2.2421879972689007
train:7222,-0.7637789444281656,-0.126720241992371
train:7223,-1.110674400458573,-0.147594746197105
train:7224,-1.2281576327898485,0.09923415189202973
train:7225,-1.9967933569222764,-0.010968078304334966
train:7226,6.2529124821540725,-0.23679728732795524
train:7227,-0.6542772820050026,0.07278929586719227
train:7228,-0.028772837683621155,0.9609206020405632
train:7229,0.5861229099274595,0.785779064133767
train:7230,-0.7083531126014574,-0.39132169896386987
train:7231,1.4962771186000783,-0.0913358316301148
train:7232,1.6383444370454994,0.18828213786783954
train:7233,-3.7110213159952337,-0.35021377256936725
train:7234,4.004230484592154,-0.4800167777609268
train:7235,-0.14122108264563632,-0.3641046556396713
train:7236,0.1703384543988904,-0.0029104887595770845
train:7237,0.1210850862255471,0.15048158836211575
train:7238,-1.0463470452379617,-1.9530270895376063
train:7239,-20.172610178793295,-5.484433378561012
train:7240,0.7969792708277351,-0.46063070728479133
train:7241,0.662147331339223,0.2492212721308995
train:7242,1.747195100166842,-0.02918525743368465
train:7243,13.467836973587158,3.638307995805636
train:7244,5.3117611294352844,1.9667792464817084
train:7245,-0.33770210973971626,-0.05560800103297117
train:7246,-0.2587566761955283,-0.08853069212296283
train:7247,2.5091341673141407,-0.10137779737685648
train:7248,5.725695798517062,3.5617504987239066
train:7249,-5.003921504113495,-5.057128872711551
train:7250,3.8918029865280808,0.3625448138545924
train:7251,-8.230324719833892,-0.366742454016686
train:7252,13.955063866153917,5.993642248832358
train:7253,1.2869628856656226,1.8844126012165268
train:7254,5.885575462079899,3.557367958640516
train:7255,0.48861992826217354,0.10772296940023388
train:7256,1.9400096796665744,-0.02436036184366734
train:7257,-0.8494989665825268,-0.16459554576253804
train:7258,0.014615841546448544,-0.023533927771301408
train:7259,-19.099973471641757,-7.1574657728224045
train:7260,-8.736525783802838,-1.1964922489287881
train:7261,1.18046167797849,0.5107211760972559
train:7262,2.279095119970174,2.4098243754640145
train:7263,-0.7032013730810314,0.00490949920611547
train:7264,-7.120433325266887,-5.412005055964102
train:7265,0.4430934468256424,0.06927135162284428
train:7266,-8.957508955481375,-1.8224838887333297
train:7267,0.6490821321750777,0.10539271206439003
train:7268,3.083951092348955,1.5439699827555424
train:7269,6.726480128523727,9.082680762399367
train:7270,5.2952254449733225,-0.24941463734733393
train:7271,-10.754976491056103,-6.963324953560602
train:7272,1.1973253610174441,-0.21712721484429992
train:7273,-2.003000921769919,-4.23798961820447
train:7274,0.2576301267155835,-0.06533771793181176
train:7275,13.666337714101651,3.8705358274796544
train:7276,-0.9750791843381991,-0.15857500992385876
train:7277,0.16491253038408915,0.08000008650895582
train:7278,37.46140105152858,10.980484393117374
train:7279,-3.009118773640887,-1.5901955688758684
train:7280,1.2722543229720285,2.698165554181013
train:7281,-10.647961085741537,-14.212419452167593
train:7282,-9.256095056252095,-6.107709327186275
train:7283,-7.759020286891312,-5.933680828919147
train:7284,-14.013858772104264,-5.541941092360992
train:7285,0.06046346404188542,0.10698412906521174
train:7286,5.506827531908321,0.4578794694101481
train:7287,1.7659928357646781,-0.1787114762606269
train:7288,-0.4017782938317369,0.019663052194527034
train:7289,0.9107378247754809,0.6024543595042051
train:7290,0.21149123404511305,0.43455706619911894
train:7291,0.4630108175376443,0.37075694072178955
train:7292,-18.821358323207416,-9.379611037662476
train:7293,1.7975109187272489,4.555227825455828
train:7294,4.123037101685174,-0.07300548681322769
train:7295,9.269799226270996,2.663074704100547
train:7296,-2.793928926225866,-0.5332473064857066
train:7297,-9.797172294922268,-3.4044584558623425
train:7298,-4.210990174543071,-3.0048238700784444
train:7299,-0.9089265670151431,-3.694911870532293
train:7300,2.185748956557043,-0.07940339615957592
train:7301,-0.23020022744286606,0.31147352781966153
train:7302,-5.0874344515058,-5.653934964005023
train:7303,1.6863331161627615,-0.057888362750515315
train:7304,-1.1647840537289844,3.130446639726731
train:7305,0.6877091368118613,0.6512448558391617
train:7306,-2.846932194501806,0.12014362582781649
train:7307,3.652135751331189,0.018314372561930886
train:7308,0.007196588121501424,0.10047102111478351
train:7309,-3.73096135138566,0.25439393911050945
train:7310,0.2376326741398154,-0.06564212043516249
train:7311,22.433697369727597,8.802569685811626
train:7312,-4.86370873750879,-1.1223953654980459
train:7313,23.505322418617567,9.813675323514394
train:7314,1.967363505713302,0.6393196960699332
train:7315,-10.010236079271959,-5.967654074214025
train:7316,-1.014065220727049,-5.133883812354328
train:7317,0.20436069375455673,-0.01861576767674253
train:7318,8.371892079985962,5.651679151458327
train:7319,-1.9968737874734033,-0.17961919132949383
train:7320,2.0315898578285245,0.26727934879188975
train:7321,-5.187320827508372,-1.307795784913198
train:7322,0.28615484491845156,-0.07455485454030009
train:7323,-15.767734808634305,-4.589207122323603
train:7324,1.0267905090962564,-0.16705615941352503
train:7325,1.5125775553229062,-0.006732086538023263
train:7326,2.1354584759448234,0.050648195493419444
train:7327,13.656976155850293,21.54302571264733
train:7328,-2.1364961101478723,-0.28233397590829046
train:7329,3.0694103645048214,2.4654506785016332
train:7330,1.7657157455423,-0.09435695960361618
train:7331,-9.126949626465706,-6.158442935083921
train:7332,0.05805031504984756,0.01446912875422618
train:7333,-4.5157759365812655,-2.674752977826531
train:7334,-7.126188991295484,0.052839679526329744
train:7335,5.0982807799190635,-0.3135292942455245
train:7336,-0.8494878085869948,-0.013474700066548967
train:7337,0.1694674333726727,0.08530885190131168
train:7338,3.214500569906457,2.096585176219873
train:7339,-1.9024715662748153,-0.6662305064539245
train:7340,-2.092133314662034,0.6592911395147265
train:7341,0.16179875225593704,-0.05081663073330531
train:7342,2.0566286322605998,0.6419597770199079
train:7343,0.972983516454651,0.11486086036808427
train:7344,0.6141603956587631,-0.0486200822416398
train:7345,-0.15319332127868496,-0.09474870618789322
train:7346,-2.433947349789691,0.07029783181604142
train:7347,4.111080379639662,10.610504424587845
train:7348,4.648645639216133,12.088060694405778
train:7349,-2.5627329342201737,0.2216117689183739
train:7350,-9.284596296172698,-2.677075495813432
train:7351,0.580525780418714,0.1087422808877282
train:7352,0.8650645459602317,0.15443272215604756
train:7353,1.2924949268670982,4.059654986229238
train:7354,-4.922265898060789,-1.7463888979976405
train:7355,1.238061110580658,0.011937648345868593
train:7356,-0.4110545980234833,-0.10620016073749619
train:7357,-0.4409712761689698,0.09168307955319886
train:7358,-5.858279458753566,-14.437228921721289
train:7359,0.31847653601756715,0.052340259695700525
train:7360,-8.213587726535874,-0.588153101102389
train:7361,1.2671951018312217,-0.07349609733883902
train:7362,-0.8087835571153349,0.0045058404442029215
train:7363,-8.910040052989313,-4.9505464109126756
train:7364,-1.1978827364961364,0.13530550971966832
train:7365,-0.3031373709658659,-0.41070730579237286
train:7366,-1.36541329812033,0.07083020629378206
train:7367,-0.2033523467560432,-0.00817877414709367
train:7368,0.19612237372008784,-0.13343475134132549
train:7369,-2.087442307373784,-1.310644863949832
train:7370,-22.939421137547882,-8.210151900852821
train:7371,8.17401618722126,4.75786609320484
train:7372,1.8581123170440086,-0.18964990470484627
train:7373,11.431301945075383,2.7590206612269794
train:7374,1.015240124054702,-0.06088259916133054
train:7375,-0.35957439613766273,0.10690627192815086
train:7376,4.840152176197978,-0.07117108278776293
train:7377,-19.617719341654492,-8.061938161477936
train:7378,-2.069251985157721,-6.559743799128692
train:7379,-1.643551442245677,-0.592470944508442
train:7380,13.630910148454552,15.811583160475376
train:7381,-0.8108936967912066,0.18193522976106852
train:7382,2.161927798387399,-0.07719365154298483
train:7383,-3.566745644267435,-0.49438949771702684
train:7384,6.501593518074908,7.32171281549339
train:7385,0.2876267704957161,0.85966637883461
train:7386,0.5876310989902032,-0.26730398193528937
train:7387,0.16694130967587323,0.49131866396276724
train:7388,-3.2243476740402697,0.054311083120733725
train:7389,-0.021437966599884867,-0.026529733451026674
train:7390,-2.2804277436801006,-4.201987736191304
train:7391,-6.714991750450893,-0.10435751805025356
train:7392,1.3444856070485085,-0.03491544285879883
train:7393,-2.177395277853982,-3.063899711502013
train:7394,-9.037627082733065,-5.449410720347728
train:7395,-6.016755074545292,-8.754764108197424
train:7396,3.115006118496947,9.298549964311594
train:7397,8.437129160529793,0.5088414772646142
train:7398,0.8316134565008603,0.072553120896227
train:7399,2.660571180049329,0.09825521341376715
train:7400,0.2693398618808295,-0.03931791979038779
train:7401,0.2945327561261907,-0.516584452546577
train:7402,1.212494888401455,4.99819163777643
train:7403,7.3492822458022,8.325880572683937
train:7404,2.0131491780877124,-0.3001599077661981
train:7405,23.973950792298382,11.53530711995574
train:7406,0.6103207666754296,-4.380278083496557
train:7407,-9.12412014476538,-13.861053866127673
train:7408,3.6330323331474235,0.1846319470526158
train:7409,1.3380999791888342,0.10926388447431337
train:7410,0.7378523551288826,-0.24095007217683084
train:7411,3.1895619849759296,-0.1789370586664492
train:7412,-15.097858038039234,-3.979182080374955
train:7413,-14.06126537578794,-3.2642285860586444
train:7414,-0.18976394220765475,0.2673107341700911
train:7415,-2.956084355960753,-0.8988117802847333
train:7416,0.34753474588180955,-0.3348316560520683
train:7417,-1.050868009323469,0.10282007401234566
train:7418,-1.742430111776764,-0.7797100477733592
train:7419,-0.1059926755958715,-0.05223867368744714
train:7420,0.9911904594348915,-0.00817032149410081
train:7421,-7.308666385309528,-0.2342178372222331
train:7422,-1.3187374269148813,0.2091546269886322
train:7423,-2.377202433678683,-2.503480971730343
train:7424,1.7955492036377771,0.14723537729562708
train:7425,3.067424241300123,3.4398474072168455
train:7426,0.919541134562878,0.02423483184239085
train:7427,-0.16029370011256883,0.040603982838920166
train:7428,-13.116735475005354,-2.9775379929134176
train:7429,-0.31099242547672223,0.43623711122815695
train:7430,9.862710933185129,3.8779256574379755
train:7431,-20.22754099079739,-11.337785869958907
train:7432,1.6287757585020786,-0.12810287489774863
train:7433,-5.162219056893188,0.1345025433505484
train:7434,4.126877311814108,-0.08905179639671298
train:7435,-23.018352797941336,-12.308727353855769
train:7436,3.0968064979512744,0.23924500168716567
train:7437,7.726437372111583,0.6987893526595241
train:7438,-2.934451327206584,-0.1473408277878952
train:7439,-5.0724911059895526,-0.09531043312729265
train:7440,9.816152337161888,2.1582397544451144
train:7441,-4.102700433155453,-8.68497501058563
train:7442,2.2815531334025803,-0.07714215099057259
train:7443,-3.0807396223784695,-0.02181550698437168
train:7444,-0.10038822365255809,-0.0248216912380249
train:7445,0.9124630136054982,0.19056178628133366
train:7446,6.553529338111619,7.024063589566727
train:7447,4.5426832697299,10.91392456560088
train:7448,0.4698117320435258,2.7705179812269995
train:7449,3.6404510054267702,-0.045717648062063576
train:7450,-9.269928181212908,-16.285567484464224
train:7451,0.9899435534341892,-1.1965036617935885
train:7452,0.9450479636616972,-0.010737324444149932
train:7453,-21.861149642652677,-4.973996424218255
train:7454,-4.513121263477608,-8.367696798488591
train:7455,0.03737884980647388,-0.07796961935381105
train:7456,0.23947444077731814,-0.08646314466874541
train:7457,-5.734267171828382,0.1549597111882105
train:7458,-2.203107251349822,-0.06726774036518318
train:7459,0.7743564348865807,-0.1565606927843749
train:7460,3.785793195560837,-0.07221108009270816
train:7461,1.0182295370243202,-0.10877675762701824
train:7462,-0.12855135306271687,0.11827940569306042
train:7463,-7.45042778871078,-0.4692683913482369
train:7464,1.2527366642041367,-0.20169038790636362
train:7465,1.1041979408083886,0.2532956648646767
train:7466,-3.759627869115081,-8.184769689536518
train:7467,-0.34554449527647896,-0.13773005433939728
train:7468,-12.54467620207463,-5.01894827480797
train:7469,0.10192820264652391,-0.04572602938465145
train:7470,7.443842538604158,12.742509741947115
train:7471,1.059170779671915,-0.21222353482195666
train:7472,-2.6383267267418735,-0.8732472484532416
train:7473,1.2162574574781453,0.818247237883079
train:7474,6.3013990868219505,7.876399729240631
train:7475,0.5101230128600425,0.20410636023534764
train:7476,-1.1506817421259625,-0.08475431782128862
train:7477,-1.1846123929349703,0.06609458070562614
train:7478,0.4415673584783995,0.03298985442206656
train:7479,-7.717956073834626,-5.012551934730531
train:7480,0.7747829957574399,0.03887981995438769
train:7481,-6.252232017503433,-0.010386022199509667
train:7482,-0.4533554889183019,0.03536904441574252
train:7483,-0.3517898345881623,0.17153283147784618
train:7484,-4.019903457143118,-3.5508321561097675
train:7485,1.0748707767601768,-1.2255902037025135
train:7486,-0.7533586551215877,-0.015255427962248908
train:7487,6.467998653193941,1.3013453165698916
train:7488,0.46265945690750604,-0.19521183953715943
train:7489,3.804251309669668,4.24940984154821
train:7490,0.6159682233931892,-1.0352716955232073
train:7491,-4.571587765315909,-5.289506783557695
train:7492,1.52775940299365,0.3327609459063573
train:7493,-4.461261689743699,0.04152475137190271
train:7494,0.5692871218773351,-0.24607380649860866
train:7495,-0.039675012922237796,-0.072816710896387
train:7496,3.0992645113836805,0.011658354145078945
train:7497,0.9884353643714455,-0.08712013336402649
train:7498,-2.6479593313013634,-0.06573435064883151
train:7499,-0.9347329185565246,0.24132735020042123
train:7500,-7.355033900659285,-12.606233348329187
train:7501,-10.825493163152498,-0.3397999970865469
train:7502,6.966296136994379,8.543335592160194
train:7503,-24.340828183050153,-10.266109876186945
train:7504,15.588264321339325,2.854971183499332
train:7505,-0.24037556387878023,-0.10192618553052032
train:7506,-0.6687585005396322,0.125237258718683
train:7507,-0.3194276957552431,0.025677417953173576
train:7508,10.488425287297456,1.1333588602585518
train:7509,-2.5275494497253375,-0.01635923031446941
train:7510,0.4465210435781324,0.22564464735643924
train:7511,-0.22339042140929505,0.000831504286885637
train:7512,1.463001883799456,-0.030945192516326187
train:7513,-3.566596638535435,0.08071339055898684
train:7514,3.7006674528976755,1.4775762124218952
train:7515,0.18250148313262438,-0.009862778013609408
train:7516,-0.5502281019505894,-0.19208171870481328
train:7517,-1.0093725862311174,0.14893853337588614
train:7518,0.01402818711509593,0.05766161490453942
train:7519,-6.032556655884543,-5.669384559085454
train:7520,-3.2592463971907994,-10.09354051268456
train:7521,0.25269794400307377,0.1308116585392704
train:7522,-2.4176968915885166,-0.13248841085814936
train:7523,0.40205271205122034,-0.29939242827356727
train:7524,21.66648475494198,9.366902752888246
train:7525,-7.550520587630694,-15.711672719257749
train:7526,0.7826145138714709,0.11590681376184725
train:7527,-1.5846444320421011,0.0034220819357882876
train:7528,21.24554193483314,8.05872595086096
train:7529,-2.489259858224277,-8.192783803199426
train:7530,-12.939661805244167,-7.557823363591414
train:7531,-11.60855013159357,-7.0316720357048546
train:7532,4.406514346672589,1.7749506736284866
train:7533,-7.495938927903454,-5.943121550682118
train:7534,-0.01948369017410101,-0.030134879115490953
train:7535,19.583130777177885,7.156090462795068
train:7536,3.8869701797132783,0.11827990500589544
train:7537,8.478040880980876,0.17536177628800767
train:7538,1.57329378801035,-0.027719274950060907
train:7539,-2.1033410562574595,-0.08928329922615055
train:7540,-23.442152064906374,-10.841967654139108
train:7541,-0.937650037013425,0.010962347718261184
train:7542,-6.839199767214367,-0.24330968197433345
train:7543,-2.466251141604307,-0.02228575267935462
train:7544,-6.4856233451300485,-3.76268060575278
train:7545,-1.6833346941694654,-0.2746529752367464
train:7546,-7.177797975046403,-1.0319685271283237
train:7547,1.5330659597020828,0.10765738109283352
train:7548,-0.8433943807353149,0.11825625897663691
train:7549,12.993112615014017,4.02566747485336
train:7550,8.385661976305425,0.0707090872660868
train:7551,-2.9600447469998965,-0.3377972176400723
train:7552,5.51482409537293,0.5451869578386797
train:7553,-0.03330339067153848,0.46569043407960775
train:7554,7.489450845341257,1.0056567494855484
train:7555,2.4810855235873053,-0.003946348901032126
train:7556,-6.306665833789872,-13.747259615061365
train:7557,3.2531565155941515,0.36116977763734764
train:7558,0.9853294898234619,1.2730869919934578
train:7559,37.368447510083236,10.527678982157683
train:7560,-2.4288063033483165,-6.396817165096247
train:7561,1.07256083922681,-0.7397218660765952
train:7562,-6.46329433640457,-1.6855825809486964
train:7563,7.231693709888091,0.8373429579456493
train:7564,1.6685830698537325,1.924179016684136
train:7565,1.4608839567725358,7.0969330193881754
train:7566,1.0297687640703428,-0.04917335652804636
train:7567,16.690200994924965,10.69981009165173
train:7568,-4.900786756661666,-4.876229259191284
train:7569,-11.035586131191792,-3.224322362997229
train:7570,16.16880646037326,7.109169893027268
train:7571,4.438462477379622,0.3661556302862544
train:7572,15.694319209205178,10.795530930019972
train:7573,4.988758080025158,7.198065838244813
train:7574,2.2221056577904226,0.09411056023106193
train:7575,1.4649863797964726,0.04031933885775529
train:7576,3.3276207935264757,0.6023403735170101
train:7577,-8.376968676113359,-4.387587167436415
train:7578,19.42250027349904,8.593246332505723
train:7579,9.98564321912611,2.109273143340205
train:7580,-9.8868788596678,-2.111595435824362
train:7581,0.30812354337154174,0.019795441426212798
train:7582,-1.047267928556713,0.12594992079506898
train:7583,-11.070738466282434,-1.7393514402400345
train:7584,-1.0271928349287016,-0.5897727292783896
train:7585,3.2669775527264706,0.07283744389056936
train:7586,0.09149466322025179,-0.12108014686877575
train:7587,29.347343893967864,9.472148768218982
train:7588,6.1105094940097295,0.16169551266305837
train:7589,7.161123107479959,3.236066426379684
train:7590,-0.7448639336481229,0.10301487734840914
train:7591,1.4983336766515722,-0.11199033503321798
train:7592,7.890725838659006,0.6318576797417486
train:7593,-1.1153020628763546,-5.577113829746402
train:7594,1.5724804166277142,-0.5261610587310783
train:7595,-1.7343768285015342,-0.020745479578920145
train:7596,-2.8104925056766574,-0.014335907711353929
train:7597,2.793769984170963,0.7636619307760752
train:7598,11.015854437766057,8.451436922213636
train:7599,-6.753404544819285,-1.992640287295269
train:7600,7.850014962127499,12.764472658969192
train:7601,1.2455037260587503,0.5720111132921212
train:7602,7.140685378997157,2.533185745770959
train:7603,-0.7992390542288998,-0.11420828264638441
train:7604,14.401763989115448,14.934165538472662
train:7605,-7.839417364031303,-11.515281025909186
train:7606,4.586554183579369,9.334986676473658
train:7607,-0.6609718468659695,-0.021954315952507714
train:7608,-11.799200292418334,-4.821057188172724
train:7609,9.247908168870149,2.4136856329476424
train:7610,1.0270673668603945,0.32997249771397597
train:7611,2.4334934182279104,0.038776676188753204
train:7612,-1.6957541243421956,-0.3064213263825729
train:7613,-0.7567046009171898,-0.31578864915879523
train:7614,1.646873097422041,3.797816191508712
train:7615,5.256344479709066,-0.09940144584543553
train:7616,-4.810217306928324,-3.300772008506594
train:7617,-0.0639599252811815,0.04912650396348827
train:7618,-2.271894201680514,0.21721959923030787
train:7619,-25.164864749748464,-9.240401477971941
train:7620,-24.836209710684894,-9.736901041820332
train:7621,-2.6588723158481518,0.010584760219377265
train:7622,1.1451782364403456,-0.1868744386461756
train:7623,9.798583143363773,0.2318889110104108
train:7624,-7.596758856198871,-0.5961151435696455
train:7625,4.37250849562286,0.01544286011292352
train:7626,1.0104149883618274,0.04087543069515947
train:7627,-11.970962756306283,-9.307469748615299
train:7628,0.3806502818713797,0.30274011835270176
train:7629,-3.389761935845225,-0.596058221906453
train:7630,1.2715827511159454,0.06160297643298582
train:7631,0.2552960135252307,6.174988676009564
train:7632,-0.28412658739084,-0.036066786925953914
train:7633,-4.237141261654744,-1.8937492404070686
train:7634,10.261902170837276,2.3563573864466494
train:7635,-5.398725789855638,-0.25922534992105556
train:7636,0.9938718652361782,-0.13421057649134174
train:7637,4.5683536332007355,0.2893663807186702
train:7638,-1.7724453522161165,-0.015698354112115676
train:7639,0.5156452908154274,0.4713501450645789
train:7640,-13.771739567389213,-3.5584573764045992
train:7641,0.5517651171019919,0.09377826753935498
train:7642,1.3022804889486728,-0.09108467727409889
train:7643,0.17044189831580175,-0.06533012124367893
train:7644,-2.9757393975486326,-3.255941134283764
train:7645,2.3051278858375595,-0.21697656502893337
train:7646,-0.8488964348237981,-0.12457130654604506
train:7647,-11.060845973410345,-13.410135001719505
train:7648,0.4175014217817715,-0.014422360162217679
train:7649,-0.12103301431286306,0.20311486760580455
train:7650,1.1762004859764623,-0.22780559046447924
train:7651,-1.274287110901589,0.1565450294394044
train:7652,-3.349920685590494,-1.1089568598562716
train:7653,1.7830780515065912,3.117387183857143
train:7654,-0.09092705704525275,-0.003340860758163297
train:7655,-16.703180241387912,-8.24045648075758
train:7656,-0.3229720446588988,-0.1068768366245581
train:7657,-3.893756738655956,0.11343906707035994
train:7658,-6.096139098674272,-1.7901988914640656
train:7659,-1.1802447350589085,-0.12675772612020014
train:7660,13.684799547542326,2.4016393541507184
train:7661,0.013134036493973322,0.09663077043542902
train:7662,3.630813286785995,0.2001179919700042
train:7663,1.6770880194897684,0.0036143887076766495
train:7664,-1.9855105313152501,-0.37654432162018725
train:7665,-2.8370761975734355,0.15417949921828655
train:7666,-30.48031066128836,-13.819411746330102
train:7667,32.0729706912138,20.471932916266677
train:7668,2.4931380184278003,3.3305966176276147
train:7669,11.649605338160315,3.038552249604475
train:7670,-1.0529371201199362,0.2406273849361258
train:7671,-0.8422611468140949,0.04914298128704399
train:7672,2.403272917162417,7.031370676255245
train:7673,1.0302857511966592,-0.05094959060823109
train:7674,-0.1671245436168825,6.371123322752013
train:7675,8.2947726640335,1.198677253406372
train:7676,0.27280174622375636,-0.05861539790350945
train:7677,4.048549577928825,0.4333039336440244
train:7678,1.6286660382126805,0.27379252807272303
train:7679,0.8377591874565964,0.4191355752982583
train:7680,-1.7859435048527281,-8.425858469441641
train:7681,20.367411405795636,6.891589332038206
train:7682,-0.4780987508124591,-3.322898414816936
train:7683,-0.8984621106429177,0.07466143367690367
train:7684,3.455049751666858,-0.09015766733067856
train:7685,6.779435510402176,2.215683270880592
train:7686,-3.4079666704721827,-13.399977552047064
train:7687,31.748451549160755,11.756489581075838
train:7688,6.331113293840179,3.5714505778394683
train:7689,-1.241988665626498,0.3754399958014582
train:7690,0.20317841114464397,0.09215236228771427
train:7691,2.335441137740913,0.05066007200585246
train:7692,-1.4792274095874953,0.16670704425776633
train:7693,-3.8720293318562455,-5.200988033521806
train:7694,6.767454147783198,9.62937695885654
train:7695,-1.8337178574724793,0.1725756106685865
train:7696,0.6483713911055126,-0.11176539460104071
train:7697,-1.505146968291879,0.07410776707326959
train:7698,3.3812256637281832,9.07401896865903
train:7699,-4.85839613688611,-3.3299895130391044
train:7700,-0.9517976779732956,0.06521828668016302
train:7701,-4.953326968123028,-0.44232682604816037
train:7702,-26.850599837397468,-16.58607049723425
train:7703,17.283806357228006,6.839269335933291
train:7704,0.9989085379276803,0.07534338801393582
train:7705,2.271800580391121,2.326614319490076
train:7706,4.54488464926507,0.32111996647066104
train:7707,-0.07977475674012682,-0.5556222992574846
train:7708,-1.9868455389890074,-0.8157629310261019
train:7709,0.7860136344895302,-1.2969508527973366
train:7710,0.6787203253487445,-0.01669120201935384
train:7711,12.415068007313328,20.858205890585392
train:7712,-0.1917004936926195,0.24776691650329125
train:7713,-0.9582991862657347,0.27893316770048654
train:7714,-8.04892732680405,-3.6959076429861364
train:7715,0.6179599255956534,0.36988271527807154
train:7716,2.273927573289411,-0.09573837989210876
train:7717,-2.1337005673506226,-0.09583018212334773
train:7718,0.8629366232289809,1.4710611785505319
train:7719,1.784986766117286,-0.07728095995870862
train:7720,1.729397632376802,3.93850057865309
train:7721,-3.6046058853987533,-0.8036432532424298
train:7722,-1.1384168966829988,-0.08826919485822146
train:7723,-9.83919795526063,-5.481496277804604
train:7724,-0.602976363536975,0.06047303148733168
train:7725,-2.6567509019476283,0.15190948040946783
train:7726,1.4153904844061205,0.1020826246202211
train:7727,10.787096002867628,3.783697907107258
train:7728,0.2329063331990473,-0.02077854122163908
train:7729,-0.1416817567632523,0.07892741987851917
train:7730,2.667669757331851,0.32601223362820375
train:7731,3.919336735252762,4.211361632876315
train:7732,-0.4018908617345781,0.12971866274340788
train:7733,0.9261016872483407,6.160603330571779
train:7734,-0.1354992974055566,-0.019552728211660778
train:7735,0.31826790474694255,0.3871225608632712
train:7736,0.6507820992860278,1.9711343956895777
train:7737,7.665737876417437,0.841682557125228
train:7738,18.707335988538414,10.65798650730383
train:7739,-0.9904416520616174,0.14893296960429592
train:7740,-0.6088179809999037,0.09710768552327975
train:7741,3.450529833643432,-0.17619217551892358
train:7742,-0.7142223344804158,-0.1154519282576135
train:7743,-17.664434117807062,-17.894185669791614
train:7744,-4.9829900343284015,-0.009414537748569915
train:7745,0.22676548386635642,0.09100066156853419
train:7746,-5.310642248543532,-0.2550573716959143
train:7747,-2.5864306570642452,0.1282430506551087
train:7748,-1.8519500221717866,-2.7746349467010343
train:7749,32.2321692521327,9.371290999404037
train:7750,2.772661613665039,0.09151242155922895
train:7751,-0.07023263655065434,-0.061031251725357005
train:7752,-1.7210164073722711,-0.4221457068778603
train:7753,-1.7412878119841744,-8.308448622806536
train:7754,-2.4967194431539075,-6.487042709063051
train:7755,0.3644666554142774,0.09454745896170592
train:7756,0.12116795758819632,0.11566311343315415
train:7757,0.2681972134008794,0.11744498261533413
train:7758,-19.90528692183735,-6.513392160671197
train:7759,6.050314432696927,7.950332267418246
train:7760,0.05270272946201067,0.18613452203400616
train:7761,-3.72297292395946,-6.774067699146932
train:7762,-8.269734760052957,-3.765813151818896
train:7763,9.844592208107064,5.7121125531499155
train:7764,0.11626831902932165,-0.05538602081260152
train:7765,3.1695756903956935,-0.3179492471263392
train:7766,-8.027781065604964,-0.1606644201472096
train:7767,25.63822161587564,10.821852420109355
train:7768,-4.7106624163763495,-7.175595108557993
train:7769,4.821907923670177,8.367227669926415
train:7770,-2.081276585009386,1.0944949170750418
train:7771,6.058650385192301,3.553616549980593
train:7772,17.466418112104915,5.220401256728573
train:7773,-13.093698863396554,-4.689978438687684
train:7774,-0.31276776717207344,0.002365036664047332
train:7775,4.169056394591035,-0.19713403345858177
train:7776,-7.242878378736305,-1.17192891066192
train:7777,6.946675731684297,1.0692239811905426
train:7778,-10.472459763517403,-4.430528356569902
train:7779,0.15636225139120444,0.09674650401754656
train:7780,-2.701341738967152,-0.3410921473731781
train:7781,4.899986462321912,11.227419983659791
train:7782,-3.458875257545228,-4.347601910286256
train:7783,8.456869514291844,0.6625766179691694
train:7784,1.3979149712788272,-0.10499503354496878
train:7785,-9.87283373279188,-3.7990645334151423
train:7786,0.7388047365391879,-0.026983323496441405
train:7787,-0.2519687793511008,0.10835884429563403
train:7788,1.4169261035412135,-0.2249137131848435
train:7789,3.302777981390931,1.895021715013448
train:7790,1.9017926151364724,0.21613630436952577
train:7791,-5.399185127338372,0.15103789419073493
train:7792,9.362598415444818,6.5745119863616575
train:7793,1.8561027155570455,-0.055041708947651535
train:7794,-4.7709267502447466,-4.406031498240497
train:7795,0.3238942077648395,-0.07539687430615918
train:7796,-3.8576545791956502,0.04147760197419566
train:7797,2.1685477441532455,5.025629306043304
train:7798,7.977992521714873,4.8962975808376
train:7799,-1.340121376664622,-5.702335782337447
train:7800,-1.4790644563610802,-4.526436651242493
train:7801,-0.5575808142042648,-3.1453670230209156
train:7802,13.901489680439923,12.901005901864009
train:7803,2.127898701513645,2.0580870153532187
train:7804,-3.415272368046768,-0.16932542925309124
train:7805,-21.7120453483584,-11.448952879548141
train:7806,0.519905785442734,1.0069588146984751
train:7807,-0.4518563657269281,0.06804197209261582
train:7808,-15.175102051608471,-6.057309545584044
train:7809,-1.192571995539379,-1.7955946086201202
train:7810,-0.6069695893025538,-4.810544227761747
train:7811,6.238692546681484,11.41341201745404
train:7812,-1.7282283080469152,0.08874112832925093
train:7813,-1.1001606629394143,0.018983986738897507
train:7814,31.428049707459028,13.736499506308581
train:7815,0.9976030524504349,-0.0281676578759104
train:7816,-2.735043069722153,-0.9495095089886629
train:7817,-9.500348227612644,-1.2464740343577014
train:7818,0.09846689944919768,0.15057299827612722
train:7819,-5.229190740825766,-0.17929763386373987
train:7820,5.63074125653964,5.1742881471454085
train:7821,0.826751359947786,-0.10703629574494256
train:7822,4.058794012576653,9.055736129891875
train:7823,0.9438547555144927,0.34134013903770033
train:7824,-1.4569402433452625,0.14964295679049427
train:7825,-2.2767428156556537,-0.221992483443549
train:7826,-2.8397213398892434,-0.6289742079383742
train:7827,-1.067123814064169,-0.06228823612232165
train:7828,-0.28313852364065634,0.015220095258098837
train:7829,14.51757096507628,3.523697439584472
train:7830,13.389159157592058,3.7843818230304276
train:7831,9.97627887137587,4.840635041954239
train:7832,1.392214862769651,0.1263988743641585
train:7833,0.0613950404396883,0.0815885789631724
train:7834,-0.5830344103660666,0.009933513621698947
train:7835,0.35286361858130627,0.11661323442779546
train:7836,-1.3315857425408733,-0.9928853142798342
train:7837,-0.9281802694512303,0.20724546869872415
train:7838,-13.76676682071378,-7.875623714253074
train:7839,0.21149576698079792,-0.8292295408474475
train:7840,5.910097946760379,14.45785190859691
train:7841,-7.5672794320032954,-0.496301937205565
train:7842,-2.3545249700510693,-10.491703409552436
train:7843,3.5545967386386645,3.9516673154518025
train:7844,1.3011579481065043,-0.3056961101549064
train:7845,9.515918572384274,5.322125832625117
train:7846,0.6777012284234873,0.019662909533717035
train:7847,3.7693965211265454,8.354739142618472
train:7848,-1.1997512358312679,0.1004338936389794
train:7849,4.428197121490171,0.3584110028934477
train:7850,-1.4903442600109833,0.02251448513452603
train:7851,0.3781241581745803,0.07504248070043024
train:7852,-0.10302255666019405,0.13108357004314222
train:7853,0.3490024872107496,-0.22740243101540175
train:7854,0.5444252481660903,-1.2656313838901947
train:7855,34.270184574718385,11.457970124208137
train:7856,-0.8075632675831412,0.19762078582125062
train:7857,-4.424096266292489,-9.193196727870609
train:7858,-0.7855467408471195,-1.7987388528726571
train:7859,-2.821680023405181,0.20518965509612974
train:7860,0.9022694873122844,4.162471487965568
train:7861,0.5216722356103958,0.025173539972231665
train:7862,-11.408753203931441,-19.849168323803347
train:7863,-0.05854783253167517,-0.30744805623218757
train:7864,5.1521185732775026,3.627650092011692
train:7865,-0.5290239005351222,0.05161853865787914
train:7866,-5.09700150284154,0.04843452770455318
train:7867,2.64577451568268,3.1894639902181976
train:7868,0.09170840857216189,-0.029299742733714634
train:7869,1.1161888342152175,-0.45516341006731603
train:7870,-0.8165126773745357,-0.056713907632139265
train:7871,-5.722567083680106,-5.181092556958341
train:7872,21.478401862922542,14.24421220982346
train:7873,-0.7020310039559314,-1.5593170645324557
train:7874,0.8807637294446525,-0.4473137129879397
train:7875,3.67393800968426,1.399451729003058
train:7876,-1.7386415073771655,-10.824293691709059
train:7877,-0.5930573123109367,0.028841706049516178
train:7878,-3.559914393961201,-10.148790191183764
train:7879,-16.440874363089527,-6.047666816114104
train:7880,0.23241491647915827,0.06882624989562493
train:7881,-0.04486789755118814,0.0376910630898085
train:7882,3.005915790929907,0.6931937677086508
train:7883,7.193976895491007,-0.06906569455369138
train:7884,-2.87576887166309,-0.3071545316155998
train:7885,-6.094589067128283,0.0788955351874828
train:7886,-0.11933484875327488,-0.04006546243482029
train:7887,2.1709945995901196,7.197847852527124
train:7888,-1.4450182738066681,0.06653383333963524
train:7889,0.6244313305459801,-0.059196776369487225
train:7890,-8.700981989035613,-7.4287124773196
train:7891,0.5151525955752171,0.3249939207663795
train:7892,-2.8697289092066676,-9.776236621641724
train:7893,-4.588333127110577,-0.05243037415089297
train:7894,2.426982262918501,-0.05552062128684235
train:7895,2.326421293102723,3.0197718099320183
train:7896,0.1985855012337795,0.02429068354950828
train:7897,-0.3648667147788801,0.04153459496779313
train:7898,-10.552627171916026,-1.9648385486412598
train:7899,2.97180021959078,-0.2803362252553686
train:7900,-1.1263204672350966,0.16704593501193604
train:7901,1.1937466664087917,-0.10619730752129605
train:7902,-1.3459047052238082,0.23328334909781642
train:7903,1.5060089828281549,-0.08703674812057785
train:7904,-2.8439711414374984,0.2285871692236272
train:7905,0.4873756955312341,0.04231844478837222
train:7906,9.10084671759119,2.935510343788334
train:7907,0.931723689788793,-0.14322805929622637
train:7908,0.7040506024140936,0.043772586424765454
train:7909,8.14630716498343,3.7110838401357205
train:7910,-1.0819769657831988,0.12836887748953418
train:7911,-1.2590752761178527,0.16498527094180143
train:7912,0.7160017454618395,-0.13359132158030732
train:7913,1.1551402343262702,2.70751839688502
train:7914,1.1257526311355932,0.29344747851051767
train:7915,5.425672640905114,4.575761281161641
train:7916,0.12861952270853824,-0.08350721268541686
train:7917,-0.06697072440890275,-0.016676293964708197
train:7918,-6.427182878614654,0.08626204010336813
train:7919,-0.4437114939050397,0.16592989949525752
train:7920,-23.705570023426112,-8.04314916215688
train:7921,-5.885254842785167,-0.7123419041073695
train:7922,-6.989494247698726,-5.792417524207765
train:7923,14.568841024712913,16.13041295154204
train:7924,-9.115636348829206,-1.0641759882473492
train:7925,-4.3591920659486965,-0.06282449810713497
train:7926,1.7577761343465528,0.19622527777776994
train:7927,-0.26744207154055843,-0.0005754166213955414
train:7928,-2.014367897259916,-0.008509747226308068
train:7929,-0.39346518035846756,0.13817926907643327
train:7930,15.029862434939782,3.1876051198638167
train:7931,-14.691163978224772,-9.525852063356595
train:7932,-5.48392638407216,-8.092021331805563
train:7933,11.473306219255642,5.49007127395358
train:7934,1.24793709891769,-0.07939783238798567
train:7935,-0.8397817472235858,0.35160865015073184
train:7936,4.483219986957406,0.43923370154233726
train:7937,-6.226760638286252,-13.203702527067568
train:7938,-0.42721195669943735,0.16907635499034934
train:7939,-0.12759002201016195,0.21615121242417143
train:7940,2.5903192778885797,4.290990617197478
train:7941,-3.8333445613467596,-3.6587975718008425
train:7942,-0.11215072683834088,0.05003664426612535
train:7943,0.30328562247545354,0.03608994515390637
train:7944,27.531063977926163,15.529131875960294
train:7945,0.4073634530079776,0.03718540184874151
train:7946,-2.6808221851837817,-0.04327133615727968
train:7947,5.386275153431021,0.051063124459322484
train:7948,-0.021889168044210594,1.7038730635807158
train:7949,-12.033606532721882,-3.3653342993613813
train:7950,0.47976024735151573,-0.18829874634067628
train:7951,-4.003571871016097,-0.23041935049500795
train:7952,-19.948505557864678,-8.0224850291491
train:7953,-7.2874350443945115,-5.935392758639222
train:7954,5.1232477247549015,13.454220556051986
train:7955,4.970926208415562,1.8135301511568442
train:7956,6.3755486162969754,7.227580077262137
train:7957,0.45611622236094196,0.0740089744623403
train:7958,-8.208337889638061,-1.1172530139405623
train:7959,0.06357305792171303,-0.05654228667770178
train:7960,-0.23278888240629286,0.09123102311149171
train:7961,0.5644847670920052,0.04405323590325016
train:7962,-0.08178819378805438,-0.04820476095850923
train:7963,-7.490274850421517,-6.632724504381946
train:7964,-7.07806874081424,-6.34558424436358
train:7965,5.9471229654344775,0.22709372453407728
train:7966,-0.7262332192959061,-0.1448732950876229
train:7967,-6.705703184086973,-0.41272813183131324
train:7968,-5.457206704104835,-0.017791188194906674
train:7969,1.5662349610869106,3.7380641378457136
train:7970,-0.350287515095985,-0.0404063147751276
train:7971,17.607176225741245,10.79045905290263
train:7972,10.123618342710168,9.90579083789216
train:7973,0.2442949273053876,-0.0017310761780532924
train:7974,2.266633033710358,-0.03279532489609413
train:7975,5.716798226913244,3.3405049815257857
train:7976,-0.6779777943479571,0.06195121147021096
train:7977,0.4353574690483543,0.0327010732774115
train:7978,9.179140512573397,1.9400349097514655
train:7979,-0.003164424333812643,-0.05715843871611859
train:7980,0.1555535291733738,-3.300203362517909
train:7981,9.489926021792451,1.9716154479409187
train:7982,0.3744227256150755,0.05179807728727195
train:7983,13.730187483867669,4.781933542496127
train:7984,6.710452597774953,3.289666945915215
train:7985,0.3649814341873116,0.08286621351238546
train:7986,1.5388602137985607,4.503865939350915
train:7987,5.4993758505588595,1.6711281278599919
train:7988,-24.63758995155139,-17.075478106895613
train:7989,10.453963818096838,2.9110676965667315
train:7990,0.9948616724231637,0.09086634641591335
train:7991,-0.3179801782932048,0.18660594468067165
train:7992,-4.2124844161114,0.3886660081667283
train:7993,-0.2127886403316418,0.15708129142421773
train:7994,2.536304351351071,4.889312907579696
train:7995,-5.428655253204338,-0.08147468846005598
train:7996,2.5313448547953317,7.315811223105054
train:7997,-8.482699982108784,-0.8979494670186507
train:7998,-1.7196436252344736,0.2335538339935882
train:7999,0.7146076933950587,0.014492810448687207
train:8000,1.5385389565105347,0.06373739614189364
train:8001,-0.18942170556344629,0.024111893889368005
