row_id,pred_displacement_m,pred_v_final_m_s
train:2,25.75317500517827,9.95616722312155
train:3,2.7116710802541,-0.14137118619318562
train:4,-0.5205385936203873,0.19137316963824394
train:5,-0.32984449818821726,0.18548598599171795
train:6,0.31279351318904913,-0.05608812598904703
train:7,0.9681806967528406,-0.23023959787440013
train:8,-0.16505403807097352,0.04923464085747298
train:9,-6.112029943977779,-0.17321236568252024
train:10,-0.8701976294400097,0.1912067558033717
train:11,-2.856893030096529,-2.222575845074108
train:12,-0.4653174412742195,-0.08810199638889418
train:13,-6.348770994846401,-6.59258431759212
train:14,-1.1643791114744682,-0.0011755549838891322
train:15,28.816961594015126,10.110526219548262
train:16,-2.9353355983524962,-8.831999529448302
train:17,2.297581129067835,5.332579446139132
train:18,-9.89421710139602,-6.924435046109671
train:19,7.341303349163851,10.480394342002747
train:20,1.6787878703715986,3.3608546901083107
train:21,14.240753183755553,2.695773988362069
train:22,-7.494788259614216,-4.947543686183665
train:23,6.091023914478993,2.425039150851176
train:24,-11.590728953063026,-12.077478745981633
train:25,0.7836518587685877,-0.14272831847877462
train:26,-29.415956906153422,-14.534038547391498
train:27,0.9479670580136398,-0.007944810418683501
train:28,-0.8618391284953314,-0.40757525903909164
train:29,-1.5791352879772904,-1.9055937968186436
train:30,-10.453795226491229,-1.3711327620708424
train:31,-0.4092413075204112,0.17198699216650093
train:32,-0.23150861864811462,-0.30570231590014163
train:33,-1.845296602419344,-0.0370786443861254
train:34,0.014673142502670239,0.172264610102773
train:35,17.595441733773413,7.406624529609083
train:36,-1.1211837212711666,0.05441565349446827
train:37,25.958292437043248,18.190373418561702
train:38,-2.472661410037448,-0.2658306880851528
train:39,0.11923495109139536,0.0010573720143279564
train:40,1.0357667678143998,-0.1486740643878082
train:41,-5.683641951350202,-1.840935352577912
train:42,2.2120634618116117,-0.0018539071354686382
train:43,16.57931469499375,4.416762669871907
train:44,2.5710756873859433,0.30594834597852627
train:45,0.9759815303791585,3.470419904122795
train:46,-2.716920160395763,-2.256798318804066
train:47,3.447848195383905,9.77724431778473
train:48,-1.2423167804326112,-0.4326090926573602
train:49,-1.3494140110477462,0.29770019725680263
train:50,-6.545795160618826,-4.428143638469838
train:51,6.4959675637443715,14.681421941033271
train:52,1.2933651342894752,4.384064241575245
train:53,-1.1020940181235757,-2.0402277963498485
train:54,1.2213783962817382,-0.566279989060213
train:55,14.063883147412826,5.61033604871853
train:56,-5.185362599292503,-0.3098414766416616
train:57,-0.2216017133651294,0.05644742875057662
train:58,-11.136893291958772,-1.0472974311634902
train:59,-1.0133047335940706,-1.1518080300186448
train:60,-0.534750393054567,0.05538103919578025
train:61,6.648378344047968,9.640545588350305
train:62,-14.712633821294284,-1.5698863759633852
train:63,4.525468342289927,1.6722550055982308
train:64,6.704118575644615,0.30259867015958064
train:65,6.245464985052935,7.172222547190569
train:66,0.3765289135008629,0.4166473567805351
train:67,-34.12215766498624,-13.244185099801408
train:68,-0.6358794908095166,0.3410033168652757
train:69,24.950126628075676,11.085886764695877
train:70,0.07518399833485268,-0.12299661652519658
train:71,-2.4840235039044,-0.19316633317808796
train:72,0.7110535231307525,-0.10548043695101489
train:73,0.4299261984940273,0.4496470133775251
train:74,1.0747674490723855,4.313539014183818
train:75,0.2224960395968002,-0.00011373057501296024
train:76,-3.2448300345051995,-0.38362165307419
train:77,3.9054017935827208,-0.2904468821821283
train:78,-0.05846228789926308,-0.2827531846984937
train:79,7.671178793988735,0.5190997167993253
train:80,0.14513870263544182,0.22919247904048354
train:81,-3.2162892766837543,-0.0025839025002703797
train:82,6.5345533070435105,1.3328192871342703
train:83,6.575069383569688,5.59862245493054
train:84,0.12669883649847052,-0.010346505155137936
train:85,0.6829744273744442,0.1669014909418048
train:86,-2.5321260875593845,-0.009356225142479885
train:87,-5.008853338138644,-4.985529124099156
train:88,20.587491709669038,5.476126465097094
train:89,-2.5450158969812606,0.03580241229133887
train:90,-0.4532863325918275,3.842037333429575
train:91,3.31479700224483,2.087012493207647
train:92,0.7444233684351566,3.235878684753716
train:93,-1.0246168489393686,0.17712192536186422
train:94,0.1469505983890724,-0.04217698508372211
train:95,-2.3087109377713486,-0.1463099607747904
train:96,1.102985089939883,2.7282116326980397
train:97,4.6268740653507745,2.504258698647621
train:98,-1.4364835695158797,-3.8992184137935175
train:99,0.3681640199545778,0.49353604093269365
train:100,0.429544153376176,0.09915921930157397
train:101,-0.793736302765696,0.24822521435543618
train:102,-4.191007134378199,-0.017677772850951748
train:103,13.187957252325855,3.036873702513942
train:104,13.673336566799106,8.086017534458387
train:105,2.1004988487353478,4.9557329275023845
train:106,-13.482347654936872,-6.400784276900899
train:107,1.5354594659728198,0.31643840932949746
train:108,-0.05436823337197566,-2.3534765538682603
train:109,11.536872389968554,7.064503364057565
train:110,1.640167258336422,0.10689657099307043
train:111,7.381163428536041,2.7381225644907907
train:112,1.0250609035596745,-0.24771768701231017
train:113,0.09635164569204052,0.05969453144712783
train:114,0.008116890294652152,-0.03865725757924904
train:115,-4.287518216732337,-8.281801866070337
train:116,6.686465696880011,5.9749354221378645
train:117,7.409420587304381,4.234213897387969
train:118,0.23988798398672334,0.22432845872332202
train:119,0.0900190183111432,-0.8186275600910264
train:120,0.16016166509897464,-0.03983028608952505
train:121,-0.8603769661641575,0.26610061384921346
train:122,16.233413114169533,6.870277518952999
train:123,-18.300633268387635,-6.830906048426364
train:124,0.3359165992632221,0.3764593072889525
train:125,2.307026372285683,0.37056898510460634
train:126,-0.1481609490646274,0.12095743441849688
train:127,0.09117433576518694,0.032375913626204865
train:128,0.06694625944598441,-0.054591471431271965
train:129,-3.6123311700969896,0.005882731251977788
train:130,1.7476926770300976,8.84150923922444
train:131,11.227681544277617,4.323185167513198
train:132,0.4602195752178394,-0.29891601249855154
train:133,-1.885794082286301,-0.1703362524223902
train:134,-2.5536163869540394,-9.525397831337536
train:135,-2.50345608295636,-0.5047607246132628
train:136,1.509705882451975,2.4921516463456346
train:137,-1.5387805374698469,-0.06071418807511822
train:138,1.3301037644115858,0.2036059774442509
train:139,-2.794073980167782,-0.15301195163766682
train:140,9.667953700171626,4.019327628456685
train:141,0.8529913623363544,0.05742479795992913
train:142,-0.5809312444374025,-0.24563854836727972
train:143,2.090712008133452,3.430700281400868
train:144,5.0119281226638615,4.083963532289435
train:145,7.91331101636524,0.3706164911543384
train:146,3.3293939849831045,-0.035899338800209124
train:147,0.8415360527150624,0.03991275554923761
train:148,0.9345379454743827,4.733047392088061
train:149,-23.433634794983604,-20.508087790487043
train:150,20.225894548463124,13.771409177160338
train:151,-2.7292864738605958,0.1721661741438687
train:152,-0.11640482886404063,-0.09687442358739065
train:153,2.9272640102577148,6.474885095015445
train:154,-0.01552353159319772,0.47363143407738806
train:155,1.8229412690650255,3.318551765438791
train:156,0.1928664473780227,0.2128373444685373
train:157,18.624169868840564,11.11494163590498
train:158,-13.327941453098967,-10.73762439641409
train:159,0.016903928005231772,-0.04380602887318294
train:160,-0.6184799915267852,0.00566517351671833
train:161,0.052050916556348956,-0.6162800350728073
train:162,11.02973498420788,2.4608815380787545
train:163,-0.5544498341663342,0.050839289648422756
train:164,-3.247885465615049,0.06695817791899869
train:165,3.255807004449485,6.370246814735335
train:166,-7.755891398977544,-4.007481705255886
train:167,-1.1582884731216714,-4.3506445800420686
train:168,-0.7691596553152382,0.2988166607559112
train:169,1.8744337912375797,6.109402936503792
train:170,-33.71715218182895,-13.236745053237964
train:171,-4.145420213799203,-4.104606325994589
train:172,-1.6118654082045256,-4.607032019890638
train:173,-0.7093223472341809,0.2351477832237875
train:174,-2.4047794196360504,-4.234988890726799
train:175,3.0944670382213957,-0.2700821942145527
train:176,20.255054110120117,8.046780675917521
train:177,-0.13758572634092275,-0.057414300878864705
train:178,-0.5992615065140958,-0.16682237401112737
train:179,0.8026202187147679,-0.039499527001525675
train:180,-0.016217651898584984,0.20114186860341873
train:181,-5.547657600135649,-0.14041521610533406
train:182,3.577021985075606,0.3111367769776419
train:183,31.69209251372856,10.957675782813581
train:184,-0.13616238453587043,0.25390154532477305
train:185,0.35550260075374723,-0.14282547049038885
train:186,-3.7301526291678293,-10.791099374436815
train:187,0.34146084452231074,-0.07182974774756157
train:188,0.6014871210876798,-0.5317138454389498
train:189,-0.3520937737372895,0.014458500523880716
train:190,-7.226573292848672,-2.6917122095984483
train:191,5.786567778225473,0.24164113265202986
train:192,8.305555936882229,10.407315486112209
train:193,-17.957138095266487,-16.771099285239337
train:194,-8.49847924745697,-0.27996758972231256
train:195,-1.1386450544458047,0.02836286504073035
train:196,0.003968789226506564,0.037944464353582015
train:197,-6.612268919000787,-0.0802650674520134
train:198,-0.5071266829909088,-0.1287298691577259
train:199,-2.079253268486248,-0.05877450037186885
train:200,0.2436672900567119,0.1320816250699456
train:201,-0.4231675320064433,-0.16977267089246068
train:202,-4.390305206656752,-0.7989033478299736
train:203,-0.5203493726128237,0.2507851199301875
train:204,3.7851595143979146,0.41860872892690537
train:205,-3.944295949585243,-2.2231459176708928
train:206,-1.7199601171285743,-0.06296830020362124
train:207,-13.366293343408413,-2.79500205990238
train:208,10.251164459803636,6.067108571482873
train:209,-0.866945771117149,0.5566815672833096
train:210,-0.860412764733156,0.12432059168398812
train:211,2.7854761066170743,9.182912535580005
train:212,-3.7787935861072333,-0.17667017839545063
train:213,2.952697266323495,0.05939251851234469
train:214,0.04622644288863867,0.09213524299051352
train:215,3.841684060097166,0.9745680344385916
train:216,2.220049332197169,0.20831642339944073
train:217,1.3469158417212044,1.4557837750677776
train:218,-14.057058811472372,-12.264976136643067
train:219,-1.4101032785793204,-0.4232499728777132
train:220,-0.03975149168328013,0.052097130010247454
train:221,0.72217943942561,-0.28741619593435647
train:222,0.048465015742248596,-0.09499443943312891
train:223,0.48279591951094375,0.014365057693326647
train:224,-3.4095280924719438,-0.2187534054175606
train:225,14.182196953036515,3.850731939156213
train:226,-11.043265621616698,-2.226235380172387
train:227,13.829635908545608,7.133644781591932
train:228,-2.828883206895816,-5.8307076856134294
train:229,-4.122612806015289,-1.953640103038203
train:230,-0.893599665402483,0.4998493524187082
train:231,2.8878572244540117,10.03204337217469
train:232,1.3720908366820663,-0.2572237474262635
train:233,-0.07878262497073876,0.07737698219537176
train:234,24.30981203680971,7.876278752873746
train:235,1.2452025764085062,0.012260097441685117
train:236,-7.742824456376597,-1.6917502357476946
train:237,-0.4475428706208444,-0.3257106371643217
train:238,-21.871184399967802,-5.785104160443606
train:239,-22.052552038342892,-5.97535889924084
train:240,9.624571413543162,0.929044256661562
train:241,-1.5989823400716165,-1.0459240355455606
train:242,1.1383650016477311,-0.04318916353071611
train:243,-0.4960063456938173,0.06867346016810828
train:244,-0.49545355999850227,0.171344733199853
train:245,-2.9386913655087485,-5.442646886023715
train:246,-0.7445123405597444,-0.2720289436278973
train:247,0.6067453264821404,1.895802925609042
train:248,0.33517784697570685,-0.2044324000050879
train:249,-9.956930615283694,-7.913880207707578
train:250,5.29829714815999,0.0010810537087889843
train:251,0.3958332918333249,0.33565560507178815
train:252,-5.754716058306716,-0.14703688893217698
train:253,3.203072225441034,0.024857760269282936
train:254,-0.26515427565457556,0.23628528919237196
train:255,6.63296031880513,1.1557827856881617
train:256,0.06906569745146608,0.24349864772871566
train:257,1.2528143052563805,0.06685810136077934
train:258,0.6076544706597591,5.790537194913006
train:259,3.203930693722278,0.02397911234045473
train:260,-1.495782736770758,-0.19386708307683842
train:261,-4.985064026747914,-2.9968285876424567
train:262,-19.002396800714312,-4.397225617082054
train:263,12.357661979967048,2.2506200472862514
train:264,0.14234257869259168,0.06871583042868012
train:265,0.7787489657943495,0.04831290936402289
train:266,-10.021414531129114,-4.3165937272665476
train:267,0.7218163396543391,-0.2730451165775715
train:268,-6.17877242408547,-6.289515122171701
train:269,-0.5798382257917458,-2.95827022391398
train:270,0.5810277739885344,-0.1936112922444973
train:271,0.9072622253963794,-0.2523664321671723
train:272,-5.445296938623853,-4.7621411268563625
train:273,5.287070809905344,1.1483211973424075
train:274,1.1308747322303874,-0.18193907009140975
train:275,-2.250698659334496,-0.9017591526194615
train:276,-2.894202112740214,-0.20850636475643503
train:277,-0.423222043463782,0.2241232411481281
train:278,0.3379488654286099,-0.039140093090715034
train:279,-1.3611247922750733,-1.7837232319762641
train:280,2.250043418936659,0.006072470129286051
train:281,5.496512429955456,5.692564598319626
train:282,0.20606589117591245,0.003185728638810517
train:283,3.067103448928578,0.2208832714920772
train:284,3.614399875358405,0.6624380229922484
train:285,1.4756212280588015,3.822582108125789
train:286,2.290879822917901,-0.06936064577837919
train:287,-2.1635384421526647,-0.371226140614371
train:288,3.524789548324336,-0.051939406973256635
train:289,-4.9300857932628075,-5.859831604654576
train:290,1.3998612278953226,-0.14439081622818192
train:291,-3.8005716688033186,-0.20829779465220594
train:292,-3.9853601626419306,-0.2547905246507977
train:293,2.7095217713647464,-0.05122981210428576
train:294,-0.4220897393755231,-0.207677648111109
train:295,6.429220899388356,0.10729701988675784
train:296,11.882408546439098,11.702784063184144
train:297,3.395814742886289,0.0612944011009424
train:298,0.1355703727793811,0.013876373088650404
train:299,-1.9018453237755812,-0.25967252023002
train:300,-0.7585558402279827,0.18924367172728135
train:301,1.706345097378545,-0.03681621982611899
train:302,-4.308200491283882,0.053470525628177175
train:303,-5.472275577070818,-4.530191198440236
train:304,-1.7049709773389976,-0.2810175732839582
train:305,0.307816349807051,-0.07430277288901913
train:306,15.766090225965963,21.85453529223096
train:307,1.5066348766400286,-0.399005766842829
train:308,-0.23902178520212286,-0.011891949709935151
train:309,2.8271988738683906,0.15003919719028652
train:310,1.6983715472797214,0.18907140879919884
train:311,-0.1940496004394684,-0.05128659110666825
train:312,15.298317298609264,4.028469618483502
train:313,-17.52368530250034,-4.081029344568104
train:314,-2.7840238806088027,-4.236870016167541
train:315,0.7094714123476094,0.14493736130284465
train:316,7.995176764667132,0.8597270810092676
train:317,-13.712804894655047,-14.0286323838528
train:318,0.10683074693340172,-0.015599846822806393
train:319,1.2323931975377564,0.018477897515400507
train:320,-6.374525508200207,-1.4896326799552053
train:321,1.4168953028243805,1.0727556208726512
train:322,3.090313474384604,8.25282511316624
train:323,-2.003960974302153,-6.410577656186206
train:324,-5.611983444377699,-0.20440857564981685
train:325,-0.7830055654792639,-1.1129546437350755
train:326,7.315748284980179,13.588498616862225
train:327,1.9782384833378095,0.07617998666901471
train:328,-17.831324256979364,-5.841030621825478
train:329,9.518361243572823,5.474296982869574
train:330,-2.5209527497835156,-0.023187262002986334
train:331,0.2297648925403054,-0.1257680167507821
train:332,-14.098964523358765,-4.608772481772713
train:333,-5.325319661832933,-2.448658705017919
train:334,0.40668781313269026,0.8685211926508851
train:335,-2.5562194543283616,-0.03309462727548715
train:336,0.04642705434997464,0.06799525067733879
train:337,-0.9442523159530126,0.3334104092439105
train:338,4.9140720369316355,0.812089355349566
train:339,-9.828140381688407,-4.611836265328407
train:340,0.47917782323056873,0.08227088995222957
train:341,-6.199214801733078,-14.582938107915705
train:342,-0.9789460109356419,0.12917048858095903
train:343,-2.1951950702264242,1.912982996314849
train:344,0.3657380857593262,0.07309530330465557
train:345,-5.411897803581178,-1.6618472460231042
train:346,-2.968109885645379,0.0686186784170659
train:347,-4.76051680532986,-5.415129898346478
train:348,-2.750282567036479,-0.12947983703592852
train:349,3.4818777571741393,0.04268308581874808
train:350,3.1050201774122765,0.05418725353764834
train:351,-1.7670912577975528,0.006275547792329875
train:352,-3.517605831944454,0.14610518269355544
train:353,-3.0099537636398654,-1.7220081655675803
train:354,11.809131200281492,11.821112645435688
train:355,8.893332176352754,2.8793362232402915
train:356,-2.3737355514835903,-0.023963122818205063
train:357,1.7768859451319252,-0.35830620701696914
train:358,11.515582004660514,3.9594942581319827
train:359,-8.979457662525803,-7.541936085145883
train:360,0.009175621349871932,-1.6399354015710115
train:361,-0.6256171568771888,0.10215830617992938
train:362,-0.7931256349685586,-0.17787794481296315
train:363,-2.7408866049655636,-0.011670682793615522
train:364,0.2385675049529818,-0.040383168058704094
train:365,1.153366461724041,3.478971278396187
train:366,6.99578904376789,0.24920187026073864
train:367,0.9577744711697979,-0.005650539272163732
train:368,-1.579029054561496,0.01504704769556131
train:369,-8.982210897923327,-14.764556731918402
train:370,-2.073484584796198,-0.8878678415667274
train:371,1.3049745637240533,0.57508994756327
train:372,-19.281302057032484,-5.281029878227127
train:373,6.1448310233497185,4.2914417106787175
train:374,1.2888140668618555,-0.24712150748729422
train:375,-1.2621954468476115,0.02315011037350867
train:376,11.767411454987299,2.7974320843211498
train:377,0.557886556171622,-0.1596414708090601
train:378,1.8437774309716168,5.9876932930550995
train:379,-5.942126216178871,-0.8633133482700797
train:380,-7.207088643150895,-3.5094990396266703
train:381,-6.38097482961771,-0.8612450518466097
train:382,-21.203631281942272,-11.596667306088005
train:383,-4.799662308071521,-1.5140763258024783
train:384,-0.3347025267220871,-0.061404951717168255
train:385,-0.37623816509000196,0.07033388933577048
train:386,0.48602941363282476,0.13583702823254892
train:387,5.917191642419855,0.25343518713686275
train:388,-5.40526716473628,-2.71565811187961
train:389,-1.8402517936894331,0.06786871053886329
train:390,0.46066624372648024,-0.10493804055137129
train:391,-6.944636781077635,0.14712834602291994
train:392,-3.3764767149566826,-0.20464025680526693
train:393,-3.305828471496307,0.29859774774295667
train:394,0.03377191152163085,0.009673942277892658
train:395,-2.579258390519564,-0.7950836759724627
train:396,-0.5488131867567461,-0.4952834103525257
train:397,3.5349456488408695,2.5647982399818536
train:398,-0.23514682256627129,0.05990823734051712
train:399,-0.5302957957966513,-0.036982277008966224
train:400,-37.076571721952384,-14.081202321696846
train:401,12.323691462569837,4.936034893499968
train:402,-2.5135219896756764,-0.09969796633903344
train:403,1.1199873180900266,-0.17961954798151886
train:404,0.3804116634877629,-0.17937937850787344
train:405,0.3205992284384123,0.09183002018750526
train:406,9.27304527313785,8.196775963487763
train:407,-0.08190140095105625,-0.04145604868035577
train:408,4.184453963508731,-0.11889383429022818
train:409,1.372327246712401,-0.14326129926495781
train:410,5.233031242794368,11.636277876132212
train:411,6.363538893772686,5.200552002267551
train:412,-2.2565333611647773,-4.471608963419288
train:413,-1.4783479038355085,-2.243767395096479
train:414,51.84137565403258,18.899706932928627
train:415,0.7615188123396405,-0.22855748426361694
train:416,-1.6054674600581182,1.206377727278482
train:417,-3.260620922765399,-0.41603975287918976
train:418,1.243110452246254,2.3703652513811586
train:419,-0.27335877301508804,-0.34920444733857336
train:420,0.26679897708577416,-0.06184149379578724
train:421,-6.184083629958708,-0.1814926844169003
train:422,-0.3719697668825268,-0.08319032736119059
train:423,26.049970247666103,9.33868672724198
train:424,-0.240314950392635,-0.34703329247108894
train:425,-7.974758270836844,-0.2986925343396768
train:426,6.742757784339012,1.678190693920159
train:427,0.3615627870770713,-0.040545230738871146
train:428,5.263023469867936,-0.15285680800678508
train:429,2.236321873931167,5.289012546692957
train:430,-5.91349665930965,-0.20490111209636325
train:431,12.387141404162623,5.358886099504275
train:432,0.14690654755254498,0.09647983529844245
train:433,3.9309182696985103,6.757946967797355
train:434,-0.025106390089274067,-0.6507856905106277
train:435,-1.9452145927425897,0.3531851947621104
train:436,0.11781091191162232,-0.0549628175197181
train:437,2.032751567884175,-0.7297799768880728
train:438,0.8704812878745432,4.962206875060466
train:439,9.900195289341964,1.5730685081725078
train:440,6.633771598063603,2.198315173227197
train:441,-3.43296081292213,-3.4870821759071555
train:442,-3.4582597081250457,-7.5900869617391775
train:443,-4.876355395611364,-9.317717930562905
train:444,-0.8027243006249719,0.2117697422968559
train:445,-0.006432670962611048,0.11427869726765144
train:446,0.30284639263050067,0.0917735265067428
train:447,1.5821456815699593,-0.13799098096089862
train:448,-25.66126723397438,-8.010673284723827
train:449,-0.7444081992681122,-0.592722455516483
train:450,6.42878806214501,7.703468577924071
train:451,2.470223447395132,0.1875457940969925
train:452,-33.832127887122645,-10.500720714031308
train:453,-0.20346357802400294,0.11427705666833637
train:454,-1.5831570479918602,0.25631914674154316
train:455,-2.8447917190255816,-0.02224541533532537
train:456,-6.139541376711397,-0.34468823407620697
train:457,-3.296732380555315,0.05717457089917825
train:458,-1.8053915423776647,-0.12676771237690057
train:459,-0.3729994406577153,-0.05940363454399622
train:460,-10.7058896792119,-12.84084875131947
train:461,4.571138018002452,0.41335966708353716
train:462,-2.654648782081045,-0.38995750496818554
train:463,3.19908393941306,0.380103791671776
train:464,8.477387208409292,1.9882148891500007
train:465,-35.175100510023775,-12.386775371080443
train:466,2.139519288943755,5.808879951220364
train:467,-7.625625985389628,-4.376114670417336
train:468,3.3830871893161074,3.2978465461177304
train:469,-5.847948549640365,-7.322070668623763
train:470,12.119507582997704,4.4082883324359186
train:471,-12.036838632094321,-3.407272868322145
train:472,-2.0377218143666576,-0.5555745792165374
train:473,1.9070590727984618,0.23703946556446975
train:474,1.8142852215728271,0.15522819883264216
train:475,-2.294210192744538,0.16953208494791416
train:476,2.8189115051452287,0.18244445752238567
train:477,0.3953405965931145,-0.0398564643481612
train:478,-3.17055544249692,-3.5306373771669097
train:479,-2.3501433646805925,0.14437556303304022
train:480,0.15591163109247932,5.214135593953101
train:481,0.5630348088184443,0.9208883381535073
train:482,-4.418346644178139,-4.148614617986923
train:483,13.11322285791836,19.442590661899196
train:484,-0.9017375634771637,-3.4358204376908663
train:485,-10.208490414051788,-3.6762726650617426
train:486,-1.20946973371053,-0.17719345824655336
train:487,1.1606302005862603,1.6583551348968963
train:488,2.0486635668875453,4.769908662820703
train:489,0.16976846679379676,-0.05227765575378135
train:490,-11.49083885772861,-5.729922959133207
train:491,1.1533560011032296,-0.041073503718324134
train:492,-2.8350201044384225,-0.6908342890604293
train:493,-5.642497772658868,-1.7777351871370637
train:494,1.381419385863309,8.476003684339945
train:495,-21.313273465371665,-6.697354416460676
train:496,1.145827840992725,-0.19974042862479385
train:497,4.885126801772155,0.363041059482199
train:498,-0.07587573467640937,0.36006907815774475
train:499,1.7510609969313236,-0.18066610768372438
train:500,0.3535566928246124,0.707822135836282
train:501,-2.6502934444917163,-7.392284895449376
train:502,5.247858359190491,-0.03622218021325316
train:503,-7.031951815447473,-0.30032906782166296
train:504,-0.05825935185552461,0.05452564497898306
train:505,0.8620112069745447,0.19446826724173355
train:506,-0.13534552627963103,-0.3358956203730946
train:507,2.945880195969916,0.1522534356223928
train:508,-0.3515881770647452,0.3431539285761192
train:509,-8.144450926553604,-2.60620274668883
train:510,2.8139647937927035,0.024857474947662925
train:511,20.365841847757466,8.762709684852652
train:512,3.1531209014013393,3.480451812282431
train:513,23.627037553212595,7.598041098043006
train:514,17.690498557376547,3.547200522711374
train:515,5.444996894417118,5.246212591761376
train:516,-0.37006697995695836,-0.47969500630395784
train:517,16.010169518562805,7.351113496505948
train:518,4.8603955695919305,-0.049116720186473894
train:519,4.097072910998662,11.251813840884372
train:520,2.188229053522273,6.6454537833183025
train:521,2.2099471619923734,0.38064625940182456
train:522,-0.030558698114343696,-0.03543183932581878
train:523,0.4998112815516615,0.11584461364868454
train:524,-2.945212748980729,-4.2002595431388885
train:525,-12.663986788632512,-7.537608326813535
train:526,-5.378651626060587,-0.6631302017308696
train:527,1.4230649769788624,0.15119845893239692
train:528,0.366388155228186,-0.10919760701653652
train:529,1.8825979570934086,0.131078434253982
train:530,0.8580382631904276,3.520348905052006
train:531,-1.8351516598983428,-6.239793264738619
train:532,4.641846700605294,0.20120849120169165
train:533,2.786888522884835,-0.037934823237377624
train:534,-11.533797140526856,-1.8936122860294626
train:535,-0.9669579070276962,-0.1085968623456004
train:536,-1.1298799840389284,0.2007775128946629
train:537,0.23680082232707989,0.0769569887707135
train:538,2.2075551667001987,0.1454837522051684
train:539,-0.4749895637345519,0.20485076434196003
train:540,0.11605352761533042,0.022681255621423285
train:541,0.9402231766561832,0.043425207352400345
train:542,1.0695462045381245,2.356181913650342
train:543,-9.915518644699592,-7.632518851780943
train:544,-0.75423397662525,0.05583427258916996
train:545,5.101624924163304,13.898262028131375
train:546,6.85907384384599,5.103854793315626
train:547,1.039995415662792,4.515913644755939
train:548,-0.06844450965208934,-0.3142081813751415
train:549,6.556652182111141,1.546786392466685
train:550,2.9766274474078167,-0.062082019921457676
train:551,-0.38001805230559116,-0.03599920136721346
train:552,0.35680483181562916,-0.041580520237086166
train:553,-5.721923639271094,-4.910481549030533
train:554,-0.2732760178815589,-4.033669950148725
train:555,0.3500200731574451,-0.25836346463740306
train:556,-0.612182697798406,0.05709625011448484
train:557,0.8512693116925806,0.10507878695197138
train:558,5.410665601831039,8.402884312779365
train:559,5.237133200901824,0.13813871774118902
train:560,0.3388950866955486,0.172356840316442
train:561,28.110852022428727,11.274997934440101
train:562,-0.19781937572160674,-0.029497577611990733
train:563,-4.941074094279437,-4.264090554681585
train:564,0.12890916567589006,-0.030781310910831555
train:565,26.633395798712105,14.507718138769716
train:566,11.328990564710521,13.328672195527645
train:567,-4.65496635184535,-2.4004407778439223
train:568,-0.9132184435048835,0.16443153300776236
train:569,1.4071980748741009,0.0053497504657946116
train:570,20.472426740411088,14.222043861234974
train:571,-0.13619051198294074,0.01539514007197644
train:572,-0.9878791486502189,0.24699405156508264
train:573,-0.460824837094023,-1.2242604622924456
train:574,-18.13607515028152,-5.074735499239276
train:575,2.052871758410795,1.1804709521637855
train:576,-2.7179118272486704,-0.2352457083583278
train:577,0.6395979522019877,-0.05619198305873155
train:578,0.2108885860572643,0.31253043043059253
train:579,2.7029645893237673,0.20169681915434287
train:580,-10.778265087397335,-15.249109308893633
train:581,10.191276708284445,5.276315163959165
train:582,3.719307349350382,0.8969454317493561
train:583,-2.754555614408759,-0.6634579649418588
train:584,-0.08510176977370157,-0.05207878658463269
train:585,3.206202740562484,2.2894160839241984
train:586,-0.08749748439772068,-0.7146119942465934
train:587,-11.862628847853017,-5.436684234808696
train:588,10.38806097715293,3.978478132119508
train:589,-0.10634171164360723,-1.1336792649262966
train:590,0.23665658198900458,0.23380777023539923
train:591,0.38543020443652554,-0.003071089166441568
train:592,0.5065144473675177,2.713426836992237
train:593,-1.1350356753494388,0.21613994222018093
train:594,3.8626592320314264,0.1585199543627253
train:595,0.9643414164568674,-0.3182115290255356
train:596,4.096796750609245,10.921837104767063
train:597,0.9824534002459657,-0.33811285468221103
train:598,7.935815763520347,0.5522231316489956
train:599,2.6008080261469115,-0.31520723502761494
train:600,-6.5278066121553,-0.542595441382983
train:601,21.381985623530426,6.134293253347194
train:602,-0.5566477268279003,0.08660192948320791
train:603,-0.9262595832411628,0.3121102943451243
train:604,-7.50110833425014,-0.6388437680962236
train:605,-1.3211419749520301,0.3125794344188296
train:606,3.372013343667066,0.05092859531548664
train:607,-0.15162608782291775,0.16225274578694263
train:608,7.011555291454623,7.775587611884887
train:609,-1.3152145222838887,-0.16169592913395947
train:610,-0.7816705578055066,0.17220340861528033
train:611,16.27770663709978,12.450839145246192
train:612,-0.0936339170238468,-0.16666523312890552
train:613,-2.0374493733090846,-9.704031991194903
train:614,0.33178267814773177,-0.11416220320475243
train:615,-0.8962080793163311,0.3025569418726538
train:616,6.1785927932471845,5.70393181166092
train:617,1.3691920824261459,-0.103091082374626
train:618,-1.4276045945712812,-3.176386048262185
train:619,-6.495847323452734,-5.865817652242437
train:620,9.313672464702867,13.715432499173344
train:621,3.0858883993232005,0.2362379971338549
train:622,17.85727711659353,8.615814131362225
train:623,-0.9922279774088204,0.24647833273691022
train:624,5.6893923302206995,4.772192947710523
train:625,0.060938259997596556,-0.2916433783956503
train:626,7.6874569147204985,0.2442358474644227
train:627,0.06100730009495088,-0.7350448740813518
train:628,6.241776802613124,0.10020092853623927
train:629,-6.542442182961456,-0.2555576831566061
train:630,4.409987737698408,7.253205953241931
train:631,-7.194653057130468,-4.917784641216371
train:632,-4.474288184610843,-4.600383170179488
train:633,-1.1175917765428198,0.058829079643225195
train:634,2.5254027572580546,3.8991521593587986
train:635,1.1358479438223013,0.1027956433486321
train:636,12.451589986355525,4.159713854508149
train:637,-5.637959722892703,-13.224324432475585
train:638,1.6972587696836432,0.13047990082560096
train:639,-4.5743781940318735,-0.2441574438377953
train:640,0.20119519366794894,0.38248743981576466
train:641,0.7484518697386934,-0.0021124085231998824
train:642,1.4270853422439904,-0.20270163905809258
train:643,0.054702335244643324,-0.06651035412486025
train:644,-0.049797290764814844,0.0036633570307112867
train:645,-0.025643484853372284,-0.09638502567866436
train:646,4.84379572665566,0.3607095538642676
train:647,0.2676587238873397,0.06748509562075661
train:648,-1.8379151234584374,0.08202422941172885
train:649,-8.065549020814903,-6.033673502582216
train:650,11.181827761638814,19.10653543398914
train:651,0.25536912164178943,-0.036641602994671396
train:652,0.4509820334376548,-0.2373498126451093
train:653,-4.076998920280424,-9.170942212152882
train:654,11.61157052089057,10.110337907279055
train:655,1.9503962625283164,8.148483567370942
train:656,-2.632268632542712,0.011087068931409108
train:657,2.9870190281217237,3.2080954920050075
train:658,2.3470064001098434,-0.09728428809453848
train:659,0.2900946634033329,0.08000807551431617
train:660,7.030581998419106,1.9630105758637746
train:661,-0.5208700790709841,-0.24589733507663097
train:662,-2.6900312508295356,-0.2838779225245826
train:663,14.89966722374042,8.414306307871701
train:664,-0.09966481360889928,-0.04252857264998239
train:665,27.515212185607016,8.407390682445842
train:666,-8.414157345388595,-3.56652056538615
train:667,-7.527446782703454,-0.5602257496051697
train:668,-0.515594671766745,0.09071683788702685
train:669,1.8209474747383991,0.4782319598784681
train:670,-0.11374364692965572,-0.7311345412790817
train:671,1.9926776269309538,0.4538255485026068
train:672,3.2946802985918135,0.3397396274102407
train:673,0.31674774408482603,-0.06249673489614571
train:674,-6.4334053207896735,-9.23825700067593
train:675,4.1754178467937235,4.144421756961964
train:676,-13.95796186365369,-6.554541815352626
train:677,-0.3571684533510726,0.12975939240466464
train:678,11.094740536344421,2.137038646148472
train:679,-5.763128257104892,-0.962391280819388
train:680,-2.459476378650454,-10.088422984108018
train:681,1.5417221234234018,2.1930119002760264
train:682,2.001465943161855,-0.03497375546488887
train:683,2.981238953977901,0.8079611794904167
train:684,3.157919304396585,1.676787482192938
train:685,0.09267043699943756,-0.051229384121855764
train:686,-1.4641567931847113,-0.17319453308126947
train:687,2.060441993462785,0.2010626918538653
train:688,1.4005544183677485,-0.030523665487960358
train:689,1.801242687087106,0.611859202073459
train:690,5.279970605415141,0.5599163298197952
train:691,10.123970749402387,1.625388504277423
train:692,2.5964438551444533,1.7953408978810534
train:693,-1.7072695244185923,-0.35218291972988286
train:694,-1.6273643289149708,0.22912792502395574
train:695,-14.40435514173809,-9.439457247460078
train:696,0.6401480646275399,-0.17187627586640714
train:697,-2.5623721590313053,-10.564875850934337
train:698,-3.9909507833199496,-6.6077657103497405
train:699,-0.7867042085398857,0.17583291361305317
train:700,17.847831873375682,4.274777216140272
train:701,22.925290757879218,6.565740629119236
train:702,0.2360223196804818,-0.21215719754530377
train:703,-0.10653720902365771,0.2912791055288284
train:704,1.1184756421536792,2.0327183568138656
train:705,-6.245221076977485,-2.611420993797237
train:706,-7.131305397163391,-2.1891783788084154
train:707,-2.0318452700531315,-2.223939397096147
train:708,-5.971848326777268,-8.106276570584624
train:709,0.2897299364243803,-0.3034170323846523
train:710,7.850306929677254,6.588669645146673
train:711,13.495234501783052,19.972640624401603
train:712,-8.253469192066166,-4.5883448803879245
train:713,1.0954983073961433,0.1403871234372918
train:714,7.83494841374392,3.37855261955444
train:715,-0.3528471708939406,0.06860084581581513
train:716,0.27625642436123543,-0.11596714777295092
train:717,-1.9141674701747662,0.954915081252137
train:718,-2.2844218411640806,-0.886779624908
train:719,-12.497957674782095,-6.502532819813524
train:720,-1.6912006161030533,-0.18217588703602006
train:721,14.614917037429397,11.900618085495386
train:722,0.9681820915022821,-0.10039728962968383
train:723,-9.314956272182341,-2.0774347342251365
train:724,-1.8947590667797924,0.1325367843842704
train:725,0.36639698864131554,3.364479986612188
train:726,-10.139587931975692,-1.4272027402275806
train:727,-11.624568364012735,-4.271740312635737
train:728,-6.742619412304635,-0.09663767797318537
train:729,-0.0392730926248451,0.16482142500150931
train:730,3.6296286795936794,9.49208247787953
train:731,-9.694859054891483,-10.537079818712728
train:732,-0.6665842023894515,0.013667018349966295
train:733,-7.8296011174620155,-3.753503806488321
train:734,-4.3358504691286885,0.012750993288916462
train:735,-0.5634001737906896,0.09664239729144453
train:736,1.2101339262843531,0.030221378743086176
train:737,-15.46432287479599,-11.504659072639365
train:738,3.3330212633639693,12.34591497270283
train:739,0.8024226292105552,-0.031174555433613665
train:740,-1.7178610192191144,-1.91470468678888
train:741,-15.705179366350002,-6.044781073249299
train:742,0.9728642653774026,2.648399186575209
train:743,0.6294671896336415,-0.06299433580144737
train:744,3.4291627371161097,-0.00189242555417031
train:745,-12.194631285576191,-9.008595922295541
train:746,0.7913083358277101,0.018034793039521227
train:747,-1.2036087640991004,-0.08375005704924993
train:748,-1.7632545345422224,-3.793019709573559
train:749,5.8411847716052305,0.088443537879578
train:750,-39.799818146818154,-14.250248533835318
train:751,-0.7707301431863689,-2.6004632169806605
train:752,-0.26101919224788395,-0.07209181565554296
train:753,-6.3882126493861415,-0.5204718882888411
train:754,25.232548512652354,8.646921606305698
train:755,2.733891298523141,0.10348512304339208
train:756,3.7548306877924644,0.3305182466426547
train:757,-6.6829194870435655,-4.506477547957765
train:758,-0.3952615014100014,0.1312054737052925
train:759,0.40208362899717365,-0.13128734949870713
train:760,-2.8757779375344596,0.23118060008872998
train:761,-0.015145670723670956,-0.04374254481273018
train:762,-4.365759941068728,-0.539719827435688
train:763,4.692829906773459,9.052800741065187
train:764,-1.1765420239790823,-2.303820891051021
train:765,-1.63797163087583,0.27505693083180793
train:766,0.365096965932716,0.020227418358911578
train:767,0.7787586128113199,0.3013943276015083
train:768,0.31582511732927276,-0.020472141466948257
train:769,0.7319626769247821,6.453843766826011
train:770,-20.97201733002061,-15.408788982890337
train:771,-1.10830274526242,-0.10329772655791997
train:772,-9.867444420949917,-2.520473015488562
train:773,3.917377577203933,-0.13657250452700695
train:774,1.2195419761837614,7.266095072104371
train:775,0.21895151634946436,-0.034474941942702175
train:776,-8.60099240157437,-4.578552357067479
train:777,4.27303310578905,2.432804749383054
train:778,-12.826024129581352,-1.078815341257351
train:779,-3.7046905482802583,-2.1708775647792
train:780,-24.57394102570495,-6.7730890459902895
train:781,-0.3337672309924402,-0.0016583191649501283
train:782,-0.06694189958711172,-0.48298975771105107
train:783,-8.396734135365358,-14.130762687093002
train:784,-3.939013103617316,-1.1957408544424855
train:785,-0.8939232472729114,-4.745564511376882
train:786,-0.8538813855568447,0.2648282220847682
train:787,9.711667007334205,1.9699113645653947
train:788,-4.094834511221865,-6.503855570843902
train:789,1.5484457455644,4.5273042544700735
train:790,-8.405777690744054,-1.6591692172976678
train:791,14.358594634235054,8.294563101028135
train:792,7.177449579525695,0.3775030137749579
train:793,0.695219862554347,-0.12132876899541406
train:794,0.05539761784123182,0.2324205365188989
train:795,-1.4646816838911962,-0.023331492081902605
train:796,-1.7217649229058773,-1.3648748029791102
train:797,-12.368355697011852,-6.051966612927691
train:798,-16.112691679170144,-8.638011642574826
train:799,10.64697296514366,1.1944792450807247
train:800,3.9852321375329813,5.536578698015602
train:801,-5.3737039848751005,-4.759503613800968
train:802,-5.024416882239879,-0.1596527410130506
train:803,7.060603980147426,10.876128581241076
train:804,7.861493750031057,3.5496326042003594
train:805,3.7833505243722874,0.0868707024492596
train:806,1.0033341941346847,-0.07051341645363432
train:807,-6.7439751087617745,-0.2964862849129309
train:808,9.806221721138396,5.895566365812534
train:809,-8.114429409741765,-12.016887846755798
train:810,6.130227531780717,0.018995114282077993
train:811,-2.1452030659946857,-0.06785707217131881
train:812,0.036163790584685815,0.31070529935777813
train:813,-1.8338289725113186,1.0476774197424708
train:814,8.76468513703346,3.6727951053381553
train:815,-15.073948313280056,-7.2111884100113
train:816,-6.029708577524997,-0.21457044780736872
train:817,-3.0909798727779734,-0.352990665236138
train:818,-1.3967569211735924,0.07977589504603108
train:819,4.91943577836717,4.089067080106597
train:820,2.4235930217756523,0.015094197093268355
train:821,-3.7026867582493015,-5.395608193105229
train:822,8.368105800168765,8.97813777954034
train:823,-0.842851939431691,0.19284157735563778
train:824,-10.710640195809653,-16.228425552981097
train:825,-0.9850617547783856,-6.3203595305815226
train:826,2.303758009427765,0.003634824868710043
train:827,-1.1994498537227836,0.14666698096335987
train:828,-2.037163914590057,-0.02436221643419742
train:829,10.21266472605339,4.6102307007537195
train:830,0.6027592488074492,-0.11521989045013842
train:831,3.3457127859069122,0.42314705461482277
train:832,-1.036723506549842,0.0850288800616745
train:833,-0.08048863599593534,0.8406971275801101
train:834,-0.3616895336656998,-0.00607559715557722
train:835,1.1556134030742995,0.0010353309191820093
train:836,1.124868941135282,-0.25405753340898585
train:837,-0.4150592723573945,0.1745916932355942
train:838,5.3481073700478525,0.9546621436359959
train:839,2.6411478993269792,-0.8992842728874739
train:840,6.353434398985488,0.40962751763296484
train:841,31.771440739288543,13.273417951882523
train:842,1.6496166858025947,-0.8092451865993484
train:843,-6.7245685650327225,-8.116923632157008
train:844,-1.8243795450451459,-0.05566720526912375
train:845,2.7783005856570298,-0.0670313514030029
train:846,0.761076211850204,0.14176544085316672
train:847,-0.9076973278406998,0.2652552058891168
train:848,-3.6714694762496145,-1.6085254857103255
train:849,-3.7424194505058352,0.30028071731859984
train:850,-0.36958579139964043,0.05518987371037194
train:851,0.552865923098697,-0.1908498069452072
train:852,-0.15961405033263715,0.03100979370958546
train:853,-0.05057451489109155,-0.01964713400268238
train:854,0.06316916172927821,-0.37723458594940223
train:855,2.2362851455292074,0.38269165876528854
train:856,-16.54156969376817,-12.85902373851426
train:857,1.3027745789383247,0.7379653663649228
train:858,-2.3243228331865557,-0.8167567062286052
train:859,9.216127408096096,16.2825898082189
train:860,-15.883095464773856,-7.773328495116505
train:861,-0.28656379581074376,-0.10496207889785736
train:862,8.593809733790305,17.197830805456938
train:863,1.5502324195989634,0.19828979368977473
train:864,4.836921471574979,0.5786377792473143
train:865,-13.384537595936214,-4.338540666277902
train:866,-4.221464742848748,-0.1384616189731091
train:867,0.5336240760328623,-0.08196365838635225
train:868,-0.09606752234102667,-0.019470234598274697
train:869,-7.3936977499271475,-2.036999382219408
train:870,-0.36381641033486944,0.17101190553010853
train:871,-1.67167179933963,0.21276387415138412
train:872,-0.016272047126803524,0.0783274598420381
train:873,0.2698017564042068,-0.00562400436150258
train:874,-2.3101015029645255,-1.5545680288281591
train:875,8.743976827159006,1.5278568722477717
train:876,-0.021645203121067963,-0.09444219943759488
train:877,0.10659608033986909,0.02892031215582959
train:878,-6.302244013143833,-9.013339679549867
train:879,-4.240421247424675,-0.10464316065708848
train:880,7.811567763939549,1.555691280227272
train:881,10.083131555922261,18.113150551462102
train:882,-6.327550347010436,-1.4579177552827263
train:883,-3.9857967192171206,-13.426682514393745
train:884,-0.6877358101280621,0.03242113710297683
train:885,-0.22006783766683813,0.06233432707548262
train:886,0.8952097305558843,-0.27764278916245144
train:887,1.1610766366366612,-0.2109027810429192
train:888,-2.162112078390489,-2.8959231701169688
train:889,0.06018137596734173,0.12430611161177249
train:890,-0.4461784569796956,0.032788132036717786
train:891,1.123740240149747,0.8831494894481111
train:892,-15.724733753519853,-5.926392573457551
train:893,-3.986655884873086,-2.340065296441197
train:894,-1.5695528943976944,-0.009440537681193545
train:895,3.033733138707693,6.93721454165115
train:896,-20.899003126590966,-5.778823660943893
train:897,-0.7597906584001921,0.1117088767666047
train:898,0.392675114181285,-0.2808642129132015
train:899,1.4992352659363828,4.726054159181556
train:900,0.5270377204827319,0.36808725765373845
train:901,0.5487394406468946,-0.3075579050558923
train:902,5.5173127932930495,0.6585328259791385
train:903,-1.270896823696659,0.06241293318179604
train:904,-3.1133423554900475,-0.2606654394676632
train:905,0.7240123726499833,0.2503331704840879
train:906,-0.8631592588417126,0.19602976113765644
train:907,-0.8005984700178833,-1.5346395976175826
train:908,-0.0014665493470248092,-0.01728916480449484
train:909,-15.477360992575145,-6.515817394441302
train:910,0.29259033507065957,-0.062220329576758715
train:911,0.5997074208003239,3.9542517586858748
train:912,0.7068861280286661,-0.13232806010770237
train:913,0.5733207372621575,-0.010302565625656027
train:914,-0.8338906742700438,0.24970118309576037
train:915,7.198221118041497,7.55007054471356
train:916,1.615773555521041,3.8488142925481097
train:917,5.11066940937496,11.6875296280918
train:918,-11.652764618722129,-8.39063037966195
train:919,0.046135086800220326,-0.1321424583938843
train:920,-0.5829831533240915,0.18741846932406198
train:921,1.4419687135342532,0.27806158148175364
train:922,1.7588357952347335,-0.3990614045587314
train:923,0.18966642724273775,-0.047643889983969845
train:924,-1.4463402638189713,0.07076101580092906
train:925,-0.5382605124823457,-0.2983405901213915
train:926,-1.1603896631552932,0.16007538517422293
train:927,31.42966761681117,17.51058324601734
train:928,3.070968067172738,0.48163306491942104
train:929,-0.5335230135460456,-1.9130411190833976
train:930,13.181109962401043,3.2465742510015008
train:931,-2.2431437665263627,-2.4904463388416964
train:932,1.9077345964446293,2.763380946224009
train:933,-0.22490064448164082,0.13215245616211369
train:934,-0.09427271226805448,-0.3289767137486037
train:935,-0.22228037519754001,0.2840877880876307
train:936,23.61362006358535,7.729237685357111
train:937,0.7990639563262993,-0.2798789973592987
train:938,-0.16061606157723585,0.6872012290539353
train:939,-2.7422957668179606,-0.15636084282215745
train:940,31.58277763150144,10.606549866934472
train:941,-0.3399861862938552,0.02972399182899954
train:942,0.17771063503018686,0.060808783703681285
train:943,7.170135513454461,0.2063337234619745
train:944,0.021611207370299354,-0.025590739999565848
train:945,5.196704993590462,4.375984503939733
train:946,0.5627198279029051,0.7501712826082436
train:947,-10.614818119679617,-5.003349171198652
train:948,-3.163889005083023,-0.32573175096420265
train:949,-0.13582369287982582,0.11456701476467399
train:950,-2.9242245593850145,0.062226475503117926
train:951,-6.009784581753148,-4.418799070092812
train:952,-1.3552236073880803,0.21547428688069198
train:953,-0.025046415863289512,-0.5421523369071037
train:954,0.15995070924594756,-0.015968696347077427
train:955,28.93657158678645,18.564858044827986
train:956,-1.4750111982549567,-0.3599094291998189
train:957,6.8604523212106745,11.923973372023122
train:958,6.132334533270345,2.5708005509020544
train:959,-1.2869773549242103,-0.8825972379410483
train:960,6.444332544670544,0.2977463480288396
train:961,5.252726499657811,9.08459412918317
train:962,-3.6213561288164655,0.08538553208669002
train:963,0.5786183443283406,-2.727122049250088
train:964,0.4838655761034553,-0.269492719747607
train:965,-26.53150720050483,-9.964434762201908
train:966,13.939689078143765,4.785168804345447
train:967,0.4861666802236925,0.5489591236464588
train:968,-2.067678242871227,0.15297201812239405
train:969,0.07731657023090849,-0.33393945534628955
train:970,-25.092830590259716,-17.16966049108875
train:971,0.8927396292949851,-0.25036433035954525
train:972,-0.19172664524464766,-0.3716227376661882
train:973,0.19343294810951256,0.08103031154841563
train:974,-6.246803187760628,-0.9686185678369688
train:975,-7.069974544888726,0.07332206266216043
train:976,-29.133148211064967,-8.709579435165779
train:977,7.356134649808297,6.826228425969004
train:978,-3.7941028208936345,-0.05151541904591819
train:979,-0.1688630987957141,-0.15141636180815243
train:980,-0.8819658278526786,0.19802558586964322
train:981,-3.303343027991551,-5.740305812885459
train:982,-6.489430546188867,-9.554312324309592
train:983,-0.2570309062199104,-3.300041299837742
train:984,1.0313240259267369,0.3831191418824721
train:985,-1.7953628289767884,-2.0927941676736443
train:986,1.1310367556238419,-0.2098530828028936
train:987,6.97307694386248,13.069972223948875
train:988,0.21257309469523772,-0.1233441382583717
train:989,1.405443247618452,3.19642098727896
train:990,-4.4361320241396855,-11.059378163442641
train:991,-1.046388887721207,-0.030593212632838374
train:992,-11.422455222444752,-0.7080596545734132
train:993,1.441856668662452,-0.1758879691741866
train:994,-0.09846044746616275,0.13058054802706034
train:995,0.1547907174579926,1.0485720456820196
train:996,-0.32517092526798597,-0.8492735273141292
train:997,1.7521475067462533,0.4839410315037014
train:998,-3.941046648303026,-0.1308683546997189
train:999,0.0490363980967837,-0.02765582655481065
train:1000,-19.146228942119713,-11.496515993604211
train:1001,-0.4467507691671917,-1.86664653972209
train:1002,2.359327616676068,-0.1337707888792951
train:1003,14.840696287520776,3.9868349170480517
train:1004,5.487546050712524,0.009203732248112204
train:1005,-5.183777699010477,-7.077383412447042
train:1006,0.17186059095604903,-0.02428960208190427
train:1007,-9.083747727431676,-4.357842388550122
train:1008,-0.26532920048036385,-0.3707592117832207
train:1009,-3.1137352099160704,-5.990932894547597
train:1010,-9.964222365363863,-4.261221360470739
train:1011,-0.6312542692032573,0.11515263738974946
train:1012,1.5194749399984917,8.85920659802733
train:1013,11.445541407040153,2.599378079040877
train:1014,-2.292192455219166,-5.966192656876322
train:1015,0.38026010071511973,-0.09180597032949026
train:1016,-20.244064122514377,-7.751241748511345
train:1017,-2.2282111140891674,-4.611979496781653
train:1018,4.282797281712522,2.596408451619788
train:1019,1.5166054754808425,3.4819708645873773
train:1020,-0.8495097758906984,0.26519728560025424
train:1021,4.150776343494236,0.23608249685094815
train:1022,-4.771351683907923,-1.611343750011998
train:1023,2.1014533222698155,4.90710784637663
train:1024,-1.4223189591044711,-2.5718252006583953
train:1025,2.1248627968959766,2.981749565527545
train:1026,4.212550726091298,-0.08358542647450276
train:1027,0.0705192588277509,-0.3425899788826357
train:1028,0.8430537725656563,0.7188851963306431
train:1029,-10.358391575193643,-4.0402760016168715
train:1030,2.061325334775736,6.483300941519331
train:1031,2.1806569588043616,3.9917866737633667
train:1032,3.314370673832211,1.2915890290951875
train:1033,-2.914278601117667,0.1754445908882163
train:1034,-1.5439720273493558,-1.0527659053326481
train:1035,7.9725371917326795,9.362347878546368
train:1036,1.067199073686318,-0.20507537227578582
train:1037,6.802440042773822,7.294042895427827
train:1038,-7.236683366633636,-0.9572360897890038
train:1039,-7.214704904934455,-11.858764887517882
train:1040,4.326228384571437,0.39506184893133145
train:1041,-1.1819159935771872,0.17720067412898766
train:1042,11.73411041732201,10.85140375093728
train:1043,7.8588548840877355,7.215384860579566
train:1044,-0.817596978836183,0.2828514181777119
train:1045,0.9366830701154121,1.8645590669312033
train:1046,-4.223467138130263,-0.04488982304680009
train:1047,1.9149984515359688,3.2521494354565434
train:1048,-1.9436055168035775,0.08470511135336542
train:1049,0.24069473030951183,0.8874659775764688
train:1050,31.387099863856545,17.829668685255534
train:1051,0.5172650598334912,-0.2812356303320527
train:1052,-1.196833536228767,-0.30113816860561315
train:1053,1.7785954430307256,-0.1852428091295334
train:1054,0.29632454424203963,0.2057974614771612
train:1055,-0.912147973308531,0.2905709372679576
train:1056,-2.9778015345978925,1.558102675898807
train:1057,-3.4926365625262137,-4.267219676888261
train:1058,-16.553008498854403,-4.912069078524282
train:1059,-0.09158747090580371,0.08375884220059428
train:1060,-0.8709659039240368,0.1196127849537834
train:1061,3.542245767417688,4.274897051220678
train:1062,0.09479173467084122,-0.027553610084441196
train:1063,-0.6433090886261549,-0.08650711986342982
train:1064,4.805022622014879,0.008253611253470891
train:1065,-7.148139093089354,-3.9777697383558936
train:1066,-1.8868973290945288,-0.2654350183286006
train:1067,-2.5966179069849726,0.027916408035815937
train:1068,-3.7905959558812192,-0.16322710760775605
train:1069,-8.603151473709815,-7.3890898639484766
train:1070,0.05021809956109585,0.021424057233243615
train:1071,0.756245032243083,-0.28667079320207406
train:1072,3.4256874864243683,12.321700297455617
train:1073,-0.5530987868739997,0.16974400758117839
train:1074,-0.28469785351625504,-0.30613800201390057
train:1075,9.014320181572282,2.703010600610444
train:1076,-0.15470278886174993,0.057093396898284715
train:1077,11.976942803918147,6.300201498308769
train:1078,-0.46580490620402426,-2.5890106924749823
train:1079,0.5330351430811884,2.305196937405465
train:1080,6.589015483235261,0.24110972113475676
train:1081,0.30474883086870874,0.03273891405726565
train:1082,5.280164010671029,-0.017579836204882487
train:1083,0.8597958799449598,1.0669678718106996
train:1084,4.4980215329471,8.56948474799109
train:1085,-0.10202496212216008,-0.6525673813667952
train:1086,0.7116653532190912,-0.30398710498143705
train:1087,-0.9666645447285004,0.24067396369059282
train:1088,6.498645482672054,6.401047283615674
train:1089,0.23588400702753287,1.9994605554811695
train:1090,2.120270351901593,-1.2852612260254281
train:1091,0.17667456865339148,-0.025104623289469705
train:1092,3.4154472360248644,-0.08776467490363452
train:1093,-2.5777362539624056,-0.19474851289146178
train:1094,0.05849954059913118,0.272964738722662
train:1095,6.281740558360467,0.08005750748498332
train:1096,-0.3713901322604628,-0.5267647992790248
train:1097,-1.7867862822027551,-1.317866068830726
train:1098,0.0669447484674228,0.1349212884931191
train:1099,10.44449997821977,4.43502211226622
train:1100,-2.792016259825087,-0.10894795059902568
train:1101,-0.36360452464888127,0.11487958459939758
train:1102,24.76936338112524,11.560104992594258
train:1103,-0.8928739307764216,0.13311292006548048
train:1104,3.8914840538224578,0.4917696147831968
train:1105,-0.11214340440377302,2.3965885908332587
train:1106,-4.615634882511488,0.1850644232981496
train:1107,-0.8174816795490188,-0.2164357378981998
train:1108,1.1306806295997784,0.02289217962901746
train:1109,2.8876573103673966,-0.06578763446136882
train:1110,14.481378146902276,3.1440921462038243
train:1111,-10.003606370260023,-15.804209368346653
train:1112,-10.099724133271657,-7.181932672381708
train:1113,-15.393044669504535,-6.2602205808017874
train:1114,-0.7927881056037152,1.965617274184208
train:1115,-1.1092214202278887,-3.4999036735456532
train:1116,-0.0462684584486959,0.18718814344630696
train:1117,0.7312311308427145,-0.3233319108182783
train:1118,-3.8444249158265285,0.05134145569964459
train:1119,3.2905613710328194,0.3197466421831363
train:1120,0.30710863069460914,-0.005582632726600784
train:1121,-1.4546541327815214,-0.36395229389458467
train:1122,-0.8525835712015275,0.1981169601184522
train:1123,-2.9428918859100706,-0.16102413937964022
train:1124,2.502273627269635,0.06015803641883798
train:1125,20.877951070360613,5.748608041565703
train:1126,17.172179910259835,3.057845697549714
train:1127,-0.11472066891342753,-0.827791805204205
train:1128,0.012151551741555633,0.6436139291119298
train:1129,-8.499585748680563,-0.09540929706862694
train:1130,-0.12973479796383086,0.006869230753170696
train:1131,3.47467015697694,0.08967969379828175
train:1132,1.0153399648688894,-0.048257046145376514
train:1133,1.3346685468753798,0.12324278926439125
train:1134,-1.7444393645763672,-0.6387532498122745
train:1135,-0.7529535966379517,-1.4933341573316263
train:1136,13.858555573298661,3.3885003578361728
train:1137,4.862288244584048,10.295507073521186
train:1138,8.053363851700654,0.5310408545792746
train:1139,0.10987397398563786,0.09096663696534771
train:1140,-2.083718791281455,-0.6607158815127296
train:1141,0.8972025950495497,-0.2250587278982148
train:1142,1.5275840132513814,0.7196461490912163
train:1143,0.29400391362962136,-0.06192166917101072
train:1144,-4.389633867258909,-0.03491768976655643
train:1145,2.846582869148138,3.6601536456418855
train:1146,5.628275339527065,0.2164102844551427
train:1147,-13.950285162727665,-20.830304919826492
train:1148,3.194073999419187,1.62532145369672
train:1149,-0.4346273745634204,-0.16156468118875372
train:1150,5.508537494723602,0.2568924292065531
train:1151,-6.250722433691248,-2.870571202892386
train:1152,-8.846979711407187,-4.428129372388838
train:1153,2.0460509687253725,0.2928493730645667
train:1154,0.0885272175543372,-0.1484930991503153
train:1155,-2.9654891514447974,-7.280072467444416
train:1156,2.202254188989532,0.9612965846053345
train:1157,0.29005328583656836,-0.07560070093845556
train:1158,5.522193021588863,0.1152088457488919
train:1159,0.6108421705083109,-0.11763549461556846
train:1160,-8.843238993405079,-2.7172658992083796
train:1161,-3.015190117959743,-0.7786577103083483
train:1162,-0.7032117174727225,0.08884626934622551
train:1163,4.35675387084814,4.7163572186038145
train:1164,-23.688806994805187,-10.341473587610542
train:1165,0.26323969274018244,-0.005610736906172004
train:1166,18.463491013847744,21.634632213254996
train:1167,-1.097144052355687,0.13782101211730519
train:1168,-0.08676361373325062,0.3367359753859651
train:1169,12.805362603194617,5.247648330153278
train:1170,-0.5576314901006394,-0.7386171007639071
train:1171,-4.879587494983804,0.046924391700232514
train:1172,-1.330804334166272,-0.8588215300062243
train:1173,-2.312599499214255,-0.7961235306165979
train:1174,-1.3730680317426507,-0.11271334001832942
train:1175,-5.073046681183751,0.007585530680211838
train:1176,-0.3289897492388171,-0.6470940567300971
train:1177,2.1319955455398154,6.297622190863857
train:1178,3.756277507879782,0.037104905486695504
train:1179,7.056943227779965,5.159692804995293
train:1180,-17.262634698699305,-7.9586089367904425
train:1181,-1.3664392525636742,-0.03350434912182498
train:1182,8.78619031375549,1.7013606640556966
train:1183,-1.2378652051318193,0.07077927638460985
train:1184,1.483739599641301,-0.1609639365178176
train:1185,6.891927631857039,10.581955143289404
train:1186,-0.32730535682996376,-0.3469696657498262
train:1187,-2.0079336856280294,0.009032681936914769
train:1188,1.8883315395891809,-0.004491562851673334
train:1189,-2.163765321395149,-6.3874928545542415
train:1190,8.230879192118316,5.136872211183461
train:1191,3.4529390308453856,0.35597977736932196
train:1192,0.7037608432176217,2.551509100208156
train:1193,4.795440228435283,0.2092243167943202
train:1194,2.116731407652023,-0.03537577362748634
train:1195,2.67665171127688,6.958211930311103
train:1196,0.8313053331034086,-0.14397560194065886
train:1197,-6.3760364867618335,-0.47383293095999285
train:1198,-2.806285476444608,-0.22732646413407342
train:1199,4.109251398205373,8.06633433718021
train:1200,-0.864776703277374,1.5272221743040542
train:1201,0.7104389035435309,0.27592808906811084
train:1202,0.7002298025482203,-0.2792763980978325
train:1203,16.06791400510689,23.076058776973998
train:1204,-28.901063763665036,-12.934741248746672
train:1205,-6.7451680844507385,-6.440457677520385
train:1206,1.408314571802023,1.0704479396099909
train:1207,0.7197053863746266,-0.22618902949589398
train:1208,11.95192936743426,1.6087990493250415
train:1209,-1.9814455340679937,-8.647096282956023
train:1210,-2.936350046112948,-0.07813549821064578
train:1211,14.541635042106986,4.447085225038725
train:1212,0.05405935575211113,0.05689909287505627
train:1213,-4.565144022896173,0.05524786532963946
train:1214,4.650219381502627,1.4277877323905401
train:1215,-1.0613217726166426,0.09797399329204243
train:1216,-7.9508494759106245,-1.4462519528660889
train:1217,-2.0093967777921646,0.04747392114037641
train:1218,-6.061518163120842,-0.45126256420891137
train:1219,4.01914547020309,-0.061973027062612956
train:1220,7.331593103552117,6.017769615663847
train:1221,1.3867991669174207,5.029643210593639
train:1222,-13.294284289409614,-5.56439989835865
train:1223,-0.8386595550687777,0.21182816189855344
train:1224,1.2167729336259003,1.8631895231551439
train:1225,-1.8136260268511695,-0.0020831630571486043
train:1226,1.8305159208235802,-0.008420726880864204
train:1227,-0.4584926997987123,0.10178895734282332
train:1228,-10.042281842439898,-0.36884028122782725
train:1229,0.32280084043182244,2.921432575056922
train:1230,-5.735359725557558,-13.964646157348819
train:1231,0.16734892520015204,0.08892587407820897
train:1232,4.939881875346621,7.956647005512361
train:1233,-0.2978812576955675,-0.005570363896940253
train:1234,2.5778179061861617,-0.6557848106148652
train:1235,1.1085271268456893,3.319512728654993
train:1236,0.42680626022250856,-0.17235440357114296
train:1237,3.9068918509027246,2.5885272978318055
train:1238,0.18135418548786927,-0.0828017906451387
train:1239,0.2212170543589433,0.029600661558749186
train:1240,12.915296754173765,10.063078375426679
train:1241,0.8410353376655633,-0.22773875387499137
train:1242,-0.0461185228837345,-0.05164680965193391
train:1243,0.3414014514419268,-0.289888579102169
train:1244,0.05445662688469881,0.27968013970167904
train:1245,-4.682431292930917,-0.0975744601820911
train:1246,8.861744820834588,3.492799676031708
train:1247,2.2981757572463954,0.012422659434687192
train:1248,-0.5628366950163229,-0.13522435987244832
train:1249,-1.3073037359099327,-0.17975778630641487
train:1250,0.2640005285605215,-0.9896061129010314
train:1251,-5.814740960187655,-2.009432891241099
train:1252,-3.005074465177013,-0.19732140059992365
train:1253,-3.107303090408346,0.11956107041015615
train:1254,-7.39492605926863,-6.498431036204226
train:1255,0.8639357287455766,1.6033499770260444
train:1256,0.10821631427441333,0.45131286365596757
train:1257,-0.4232320391681128,0.008126072489325342
train:1258,2.297081343851297,0.28230081878149293
train:1259,7.39247624125606,1.0938266225105677
train:1260,-0.5373613640090578,-0.0522172389007437
train:1261,-13.882270671129325,-3.154449095507531
train:1262,-4.299005373132544,-0.05469318858880637
train:1263,-0.02505920106650328,-0.5180706215348165
train:1264,-16.037005135810585,-5.241689733259816
train:1265,-3.643991052586113,-4.705177806707366
train:1266,-2.2660111485362604,-0.2522889673473389
train:1267,-10.135568264085284,-8.233515747029157
train:1268,8.572711823905193,6.211694161137681
train:1269,-0.09521811993115226,-0.7233967616051553
train:1270,-18.100592724489722,-12.284732946899206
train:1271,-1.4723776788511613,0.09308372338583977
train:1272,-14.646509680105659,-9.196863110687769
train:1273,0.6377812910544319,-0.30234764695284577
train:1274,-1.0468858834388621,0.20161136532914914
train:1275,-30.113164256971192,-11.160113814604221
train:1276,-0.14644285021093778,-0.4659794533691514
train:1277,6.761693367673316,1.0402405117168474
train:1278,1.3598219232198985,-0.2660102267145456
train:1279,6.073858733102433,3.2417397614720107
train:1280,13.837004834761542,11.012673237000694
train:1281,6.821332853791921,0.3148756314862845
train:1282,7.58592055012863,1.916818289531056
train:1283,-17.06566446323862,-8.736311788387981
train:1284,-1.6822002979570443,0.13011782768980523
train:1285,-4.047028079364959,-10.313041858819545
train:1286,7.488043543154782,2.8424350074808467
train:1287,-2.3417200078868845,-0.011342705591411262
train:1288,4.756380270326034,0.011441081731439498
train:1289,4.573584408522846,1.4074190499202843
train:1290,-0.36271758023320644,-0.16877803972509742
train:1291,0.10792690376530177,-0.00941136354554728
train:1292,0.3876181013937609,-0.03694596983281964
train:1293,1.6941484784290948,-0.06005459582005451
train:1294,-1.0373158101459992,0.07348412534232748
train:1295,0.3971381961649697,2.308468149778907
train:1296,-8.822496279711068,-17.043746918890793
train:1297,11.889773753323187,15.440538371659962
train:1298,2.7062283030168808,4.256685542858525
train:1299,-8.742958368227043,-17.05445903379254
train:1300,14.408999019384996,6.744371935760404
train:1301,0.6030773679092317,-0.18772482190202133
train:1302,1.592425682328546,2.6675884921291435
train:1303,2.7636585060201466,0.57784843698555
train:1304,-1.223938167041946,-1.5933770475998168
train:1305,-1.677218252952001,-2.2756411012504953
train:1306,-2.8879499159104434,-9.556966956662189
train:1307,2.0054619003117566,0.7947758254559982
train:1308,-4.301098892044237,0.16245354087702635
train:1309,-33.06535787282647,-13.793480576216895
train:1310,-0.408149683624196,-1.1940391963007313
train:1311,1.70584810166089,4.014681165874782
train:1312,1.019588371667703,6.854467847988111
train:1313,9.476648007109358,1.2289901789685154
train:1314,0.3520958090137597,0.013166849550084542
train:1315,-4.794657482158933,-4.917816597237812
train:1316,-0.18823779574585175,-0.050362006397018044
train:1317,18.86012800035602,7.271849438536782
train:1318,-0.09690018775760306,-0.021664785838600126
train:1319,10.877837471698756,14.542002384630408
train:1320,-4.749999929624457,-1.636108382681785
train:1321,9.366329835117314,13.2738196847235
train:1322,5.467132032970228,0.1834089872588376
train:1323,0.8262849324887239,0.19572004451913297
train:1324,4.270763383531247,2.31084716144657
train:1325,31.00048833633378,10.672771873652872
train:1326,2.1943659510648796,0.02919193833808141
train:1327,-2.7427392971403584,-0.0310994445171454
train:1328,-0.4918750978480899,-0.4902450585255366
train:1329,0.0023561101847704435,0.1127923142881968
train:1330,-6.255178193240364,-0.24935265122538625
train:1331,0.8423168799440629,0.8394386452446403
train:1332,10.896696343813778,1.2363914217916372
train:1333,1.5149364253158457,-0.2490552747669283
train:1334,-12.238109344999637,-5.517388025672445
train:1335,1.1842190167447746,-0.28489024363238663
train:1336,2.9457467649400124,5.79247566999937
train:1337,1.2036329991375148,0.7409001845483705
train:1338,-0.28101199565884705,-0.9901482239790551
train:1339,-0.09649873237669088,0.0692120047258817
train:1340,-3.860446867577537,-3.1441312950846423
train:1341,-2.3814103927436925,0.1900201745161451
train:1342,-0.7097444913984753,0.024358304773451217
train:1343,1.2893189661596791,-0.3511235205547768
train:1344,1.7668565343563283,7.155881036725979
train:1345,7.401584420025546,1.1026617491350619
train:1346,0.4840880386393748,-0.10112000929317527
train:1347,-1.164870295736117,0.09297002272026483
train:1348,-1.815535438836585,-1.9323364216191665
train:1349,-4.998972468178567,-0.30491468556809737
train:1350,-5.044452457967048,-0.2048220780076198
train:1351,-5.874734712664401,-0.08113565504507625
train:1352,-1.2181036976699051,-0.4181860847657331
train:1353,7.647267209563633,0.3579270974259066
train:1354,-0.8657128126108616,-3.0534829044769802
train:1355,6.206726284231711,0.28891350397730553
train:1356,0.04424438770314491,-0.027936440368092855
train:1357,-3.6830421772822333,-3.9525381768549557
train:1358,-0.0732636014307173,6.571160598612992
train:1359,6.7459238655712195,10.17439603483128
train:1360,-1.9774556208323388,-0.6442289996827426
train:1361,-5.313778575120988,-1.3375582537399324
train:1362,0.20243756673296642,-0.2372645014807256
train:1363,0.5691479956205454,-0.03325811656375427
train:1364,-9.763927977067599,-19.251933108793377
train:1365,-2.1579817603777225,-2.338478622912308
train:1366,-2.2114522697165655,-7.564568937331748
train:1367,11.605391780864718,10.165956221311314
train:1368,20.789641114722503,5.563405778015649
train:1369,-3.4317018190929347,-1.4426768729673336
train:1370,6.8135617748203545,3.4219511792448074
train:1371,1.0245374076026308,0.19726085259760495
train:1372,3.3851014399678756,0.23083158041704982
train:1373,-31.301156041264516,-12.812928318871535
train:1374,0.6120572297300989,0.07327669652457845
train:1375,2.903803859735179,3.686119339671115
train:1376,-1.4728939686027571,0.2487520607267891
train:1377,-4.853057036024043,-0.00783282168282863
train:1378,-0.32809129814024984,-0.39183249599409703
train:1379,5.739975708215635,0.16347912944016096
train:1380,-2.3226668006830127,0.04151455112398726
train:1381,2.9618449629938226,10.737680259632736
train:1382,-8.885313005057414,-7.056716426223064
train:1383,0.018833331399308845,0.2694285338946332
train:1384,1.6424520903798414,-0.16598374243950592
train:1385,39.113059620822824,13.220659701769268
train:1386,12.21927587021423,14.79155494507158
train:1387,8.310515665896208,0.541217135478637
train:1388,-21.956414748839073,-9.764194907990719
train:1389,-0.5119715776342045,0.27515465348666224
train:1390,1.3329957773785392,-0.13803563379443057
train:1391,-3.028261709725495,-0.14366531467889537
train:1392,-3.874930875611049,-8.604692925076257
train:1393,5.670753363600954,0.3731413021698282
train:1394,-2.118958995586913,0.037227023140060815
train:1395,4.187808800832023,1.6404610468370082
train:1396,-1.6748327664905527,-0.1493273795672316
train:1397,-10.274015742813528,-5.703730434416068
train:1398,-0.9269874099913863,0.16674706061497307
train:1399,5.9092736498404514,1.4749137337247493
train:1400,21.03667169713756,13.860747941532143
train:1401,-1.1735949184091896,-0.9328107045254117
train:1402,10.0370192797203,1.326882172204242
train:1403,3.06794169334292,0.2560188457364801
train:1404,8.386414211170875,7.895115686226965
train:1405,-0.05620012053426776,0.01871057729652062
train:1406,-2.2793170582081848,-8.566901505862374
train:1407,-0.4851068437249636,-0.09300902894027258
train:1408,-12.655519729689637,-12.516054597108065
train:1409,0.2529510910267063,-0.08237894400428031
train:1410,2.5245366178548823,0.3527731190124075
train:1411,-2.9435102248291365,0.10875073354072107
train:1412,0.18195125447795205,-0.25656165860702473
train:1413,-12.145729510491226,-3.4554297366694593
train:1414,-0.5690096235861684,-0.20019822716410374
train:1415,-2.752854949923088,-7.710047013013954
train:1416,-0.5955005646450869,-0.01702509964517336
train:1417,1.0857694651251897,0.11179511522625345
train:1418,4.343501426571472,1.585610818605823
train:1419,4.28095574753326,10.735431925267036
train:1420,1.9638146819885218,8.17644451548892
train:1421,-4.45558691918271,-0.41330480249056084
train:1422,25.66212204230521,7.605686005529619
train:1423,-0.7054842292294089,0.20797703333243597
train:1424,3.3844591578500642,0.015004178122154446
train:1425,2.1238706651265886,0.005068566009272385
train:1426,3.2384293562413373,-0.011356401029171861
train:1427,1.9341190716295134,4.663753612808607
train:1428,2.030723602196232,-0.246771275198729
train:1429,0.13155465667905802,-0.038374432523411744
train:1430,-2.884417945408081,-4.07014061558357
train:1431,1.728259865519897,0.1849843905837361
train:1432,7.459443740940313,3.695922419891501
train:1433,5.276466064985128,0.2342490201207484
train:1434,-1.9487419140801472,-0.009770012821902874
train:1435,4.154621667704456,5.3748743818032905
train:1436,27.23674952977828,7.787293787310756
train:1437,-0.6383667939801942,-2.312605943731203
train:1438,-0.9764556858078409,-6.738291791856817
train:1439,-0.8480262274014213,-0.16978351311402112
train:1440,-3.7453177398452753,-1.7697276358714156
train:1441,1.4613854854258759,0.34696803666204007
train:1442,-2.857635036799408,0.5511580260414894
train:1443,-0.14598583731060577,-0.7717924441484199
train:1444,8.387828487104558,6.995291757404676
train:1445,-9.297626975288166,-4.949807998560083
train:1446,-3.571559854423018,-4.598553117308729
train:1447,-10.99078491946484,-0.44093506285094225
train:1448,12.550564196223355,19.288535247676176
train:1449,4.972083385535527,1.194535738761487
train:1450,0.3528046904174028,0.1938648833458123
train:1451,0.237620237623962,-0.06340320168292515
train:1452,-7.820311156348654,-5.560981174707661
train:1453,1.4515601729852183,0.27563813097177325
train:1454,1.0929610257038118,0.4506620450407193
train:1455,-5.963247836804489,-0.21713834238748037
train:1456,-5.774614948588618,-0.7624649950685942
train:1457,-9.153802272546454,-0.3216716243114261
train:1458,-0.7529605703851592,0.09032138212168965
train:1459,0.603625736897982,4.033121502176184
train:1460,26.470715943187216,10.480828030865165
train:1461,2.961787778266721,0.7801588701931677
train:1462,34.36467420021531,10.716451189817333
train:1463,25.92864378324877,8.951595450517067
train:1464,1.194231690527074,-0.12883986064224068
train:1465,3.4513773763873847,-0.0878494154247782
train:1466,-2.9292331046294464,-0.25934211779404565
train:1467,-5.599644560985215,-0.464937458812866
train:1468,0.18267908122817558,0.13851997875593058
train:1469,12.953453379561402,1.5817790919098664
train:1470,-0.4875258041730077,0.05883999319519067
train:1471,6.408973321746078,13.879217380638787
train:1472,-0.018048492998795962,-2.227894668053569
train:1473,0.48923047983019086,-0.08850201730015159
train:1474,-11.73839107643479,-6.881266455645034
train:1475,2.99505999111022,-0.09676999587446611
train:1476,-1.0032427786648381,0.05060019013085235
train:1477,7.4472345692458894,0.21678719431517907
train:1478,-0.003577967543217847,-1.0095388239359082
train:1479,2.3653375920194977,3.673379158694321
train:1480,7.118409370750456,5.21021984004005
train:1481,-1.6079480219398286,-0.016935722647704474
train:1482,1.6880441250401232,1.1486875503025034
train:1483,0.9144533210585208,-0.1760396176152232
train:1484,-2.5862539888016554,0.1439129140261901
train:1485,0.3598364359558528,-0.021295223010279057
train:1486,8.147479684347253,4.347011520035574
train:1487,10.457949082167689,2.425982994770177
train:1488,5.3120140440006764,11.09006501449934
train:1489,1.0182112890524606,1.0938534427428488
train:1490,2.175739072273627,0.29637523498387
train:1491,-1.4626383759593966,-0.19594636438267887
train:1492,0.30933093147140156,-0.24982849635716192
train:1493,-0.014282785735862003,0.11275557912962021
train:1494,8.438152906619854,2.375727015264432
train:1495,-4.182082132702031,-2.482892734273488
train:1496,0.9298938947506632,-2.876590347788168
train:1497,-0.8229551412739512,0.2364588360677445
train:1498,-5.984237421149645,-4.456383345810567
train:1499,-2.858419815818493,-2.058962441902293
train:1500,0.08075869562341408,0.12818976684257138
train:1501,6.341455360948912,8.41814673687707
train:1502,-2.0507673708095018,0.26918351395344753
train:1503,0.21582193106097525,0.2684324047887649
train:1504,-22.263053203052063,-4.9203057430508
train:1505,0.38000672123324697,2.2858044828580812
train:1506,-7.047333112288352,-1.176506325411779
train:1507,-2.024995190629437,-3.2612329943701344
train:1508,2.5714406468231363,0.1916091306179942
train:1509,20.188619404722516,6.420398937171396
train:1510,-9.798032390411194,-7.064660921410689
train:1511,-2.8012462467124633,0.06801593649478968
train:1512,-6.111790976906802,-1.0622013486456483
train:1513,-0.3190070625695103,-0.036823495527429306
train:1514,14.020534334770959,3.8073011381227846
train:1515,13.649516106004182,4.739959593654481
train:1516,-5.776405806871506,-0.06080506301109215
train:1517,-22.126023719589345,-13.079274909866637
train:1518,-0.888047632792346,-6.597512963256214
train:1519,0.4789546633199285,-0.7196854406328439
train:1520,0.1512633961204353,0.05603799222585882
train:1521,-6.1031602673627905,-0.2653208183501906
train:1522,-1.6346054030987665,-3.037240685936154
train:1523,-2.7488961860916263,-0.3179886928403059
train:1524,3.6691191503638727,-0.1451074728072481
train:1525,0.7499658702574432,0.0829289842687882
train:1526,-0.2064228876515088,0.033245359932787676
train:1527,-0.7824060556776585,0.015058603221171807
train:1528,-11.049659153056542,-7.919316725855294
train:1529,-14.689488419229049,-6.064174383761542
train:1530,11.12100924732566,3.3489151215972712
train:1531,0.04405900225654534,-0.038234767590415664
train:1532,-2.371782902265488,-0.1976727028445639
train:1533,-4.30955479299158,-1.6120967137672109
train:1534,-1.8403563998975456,0.0006492194369002169
train:1535,2.4367334211805183,0.24973599233340188
train:1536,-2.4803185844712914,-1.522416419416251
train:1537,-1.5782937891475846,-0.35459888054733796
train:1538,8.805952983508606,0.684115333072691
train:1539,1.4206492709461815,0.07553480315576165
train:1540,-6.888286114142091,-0.22797264627299652
train:1541,18.87730201514571,4.423464874725998
train:1542,1.7845745014282022,0.6428407788521013
train:1543,-1.6800900420520524,0.03227897560580565
train:1544,-0.6808338925167918,0.06560332820636977
train:1545,14.748507998602332,10.373404440930495
train:1546,25.689890573852544,10.593681861871913
train:1547,-3.9805347944908163,-0.33996159611908144
train:1548,3.3723480835330264,3.168086267838768
train:1549,7.08445326576414,0.17318006452058282
train:1550,-0.24759100954158797,0.21487710873000604
train:1551,11.857951150065889,4.908477390152689
train:1552,-0.20875479248857914,-0.015737015191627346
train:1553,-2.4675863817363046,0.14623914119415127
train:1554,1.2494593517039685,-0.017169686376114657
train:1555,-13.273513680726772,-3.071328915843896
train:1556,5.879546890077249,0.09235943445343828
train:1557,-9.441557678987433,-17.11249459258954
train:1558,1.249245025206458,-0.06096441513586909
train:1559,7.781849837589477,7.383826761526851
train:1560,9.782457980154094,2.415381014013756
train:1561,3.487800793135716,0.00039728044642925453
train:1562,-1.9863183237001198,-0.49293400080293853
train:1563,-1.9535524049038857,-0.016833506177335034
train:1564,-4.233403798068,-2.505202031742258
train:1565,18.77535512930156,8.36875414059348
train:1566,14.561358658875738,9.381425623346878
train:1567,13.43648951497293,2.905240287799598
train:1568,9.350906695793192,3.3342216288098725
train:1569,5.620395005182582,2.757729295574803
train:1570,5.458981582150573,2.9978288654233443
train:1571,-1.46029124510759,0.005783296667403473
train:1572,-0.0828420432202289,0.6827463599398715
train:1573,0.3203166754473882,-0.08213114217729953
train:1574,0.18835420047652507,-0.016289611839186383
train:1575,8.106443366279395,9.267374582822558
train:1576,2.1442916566160926,0.4478452073471468
train:1577,0.0811339994522981,-0.10362869963713436
train:1578,4.085913055800728,0.16548593905451822
train:1579,-2.2916680294291614,-0.2677282908494503
train:1580,9.431838426885758,1.7737748632324155
train:1581,-1.9420196866885906,-3.083649103396032
train:1582,3.6295291874668525,4.738673934434705
train:1583,-2.316090557066333,-0.326222504150624
train:1584,1.789411027574849,-0.16107635323610253
train:1585,-0.021866852053146563,-0.022638374536487454
train:1586,0.0007221612140514422,-0.03970866774899476
train:1587,-1.6504220942236336,0.2206783392385033
train:1588,1.209469560633718,-0.1542299183030948
train:1589,3.7379672372117505,0.147290551363897
train:1590,-1.6238414242839783,0.3714772351515109
train:1591,-4.281586347357631,-8.196395404265543
train:1592,-2.0504586662664495,1.1284722282030042
train:1593,-9.742597608942235,-0.0989447172622007
train:1594,-1.3112943465203086,-0.027622729246889202
train:1595,4.601478467519915,1.9022550460631926
train:1596,-0.5115638458808056,-0.053304956246636004
train:1597,-2.2844311394936905,-0.021761081885354305
train:1598,-16.75583110297163,-7.721421644717369
train:1599,7.120620048615236,1.2490909444375793
train:1600,-1.5925330186541138,-0.13028102014492335
train:1601,0.06750892461651015,-0.07890572392386927
train:1602,-8.688840230230863,-11.58757695927441
train:1603,-2.1871566642785707,0.7217215785551865
train:1604,0.4077609565988055,-0.03885698271325774
train:1605,-3.664333008273932,-0.13307417614403483
train:1606,-22.50946823604694,-6.012174518514281
train:1607,-0.9132363427893827,-7.090484810594772
train:1608,-7.089173735867475,-2.196481756315873
train:1609,0.3737397633052203,-0.0002350635939232376
train:1610,23.143122725652923,8.221043137913059
train:1611,0.5928725673913658,-0.24155545332409217
train:1612,4.133868260931394,-0.20175180338507132
train:1613,-0.7456683553885088,-1.4355215773806624
train:1614,-1.557080812433548,-0.03004453915755452
train:1615,-1.857841443812689,-1.2079393523236859
train:1616,0.6448956754972909,-0.19057532754675527
train:1617,8.518173401410639,10.48551757701169
train:1618,-10.019342863292003,-0.729896530769848
train:1619,-0.3623637787915456,-0.8330779588581749
train:1620,3.926098945461642,6.045721433489983
train:1621,3.8814846301598527,0.25257736768629546
train:1622,-1.4590666550979514,-0.11839979990517668
train:1623,-0.8071238052799482,0.11908137343651029
train:1624,0.3960673772812569,-0.06362503924248478
train:1625,3.0223282725245353,0.02030730841251506
train:1626,-5.013327229430501,-3.538556478730354
train:1627,0.7354211906232253,-0.18574426187670523
train:1628,1.4931887946492335,-0.05372352306319422
train:1629,2.939280241612731,-0.3086559653105101
train:1630,-4.002953532097031,-0.14850208678134572
train:1631,-4.113850060190816,-1.2149481352584806
train:1632,0.9053709451537033,1.9555345787762095
train:1633,1.822265280502378,0.17064426862272253
train:1634,-0.3132681335342121,0.11002298264435639
train:1635,-0.9466050258025854,-0.11990415814669211
train:1636,0.1543753145826654,-0.11167505464310426
train:1637,-12.645374322252154,-3.918165481292061
train:1638,10.589923993654406,15.091575193660546
train:1639,0.42955914693267216,1.6768857754910322
train:1640,-0.9714350527349159,0.33163428215933327
train:1641,-3.9338134776993985,-0.003295637281391331
train:1642,1.1216928641987427,-0.30320033061425283
train:1643,0.8661333889489023,-0.062102420417288584
train:1644,-0.04098142823244422,-6.6958028374910485
train:1645,21.379579215827356,12.594381028414995
train:1646,-1.8206681167813104,-0.34222847639007997
train:1647,-1.0342631685350332,-0.23167319635415246
train:1648,1.6877007842192735,5.955304153394531
train:1649,-1.8379978785919668,-4.387551787555533
train:1650,-0.8365890495228687,0.285452552726555
train:1651,-2.333063263019965,0.44263024143737
train:1652,-0.6523754249123951,0.2532624248959452
train:1653,-1.3231890022156736,-0.277862415479456
train:1654,5.05454469184894,5.7064181042577085
train:1655,-0.6572375214654693,0.030642727445439492
train:1656,9.863915066869627,6.5576112455218425
train:1657,-1.7525268192129135,0.125720522212579
train:1658,-5.587055087609742,-7.324894211375405
train:1659,-6.808824448960867,-4.007886576634683
train:1660,-0.008242590821199491,0.29141827114898944
train:1661,-3.5908771341878136,-5.366706254284452
train:1662,-7.593843364949652,-0.9458247942574176
train:1663,-2.097578881398136,-3.4294500618808494
train:1664,0.4954531544634498,1.054765807409249
train:1665,-2.0353823546367793,0.04094319457991242
train:1666,0.21984020420194106,0.13903712419220307
train:1667,-0.6941246924030999,0.042629730675805756
train:1668,13.705011326615605,6.653222520388001
train:1669,-0.07333240906983138,-0.019022279654855215
train:1670,0.18138405637174143,-0.019963983661706167
train:1671,-4.803694528706902,-3.6847139051898097
train:1672,-2.462223570133731,-0.24481396888544388
train:1673,2.5060752493306877,-0.2517424337842052
train:1674,1.9166096195991433,5.103251623410919
train:1675,-0.4976256497954006,0.22951795967851268
train:1676,-1.6496947323898907,-0.469122556335208
train:1677,0.4705831447137962,-0.08341080964305517
train:1678,-3.8694829842925444,-0.641546762463411
train:1679,0.18970908332982367,-0.1814135789977519
train:1680,-1.5420572688244145,-3.321499482914015
train:1681,29.733062781848066,10.763545235130099
train:1682,3.237393522322782,-0.011491215494627727
train:1683,11.65161656685496,4.204141569281901
train:1684,-0.38710151980249674,0.18051910723054193
train:1685,-15.33587481973035,-4.4843702581959635
train:1686,-4.62518519685393,-5.491390660943394
train:1687,-17.798813577330925,-3.2472074394951846
train:1688,5.825730017960433,9.327964340761913
train:1689,2.7745505693253127,-0.06254010378238761
train:1690,-0.1272415671080268,0.01120141157062908
train:1691,3.633199703080404,0.04871250229285027
train:1692,0.6588343364991764,-0.06492496454326133
train:1693,5.973679459717147,0.32396983014174996
train:1694,8.748665044948373,7.203815068888063
train:1695,1.4000469620292826,0.4202916985025486
train:1696,0.8684854014237544,-5.832122880848691
train:1697,-3.899404079144596,-1.3931022414901777
train:1698,3.7086031123033387,-0.07343040203583118
train:1699,-14.36103050475321,-2.7833326909654925
train:1700,0.20725421770007174,0.1334150043306686
train:1701,-0.885219080924981,0.28176933593381487
train:1702,12.704210724532121,5.552641163935821
train:1703,-0.4209492992488554,-0.0008916599719767937
train:1704,-8.000771277753808,-0.8590216831226629
train:1705,0.4424601143500806,-0.04857403846521027
train:1706,1.0875103448864238,2.96760931136135
train:1707,0.1130225046207074,-0.014908369876706323
train:1708,1.0053619273643877,-0.20544158257507172
train:1709,-4.5623968314128955,-0.4801791970931189
train:1710,28.8121841122615,12.122301571380227
train:1711,0.3694592772692522,0.5088361988146439
train:1712,0.3653696394485295,0.03709534721242509
train:1713,-3.913846709611344,-0.44111395950669013
train:1714,0.9033857517819661,1.496977797261119
train:1715,2.095228555512394,-0.2907697235951723
train:1716,-13.459967505398538,-8.929055102354964
train:1717,0.0548136827417232,-0.14033703798145064
train:1718,-1.8711608360625478,-4.994525314778148
train:1719,14.850856572285634,8.551418183011904
train:1720,2.729863727052565,9.73398499504493
train:1721,-1.5698957703020637,-0.5619147109348333
train:1722,3.901343537624432,3.61195654694615
train:1723,2.2400584076849497,0.09691002897101617
train:1724,0.6756608262196908,0.14715117175252093
train:1725,-1.9797225535912593,0.00429213455081362
train:1726,-1.2881845105658298,-2.5808464996399474
train:1727,0.596470439804839,0.05497310060956751
train:1728,-0.4003488499978781,-0.046021551252579285
train:1729,-6.963164632658541,-0.285865472929589
train:1730,7.9863414918717,9.280015471875588
train:1731,-1.0024015122933725,-4.12141376666466
train:1732,-0.8696608833632719,-0.4281258340421053
train:1733,0.1436518997308012,-0.1955243023762755
train:1734,0.28257998587076305,-0.08768877935271122
train:1735,2.707661640526264,0.7721396207410989
train:1736,-12.206600095450195,-9.883527822344709
train:1737,27.15715954764844,7.489868824177423
train:1738,-1.4987468117921887,-0.03893294959458604
train:1739,0.0495845346272938,2.515479827319469
train:1740,-4.946974349333469,-0.4245671601365006
train:1741,-0.7588382769898868,0.17233337261319598
train:1742,33.999298197855886,16.455766336128672
train:1743,-0.6051582746945239,0.2111033736533169
train:1744,0.10688421232865927,-0.15364814751988948
train:1745,-11.222292870428948,-4.00526903609269
train:1746,-0.1307905070619274,0.13860136674803913
train:1747,-3.775154684814356,-2.947840292094426
train:1748,0.05536786318647979,-0.049209378382572916
train:1749,-0.2743629926129691,0.05082787678362226
train:1750,-2.2280279369958502,0.021649033330623402
train:1751,8.891040138103886,5.81292923565158
train:1752,-4.584800226775253,-5.564438702098971
train:1753,7.66465322626843,1.320025465692914
train:1754,0.9875336588575148,0.27528668606632295
train:1755,-8.549699096113711,-3.1977663385361943
train:1756,41.667731049190955,17.31855380674363
train:1757,-3.7930483903158594,-1.3379350209391587
train:1758,-0.33845963303013177,-0.6059796392687393
train:1759,-1.240459671551252,-0.10830982879586792
train:1760,-4.543504950227757,-8.806482075684112
train:1761,0.8516679775746098,-0.09603457939888413
train:1762,4.981800604894468,7.0560441486674375
train:1763,10.538748776979793,3.981898853021837
train:1764,1.3769731571020425,0.02387311535862012
train:1765,8.10988560790102,11.47227044380316
train:1766,0.569383708276159,-0.32054845575424723
train:1767,-1.9049026145513523,-1.9017456641295363
train:1768,0.5517389655499638,0.021458367158050107
train:1769,0.8473516929696431,-0.08333584138739691
train:1770,0.1919412635818267,0.25366793824838785
train:1771,1.0519960723157111,1.6690760947688628
train:1772,0.8786621907236701,-0.1636381134013839
train:1773,0.12834161888231904,-0.23532659703760134
train:1774,-11.96340786349815,-5.524357291562868
train:1775,-1.435825712695972,0.16094333354230067
train:1776,-5.338531658375796,-0.39329048947236045
train:1777,-0.10292085618008456,-0.09057937268505692
train:1778,-11.811872985843817,-0.4258783556412676
train:1779,-1.776922846610697,0.12060541886980657
train:1780,0.5407239318357057,-0.14909398648206146
train:1781,-0.1404100939599633,-0.3998581651826161
train:1782,-3.161124611689967,0.23716029927054502
train:1783,-5.405253682158345,-1.185314203821562
train:1784,2.1177230745049305,-0.03320476142081194
train:1785,-0.39642472244421356,0.00805730997890236
train:1786,-1.1497623697857726,-0.6173381503006232
train:1787,0.11454371134490504,0.06747468138162616
train:1788,0.6729438543076459,-0.5122118273894818
train:1789,0.3103022582282872,-0.083728871918964
train:1790,-0.20539472485488192,0.04388657241196041
train:1791,-0.8673332790036462,0.07876778243212224
train:1792,-5.004145128940616,-0.048561840965954756
train:1793,0.5904314071813779,0.1089725711002807
train:1794,3.544426690627716,6.684686076713248
train:1795,-2.1103980235149766,-10.635415344406765
train:1796,-3.177083799716108,-1.1331203198726922
train:1797,2.9516586429060565,0.13221044778138122
train:1798,-6.152473028616518,-2.5980046005810133
train:1799,-6.76278098039802,-14.356630129213704
train:1800,-2.370609453068705,0.6341859041610498
train:1801,-1.1796144245404698,-6.871878233060145
train:1802,-0.0551950873325458,0.14394629665573155
train:1803,-10.98068693350837,-1.620521547902127
train:1804,-14.214964904575483,-3.5289057602550544
train:1805,1.833573908974072,-0.09638345640975429
train:1806,-8.233830190096866,-6.978832183608277
train:1807,2.354737031347606,0.016352608098333082
train:1808,2.519744258773883,-0.11267353765233767
train:1809,1.3553928963684103,5.672794092625726
train:1810,-0.34319457492578914,-0.7145312482281299
train:1811,0.0630234104126413,0.09641028815356444
train:1812,10.934297858923697,7.490899405868907
train:1813,-0.8145738594217284,-0.16161917761817612
train:1814,1.0081704878230913,-0.3332157370571281
train:1815,-1.2615503752309172,2.2030372460384022
train:1816,-0.29955007540232403,-9.019154136194474e-05
train:1817,1.9479084944411582,-0.09377597345486591
train:1818,8.053194622101751,1.1270363471502918
train:1819,0.187584066326576,0.014911020613220388
train:1820,-0.5225793445115443,0.3113581152243665
train:1821,-7.413659403933917,-4.458461057847497
train:1822,8.002704692319396,7.893657692748701
train:1823,5.556283022521562,8.932247220820784
train:1824,0.23221372387222167,-1.6504756101966997
train:1825,-11.761989307152033,-4.582455556829249
train:1826,-2.6715977772941715,0.07953879277980076
train:1827,11.512476362570771,12.15873485968285
train:1828,-8.600991471741409,-8.723490576071104
train:1829,-3.7488924826638437,-0.07906008292029598
train:1830,-0.5966723866341885,-2.102845477703441
train:1831,-1.8906120117737277,-0.03648068160098439
train:1832,1.9423525100409367,3.908976353379066
train:1833,20.120109312155964,10.775795804206952
train:1834,-0.6817237426604698,-2.479402109574256
train:1835,0.7289626871052325,0.01033574577551144
train:1836,0.005488136284782202,-0.3522522528835459
train:1837,-2.5499342484284755,-0.17497622393743695
train:1838,21.38467470045364,8.134781852534706
train:1839,-1.433101534578479,-1.0070140129204186
train:1840,-0.8597832678185583,0.2515232469611596
train:1841,-14.804638933119412,-4.438895983720006
train:1842,-14.241176895746102,-4.423298306718788
train:1843,3.4371913798178726,0.15532399556656132
train:1844,-0.010688632654232755,-0.07650517047389488
train:1845,-0.47353367777586464,0.006497385351889526
train:1846,-16.594090378737352,-9.199967409913503
train:1847,7.672038889477661,0.1980362854303937
train:1848,-0.16294296856214086,-0.6988553931030281
train:1849,0.8150272123716444,-0.2692937079176484
train:1850,0.32543308131529614,-0.0318927812815899
train:1851,0.9692792943962633,-0.26122110332263737
train:1852,1.2944195648672503,-0.12022657157730612
train:1853,-2.8549878023594384,-2.8084378549887643
train:1854,1.506814334401502,3.350979423518061
train:1855,6.615082885380444,4.071141749329318
train:1856,38.583330063608706,16.23408056767087
train:1857,0.3564854341935253,-0.2821899598205892
train:1858,-0.7274273572760717,0.019379442504234706
train:1859,-0.8925587174026425,0.2707733260201567
train:1860,-1.0126103808304427,-0.17216566331950472
train:1861,-8.17230407290039,-1.8103179175168105
train:1862,39.99874039350365,17.26430617777391
train:1863,-1.6289259833729721,-0.039745188916356367
train:1864,-1.020229432112885,0.07182925994625551
train:1865,-0.9212826523174048,0.04367657569963128
train:1866,4.9086985322500105,4.720233027490063
train:1867,3.932027095504504,0.5082256818782225
train:1868,-30.238624758733135,-9.248576513028537
train:1869,-4.212612733060018,0.09704084893379185
train:1870,0.6347630532630226,-0.24155531066328217
train:1871,0.9121419887757126,1.4410927075141486
train:1872,2.2571027107765786,0.7238179791582275
train:1873,-7.066876341462671,-3.447517197503275
train:1874,-4.991826701873274,-5.207182365892275
train:1875,0.43964504506065005,-0.1933211201569447
train:1876,8.331010114189631,5.0824259983662134
train:1877,-28.88758862439421,-14.857711958279493
train:1878,-0.23123338809165833,-0.3936408644217357
train:1879,0.2988436941916316,0.1752008548943207
train:1880,-1.91065967532939,0.1014735342918996
train:1881,0.9192984481600568,-0.25804547369189923
train:1882,-2.650239514179978,0.035414802870552015
train:1883,-0.02051417755313037,0.07727505104662233
train:1884,-0.37361301418285586,0.10556754288705264
train:1885,-0.5861262211905152,0.059039932320414365
train:1886,5.057996696716656,11.809763692678075
train:1887,16.925448734058218,6.319058974818629
train:1888,-6.606847992838151,-11.868474952890145
train:1889,6.115222352372563,0.2863170772351926
train:1890,2.0147704580843375,-3.553602343718468
train:1891,-0.2067473993548981,0.10546340049574811
train:1892,-0.4595611941000226,0.0884872634178449
train:1893,6.326078713272839,1.5983645523595678
train:1894,-0.026159542146727832,-0.08933151857993266
train:1895,3.1321420101352344,2.1963943880812735
train:1896,-12.02400042840178,-10.818055419809108
train:1897,0.5224481812163511,0.010119471987542025
train:1898,-0.9956325607955255,1.1198756304528403
train:1899,0.37422385759054144,-0.08760660672614765
train:1900,11.951591838069417,6.085819963323287
train:1901,-13.257819030178037,-15.392893144796206
train:1902,-18.40313991367431,-7.82932914011958
train:1903,-0.11731002125157508,-0.09389209935421097
train:1904,0.6499700064237136,3.0448261867069277
train:1905,-2.786224795227492,0.05311672681936179
train:1906,7.599615129978254,2.922728791176638
train:1907,-2.707623690451675,-0.16749837225934178
train:1908,-2.5634749409230526,0.0563663974104931
train:1909,9.054624721099831,2.417838774448543
train:1910,2.229481557753563,1.480813186200936
train:1911,-0.528620701717408,0.12653968058363463
train:1912,-0.771833854911077,0.0890163210317529
train:1913,0.5485524279926134,-0.11769049035782586
train:1914,-0.7005203159671051,0.0676964476107808
train:1915,0.8830131116064341,0.3242801174035135
train:1916,-6.946964152979021,-11.300180480441272
train:1917,-10.307464623919618,-7.379182356015166
train:1918,0.13134509557547241,0.1420220876503679
train:1919,-2.961689389049667,-0.16544405659525246
train:1920,0.9022727417276479,5.669323440439895
train:1921,4.510189791991239,4.7315688554531565
train:1922,-2.1170295921928357,-0.5159943361059862
train:1923,-21.494304504214874,-10.505794873721609
train:1924,0.4041196144944055,-0.052419888581357516
train:1925,1.3242030444410733,-0.1676895377447501
train:1926,10.778046868491167,1.0256139268493414
train:1927,-0.2972636161512226,-1.8184072134265923
train:1928,-33.8751456792304,-12.321671825112492
train:1929,4.032086885354302,0.346115353000633
train:1930,-2.555498833783586,0.8784791311805331
train:1931,1.0302665733918386,-0.5703767795411612
train:1932,-10.540489132443119,-12.14313239203297
train:1933,2.4271342906076243,-0.034070427215929594
train:1934,-8.13166479350688,-3.2280369651681706
train:1935,6.31748752162967,5.53329407552602
train:1936,-1.4943366140581613,1.0362233259678826
train:1937,-0.9205624966891096,0.28743297009106117
train:1938,-0.7683639507588615,0.22789861682413226
train:1939,-7.397024692261609,-4.93087519714254
train:1940,-0.6379214039918748,-0.16589072759138185
train:1941,7.127801148573046,13.926473488631721
train:1942,-3.4974981941628074,-2.735794685211985
train:1943,-1.92270752100508,0.27168278868394624
train:1944,12.945312691987837,5.295720457979448
train:1945,-4.886573330019805,-0.12925072377505856
train:1946,-6.812218339268521,-0.37712880295878265
train:1947,0.5828113098368545,-0.15844411863067803
train:1948,3.1689475882305373,-0.037636947466084675
train:1949,-0.30041749332581785,-0.021854524715908374
train:1950,0.12783276779441127,0.5619692902061895
train:1951,1.115575493148317,-0.1983891454324151
train:1952,1.7141203605984354,0.28326798774293005
train:1953,-2.1961439647631256,-0.08047813137175766
train:1954,0.7161020511925075,-0.2798306353447066
train:1955,-3.1498545712861548,0.05318534666897477
train:1956,-4.38496285137932,-5.474463670514538
train:1957,-1.1544029336358883,-1.4399650336299257
train:1958,11.268894530608065,0.9190180549343259
train:1959,0.8707765098396609,2.035671863563424
train:1960,-4.0387976629106594,-0.17026014288025187
train:1961,13.647137593289942,16.16121170849266
train:1962,-0.05801434087030083,-0.04910316740952331
train:1963,-0.918229545789958,2.6752884666884182
train:1964,0.4052216990114319,5.283230789385025
train:1965,0.6070163727902722,2.4066507430846165
train:1966,-15.9200526056418,-5.9775832665904565
train:1967,-0.013758011258497072,0.15642669229750428
train:1968,-15.387802271270411,-4.320145696114082
train:1969,0.10583849893489353,-0.023978530185685742
train:1970,1.009011056819836,-0.029448787614968608
train:1971,1.3434312926998535,-0.04563422715341245
train:1972,-2.7565668431034043,-0.12043877953219037
train:1973,-0.4439792857978081,0.09013613705989659
train:1974,0.3456213821063097,0.02458485013974107
train:1975,-8.395550458006003,-1.840799824808406
train:1976,0.554341916695166,0.6778998155719358
train:1977,0.21021201634901593,0.15535217107653754
train:1978,1.5626633564545855,0.027108234547130794
train:1979,-0.8104674846077078,0.19984094467697217
train:1980,0.262500824223547,0.08080505012941583
train:1981,0.519693899756746,-0.21111377638091838
train:1982,-17.33040092489706,-6.416997963279725
train:1983,5.746026596209349,0.08021942750434036
train:1984,0.895393372565682,-0.15047009265538128
train:1985,1.4419587178299222,0.047822869481651584
train:1986,-0.15177555847139867,0.07426783250209655
train:1987,0.28713012346542144,1.393933751532828
train:1988,-8.238153913365519,-4.680109734494695
train:1989,1.1257206681275589,0.11861373130130996
train:1990,-1.9257020480559839,-2.7471787325288606
train:1991,0.18152469360709284,-0.01987467799464228
train:1992,-7.25181918757281,-1.4110267163025971
train:1993,-0.9350102412371432,-0.27024746676294487
train:1994,7.176387245367751,1.047340026926806
train:1995,0.7213672303341756,-0.12264574226298633
train:1996,9.944630146882279,18.35131079025942
train:1997,14.472521487948741,16.927325366528535
train:1998,0.903186767528312,-0.21912617811410684
train:1999,2.156863463165307,0.6327494524650974
train:2000,-4.144668443850233,-8.221289144968384
train:2001,-4.369706152155215,-2.7619623869481833
train:2002,-0.10389067195840862,-0.20594118073171347
train:2003,-24.616302355742235,-11.73589512636222
train:2004,2.190687066954679,7.817402636584185
train:2005,0.32688652646246086,-5.032797215600132
train:2006,13.272420489004302,16.374474782727695
train:2007,-0.31218394830168494,0.08104300836050618
train:2008,16.932381568615444,4.3236180004107565
train:2009,0.7710233324087525,-0.04912570781750428
train:2010,16.288498278445157,6.153071410446691
train:2011,-6.551083120668038,-4.316078436420805
train:2012,14.542285925179685,2.7771228914086667
train:2013,-1.4488689445564131,-4.9951484571962546
train:2014,-0.3027672974473875,-0.7478168684187771
train:2015,0.456493385855748,-0.1444963852275865
train:2016,1.6251725395490793,2.874563363180724
train:2017,-3.0840409943065037,0.048732617467061146
train:2018,5.60123021802339,4.677939803755624
train:2019,-3.8701547886068677,-2.050950753473155
train:2020,-0.17065267855828065,-0.21689139652535966
train:2021,-3.0859536607072826,-0.21822013930975742
train:2022,0.9277406340712252,-0.14948530508390848
train:2023,2.7869866202622204,-0.45973932687867
train:2024,0.03463316930175804,0.23599939692911953
train:2025,-3.243082413454998,-4.563240001686273
train:2026,-1.0428910885801614,-0.10622605367451232
train:2027,0.06233300943909806,0.7654091690466263
train:2028,7.457706812969163,0.3287543883877381
train:2029,-3.3742358175206704,-0.5127770495187265
train:2030,0.001691860763255365,-0.12830545324795745
train:2031,-1.1188061383898873,0.09162330467380626
train:2032,-31.264304901354123,-13.739687179266236
train:2033,3.7415006024635544,-0.08748020924848213
train:2034,0.602655921119658,0.14325667430016156
train:2035,0.7353440144874622,1.64510223096894
train:2036,-0.10716786822945662,0.19640032259164755
train:2037,-3.805267790172854,-0.29273794346042287
train:2038,-0.8182906342250897,0.27479850077448176
train:2039,0.20941840391680155,0.019385434258254966
train:2040,-2.779033932023591,0.11503779543769446
train:2041,3.5143754191611247,0.25833829651596596
train:2042,-1.5348512958348968,-0.24927625636162792
train:2043,5.512572504857866,0.24505472051385832
train:2044,1.7229229730111117,0.5841766565262102
train:2045,-0.20717663349552023,-0.3750919632439191
train:2046,-3.0660347790167193,-0.12956785875570234
train:2047,-10.779981559043343,-12.380886332843387
train:2048,-2.1270411036839336,0.12246821239646258
train:2049,0.5920209566282091,4.36165194300165
train:2050,-3.6225481746724686,-2.73704582051574
train:2051,15.533127086417887,8.840234992869464
train:2052,-2.1573750443706694,-8.830753815255328
train:2053,1.993660460370732,0.10017724684177824
train:2054,-0.5813303752359122,-0.06837564421569137
train:2055,0.30006363503646494,-0.08817168619458221
train:2056,-1.7910288775455627,-0.1695083204115192
train:2057,-3.326792950351516,-0.27031915381997296
train:2058,-18.90992305307684,-7.336891985496927
train:2059,3.6105085244166157,-0.060519884051889766
train:2060,-0.6759039181575646,0.09320220318854992
train:2061,-0.44105902915466433,0.13420427526202794
train:2062,27.48501864969739,12.6524679451036
train:2063,6.331198838472591,0.4251705555439507
train:2064,2.7350229052366792,7.983654408776255
train:2065,-1.1212353270005022,0.24240379734232304
train:2066,4.805500556156834,6.891394172050117
train:2067,6.669246585191713,5.02209987760375
train:2068,-4.585794683127044,-0.39549973477611655
train:2069,0.7415978385249148,1.5829320765763366
train:2070,13.044693238859626,10.548643273509715
train:2071,8.306084082004077,0.40524198167256414
train:2072,-8.232650232069355,-0.2233128449053589
train:2073,-11.624237343478619,-4.233507500875695
train:2074,-1.9645546534149303,-2.9924132355727644
train:2075,3.047481648869054,6.22524522615855
train:2076,4.4555500177039375,0.37901550368264364
train:2077,-4.213746664355959,0.12234759268160234
train:2078,-2.5157796241049866,0.052076301531986544
train:2079,5.895660430374916,1.467243004631526
train:2080,-0.7878432539171119,-0.13724614887185624
train:2081,0.14898670011542434,0.1211557329444055
train:2082,1.805191222755997,-0.25936251828987655
train:2083,-3.23245767712612,-1.4322646310882208
train:2084,-9.957301618635134,-1.6158613898824645
train:2085,3.44638463830329,1.7331399287534885
train:2086,3.355475334622702,0.4451004133626274
train:2087,-1.950543000525606,-0.7998033235498978
train:2088,1.0152702273968144,-0.3280676790672442
train:2089,8.781626693582897,17.27560833778584
train:2090,-2.57813980146748,-0.3814871620348772
train:2091,19.20819423231345,16.293336161715047
train:2092,8.810399444728112,2.360719098051779
train:2093,2.3770702243214084,2.7060866529957974
train:2094,-5.646714100220527,-3.354629888143376
train:2095,-2.4996632943084367,-0.5678404130000609
train:2096,-3.4529336249244316,-0.6342413163742082
train:2097,-1.2246083441485873,-2.424811524017282
train:2098,-1.0630170905627878,-2.8702316701645714
train:2099,0.7918640272510283,-0.11825556982626043
train:2100,2.2142522886018083,1.9551479679810926
train:2101,-2.3965531874300745,-3.708316850883716
train:2102,-11.715420482966222,-13.700820668188145
train:2103,2.446564545077182,-0.2609118146865439
train:2104,-0.1640043728871235,0.0658797335257568
train:2105,0.3537631157419546,-0.2153705609602885
train:2106,6.997195416121404,4.124246379889266
train:2107,1.203999353324149,-2.325808631054037
train:2108,14.297908156202363,21.721132598150916
train:2109,1.2575047313990297,5.1583409511596745
train:2110,-10.12255990096088,-9.733194143333131
train:2111,-4.09389166059941,-0.3502112046747871
train:2112,-1.0441326480413378,-1.836860674522515
train:2113,2.0611021748650957,-0.1235786726300219
train:2114,-1.616868839367672,0.36157657493708034
train:2115,4.737698066473602,3.0755801481632052
train:2116,-1.83078330464756,-4.111905138356127
train:2117,1.5314228286308742,3.9624085331587895
train:2118,-0.14356269261423715,0.914444349365527
train:2119,0.14251854958046112,1.1722873574585895
train:2120,-4.229950398450843,-0.4055109571183019
train:2121,-1.1768398029848428,0.10227564469615949
train:2122,0.2870575964944634,-0.13621071671283122
train:2123,-0.3630139644895255,-0.05009123617962627
train:2124,1.9863303546809208,3.51262353686855
train:2125,-1.1922287709476498,-0.019790080134308607
train:2126,14.694477264904487,6.253953716920958
train:2127,-1.9665761102721464,-0.03305910473379561
train:2128,-6.376549754556306,-3.612238789847218
train:2129,-3.2539461168548534,-0.2591796271314486
train:2130,-16.345687362871853,-7.110886447712139
train:2131,0.8225179467054686,0.27560895683612696
train:2132,-7.6246013094666045,-1.9612700311397648
train:2133,-2.4966980569958044,-4.169379469526566
train:2134,1.9916880522022087,-0.14232715628103718
train:2135,-30.231710520835133,-12.85468114345767
train:2136,5.316950527190631,2.3578247955383733
train:2137,1.9168860124468012,0.06873558895086598
train:2138,4.773498495138062,11.424261086733392
train:2139,3.245336155475653,0.029712792955414055
train:2140,0.7241644003391069,-0.11107901777889834
train:2141,0.8858560758846947,-0.27563697817376426
train:2142,-0.976499387957008,0.11753764081143317
train:2143,-2.871676909259965,0.07498605835007278
train:2144,0.9702093598155045,0.7486520876424876
train:2145,-12.74050646232513,-4.722119063217222
train:2146,10.748857552179423,14.842003231349214
train:2147,0.1587362311697601,-0.029941038739895023
train:2148,-2.6838111332369197,-12.54813616006226
train:2149,1.8935737053650645,0.09730149023367318
train:2150,-0.30696549326630707,-1.709328615435039
train:2151,0.9763120859967943,-0.3108642119885961
train:2152,-4.401563159232071,0.022744882342686054
train:2153,-0.9192493400899359,-5.0096410835631655
train:2154,-7.9344258363204645,-0.8191975613574063
train:2155,0.48524800525822354,-0.09764422131818412
train:2156,-0.614977775679175,0.08446579784458003
train:2157,2.288851857229958,-0.39711222991161665
train:2158,10.671419203521337,1.0441855110959488
train:2159,-1.479418374031861,0.09466383451746849
train:2160,-10.34320089410977,-5.187722290120949
train:2161,-0.7144096958220576,-2.2472150788918994
train:2162,0.1923839803003833,-0.021404643851553815
train:2163,24.356815092988313,7.497789352348967
train:2164,2.0340784395195235,0.003861798217429907
train:2165,0.06556150570881367,0.23867828161941604
train:2166,-9.896804826526486,-9.427638084672685
train:2167,0.26136770653144714,-0.985983241630924
train:2168,1.1453768720066395,1.108093702136858
train:2169,-0.8945508845215869,0.18366021294525853
train:2170,-2.776928325283404,-4.471088536784386
train:2171,-1.1029308677884768,0.11839274970661035
train:2172,1.0177356794929087,-0.3598576433257866
train:2173,-0.15485446786351326,-0.024209640697895787
train:2174,-2.5919338734439297,0.11426022269275565
train:2175,-8.543515706923055,-3.022592273964717
train:2176,-22.093775252835908,-10.071115374638065
train:2177,-0.6327303790288464,0.2851566742066022
train:2178,14.78487190604116,9.295289308838091
train:2179,4.340148448914103,0.25196549547217884
train:2180,-15.522855859691003,-9.912724213077338
train:2181,14.875564093725353,2.874812448954995
train:2182,-0.27741493684921464,-0.17569708901039832
train:2183,-0.1228626350073127,0.19697574496880757
train:2184,15.15616164603255,9.4569080285644
train:2185,-0.7096096656191302,0.17245812949154643
train:2186,-4.4556682795667975,-0.746180406267196
train:2187,1.0372249783554897,-0.3829977973520329
train:2188,1.8930599726541115,-0.0515683462064305
train:2189,2.8801442600425085,-0.14519677847431198
train:2190,-6.035427980068114,-0.3228043511428753
train:2191,-0.9647688477792596,0.04173524739706686
train:2192,3.37715392519196,0.4959290333597377
train:2193,-14.94593263054128,-5.213610661991155
train:2194,-2.477392865059502,-2.283983905419658
train:2195,0.42325011406316027,-0.060971548176369406
train:2196,10.03798444633382,4.214444532980549
train:2197,1.420078353508127,0.06245387683426782
train:2198,0.1979679759185547,-0.23459332047416942
train:2199,-4.364386577785329,-2.021223521866492
train:2200,-6.9673516704819285,-0.7439513311108492
train:2201,-0.9299635728413101,-2.055305189376974
train:2202,3.2592390179085395,0.3594092005810611
train:2203,-0.0053116410990041996,0.17727863826165602
train:2204,11.874547738586795,7.559081001473552
train:2205,-1.9402060474981577,0.30411144538888646
train:2206,-5.256881166404376,-0.5963463254122605
train:2207,-1.6315104540880743,-0.21437828369629036
train:2208,3.401538329677731,0.5111245495375485
train:2209,-2.0059987032361866,-3.623071595794229
train:2210,-33.3953704680131,-12.300327485362605
train:2211,0.2465510507561364,0.17565380296609037
train:2212,-5.40096622237517,-3.721769765267301
train:2213,-1.697346114600549,0.09884094303445012
train:2214,-8.701719346573688,-8.11927696487887
train:2215,7.420741303604569,0.20406256336667575
train:2216,-0.6506808043409708,-1.7424938299020412
train:2217,2.346733029219309,10.467777419965799
train:2218,0.5532659837301677,0.20946962205712588
train:2219,0.09024171330530292,-3.4874505261185913
train:2220,-1.0232943940105845,0.1847789590173272
train:2221,-15.655678778838151,-5.923344767912578
train:2222,-0.5609270505726671,-1.3774574864216573
train:2223,-0.5340578999568614,0.1011904239144423
train:2224,-18.799602091585914,-8.857351496672885
train:2225,24.76228735229202,8.670783053387336
train:2226,0.19911213537706646,-0.12784508681406742
train:2227,1.747888406868388,-3.4500882306212066
train:2228,-0.18375448989526533,-0.4172761941195135
train:2229,-0.3687122133327799,-0.025186367933603265
train:2230,7.668606411102125,14.311575503021908
train:2231,13.76550625905833,9.350019701988872
train:2232,-1.1139926256090251,-0.023533214467251373
train:2233,5.6535342519126575,9.051537907575012
train:2234,-0.871915495835459,0.28701283400559285
train:2235,-0.35990041881961365,-0.13762805186024285
train:2236,-2.8126543673109845,0.17776282905081708
train:2237,-0.15884333503708742,0.010002918105766964
train:2238,-0.9749486590362985,0.1745350568940217
train:2239,0.7211696408299629,-0.28501763973572214
train:2240,-1.5177549220974518,-4.5157553510757085
train:2241,3.8153149271561384,2.714812929422257
train:2242,2.3846846264390456,-0.30404003214194936
train:2243,0.2906552364496964,0.5209976762156479
train:2244,-0.8259308392073947,0.023477302941257897
train:2245,-1.5088510741211465,-0.20069283219239525
train:2246,5.295961407761955,7.907386798460458
train:2247,-13.766670118085836,-7.115625639820545
train:2248,-0.9352041114095119,0.13728346618520182
train:2249,1.0960166892719014,-0.23177619745897693
train:2250,7.02180762968262,4.042522278912353
train:2251,-1.5762528057981875,0.005678583632858919
train:2252,-9.67618428970274,-3.5278948657553504
train:2253,4.771736926593446,2.841109403234269
train:2254,-2.9070630973402993,-1.4433876091227844
train:2255,-4.596857370780554,-0.6223956900065581
train:2256,-0.9046195807397864,0.15375322871798802
train:2257,-3.0318620229504907,-0.16205201051573492
train:2258,-6.888450694576188,-0.5014168265571224
train:2259,1.5229866866339523,-0.23748262985922508
train:2260,2.8684878740434,0.16830748455482092
train:2261,30.69847301160289,10.055351865956744
train:2262,1.4802397083760934,-3.3892713566723223
train:2263,12.51750863445977,7.503330298209607
train:2264,1.5404784718380626,0.22494011694622362
train:2265,9.3030379651279,2.2278779169199225
train:2266,1.2684960543727826,0.025703025568569696
train:2267,10.250807403946611,4.178501427221105
train:2268,4.201039858950587,1.1747528215771168
train:2269,0.24949792386778882,0.3452971932552474
train:2270,-1.6533740814165716,-0.04780787858507196
train:2271,-2.098430608390413,-0.07418564836400401
train:2272,-2.3655841708309753,0.2770145937971181
train:2273,0.35486891959082506,-0.4244176516076141
train:2274,1.3744240200394584,0.24790693808831235
train:2275,1.073857607520046,-0.3431155413066986
train:2276,-1.559354951397916,-7.5047712322095474
train:2277,-0.6252412719027041,0.06059008468194177
train:2278,4.514755736746235,2.504092926786394
train:2279,-0.07235352742013756,-0.04860913302447181
train:2280,6.1733369124351265,9.857313553365572
train:2281,0.8808817020015796,-0.18079764095055012
train:2282,-1.2286012793413659,0.10586548998875059
train:2283,2.55307970025873,0.2593410593494996
train:2284,0.6759727851781067,0.039058645279730464
train:2285,10.4054023618756,11.056207609782186
train:2286,0.8188857867015584,-0.0849681663754879
train:2287,-2.3237932933152656,-4.507071016927391
train:2288,-17.428096614443515,-16.611895527704814
train:2289,-10.158401242275625,-8.577222159501463
train:2290,3.5690337901076465,0.08716016123276218
train:2291,-1.7635560328798272,-3.6066393530544745
train:2292,-2.8617825567219533,-8.848896275785437
train:2293,1.0868603916466841,-0.4166352191001556
train:2294,0.2376724244988982,-0.12402170577549618
train:2295,17.26494190611522,4.432411134121487
train:2296,-5.040323534703723,-0.03116585312420328
train:2297,0.8944409911553767,-0.10277737125342234
train:2298,-3.561033215471525,0.005270003073001156
train:2299,-0.41415059309625624,-0.009662446571158195
train:2300,0.5488023206008824,-0.05427733232763829
train:2301,-1.1469968141015157,0.009693486808863505
train:2302,-7.630201693390714,-3.80200990849853
train:2303,6.535159093217603,0.339491896913665
train:2304,-0.17251432037532483,2.2134822999038164
train:2305,-0.32354255529503295,0.720815111768407
train:2306,-0.5080467527058193,0.05154702992686353
train:2307,1.4211729993614655,0.654446449737321
train:2308,-9.454009072168198,-7.635534130661234
train:2309,0.3076015583930598,-0.035893632367808875
train:2310,-1.0273356805173353,-0.16720805751097917
train:2311,-19.15463277242124,-12.230454503194526
train:2312,0.6720202977191316,-0.12401164818839072
train:2313,-23.54259076168778,-8.90418646995468
train:2314,2.3191950962463035,0.06645893641438198
train:2315,0.6224857713042057,-0.1655974169660091
train:2316,-7.0071708372038355,-13.53860733820573
train:2317,-0.4128664937771138,-0.16023608106516596
train:2318,1.6573245361328124,0.36438799151987256
train:2319,-16.568268917410354,-4.269899417543417
train:2320,5.522866685569108,4.145422094561727
train:2321,0.22558610698444675,-0.05366767135607678
train:2322,-7.858501255722889,-1.7805510262049662
train:2323,-1.910651306832741,-6.638141050016261
train:2324,0.5651597095925718,0.06559526787060442
train:2325,-1.1167456285483088,0.24682449919239027
train:2326,-0.9409514089414591,0.20336552264898544
train:2327,-0.10798147207033254,-0.015414387769798324
train:2328,-22.602912729295696,-7.0710800872177275
train:2329,0.6656892975459161,3.03728285371704
train:2330,0.1600259094866685,-0.34273135574535185
train:2331,-0.2249474848170513,-0.2900808145436523
train:2332,-1.8823881041501545,-9.315191692939313
train:2333,-6.148720687702398,-11.046536407969123
train:2334,-2.9978017766725436,-10.359594934340771
train:2335,0.07244726747238647,-0.22817386934551026
train:2336,-3.638487371289948,-3.264330445876989
train:2337,0.13864114613308692,-0.012284480928667213
train:2338,-0.03200714540934302,-0.722332369301699
train:2339,6.0094612917223875,4.733323583416232
train:2340,14.605219809479117,5.644347527110489
train:2341,-1.5303502069289312,-6.133718675423366
train:2342,8.057620626996115,7.731827264380344
train:2343,-7.521348938145209,-1.8669127447935616
train:2344,2.590977832083209,0.5131760119854377
train:2345,-1.5969862211625876,-7.392915456229603
train:2346,6.6259526326945455,6.051617890089159
train:2347,-1.0186873041470652,0.2555865121517563
train:2348,0.48083734260771527,-0.12818804340132234
train:2349,-1.8101623990714408,-0.10119533420085855
train:2350,-31.127489279472435,-11.455699023931714
train:2351,0.08142619946029267,0.11277997412813127
train:2352,1.1607779277979393,-0.23221616339703605
train:2353,0.863377828968976,-0.05369499090119298
train:2354,-7.5631170347533745,-1.6017348311540303
train:2355,-1.1293667162444558,0.2082052906284459
train:2356,2.1820028920154106,0.07270362805078354
train:2357,0.7013472293091033,-0.3086203001080085
train:2358,0.5128765969449269,2.45181087845694
train:2359,2.5257416813723395,2.8595163569061297
train:2360,4.530057997785429,8.365406176704255
train:2361,-3.31323459103068,0.15575204932698494
train:2362,0.1775902216617372,0.03999093367312101
train:2363,0.33993394257122694,0.1811224197960582
train:2364,1.5338185432548932,0.21418491847985593
train:2365,-8.974693198433634,-0.4803842006770978
train:2366,0.1502633607708787,-0.019554475806583357
train:2367,21.99236145311808,9.237476300904698
train:2368,-2.4258931366815,-1.9119917061649918
train:2369,-2.6470097393899414,-0.026077570013712012
train:2370,-33.70586029035056,-13.33410477899156
train:2371,-0.4051198229207742,-0.060620459922944125
train:2372,0.41213407724351336,-0.08375027104046495
train:2373,-6.714493824900277,-0.2050033285667327
train:2374,10.123388673968801,5.528547465055493
train:2375,0.2769353186518863,-0.02697226728366592
train:2376,3.2889332335181067,3.195176129050846
train:2377,-13.49961465302266,-13.117523984959021
train:2378,0.10011189018632859,0.06419548000282355
train:2379,1.9524443358540409,0.46892576725933344
train:2380,-1.3097724424213903,0.09137742876776057
train:2381,-9.729436753212227,-0.027926739433012424
train:2382,-3.895990662344761,-1.3213979225040495
train:2383,10.586379470407069,17.009177291591214
train:2384,-0.10528867581527362,-0.027396183880599362
train:2385,-0.5652000979449473,-0.5856982652142073
train:2386,-3.8542899786262685,0.012298330538766777
train:2387,0.036023618265814905,-0.058661584340748946
train:2388,5.90252864154135,1.0121237779943446
train:2389,-9.953785920209588,-6.468925927478743
train:2390,3.120742258033362,0.13964592919890456
train:2391,11.553016149837454,8.71896873921827
train:2392,-0.6237598155375892,0.11408810242548316
train:2393,-9.3373048074,-11.098792492031155
train:2394,10.440740663558442,3.6038768093106386
train:2395,-2.0449019844915073,-5.294798928965686
train:2396,6.933856589567457,6.950589848554092
train:2397,1.6265277710897386,-0.12423362840876037
train:2398,-14.468403895757762,-9.563091099914134
train:2399,1.1026243147510146,0.20473221320884488
train:2400,10.287792439803388,10.301448610936326
train:2401,-2.612395777583718,-0.2110905226688874
train:2402,0.21528309286007513,0.1134773714978466
train:2403,2.7981139313065193,0.3590027599333534
train:2404,-22.72366269727721,-14.248810512870454
train:2405,-6.5684514705465755,-0.9627651234720094
train:2406,4.642100080087166,0.9760638330315066
train:2407,0.5368932524946217,0.07018373883323896
train:2408,0.650357746768451,-0.12348052199273762
train:2409,30.37225227523122,11.144067266875847
train:2410,0.9504531988931162,0.1292433882548722
train:2411,5.275571565676644,6.799582810519285
train:2412,-0.005126139423284493,0.14586315862937993
train:2413,-0.36228706757226303,-2.720891481033877
train:2414,0.297178595816719,-0.04148065767008183
train:2415,-1.369509096084419,-4.111427509964226
train:2416,8.995262325203605,8.748545748991997
train:2417,0.12377265217020038,-0.0854668372368646
train:2418,7.1887609974962725,2.283371545404236
train:2419,-15.571253665311104,-6.756803458563222
train:2420,3.5879461276179265,0.6317555346017842
train:2421,0.2233640386658946,0.012075637014347093
train:2422,3.483337594922911,2.918880658487531
train:2423,0.09545505425939531,-0.04229025776686704
train:2424,-1.99613689485181,-2.8883558701109995
train:2425,0.12915266568255218,-0.18335333803140624
train:2426,0.01130284670640197,0.2751764805905932
train:2427,-0.744246408332898,-0.12181196115890508
train:2428,-8.441755717504066,-3.0627293222167222
train:2429,-1.5501609955377784,-3.8105949507230834
train:2430,-2.12482717140379,0.03752903607484395
train:2431,4.639974946854799,3.249568416081911
train:2432,9.211076555451939,17.399779165528763
train:2433,3.2910388402582935,-0.5448998414470132
train:2434,0.10645974358196231,0.013757750625130238
train:2435,-0.5013228981065808,-0.08527053596229606
train:2436,-15.418910762813661,-4.364659292695458
train:2437,-3.254371980350992,-3.822144199257946
train:2438,-0.014139940147228247,0.1909879854512272
train:2439,3.7982497028228868,1.6916597289752746
train:2440,-1.0386652302306523,-6.0590408771742785
train:2441,-7.175980151607646,-0.10208753490663736
train:2442,15.814231397688827,5.700867457461987
train:2443,-12.933690417968618,-11.995505844552069
train:2444,2.4342000912782713,0.5749478573965039
train:2445,-0.39198593234663504,-0.3775196222477947
train:2446,-15.538735546998979,-22.882465835041494
train:2447,-16.199777974631576,-12.122993250806013
train:2448,1.1966924934583631,3.6033443991676952
train:2449,-0.544594069696204,0.07810091447574824
train:2450,-0.5784922925806969,0.07103285597439588
train:2451,-1.215172166802109,-0.05234998478445449
train:2452,1.434826666560804,-0.12381677352192225
train:2453,-0.4242274253528644,0.17346952330408538
train:2454,-11.8584139150408,-13.631423602482247
train:2455,2.820191885132527,-1.0906929949768474
train:2456,-1.0446789249059258,-1.5533143256298245
train:2457,11.598442209314197,1.6820801982441682
train:2458,16.896038117501757,13.22942364064957
train:2459,3.5289793756466064,2.630323205982563
train:2460,17.42165037436456,10.545877936368555
train:2461,-34.00141327600249,-12.81143209229619
train:2462,-0.3333346262073345,-0.047079238497965276
train:2463,11.072887602094974,12.093712345054982
train:2464,-11.886669679059699,-14.318693766616853
train:2465,-2.252932583023301,0.13407324130803722
train:2466,-10.695936747197344,-5.720837748108772
train:2467,-0.067650897219875,0.12575604475427055
train:2468,-7.252271086391856,-5.732881173689496
train:2469,-4.217772376160613,-4.887894348303871
train:2470,-0.8590491646958479,-1.3303029529254469
train:2471,3.466016201608904,-0.003237574331718812
train:2472,0.5395467633070784,-6.053038280932458
train:2473,7.412176612200788,0.22948671696112133
train:2474,-0.944625178970374,0.158099247634017
train:2475,-13.125442430852168,-2.9509477298579814
train:2476,-16.880945706872083,-7.435086562310677
train:2477,4.4242862440562005,2.942953528889598
train:2478,-1.4181584215204723,-0.43426852319935244
train:2479,2.906074046909463,1.315837372293562
train:2480,1.7041992753627948,1.0131098495131077
train:2481,-4.6617201935575805,0.2730663132193864
train:2482,0.16841021329601455,-0.16190221666522842
train:2483,-9.948056289503901,-1.7591942749646075
train:2484,0.39196007263427524,-0.16027388617981764
train:2485,3.2836996686971127,-0.03431366389699017
train:2486,-2.069831736008905,-1.1529775633390758
train:2487,2.3015589544749977,-0.04856419486931987
train:2488,10.863810011649095,4.6203693191992405
train:2489,-3.665442298996406,0.496280121613163
train:2490,-9.284897562052063,-17.122428350111893
train:2491,2.825090477629321,0.20019189026958745
train:2492,3.960493466689069,2.6516295979569895
train:2493,-0.7030011103070558,-0.2482494551816083
train:2494,5.662895345247534,1.4502409746166065
train:2495,-5.666664131315285,-8.774772001479175
train:2496,10.84825669571043,1.8792504198064521
train:2497,-2.5813179705281812,-2.639912640128436
train:2498,-13.641781463594908,-9.654253640081059
train:2499,1.9830966281007996,3.7887600832895183
train:2500,1.6839005569076626,0.09521578919138249
train:2501,-3.0869839156280716,-7.924172899827905
train:2502,-3.2361449297329696,0.03592716916968929
train:2503,6.426830298845622,0.5077035433135997
train:2504,2.674479621479982,0.009994358457166591
train:2505,-6.717728713771599,-6.598013417377716
train:2506,-9.687727236080605,-13.341524282398362
train:2507,-1.7779163731295267,-3.409436747488319
train:2508,3.938719103324828,1.7981493185868356
train:2509,-1.7202360450597514,-0.0819485363404916
train:2510,-5.14923486942577,-4.009825907685908
train:2511,2.204755904571105,-0.07304635913529448
train:2512,4.673686970688851,8.099631940878899
train:2513,-3.496609738768571,-2.081270598084583
train:2514,0.7920089649638244,0.2812755868703834
train:2515,1.3792870464254934,-0.2372928909819168
train:2516,-0.7445204765981531,-0.44182291240201593
train:2517,5.493239417932733,0.33007970731269565
train:2518,-1.1018215770660027,0.2174864462754245
train:2519,-2.2630663675487703,-0.08285571643132103
train:2520,4.854844001898274,9.315216170779758
train:2521,3.3854131664680516,1.678601842374597
train:2522,-4.677620802107178,-0.1302610476315225
train:2523,-0.6357197919984646,-5.244000267738676
train:2524,-0.9097494691856288,0.11814223732423945
train:2525,-7.194805549736072,-3.2410972770026185
train:2526,2.053801358913556,-0.02679051741171802
train:2527,1.9291877025208444,2.42535699913587
train:2528,2.1164031766167897,0.13471257572808004
train:2529,-2.0005917245679656,-3.2066415528483003
train:2530,-0.2952416943775259,0.2922768752340118
train:2531,-5.316360256337208,-9.630698628419314
train:2532,0.37555886526429866,-0.12781562735680116
train:2533,0.836827146142313,5.745617870987973
train:2534,1.0137827271174529,2.73626369413641
train:2535,-9.957265355149655,-16.301196261522023
train:2536,2.3663422765338593,6.562014328761874
train:2537,0.5906960608879027,-0.09498937497437368
train:2538,0.4292062753239723,0.04892692149028959
train:2539,-0.6856155585187395,-0.20166406698691747
train:2540,-5.014030648065497,-11.6351902899356
train:2541,0.3220383774038016,-0.0045075408623940355
train:2542,3.6945644942581457,9.163337189874193
train:2543,-0.8669371701622598,0.20225283966134205
train:2544,17.077625196455642,16.890708331102623
train:2545,-0.541545379875322,0.2006852826809939
train:2546,-17.988585046007543,-11.464807631328991
train:2547,-4.711636881319478,-0.24131863637948187
train:2548,-3.7176049982756014,0.05434917355700538
train:2549,-26.028616341877047,-8.090945669298117
train:2550,-9.735821916155421,-2.3198867808306796
train:2551,1.6053849967642573,0.06473545116869703
train:2552,-1.5780478483293998,0.4557140209750639
train:2553,1.2511256123700822,0.16730514970371735
train:2554,4.401974902156982,-0.06480812533986624
train:2555,-7.673431952330053,-0.6440363362588293
train:2556,-0.5371444804709042,-0.05332364481274682
train:2557,-0.9764026853290638,0.13201635774936776
train:2558,0.5580117349339967,-0.10391858640306698
train:2559,-1.3698652221084826,-2.111733246166828
train:2560,-0.02272392558494926,-0.03743436911587586
train:2561,-4.914763540814953,-5.0637363507877975
train:2562,-0.6890043347451077,-0.3160110573615949
train:2563,0.1322257636186605,-0.055912510531929416
train:2564,1.4257693961459337,3.7549762915503293
train:2565,0.7085591299837471,-0.07113712951498144
train:2566,-1.245716249738031,-3.5721008856303524
train:2567,-4.168553992952427,-5.342485301961599
train:2568,-0.03252575974334132,0.3791011001686474
train:2569,-0.9412261745814349,0.11818532088886133
train:2570,0.6715925745570712,-0.12331346618422037
train:2571,2.0079350235297793,0.013162997708214386
train:2572,-1.1253637853473468,-0.27746603241885376
train:2573,0.9892002682109889,0.1888845944684957
train:2574,8.052977041188877,10.454554474807944
train:2575,0.8774752589489524,0.25184530373974856
train:2576,-1.4375512502133492,0.9785934945145367
train:2577,0.4455387912839549,0.4290305290802886
train:2578,25.088058049510565,13.248707958302969
train:2579,0.22822508915688774,-0.06968512779073832
train:2580,0.495867627505816,0.3587662283103631
train:2581,2.2659170623303875,0.13528143570797976
train:2582,-1.1796083806262234,0.037587812328566506
train:2583,0.3461752138637059,-0.10980691133607304
train:2584,-2.303447153379122,0.04585999939677623
train:2585,1.589725447409799,-0.35415777332279874
train:2586,-16.37838028978065,-10.923705450553781
train:2587,10.635365860291484,7.027913719507174
train:2588,0.1827142986515735,0.0219041821893195
train:2589,-1.153119531691467,0.0012986114440484559
train:2590,-1.082763023322605,2.474596663031131
train:2591,-31.615655303329806,-13.705086797050571
train:2592,0.07254164551792808,-0.26476123132294127
train:2593,-3.842821418885282,-0.7802926745214245
train:2594,2.89541676642695,0.5569447764777711
train:2595,-3.095802451430205,-2.816728445301465
train:2596,-1.064886984647361,0.062054069914225435
train:2597,-4.48212528172264,-3.8392218395021684
train:2598,2.68745451061779,-0.03015823982312947
train:2599,1.3485721066829877,3.420128259414548
train:2600,-0.09489744378872703,-0.04356621605156252
train:2601,-21.556781840530455,-7.390971845354079
train:2602,12.129722727907263,3.76235185542765
train:2603,-0.20131740732089254,-0.069471421897349
train:2604,-18.245577858766765,-8.059478118470189
train:2605,-2.575309389934193,-0.6512319335243271
train:2606,4.442822929050236,0.36802077771627556
train:2607,0.2611107239468505,-0.20121711066916803
train:2608,0.8307346481235942,0.014306566761224104
train:2609,-1.338962921024335,-1.6628801102875492
train:2610,-0.06958878533972121,0.02475062200096828
train:2611,-1.965317116442951,-0.01671830757325503
train:2612,-1.7726995453018302,-7.115363143930134
train:2613,14.141782693219568,15.947154298867511
train:2614,-0.8169340079349893,0.0014685204687658465
train:2615,0.34343499612763595,-0.052645221330762326
train:2616,-12.98775462565306,-6.392204655787126
train:2617,5.189422541839901,0.06331982795100548
train:2618,1.6620262365001142,7.724914492170684
train:2619,2.0032065904648486,6.559989115903026
train:2620,-8.38426135602649,-4.42589558942576
train:2621,-4.127603219516982,-1.6567435555451322
train:2622,-6.516001452882431,-4.934372098917412
train:2623,-0.7949350899106665,0.10957873688199707
train:2624,2.360937622448041,0.08077744526267963
train:2625,-3.237197035728342,0.07227835617615504
train:2626,8.185415009490171,0.4133502514700767
train:2627,-1.2092217007681834,-0.32925739889229094
train:2628,1.5720669896474293,2.0786149072874416
train:2629,-1.0449283525977147,0.2557314555347226
train:2630,0.08447616780149608,-0.15718385303508323
train:2631,0.9157032490163464,0.8103136562474189
train:2632,-2.186116646111691,-4.97664763271141
train:2633,0.2635156206713595,-0.2561836074605083
train:2634,0.38153280958048985,0.08085811995073813
train:2635,-14.918608559149305,-11.088753736152638
train:2636,0.04187110529930997,-0.06567536040389393
train:2637,4.182499919541188,0.9365038477559764
train:2638,-1.765079564186427,-0.00769058885525245
train:2639,-4.489836851384702,-13.227730031332053
train:2640,4.069091447703259,0.04301134834257235
train:2641,-3.9579891346854246,-0.5950543177864394
train:2642,6.155495742495919,0.527461780177839
train:2643,23.275512342640244,9.641394705491463
train:2644,0.1323035209000242,-0.03341447281152107
train:2645,2.614893600756635,0.07247109093047342
train:2646,-1.800729592369446,-4.119193679139344
train:2647,0.1335478698600838,-0.0041025268227864176
train:2648,-1.9580555859340136,-0.00795893383887411
train:2649,-3.7293892363068477,-1.8973271735220243
train:2650,-3.969217797522473,-0.18875697286241622
train:2651,0.03836993551378082,0.21799339146378152
train:2652,-12.75438514910103,-6.237713270128729
train:2653,0.1293589723707743,0.01642015799187102
train:2654,0.27152682900510383,-1.175586448508859
train:2655,-1.2469138745918005,-0.38967689115490334
train:2656,0.6995468402383651,-0.2220900991027957
train:2657,-0.013149203127281656,-0.0862307858744478
train:2658,33.14406759498192,13.784468918351546
train:2659,-23.66031133388235,-13.372003479134566
train:2660,-1.2261827838098025,-3.4089682493882587
train:2661,2.90661939394109,9.351664295806623
train:2662,-0.2148527532759439,0.17663702126865313
train:2663,-0.4084893051132016,-0.025662284395783955
train:2664,3.0636849180474575,0.18349001859892114
train:2665,-10.958535522878442,-6.630896734084146
train:2666,-0.6900359844153383,-4.74437529086467
train:2667,-0.9396989239429908,0.2715434090725702
train:2668,-3.5669139440333764,-2.3491345294549113
train:2669,0.2118761848909675,-0.058876574181428304
train:2670,12.111724881114126,5.291039471481525
train:2671,13.727770848002027,1.7572316303824762
train:2672,0.9258010025145771,-0.30475319353117036
train:2673,0.5002040197485643,-0.09268597353601352
train:2674,0.7022593954438453,0.4110980652625088
train:2675,11.958917991969143,2.3920842184181232
train:2676,0.737439393065078,-0.006051986791521191
train:2677,-1.0700401189172286,-0.19219524104437574
train:2678,-0.8700349086718345,0.14654957111672476
train:2679,10.289451261805814,0.6207414067652552
train:2680,-12.994932936111988,-2.1506964812741023
train:2681,-0.49685086648064647,0.1150688241638708
train:2682,4.0119048609357755,-0.019905492729603624
train:2683,17.750623416300794,6.156846786122695
train:2684,38.09667036914816,21.469967399913436
train:2685,0.8381337939107597,-0.024167912410968967
train:2686,0.3151729557362507,-0.0664420195968673
train:2687,-1.0283733741018124,0.25470451169389297
train:2688,-3.5519431684447795,0.1514049604548809
train:2689,2.420018278957084,0.022022947313649663
train:2690,0.5524698142573106,0.4215515361157134
train:2691,-0.5718456141172215,0.23994760617644623
train:2692,-13.141658717692025,-5.382340737774652
train:2693,-0.38501602070009167,0.10605801075185396
train:2694,-0.13354711310393497,-0.03891048051701007
train:2695,0.9813424823158098,-0.3611567126617031
train:2696,-2.3438660623608745,-9.182591323254748
train:2697,1.8314427318274578,0.06414098357340119
train:2698,-6.115286683923685,-0.2123021409282701
train:2699,-1.9047789467675393,-0.07170884271108133
train:2700,0.5098909033071526,0.33539995690025703
train:2701,-0.2601260876888425,0.0793809385935289
train:2702,0.5390358200950083,0.6950470029610365
train:2703,-0.6130230343369106,-0.5949662247362604
train:2704,0.307347249078226,-0.043864662466095494
train:2705,-12.846670140647419,-8.406030899423738
train:2706,36.83168841568395,12.911150797385169
train:2707,27.27294978661597,16.134641417950625
train:2708,0.32758738805681537,-0.1845191621707769
train:2709,-0.10356476550557775,-0.6474120476756011
train:2710,-0.6888367323538872,0.19731442173176228
train:2711,1.7758512735045713,4.199903972581477
train:2712,-16.24362517774054,-7.292276243775587
train:2713,2.1856920042881818,-0.07215629834166576
train:2714,-2.151726774049069,-0.0791496739089799
train:2715,-13.83851459165054,-14.313934601995047
train:2716,4.542937579044734,4.731617930771798
train:2717,4.322900512404015,5.792423741464528
train:2718,0.28745417025233033,0.06718764783189367
train:2719,5.969656072494895,0.520724480764486
train:2720,-0.1368311668930704,-0.11823053285410434
train:2721,11.411026007527795,4.42350710232576
train:2722,2.929653216051007,2.4933679724117472
train:2723,-5.424705787702487,-2.7414394881423108
train:2724,-12.584057417471904,-12.334480483278089
train:2725,-4.420170976447623,-4.913924810340843
train:2726,0.9373382536655573,-0.08913914047763927
train:2727,0.2091400351741019,-0.0016094221723205043
train:2728,-9.222765193765014,-10.478158621607207
train:2729,8.56204663984251,6.731056546397665
train:2730,0.7191416751420198,-0.14979930152673213
train:2731,0.6209950166094809,-0.05726650427969829
train:2732,0.15340294176369862,0.08893215115384924
train:2733,1.0792408754477614,-0.3965749693011333
train:2734,11.114678944527165,4.34462366339769
train:2735,-3.9222584434930394,-8.981343142438437
train:2736,-2.7704971356086405,0.07193383031999007
train:2737,-0.3020959580495448,-0.13165199052908297
train:2738,-3.632184963480283,0.13302040453019143
train:2739,0.004462298070557841,-3.335963862440544
train:2740,-7.925261402656838,-0.5413156312564174
train:2741,5.199947321125472,4.636766752701353
train:2742,12.247452598431442,8.864233964971948
train:2743,-1.197193846501155,-0.11191814866335484
train:2744,0.5323951855457794,-0.20762400764654665
train:2745,-9.447133887254557,-2.931523604610777
train:2746,0.3018937787619551,-0.03197745047232857
train:2747,4.727860433746211,0.38564067169933175
train:2748,-5.266488200557439,-8.456545950960455
train:2749,-0.7627693782907587,0.0949814688109473
train:2750,-16.737106126802992,-13.583699567032493
train:2751,1.2418561075818633,0.5237573069244078
train:2752,-0.9102329823253495,-0.8319206943674045
train:2753,0.5134850563887818,-0.06321203619751684
train:2754,5.204695513140823,0.6387315055502776
train:2755,-2.018599799523672,-0.12721238612168992
train:2756,6.283416582272672,2.678820748344172
train:2757,-2.0683109942011884,-10.031559526526026
train:2758,2.729700076451429,4.151987630359833
train:2759,-1.099299172701047,0.17591686949974183
train:2760,1.961830883366226,4.099662213144137
train:2761,-0.29836128396168426,-0.22603994894943746
train:2762,2.0550926644381464,0.3253435110812997
train:2763,-1.7372166545935515,0.46964499173297974
train:2764,-10.778908531806348,-8.903367596905246
train:2765,0.27251779848329066,-0.03880262894464537
train:2766,0.6583673278945137,-0.0885144287906221
train:2767,-0.7168728233357492,0.08259736921592876
train:2768,-14.081805385896452,-4.095817564133347
train:2769,0.17178666923564945,-0.3313186336056656
train:2770,-3.4415599081454675,-0.023384989885654933
train:2771,-0.01778813976971566,-0.3106569258316571
train:2772,0.891168676507374,0.8662543837102914
train:2773,8.443359041368499,10.334146468589747
train:2774,6.762175021147114,10.077779286576199
train:2775,-12.955067277742032,-2.5556537418793317
train:2776,-2.849998318690707,-0.06766647732915054
train:2777,-0.6248384217723504,0.10341393529919898
train:2778,-0.8736491693912455,0.35029239018720965
train:2779,-2.445052809759406,-1.1326180111606605
train:2780,-0.45370196792539497,0.3336884551626126
train:2781,4.26643733568019,0.3561327097576486
train:2782,-0.21149187203840575,-0.1655767311485582
train:2783,-11.21854099443131,-0.6279847838905763
train:2784,-0.29642002519735444,-0.4615398489617583
train:2785,-1.954616133811271,-6.19221189009887
train:2786,0.18708823290012222,-0.11925519412197388
train:2787,-1.7766101902775602,-0.006477187335744677
train:2788,-3.453923897027898,0.2647204418428085
train:2789,-0.7354901713391516,0.15942042939548445
train:2790,-0.45605444531672745,0.19713017529563928
train:2791,4.535369203658666,7.196114238363928
train:2792,-1.4096704413359746,-0.18767103877664898
train:2793,0.749020927510826,-0.4478372781606625
train:2794,0.7293220675446593,-0.14855301669051793
train:2795,-0.6302189002011828,0.8249552204999755
train:2796,-6.664598988212963,-1.6094880181954374
train:2797,-3.402920699451071,-0.09603657665022422
train:2798,-15.107861181033684,-14.591070915372539
train:2799,-5.434228671972578,-5.1133189712703135
train:2800,-0.3777692512894102,0.08435031391888
train:2801,7.89504816717822,4.875477091582054
train:2802,-12.146056811693498,-9.32659713937769
train:2803,9.73102984891409,1.3343848468632784
train:2804,1.0004765849872883,-0.2206526487811732
train:2805,10.017570893508003,14.37213787008574
train:2806,0.5197107529791641,-0.05480831586248139
train:2807,1.6248115319019707,-0.0020088367751353725
train:2808,2.2388054577700007,-0.032688899931829524
train:2809,0.8371221356491906,-0.022936606959805428
train:2810,0.11297055020401146,0.028088456972683418
train:2811,5.971739363244018,3.1022694178207857
train:2812,-6.201874588918021,-0.2351207374887624
train:2813,0.07412747563291529,-0.01222534802291965
train:2814,38.938362604109955,13.577108577791329
train:2815,0.14379276942439287,0.03173921843114718
train:2816,-23.78996538229841,-6.153996482957648
train:2817,-7.58854610657083,-2.785938533321066
train:2818,-0.6566703233592588,-4.442864236811139
train:2819,-8.965979733756095,-4.519134415021515
train:2820,3.7373405297960356,0.39968662707011254
train:2821,4.212072327032864,0.057144469468266935
train:2822,0.6241273913968529,0.3373401439163414
train:2823,-4.283240985111733,-0.24253039729967457
train:2824,12.618216052966906,10.502833175487003
train:2825,-11.735657367529447,-7.598018332132282
train:2826,3.8993750812459926,0.5285313796008604
train:2827,-1.0116589292530986,-0.007721688911833807
train:2828,-15.819450258259259,-5.905478498710641
train:2829,-14.177403372282887,-6.551974491415755
train:2830,-4.752445855228371,-2.302719549597773
train:2831,7.705944318567601,9.34994209450823
train:2832,0.24607172186474038,0.3331396390265187
train:2833,-3.4437417611884564,-0.03760356483654323
train:2834,-2.624954566471478,-0.6237411241057267
train:2835,-0.7015291847297912,-0.07549912644173112
train:2836,7.161418329445077,1.832817179365633
train:2837,0.3653506941019491,-0.005103435065789946
train:2838,0.2940033324840208,0.03558314262635933
train:2839,-0.8670196928375485,0.018534177204947946
train:2840,-25.603240078210153,-10.989433280226319
train:2841,-4.463402630136404,-2.7271505814120895
train:2842,-0.9715312904463796,-0.528864766402316
train:2843,-0.28893208036241336,0.08310688229886593
train:2844,0.646435013964228,-0.20045416065725485
train:2845,3.0925129942538523,-0.20763855904916728
train:2846,5.691353347935451,6.705071165176655
train:2847,4.160188577641969,9.948683807671864
train:2848,-4.902786827360779,-11.834996455284369
train:2849,1.9609719501685015,1.1171709241559329
train:2850,-13.411720332718119,-3.039650512338779
train:2851,-2.3794577435255904,-0.8523535742021631
train:2852,-0.05481734269213914,0.008087839392243681
train:2853,0.6514363530032121,-0.0814773990154461
train:2854,-5.086782173683658,-0.38779704966145156
train:2855,3.5400057998146366,0.017560231855035593
train:2856,5.775731969814448,3.2733334244559846
train:2857,-2.0940938674603045,-0.030762978996745766
train:2858,0.7994473961935922,0.24859984164251248
train:2859,-3.4089483416207598,-0.011092335869850381
train:2860,-0.42124847300405743,0.2599838176289825
train:2861,0.25851672244389795,-0.09408255153556924
train:2862,1.7913732075808015,0.11188927136085755
train:2863,-0.3909607915071315,-2.470019308100148
train:2864,-38.549743275384714,-12.566042944934239
train:2865,-3.914534321086004,-3.110661927770707
train:2866,3.833121693275788,1.2970619257494553
train:2867,-5.638038293777908,-6.822656829748565
train:2868,-0.16699262356554045,-0.34961459716734117
train:2869,-0.22982631836342354,0.03210421611354805
train:2870,0.07460250404686668,-0.03216091227399655
train:2871,2.2602543795978915,6.828509857642623
train:2872,8.413492806661147,1.3168349993379354
train:2873,-2.2145044464110515,-1.9898144619706661
train:2874,1.7253404224805942,-0.10939005644923491
train:2875,0.6865842713872904,-0.19084852299791716
train:2876,-1.4960714499051488,-0.14853133224739698
train:2877,-28.5940663939291,-12.986940268484702
train:2878,5.867093637230562,1.9672032344090469
train:2879,2.5031853284878967,5.18997227659749
train:2880,2.660177395790345,2.4809610470871277
train:2881,-2.222083979792651,-0.3050938675454652
train:2882,-0.9339778941921918,-0.20287682653278022
train:2883,3.649801405682596,2.063579884520888
train:2884,0.680088225863497,0.021540254462993666
train:2885,-2.6137133508894563,-6.845665165186365
train:2886,-3.3939873292782536,-0.06505635514927702
train:2887,2.0090794154465312,3.0706706190476516
train:2888,0.8436904756857017,0.035321360039997945
train:2889,0.699637847639423,0.022903521163412946
train:2890,1.3828831754021649,-0.2141217795598992
train:2891,-2.1447032807781476,1.5860981479328042
train:2892,0.4728293886893344,-0.24629935323922847
train:2893,-4.021801246216522,-0.08302362820469833
train:2894,2.5905091962708644,0.20929907105876344
train:2895,2.2750219866845094,-0.053237477683503065
train:2896,-0.04260561395707271,0.06886548161837663
train:2897,-2.638941113870855,-0.23849024316029888
train:2898,-7.689103357054764,-1.0187963692188309
train:2899,-2.2875363166669533,-1.2184483182319827
train:2900,-0.45164750199806325,-0.24949581134822746
train:2901,6.656988132350357,6.031592306866968
train:2902,43.53775902971036,16.752903695069033
train:2903,-14.012621164433172,-2.8506240831156986
train:2904,-2.0285155382197866,-0.24848620079581357
train:2905,-3.881408092017382,-7.146595019099932
train:2906,1.009030583312017,-1.6709671236243708
train:2907,-1.9417579387100687,-2.0938698301810907
train:2908,1.3209325894589927,0.06141716072795274
train:2909,0.29406342293912546,2.466776853391451
train:2910,-6.850584177072384,-3.631954228468455
train:2911,3.093455844876307,4.000883582974223
train:2912,5.711698093122153,7.343124491145601
train:2913,9.558157164470705,9.023741304710164
train:2914,-0.00588592918154246,0.21239117278524292
train:2915,3.4572302099604055,0.593253165241235
train:2916,-5.738392375759863,-3.0800218096408143
train:2917,2.057049730362813,3.580718109379091
train:2918,2.8768670637714604,1.8270866372884937
train:2919,3.5285539770669483,0.31189516184363486
train:2920,0.14954820299474883,0.02993641377509878
train:2921,2.7557419081901844,0.08972834113449386
train:2922,-3.5839326767185775,-0.3326779771338097
train:2923,0.6278199905432282,0.2533771955175952
train:2924,-2.2627237241026417,0.11169346939912403
train:2925,-15.087250503620135,-12.573132616548307
train:2926,-3.3955285274111127,0.009219424937212894
train:2927,-27.000929651534342,-8.177282850227392
train:2928,1.1701906268621527,-0.02677432540978232
train:2929,1.2674339526730791,-0.10361429089532373
train:2930,6.11734655577197,4.141017014070356
train:2931,11.163967530123907,12.242400288962328
train:2932,-4.273099297006095,-2.6700979555960287
train:2933,-1.7205249906523825,0.10486679298830216
train:2934,3.0729971951518826,0.14317050717091784
train:2935,-2.033796524521792,0.016072636258695913
train:2936,-0.23337363110964238,-0.03579776430348469
train:2937,20.2252585427178,15.898064143501138
train:2938,14.280547244987513,3.7677775313538056
train:2939,-7.2155966147440544,-13.847828638396859
train:2940,1.4985534659177286,-0.1740853071789482
train:2941,0.19050467165708015,0.11045995270540539
train:2942,0.08055169156047122,0.025971941195431378
train:2943,8.600754656176022,15.202551608407612
train:2944,-0.47126744239166485,-0.31554077600140945
train:2945,2.458345528693065,0.025189589313357366
train:2946,0.025363664513539025,0.00024085286825745178
train:2947,-15.248377538100156,-5.541339634386007
train:2948,-14.034611713960846,-1.3373104519129515
train:2949,-4.333759739715878,-0.40203317189197063
train:2950,-6.463806209449601,-0.21288562364119545
train:2951,-0.6653282305173793,0.013344176936922261
train:2952,-14.428647957677203,-19.62710136566121
train:2953,5.402835478466449,10.298903542085815
train:2954,3.7843194103176505,8.175031032183377
train:2955,0.04937415991986732,-0.12355456295313086
train:2956,-0.8778413212959185,0.09746355291384023
train:2957,-2.1515184914658043,0.08923566202713744
train:2958,-9.042880638962721,-10.178184024477442
train:2959,0.37167367446587607,-0.021920291349321233
train:2960,4.7831310996975525,3.700615960540705
train:2961,-0.8354223416150527,0.12597082060373488
train:2962,-13.571459126587364,-10.707695299761268
train:2963,1.4090551837554601,-0.01407451744222006
train:2964,-11.810799958606822,-6.663684182726252
train:2965,0.6951224625516821,-0.1692391194630375
train:2966,-2.3613813258472507,-1.3193504545588406
train:2967,-0.9604174619800151,-0.21723363980856453
train:2968,11.658408066802112,2.7398461923972857
train:2969,-0.3451080549304091,-0.09054085426635525
train:2970,5.0679091809974075,0.07609367687896096
train:2971,-4.356792631992834,-12.764656465911356
train:2972,3.7043584248363692,5.77269717530011
train:2973,-0.7794831257647519,0.15210392709350629
train:2974,21.179014246139438,8.884105474519332
train:2975,-14.029174980637872,-6.928357647741602
train:2976,-7.472121721523894,-7.935504162645078
train:2977,0.6215659340475355,-0.13881028199276427
train:2978,-1.7917334584717612,0.09606590495820945
train:2979,-7.108606314919435,-8.113407899155215
train:2980,-1.400170105515187,-0.012352886787065184
train:2981,-0.5872104064230423,0.21147001193503284
train:2982,-0.19614381672588294,-0.14030493929919924
train:2983,-1.9074722079390787,0.2197033239325159
train:2984,2.7890113315348,0.20255378264005014
train:2985,0.3369690539459551,0.007608641731432844
train:2986,0.4322361360273941,0.9937499216304058
train:2987,-0.0228962933700948,-0.046128261538463916
train:2988,11.032513325095351,9.142668491720496
train:2989,-15.5243770664152,-6.9759276095165506
train:2990,1.6215387523374876,5.387346931100513
train:2991,-7.329944682789075,-3.998343424410128
train:2992,-0.8718104247108659,-4.253744792739934
train:2993,-9.112409828454533,-8.691067197816134
train:2994,3.0547208633869274,0.12560938944158417
train:2995,-2.1798839757741013,0.05422848251174013
train:2996,5.719984299554113,0.056641447452185065
train:2997,16.945999902162264,12.352193189629583
train:2998,-11.27247223600233,-9.639646314422903
train:2999,-21.572228225678604,-18.65964879453386
train:3000,13.918412640330141,2.3779827679922496
train:3001,-0.19820432656746118,-0.5075827694264006
train:3002,2.9924383270766777,2.0630216527713334
train:3003,-17.35970925982781,-2.7594218832435926
train:3004,-2.71009007238073,-9.563018057579411
train:3005,-4.592026423631673,-0.003840886897235038
train:3006,-4.267184629541167,0.16451356297351594
train:3007,3.172304285219751,-0.10550682920086604
train:3008,1.9444955425578039,-0.31303636548175057
train:3009,-19.181298522076826,-4.397017617621065
train:3010,2.2039367217324632,0.37853316748401267
train:3011,-41.45486502742228,-16.98085860998062
train:3012,-1.391014737722931,0.2955452343912539
train:3013,2.379030777119679,0.16150869833235526
train:3014,2.801873710884327,-0.10843651159515344
train:3015,-0.44504173618487186,-0.22576076174425536
train:3016,-14.668249174733862,-5.1526585455943845
train:3017,-0.3485136843791954,-0.029662065525927886
train:3018,-6.893402055093519,-6.939794479558179
train:3019,-5.784796619511579,-5.087428887470388
train:3020,-4.01208309702462,0.12357312036996063
train:3021,3.9075715587972164,0.6161659892667364
train:3022,-2.816284900107213,-0.22186326841488585
train:3023,0.906602508910549,-0.276022875664831
train:3024,-7.8430902042272574,-7.377789415866265
train:3025,2.96966392836288,-0.05362615706036497
train:3026,-2.776983185428103,-7.657973534788729
train:3027,0.3073058715114615,-0.02852559384821597
train:3028,0.17734567559299394,0.06212803954421365
train:3029,-5.107929829632184,-4.148103321643861
train:3030,-0.22252155062179968,-0.20771802112034077
train:3031,12.348419440334698,3.5316950045934195
train:3032,0.24468278387924514,-1.9942820278968205
train:3033,4.769685250164997,1.824839729530896
train:3034,-4.562701351707623,-0.10691075423213708
train:3035,0.859349327665439,-0.13928890901033505
train:3036,10.250232767176714,1.8503731613058065
train:3037,1.9884255008002962,-0.5025683846154925
train:3038,-3.9718980410325586,0.06689219729437082
train:3039,-4.452297635083169,-2.8242886122669337
train:3040,1.1931003162717757,0.04657059289141713
train:3041,2.885950601967479,0.18429533887140614
train:3042,-2.3024322407021893,-1.927033148667996
train:3043,-0.444173388428417,-0.5165116242030687
train:3044,-5.19983172999864,-0.711525598952514
train:3045,5.507982849362365,0.04417061008468276
train:3046,4.722448805913185,4.937673780885319
train:3047,-0.4340011320641861,0.05762224052097771
train:3048,-1.6189688671100928,-0.13979271566087198
train:3049,-5.192215468215081,-11.942122169447748
train:3050,-0.9781923813207506,0.17415629244345526
train:3051,-3.5727997866765127,-0.5365610317805307
train:3052,10.188451875748923,4.078047959141718
train:3053,1.4307835203881316,3.8849385775362606
train:3054,-20.554492575876406,-5.368601360484575
train:3055,13.213726643007037,7.3402164931944345
train:3056,5.128319963557162,8.525207397711085
train:3057,1.0035808323275903,0.1097519271053446
train:3058,6.2953965501422084,4.203294164070464
train:3059,-2.0257441710795234,-0.08451429100845317
train:3060,-1.6357356150628632,-0.5955231012081197
train:3061,-1.6240246013772954,0.07228534655584534
train:3062,22.163794756137836,9.913762723955307
train:3063,-0.17616589064229587,-0.11573075881077063
train:3064,-0.5267343030977772,0.05977427883992129
train:3065,16.54357935463656,5.972189486866865
train:3066,-0.3362594157861632,0.0026468987594170795
train:3067,3.6933705887362205,0.7089558612934013
train:3068,0.5870777321492875,1.2276196365667857
train:3069,-0.6276590700595469,0.08913622744256311
train:3070,-30.3087416026563,-11.357451377296643
train:3071,10.496436728089442,16.535802474401592
train:3072,4.456632343270543,0.5278964676659279
train:3073,-22.00599530198557,-8.331498044557618
train:3074,-3.8389351820247786,0.019044046939910117
train:3075,-0.05995397242694894,0.10128122752001124
train:3076,0.1349907381573171,0.052977133216770715
train:3077,-1.0489270992464994,0.04826454734943079
train:3078,4.3830221169128984,-0.0624891738732154
train:3079,-6.968121572173637,-3.0974181541345907
train:3080,-0.026877024505260222,-0.1024407630722127
train:3081,-0.024811168124156263,-0.32639212785372135
train:3082,-0.16069742196132342,-0.09370492837148284
train:3083,0.23189339641715684,0.07292903213059333
train:3084,5.677387721777697,0.32156285695532527
train:3085,-0.17020961315236371,-1.0469798682004163
train:3086,23.17187873980484,7.757231730783008
train:3087,-3.3984765628139666,-4.40313063332983
train:3088,-2.7481764953798113,-0.6245808969638282
train:3089,0.9151675490016897,-0.1600576837222532
train:3090,0.3913065162918117,2.448396149308632
train:3091,1.7211752357317902,7.959931628001943
train:3092,-10.147079596142477,-5.403470515666291
train:3093,-0.3276266141179896,-0.12030260978903945
train:3094,-17.321286702213328,-6.30237114372622
train:3095,2.406879274301659,-0.12699639765534051
train:3096,3.5006008736768557,7.00803821545711
train:3097,-0.03346349628451084,0.1725156217979789
train:3098,0.9336160160935503,2.978349102460237
train:3099,-1.408942847043991,0.17118966089937626
train:3100,4.560431921289487,5.187587558497427
train:3101,-1.051080127467697,0.5053004219690452
train:3102,-3.6356946179915814,-3.073739027568141
train:3103,-22.179093006005516,-6.22118744189761
train:3104,21.986663436733068,8.500602973130935
train:3105,6.059676920781246,2.3973041774562502
train:3106,2.758936349327703,0.2454684368628763
train:3107,-0.2618992791454714,0.10223070654100753
train:3108,-0.6171268521102886,0.20814437446257325
train:3109,-10.374221051521724,-4.110455419204843
train:3110,-4.183998053518173,-0.2564020924910328
train:3111,-2.229528222478425,-0.057823024099532494
train:3112,0.8075642567975303,-0.2446673135727575
train:3113,17.053380731830504,9.433075684288003
train:3114,0.27047983709101675,0.13999530552260975
train:3115,-1.3904875224340434,-0.05522752465268463
train:3116,-8.481924501419309,-2.3155721472928517
train:3117,-1.0355684215540384,-0.17972411835525343
train:3118,0.7046567372755461,-0.01497427917092918
train:3119,-0.7330219297441745,-0.11948288077474378
train:3120,4.0843588400064155,7.369848855362443
train:3121,2.1305947521840674,0.24314463492868524
train:3122,3.320591256341308,3.5166745332294864
train:3123,3.130827226328379,-0.02270078864086518
train:3124,-0.8040074701111533,0.4258530448590204
train:3125,7.066856176977197,10.01867662492035
train:3126,1.1784143020274858,-0.12133447542781431
train:3127,-4.302548036713957,0.12898902403063114
train:3128,0.9486941873891425,-0.1391058751910971
train:3129,13.603321074668692,8.080319661706739
train:3130,-0.5206455244109024,0.25330657841664217
train:3131,0.14704520889285425,0.3560366277021094
train:3132,-6.842051099989277,-7.035677380606589
train:3133,0.5005649111665529,1.3502732665952895
train:3134,0.9395518372583403,0.005841787599506015
train:3135,8.196573934855145,10.936178510675367
train:3136,-3.4915430789640762,0.07575949393152143
train:3137,-3.2209389064052396,-4.684427791891963
train:3138,1.2079592794468121,-0.006275892932825933
train:3139,0.5608813156807659,0.2362103209367137
train:3140,2.9359449307816203,-0.024241953371362188
train:3141,-0.5580908275833738,0.18872067719779861
train:3142,1.0176352575331205,0.3072966332938949
train:3143,-0.5995967112965367,-0.516100618409441
train:3144,4.404761611541102,4.38005832603027
train:3145,1.917548285973274,-0.017835627037223606
train:3146,1.3138089066865235,0.02077138402746523
train:3147,9.842584698744263,2.491403247736342
train:3148,0.010077210634682532,-0.04916579550511602
train:3149,2.2089217886946297,0.9385035243298332
train:3150,-4.182368986170499,-0.3667272606404203
train:3151,1.3407178076614121,0.0800383909364425
train:3152,0.12268265548166694,0.04799869892998423
train:3153,-0.93693941217298,-0.0823599701165495
train:3154,0.038891223117542006,0.0790012468476974
train:3155,-3.179108975905168,-5.587493830282454
train:3156,-0.7450537358012872,0.009551325311692324
train:3157,-5.46194885220594,-0.22331384353102895
train:3158,1.3667484814046351,6.12154565400828
train:3159,11.262476823511236,5.402661854376299
train:3160,-3.5592200411975736,-6.60039585290482
train:3161,-8.174885289200128,-0.2899267408688456
train:3162,0.5038072387015633,-0.00280795130238512
train:3163,-1.0054676364822734,0.20872643056739854
train:3164,1.4396771402018658,0.1253224985526617
train:3165,-0.6540282030005744,0.1337322106417174
train:3166,-0.3817905463874993,-0.12988798961335626
train:3167,-1.5797345653206554,-0.4743161944538889
train:3168,-1.0026537294840443,0.1924457649382756
train:3169,3.6048384030204317,-0.1946510042278225
train:3170,25.59116276971938,8.119373914410797
train:3171,0.46767730048154793,-0.13779910217144029
train:3172,-15.134188471491466,-3.477000621785637
train:3173,-18.29960487313277,-12.166699957845994
train:3174,-0.07493892796820087,0.04045943177318138
train:3175,-12.49288264648095,-3.461320486836235
train:3176,-0.07829144070908997,0.1457361191780694
train:3177,2.0342423225789,1.107245726282181
train:3178,6.6111594552015,11.076836362909084
train:3179,3.828236815815169,-0.1492650367932589
train:3180,-0.5874433295797731,0.1393315047736509
train:3181,-5.596659797180402,-0.10616635012552472
train:3182,1.2910721662076465,-0.04339587904441511
train:3183,1.072745527298689,-0.38974879220314645
train:3184,3.5745053921666567,0.09837986329651008
train:3185,-7.629122157322992,-4.23157501754335
train:3186,0.03891516631628779,0.18288171290505467
train:3187,-4.121717841790326,-0.026723252839800093
train:3188,-2.105462935074464,0.15176211179273144
train:3189,1.9043425658028976,0.43352363129143395
train:3190,2.3739845736403264,-0.24267291544887076
train:3191,0.13649125609813248,-0.02256768610512938
train:3192,-0.3635359494680075,-0.37724143366828256
train:3193,0.5801731412682544,0.13539356710464465
train:3194,1.0843470531530985,0.01130954846461378
train:3195,0.6357193864634122,-0.3185362250291097
train:3196,-0.8425592745072159,0.2681968717914447
train:3197,0.42918535408234976,-0.18015837786091232
train:3198,-8.315242644830269,-0.12915128919048424
train:3199,-3.423100399287195,-2.442581925154895
train:3200,0.7903829195732739,-0.06784794187947843
train:3201,0.13428720329319974,-0.9705489112571628
train:3202,0.9017243727388976,0.023987957310675115
train:3203,0.2488447162126856,-0.1756808256780576
train:3204,3.3927411800337004,0.20672818060164166
train:3205,0.11886011217899183,-0.036157911518345354
train:3206,5.885126817676216,11.469179840015185
train:3207,-2.244585472532395,-0.17513186688115373
train:3208,-5.67690577646423,-0.031249951671701942
train:3209,0.15764693185594744,0.033897105843301016
train:3210,-18.46041948373789,-4.298438712585158
train:3211,-1.2858562088314835,0.15603929686793244
train:3212,-0.08990063768542775,-0.9502300174095992
train:3213,-13.864928356573696,-6.7351281457341186
train:3214,5.016278811088386,-0.058011907011980696
train:3215,5.530814897719744,1.5568225804506213
train:3216,3.249651975164139,0.029871003793710937
train:3217,-0.03526400158436915,-0.06271286602330511
train:3218,-1.2143088168978196,-0.2961001734306491
train:3219,-0.23994847997688046,0.009597476083729337
train:3220,-0.3243501152216623,0.38123188202690006
train:3221,-0.5669426049138632,0.9238549696975862
train:3222,-9.623528778954213,-4.0561886736865835
train:3223,0.5631954374624571,4.590540655756664
train:3224,4.401224062040973,0.15813419953246854
train:3225,-0.22632038318396924,-0.3905140247880197
train:3226,-1.9476033336194014,0.0002730228809138535
train:3227,0.18294164281053824,-0.19181818852352933
train:3228,-17.877882853002607,-5.234767830758315
train:3229,1.864719593835762,0.1370894474835934
train:3230,-0.8769105585019564,-0.8477420635187125
train:3231,-1.8171942608390106,-0.7313743541007023
train:3232,-1.8132136459329655,-4.266424485533286
train:3233,5.951952982750397,9.373502812602373
train:3234,-1.2020596623860729,0.14578590780076156
train:3235,-2.8233702272700407,0.48858899202410855
train:3236,0.10277714013991784,0.003087292679906234
train:3237,0.4062805462957718,0.3919542685069663
train:3238,-18.213400059318364,-6.342961568032425
train:3239,9.898376536070245,18.426862813952226
train:3240,-3.5493373115715743,-6.297284429884639
train:3241,2.1110603564228776,0.1654325839115759
train:3242,0.31278235519351716,1.8731027375208549
train:3243,-1.4026090573718926,-3.1318362158350674
train:3244,0.3862003385864746,0.20988883084732912
train:3245,-0.18395184694123778,-0.6962492654258348
train:3246,-2.121541606636093,0.055429115888752344
train:3247,-4.974629441259561,-0.10239297170086062
train:3248,6.376098612493408,12.343642671321051
train:3249,1.1306720286448892,0.007011463580746877
train:3250,-1.06198823039144,-0.35344953373152294
train:3251,0.8433243539573075,-0.13857303706572394
train:3252,1.7454543366347277,0.0596962433768479
train:3253,-1.9256253368367013,0.03796393755414786
train:3254,2.282594081402421,3.0161331033120002
train:3255,-0.020593445813055694,-0.009203578075773239
train:3256,1.4541774203121962,3.228180422124161
train:3257,0.3289930630356086,-0.018557348075045
train:3258,-3.433538239190912,0.24106777885661493
train:3259,0.19006021150172167,-0.1300248013301522
train:3260,0.05358630323320186,-0.12070548391649696
train:3261,-7.424256710190446,-11.414699448422413
train:3262,-2.8316262141307686,0.23253980095606408
train:3263,4.022915477943469,0.014532541484273936
train:3264,0.30405471056332145,-0.07964813077914157
train:3265,-1.0037190855991112,0.18525530346193791
train:3266,-1.1080949275956362,1.4918835223966074
train:3267,0.49859994166171745,0.056733178353019054
train:3268,0.9847386972058659,-0.22680475355188073
train:3269,2.1031242321007344,-0.13679355745211155
train:3270,-0.5552120647361147,0.24914409263268614
train:3271,-2.3890020139537853,-3.0410916718414613
train:3272,-2.6792809870509227,-1.0292489841071755
train:3273,-11.374490718984475,-2.4170002740262024
train:3274,16.282268397606448,5.841695932024471
train:3275,6.419056895291654,0.3444068471399987
train:3276,-1.2484241557787064,0.2601420997976844
train:3277,-8.415638569295469,-6.6134864088309895
train:3278,-1.6519983935507705,-0.0005746676521430072
train:3279,-0.05356462523543054,0.02590966975186368
train:3280,28.28717810648927,8.268787145876214
train:3281,0.039316854155440215,0.12079458710387479
train:3282,-0.21275551503240614,-0.09076468907725496
train:3283,2.6627795333317064,6.491015467481227
train:3284,8.282049759628123,3.3353794639438825
train:3285,-5.211992085462612,-5.653067586280185
train:3286,-6.3308605523515995,-1.1885199348832114
train:3287,-0.23202932510627516,-0.44269606788965893
train:3288,-0.6818601956474967,0.3478312772233876
train:3289,-4.334061005595243,-4.250536065801275
train:3290,6.900549972904401,0.269124452378105
train:3291,-1.225979615307824,-0.10538785008532087
train:3292,5.912104991206699,3.4792828496052404
train:3293,-0.6637000930026666,0.18631341868975393
train:3294,2.217606428550379,0.2781923301141243
train:3295,0.20895953135054757,0.057260952019637004
train:3296,-0.03421410394227889,0.13724566107055017
train:3297,-3.6147524551274364,-1.0046134594704441
train:3298,10.498363341984636,15.12157162621569
train:3299,4.530177946237398,7.673720945821577
train:3300,3.322264490754629,7.089768593509664
train:3301,-21.90181867670094,-12.068542472842845
train:3302,-1.0550626020396647,0.1858456338937436
train:3303,-0.8123029748727237,0.10413223247758022
train:3304,-0.10496788344372826,-0.195995439701321
train:3305,-1.8930658409578096,-3.9475958357531016
train:3306,-0.1371180203615392,0.13281347502527743
train:3307,-0.36717775648888806,-0.027363443224702938
train:3308,-0.5336046063883735,-2.892020540998439
train:3309,-1.7795747302154719,-6.261440616048961
train:3310,25.454083075276767,8.350900996186065
train:3311,-0.13489444106442544,0.01858025664657996
train:3312,2.321715873403577,9.721370355580941
train:3313,-3.3493553471502056,-0.08617215228153527
train:3314,-0.1350396112354617,0.04520461563560773
train:3315,0.7236443912556672,-2.404347116143512
train:3316,3.898166763313172,0.13405462407233143
train:3317,4.389780607789934,9.158871906521
train:3318,11.616753409815189,5.881942258456941
train:3319,0.5665698012779299,0.03745413914959069
train:3320,11.660032484984981,5.958199597194417
train:3321,-0.015096157118497627,-0.12085741767915356
train:3322,1.3846087129195426,0.1253573077903032
train:3323,0.8341945565714789,-0.058043649042207074
train:3324,1.6835665144164231,2.658198842936155
train:3325,-0.4196718249895601,0.28767178428701157
train:3326,7.581691204905518,1.5227457634076793
train:3327,-0.25347266793639983,-0.5025270129805908
train:3328,1.3067451981400393,-0.3387471246434986
train:3329,-0.2489664649491487,-0.19628710972737867
train:3330,-10.808901223796395,-3.808165722450298
train:3331,0.7829496024247916,1.775142695078755
train:3332,6.387335178910624,8.6727158220413
train:3333,0.10422756332995928,-2.1881891687518324
train:3334,-10.74870197823527,-8.771967860597693
train:3335,-7.4668412001383695,-1.3741145156607821
train:3336,3.0492032345963476,-0.2521902460668146
train:3337,-3.7248855903602394,-6.0193338086036325
train:3338,0.9368885631997933,-0.20662823519270335
train:3339,0.4018932456984087,-0.02756452363640667
train:3340,-0.9333453753204709,-0.6163373133880248
train:3341,1.2723641594905466,0.023023570235033167
train:3342,2.4758812485045825,6.103097899344758
train:3343,-11.491827270166153,-3.9472414663010453
train:3344,0.9888871469613719,-0.28813377980868765
train:3345,-0.05756220959301411,0.19773840965910072
train:3346,-0.3210360743195346,-0.08494134614320673
train:3347,-11.222325414582583,-3.634637392983052
train:3348,-1.1010849169026495,-6.5935960680566845
train:3349,-2.7208566082361605,0.10842140106082174
train:3350,0.5283906274409884,-0.508464555893049
train:3351,4.648249065458266,1.512682184548222
train:3352,5.434783609173483,0.17803966235263413
train:3353,14.089099287482211,3.9931119926883247
train:3354,-2.257726801770222,-8.242293951990458
train:3355,0.6881819568725304,-0.03316980952236043
train:3356,13.005316672627155,10.045256045754225
train:3357,4.72484080120536,0.08242139710678612
train:3358,4.516508006961241,0.18607189393841342
train:3359,5.70041875438873,0.05251127434169546
train:3360,-10.8897939019046,-5.775895119836086
train:3361,-0.26696128978516087,0.04995293803585421
train:3362,-1.330433795731313,-6.328798773458249
train:3363,1.4434062352919605,-1.7781175181078803
train:3364,-3.244897447394872,0.08438683508624159
train:3365,-15.393518884314647,-8.851529794338152
train:3366,0.851655192371396,-0.37830539798930884
train:3367,-19.745695971408903,-11.243415173496563
train:3368,2.87331789135932,-0.711201544922585
train:3369,-2.680729666804162,-0.36333057808457764
train:3370,0.9479814704245353,0.14145957607651344
train:3371,-4.246177843286232,-0.08935676954330374
train:3372,0.2505059790266341,-0.10197954067346265
train:3373,-1.5018849980355675,0.21999506528897858
train:3374,1.7824454164057504,1.8699493629764776
train:3375,5.040390309600102,11.556780425077873
train:3376,4.200741382570105,0.44007647027744895
train:3377,2.7436354830379512,5.361963578497729
train:3378,7.8818017668158,4.716180889842647
train:3379,2.8362696268611955,-0.12874855772383673
train:3380,0.8147236219098777,-0.24993848784167672
train:3381,-8.926894205240417,-0.42047678939200267
train:3382,0.36050138275208865,-0.29040715114654153
train:3383,14.974924184271998,7.220112069179931
train:3384,-2.5255684406019245,0.03359987204565309
train:3385,37.560777879068524,11.904497318241075
train:3386,0.030342338874098776,-0.006031871617310322
train:3387,2.6682441616435093,0.43966360989329095
train:3388,-3.490505385379599,-0.2971998742845819
train:3389,-17.704186336555775,-7.43746614462158
train:3390,-3.4600538208232967,-0.3530615676587111
train:3391,0.6141487727467505,0.02295445107258516
train:3392,16.589444295270898,11.945162496811722
train:3393,-19.31474814863969,-7.610658650542072
train:3394,-0.33055512302866225,-0.37424955116083247
train:3395,0.7746638609093117,0.11868720161846316
train:3396,-0.10943642819605887,-0.5927438546379837
train:3397,0.799077555133354,-0.2107394344154621
train:3398,-4.7337097210642005,-7.556255806611066
train:3399,4.61944702457478,2.785402639499807
train:3400,2.0314477096146115,-0.11457905809159055
train:3401,2.839064239825484,-0.020259862181659025
train:3402,3.1620063851766647,0.21703685073268994
train:3403,5.664784300907808,9.32721337425804
train:3404,-0.7118531200957853,0.12301510261162135
train:3405,12.000048223166061,2.3946997617087766
train:3406,-11.69647978555063,-2.2187345601038806
train:3407,31.874808409897103,12.68443880326923
train:3408,0.15178317274563485,-0.08267196930803306
train:3409,-1.7707387600453197,-3.9022559477601697
train:3410,-0.49671022924529507,-0.022261678667666082
train:3411,-2.731780750778481,-3.161299096960789
train:3412,5.355832422287849,0.5839334911755546
train:3413,-2.239833561185199,-3.7023270941147954
train:3414,-5.398756474343351,-0.11215168440933498
train:3415,-0.17890634083660606,-0.012023268985545857
train:3416,16.44322992181941,10.873598349114806
train:3417,0.0738078455525712,0.09936218996901029
train:3418,-0.1095338281987237,0.03147094477793051
train:3419,0.6429418639879875,2.0035784597619983
train:3420,0.8441161067235999,-0.04077548528622116
train:3421,1.8265071784704645,-0.17153709979061738
train:3422,-0.12574011933425044,0.12464343309703216
train:3423,8.356236482421588,1.4926939784582527
train:3424,-12.224148832923168,-3.9411635451515417
train:3425,-0.7445511610858662,0.27079344119436755
train:3426,0.8533688745185208,3.1304089772728894
train:3427,-8.719486594792494,-11.237255650363736
train:3428,-1.4474923268576512,0.5924500562113049
train:3429,2.166552322618937,2.7506484689309554
train:3430,-8.519427454235363,-3.4389903608892043
train:3431,2.1113941664558773,0.09544875429412261
train:3432,2.0537736963829665,3.7795447656063574
train:3433,4.037587777151584,1.0480678823794578
train:3434,1.2947394274058346,0.028777508685013387
train:3435,-21.10736753515576,-8.535954952312588
train:3436,1.3820367949494137,0.07779069854438975
train:3437,0.3076616488481645,-0.14572555076659996
train:3438,0.20216396338419185,0.36708420949858483
train:3439,12.351696171689266,2.2131333515625413
train:3440,1.9993038490692872,3.2706565370170284
train:3441,-0.00856419679658571,-0.1529308489671783
train:3442,0.5891489350699172,0.2236516045102476
train:3443,-2.3374162760268913,-0.1505670306757805
train:3444,-0.324722280864303,-3.3774179552905266
train:3445,-2.687678308521723,-0.10589572256894295
train:3446,-0.15070962121073112,-2.646837966489377
train:3447,-2.9186892637681754,0.11549288342161425
train:3448,10.366812434328136,5.2517712275624575
train:3449,-0.03392794784853084,1.110966320207143
train:3450,-1.9253803258514774,0.04842932058498795
train:3451,-0.5711554456019184,-0.215887635066156
train:3452,-4.883026017273585,-0.04103384401314239
train:3453,1.8082643206921052,-0.027796632774286775
train:3454,2.7452417694780804,1.6676928555550425
train:3455,0.6581629971013336,0.07939163815427937
train:3456,0.49502775588379183,1.473110073103841
train:3457,-0.07254623530130502,0.3938926722629256
train:3458,-0.6252101224985106,-0.5935781350549001
train:3459,-0.07013901399439354,-0.05453126856944934
train:3460,3.410833404872377,2.8263063469447856
train:3461,-3.253755501097848,-7.223850983507451
train:3462,4.536531959776398,0.7689277552646192
train:3463,0.5764121993992455,-0.22552437278207504
train:3464,-3.5767883051627263,0.024439336113534743
train:3465,-10.126039335900947,-5.063803116046881
train:3466,-2.068092483455353,-0.2873277462321526
train:3467,1.3483331396120102,0.08978640408416638
train:3468,4.989505200809322,3.716335755195289
train:3469,27.821716743873623,11.999653219801692
train:3470,1.0543771420705945,-0.29819022562764497
train:3471,1.318939492507087,0.3240052100226315
train:3472,0.7861419514381484,-0.24316217069678703
train:3473,5.18647590118649,0.8032050820760248
train:3474,-3.1593583939805456,-1.0157816609817798
train:3475,-0.3061484025518274,0.06583579399627489
train:3476,2.7497184502688197,-0.06500228670228467
train:3477,-3.9793845911180576,-7.534796767569933
train:3478,4.654412463240261,-0.04540782444793259
train:3479,17.739766686648146,9.699771508946002
train:3480,-0.0052763074464861615,-0.13461833675154197
train:3481,0.24631068893571764,-0.11592627545088413
train:3482,-0.6446991889028514,-0.30303241884087556
train:3483,1.0102354143712342,0.5209126503728841
train:3484,2.1227994975555156,-0.014538593057170243
train:3485,0.6168672556373571,-0.19547608302249342
train:3486,-1.8891140508735553,-0.45078465049539057
train:3487,-0.652278722284451,-5.121830115195284
train:3488,7.690689014092938,4.495069759127552
train:3489,21.330113961968024,11.126462922921082
train:3490,4.115861580725129,-0.296098247509714
train:3491,0.8980712914933648,-0.2609645991862462
train:3492,-1.3353419190159568,-7.497201078987378
train:3493,9.216269672539129,12.454215070654179
train:3494,1.0895852671388977,-0.16860413619769987
train:3495,0.31685420995886066,0.07686903838134466
train:3496,-4.476062305900433,-3.941442019052674
train:3497,2.1635122337529444,0.18156823482732756
train:3498,-0.1650844901004463,-0.056064301633776015
train:3499,1.2869616071453014,1.1414699119418594
train:3500,-0.0721140954326798,0.14859960695651392
train:3501,-0.0668275301329086,0.8684400899803966
train:3502,0.39455163332570514,-0.21034754517037507
train:3503,1.1353986020438975,0.011020517663541216
train:3504,-8.134227413147398,-6.705349698896664
train:3505,-0.06930251301685303,0.28319194953119675
train:3506,0.49358756085632144,-0.029715420668870215
train:3507,0.34770990316583805,0.06164827124016278
train:3508,-2.7270055936072604,-2.8377372468262183
train:3509,-3.121576491276192,-0.1599350667560529
train:3510,0.7852941762359557,-0.058337173658794844
train:3511,4.286615175850392,4.81788891708523
train:3512,13.215497974797744,1.599978616763978
train:3513,15.575569311922779,3.5499313359365128
train:3514,1.6437717558097424,0.5179784741630815
train:3515,-8.08528565524511,-7.180729185788496
train:3516,-1.6468243380392806,-0.04534705094286995
train:3517,2.089020641977391,-0.32718346736682574
train:3518,0.835216442995619,3.1341387014896918
train:3519,0.6396374701028302,0.21022080255221354
train:3520,-4.348369275199126,-4.243412440914425
train:3521,3.8771120906607455,7.323004751788806
train:3522,4.25910885719806,4.2208568510687074
train:3523,1.8405839196670586,-0.18162093648509592
train:3524,3.917454753339696,0.2860357501178604
train:3525,0.14726650913757247,-3.7653757537754173
train:3526,2.7467494936243435,0.415817284857514
train:3527,4.130097323358054,0.3872581599631821
train:3528,20.142453198208816,8.383169159479747
train:3529,0.2309675152462401,-1.3095443784614442
train:3530,-0.5549459000510282,-0.10884566279825122
train:3531,-2.2828899413608315,0.0019217538621555535
train:3532,2.7197866623377167,0.20663787630890773
train:3533,-6.148931294868065,-11.831614823443982
train:3534,-0.8494235338835655,0.2325654799018652
train:3535,3.6850806629724158,0.828458542011298
train:3536,2.9568220053384953,-0.15397797931262383
train:3537,0.46034196448133113,0.7560804360195106
train:3538,6.1706920025775585,1.2224654441620715
train:3539,-9.562889722402533,-8.756878912044955
train:3540,-2.15705983099689,-0.09466325236269948
train:3541,2.5265599343780205,-0.034770749132250034
train:3542,-27.827725962460903,-9.318047762355638
train:3543,-0.4997275372037434,-0.39660664000095464
train:3544,-0.40489991742549747,-0.2968198258867254
train:3545,-3.0344832220675526,-0.17557197548002285
train:3546,17.58857212785754,14.210173340555977
train:3547,0.7374528756430125,-1.162683634208658
train:3548,-13.98853198191252,-9.068530581795349
train:3549,1.7364098514230708,-0.06832856614838931
train:3550,-1.838802649019713,-0.2419581134603347
train:3551,0.943600562428779,-0.23675106522551326
train:3552,-0.7336570056565381,-0.416874603939346
train:3553,-2.100214957842574,0.1210131434648043
train:3554,0.7328646148969531,0.07791160358087
train:3555,4.498116375909122,0.05892558968119439
train:3556,-0.3062079118613315,-0.04221457620715874
train:3557,-5.515866146282544,-0.20760617504529588
train:3558,-17.54509005726258,-11.620717636082091
train:3559,-7.660746241243117,-3.5400273116815177
train:3560,-0.5808001379899014,-3.095168963804033
train:3561,-1.813639509429104,-9.726363543750034
train:3562,-0.01812729634224078,-0.015507259957112357
train:3563,0.028413051709141823,0.15369659237641556
train:3564,-23.83672854157307,-10.896042948850338
train:3565,-1.8665828034790595,-0.11563317881672638
train:3566,-0.35043146486126,-1.5559579731000497
train:3567,-1.6798359651954589,0.9321531210332172
train:3568,-1.8593249923019664,0.1452739694840543
train:3569,0.4921263283581083,-0.18269403109796256
train:3570,-0.773603327035862,-1.708616024689058
train:3571,-2.552627509600015,0.043346030602846905
train:3572,-1.8785404553575322,-0.9449145469591731
train:3573,-2.242560296343335,-0.23969929352510144
train:3574,-1.3623184653387583,-1.9972439516341693
train:3575,2.493749848516139,-0.12527305507046557
train:3576,-7.870486802590191,-8.363003257839388
train:3577,-0.7247517629307912,-0.1686507862825719
train:3578,-2.8222395503894635,-0.0994301919986518
train:3579,-0.9659574067616591,-0.07257686240956407
train:3580,5.385629849356087,0.4572515478549058
train:3581,4.3385570398013495,1.7032988538204408
train:3582,-10.366708001196836,-2.1592365853435034
train:3583,1.591447265595333,0.4159599456675202
train:3584,1.1519672955759743,0.11324997016669672
train:3585,1.105489362562099,0.2978352257134735
train:3586,-1.4534597623431154,0.14333142856460482
train:3587,-4.430638106089612,-3.9544044655714576
train:3588,0.9815121768311924,-0.3260503125529465
train:3589,0.09953609112522871,-0.23381539107720561
train:3590,17.82831281985835,6.625654174819162
train:3591,10.656794790710714,4.377910424874817
train:3592,1.456777233271155,9.221910294603301
train:3593,-4.84545658140082,-0.17389100315571976
train:3594,2.0070003089457327,6.741687629959327
train:3595,37.56355993928784,18.889586004423546
train:3596,23.96443674144142,6.220282341900054
train:3597,-9.69849842110084,-3.867734028990008
train:3598,-6.069736956663129,-1.6507371074614412
train:3599,5.764092320808637,1.1155017926788602
train:3600,-8.88474394728528,-0.7022973704660478
train:3601,0.3414345767411624,-0.09916184701503011
train:3602,-0.4752287632637694,0.18202089757747725
train:3603,-1.2210821851022313,-1.6093363697544008
train:3604,5.776058341183759,3.4310181296855617
train:3605,-0.36163165156387744,-0.35703224598361377
train:3606,2.7390646566599104,-0.0027648677377632574
train:3607,0.4824016703354793,0.15554790170786606
train:3608,1.923186560590544,4.850940573547467
train:3609,1.4286883742687562,-0.029793884114373614
train:3610,-3.1486867010871373,0.1938143814190701
train:3611,-2.580339321336728,-0.6886321767971735
train:3612,-3.9416291886530925,-0.5167557168489894
train:3613,-1.093992151076134,-0.26694665227142633
train:3614,7.122683812872177,2.589166132939013
train:3615,2.8691392220325813,1.9959583752563272
train:3616,1.0182219821315122,-0.22482619077790472
train:3617,-0.6877053580985892,-0.09840346214903714
train:3618,0.5566531327488541,-0.09414325371022689
train:3619,16.925511962699566,6.5675221773145935
train:3620,-2.0234381853362406,-2.6836883950004595
train:3621,0.022639370166926215,-0.0971079593333708
train:3622,11.63726366526895,18.258338169735136
train:3623,1.5474401312170771,3.110790833324076
train:3624,-7.064489460251782,-4.112363079556246
train:3625,9.598886637661431,9.312405182179397
train:3626,17.52256328595608,4.195428417649962
train:3627,0.30638277983942774,0.011326239779384503
train:3628,0.7805304095185073,1.6919822850666988
train:3629,-1.9782478385151117,-0.053962123267929596
train:3630,-0.29632123044524805,-0.2923757989942221
train:3631,-0.6892172664931769,0.13657608255878606
train:3632,-0.242313045196706,0.06153171735838772
train:3633,22.14569648738491,10.841482547566208
train:3634,0.7276893970942617,0.34713559178339237
train:3635,9.33294139315369,4.995026279724013
train:3636,-28.676905212424682,-18.654398876725633
train:3637,0.8505898362563291,-0.006543453281992559
train:3638,-1.8169394866076964,-0.21440125208670135
train:3639,23.012362176013273,9.472825551101652
train:3640,-0.7658638623849702,-0.3793950412561362
train:3641,-3.625084294073599,-0.12479499869613478
train:3642,-1.7518466464019413,-0.07934683114840846
train:3643,-5.047418625112641,-0.030840800468604143
train:3644,5.320132880499656,0.3140175267140972
train:3645,1.0920521139844332,3.875618832140175
train:3646,-0.6434176466243517,-0.9317568691218958
train:3647,2.4634689083081804,0.01346187210517738
train:3648,0.3423887015882696,-0.06047737113050791
train:3649,8.637428197990863,4.826727610229974
train:3650,10.261843591360732,10.515752538441165
train:3651,3.188495001653181,0.22428844236611528
train:3652,0.09611349222490415,0.15636656076608665
train:3653,0.163038800738552,0.004789806786520273
train:3654,-4.704738915498292,-0.44517337285541664
train:3655,2.37860444870706,0.09190206389655839
train:3656,0.35445758473470224,0.16364497263179317
train:3657,-0.23514519535858952,0.18814290091727348
train:3658,5.731541193426395,0.11772110261310115
train:3659,-14.009389994893693,-7.745268825718005
train:3660,11.886870814818941,8.203980334393076
train:3661,-0.9074527817719565,0.18178208338152685
train:3662,5.329411683617486,0.866518163547993
train:3663,-0.3131355161081493,0.09006687523663859
train:3664,0.46402468415249576,-0.06181667081484615
train:3665,-1.4179231737813391,0.09439434824736677
train:3666,6.585331485043775,13.472104515194363
train:3667,-14.835643283371029,-6.774784997699643
train:3668,7.144652046408787,12.020864029033415
train:3669,-1.178578125705434,0.21857559022941686
train:3670,-0.7805856751982587,0.20249472106470756
train:3671,-4.422598770308797,-2.448133142593856
train:3672,-7.103333232197598,-0.30666113920419336
train:3673,3.8204387716877344,2.1658775288912264
train:3674,4.453148259165672,0.3870672797993938
train:3675,-0.03668211307901581,0.25726070808758406
train:3676,5.7352600603539186,5.4548751401953295
train:3677,6.864614253544115,0.11960522393085307
train:3678,0.055067178452716095,0.050267933104347906
train:3679,0.024128846341329696,-0.08757037088040606
train:3680,13.774640938067204,4.310520311444087
train:3681,-16.380941049755247,-8.288977134170409
train:3682,1.6683881536192828,0.18424326767575389
train:3683,5.620832956507213,5.077455695745598
train:3684,1.0346419023898288,0.16397516107655252
train:3685,1.6269794374505446,3.847458729531431
train:3686,28.396158248850433,9.182724223310798
train:3687,-1.164776382607056,-0.39942048181751705
train:3688,-3.1081766684752066,0.2980908738850046
train:3689,9.603712470729027,0.6746549241179396
train:3690,-4.073002033297562,-0.4884043060940266
train:3691,-3.6300244965953974,-2.025015446196457
train:3692,-0.1043462901092991,0.07094454893300203
train:3693,-2.8134605324881723,-1.9141856867620772
train:3694,-1.9768489048252853,0.2881903563313841
train:3695,-1.304640229393145,-0.8784460223610826
train:3696,20.74195928048237,18.344095577132546
train:3697,-0.24817889643118085,-0.13322953376613159
train:3698,-0.8261600430322814,0.2884210388611641
train:3699,-0.4624254283072661,0.15808655082192646
train:3700,-3.388172618856634,-0.3529518614958163
train:3701,6.97536247328062,6.665321298363007
train:3702,-0.07784535334604975,0.16411561064400365
train:3703,2.1115234132374563,-0.2578711421820717
train:3704,-12.697272019137465,-5.161247296999998
train:3705,0.7927481821678202,-0.19856861273140286
train:3706,1.0244176916089018,-0.35760745436955876
train:3707,3.8614969408301754,1.0212452248645214
train:3708,3.397786918596572,-0.16113184829119492
train:3709,-1.0492230185863378,0.07376901897990987
train:3710,-0.6871865113063507,-0.318818550772112
train:3711,-0.6699160263469583,-1.9417122327135843
train:3712,-1.899574206768336,-1.8903757402328518
train:3713,-2.7724707060683653,-3.4261865531911475
train:3714,-1.096940883853708,-4.508701629985762
train:3715,-1.081719750740362,0.1527476126682543
train:3716,-9.602803732086462,-4.436630244735488
train:3717,0.33271192996313215,-0.25904566863085277
train:3718,8.350533816871769,10.502116447577531
train:3719,3.6339798329346835,-0.13035434780126653
train:3720,-5.203404613151287,0.2608428496964349
train:3721,0.1707826820960086,-0.23399485837619338
train:3722,1.0087892916586374,-0.1810092069317893
train:3723,-3.722103530140924,0.30604350073880043
train:3724,-0.7259280016264575,0.14855623807027202
train:3725,0.6574665522135439,0.11730802823772818
train:3726,-9.445693575997966,-5.58257945069936
train:3727,0.001980573897646165,-0.008662608284229711
train:3728,-0.12501973124771493,-0.13723716124082586
train:3729,11.175303123751469,19.947436453776188
train:3730,4.079865887138858,9.866560256426935
train:3731,0.05804461982296143,-0.06850460958793697
train:3732,-1.0619084972150343,-0.0972802935918583
train:3733,8.174005029225729,1.7237517061686003
train:3734,3.755449956544491,0.1655407208055606
train:3735,-11.861367994357899,-3.005627050438779
train:3736,0.5032174921460484,-0.19926294289370305
train:3737,-16.375309981343424,-5.40550885331966
train:3738,2.22084945346011,0.4215592397994537
train:3739,1.3390345775437602,0.31041933576412073
train:3740,1.041250225243663,-0.2504348047996883
train:3741,11.805324464139154,8.240083790902966
train:3742,-7.738007921638612,-10.75994910125034
train:3743,5.1098888146042,-0.00010260303183247388
train:3744,7.3567799538832315,2.081708221630806
train:3745,-7.833638452178682,-6.668964344626202
train:3746,0.47412359994192765,-0.24378866564392931
train:3747,-1.996298685787024,-0.059497434026575285
train:3748,-0.7483983449620077,0.16599053033951017
train:3749,6.8399220743482525,2.743922297060783
train:3750,7.313108954120378,0.3441031222754955
train:3751,0.19263119963888944,0.4213426806898643
train:3752,-4.446712593402916,-0.247645500642447
train:3753,1.2791870413001316,5.7332463255442345
train:3754,-12.461180921508582,-2.2576378776709527
train:3755,3.7705792686529387,6.904006528941146
train:3756,8.803776244546903,3.101036828422332
train:3757,-7.494835681095227,-3.4020409257759776
train:3758,-13.267470696313227,-4.267048198594633
train:3759,-0.037664481602313366,-0.07233369705890849
train:3760,4.242374188482445,0.4750456306869796
train:3761,-0.6438072466350111,0.2636997750776191
train:3762,-0.8810129815258928,0.17732279178235294
train:3763,1.449379482233431,1.9949316454067128
train:3764,-0.7100397133635931,-4.943643910281335
train:3765,1.408826677305294,0.10485901797415682
train:3766,-0.6048797897227041,0.19288002444393448
train:3767,3.230617829535968,0.44178740137185335
train:3768,6.506140866170683,5.325159372089089
train:3769,-3.318892624598371,-9.960975522880876
train:3770,-4.855545269027681,-2.1591270218414187
train:3771,0.45798181596807036,3.8921569292009544
train:3772,-1.17787749656932,0.2211954133443708
train:3773,0.4019640292325649,-0.13286203951955558
train:3774,-12.750378498872076,-17.103028762524012
train:3775,8.880099723484749,6.201247395342546
train:3776,-1.4537868310871476,-0.2527805764986203
train:3777,2.667452408877217,-0.082969845079326
train:3778,3.5573853076887065,1.5345305449398619
train:3779,-0.6586643501441254,-0.13195143556928599
train:3780,-0.11080851295913596,-0.003095341504142618
train:3781,-16.841360858056348,-5.036336915618006
train:3782,-1.7186646273556594,-0.05027569660696429
train:3783,1.0425227016507927,-0.3425404755815636
train:3784,-0.3047659733970592,0.11582884962917886
train:3785,0.7387485978741674,-0.22498568556349163
train:3786,-30.3592352517705,-13.984903992369698
train:3787,3.1078733698531082,0.01887028607332257
train:3788,0.5945573084875795,2.915019686325523
train:3789,-33.626582732095606,-16.375003258186833
train:3790,0.5191108944901983,-0.021098493753280503
train:3791,0.2941798845174908,-0.173988297828144
train:3792,0.6751266371835958,1.8633574349285211
train:3793,2.078275957196544,4.119795077295453
train:3794,23.280088980474293,9.154721047593059
train:3795,-1.3485297399018341,-8.442423101413082
train:3796,-6.035034660725611,-11.380573841382448
train:3797,-0.33191233046436336,-0.13701004523129598
train:3798,10.353869159511001,5.598467239969254
train:3799,2.651359324904692,4.943121141254596
train:3800,24.54161753432134,6.9179096808411105
train:3801,0.06214797267985886,0.08221910407819732
train:3802,-1.8260402267134936,0.010417062437214977
train:3803,0.2857012026626031,-0.004587002933567494
train:3804,-3.2231114611186187,0.11195532331589042
train:3805,1.0019617606842472,-0.05293803264330005
train:3806,5.262671528092197,1.7091549374103856
train:3807,-3.7228339139317908,-0.2602101374925284
train:3808,-8.714227459565073,-3.8665667782425377
train:3809,2.5794850966852363,-0.013412428622981268
train:3810,-1.0517675064841172,0.3133394598841377
train:3811,-2.2139177218126598,-9.760346489979993
train:3812,0.2690750919451845,-0.06551928947774716
train:3813,17.313583327971102,23.47714793237672
train:3814,-4.527199399423644,-0.7631912812523358
train:3815,5.455100924287835,4.404463881441272
train:3816,0.5052019881430648,0.9104114709274618
train:3817,-2.2547862050310563,-0.99762136785042
train:3818,-2.393618634605155,-6.373329489336826
train:3819,-21.567380076619944,-12.460681659669017
train:3820,-0.9075234490769925,0.09309171239120012
train:3821,-2.5764749355508076,-0.2493763329198473
train:3822,-0.4462814359801264,0.2758832935737689
train:3823,-0.08245139714748834,0.06991960234351247
train:3824,-1.1587968592930986,-0.5163354381027112
train:3825,3.4170470136342663,4.853095322421801
train:3826,0.12636897825555543,-0.1672917280760478
train:3827,0.5919863203504118,-0.27083658457786547
train:3828,1.2453636699689996,0.019819123120673826
train:3829,8.286084304845906,0.329099056904713
train:3830,8.751182102773804,11.81215240528082
train:3831,0.3680502316459753,0.03128805361950256
train:3832,2.9564012559236423,-0.025668561471424226
train:3833,20.53890979712266,5.916702991423052
train:3834,-11.602881869863308,-9.57540558103387
train:3835,-1.9551247524409385,-0.6674511836747425
train:3836,0.5780011677004762,0.029529045832126066
train:3837,-3.289469920213416,-11.013217690470555
train:3838,-0.015424736841091358,-0.0036064951863948452
train:3839,2.325732286878621,-0.2025093322862042
train:3840,-11.04740895729092,-4.587102304732771
train:3841,14.561004392517598,6.5131609903401095
train:3842,-2.214609517535645,0.564534046248481
train:3843,1.45826798796588,-0.04783676739909823
train:3844,3.087382640891529,3.3094665544143558
train:3845,0.24189863153576788,-0.016515087249401192
train:3846,-0.47611024491079834,0.5566267855322672
train:3847,20.485829352710955,19.986500407415328
train:3848,2.368844457031913,5.643544632071774
train:3849,4.387878634468207,0.20177941976333647
train:3850,-0.792112581957548,0.12403598336802575
train:3851,3.125275193718242,-0.27458414139591847
train:3852,-7.777837316523089,-4.778809045254247
train:3853,17.19954675396802,7.370131894409496
train:3854,3.116048461246229,0.13846155915423305
train:3855,1.3223043255347093,0.29789656986177615
train:3856,0.000711933051480429,-0.04403293089149782
train:3857,0.7656774902577175,-0.05251219012543154
train:3858,-1.4324627393342713,-0.48844382313839824
train:3859,-0.16223443584585806,-0.0453801482507914
train:3860,0.24521255620877547,0.017802291584413626
train:3861,0.586467994185111,-0.09697571276249506
train:3862,0.022009873252328532,-0.2715548817562467
train:3863,-4.895887001873671,-13.752278993000623
train:3864,0.06986442396496594,-0.08105376774013268
train:3865,-1.2512731639712134,-1.7632679543943346
train:3866,9.804234668100738,10.615992871270404
train:3867,-1.3794385498167085,-0.9167563702713635
train:3868,-1.4673835460176252,-2.8451173758494592
train:3869,0.12280539343251909,0.03887261558348238
train:3870,5.849454241043893,0.09095993190727741
train:3871,-5.458869710355585,-0.5480690513413011
train:3872,-0.9880125796801223,0.32161656875029265
train:3873,16.41839036409923,8.684968103047872
train:3874,-1.0239750317380376,0.18416080972757032
train:3875,-5.9150174011173675,-0.22405839029845132
train:3876,0.28963230396347517,2.2704829971850353
train:3877,-1.220965491065626,0.08066481455317973
train:3878,8.614363691393232,4.030861469624066
train:3879,1.4512052092523566,0.5561324658255957
train:3880,-16.577543071363376,-1.895709970579794
train:3881,6.734982986035601,3.521204584590423
train:3882,6.439289595606555,5.125833117705181
train:3883,-8.35534448077232,-3.9452524892879395
train:3884,2.058559081716758,0.25810333416188574
train:3885,-0.9635777317562172,-4.043000252444751
train:3886,-1.422869420217384,-9.616061629312679
train:3887,-7.949863852971964,-3.172096808348538
train:3888,0.29137620568183253,-0.037079286359770425
train:3889,-0.10524729824850906,0.06625428948242808
train:3890,13.974180301999137,2.553267822673912
train:3891,0.6059724028333083,-0.24383103590450111
train:3892,-2.403129431046754,0.024741634369937884
train:3893,-2.216399910902052,-10.986380338892186
train:3894,21.51699550980185,9.242450027384754
train:3895,-5.01685641043398,-3.0851718648820383
train:3896,8.733343257417,3.4630237970888333
train:3897,-0.2813915999651757,0.17941156003205877
train:3898,0.38467715596723484,-0.1510981568714336
train:3899,20.832556625204543,6.550147802585558
train:3900,-10.168645212006973,-11.402214915617149
train:3901,2.077054389144029,4.070235282542538
train:3902,0.46895268261668094,-0.12478030463270415
train:3903,-3.9557863604008134,-0.07052889515152
train:3904,8.998314036981611,2.4016142458481573
train:3905,1.240486463630309,6.387260542936675
train:3906,0.5427918803409719,-0.13126666368125622
train:3907,3.5439738619757084,-0.05185552241697297
train:3908,-0.9246021559881784,-0.96611529860379
train:3909,-0.8264071461416674,-0.053327353993806975
train:3910,1.508737228964852,-0.32866257464497006
train:3911,2.8513092100889064,1.3970003883047213
train:3912,4.024145182034393,0.23615125936137113
train:3913,-0.1865119095411138,-0.20077607477503384
train:3914,-0.1177227508571394,-0.01318716720398147
train:3915,-7.49142970295908,-3.904219816470715
train:3916,3.392887628725058,0.16864188149347548
train:3917,6.345029638851001,0.07244255876847218
train:3918,7.978003679710405,14.359586001378155
train:3919,1.0294499475938395,0.9848518815886989
train:3920,-2.5010775702421193,-2.197529171982939
train:3921,0.9345974547838868,-0.08912444641420864
train:3922,2.015568719681357,1.1269196506077066
train:3923,13.557676504446112,5.01404011248164
train:3924,-9.691211320185475,-9.358884704541534
train:3925,4.611904219595139,0.2499064720013593
train:3926,2.258213163790254,1.7957081068060092
train:3927,0.762288481573109,-0.20480503004082407
train:3928,-3.3958711708572418,-3.073510484950511
train:3929,-19.892966635104088,-8.10731399999499
train:3930,3.8137132898808144,-0.002825284590800878
train:3931,-0.2771473774146866,0.021606306418026536
train:3932,-13.293475334733543,-1.4166369953169011
train:3933,0.3979602847316147,-0.07288928958347765
train:3934,0.9872715621916327,2.171318612184863
train:3935,-0.5775901221502856,0.2602923929610259
train:3936,7.267746123284983,2.826659575110361
train:3937,-3.911574662771138,-1.3708588533156305
train:3938,-3.962604360587353,-0.07528392260983677
train:3939,-1.4596815071434137,-0.14046885656989638
train:3940,-1.030597534544527,-0.30536941689999214
train:3941,-5.010925470892235,0.20212109240330134
train:3942,-24.049312532114886,-6.8869340843049605
train:3943,-0.6022750951407001,0.05518302599149164
train:3944,1.4533273205276012,-0.20551919005571512
train:3945,-3.2288294689122945,-0.8228668687211709
train:3946,-0.06414263745801821,0.11700237745228989
train:3947,-5.452766751716055,-0.9410559287005302
train:3948,-5.37490160972887,-0.16387250511222412
train:3949,0.19324302972722812,0.23906075525104267
train:3950,0.12184255140140254,-3.739841180714027
train:3951,0.9391620047894407,1.0332859398898548
train:3952,1.773075257199503,0.038144902791640733
train:3953,0.7368628966292574,-0.35721356787313163
train:3954,-18.81589090539673,-9.873283634899783
train:3955,-1.8491033385616822,-8.84805400636316
train:3956,10.215351013477722,0.4903919393409669
train:3957,1.4202989563781245,-0.04634218142306823
train:3958,1.2908943356538551,0.4292997300287703
train:3959,-6.298416355759872,-5.225351646654666
train:3960,2.1611183787948476,-0.14348741664881765
train:3961,-0.07084510589915369,-0.6577582375996809
train:3962,3.39443115144032,9.635531916843448
train:3963,11.710617257729357,4.412792134207814
train:3964,-0.7994629115142609,-0.0035430111259420888
train:3965,0.7735283024056891,-0.10086307717435411
train:3966,3.219563045462627,0.3536029056138086
train:3967,3.2223809042509406,1.9070144960066195
train:3968,-0.6799926261453262,-0.5913285167419122
train:3969,-4.809401378505046,-0.4245259311624087
train:3970,0.12548261498548122,0.12134582847373876
train:3971,0.7238688296866287,-0.12493694620209098
train:3972,0.03444975975020059,-0.1056395037541718
train:3973,-0.1330877756212005,0.28414449575960815
train:3974,-4.573224736243752,-3.2266896764784723
train:3975,6.462575402448904,0.06251921548525066
train:3976,0.7022112765881134,2.2692706656216024
train:3977,9.844038027662307,0.7149885589661336
train:3978,-14.895407367106408,-8.255326302306145
train:3979,-11.583198235911878,-10.937210293472209
train:3980,-1.5859205115519548,0.03402742649324168
train:3981,-2.3477560185532225,-0.06119738023860921
train:3982,-6.727933630518585,-6.66823962771137
train:3983,1.8107255885398748,2.3904393392787515
train:3984,2.6060769246204236,-0.5416701433692828
train:3985,-0.3201609852741125,-0.2569752322952327
train:3986,0.14292116725257453,0.05403860097362188
train:3987,-30.209078386564368,-8.712256322604736
train:3988,-2.385804318400903,-11.448499788815562
train:3989,-10.273155647324604,-1.1090949555203575
train:3990,1.7172680776296643,-0.0059504122947967725
train:3991,-3.1605564837507956,-0.07118920071063373
train:3992,0.36746536671350566,0.005773881053943067
train:3993,17.86927568112229,10.661844055606398
train:3994,11.15799893234724,2.2057409537096397
train:3995,-1.581426396393197,-0.5533407962534602
train:3996,-0.8878058762224857,0.058597041835750104
train:3997,6.195578981778751,13.549906014539346
train:3998,8.678684886470476,3.8000180184503476
train:3999,0.9219159279452747,0.8321538849728887
train:4000,7.227545260132585,0.7889108255654282
train:4001,-2.5085060057675563,-1.4344671713339066
train:4002,-3.9578347824138986,-3.2998016296769315
train:4003,-3.9285831672937683,-6.164078037079166
train:4004,1.391838861566046,4.051032852194083
train:4005,1.3835131372332432,0.2883678620442343
train:4006,4.275671971732371,0.22355744837564348
train:4007,1.870137962957755,2.6958207811077513
train:4008,3.4221755073306674,0.0851965778438368
train:4009,-0.126708540363133,-0.07606434857097572
train:4010,3.625513238908289,-0.09019504446290019
train:4011,6.956031246021409,3.7630098070833986
train:4012,7.130708736242097,0.5838978259730531
train:4013,-0.8001756284788681,0.17756260460397338
train:4014,-1.9522013576115516,-0.5991723647280784
train:4015,-0.35048051354995274,0.5362882044929227
train:4016,-0.9074030357085429,0.02298191327851136
train:4017,-3.052966906582811,-9.647489235113804
train:4018,-2.335195834916021,-0.9546814626642228
train:4019,-0.45159008481272145,0.15074158768835205
train:4020,0.2872191549714373,1.4054423417368385
train:4021,0.5576372447089535,0.01950769457243029
train:4022,-0.11606451000031426,2.7148711350327397
train:4023,6.605655308988855,0.4582778497220904
train:4024,0.22661485092667427,-0.20153139243361173
train:4025,32.81759580371077,11.677745379098335
train:4026,4.21855233293808,6.498601028070876
train:4027,22.569594316643816,7.286116660823882
train:4028,3.2388659128165274,-0.059129511797569284
train:4029,7.977192865368411,5.428172460421608
train:4030,1.0617225900042624,-0.5712769692523003
train:4031,-1.4925378521951047,-0.023823101233183985
train:4032,-6.194794375836478,-0.28263727279036366
train:4033,-0.19796129147727953,0.012660760326587542
train:4034,1.0263561608743488,0.799482419569318
train:4035,-2.834084227563175,-1.442896570614743
train:4036,1.3793467881932377,0.14338050388324697
train:4037,-11.89703824640782,-1.655836660775923
train:4038,14.940191203846767,12.312684134263225
train:4039,0.2982927681622385,-0.026393135725445743
train:4040,-0.08794426913548165,0.014857950791898084
train:4041,1.4696159018801764,0.6358822838528337
train:4042,2.173151812059642,0.23268802553766055
train:4043,1.8319178764705293,-0.755742532379482
train:4044,2.095686498245687,0.0005699000265367571
train:4045,-1.8594923622349464,-1.16066270117411
train:4046,0.2202659514689594,-0.23847583441848824
train:4047,-4.44520161484129,-4.0303927460212625
train:4048,-0.0957003545505514,0.03905001430072509
train:4049,0.22792324213192278,-0.2979404265493241
train:4050,-0.6383037977970865,-1.644387560129685
train:4051,0.36253283531363556,-0.07449429502645244
train:4052,-3.295100523708758,0.012837445739780226
train:4053,-1.1105348092853027,0.0954207927753614
train:4054,0.6817788946448372,1.5116881240240985
train:4055,-0.17323226765033772,-0.36331745329005705
train:4056,-0.27507338499517386,-1.1980916192697675
train:4057,5.156806791066869,8.900100033893986
train:4058,-8.427775678935415,-2.535073493427837
train:4059,-5.209804653421856,0.06246307845651322
train:4060,2.0903096229195786,0.2268158212761852
train:4061,-3.2274844655342063,-7.293840376896495
train:4062,-2.2244638872563334,-0.09252455282949149
train:4063,-1.4787488942999403,-3.859139285830375
train:4064,4.347787491605207,1.4002898612618444
train:4065,0.01792395476344988,-0.029871206273396983
train:4066,-2.078117942440866,2.142115373733353
train:4067,-2.020226542288943,0.024706254489056348
train:4068,2.202834869673677,-0.10542536987835249
train:4069,4.757100425954329,0.20897038055250916
train:4070,-0.1439915780674989,0.22623019865110972
train:4071,-2.8575536764153204,0.1374095783412473
train:4072,0.0884568989366615,0.21926478460255683
train:4073,4.926061768047263,1.8405548163787495
train:4074,11.938909846314324,1.8715896769699292
train:4075,-1.4216111237629092,1.786962999152629
train:4076,-7.689064304070402,-3.907140939216402
train:4077,5.7146368301953965,1.7959382186925492
train:4078,0.8383430063269849,-0.11380626448378695
train:4079,6.429293426359314,2.829537614291426
train:4080,-6.361815621456284,-2.102279542270147
train:4081,1.4288436563732434,0.07399656297186977
train:4082,8.318104962523897,0.7553752636356499
train:4083,0.8280506852816648,-0.8065232183444302
train:4084,0.44709463428594987,-0.2440627170599512
train:4085,0.5825847792817306,-0.058645463669218245
train:4086,15.497646520292012,5.8438455451096445
train:4087,-4.333571448541275,-0.10856148246471886
train:4088,1.1398441334304432,-0.212553223953881
train:4089,-6.859837874700266,-3.746698600529405
train:4090,3.2058907816040683,-0.18763722816467754
train:4091,1.0527735289002282,-0.26406105206743086
train:4092,11.413413818571646,8.003230325125307
train:4093,10.45655712222507,2.7408753474806704
train:4094,6.338620765167301,3.71291959943888
train:4095,11.313139702224337,1.9278559564012359
train:4096,24.665646093323343,15.620204254495293
train:4097,-0.15773520660581447,-0.15530743540107164
train:4098,0.2142725968897073,0.060541223354514645
train:4099,-3.127358192627696,-11.185480047909804
train:4100,2.6012734075438924,0.05038933745366319
train:4101,0.4747327567605034,-0.06479892371762083
train:4102,-0.05929076906751496,-0.24505720556650445
train:4103,-0.7578263862700775,-0.2685082174977542
train:4104,1.9773565367743,0.040521631886344084
train:4105,2.4092024619547203,0.10827075124545518
train:4106,0.4592451102747103,-0.12550630549482572
train:4107,-0.5014184384433237,0.297364159718833
train:4108,-0.7628061066927183,0.18399296928459802
train:4109,-2.099223755906147,-2.1432321823729574
train:4110,0.18028092579263388,-0.14559209157883918
train:4111,-0.08553135260168404,-0.054226973061706096
train:4112,13.318654573324157,4.890217377115135
train:4113,-0.5220302781480732,0.2625577752935194
train:4114,10.322112574393934,10.303445862276412
train:4115,1.9936016484359484,3.366617616189321
train:4116,-2.9366057501772236,-2.819702923190094
train:4117,3.250335867306955,-0.018828546274866784
train:4118,7.7075910527415346,6.482677228457984
train:4119,1.4873933782615545,2.5000798782009195
train:4120,2.1279907549767842,0.003234946618262652
train:4121,7.630756630591619,7.248458772128164
train:4122,-3.7467580511018657,-0.3532401789928388
train:4123,-5.794783955345691,-12.335593237596138
train:4124,-0.785582365072438,0.28247350969200546
train:4125,-4.64249124792408,-5.161645605981535
train:4126,-29.153372077966736,-10.534535891148698
train:4127,0.21028942494301928,0.04683793924936875
train:4128,2.9465194561306043,7.998079699240842
train:4129,-5.5536452594880155,-0.36117540122781394
train:4130,-6.788518756758528,-2.726679515417449
train:4131,-0.5449402000159367,-2.0431319424591448
train:4132,-2.9746926380927854,-0.26695578256326674
train:4133,-15.336137032625352,-2.959683421897901
train:4134,-1.5745588826014836,-0.03917169246013141
train:4135,-9.168199806114593,-2.520040182591003
train:4136,2.182958295382839,0.4450871459072968
train:4137,-13.942786989730154,-1.1455169736189914
train:4138,-5.222079843256512,-1.310527168781577
train:4139,-2.6941713320883927,0.06903367871337394
train:4140,-0.26147202089989147,-0.36791869239518715
train:4141,-5.339505193485964,-11.752854643455757
train:4142,-0.07088253167583397,0.009631857338940827
train:4143,0.5707290603416074,0.48004047096691677
train:4144,2.7424662180894925,3.1607666269989694
train:4145,3.0477950025769114,8.083147198961061
train:4146,6.63263534218526,6.25423618532477
train:4147,-2.4030369126671345,0.01599067762334734
train:4148,4.124909320352149,0.283059916951536
train:4149,0.437953446446349,-0.04269320322472955
train:4150,0.5703594517396096,-0.10739059386659294
train:4151,-2.260345211388401,-0.25754587553525754
train:4152,-2.3670621403224863,-3.124208998288896
train:4153,-0.6791773950967686,-4.451993672686676
train:4154,4.198034173904151,7.6967258573999375
train:4155,-5.259720876267274,-15.2013898385898
train:4156,0.09608199413335024,-0.01816959599344814
train:4157,-0.7752068239771082,0.19526438589197315
train:4158,6.924116589300971,6.696319209804394
train:4159,6.146168123147638,0.19974165275320785
train:4160,14.816199838163206,7.403421509102823
train:4161,-0.11143277956332798,0.05415258696081683
train:4162,3.1415249545446957,-0.029520403341591728
train:4163,-13.543315872356747,-6.763292813488784
train:4164,-3.474512258450382,-0.27600147654333007
train:4165,-1.351909217798592,0.08210433345654733
train:4166,6.116886288456275,0.16498234639519632
train:4167,-1.9628939717465825,0.01652594098249062
train:4168,10.186541998847026,1.6706838820976326
train:4169,-1.869759112873839,-0.0009077806435074942
train:4170,-2.928131717487141,-2.441808418243041
train:4171,5.1370938673771676,6.467124346951108
train:4172,1.5873462373208378,0.05414552525072153
train:4173,2.5723518831249175,-0.8272098917601896
train:4174,-0.5830363862611088,0.038645784895572514
train:4175,-5.601166697542374,-2.851595032588601
train:4176,0.2985129061157555,-0.012970679424797057
train:4177,-2.2303478702335475,-2.4366871804854386
train:4178,4.8367661894704925,7.099135702294671
train:4179,-1.3613251712781689,0.12161909525530565
train:4180,6.800895125309118,0.32725502327457284
train:4181,7.322369160578987,1.3900583706290095
train:4182,-7.275870246942062,-10.946388519344767
train:4183,4.191848460131092,1.1911050316024578
train:4184,0.4822983426476881,0.3838156119569224
train:4185,1.3668751711455718,0.8247432265363064
train:4186,4.5169110895498354,8.545744847919577
train:4187,0.8772741825711359,-0.2717711555442161
train:4188,-0.66308082425064,0.9415247949641448
train:4189,-0.7160113330973819,-0.18319270195933923
train:4190,0.8285174614280874,0.17906054310903852
train:4191,19.84647992805851,8.225477035888051
train:4192,6.925771691971553,2.4531724332276394
train:4193,-6.206092776145602,-5.216922104713019
train:4194,0.3169745070981902,-0.24849290585388384
train:4195,1.8212113148410833,-0.3027873275692849
train:4196,3.077543613414697,0.038158027586161304
train:4197,21.88047651258675,4.624842591557795
train:4198,-0.841268201440866,0.21260894451171738
train:4199,-1.1492628170274748,0.2521356898185162
train:4200,-7.191956541543565,-3.873309213445051
train:4201,-17.23742692712657,-4.3521653442767345
train:4202,-1.0078703248535001,0.7277561308184488
train:4203,-0.8788759929232725,0.16942565998364956
train:4204,2.042516906098848,-0.02738576964146891
train:4205,-0.6707114984450947,-0.22544105886903143
train:4206,-3.747460074987422,-2.22033407310567
train:4207,8.74387733503218,2.838715269520745
train:4208,-6.746216936030748,-4.856908420370524
train:4209,0.25202486116842915,0.15426427540463275
train:4210,3.5274228352698906,0.23682005323868022
train:4211,0.2198042894038224,0.06487147825103795
train:4212,-42.8390590051505,-16.583813032576714
train:4213,8.591070445887196,5.347394485936656
train:4214,-4.046555259304291,0.1752215407117716
train:4215,4.0330506572183795,0.0709964061374393
train:4216,36.70800575454344,14.989116199914092
train:4217,-0.12242131303819759,-0.06344043615433675
train:4218,24.384955557720048,7.442342231288715
train:4219,0.011919325959545646,-2.570483618401097
train:4220,4.983298565794641,0.25443324216366614
train:4221,0.2797837456987928,0.00029741787942491604
train:4222,-0.8399792204986783,-0.07730564027883968
train:4223,-0.048922899094113514,-0.029450570875093687
train:4224,-0.30346095283629426,0.009990078632866412
train:4225,0.7909438413069978,0.6880830868509886
train:4226,-20.466831643645076,-9.490576039544742
train:4227,4.987820343483989,8.82242692927801
train:4228,3.497432467862245,0.043990857464074946
train:4229,0.15135475220885364,0.03632768939378171
train:4230,-0.7614755157255259,2.3400806439898014
train:4231,11.716334800606553,1.4386089828119406
train:4232,-7.635031245790153,-5.014702689102185
train:4233,0.6464489614586431,0.06798205455241321
train:4234,-1.5735193293510847,-0.033788672116167345
train:4235,-5.605080364475227,-13.820594119123434
train:4236,1.899922604822779,2.9845693990981275
train:4237,-0.0903583479604805,-0.0860350552431193
train:4238,-5.6080716371107675,-0.44741015169550385
train:4239,-4.884817340472954,-0.017983637627605048
train:4240,1.977435340117745,1.36868264550092
train:4241,-6.539461138488487,-1.5451775236703107
train:4242,-2.743221415530637,-1.4091992313264177
train:4243,15.083604920419718,5.32196148737199
train:4244,2.0835443907535756,4.477501365696908
train:4245,0.017831901300310787,-0.039158139683180826
train:4246,-9.185747613754604,-0.07999351260016657
train:4247,-9.435961014395168,-5.632957547858471
train:4248,1.005470950279065,5.8708683557410195
train:4249,-2.279679228146495,-0.15115186866640093
train:4250,3.19880498952476,0.15857616272186775
train:4251,3.6055329882422993,4.182068803436121
train:4252,2.8887721800876367,1.8779882996203272
train:4253,0.039807341042368244,0.49519190495443566
train:4254,-4.940376254642206,-5.716287438912814
train:4255,-38.09968552560101,-13.48660005459635
train:4256,4.9588806873222735,0.9512200236121662
train:4257,3.056739995661741,6.3663259250331246
train:4258,10.7128321039384,17.92656733127119
train:4259,-6.047268472993501,-0.027484918904423214
train:4260,6.28357372404308,9.905346877451422
train:4261,4.580616735206897,9.86993275797548
train:4262,-0.15591761562529777,-0.9881464074930479
train:4263,0.005305889024425997,-0.20472870650747077
train:4264,21.710447257338107,10.237694065587792
train:4265,-3.2656471348360903,-0.17734753192136005
train:4266,0.19282727816454054,0.09241107766666053
train:4267,-0.31464114813025024,-0.2639975680069781
train:4268,2.5630145005305454,6.540196355122766
train:4269,0.25118836019088864,-0.02271098888878062
train:4270,8.405111292350684,7.725619807215354
train:4271,7.82187961147705,12.961355989642552
train:4272,2.1002873117367202,1.2916375337705897
train:4273,-23.19905653558227,-9.826582192136152
train:4274,-2.327654424685822,-1.204929779875795
train:4275,11.572410605738012,12.58324777880211
train:4276,1.7526040547301047,2.219419842816275
train:4277,-9.623236811404459,-2.4113457701607968
train:4278,-4.661219013591602,-1.5384549183203884
train:4279,-3.6085207146228075,-9.474515856197483
train:4280,-0.43890356012194387,0.07276668412880627
train:4281,1.967042829570877,-0.0749189249274359
train:4282,2.5697539298318803,-0.15690409518666107
train:4283,0.3401831378047752,-0.038595556778921375
train:4284,1.418945119586907,0.3000937603270867
train:4285,1.3221946052453113,-0.14978218222953138
train:4286,0.08726601537185946,0.027555333525690243
train:4287,3.893967172744811,6.880041795433064
train:4288,-0.8642271719974223,0.09146380988821932
train:4289,-0.766456398439368,-0.43450391353586265
train:4290,-6.992129859226683,-0.2544426462655976
train:4291,0.4658693565180016,-0.5493194733410054
train:4292,-0.16753587847300533,-0.12293612834175396
train:4293,-3.1231181543255317,0.06338416797631827
train:4294,-7.481088100766827,-12.354382236917195
train:4295,-34.70684406952736,-12.061137806160284
train:4296,1.9944631386743161,0.5338730996403277
train:4297,0.4261868752413618,1.026066874921111
train:4298,-0.9358619682294201,0.2337701791119626
train:4299,8.151847109765074,7.984140026173516
train:4300,-0.14739604522508393,0.3691001494047825
train:4301,-3.5565486311006174,-7.414241535395811
train:4302,13.522454431883395,1.4017174679875763
train:4303,9.95809970715534,3.100174586486655
train:4304,6.646442896739644,1.9278412623378052
train:4305,1.5697496134503743,3.651325509397082
train:4306,-0.1984283000819423,-0.051558787932160066
train:4307,-1.7764411931368982,-0.17975714433276985
train:4308,-0.0068746903064468845,0.3642324912369658
train:4309,-0.6296000963656365,-0.34218653411193817
train:4310,0.7907969276991595,-0.22636464495301162
train:4311,1.7114645252035765,0.13006097735701774
train:4312,-0.8435135155834432,0.10874096127523564
train:4313,-0.884733243202858,-2.1491643041746356
train:4314,-1.4552013394790704,-0.08189560917997929
train:4315,-4.8172240632059475,-4.567894453273536
train:4316,35.109663807233005,14.572071859520275
train:4317,-5.794703524794564,-4.967555003324855
train:4318,-5.791566733300628,-0.005522643855993173
train:4319,-0.5596394643799211,0.09309042844391006
train:4320,-0.024675412511850098,0.00427209070700775
train:4321,1.2119596533032788,0.10365517472891948
train:4322,0.8559898411773424,-0.004529367966324985
train:4323,5.1794133549312065,12.004311951213255
train:4324,12.031580718539528,1.4831628097417382
train:4325,-0.15267017400900174,0.20134744283063766
train:4326,0.6318845228740038,0.5007377012826169
train:4327,-1.0302669789268908,-1.1007191967040832
train:4328,35.978358391382265,16.724010886540096
train:4329,0.1193545508560041,-0.26401968043252905
train:4330,0.8324281064038173,-0.20281797894865267
train:4331,0.2551638610156485,-0.17764298245888294
train:4332,-7.7072862406071385,-12.889231309068213
train:4333,-4.76245922638539,-4.707665811233873
train:4334,0.04462724642483708,0.6100518322714903
train:4335,16.183561049798428,5.57560384791442
train:4336,-3.1691560438906135,0.05200582709184348
train:4337,0.9724525818339194,0.4518078966666891
train:4338,-0.17032165802416432,0.22009999231473815
train:4339,-0.2565765665893413,-0.36067922693061233
train:4340,9.039471233334398,3.6380948605554866
train:4341,4.812562172579156,4.751846092344198
train:4342,0.19384277198707375,-0.20355146950329955
train:4343,3.356051831058523,0.36312180550066253
train:4344,-0.6153011250913631,-0.17254999154166145
train:4345,-0.4905080109371781,0.1447800064294078
train:4346,-3.1495904987252303,-0.4436801421570817
train:4347,0.5541562987903261,-0.06381534876303308
train:4348,-4.237244938029896,-5.707363719925306
train:4349,3.864117210114276,0.39369615699714205
train:4350,19.803010237131712,5.735843893572827
train:4351,3.3179649431429605,0.17317820993005273
train:4352,2.265522813154923,8.437904688419689
train:4353,0.7106564844564051,-0.2615763287395528
train:4354,-3.0407526208071016,-5.926049616870296
train:4355,1.9846027250393807,-0.10303109350401837
train:4356,-1.730794530790158,-0.07030427570616524
train:4357,-0.3048387328262575,0.038450125594649005
train:4358,7.770431488828384,10.436132969733462
train:4359,8.719094497122619,9.294492690875018
train:4360,-2.257586396993111,-0.00869014182056091
train:4361,-1.3179847271329512,-0.20636274342528182
train:4362,-1.9522194893542908,-5.6130021537548025
train:4363,5.289072275353899,0.6823550413380246
train:4364,12.923547162036726,19.086670201517396
train:4365,-9.988368267695138,-6.924749470534925
train:4366,-2.004350574312812,-2.3059773518550744
train:4367,-0.12252022401942408,-0.12742923055289934
train:4368,1.7950169904967241,0.4841319829978947
train:4369,2.053861565597781,0.21628089110046705
train:4370,-0.9912539773821719,0.18989748621953978
train:4371,-3.7123365647185698,-11.14813373042314
train:4372,-1.22529804774741,-0.11410085905644976
train:4373,2.2558497608616297,-0.20142254223557698
train:4374,1.726342549954313,0.0919274575207395
train:4375,37.89536153309144,13.574051071311276
train:4376,-3.2743754768410063,-4.370426498600769
train:4377,-0.1004507549191854,-0.9131517595849368
train:4378,6.462867834915138,1.849741744560719
train:4379,-0.9048766795535031,0.646675287433853
train:4380,3.678565323414682,0.02559574463944503
train:4381,1.9024589566821497,0.2195981829155413
train:4382,-0.2312852262792341,-4.048196815110036
train:4383,-4.456491646653764,-0.45552484122946674
train:4384,-1.0431307530258596,-4.071566653040392
train:4385,-0.1031556390027373,-0.10292267128841368
train:4386,-0.5298601690544223,0.2697266949875462
train:4387,-9.781941631021072,-11.271329899512098
train:4388,1.2583527390594629,4.203575491187796
train:4389,0.9549677703770163,-0.08503065181027061
train:4390,0.38792215677200825,3.0322195362482995
train:4391,-16.661114598232224,-9.058588264624396
train:4392,-0.40507147160680224,-0.0686595392276037
train:4393,-0.32339796626959727,0.0730709083061445
train:4394,3.975775736319601,1.860455714052995
train:4395,6.714222140598851,2.152972432018065
train:4396,2.6954250387594905,2.141376105415901
train:4397,0.33410586580079277,-0.07625351680504394
train:4398,-4.065833021168244,-7.220868231291842
train:4399,-2.375020580635694,0.09105109216487138
train:4400,13.728782506263595,2.4260600316075807
train:4401,-11.796246213101233,-8.231380970668225
train:4402,0.7018317885109049,0.08776154787734333
train:4403,11.661529516052193,2.5169149950681313
train:4404,-8.509972912687903,-2.8113612603074114
train:4405,-4.655136046360733,-6.445723002696094
train:4406,-4.449136667932246,-0.04127030430572767
train:4407,-0.3563591499876414,-0.4073509962457619
train:4408,-1.4382972087063126,-1.7776652833401607
train:4409,31.05528339272557,13.198452549440463
train:4410,6.837889459495504,13.428207213312215
train:4411,0.27434166583629416,0.03332895916745131
train:4412,1.5883165180156422,4.280608619410086
train:4413,-4.43396225892519,-1.2414522311846732
train:4414,-4.443859400962085,-8.33914523461719
train:4415,-15.472724845431594,-3.6422092581349412
train:4416,-36.228366936931735,-12.351135276881454
train:4417,5.270355667681909,1.6179568747017696
train:4418,-28.24118548689961,-13.252199213464317
train:4419,0.18892081743713507,-0.10644753458204695
train:4420,23.029307451894557,11.688756511057854
train:4421,-0.07009845003146989,-0.39903743754265036
train:4422,-3.0072181950686008,0.0776630884498392
train:4423,-2.4607758202134526,0.08838946943258565
train:4424,0.6123627960869078,0.4908872576733085
train:4425,1.6116639262916568,-0.001632354897528998
train:4426,-1.9399861420028812,-4.960472179429667
train:4427,3.0989885834525035,0.05413061719607588
train:4428,-1.7775349091572759,-0.17111753434838917
train:4429,-9.812504310616212,-0.3437597975246866
train:4430,-8.51590524697909,-8.66867515707756
train:4431,-3.421799098058274,-10.576039915282182
train:4432,0.32371393639952545,-0.05529450390298252
train:4433,0.9096477118578273,-0.1534134704874293
train:4434,-1.4322779350332726,-6.966375041678535
train:4435,-2.899600722911786,0.08531099181346177
train:4436,-2.952043766828723,-0.03038806638804946
train:4437,0.24026886681337337,-0.3190432415478718
train:4438,2.3856465386372014,3.5186090138131707
train:4439,0.5395274692731375,-0.19750464841037663
train:4440,-23.3045684009989,-8.21127892125187
train:4441,4.497001506188882,10.013952840179423
train:4442,-5.394457391648163,-0.09331903088041604
train:4443,5.0175568664932815,0.42517911519255114
train:4444,-0.1447331198538972,4.355120075154706
train:4445,-0.8413697856918554,0.08128353448617663
train:4446,-2.9416793837289252,0.189787209413405
train:4447,1.3698380838758015,0.48361098571975203
train:4448,2.183836057698024,0.21213231474548666
train:4449,-0.0724466269453578,-0.3017762904087709
train:4450,-1.3031604002357122,-4.258183826504088
train:4451,-19.648718112908345,-14.91444530920276
train:4452,0.0527366683650872,-0.06212467550364953
train:4453,-0.09321688694083782,1.2174867245536651
train:4454,2.4715524111546423,0.14801747952128358
train:4455,7.5480814626971755,12.832717025330238
train:4456,9.962444816582098,2.2350440547281543
train:4457,-2.337502750492264,-0.06289162001824289
train:4458,1.6895913670872291,2.4409386981263674
train:4459,-0.6706466425960649,-0.010402214201445367
train:4460,2.0195931529656894,0.1078502585079619
train:4461,-2.405222020125487,0.27111663925943663
train:4462,-1.1466388284115303,2.697845708644979
train:4463,2.7984314692627015,-0.20781289055899488
train:4464,-0.13539457496832386,-0.017626914272184532
train:4465,-3.8734194321329425,-0.14171171754667042
train:4466,3.9077956485408176,12.874537185818697
train:4467,-1.1631243018935975,-3.0010958577913622
train:4468,-2.9142804607835893,-2.622672937204046
train:4469,-2.9068622534207234,0.004424024469664362
train:4470,-0.5930051254360006,1.840612879328422
train:4471,-2.795573335817396,-12.078462534927436
train:4472,1.9296021755632107,0.1941780238237759
train:4473,4.010844386443754,-0.044593659205227204
train:4474,-12.846928634210576,-9.513493072064138
train:4475,7.976341138376135,14.157912691348026
train:4476,2.861041539233464,0.3618930679440791
train:4477,2.615177664726221,2.640646427516232
train:4478,1.572292706598712,5.353265263590031
train:4479,3.172743631293824,0.3297488768942913
train:4480,1.5127090104577676,-0.246977562729998
train:4481,-1.4705586931212031,-0.26831077493670563
train:4482,0.9369845684530166,1.0457132657103054
train:4483,0.9031428329209046,-0.10379183227337646
train:4484,11.849803023828636,4.1031528378433695
train:4485,4.225221559850859,1.4041534013184322
train:4486,-2.5779008343965026,-1.3034162407068177
train:4487,0.15795400919131802,-0.17122039279240364
train:4488,1.7823229109131384,7.603915299555822
train:4489,-7.525414167850706,-0.2578839816549722
train:4490,2.958782558136766,4.960509782064632
train:4491,-3.9137732528074243,-8.098526664741847
train:4492,-1.6279519833463238,0.11569075396509285
train:4493,9.319286796121391,1.4915922090225746
train:4494,10.71142898600025,7.802470614922456
train:4495,-0.5499189906056166,-0.9864701429754752
train:4496,4.626156234304882,0.6955615805027289
train:4497,-6.005440867075832,-0.03531164759338856
train:4498,0.8639898915155548,-0.14141170186322738
train:4499,2.325106974212348,0.032005494833023757
train:4500,-3.7141534583243656,0.0020393063696006603
train:4501,2.7774516481636358,-0.13723673325839583
train:4502,-4.940391131969582,-8.407091725206945
train:4503,21.737196691960186,7.164476065207232
train:4504,-6.305828519208491,-2.271101348954478
train:4505,17.52811066940141,13.6049639569099
train:4506,-0.5566198318390703,-0.058730988824816976
train:4507,-1.7019906302407493,-0.469374637986489
train:4508,-6.966069430828708,-0.2524600176585364
train:4509,-1.5369966529341665,-0.044481884460587345
train:4510,0.3112288367739247,0.30237697526083096
train:4511,3.3776867194786133,5.319098570236785
train:4512,-1.9993434238178218,0.3484819531778259
train:4513,1.05325808810203,2.1462639500883336
train:4514,1.1881470960885236,0.03803890580980612
train:4515,-2.098765813172854,0.27979733555709907
train:4516,8.716063241669756,13.484678068345069
train:4517,0.8320480371810081,-0.1281990282836928
train:4518,3.407046892596941,3.3637107595246345
train:4519,2.4997919030967233,11.189347807971815
train:4520,-0.41390000311326647,0.01642807566682636
train:4521,-2.9906955282680934,0.1438599155352728
train:4522,-5.869586692475819,0.17084142586215112
train:4523,0.8503225092800414,-0.14753983961785386
train:4524,2.8937072685281495,0.7111709556903676
train:4525,-0.2502356869409151,-0.03310418554975758
train:4526,5.104609223051637,12.072914681529038
train:4527,-30.265147314112728,-9.314820204190058
train:4528,0.014042948213351808,0.024690276478335646
train:4529,20.26740229184221,8.189761046138138
train:4530,7.872645701648822,3.0966029304473395
train:4531,4.362825215166995,3.554816327392745
train:4532,5.335660161115412,11.103232036619671
train:4533,-7.706138826733263,-3.664345650701984
train:4534,-8.333523160843548,-3.220451975221761
train:4535,7.889993595202218,0.6846276280414234
train:4536,-0.9105416868684019,0.16988517045267953
train:4537,13.83364069910864,3.012191099809909
train:4538,-0.9752648022430389,0.4008287695150222
train:4539,1.6385386559052284,-0.8816327082045963
train:4540,-2.9631687532906197,0.06782605495667143
train:4541,2.0422247060908534,0.19933321485416008
train:4542,-6.449566747484831,-5.861693042903537
train:4543,1.1743811515591438,0.15654631338669447
train:4544,1.3793651523942176,3.6644531571338526
train:4545,-0.9198562885552294,0.2663479876937642
train:4546,2.2065797719241083,0.11080233864942028
train:4547,-0.3288274933871224,-0.15727216007647707
train:4548,-33.181348955713574,-15.317638996874694
train:4549,1.8558187678165798,-0.07359089544708816
train:4550,0.04145012342621676,-0.11763827650136358
train:4551,-1.1726453264977672,0.04266275665332219
train:4552,-0.4344123506911889,0.376724228413134
train:4553,0.7135748814336269,0.3888628087541319
train:4554,11.742837829493965,6.35587288216235
train:4555,0.4592495269812751,0.10474542430418939
train:4556,-2.864972348694667,-0.24376027614273804
train:4557,-32.72664576045671,-10.538273604370861
train:4558,2.4680041685754626,0.029065826182035917
train:4559,-13.604938692181165,-4.796970907654517
train:4560,-24.94749955812118,-7.1819806064138705
train:4561,2.7884859759118346,2.7090902336896683
train:4562,-4.158424857591763,-0.06700852567340193
train:4563,2.4002119070548016,-0.1476528269793788
train:4564,-3.3384288800254827,-1.4672610397124626
train:4565,-0.644441625172654,-0.01584201354779191
train:4566,-7.779719298436156,-4.9769780351473845
train:4567,0.39957435852279233,-0.12106655842662267
train:4568,-5.8141044895258505,-12.00152727202081
train:4569,0.5452567512914654,-0.0976550635397446
train:4570,-4.318830341694046,-0.1667144511083577
train:4571,0.423362275164081,1.9418056157252623
train:4572,-1.673874573624241,-4.164456815616492
train:4573,-5.184632680418118,-0.07515417260313614
train:4574,5.768971619271491,2.108146550923586
train:4575,-4.364338226471357,-6.127976863142236
train:4576,1.6204578215203238,-0.06226804961770577
train:4577,-0.8295662536266684,0.14312528369414584
train:4578,1.6225525027232188,-1.487094316162765
train:4579,7.651350106095388,3.9821887397877695
train:4580,-24.008392443167153,-7.733386892174209
train:4581,2.908751965837146,-0.06759514692414742
train:4582,0.4221867338431355,-0.2271926482942876
train:4583,12.0013657964718,3.506221490358712
train:4584,-30.571850856632988,-11.389707557082286
train:4585,1.194101746370774,2.8442673429245664
train:4586,-12.928319702785878,-4.3624029693244
train:4587,3.4074376548988017,0.08474648298826723
train:4588,10.855001704009531,2.4322988741507716
train:4589,-0.2945838375576177,0.046182412827390246
train:4590,-0.6156384219979663,0.19232357595450528
train:4591,0.4141715737193068,1.1931583486408772
train:4592,-21.94735445646708,-7.655122601161565
train:4593,-0.8096906091687914,0.30272592360210615
train:4594,0.2889339994097634,-0.17313119168162672
train:4595,-0.07595337572865296,0.16420555828471256
train:4596,16.088273627620968,3.694800249959992
train:4597,-3.387495700461025,-0.7188667102442183
train:4598,-0.07479736089988845,-1.3959674411983423
train:4599,-0.47109984000044447,0.07932979469314168
train:4600,6.910102611829245,0.5844610508509576
train:4601,-2.9892017516162452,-2.506611805866739
train:4602,0.5494662213350371,-3.6606099347311614
train:4603,1.575385795943482,0.025813231044299487
train:4604,-0.25101267860895154,0.07972097063417868
train:4605,14.936161307793789,16.827694480679643
train:4606,0.31560881493671994,-0.043370485420234
train:4607,-5.599297733290762,-14.914839053038378
train:4608,0.23667366766966297,0.03322702801870187
train:4609,4.342172695270202,2.7500507201370294
train:4610,-9.810007709115926,-4.311946979363025
train:4611,-2.6488470893208795,0.9086524631400852
train:4612,-0.8841376851913368,-3.4064097704216074
train:4613,-0.8744232553312788,0.28168231283971107
train:4614,-15.330585929848176,-9.097504992307607
train:4615,-14.019207171295943,-2.5461208612330974
train:4616,0.6586107116720556,-0.01953500260601751
train:4617,0.506289892707436,-0.20548495146131363
train:4618,9.09860674998814,0.9843569912387873
train:4619,2.072162770394443,0.2510935526014209
train:4620,-1.9384621457798006,-7.32731487999959
train:4621,0.6047172445650771,0.6113561087269721
train:4622,6.286231651562102,10.763650233486265
train:4623,-1.6519718933113818,0.04191043487175448
train:4624,-7.679954730551475,-6.173431450426413
train:4625,-0.9967390620191169,-0.42731352338992995
train:4626,6.3221855026651275,0.7418868267103733
train:4627,-0.9580105893604641,0.1605430986398283
train:4628,6.3146050394505675,13.260205278302989
train:4629,-10.34248585256276,-7.611600782531353
train:4630,0.31953015299150145,0.006973230483665216
train:4631,-3.8057094608293296,-1.2940134667193088
train:4632,-9.417084475453887,-5.915968633392017
train:4633,-1.428803614174492,0.29349234533526464
train:4634,-11.777166040741493,-6.4415595896168725
train:4635,8.337284627010465,0.3321779625062669
train:4636,-0.48253562312955556,-0.3005315748414668
train:4637,1.9526413442126533,0.17550957288717411
train:4638,-2.6863402788908424,-0.2546425853908213
train:4639,10.86616527853931,9.622646792483687
train:4640,0.06100288338838612,-0.0777792741680603
train:4641,2.2381703818576373,0.7391295499049784
train:4642,-3.900627739321273,-2.797273505319299
train:4643,5.151943764680834,11.235733114380473
train:4644,3.883557227829924,5.9790685911253645
train:4645,33.1755257037185,9.808584044526892
train:4646,-1.0746381429093783,0.17119151548990633
train:4647,-2.0431027577119707,1.8035912578453321
train:4648,-8.016581227589707,-0.15019090545019914
train:4649,0.423386450821067,0.07142488788029293
train:4650,-1.266491042669196,-1.2772454004327995
train:4651,-2.062271264203006,-2.9777631116716075
train:4652,-7.026871208148564,-0.47136689619822564
train:4653,9.320954916453427,8.604042902606993
train:4654,-1.490334845452253,-3.0712584414037534
train:4655,0.930620094293205,-0.1895203508567594
train:4656,-1.293313004262231,0.11174161742250112
train:4657,2.8803074457271642,5.777200121107146
train:4658,-37.68183718958638,-16.442078947192307
train:4659,6.700271856684953,10.935159341848683
train:4660,-2.375259547706671,0.059969438828009786
train:4661,7.976134715458793,6.1832213460334025
train:4662,0.29308663341359387,-3.0436050699921506
train:4663,-12.2567645836962,-5.286614192974009
train:4664,-35.49864518713368,-15.47576652125853
train:4665,4.81326280171527,0.11083885981678186
train:4666,8.120185367610029,4.703445844655013
train:4667,0.2578189990357868,4.693921238335759
train:4668,-6.429921236684803,-9.921840809479974
train:4669,0.156764055459477,-0.35929798496813226
train:4670,-9.25881109833118,-9.370855087787534
train:4671,1.9519904611399523,0.10180186814612889
train:4672,1.0020619501857952,-0.3711532409404578
train:4673,0.6374128447436354,-0.1930897243231146
train:4674,7.884421106266939,0.8473986191301515
train:4675,-0.5640766272698178,-0.06266379070466299
train:4676,3.601212519389008,9.13544928409094
train:4677,0.3052225807623387,-0.04351985128831051
train:4678,-0.03860105585228163,-0.04616292811529543
train:4679,3.2107445096604934,0.4362632894867931
train:4680,-1.9927941453570113,-0.11439395569060751
train:4681,0.6955213608919515,3.3385807725204217
train:4682,-12.3068695626327,-6.1491848191577585
train:4683,-1.9308788930663567,-9.471521691117072
train:4684,-0.4885741908365363,-0.06574248231500188
train:4685,1.3695347258722745,-0.10635623166364297
train:4686,-1.9363156263893297,-4.642991388982421
train:4687,3.3769623796019936,0.10378856258627528
train:4688,1.7867972671214751,0.007039924412343121
train:4689,-6.82442332671462,-9.566138334815866
train:4690,-4.329057574432095,-0.0060887219500977835
train:4691,-5.376617616458398,0.056155188081278916
train:4692,15.81102905297114,11.437859515143183
train:4693,6.25303057094012,0.20324583022939025
train:4694,-0.44511647150911227,-0.010788468344537158
train:4695,4.10773484064598,0.5592836291274177
train:4696,1.6915454110547725,-0.19458523759440965
train:4697,1.3542619870295929,0.030334794087041102
train:4698,1.0656876302082108,-0.1987214024589195
train:4699,-15.779236842361888,-4.210322836676727
train:4700,30.57338630269127,11.152842618620948
train:4701,2.4706811576701844,0.2949474855973279
train:4702,-0.5214944619042964,0.19867968568352168
train:4703,-2.5358705248933355,-2.6317644253041217
train:4704,-1.2356898609195572,-0.004388133764418836
train:4705,-5.571937398413307,-0.14910803857184707
train:4706,13.039640526549546,3.603148097893127
train:4707,-4.729817905205931,-10.712480713972116
train:4708,22.30950516012446,5.646340783947895
train:4709,33.54793124326309,13.978343817863497
train:4710,-2.4756215332687947,-1.9492494312886421
train:4711,4.423729274112561,7.212407814796356
train:4712,-2.0078155968419824,-4.688101307749623
train:4713,-0.4474395429330532,-2.5911751422843965
train:4714,-1.0889638468812808,-0.3689555511623122
train:4715,0.2194929115910072,0.4905485095799487
train:4716,-3.0546099214248996,-0.12308007309905022
train:4717,0.4708930115480498,0.09047966429039153
train:4718,-0.7092200656084707,0.17606694867186834
train:4719,-0.09010101668852347,0.13082970513173617
train:4720,-0.4703559736316436,0.25523035943957584
train:4721,-0.33670713035688515,-0.7559986085334429
train:4722,-1.51910945626339,-0.5598850755908749
train:4723,-0.01111554221245234,-0.21740276419882687
train:4724,3.1263849493571967,10.869843516595441
train:4725,-8.938624977876406,-7.4836968067121905
train:4726,0.049011292606836676,0.08967220410575642
train:4727,-0.3688034531920782,-0.1645968653750306
train:4728,-11.007570264076831,-7.5953802484336475
train:4729,-2.162719724230503,-0.13522949566160855
train:4730,0.9702691015832489,-0.005568223984790149
train:4731,2.0958678156730826,1.75226389565644
train:4732,-9.981494942447418,-8.083055385218294
train:4733,-2.6072579855577067,-1.4376674812847756
train:4734,1.314934934402296,-0.03977636030334272
train:4735,14.531938743989667,7.48222905247997
train:4736,-13.383769553910428,-5.009559481579841
train:4737,0.4740614173626607,4.822046623732051
train:4738,8.324094946458667,2.6063690293744215
train:4739,-0.8294616474185558,-0.7433187730792816
train:4740,12.968238653474279,18.19936789731097
train:4741,6.408446571373672,4.780956315947584
train:4742,3.770638313045962,0.33931428420520726
train:4743,-0.0583911556777465,0.3466562514617715
train:4744,-0.10259890151733797,0.061218291558804094
train:4745,-0.09239770410219594,-0.03760577607909832
train:4746,-11.5053210060962,-4.977503597571448
train:4747,19.468787358297668,7.427181381687737
train:4748,7.542157031986157,0.2261841192094777
train:4749,-9.705972418441368,-5.475508518287024
train:4750,-3.08852464884445,-0.47605629968393953
train:4751,-3.138021517024456,-9.822722361260624
train:4752,-0.08304323582716547,-0.17503457220872948
train:4753,11.669932416520759,3.8994625892813723
train:4754,-1.4018505461339559,0.18877731353937105
train:4755,-7.134330143785528,-0.3597399481575315
train:4756,0.684713215011516,2.8497586428233252
train:4757,-3.453625885563897,-7.5667368110006015
train:4758,-0.13523720073967443,-0.42735518034645176
train:4759,-7.842352846689184,-9.241652327954077
train:4760,4.7372457027380745,8.810290488849162
train:4761,0.23053537537761487,2.0988690331272624
train:4762,2.4794332104156065,0.269192644245288
train:4763,7.6887238121298624,0.26766760018632163
train:4764,0.20476133553162804,0.23129151886850982
train:4765,8.941935475057237,1.7777456842181283
train:4766,-22.483390140822706,-14.484277315574854
train:4767,-0.9103357288675401,0.04479903095276009
train:4768,-3.1904073762142913,-9.463827137668577
train:4769,-0.09104909762138413,0.0435597364962362
train:4770,0.30853162381230104,-0.07031411930205567
train:4771,0.00585077113957258,-0.46724941989982655
train:4772,1.6809513592136076,0.31035228518341784
train:4773,-8.031545029431097,-3.3767006567378157
train:4774,1.0700455248381822,0.05440566723776784
train:4775,-1.4314078438400157,-0.1760785640163549
train:4776,1.5857497141267993,0.7278007836519809
train:4777,9.150847555236059,2.0249035403025357
train:4778,-0.43760911641111033,0.048376036772450635
train:4779,0.9786815328396651,1.7868862476368457
train:4780,7.88333506136849,0.9080276087922581
train:4781,11.266952109552534,2.141893393512983
train:4782,11.757308819866022,1.994294379568415
train:4783,0.5233730163251866,-0.031506527138498094
train:4784,0.8731785008361668,-0.06543105376675831
train:4785,1.3695695946083122,4.6024146002951
train:4786,-4.327820896593964,-1.3641914576991805
train:4787,-1.6854705204808846,0.12851139563873037
train:4788,3.6552232616781932,5.600713291761991
train:4789,-6.013154296403815,-3.3619532381642343
train:4790,6.562700280605972,0.16593360867631768
train:4791,11.741907066700001,2.3918408390762527
train:4792,4.532209631257185,1.868022586076534
train:4793,11.28699465902691,10.905969798834933
train:4794,2.6202647808558575,2.329634163516287
train:4795,2.8020331772371385,0.2033395583815643
train:4796,-2.8506278156053044,0.061271789362556416
train:4797,3.0876885559356984,2.42627858796851
train:4798,-18.269357406911404,-4.47900421448839
train:4799,-0.025632443086960388,-0.11552133274168153
train:4800,0.5119662904761069,0.5707021290299092
train:4801,-7.811977063519203,-4.594420804286089
train:4802,7.402664421009748,9.869042554521043
train:4803,-0.031486206492942204,-0.09586559766943178
train:4804,26.512017263648957,12.713944482637954
train:4805,11.571074435773054,5.703582007354785
train:4806,2.844253637580831,1.1290595627577997
train:4807,0.6869350508718279,1.5146219435818762
train:4808,0.47758571674309475,-0.007894451152751308
train:4809,0.08998984480199179,0.018953671316771198
train:4810,5.007729926844942,7.709642367137899
train:4811,2.888922813027319,4.849451194691002
train:4812,0.05687419258330141,0.02426300735236707
train:4813,2.4885311610225207,0.08924957145611305
train:4814,0.002447117585828412,-0.20772900600271121
train:4815,0.5987586424927425,-0.09908673609856186
train:4816,0.6253114174435677,-0.22929917781483922
train:4817,-15.686138246974624,-5.204778816565291
train:4818,3.115960127114934,0.18555289391161084
train:4819,-2.225207753625134,0.06659774538251802
train:4820,-0.6024324693693495,0.31457625777648646
train:4821,-4.867261629252774,-7.475494380780074
train:4822,0.011790427865326886,-0.03083573600984893
train:4823,1.58049290348178,0.22409856082799703
train:4824,7.3055075696641945,9.400070820571448
train:4825,2.5289658771646106,-0.16407822200025307
train:4826,2.2025740515281163,1.0767866447201866
train:4827,1.3446256631382592,0.00019805462525560036
train:4828,-6.1858777426569596,-2.473486251104919
train:4829,-5.505598930727171,-1.9728489531231084
train:4830,1.2891674033870362,5.414965493274474
train:4831,-0.8397428104683439,0.2174039169968359
train:4832,2.015493635669756,-0.007596575381458359
train:4833,-3.19192021444184,-5.380738942199903
train:4834,0.31762515771265065,-0.13925360045985855
train:4835,-2.412510050873813,-0.34257186095976494
train:4836,-10.821313563992797,-5.720487373159397
train:4837,0.09618253232225847,0.08221767747009726
train:4838,2.4726524035475066,-0.22792692348338955
train:4839,1.0323678796545805,0.29432234592788076
train:4840,19.243459077192373,8.90364772291722
train:4841,0.8755079648617146,0.01399570885622059
train:4842,-0.06138242831328672,-0.2674824862738096
train:4843,2.226370336666054,-1.5931112705107753
train:4844,1.2689188959117979,-0.07765166407350974
train:4845,2.0246016982101214,0.27923489531364964
train:4846,7.337052617782634,2.4212811797939926
train:4847,-6.365961746629387,-1.1135523925290014
train:4848,-0.9391851912320376,0.2610576968763042
train:4849,-0.07715704449666874,0.04351522632351426
train:4850,1.3428947790813557,0.03502220032141494
train:4851,-21.954385853318172,-14.37817077023816
train:4852,9.38546021845695,3.0522014652626286
train:4853,-0.15941611214106405,0.2222083050954148
train:4854,-0.1740912008480624,0.08215276680154443
train:4855,-6.179508386874103,-2.8831187917756718
train:4856,0.020206462224467092,0.312358524154535
train:4857,-5.787099350839498,-2.151962310641287
train:4858,-1.6009587000302243,0.12775971583080767
train:4859,0.6263283060155422,-0.06326310876749905
train:4860,4.656535271890227,0.19584601401436846
train:4861,-8.390142549504821,-8.597733930764155
train:4862,-1.7675180511266522,-0.003940464142619365
train:4863,-0.49517484256844224,0.04022931988664137
train:4864,0.058343096203442746,0.6097411170272968
train:4865,0.0009068492859302668,0.04329980850040489
train:4866,9.681099678574258,6.427022393258364
train:4867,-1.135466885385103,-4.4632199371476835
train:4868,-1.2047984853727014,-3.0888122834317766
train:4869,0.17399130318618283,0.17325938393094625
train:4870,3.24670858892609,5.416540468616943
train:4871,16.015865675281898,8.985060823328322
train:4872,-0.4349315461707878,-0.3381169918457012
train:4873,-3.8717178378143102,0.13537067004463865
train:4874,-2.741047930984297,-2.0342461712470983
train:4875,4.0647161187052685,0.46308880021792964
train:4876,-0.5863879691690369,-0.2007167992084763
train:4877,-3.477049772600954,-0.1613225857941732
train:4878,-0.17565959659503083,-0.10595321487537546
train:4879,2.366148871277971,4.4216593595145595
train:4880,-0.16199302796335818,0.07070594872826666
train:4881,-8.448854062328348,-8.927205076970802
train:4882,4.074411951906106,5.108970609962448
train:4883,-5.316391405741402,-9.594622562784945
train:4884,-10.188403232595284,-1.8771362464210362
train:4885,4.137413714011691,7.9253032842675175
train:4886,-11.139635369360764,-3.508271586017377
train:4887,0.23132433864502422,-0.05387759673800091
train:4888,-7.961506291476658,0.07670997157818775
train:4889,0.38072966636042527,0.07554464675165208
train:4890,-0.7270577486740737,-0.030542853366906195
train:4891,-7.56709764965942,-6.116597095649662
train:4892,-2.846060941017348,-4.420186589130933
train:4893,-1.358080519160756,0.13284564503793383
train:4894,-0.888484189367536,0.1218410754756753
train:4895,-1.0262103501762838,4.550351964291436
train:4896,0.6797167575955771,0.010727207038168457
train:4897,6.702171505424278,2.111993684987023
train:4898,0.3088810085473972,-0.10457354218180545
train:4899,-1.935756796779768,0.05301543764425738
train:4900,11.069141305095101,5.495024457276996
train:4901,-1.6539877711708324,0.18499295023233647
train:4902,7.635352794917846,5.640083110177783
train:4903,0.16295941624950655,-0.013217553956512793
train:4904,14.37133427563373,5.430827092774204
train:4905,9.88907262746247,1.8697864443314507
train:4906,-0.2387205193227585,-0.40761919856857354
train:4907,-3.037873393043362,-0.017033445302558722
train:4908,-4.753563514447494,0.010072679241859991
train:4909,-0.0626248013783042,0.11636411298832214
train:4910,-0.1703156141099178,0.002378125793365396
train:4911,3.1886098360238644,0.2864193650359671
train:4912,-3.1395529519112246,-2.996604895492367
train:4913,-9.753718411155807,-1.2125043555830743
train:4914,-6.722171455659262,-4.31939958007775
train:4915,-0.996158613793212,0.23398324303170687
train:4916,-1.1673854938956247,-0.2642800364107904
train:4917,-4.795929493649583,-0.26282132962847693
train:4918,1.8432713693825917,-0.06894329157870605
train:4919,0.09329342508330823,-0.026702067709514166
train:4920,2.860023604599408,10.423654143360599
train:4921,-0.4412720771318537,0.20720416839422734
train:4922,0.026313605112321684,0.4306123521416374
train:4923,-6.983114198836818,-1.9654880833092183
train:4924,-4.811060665423952,-0.306537880264348
train:4925,-0.20526919740514676,0.07808935895013774
train:4926,7.335539779555085,3.219929776838262
train:4927,2.0052331614033503,1.391472424577791
train:4928,3.8307720053833387,2.347753227673555
train:4929,2.963813419372262,0.009649832601001607
train:4930,0.6594570921248069,-0.13434243074498997
train:4931,28.224825367790466,10.654503300966718
train:4932,2.969834087794743,5.853024341625443
train:4933,0.2723529855909532,-0.2610270846210289
train:4934,-3.3850572135208,0.060595434462317
train:4935,1.8021260284000573,-0.039863312067041495
train:4936,-6.59312644783266,-1.1351325505978298
train:4937,-2.292258473359397,0.05097688599967374
train:4938,0.9027278949620579,-0.9719161724602623
train:4939,-2.445245750098814,-0.06834397351586999
train:4940,0.14757428384766383,-0.04569057817336489
train:4941,-1.6380932065354812,0.09271501652237873
train:4942,0.8852035656043122,-0.2504019928133869
train:4943,6.319909736493078,7.9218343440114065
train:4944,-1.9908484698861164,0.232652217674349
train:4945,0.23481214208173898,0.09569784006839345
train:4946,5.5246979915858,0.503664245139084
train:4947,-0.28441797379499373,-0.7143392267778614
train:4948,-0.3258262250472514,-0.312953907533567
train:4949,-5.799664183641505,-0.12811628501388922
train:4950,3.0417227284250945,9.294449321988775
train:4951,-3.161042786389399,-0.3658519652406273
train:4952,7.256992140174526,12.565598924674623
train:4953,13.749858100157644,9.934830872377022
train:4954,-9.862610219385674,-3.034452808387013
train:4955,1.6031529327413745,-0.2303219131617737
train:4956,-3.9664413163009242,0.10196899528505116
train:4957,10.448555909595656,2.206140118656037
train:4958,0.20358323717003976,-0.4008255481352681
train:4959,-3.0582544017155433,-0.1904233224536937
train:4960,0.6086291680611284,0.043604032677743126
train:4961,-0.33849833732713347,0.1231654671053679
train:4962,2.560414222655106,0.07300621162880669
train:4963,0.7030525429595791,-0.11795127431851718
train:4964,0.6368096156101859,0.457187207829593
train:4965,-0.06946755836743071,-0.9378430645983806
train:4966,1.1205603276522436,-0.022184855821477736
train:4967,-13.928556826094994,-6.267698289819072
train:4968,-7.92324831429627,-2.982001849658512
train:4969,0.5179064121183417,-0.11588946896190253
train:4970,-0.16643100445709585,0.034129856954826135
train:4971,0.8888303790686967,1.0174744143344374
train:4972,11.890356758589734,2.766453004106683
train:4973,-4.16458081671007,-0.11844217016574854
train:4974,-0.5595348581718084,0.08852713711424162
train:4975,-0.6090638055889683,0.11397561437679327
train:4976,6.858326258145346,0.5817007068381475
train:4977,-12.801032079255567,-8.587737973128641
train:4978,0.7517488249601627,-0.2824805598905718
train:4979,-2.416560403251933,-0.09497225567717293
train:4980,3.432375309996368,0.07322234275596609
train:4981,7.371388559533519,2.2866584504667786
train:4982,-1.616000375382097,-1.1788923274591327
train:4983,0.2111463822457018,-0.05656389979041773
train:4984,-2.8671286313312283,-2.897479314232516
train:4985,-0.06469519069509305,-0.6578388409573346
train:4986,1.7598674449049643,1.6474728256488131
train:4987,-1.0478173436075449,0.05136627868058567
train:4988,-4.048154107080731,-3.124680634926776
train:4989,-0.37407897672543744,-0.42013554473446785
train:4990,-1.0559701190096016,0.19446562801674844
train:4991,-0.808376755194897,0.17366154475435375
train:4992,-5.073438140860333,-0.397373584515548
train:4993,19.16542005644148,5.679080869201079
train:4994,-12.51238868233683,-13.57167953782461
train:4995,2.144462745880917,-0.0019118274243311584
train:4996,-1.2669773453077995,-0.1264833180521532
train:4997,-3.0332735093852903,-4.594939804312892
train:4998,6.721916043434654,11.06938033833492
train:4999,-14.107598022401659,-3.653049197122453
train:5000,1.2303515168136383,-0.004555046912126104
train:5001,-11.158760173702634,-0.31843736108777543
train:5002,3.661947348735672,4.095187799499103
train:5003,-1.3494786344385354,0.24049970351117023
train:5004,-0.6874092063005104,0.10046085653207057
train:5005,3.8851514264415603,1.336789394815933
train:5006,0.8191889122468448,0.0859392700207291
train:5007,0.9540834992311044,-0.2638098263810099
train:5008,2.7625887331985153,-0.2224478924142913
train:5009,5.6620013108555325,0.371136489806811
train:5010,0.26471487273281047,-0.023091536599472162
train:5011,-0.26401348684054743,0.22484410622108944
train:5012,-1.8928319879681177,-1.9586146854831195
train:5013,0.5811853806754241,-0.11986706633609051
train:5014,0.1913908024689141,0.05627266925831902
train:5015,7.358644733886519,1.8481873123748913
train:5016,0.21561806518427576,-0.12576295229202689
train:5017,6.41973148910486,5.5062159125003625
train:5018,-0.9434421989857406,0.274574523302772
train:5019,0.1452548155264468,0.12368489511460048
train:5020,-4.215966640550349,-2.1128952184643284
train:5021,8.97627978530477,5.065532105245278
train:5022,4.391796485649384,0.11587107722894069
train:5023,13.039955739923325,3.430565324274602
train:5024,-9.493097390182758,-2.367522366578231
train:5025,29.035182231966527,9.53738356213214
train:5026,0.3410053426005404,-0.0426459111662125
train:5027,-1.8482060497543165,0.2211132407178072
train:5028,-20.88204669271415,-8.56083499757767
train:5029,0.2227935861443205,0.030728395261848222
train:5030,-17.71547636836825,-9.255791726155412
train:5031,-1.4627962151045266,-0.07790881018354592
train:5032,-0.05023861273392996,0.15837872016081916
train:5033,-0.12576638711539873,4.05623940111607
train:5034,1.08329878271869,0.6853874395155164
train:5035,-0.224021138729654,-0.5269372761983222
train:5036,-1.2876228914573855,-0.014126873959492331
train:5037,-0.8716865244688127,-0.24528960002600458
train:5038,-10.207187718073426,-15.915233717125881
train:5039,-10.079880568050935,-6.7053479869669435
train:5040,1.1585911931319055,3.5235268172557044
train:5041,26.465471685287167,7.411341466631128
train:5042,-6.992578968546847,-15.71332644336734
train:5043,0.6225099469611917,-0.15758858175307083
train:5044,16.608827593175924,9.074803032470824
train:5045,6.558881921551621,12.52576003751553
train:5046,-0.5060325020540509,-1.0676385800974149
train:5047,-2.613953712709875,-4.188531397948279
train:5048,6.637256147084955,0.44805420543380586
train:5049,4.109209090805647,0.8690026015542509
train:5050,-1.1428181447747772,-0.2948378392533092
train:5051,6.625193888998369,2.399858091276981
train:5052,3.413955319038938,-0.1446366921342276
train:5053,2.1680544677674343,0.344115605096371
train:5054,0.6040392801073873,0.20270528842027674
train:5055,2.749549685586398,-0.2783392592369017
train:5056,1.6005038386354826,-0.15792711585521557
train:5057,-3.4236596938132373,-4.434098015357877
train:5058,-12.684009811614708,-6.460100929771759
train:5059,-0.5262347503394794,0.14226247111522833
train:5060,-0.12122473424650942,0.06172516541675613
train:5061,-0.19688419622108,0.06906092692808513
train:5062,-0.40831496143301393,0.05408724830983399
train:5063,2.9627013391509047,0.01217492893811141
train:5064,1.069719153468871,0.22197380638896713
train:5065,10.476894428748084,13.334312433312052
train:5066,1.0473529514249527,0.08709004344464413
train:5067,-6.083441764675323,-6.867301674275146
train:5068,3.9764521897987293,0.07843716600493286
train:5069,0.013670550112470897,0.13536917210613358
train:5070,-2.534047587373293,-2.7438373310368953
train:5071,0.3827034692783901,0.08376433464177951
train:5072,-0.8906602309545185,0.26332129594867265
train:5073,7.338001977235816,0.2654315346502844
train:5074,22.645561669557598,11.249350944660426
train:5075,14.284675703334358,4.456626665333561
train:5076,3.839061931147143,0.2823659434412608
train:5077,-0.9731296733063403,-0.017129598688502903
train:5078,6.702586210924885,1.1791258033862368
train:5079,13.86413736056355,5.009885259051019
train:5080,9.848948475529355,5.831897987593245
train:5081,3.5766351745638296,0.8226688670284112
train:5082,-1.3822554787720613,1.4032915873651848
train:5083,-5.167678571123706,-4.1442611807087735
train:5084,-2.9848817476794345,-0.2724082787217038
train:5085,10.676904288158283,6.128566277790306
train:5086,3.5976726453064773,1.9080990034842866
train:5087,2.052880126907444,4.095171536166762
train:5088,7.185779488106823,2.1936099343915725
train:5089,1.9712338191843486,6.911936187404531
train:5090,34.08854356545277,14.822466689383724
train:5091,0.8069002398342555,-0.44808122814577306
train:5092,1.8252370266457372,0.045424883926257306
train:5093,0.7045493415685505,-0.12830088810203724
train:5094,2.9246776798766905,0.3110608814267186
train:5095,-0.10725480761131023,-0.03894635971072663
train:5096,0.8395964211584143,-0.15170895912947516
train:5097,-0.4473291252689343,-4.477107681680168
train:5098,1.8864853562451134,7.465691240740811
train:5099,-20.59941466588829,-10.941549464669357
train:5100,-3.9550587661088303,0.025881494241887446
train:5101,0.02330001648571743,-0.21063800257954773
train:5102,13.572537094828832,2.210875030940143
train:5103,-10.975635151031252,-12.093129207482555
train:5104,-8.992951398455851,-7.089824005722823
train:5105,-9.247095203022567,-5.233758933509951
train:5106,3.441788473977062,0.4220929338896869
train:5107,-0.6704534697984169,-1.9889811801794197
train:5108,1.413975162410357,-0.3396119344737562
train:5109,1.46255963199738,0.100516636908783
train:5110,-6.799214625308922,-3.1741311514992265
train:5111,2.019823635310898,0.16726827188433074
train:5112,-0.9193055949840764,0.10374961618514358
train:5113,-4.313195089033899,-0.14273345426793485
train:5114,0.446190952876977,-0.0756084046221959
train:5115,4.513806377293053,8.22199211762122
train:5116,-0.0855806337486171,-0.19608003756165465
train:5117,-2.500284887642866,0.1822174841736658
train:5118,1.3092394750579244,0.5128183613347521
train:5119,-4.582204598064619,-4.975052114212301
train:5120,-0.3173556792307725,0.14644057825788004
train:5121,-0.033735239967363384,0.2112826269610897
train:5122,-9.910621214494,-5.803997016834348
train:5123,-0.9905975153117051,-0.5374100062608775
train:5124,-2.870917235730827,-0.1353939835755457
train:5125,-0.5352420422326962,0.22647272202812027
train:5126,-0.1852431524658279,-0.4934824602870073
train:5127,9.53199445444702,0.5533538612291049
train:5128,7.11739166857464,0.14933331150237583
train:5129,4.023866697062573,7.992400087072875
train:5130,3.3345178295147004,8.03872832915753
train:5131,-4.036010953526539,-0.7572483172290974
train:5132,-24.672873393089535,-10.619414507956469
train:5133,0.3897846121928933,-0.044784682029825496
train:5134,-4.479248378541302,-0.3905364225351907
train:5135,12.266487208976095,2.737477452307943
train:5136,-1.0850876057251075,-2.6440480916888958
train:5137,1.8307225761991623,8.469509193625223
train:5138,-27.603230811688665,-18.427975628089147
train:5139,-0.4289977009010397,0.04439401691315248
train:5140,19.559001611839907,6.712152847785363
train:5141,0.043156134451413364,0.03147550992385071
train:5142,-0.3362382620863004,-0.17188547748865257
train:5143,10.512398240697985,1.5892025898193494
train:5144,1.561007323951043,5.055855137180938
train:5145,2.8607786289637405,8.709341417115812
train:5146,-1.153757862019194,-0.14520277022833222
train:5147,4.904554731659309,10.708933535773244
train:5148,-2.6894115171610284,0.04763669712459349
train:5149,-0.4776170392241005,-0.39751638798636424
train:5150,-3.014019923178323,0.03189821390389909
train:5151,-14.810632636386025,-14.047382579433537
train:5152,-0.5987956602006342,-3.2722058932325715
train:5153,4.17241448632969,0.6179336993635232
train:5154,0.37953459854729865,-0.05002575486783342
train:5155,3.9429340361370455,2.4051936055712133
train:5156,-1.5087171781747624,-0.2090647391667993
train:5157,-4.23912506027704,0.09298607206139052
train:5158,0.16581644425130226,0.066045220065364
train:5159,-2.519520807023574,-0.6891139423525645
train:5160,-8.658457008397193,-0.40487782844349435
train:5161,3.667355722153334,0.5129488959759079
train:5162,11.665173531426355,18.261105789449257
train:5163,0.9986643405462975,0.9868656815827463
train:5164,-0.10831179522972811,0.30932355808246303
train:5165,-1.9935008184073721,-5.430488190508506
train:5166,0.032262676396806106,0.6934633966395627
train:5167,2.63786047489336,-0.5696783122153708
train:5168,-21.127673227358102,-5.954836856399828
train:5169,-0.8877328843350473,0.2774367271339264
train:5170,-2.839825946097356,-0.2643108511457517
train:5171,-1.1684945521598586,0.11080191066699026
train:5172,-0.6067892017081197,-1.288131133540323
train:5173,11.062839827118399,6.336233624413656
train:5174,7.728593189831664,3.848798885180629
train:5175,0.04031340263139305,-0.11189831881076398
train:5176,4.428574633672337,0.10066471882956944
train:5177,-0.8873776881439447,-2.467280505869649
train:5178,1.3001027039248885,-0.039152575911590576
train:5179,-9.460472341080116,-0.28696153593286666
train:5180,-4.464939644020938,0.07538593660052018
train:5181,0.05237891513334207,0.47725466199952066
train:5182,-0.666439845822256,0.08637310154395796
train:5183,3.0520029616419215,11.483062448758508
train:5184,-0.8136479782508117,-2.3003111498032482
train:5185,3.058283518377003,0.06425511222140615
train:5186,-1.2249786501253062,-0.7850009805644642
train:5187,-1.4911163700559746,-7.76055122232911
train:5188,-4.239403080332379,-9.04764903371312
train:5189,-0.6499983069475961,0.19365524328550818
train:5190,-0.9629166205209455,0.03501492462010462
train:5191,0.257534935066201,-0.0190012015201768
train:5192,-6.945520122390586,-0.6561969576949731
train:5193,-0.4213667942483448,0.027947436761992295
train:5194,-13.791405534514384,-6.457237441993315
train:5195,1.5686045241589017,0.1612707401012649
train:5196,-8.961285936968961,-9.353461881831578
train:5197,11.097886161251488,7.128213399233376
train:5198,-18.200867770669994,-10.036570915459924
train:5199,-0.2820333009373865,0.010258851598918095
train:5200,-8.89670717816152,-15.289782476469643
train:5201,16.502337543484323,11.744619060396841
train:5202,-2.1060589580024653,-5.568891431300885
train:5203,-22.5011648277052,-7.106111875722851
train:5204,-0.6448526113414165,0.21234402338753589
train:5205,1.229127856636961,0.4624094494406801
train:5206,12.051525635552998,4.401115917552047
train:5207,1.4027650962325287,0.010214912069436186
train:5208,0.8910315261456263,-1.7945091025167832
train:5209,0.1712406248293016,0.060154398568182825
train:5210,0.49882612352948097,-2.5459684994880107
train:5211,-0.3953391424622449,-0.2602822525319865
train:5212,1.0424843460411515,-0.12013341406837208
train:5213,6.299914608499712,0.4539095757197005
train:5214,-0.2522157662313667,0.06309485185362569
train:5215,-7.869935411644317,-0.09790949909439067
train:5216,4.3867391241744995,8.451992158086181
train:5217,2.1099850046034803,3.8651837645314617
train:5218,-8.10700283388225,-7.1209805559849375
train:5219,3.5196605897114543,4.619507647906803
train:5220,-5.618233781541547,-1.924485226601285
train:5221,0.12195331775288179,0.062271199667054876
train:5222,-1.4199657843384177,0.3259921184539929
train:5223,-2.789870670267577,-6.050073789300529
train:5224,2.8370241863090477,0.19099255059714737
train:5225,-9.09929081520777,-14.58972419732608
train:5226,0.822717163417363,0.3010553655169335
train:5227,4.436670224347292,0.44595923143886473
train:5228,-8.411922026950348,-12.425436450592125
train:5229,-0.03088169883917144,-0.13140832586559237
train:5230,-1.4268200480104367,3.9597364961873733
train:5231,-0.4107398495661845,-0.301272198436614
train:5232,0.3304287251273942,0.4837312487825873
train:5233,5.440071569222695,4.971882701838326
train:5234,1.1591858213104653,5.48523450185113
train:5235,0.8587328484122955,4.636206381039649
train:5236,-9.091757308557739,-0.6475340226681563
train:5237,14.588023478698364,2.3741286435491222
train:5238,0.015297641565102549,0.44725616086263115
train:5239,1.3645938259757555,0.06728822370294804
train:5240,-7.385672361640748,-0.6325399435540744
train:5241,2.65662450404636,0.11711850335163494
train:5242,1.5508321618588088,4.3134365837222335
train:5243,0.5484596771547535,0.27900920591221984
train:5244,2.176740967289106,0.2926235410023269
train:5245,-18.893197217774354,-10.410085448218167
train:5246,0.7683342554855376,-0.22399761679338864
train:5247,0.2859457487313464,-0.12072360183936776
train:5248,-2.57844618142813,-0.20071408865308615
train:5249,-0.547974244967683,0.11769485302406
train:5250,0.8078981830596498,-0.06706359274606433
train:5251,7.356687900420092,1.0907890885439155
train:5252,-4.859295750275879,-7.715029869785851
train:5253,4.007132493263438,7.80301386728696
train:5254,-1.2541930719269967,-1.4799826747839557
train:5255,-0.04012040291055727,0.09007072707850876
train:5256,-4.8122322549548135,-6.8408774684025575
train:5257,2.9451600403416207,-0.0767932026492974
train:5258,-4.848618478384704,0.08784150926135181
train:5259,-0.1939161694095648,-0.0024640674198651707
train:5260,-7.778057686934847,-0.15104480172849127
train:5261,-14.302014006718476,-7.847306114110083
train:5262,8.787444658419881,0.5012835215417005
train:5263,3.70513948452361,1.3158666177596132
train:5264,-0.6961680003348997,0.08145244488522398
train:5265,6.6211556244487415,2.4841298289989857
train:5266,0.8497613550880773,-0.17898813123643142
train:5267,-1.7008590235272112,0.04256482000725293
train:5268,-1.8278859451410807,-0.007170518872374826
train:5269,-3.7136211289541925,0.13744089238904367
train:5270,2.2879415507611376,0.14994989152322263
train:5271,-0.2745490754342894,-0.06197160045451289
train:5272,0.19012436997603074,-0.033811355184958314
train:5273,0.42248265318297407,3.5156816139918434
train:5274,-8.681147722144502,-15.765803937006503
train:5275,-1.6755280490871414,-1.6590172835350112
train:5276,-0.6577377715984879,0.08229735353248573
train:5277,-0.09235423441126916,0.09875192268900626
train:5278,4.808048298469976,11.305671149877915
train:5279,-1.3485283451523924,-2.2878388858276457
train:5280,9.39006847061167,0.4043743186261064
train:5281,0.012277544107771293,-0.2836514484886977
train:5282,-3.6462649590922407,-7.808121184104058
train:5283,-1.1325653416302992,0.16437411203173485
train:5284,-2.3837024309925603,0.24202367761406152
train:5285,11.912763873283936,1.093489657677333
train:5286,-1.3135268754596718,-0.11712926273126145
train:5287,-2.510152739941489,0.05124644360018046
train:5288,-10.101422938091407,-16.539331392016777
train:5289,7.083066884819288,3.0202836769183206
train:5290,0.08742292468402839,0.024322782231759668
train:5291,-0.19466910164973533,-0.25004419950189133
train:5292,10.787240126976585,1.249056277860748
train:5293,-3.3736026012742286,-9.89113906188016
train:5294,10.099133981181089,16.163752212197252
train:5295,0.3545327849754232,-0.18721438152381914
train:5296,-0.8671361544159139,-0.18330661661612918
train:5297,0.3081765438503188,0.06239288933799017
train:5298,11.28714343230067,9.390797867921044
train:5299,-2.3218862059122523,-6.135523049348325
train:5300,0.07157182973960403,-0.29921524354753953
train:5301,-0.5306505270712732,-0.1291893082963509
train:5302,-4.36660748381268,-4.222331453019809
train:5303,1.6156280366626445,-0.15688126945706007
train:5304,-1.5199093450680912,-1.1479306518634864
train:5305,7.675396981216316,0.23916197309574205
train:5306,-1.0090223878921805,0.057615820784527434
train:5307,0.10492470559246977,0.5116814260094077
train:5308,1.5221505343437718,0.16864887187316577
train:5309,2.1595846193256762,-0.32366488114883274
train:5310,0.7365553543774063,-0.1385905843453547
train:5311,-4.558865790743494,-3.033308383369143
train:5312,-1.754235387278753,-0.19186441062597132
train:5313,-3.2565989302925895,-0.8135882809687722
train:5314,-6.725793155042361,-1.1460020203730124
train:5315,-9.30261924845578,-0.08827411665616666
train:5316,19.905256529189305,4.904333378943629
train:5317,0.343572495176744,-0.01011938914560806
train:5318,0.23064126010604885,0.6136839764942483
train:5319,15.222648422075965,5.5119223449006105
train:5320,4.436456362766262,1.187477167204
train:5321,-1.3540859567602954,0.032393817557860645
train:5322,0.025367267616262915,0.01363791554472503
train:5323,4.8268523104403,1.3221044616771345
train:5324,4.275231230908857,10.02908629890488
train:5325,-2.290628476178762,-4.123896064758768
train:5326,0.9111145233538065,-0.2366004154101467
train:5327,-2.633268202975788,0.06264019185213593
train:5328,8.954408254396105,9.049784891541655
train:5329,2.3990696072622115,-0.14916560220868455
train:5330,-0.3528314799627237,0.01275213457539652
train:5331,-1.5479912303232828,-0.015087908506099118
train:5332,-1.770696452645594,-0.0773173384652602
train:5333,-0.2013834254611236,0.19750351863542553
train:5334,-1.4513543880611692,0.24016416528603565
train:5335,-3.0178805896323992,0.05336723920173268
train:5336,-2.4508410199416377,0.0037823361462564625
train:5337,-1.7497038463433143,-4.99457267816707
train:5338,-5.950682539086002,-2.408027194398432
train:5339,17.21697740265494,5.109349517073825
train:5340,11.061565026128866,2.978894922719321
train:5341,-3.0173998659915617,-5.30846811713724
train:5342,-15.643802952260247,-6.711615932315376
train:5343,0.6940287465313046,-0.11591564722053868
train:5344,0.6606761031366791,-0.07300898200307285
train:5345,-1.4629380146310793,0.047016693244306525
train:5346,0.6360225120086985,-0.2130043174351206
train:5347,0.17580563975133603,0.03444913184762002
train:5348,0.347945732050572,-0.10929040787344557
train:5349,4.2958702682277154,-0.06254024644319761
train:5350,0.4066599181438602,-0.109944365026514
train:5351,-11.419612723082972,-13.311338396287528
train:5352,-2.1096295165727095,-6.734950675686471
train:5353,-4.681250869986926,-9.694376707573683
train:5354,32.220747184039766,13.017833692394289
train:5355,9.513118845338699,3.9146656664821133
train:5356,-1.7074485172635852,1.9300982990129134
train:5357,2.2056378511346146,3.6251931875417656
train:5358,-1.891695267173294,-0.07349131820170382
train:5359,-16.34893247990575,-5.8882365132132914
train:5360,1.1916525663514972,0.09254903066993653
train:5361,-0.5017489940609595,-1.182071666270931
train:5362,0.5439943868177864,-0.15462694333734206
train:5363,8.710778071119426,4.2264114923671094
train:5364,7.740463902328283,4.616742310765643
train:5365,-2.880117932879932,0.021245731220735864
train:5366,-0.8559930362112779,-2.6757638723262347
train:5367,-0.1808025027023274,-0.016633424391301332
train:5368,15.376427916498153,4.484141941081077
train:5369,-4.528899598992834,-0.2539850617175027
train:5370,2.635889461474278,0.2162586360141061
train:5371,-4.874076375023951,-3.445704263929716
train:5372,-0.6515257900442805,0.071748513927792
train:5373,4.069387134584858,0.33047901491990306
train:5374,3.748254444175785,0.059228743902457574
train:5375,-15.998906160066529,-13.481823770677343
train:5376,20.403522398669068,10.124551489101593
train:5377,0.06534915510634506,-0.3981488033571217
train:5378,-5.004892714641261,-2.226006552233137
train:5379,-0.1440115694761604,-0.018586593541096263
train:5380,-2.814393619864537,-0.33564296807857363
train:5381,-2.035466039603269,0.3166745129700577
train:5382,0.26732421647961957,0.021837773582261605
train:5383,-8.34526602130803,-1.5217544732578223
train:5384,-0.19955979056636036,-0.5905775502380395
train:5385,8.741196626605614,4.674945068031974
train:5386,6.432274935748763,6.801249659423397
train:5387,-15.730679105472493,-5.014231908429164
train:5388,10.497212208778917,1.406534267576626
train:5389,-2.7328161197805554,-0.6167707882592286
train:5390,-3.98392914971495,-8.112481174533414
train:5391,-15.084434969414223,-3.236795197616072
train:5392,-1.6947651307590506,-0.7242475906760324
train:5393,0.696237099813682,1.178025175237039
train:5394,0.5088662273841296,-0.2766042184656063
train:5395,2.5162480868405193,4.542289345953125
train:5396,-9.573928699315536,-2.14535982569339
train:5397,-6.621035384157104,-4.338938975259439
train:5398,0.3953769763077137,0.1419877063951564
train:5399,6.738560983269533,12.816115872191437
train:5400,1.7013739779107935,-0.07097506683481442
train:5401,-2.712522050490228,-0.17019280697792893
train:5402,4.300445976228802,-0.08839138384199177
train:5403,1.6288574675735266,0.30026687922002926
train:5404,-3.0003341767418297,-3.9082631091479105
train:5405,1.6665777688442138,0.0913663725549851
train:5406,4.174427109773777,8.651527267895938
train:5407,-2.7089882203219435,0.0014809319592363757
train:5408,-5.214206482659235,-0.3288973943382403
train:5409,-0.6944419979010416,0.2393050618881783
train:5410,0.5789663343139952,-0.019740362842021436
train:5411,0.3419793426271889,0.03696994836042964
train:5412,-2.9985177480525143,-0.17753755612028832
train:5413,-12.14465555342127,-5.225315696130544
train:5414,1.434639770135643,-0.03165746227548466
train:5415,8.210461919960656,14.427388689871425
train:5416,-8.591799143088954,-4.110115315833789
train:5417,-4.141320580274149,0.10336015217382664
train:5418,1.9972170714465607,0.09650016446386835
train:5419,-1.36117756029561,0.15087062439100268
train:5420,-0.02954808591485575,-0.12942591124974617
train:5421,-0.8237487537061656,0.1522765466736138
train:5422,-2.1057432797122058,-9.130565779061685
train:5423,13.663236721176713,4.78523614024777
train:5424,4.492313753315996,1.65889738863573
train:5425,0.9744858940613883,0.35606922569719585
train:5426,-7.086194551060427,-2.615415496477411
train:5427,7.584626687563398,6.076604645640126
train:5428,0.13260583284146965,0.05705480714917804
train:5429,6.597622017122287,3.8966196446595687
train:5430,-16.127531813227723,-9.559420722594295
train:5431,2.0955605058794715,0.16998018255214364
train:5432,0.6286194144314488,-0.2801802969900318
train:5433,-0.2594406845674646,-0.16532479215808726
train:5434,25.46714722837883,10.055843760429646
train:5435,6.978636880052785,2.5201488303093518
train:5436,-13.057144340200722,-3.1577223051323133
train:5437,15.120982345786036,13.330535916349566
train:5438,0.20949604496904517,-0.20843574765548195
train:5439,3.1490314960388566,6.408603741400083
train:5440,-0.2616674020508218,-0.046301166440191444
train:5441,-12.72660267005928,-11.465304090947813
train:5442,1.1543325581705206,-0.1833824408366475
train:5443,7.8375324195425415,5.636405314495824
train:5444,-20.45076227041306,-14.122967700434263
train:5445,-0.602203498002703,0.21699312519442304
train:5446,0.7210813066986679,0.015814634183799692
train:5447,0.3985926873742155,-0.04523235165162498
train:5448,-0.9171435008915089,0.14324740134751118
train:5449,-4.647377520134141,-1.7304221574809362
train:5450,-0.017296374362466255,0.008772468619463458
train:5451,9.15352361449782,2.941531200613836
train:5452,-1.9529005919982243,-0.032804740509554536
train:5453,-4.987367222992313,-0.30433048955112196
train:5454,4.802666425291703,4.1178483278821085
train:5455,2.8190365676784834,0.5824471081961
train:5456,0.31375774996960715,0.1257851475595118
train:5457,-0.6587210699547464,0.1450716051250605
train:5458,-0.6272325091886878,-0.022547499600513513
train:5459,0.40198983209723266,-0.1290377311857193
train:5460,-0.7100060069187568,-2.255767594451771
train:5461,0.2259373513854649,-0.18696800630493843
train:5462,6.922151852254377,1.2739357524825898
train:5463,3.348842836111882,7.003396603342748
train:5464,-9.980662741947322,-2.1786692702393085
train:5465,-2.765002287725605,0.03476270030801366
train:5466,6.229264505373415,1.101288353517132
train:5467,-6.2940419565948424,-0.2649461197327093
train:5468,-4.482856130429987,-1.983097135070714
train:5469,-1.6369053449278024,-0.1286541162676126
train:5470,1.830177694084016,0.34451583999884344
train:5471,-0.06675267857954803,-2.649804740694266
train:5472,0.183867523981455,-0.3879649614348289
train:5473,6.9590987649597515,0.4627633909103055
train:5474,-3.8031682273469136,-0.2903463063110739
train:5475,3.768578733037345,-0.08355175852334132
train:5476,-3.219957467714903,-0.31673598826764143
train:5477,-10.543430194098764,-6.097641468502517
train:5478,-0.6522034058146099,0.3011836889155341
train:5479,2.9345260056831326,0.20516133692534352
train:5480,5.2174718829414575,0.3790349055528045
train:5481,0.43676930417051424,0.08698718500062966
train:5482,4.237319151589963,5.0128628754774684
train:5483,-0.07800179774173815,-0.004867260094824674
train:5484,3.261349738730012,1.3638624220524302
train:5485,0.4136334328931275,3.91596815967747
train:5486,0.2701392857690501,-0.0010112097307619916
train:5487,-0.021239214804470885,0.351083801030719
train:5488,-0.8731010328607353,1.1252860416723256
train:5489,-0.2576882981233381,-0.8381973420252475
train:5490,-0.5420737574554109,0.3788661378145672
train:5491,-0.11310706003873044,0.12096756333600732
train:5492,6.988308072680156,0.3486826769375046
train:5493,-0.12267190302118736,-1.888811321790324
train:5494,-1.2195540046308264,-4.146525778406812
train:5495,1.8960019641427186,-0.4077067923059174
train:5496,-0.3126965187214367,0.16069381978559982
train:5497,0.20329754599277222,0.06400759571604539
train:5498,0.3985561914304962,0.423519755980964
train:5499,0.015359824144369483,-0.019738222929871346
train:5500,1.3556053631999991,-1.8879279660547654
train:5501,-3.4944701931253075,-0.018871201857058637
train:5502,43.78288159488944,18.889273291928014
train:5503,-0.3816712953102509,0.08212309335306314
train:5504,0.8950484045371506,0.1862072790471093
train:5505,0.5198480195700319,-0.20327841671294766
train:5506,0.10059331120188686,0.18879821334803698
train:5507,-2.6906923620648073,0.03115295383242668
train:5508,2.6950784435232773,0.1933931040471218
train:5509,4.1135923233838065,1.2433004848202376
train:5510,-2.0991163601991514,0.1588952236234466
train:5511,0.020876406872868306,-0.14224612494095368
train:5512,-16.37520398038587,-5.165629266440148
train:5513,-1.6903488891107763,-1.1134813474456182
train:5514,-0.8912330080584953,0.07313546232267232
train:5515,34.62171350462258,19.13714701995703
train:5516,-28.486706020586002,-19.29135314381429
train:5517,10.924328189915844,4.199037165499879
train:5518,-0.17488830015388052,-3.1493464036552288
train:5519,-0.26156128486414754,-0.25607761047867367
train:5520,-0.39303792211288757,-0.05322670679234762
train:5521,0.7837836625908096,-0.2448607616311259
train:5522,-0.2609571258977371,-0.023835940706084538
train:5523,0.9793117271289835,-0.293407236650567
train:5524,-14.594238190370028,-5.20589784795898
train:5525,-6.229167975822283,-6.840591005496065
train:5526,-9.035129551399818,-2.775474362907111
train:5527,0.8184064578101624,1.741706710394361
train:5528,-0.1376217573681615,-4.159646293103083
train:5529,14.12910628046224,6.004509008052151
train:5530,-2.7629561902949225,0.042755200858206215
train:5531,-2.947453181500261,-10.823106753769807
train:5532,-8.839118903554883,-13.876477211619065
train:5533,1.0126864540564329,0.10444729887647893
train:5534,-0.6891205638652328,-4.156767112635538
train:5535,4.251492130498021,6.485970410596168
train:5536,-4.359537498893709,0.04976334181935597
train:5537,-19.030857127984632,-13.192619494059807
train:5538,-3.5817326919328494,0.08121298871562857
train:5539,-5.943423333159467,-1.7700450561736794
train:5540,-5.755781181963543,-4.932267566648201
train:5541,-1.2115625552475033,-0.04353554397741119
train:5542,-3.475267282814715,-1.2420573983407195
train:5543,3.4511597954745104,0.27078388292009714
train:5544,-0.24608293670796444,0.0292239656899278
train:5545,-4.427507358509921,-5.36366415517188
train:5546,-1.0200713605095149,0.2452475979289867
train:5547,-0.08788255147269519,-0.029360623234384778
train:5548,-0.20555837545601807,-0.05300251532942285
train:5549,3.1116071141080077,0.04495353260999681
train:5550,-0.5151323123268873,0.12072668055831184
train:5551,-6.907296549029756,-0.24952748204804887
train:5552,-6.597212133863298,-0.3222308546866504
train:5553,-1.7384133496143597,-0.0360828006018771
train:5554,2.4885832316683367,0.0254018685986466
train:5555,4.089468272127116,3.3130253709807707
train:5556,-10.624485592975144,-2.822713351602845
train:5557,-1.418892292184942,0.7699654699966043
train:5558,-0.3998909072645851,-0.276804514242855
train:5559,-5.455116439608505,0.16426119600061495
train:5560,0.24154947925891201,-0.028332110124645052
train:5561,6.047714154821488,2.2153291867501568
train:5562,0.07270855053442776,-0.15122519632274412
train:5563,0.7961999545772962,-0.20089184402235388
train:5564,1.0982445690464597,-0.24826792975650408
train:5565,-0.2409876845399192,0.11494264067742033
train:5566,-1.61249141824552,0.008773752566753515
train:5567,-0.04644931095961061,5.574270825305722
train:5568,-0.0017169068717743374,-0.10754787740962479
train:5569,-5.055251537976114,0.1106237273152925
train:5570,-1.135153996593726,-5.53567029379636
train:5571,0.24092381790527845,-0.01838808102397263
train:5572,-0.06867162135281385,-0.04202219810486538
train:5573,-2.7637047058285282,0.05700965500281108
train:5574,6.98558970601867,0.11249443851690386
train:5575,0.5680256872366172,2.454177335973323
train:5576,6.912291438619441,0.3237829444806418
train:5577,-22.123896261774576,-6.234797283172202
train:5578,2.503998467412292,0.04135191780058019
train:5579,3.5218694079103123,0.543835389324681
train:5580,-4.43352616726648,0.07228042475790013
train:5581,-0.04206840296385439,-0.046832577957464566
train:5582,0.5010853851664732,-0.15328564640166373
train:5583,-15.537350095887087,-4.436015947287601
train:5584,-4.905768801666709,-0.42798196061521404
train:5585,-16.765393505142566,-3.2718181411509746
train:5586,-1.5203665904266637,0.23902102421545593
train:5587,0.2742692550944562,0.036496671123234056
train:5588,-3.048393058247647,-5.008708652508965
train:5589,-0.10385557076413082,-0.01784860917093417
train:5590,1.1578912613705117,0.2154926901251828
train:5591,-1.6062575856167287,-0.23450144691252545
train:5592,-0.17231208170630707,-0.30619249844332297
train:5593,0.29152823337095624,-0.039601386819870105
train:5594,-7.012336059302196,-0.5664189406891591
train:5595,6.028000766215306,8.361241051695314
train:5596,2.85657020498225,-0.14846100046806393
train:5597,0.7545160078521017,-0.0861981878793614
train:5598,-0.526534389011162,0.04145163770677453
train:5599,0.28505148188110374,3.428297302717123
train:5600,-2.3770638885674935,0.06870670013683973
train:5601,-2.1085374277600137,-0.0002741526558649454
train:5602,-1.0322749532061728,0.25629439509100704
train:5603,2.358198334544932,-0.2435729624991999
train:5604,0.7472839995396762,-1.8034463742812417
train:5605,3.499470661712759,0.25444929150479184
train:5606,-0.5167062870716217,-0.007382441505639048
train:5607,-8.410107922843435,-6.758569599391098
train:5608,0.48508505203180813,0.18405053292143553
train:5609,-1.4863333093045852,-9.889971525811069
train:5610,-4.605591291783236,-0.019780236538418178
train:5611,-4.280762980270665,-0.3235441901035675
train:5612,-1.4966981573208633,-0.00526193122570684
train:5613,-7.983499630503214,-5.042907301883652
train:5614,0.41733626020207376,-0.09238460257487541
train:5615,0.539864998637981,-0.18111049610689373
train:5616,0.5167839875052933,-0.0968641520090702
train:5617,3.1985232501375767,-0.08709188652364525
train:5618,5.441414248018381,4.45686519420789
train:5619,3.063411082240443,0.22612334570441506
train:5620,-8.671471880352325,-12.49566551414198
train:5621,3.2930054369708106,5.896045706134154
train:5622,-0.2287312075936046,-0.01726612508367885
train:5623,-2.9655765557431315,-0.1845364954591927
train:5624,-22.019626653193846,-4.6217954164749395
train:5625,2.0307872957540605,2.4747701385760985
train:5626,17.200947082407286,6.963074952002595
train:5627,1.0853591763311479,0.3191455408601752
train:5628,1.9038990354804999,2.1845569647101986
train:5629,-2.004036755688474,0.18065691757300795
train:5630,-6.398676059696285,-2.193214110462681
train:5631,0.659619812892982,-0.13935966877209816
train:5632,-8.920185460426795,-16.285118958877565
train:5633,-1.962847945015013,-1.6150017158413672
train:5634,0.814325420944329,-0.23655162541312458
train:5635,1.9848400649026763,0.24660558617943576
train:5636,-11.617840092706931,-19.45737380549415
train:5637,-0.5479010206220041,-1.994552512792592
train:5638,9.6845939908417,16.495192077581986
train:5639,-6.828382555462563,-3.3604184931701875
train:5640,-0.4710087163702663,-0.11907658278784614
train:5641,-8.478728665532348,-16.670765366918733
train:5642,0.23823741425182643,0.34913398440995924
train:5643,-0.4080650688247449,0.26617422682717673
train:5644,-2.858043233469288,-8.067454569679256
train:5645,1.2335231770436126,-0.2184285667531765
train:5646,0.04135493177683429,0.038230071295214434
train:5647,-1.6275865589926504,-8.260526003509252
train:5648,5.192311067933251,7.495606641955872
train:5649,9.273478575297677,0.45281893382720306
train:5650,9.527549852893435,2.361241807259642
train:5651,-3.6589074329464912,-0.5210082929344644
train:5652,0.5340010070694281,-0.11364805364549005
train:5653,-5.160387285960017,-0.15025752804847203
train:5654,17.84443798306803,8.27467846668623
train:5655,-22.795726611420708,-9.917005178664004
train:5656,-6.172357041571044,-0.20194175625359456
train:5657,-32.37702484778849,-15.670277117339868
train:5658,-1.7757003487252208,0.12459464310001003
train:5659,9.373722007157273,3.2520196141194377
train:5660,-3.3256776157147954,-6.401406848675767
train:5661,6.60364408029421,0.9459128988191254
train:5662,-1.0381710240118802,0.2504723361042489
train:5663,3.3288604933217303,0.34461491793139276
train:5664,-26.717864322548653,-7.989659347409912
train:5665,3.5981319827892118,0.17377310550777858
train:5666,-2.4330077535825994,0.011236720121105617
train:5667,-1.0695577680687092,0.30077025788813616
train:5668,-1.6971120291526174,-0.16312139594754144
train:5669,-9.524880010622734,-2.9047687109805933
train:5670,4.869111358851874,0.5365264480456331
train:5671,18.81890292619708,13.931626397089145
train:5672,3.17980896704799,5.373519104108232
train:5673,14.336868157268306,2.7366229140560057
train:5674,-1.2041531812977668,-0.07470821491105675
train:5675,-1.8617546458290617,-3.7352420815210468
train:5676,0.27158773306404943,-0.19301247349449624
train:5677,16.950766225920354,9.647877212698145
train:5678,-0.24119155041661866,-0.03862387494970759
train:5679,-15.056779877488133,-9.8699933059778
train:5680,-2.2432455832355926,-1.3603701452423544
train:5681,7.23677338735404,2.229844353525048
train:5682,2.272732737934525,-0.014320607339480762
train:5683,5.072561600217776,0.6110307707497529
train:5684,2.6081671891167537,-0.11774627073453828
train:5685,-0.1966704508691699,-0.03121742500702053
train:5686,-0.3849101359716577,0.07147852834485527
train:5687,0.25436641302247,-0.03070234815249312
train:5688,1.3568717956928826,0.11523723525008313
train:5689,-15.079499416057232,-4.552317604750578
train:5690,6.426278442983268,0.17062386812689165
train:5691,1.189205710914623,3.3021052566180358
train:5692,2.1493383250119256,-0.1318180477119302
train:5693,1.3842786222183872,-0.3406684804326622
train:5694,6.630530665278034,1.6281194601633717
train:5695,-19.703769803197368,-9.72969838284474
train:5696,-5.01452485428427,-1.3374128823745361
train:5697,0.43202924819357136,0.0871583066422321
train:5698,1.2190924019471172,0.3078547937130442
train:5699,-12.795727382213055,-9.436217135143217
train:5700,0.5701143245252656,-0.07767570241999577
train:5701,-8.24684878138384,-3.2633549312581667
train:5702,2.075332338500255,2.6252847114947637
train:5703,-6.337858475216093,-1.2280311301617195
train:5704,0.45487687125304777,-0.15422064535044439
train:5705,-0.548746238783554,0.28001211140656346
train:5706,2.3492728679522834,0.5717501153402148
train:5707,3.3204382988192234,0.08357744898067139
train:5708,6.048478942431911,3.9500994731498342
train:5709,1.2087024484408921,1.4886579614823672
train:5710,0.7851895700278431,1.2271280274155043
train:5711,-3.4453248018045604,-9.04673429259936
train:5712,6.668425077770669,0.31900009816437386
train:5713,-9.813565250024714,-7.108248364013504
train:5714,1.275304291313232,0.1463268062619001
train:5715,-0.4045577388958491,-2.570877932879954
train:5716,-0.013768704337548593,-0.10626079158174884
train:5717,-8.166058384901346,-4.769449925474601
train:5718,-2.1498345639734318,0.08321551850568565
train:5719,-5.038150050157383,-0.2975712203730281
train:5720,-0.07623209315871302,-0.045220225482774434
train:5721,-0.7141446934281723,-1.8581102874945588
train:5722,-0.07332159976165975,0.156328327669005
train:5723,-1.456911069836111,-0.47127816117440174
train:5724,6.449133737164673,2.6640750417003107
train:5725,-1.6178990942884615,1.2973687891517787
train:5726,1.0047896151768916,-0.32379926763185857
train:5727,-2.415404620881409,-8.295483037749932
train:5728,2.03608153217576,4.6409621218020165
train:5729,-0.8645581925315385,-0.0001605233206949941
train:5730,-0.7750382917529268,0.24043322357370733
train:5731,-0.40741883491684927,-2.189824917599364
train:5732,-0.3927388645868056,-0.32072185996880975
train:5733,-0.085478352122907,-0.23631138460907414
train:5734,5.156154048328247,3.7126074575865866
train:5735,0.3615037426840477,0.10353063184178406
train:5736,2.6991950464998693,0.32413717127188724
train:5737,-33.07326145299498,-12.00819010249134
train:5738,-4.648825270054419,-0.35385854227381075
train:5739,0.2013023569167043,-0.08075104150129953
train:5740,-2.5035118729340198,0.11336338551065164
train:5741,-0.277291733981882,0.015049686920546423
train:5742,-0.005865356627280299,-0.059186861443191796
train:5743,-0.617065018218382,0.032480483999939413
train:5744,-0.22950854794900144,0.22274742029642827
train:5745,7.162465786275645,12.758501448105571
train:5746,0.026113342338346085,0.035299675596877
train:5747,-0.6580381076448912,0.2100954750306231
train:5748,-11.466902167813561,-0.4713844434778564
train:5749,-12.043784484312999,-2.889094853106832
train:5750,-9.643585275923005,-9.955902504477056
train:5751,6.725560988641778,0.8263828272257077
train:5752,13.559611486837957,4.355928676625822
train:5753,-2.1488415023710825,-1.2868541766299575
train:5754,0.03956953626259224,0.06048344572646214
train:5755,-0.47635734802018437,0.2724651405660202
train:5756,-13.278823026934088,-1.8952317715446532
train:5757,4.360643827040487,10.18152108632623
train:5758,-0.11727375776609605,0.03682578961191837
train:5759,-6.563557759672828,-5.2827258299364805
train:5760,0.5383609938235618,0.13935625642418698
train:5761,-14.521532691483436,-8.050477362645278
train:5762,16.206924032776538,6.127476349201858
train:5763,0.11578259753631875,0.4121357799944939
train:5764,8.301549286653275,3.1981272105666343
train:5765,0.44841476463233104,-3.7219361077717683
train:5766,15.542702506250276,2.7285748471203153
train:5767,-3.6142484856625736,-0.39584368998904146
train:5768,-3.3562681902987674,-7.265940487605201
train:5769,-0.4263983528585614,0.1670475756112511
train:5770,0.2564898028180359,-0.0014210742379098112
train:5771,-0.09927428376527889,-2.2125283868861807
train:5772,-1.435785962336889,0.0471632058961829
train:5773,1.6209959623465031,-0.33694260805773013
train:5774,0.03832937155085715,0.2288169244581422
train:5775,-0.2447840762905662,-0.1477408486991526
train:5776,-5.36085694776943,-4.425962640006464
train:5777,2.0355701240472093,-0.1746508146298128
train:5778,12.141414447558889,5.098640255388278
train:5779,0.3797691489117112,-0.29471529361751386
train:5780,-4.378838506581687,0.21126251178687883
train:5781,-3.045465014253455,0.166285838216223
train:5782,4.758882450824087,3.040367751072614
train:5783,-2.3486584214418738,-11.14350695503302
train:5784,-0.5348801047526266,0.17908558008119463
train:5785,-2.415132644740316,-0.18315361289739757
train:5786,1.3948487308608062,0.15062424917212194
train:5787,-3.024418710097678,-1.1600729413855444
train:5788,1.3563673613115395,0.007223600205226097
train:5789,-1.462113950169392,-6.534516802773675
train:5790,3.0909108920620474,0.09442815885933824
train:5791,-9.922395689279156,-6.163890295453198
train:5792,-0.3190221723551266,-0.27903858252755215
train:5793,-15.203178357865896,-3.9145561627989047
train:5794,-8.278289223294166,-1.1615195219990073
train:5795,-0.5701075238548703,0.23410778591884226
train:5796,-1.3683900421158546,-1.4530671450817054
train:5797,-0.31077269432512566,0.00824519426568053
train:5798,-8.76118030476378,-13.808414309808345
train:5799,28.219279844011055,12.23965321240485
train:5800,7.150948410304205,14.155583325642244
train:5801,-0.42876965936735423,-2.5145520212300645
train:5802,-0.6576750078736203,0.1483578682139584
train:5803,-0.09497334140416874,-0.3199859441803928
train:5804,3.1203024470428087,0.7023355437442533
train:5805,-1.4419100746762816,-0.3384650128917113
train:5806,0.33418385554039676,0.3053183558415389
train:5807,2.74490702961212,7.120941692425739
train:5808,-0.04816961816658258,-0.22853380256915595
train:5809,19.81701724085623,4.748409108109529
train:5810,6.648966928312282,0.18524916904710764
train:5811,18.69189518238803,3.68945417876582
train:5812,0.021151637429324605,-0.26038325638547094
train:5813,-2.97658252358602,-8.71835992270004
train:5814,4.353402287940211,0.17716486626567607
train:5815,1.9971928957895746,-0.11545228490963852
train:5816,-1.8397812982111668,-9.15963206313559
train:5817,-2.32375098591554,-9.260764311348987
train:5818,17.659326837191948,12.062703591392035
train:5819,0.4494628026084993,0.16974136835619327
train:5820,-13.484019494600751,-1.8677427453861777
train:5821,-4.228896432789548,-1.652071271356619
train:5822,-3.449725236292498,-0.31173701082421407
train:5823,-0.3910598187174781,-0.2359969601838205
train:5824,16.284922140877146,5.199094008789287
train:5825,-10.573255516155832,-16.109614206548493
train:5826,1.0857562150054956,0.10309123654696495
train:5827,-3.3957340204954938,-10.085574333053815
train:5828,2.0669975482960825,3.6860214743554507
train:5829,0.28484970812856647,-0.019495913544075802
train:5830,-4.877285228572365,-5.213554738953633
train:5831,-5.515926120508529,-0.01662479341229596
train:5832,-9.580650461790613,-15.809601946964888
train:5833,-3.669461501970333,-8.027372588499913
train:5834,-0.030069257289496804,0.011591446225186042
train:5835,-0.4372969249944543,1.1196082840948887
train:5836,-8.874688733645016,-1.134147763026357
train:5837,-2.3468838352358032,-0.13002337472205217
train:5838,-4.6417139075686835,-13.00573725681112
train:5839,18.211061821261115,5.964274094484481
train:5840,-4.068451430786422,-7.964928810673717
train:5841,9.02803707741297,6.491729342174498
train:5842,0.7985970639507568,-0.13078661005558534
train:5843,0.1471546967240121,0.09080036579128548
train:5844,-0.328475086694903,-0.2021755059907897
train:5845,12.019177676672735,2.170372771014522
train:5846,4.629454351817553,3.1397275813824947
train:5847,0.8894109435237216,1.0810576240501524
train:5848,-0.9331803299698932,-0.35602249277038983
train:5849,0.12536847798951833,-0.1356333684147361
train:5850,-2.374852745786233,-0.22284149358909838
train:5851,7.328119247609817,13.616282094932552
train:5852,-1.6705315916712022,-0.10785816467138828
train:5853,-0.5785587756374084,-0.2840141635981385
train:5854,-0.06786940796571023,0.3706388889015094
train:5855,-7.611915598379668,-0.9281011858654868
train:5856,3.5851352425768206,9.669232965312833
train:5857,0.7660538401486826,-0.3080473742950236
train:5858,13.048159656138237,11.512892253487566
train:5859,-1.4441709635209556,-2.8942643102182166
train:5860,1.130454680190255,-0.20658415300241145
train:5861,-0.2988952405395391,-0.279495239780382
train:5862,-0.22962803148449007,0.30706552278168486
train:5863,-2.9366206275045994,-5.129459044671176
train:5864,-5.054655515048112,-1.3018100226469578
train:5865,-0.08217209857182767,0.2408920207386873
train:5866,-4.970332683146775,-3.2172928942449834
train:5867,2.0327157693151765,-0.011607056072352753
train:5868,-24.04931625144673,-10.247307181428127
train:5869,1.196897754084504,2.948223133889607
train:5870,1.5829413861263357,-0.15449804929550146
train:5871,-9.155840466396967,-1.1825694098370425
train:5872,-1.7060565573209665,-0.0034629784115286083
train:5873,-1.760585216569429,-0.10779004413461032
train:5874,2.0302837912056786,7.1022976364876484
train:5875,-0.37303198481135036,0.37930681705667635
train:5876,2.7884464580109922,-0.09232782357249295
train:5877,4.977408073986699,2.6817995060571014
train:5878,3.3665417416080556,-0.016868386745381547
train:5879,-20.052871869073353,-5.968133414535646
train:5880,-1.852384254164574,-1.3571083484823725
train:5881,5.065053199057693,4.038790272122591
train:5882,0.04800637563423485,0.07740886688640815
train:5883,2.9744269977056077,0.08172735226610593
train:5884,-6.066992554678735,-0.12880626402148423
train:5885,-39.74890049387374,-13.224166934941339
train:5886,-0.2047461663645837,-0.19553193472961083
train:5887,-5.571409718207939,-0.5369352310851769
train:5888,0.006585106720523148,-0.0493538224527042
train:5889,6.4412468939894625,0.11269230906038247
train:5890,2.137049652599336,6.461178815033289
train:5891,-10.571573448329382,-1.1127634782496671
train:5892,-9.098987689662483,-3.837940745428313
train:5893,0.47957497813403627,-0.19823956557312356
train:5894,-1.097441133986727,0.11950907054490889
train:5895,1.3521203492621674,8.376021282255197
train:5896,0.046802125720618426,0.09273341976686954
train:5897,1.3450366493070214,-0.04839721039120759
train:5898,14.549942169780568,2.990459578621664
train:5899,-0.7294850776187669,0.0961449390469529
train:5900,-0.5960019770693068,-0.15980310550679716
train:5901,-8.318826221061967,-5.672322801128343
train:5902,-0.030217565646776468,0.19661053329519168
train:5903,1.8785520214218527,-0.07467982540986551
train:5904,-1.5716977865804838,-0.13831731756378782
train:5905,0.04038383747818887,0.05160024240899584
train:5906,-2.8360219994539007,-2.855234309851859
train:5907,-14.240230325791803,-6.012080362379677
train:5908,-8.317389629137221,-3.1605832250161776
train:5909,-1.1996904480014425,0.005939367593550252
train:5910,0.24982917686014544,-0.09222582109333852
train:5911,4.113981458477985,7.597176573534369
train:5912,-2.4499902227823216,-0.5272050505387038
train:5913,0.3087817488788103,-1.8255383993363725
train:5914,-3.4202583648418954,-6.7537562236614885
train:5915,3.6865521236332,0.3651384587109102
train:5916,3.068325249439333,0.2925828826714751
train:5917,-3.108464916693117,0.06151602466928704
train:5918,-0.5733937859972881,-0.3328739217563532
train:5919,0.05025657139985727,0.01087371969004483
train:5920,-2.8967610130488888,0.09033721747160034
train:5921,1.1926784045657217,4.907530122374248
train:5922,-2.3390095448055663,0.16248100308295255
train:5923,-0.04092610317126463,0.02423333390388578
train:5924,0.13140309390641486,-0.10907620266722126
train:5925,2.587668091658526,0.7868770530579798
train:5926,-2.384718273502454,-4.00894255195035
train:5927,14.860305534835327,3.807980203578414
train:5928,-35.09623207827167,-12.901083569163529
train:5929,-0.2112644116503209,0.7479088248223551
train:5930,0.09383830719845482,3.2696818783630657
train:5931,-2.1187651254145443,-0.1060693407747205
train:5932,-6.0111756118628055,-0.23604774743218265
train:5933,-0.8887861526216211,0.038940022816210305
train:5934,-4.299241550704638,-0.010179663337835682
train:5935,-2.484161119182628,0.1522624232534232
train:5936,-4.143046350249767,0.09218167908417055
train:5937,-1.202853972193008,-0.1355822958447539
train:5938,2.5210571829148165,7.644735693087757
train:5939,7.361231994100504,1.8557945574076622
train:5940,8.811442717310356,7.977529124237829
train:5941,3.469408697167116,0.1385430184767466
train:5942,1.318306043802405,0.7427463580906606
train:5943,13.253155279885323,9.262098415425289
train:5944,17.87278859004895,6.6268234228179725
train:5945,-23.835871235583028,-17.56569945381725
train:5946,0.5358251068806719,0.05634442764575215
train:5947,-17.72398805929325,-4.05403392481225
train:5948,-1.8667957352271287,-0.03278334138805361
train:5949,11.50450676426203,2.629015006354806
train:5950,1.430426232072867,0.03600071081724749
train:5951,1.0542562637856645,-0.11132368106805898
train:5952,-4.90339168370191,0.23650748340395664
train:5953,-2.3622423511691375,-7.774549101006919
train:5954,2.6942613528087977,2.4309356074503525
train:5955,-9.651553944398783,-5.804810183451384
train:5956,-4.13732694770665,-3.8401688219589896
train:5957,5.476017981662033,1.7204716488249376
train:5958,6.940384946786645,0.32991778729333865
train:5959,-2.2780506257153017,-3.315445814102212
train:5960,-7.662394835082972,-6.7393041129646205
train:5961,-5.099839817954995,-0.20406462043689189
train:5962,-4.894345338824332,-0.07681902425590853
train:5963,-4.405013304433865,-7.044203931899039
train:5964,-0.16914774391090054,-0.12847914278414
train:5965,3.4104135852904855,6.248885834306297
train:5966,-0.7398799127480373,0.0005990741621830359
train:5967,-0.07623209315871302,0.04320344112324571
train:5968,-10.135015013473488,-13.625167069998616
train:5969,0.054240440721266076,-0.14841570566088694
train:5970,2.0382029460762836,0.8376467541405574
train:5971,2.9272612207588318,0.21535801832053691
train:5972,-0.019757293522875558,0.05038106312668283
train:5973,-10.54912914031674,-10.995355415771296
train:5974,-0.41272329950111974,0.15169306396068843
train:5975,0.33435982642826617,0.811213703297748
train:5976,-18.779770614193687,-5.489628514618198
train:5977,0.79279444135763,-0.027840429642958672
train:5978,6.768189180738869,13.976866993158312
train:5979,3.5858265733833248,8.984603738093062
train:5980,-0.09239630935275445,-0.5302983648820683
train:5981,-0.6583979530007986,0.19931331367116423
train:5982,-5.372277156196445,-7.887011470751009
train:5983,2.1850443756308446,-0.1881632185711704
train:5984,-0.9992265976480347,0.22753283450727635
train:5985,-1.8677636913395306,-2.1367473925933154
train:5986,0.5496447492635492,0.145037794513089
train:5987,-0.02573216767202774,-0.011437289708445375
train:5988,7.073165558534069,1.8093586064114529
train:5989,-1.969943965256892,0.0709113802946756
train:5990,5.9276313419894935,1.776520655842605
train:5991,3.458266508795441,0.057130203387266314
train:5992,0.7428128977467028,-0.22612397616653113
train:5993,4.062753241324596,-0.07950818052452546
train:5994,-0.2176918819932403,0.09290325746118193
train:5995,2.0615550035171033,-0.190062747256403
train:5996,-8.852869273382167,-6.630958363554069
train:5997,19.26060147766139,11.725908809842908
train:5998,5.291745080200296,3.5671701828960423
train:5999,0.6497050040298283,0.04286027054477578
train:6000,-0.2861027148912074,0.06304613318700858
train:6001,-16.93012829151127,-4.436435084747399
train:6002,5.187059371369518,7.238205454391399
train:6003,0.48074784618521893,0.2104774493494147
train:6004,-1.4039352316325204,-0.05220447075824816
train:6005,-1.2351486981362547,1.6923146847540131
train:6006,11.438336131425356,4.212704071098473
train:6007,0.5991034942921537,0.5815536235430312
train:6008,21.6392108945299,9.160687122667518
train:6009,-7.907355609326842,-0.9874414491004024
train:6010,-27.562695673586788,-17.502100123430004
train:6011,5.310451924626195,0.33659902100835914
train:6012,-3.307660242429479,0.4462136669935108
train:6013,-0.40878150512119615,-0.37990890549377854
train:6014,0.2313440975954455,-0.0905190271624243
train:6015,-0.6585557921459285,0.1790069739748812
train:6016,2.389861471449419,6.570239580423592
train:6017,0.09538206237195673,-0.8179643299853077
train:6018,0.07786331201197708,-0.037515471786364385
train:6019,-3.649307372540636,-0.18907995693627028
train:6020,2.425957586995478,-0.03493195584755704
train:6021,-1.7015575605391633,-0.26566241965975046
train:6022,3.9055659091003374,-0.13055878074200544
train:6023,1.8290426004968738,0.19796424172134056
train:6024,1.9144465956736147,3.8083123179441083
train:6025,0.9243604587997463,-0.4848584716613223
train:6026,0.03398100770873595,0.11934394065732672
train:6027,0.45729280974396863,-0.11994139261810374
train:6028,0.8760665620130359,-0.034677234971290966
train:6029,1.9375606158764183,-0.2111209094214187
train:6030,-7.285195541707941,-11.291779470661627
train:6031,-2.247387059243891,-2.6004412472159193
train:6032,-4.20841593199054,-0.026350052160823867
train:6033,-3.167095534049035,-10.093895452779856
train:6034,-0.5233969001425044,0.03959797447195892
train:6035,-22.37383350202572,-9.272580050276941
train:6036,1.3269035118180605,1.5631709864958974
train:6037,7.998997448303885,12.970977034669371
train:6038,-1.4565733080130272,-2.874519483470118
train:6039,-0.9149602530990785,0.030743517307708877
train:6040,10.411814489974663,2.2889801124888196
train:6041,1.4481923180004728,0.3092968805109919
train:6042,1.9193045079783646,0.39964825131222087
train:6043,0.8590141228829982,-0.1578011463599801
train:6044,-16.848881347044923,-5.509740264969632
train:6045,0.0607992499699269,-0.02400057128083169
train:6046,-6.286136516760412,-5.122232989322741
train:6047,-2.5475515514659106,-2.5301439917988824
train:6048,13.965947560962434,5.405376404269097
train:6049,3.5273670452922308,-0.1800948938004595
train:6050,4.118304716830159,5.112163929533627
train:6051,0.043188097459447766,0.006186741438101009
train:6052,0.38092969667616056,-0.07285433768502614
train:6053,0.6460253063157869,0.2804086371279757
train:6054,19.28095738084362,7.889115943201344
train:6055,-1.6499090588874012,0.28024743041266864
train:6056,0.3229726270713674,-0.03989248620268776
train:6057,3.1086081703505393,0.14722792326830425
train:6058,-16.10452216677479,-4.991441558709054
train:6059,0.005823108608982802,-0.07882155404596561
train:6060,-9.386240986304523,-5.486030608989841
train:6061,2.0624067305093803,-0.2075070257823416
train:6062,-0.07198717323350318,0.08059020294954648
train:6063,-12.32362701225586,-2.4377420145146242
train:6064,4.424831126171347,-0.02440187613937915
train:6065,0.01997888560726209,0.11889734099160229
train:6066,-9.660483130323277,-1.2558150362144778
train:6067,-7.1200069968542685,-5.962097720985903
train:6068,-10.222423031139428,-8.479027012044472
train:6069,-2.235416389703964,-8.199304543503189
train:6070,3.6888009246493807,0.3360456397263451
train:6071,4.230160367623216,0.22536638744652215
train:6072,-3.5048369008075078,-0.42452778575293887
train:6073,0.41554563437742603,-0.20664999096622932
train:6074,0.2207609712915723,-0.005401096845867884
train:6075,2.15853855724455,-0.061622081469997675
train:6076,5.720341355411137,9.290332701655236
train:6077,-5.232146679808789,0.38899298674326255
train:6078,-6.9113673577330195,-3.8787862472628087
train:6079,4.170239607033909,6.850844263413954
train:6080,-0.8739783302594398,-0.008226993500875773
train:6081,1.633164221390643,0.18887204031721516
train:6082,-0.30395248578530343,0.11062008946463735
train:6083,-0.5930081473931238,-2.176475574963843
train:6084,1.1853514370621538,0.015704928020904924
train:6085,23.894808989655743,12.360580503971468
train:6086,5.8172834153426995,0.14458784231832944
train:6087,7.147606125725887,4.492764075116232
train:6088,0.7900274909239312,-0.11765168661750416
train:6089,0.8548370807639415,-0.1151434242559751
train:6090,0.2804077798447446,-0.005898769081574537
train:6091,-2.133635014126872,-0.013232390680753436
train:6092,3.726009120416797,5.801826230130417
train:6093,0.18883387805528148,-0.13174543335963704
train:6094,-3.750480637361233,-2.5064189284516107
train:6095,0.18185954970217333,2.8424989195237296
train:6096,3.088829925895327,9.361675660809619
train:6097,1.7444045552217577,5.191941566418816
train:6098,-1.5881611765297272,-2.576399476870434
train:6099,2.290048552250766,-0.09534081987982396
train:6100,1.2609883505874202,3.882441728039532
train:6101,-8.370477512212611,-2.497504054434323
train:6102,-0.9238620089512216,-5.837227284630713
train:6103,-0.18946761606589574,-0.016584135081444185
train:6104,3.7413457852755476,0.14233266023375138
train:6105,-17.506416444748627,-12.252723284993253
train:6106,-22.774959722069713,-9.531852947668696
train:6107,1.6291445535002356,-0.1041515515058071
train:6108,0.10422942299588128,0.03986567748193556
train:6109,-5.517954551112952,-2.422559765792144
train:6110,-4.727929879378618,-8.64772056666061
train:6111,-3.0779166495088703,-9.662814429967911
train:6112,-17.0392999794624,-22.912828620556734
train:6113,3.8406900686618557,0.10292032889657753
train:6114,-2.088006251064631,-5.981643963886473
train:6115,1.6839405397249858,5.057212697448957
train:6116,0.0499490291480062,0.6185535605830002
train:6117,5.689668955526598,0.8067636846512245
train:6118,0.5970513529472244,0.015481021879600182
train:6119,-8.603698215490883,-10.437655505716725
train:6120,3.491303938816287,0.4145177875391675
train:6121,-1.4742501299763773,-0.04531295500927848
train:6122,0.20059940319818756,-0.08644427777662209
train:6123,6.860322144596134,1.0503197832654056
train:6124,0.3971591174065922,-0.1888812304279316
train:6125,-0.41481472628865124,-0.08283060812875995
train:6126,2.1626233134422277,0.33412228668584143
train:6127,2.0952067044378104,2.744708643445537
train:6128,-2.1400550458061036,-7.031533369397528
train:6129,1.1974305483711576,-0.19516800700328502
train:6130,-0.0578855590052022,0.1891164182847558
train:6131,-1.757599058015174,-0.16005832569589823
train:6132,-1.0303636815548352,0.2423294710603098
train:6133,7.189264037128174,0.3573180784279901
train:6134,-4.159497884828758,-11.42246019648675
train:6135,5.747312555194413,6.725285631311294
train:6136,0.5362570142910568,-0.09650935457458479
train:6137,5.050042905568254,0.5463263897281992
train:6138,-1.1721899408051168,-1.1155096988422866
train:6139,0.31553361469599894,-0.06718713700752968
train:6140,1.350326236563916,-0.047271117287423614
train:6141,-0.6552155996917727,0.11268310743813706
train:6142,-3.6114427147027532,-2.6347973941248535
train:6143,0.5566078033920053,0.023741582091794403
train:6144,1.0323184822785274,0.14367980626264
train:6145,3.044494095565358,10.500063273199922
train:6146,-6.358200430903912,-2.420667512808222
train:6147,-3.3143615485794133,-7.393409633275464
train:6148,-0.3569115869955961,0.007618770648943285
train:6149,0.8541313375465417,-0.32860936216283776
train:6150,-0.4517918585652586,0.42506833907358127
train:6151,7.520378949290072,1.1052982635647866
train:6152,-6.162515689511809,-2.8000071717606376
train:6153,1.1705404765137293,2.2390773611486496
train:6154,-0.9192258618076706,0.28937672362739564
train:6155,-1.3453011274029985,-0.6057352613011988
train:6156,-5.015432371254207,-0.03756333448812149
train:6157,-8.596406465410713,-7.210961864645011
train:6158,-1.212560033556417,0.04459944847956141
train:6159,-9.878906471860178,-12.649865871747965
train:6160,15.079377899779008,10.781145013938945
train:6161,1.7525951050878552,-0.05074590663674472
train:6162,1.341368923192353,1.2085490248067765
train:6163,0.15159790352815541,-0.03440018767825892
train:6164,0.3629647427240206,-0.19807186779096125
train:6165,15.31920413641223,6.696788849190935
train:6166,-0.08128004007486733,-0.004826387772757901
train:6167,2.132154082059666,1.3205668634668875
train:6168,0.08160461115968473,-0.10562024454482097
train:6169,9.444283311235795,9.544796217820062
train:6170,2.1584209333749835,0.5448873701376666
train:6171,-3.5419456044480966,-7.387170790732274
train:6172,-1.520111816195349,0.10689221983836525
train:6173,1.6687149899050748,3.2518666817311113
train:6174,-0.28873879133564523,0.039778725718236776
train:6175,5.231211094773209,1.5570966318666433
train:6176,5.6724572825019886,0.07165464311480792
train:6177,4.067787821891936,1.9911786674778795
train:6178,7.317635845891012,8.510339288092238
train:6179,3.1837942311188403,3.3433519206502695
train:6180,5.136418343731,0.9720098407935602
train:6181,-1.7097268404762778,-2.5365856980139028
train:6182,1.1837164420293536,0.8867667256162235
train:6183,-0.13145998679384813,-0.2629719794438435
train:6184,-2.9353249052734447,0.1727861780241557
train:6185,-0.38550906462766243,-0.1914455584877931
train:6186,0.7499530850542295,-0.07651815260760544
train:6187,-0.10788523435886893,0.11708397943561344
train:6188,-1.059868211240358,0.2593995502816021
train:6189,2.337140872393623,-0.1347065011321258
train:6190,9.122867951606578,0.7432906090808344
train:6191,-2.9622970348896813,-1.8361370988941632
train:6192,4.106793384772967,0.33260608759709553
train:6193,4.189287700156495,0.36041631456929984
train:6194,0.38678869039254804,0.06767041201295466
train:6195,0.34991918628117646,-0.28344651623512385
train:6196,9.720481823804494,4.071802554201266
train:6197,5.337358965935161,-0.10201021274761399
train:6198,-0.505387895353837,0.16783028414535017
train:6199,2.9489672414004393,0.472181286943675
train:6200,1.6823086828784288,0.3062786770840957
train:6201,0.7194437546252249,0.007136363119907313
train:6202,-0.928874738443978,0.2905178674466353
train:6203,-13.290307393835413,-7.007311846431435
train:6204,11.716929893701593,1.5605605789944037
train:6205,0.15402825442997178,0.578238614300917
train:6206,7.781906092483617,10.150742872532252
train:6207,0.18476062854049646,-0.2368278167412966
train:6208,1.6187218233821348,0.3080680002935985
train:6209,-1.9920823582253648,0.5889373190865221
train:6210,6.5595425678704125,0.5318678592948805
train:6211,-5.807504070252184,-5.787447792230388
train:6212,-7.238831280773548,-0.352094470027679
train:6213,-2.1916961087941775,-1.1609931036100842
train:6214,-1.3599364657509136,-2.0141270025335434
train:6215,-6.764616470663036,-2.37165125574143
train:6216,-0.12489432002709988,0.5005968237327356
train:6217,-2.6738303062335347,0.05895640441615573
train:6218,-35.86471670454793,-12.047853231532505
train:6219,0.23684684905864942,0.15196740069833037
train:6220,-1.210048322270513,2.1241540924319517
train:6221,1.1469341097580759,-0.04895009236038664
train:6222,-6.138603175253746,-2.9370808138037585
train:6223,2.308645211470786,0.10772771287216658
train:6224,-6.6565838280891345,-0.07357277752421737
train:6225,9.195821715893755,2.464750213924503
train:6226,-1.8860976727480678,-1.1080630898815826
train:6227,1.914994732204125,4.271899176959208
train:6228,0.24964762697450998,-0.056692865162663336
train:6229,0.4084240437291194,0.597531063620486
train:6230,25.827083707916398,8.983745490660064
train:6231,-1.1555494176768026,-6.629489527854245
train:6232,0.8467493936691547,0.14031557904107367
train:6233,-3.7506954287752245,-0.30439682682777486
train:6234,-1.1670542409032683,-0.44384919521693905
train:6235,0.18347559938839306,-0.4378854027154397
train:6236,0.12275936670094953,0.18474835827358085
train:6237,6.8147180221073596,0.45924195147611235
train:6238,-0.7848403583695591,0.20197001460550473
train:6239,1.6483827974633463,0.1830614655256625
train:6240,-3.421778641733132,0.15986424717541375
train:6241,-0.9384373730731527,0.2681423753620223
train:6242,-6.816886100732746,-0.18103595583366544
train:6243,-1.7128103990331973,-0.5251694234407254
train:6244,6.638690879343779,0.08547177054633877
train:6245,-0.1319202541095436,0.0179973445768946
train:6246,-0.199663466941512,0.5357022252158223
train:6247,-0.256150819322323,-0.1016676841427891
train:6248,-19.063207876363776,-11.958331861323893
train:6249,2.076819606321376,-0.1310916188673786
train:6250,-0.12419427203658628,-0.059738958777915796
train:6251,-6.465204678222946,0.29471780169321793
train:6252,6.263210847113639,0.14723220309260446
train:6253,-3.5761202201802473,-5.333284821002679
train:6254,-0.958132165020115,0.20059155452881983
train:6255,8.34006668722978,1.722507846566156
train:6256,2.770012519559147,-0.5354608316137628
train:6257,0.6486510383685337,1.4260957751838665
train:6258,-0.16288218073231542,0.19004884933895635
train:6259,0.043013521321019835,-0.040087432199561235
train:6260,0.12678554342208387,-4.003070347688874
train:6261,-1.871590883807011,0.13179737340600825
train:6262,1.3588179360802575,0.11583555468724915
train:6263,11.495043854217924,4.341345317983747
train:6264,-4.717657084825479,-11.923378821585892
train:6265,3.2777027110151367,0.12052153431352292
train:6266,-1.9024036884686621,-0.24838954809703434
train:6267,-0.9927375258714489,0.13930133201233458
train:6268,39.292513662964176,16.791095705837414
train:6269,0.33045778240742546,-0.09927540501979507
train:6270,-0.23253654898650122,0.1027427161881198
train:6271,-7.100192256455337,-1.1166103269914844
train:6272,-6.426931823715184,-5.0201260824553815
train:6273,2.2595690927056338,-0.10863267020891196
train:6274,-1.0867924544591032,-0.2734228824024679
train:6275,-0.25850910816966177,-0.09047836883157251
train:6276,-2.690203269927321,-6.083330877329175
train:6277,-8.33198335746013,-2.1537459987487946
train:6278,1.7784771217864384,-1.703123155521389
train:6279,-2.782368777938221,-0.1718014502715589
train:6280,17.218478153053997,11.14021656629216
train:6281,-0.33178494334870623,-0.012969324147102002
train:6282,-34.83697977141721,-11.30152035076885
train:6283,-0.5344670264597019,0.09198081266368181
train:6284,0.4745427221490989,-0.1125751730238384
train:6285,-33.208674886771476,-13.866635898301595
train:6286,1.4423690066239638,-0.2574742598086344
train:6287,4.40765804121462,0.21674995984376746
train:6288,-0.3860146613002068,-0.4401759646808993
train:6289,-1.8013460716225898,-0.01902606016632037
train:6290,-0.10571407439493158,0.08446586917498503
train:6291,-4.564115627641305,-2.7874222057451306
train:6292,2.3296868664617585,0.15072525302560635
train:6293,-20.088882439987,-8.44630062222905
train:6294,7.927125544666832,3.2599076156263007
train:6295,6.728356066522547,1.8189867844787715
train:6296,-0.7890039179106814,0.06034791795695624
train:6297,4.779799973114766,10.605975799835008
train:6298,-0.4897127712972821,0.5626810963177155
train:6299,9.04660770131008,4.5122555362657595
train:6300,0.22138000758535872,0.3689763198216971
train:6301,-11.156703383192898,-2.6072630018287963
train:6302,0.61329367510999,0.42384117078590794
train:6303,-0.5472877957842239,-0.1074281849900296
train:6304,14.339708796964164,3.8131647827356594
train:6305,-5.85715901003556,-7.826127831543041
train:6306,-14.976587363599561,-8.982947791229387
train:6307,-5.02173291939795,-6.653449125573167
train:6308,9.997831469578912,9.105176660207626
train:6309,2.7055369722103766,-0.1539378916250121
train:6310,0.35281538349645436,0.022457492140928556
train:6311,0.3076143435962736,-0.030799785485727357
train:6312,1.276085583458713,0.3121453889043858
train:6313,-2.235893858929438,0.0868983786464008
train:6314,1.6476893745326797,0.7174655072798664
train:6315,0.5260115335811472,-0.11732477937137495
train:6316,-7.3352902924818695,-0.6104871502216953
train:6317,-0.1264537661318187,-0.011307896353769747
train:6318,40.62202974325369,12.57841328927262
train:6319,1.3607041022416482,0.84667632744909
train:6320,1.9411725520134264,-0.24820173514066118
train:6321,-0.48673172682431287,0.126455867357756
train:6322,-0.9013637706268415,0.19022175424068388
train:6323,-0.808911874063953,0.02246448252061886
train:6324,6.85201362217311,2.245599528060513
train:6325,-4.789031992744877,-0.141632968779547
train:6326,-1.0936141739774867,-5.099676032687801
train:6327,-0.1954720124115597,0.05869718972437446
train:6328,-14.572703258993243,-7.589940877069731
train:6329,-5.956525609412933,-0.7136735001079675
train:6330,-0.5520292465106084,-0.02447819967273246
train:6331,-14.500185586364776,-2.50639952658145
train:6332,-5.5041725669649955,-1.1242707845063875
train:6333,0.08618299243053355,0.03723315755489108
train:6334,-9.782017877323874,-1.6175211057460768
train:6335,-10.007169490166579,-4.075266989130333
train:6336,-2.769895533682873,-2.0528116210788756
train:6337,0.286528753997894,0.35946683554830355
train:6338,0.23698353450391657,-0.15027179412947267
train:6339,-9.337126279471489,-1.4340002425027563
train:6340,0.8750397939658505,1.6270756110165563
train:6341,1.2518878429398632,0.03358931514571263
train:6342,0.1889881140976875,0.23353058028155718
train:6343,3.513124328912098,0.2969634255035256
train:6344,-3.914782586486591,-5.38941671395096
train:6345,0.955427340317991,-0.355221309661395
train:6346,26.0861370305172,9.587940270625378
train:6347,0.9318307368084283,-0.3827492822210021
train:6348,22.718544258666565,6.582080427654106
train:6349,8.50348761962459,0.5715773530992974
train:6350,0.2961348583179954,0.8092421309034623
train:6351,-0.5316175533507143,-0.22943884274783527
train:6352,-0.3881667596884436,0.14751902265112193
train:6353,2.4185189233074698,1.442088907950422
train:6354,0.1764705865475719,-0.051648878233679
train:6355,6.290999370069635,9.541176057105345
train:6356,4.790698545250659,3.605588739030713
train:6357,-0.8259120100899344,0.23566906582355018
train:6358,-2.4671581936577636,0.11270600449814305
train:6359,-3.8547804655131963,-0.01379090775192772
train:6360,0.8406201672484763,-0.10707538480688425
train:6361,11.89071474427972,3.936824884778757
train:6362,5.304447063364051,0.13820576832189194
train:6363,2.57225239099809,0.06334721882652666
train:6364,32.262306998064666,12.255640353417384
train:6365,0.06557673172355007,-0.04161376020581761
train:6366,6.323765288865869,0.757033980873592
train:6367,4.45024857507679,0.6529890269022975
train:6368,-0.18353993093951432,-0.08524143315705479
train:6369,-0.242275851878266,1.3104469335874775
train:6370,-0.14665427098044537,0.1858989177062809
train:6371,2.026319913292931,0.1865891820354959
train:6372,16.598078724146752,17.641314188447584
train:6373,0.1392206645260308,-0.09682092578363832
train:6374,-1.9231199019232839,0.13381823511015112
train:6375,-1.8758402204387856,-3.7060790734179587
train:6376,-0.15680479249921286,-0.07227442149235092
train:6377,-0.8515323950391158,0.282049521764667
train:6378,1.5649646930330632,4.076276397203061
train:6379,2.859992920111695,4.133253698111438
train:6380,-9.909954524260963,-1.3319090283244968
train:6381,-0.03148516043086108,-0.24060640228552593
train:6382,1.4269886396160465,0.6889017459092093
train:6383,1.096002509319246,-0.1453905118543004
train:6384,7.2427563975416005,0.26887650789031425
train:6385,-0.6242747105397436,0.012464316391208999
train:6386,20.170902367483603,8.184897453803407
train:6387,-0.004274528660127702,-0.08935092045009349
train:6388,0.6152265653776708,-0.1933492243365159
train:6389,2.7974753685205522,0.1606403933122525
train:6390,13.553677292880847,5.862598593906579
train:6391,-3.3452989508578383,0.09030882797040911
train:6392,-2.9240032591402962,-6.506733895346587
train:6393,2.8706353232668316,8.684587484006775
train:6394,1.9398136011409237,0.09354523110620984
train:6395,17.292154397551872,4.395748447236373
train:6396,0.622067114013515,2.788973154252642
train:6397,2.5028598869515464,0.39809032393654814
train:6398,-0.2773407826705748,0.09166895613300825
train:6399,-1.3782532452496725,-9.567325272755118
train:6400,-10.218825507413314,-0.30687099325571243
train:6401,5.398202120821781,0.20504164450574833
train:6402,26.28791450238626,7.332425501038376
train:6403,-3.47082268126113,0.040112338022436286
train:6404,2.5598144803952603,8.414359948336264
train:6405,-0.5920115989171709,-2.1596715581532124
train:6406,11.737136093777107,4.4793045983353865
train:6407,-0.05305437939808125,-4.102053553460339
train:6408,0.03398379720761896,-0.03246356718242471
train:6409,-12.916132382166037,-9.571369992040415
train:6410,4.266506143319304,-0.0033180350285623023
train:6411,0.4725176621891588,-0.37665695232968716
train:6412,-17.29986149112594,-4.625968815810861
train:6413,-0.3855561374213131,-0.4387542070483775
train:6414,4.4821855477882915,0.29315281260744985
train:6415,2.8783850160802946,5.123632717371645
train:6416,-0.6048047057111032,-0.31146281674738213
train:6417,-4.605918128069027,-7.596937533835675
train:6418,-3.5499784313981846,0.10083562647995686
train:6419,10.761192716240062,4.650605421915196
train:6420,-8.665844531272347,-4.962706247714364
train:6421,5.541821330479113,12.93118950540188
train:6422,0.25549290565472266,-0.2193488716385265
train:6423,10.20891377988871,4.553220587859041
train:6424,0.4972743485466904,0.08195760681345594
train:6425,-9.775533222253852,-1.4936846749418116
train:6426,-1.4394641490723687,-1.610786516888114
train:6427,6.413585293232644,2.948571226266022
train:6428,-7.6664888896102585,-3.112145314873151
train:6429,-0.4389731813648988,0.012887519684092408
train:6430,1.324992240166723,0.5453055089717949
train:6431,3.346634947745985,0.19277552540060494
train:6432,-1.1280068355389918,0.24218966346650372
train:6433,1.0062675846684028,0.014592744346096559
train:6434,-24.187439218471585,-8.841251368298824
train:6435,-2.2096228233657964,-0.11186721875418262
train:6436,0.03955698351761873,-0.1686379468096713
train:6437,-6.267117713376098,-2.5851716900777153
train:6438,0.8635586814798907,-0.039081673489017504
train:6439,0.8529425461059019,0.08889741324661272
train:6440,-6.324557214708974,-1.686286754706887
train:6441,5.7006451687147335,1.8504240912149788
train:6442,0.9701849517002782,-0.13763083374603796
train:6443,12.654163395239204,12.717386602661783
train:6444,3.137184494282743,0.36873565103521666
train:6445,-0.19898701346238373,-0.005986220158108332
train:6446,-0.957179086235089,-0.00292728706995532
train:6447,-2.1994760211788726,-0.7844713523073161
train:6448,0.11872412410844543,0.18532991506557114
train:6449,-2.0563724038984157,1.3609184735771422
train:6450,-5.002260357528667,-10.769315639392108
train:6451,6.64447862460953,14.703179426488937
train:6452,16.80975705738455,6.8907778773508905
train:6453,-1.3198253314792527,-3.747709780350729
train:6454,-1.2746382390734867,-6.195004618115552
train:6455,8.761346106870505,0.28564657142816346
train:6456,-0.20313557944700983,0.14920541608620524
train:6457,-8.366878128820577,-1.6302575775418104
train:6458,-3.0293993603532794,0.044678197246684835
train:6459,0.3384879360877503,-0.1720198639716784
train:6460,-8.547861746182774,-1.6394786016573715
train:6461,1.7623366163329024,6.095624755473393
train:6462,0.3623092104865149,-0.03440510947620415
train:6463,-1.5034327049991534,-0.17713525263607083
train:6464,20.393424412712598,4.091042647003563
train:6465,-1.4243264684672723,-3.897877972822699
train:6466,3.9359477361845645,0.005632218869606895
train:6467,3.4322232823072443,0.2812645306576079
train:6468,2.5452765420500096,-0.0761652097636501
train:6469,11.29363645586734,2.553415619273079
train:6470,0.7659251745127041,-0.14487821688556812
train:6471,-0.5845573605270662,-2.07269853799374
train:6472,-0.5020005138769104,0.00472118693690729
train:6473,3.4413398295733786,-0.01938934591900117
train:6474,10.66225384002475,17.08980918140672
train:6475,1.191501933411815,5.331973423018225
train:6476,-2.2827481418342788,-0.13449136863063643
train:6477,-0.0492192833504326,3.923348574022331
train:6478,-1.0644715817720338,0.08574239810292053
train:6479,-8.280211188024555,-9.084066344005024
train:6480,-1.9580611649317796,-1.0150141458239463
train:6481,2.9888305751879938,7.212145889549185
train:6482,-0.8541026858015629,0.28800860645943616
train:6483,-17.148311736144233,-8.508982928929576
train:6484,-13.411872825323721,-2.877197512195554
train:6485,-2.083048846633054,0.013153439433943967
train:6486,1.93055827630536,1.1250453728858452
train:6487,7.420413537485816,0.9696557947676478
train:6488,27.118329723197036,9.35940792457376
train:6489,1.1691120206273915,4.646012885119476
train:6490,-4.341179806744666,0.0009726314931842728
train:6491,-1.748602691659249,-0.12291515720268303
train:6492,-0.770447938882705,0.1592164957675806
train:6493,-0.6068970623315958,0.2228288082885368
train:6494,-2.0239468039659085,-0.42613699968980884
train:6495,14.318527202112561,3.044970559446654
train:6496,0.024657805067019145,-0.03796535265071896
train:6497,-2.6854225337583344,-1.8637782014761053
train:6498,8.555300701710449,0.7505486204507099
train:6499,-9.989730472983004,-6.344385893559528
train:6500,0.021405946744158383,-0.2228616087633093
train:6501,-3.0372597032891018,-0.734795788307081
train:6502,-6.3275531365093185,-5.449970521366193
train:6503,-0.4903899221511311,-0.0011899637256997664
train:6504,1.8278677565506491,0.10302646853922214
train:6505,-0.0540011818106205,0.10183182691623019
train:6506,8.45745158972543,1.7146100014634027
train:6507,-1.2441599418195555,0.05546306916153382
train:6508,1.7808356430920171,0.027631229076613542
train:6509,-0.7136941893585673,0.13719216326679784
train:6510,-2.6035781716145454,0.2703979854290304
train:6511,0.894415188290709,-0.028920942617945658
train:6512,22.717374528801628,13.188820091548845
train:6513,0.7710403018602907,-0.6989529730970723
train:6514,-0.8432554869367654,0.27377348285458714
train:6515,-1.8595077044788026,-0.10736969405792704
train:6516,0.0080921334920655,-0.014760787268754905
train:6517,0.9928324282148991,0.6571512986950385
train:6518,-0.16083236396978867,0.029319334441416947
train:6519,0.7911964071850296,0.32804679077010723
train:6520,-0.692633007875414,0.10623890465894184
train:6521,-6.600466549226802,-0.011517607744478867
train:6522,-7.15474927560911,-1.1899006062024513
train:6523,-0.041701351402499226,-0.037530950484250064
train:6524,-36.62747727911628,-13.668688888628829
train:6525,5.553205275420649,0.3591701010634907
train:6526,1.8375250016836056,3.3658689322584086
train:6527,-11.137781282436528,-4.0533214767270795
train:6528,0.4893864593093988,-0.1817475479539764
train:6529,-0.25861394683601463,-0.29184709803233916
train:6530,14.419306217757693,12.659953643126245
train:6531,-0.11234610798927125,-0.38043960370700164
train:6532,-0.5801804043213942,0.10247986364568337
train:6533,16.274753487615637,5.865051218552206
train:6534,-0.7156038338022231,-0.012150522428071395
train:6535,29.29553546104681,19.370589180445823
train:6536,2.8585577229363897,1.3052121378251098
train:6537,4.358866451335533,0.09116707540340643
train:6538,8.066595374735698,13.263872231763388
train:6539,-4.065729809709572,0.31145134406370556
train:6540,0.7208748837813256,-0.13406210225332776
train:6541,-0.47735389649613724,0.06897126460899623
train:6542,1.57605271863476,-0.22445955249618876
train:6543,-3.7416802333018393,-1.1040344912678175
train:6544,2.0389654091043043,-0.08473655655044282
train:6545,-1.682807711338818,0.22122494413204205
train:6546,5.226441051683274,0.29945499655028396
train:6547,1.8718130570369982,-0.10868545470861427
train:6548,-5.494579480306348,-0.5270627463807227
train:6549,2.538244215365959,0.21034092295423876
train:6550,0.03436642347107087,0.04353405755043508
train:6551,1.2285460136616146,-0.2369268233434409
train:6552,-2.8901912782629364,-3.372572908861096
train:6553,-3.0842618296347415,-0.012212651210829095
train:6554,6.5740805062156635,0.3092118546682282
train:6555,2.3482268058711573,-0.17617029491718889
train:6556,1.336268092026542,0.05080676298374134
train:6557,0.18052000909273125,-0.012909549267709403
train:6558,-39.30803321307656,-14.909506962603587
train:6559,2.7694704269428834,6.633786982275995
train:6560,0.188974631519753,-0.030067364887155515
train:6561,-1.50471145777877,0.0135036717225092
train:6562,0.9080983776865594,-0.15517633011667595
train:6563,-15.089420733751112,-1.4623637794265696
train:6564,-3.838088569113787,-1.503215130354276
train:6565,-1.455482381491533,0.2376083968747745
train:6566,14.224891163273837,5.941569341250374
train:6567,1.581976451971057,-0.22803149385712407
train:6568,-0.5783972171604346,-0.6541735994266551
train:6569,-2.4465512355760595,-0.15490827045467429
train:6570,17.085346529363797,5.865304584150778
train:6571,6.868357296128624,7.683467532361201
train:6572,-3.754396628876489,0.14111754678452354
train:6573,8.399871683615443,4.551210782367673
train:6574,2.242988311345064,9.805015241703778
train:6575,1.1517499471213406,-0.004099673606586293
train:6576,-5.593999080162497,-2.607440186554824
train:6577,14.072346487023857,9.111725932673389
train:6578,-15.076717355837916,-7.934786293449127
train:6579,0.3095549049858827,1.714684470406226
train:6580,9.790639580377942,1.5534495082588347
train:6581,0.7979750056998471,-0.07769182309152647
train:6582,-0.6648005503120112,-0.1547016976017853
train:6583,-0.5931473898790337,0.25014164834665453
train:6584,20.881439803630286,14.973402967656767
train:6585,-0.0044294620772545035,-0.16213047396123836
train:6586,-2.364363300153181,0.12026517283794178
train:6587,-2.290910680482426,-0.07799034083646447
train:6588,2.589330168076315,3.5408281496500167
train:6589,-2.6076977965482606,2.2310558291236204
train:6590,-0.0889136199973252,0.058639412096321945
train:6591,0.9978226092583513,-0.07256045641641334
train:6592,-5.483868734428578,-0.2518866638631214
train:6593,-15.424084353408672,-7.991923659786332
train:6594,4.3647058023306196,2.2349153746775285
train:6595,-8.433790768360131,-2.615885706507191
train:6596,-7.884087469310753,-3.081236138455587
train:6597,11.757707718206293,11.345851281694541
train:6598,2.8087461062990853,0.14320246319235921
train:6599,9.505151106695882,3.236245037713812
train:6600,1.351986220857543,-0.01492021072393683
train:6601,14.250045004534837,9.523421063335212
train:6602,-2.2389353425448726,-0.018344498146515745
train:6603,2.9153979469259004,0.3724850624437997
train:6604,-0.36552323496390693,-0.08404015780639754
train:6605,-1.6972680086318253,0.9220082255120561
train:6606,-1.8389416590473826,0.0032492126992632736
train:6607,-0.1312895949037447,-0.03974633020283641
train:6608,-12.951977442812625,-4.759850564890903
train:6609,-3.664307902783985,-2.2320916064231415
train:6610,7.306312805008422,0.2578499685633147
train:6611,-0.4334930945801192,-0.9583295848977014
train:6612,1.6181746166845858,1.8798814085691096
train:6613,28.959101439431503,14.440263542652863
train:6614,16.515743875116033,16.606507454413627
train:6615,1.2058987696052337,-0.130502857704483
train:6616,9.538672514772928,17.317281272318375
train:6617,-8.59902301536297,-8.831779261157653
train:6618,9.924695458031378,3.2501302143517155
train:6619,2.979270497599462,4.820674797383031
train:6620,-2.8668631640208626,0.03780294483005586
train:6621,-2.4706227512704535,-9.374797091289626
train:6622,1.317057510594021,0.21692336405833001
train:6623,1.7756657718288515,-2.268048264959535
train:6624,0.013193429574357263,3.4230171408171737
train:6625,6.258801114296092,3.3638003505133187
train:6626,-7.229929060004924,-1.7138289933474946
train:6627,0.38116936112185856,-0.30769928191860846
train:6628,-1.6007885405983608,0.044607152163301744
train:6629,2.9187430210031016,0.11659907534240235
train:6630,-29.403549215121824,-10.068631935257478
train:6631,-10.570956969076239,-3.8630476213813045
train:6632,-0.24523853215025543,-0.09513374771409996
train:6633,-1.379346263895329,-1.8194885823664393
train:6634,-5.696154248589912,-1.8265253268199952
train:6635,0.08629201534521092,-0.006770711952332448
train:6636,2.6067891766685505,0.3578708890667642
train:6637,-2.6480520821392233,-0.4480501280891917
train:6638,0.08378820763947548,0.0574127431214836
train:6639,2.3520419105101444,7.045776564849671
train:6640,-2.91677055345315,-0.9226785058163411
train:6641,-0.9456558988076437,0.0021437340825252033
train:6642,7.066923589866869,2.6615793334900624
train:6643,13.350367456292057,15.007209014482317
train:6644,2.503669771460578,2.9148125428293943
train:6645,-0.09960135250931099,-0.04009221133669644
train:6646,7.219776505743422,4.5339813510216045
train:6647,14.48175379941852,2.505091267134817
train:6648,0.0952408439910047,0.00362455329038959
train:6649,-1.590827007628917,-4.087180308052331
train:6650,-0.11018691962470678,-0.15419810494246342
train:6651,4.644493005212302,0.3925515893184623
train:6652,0.5491081194159315,0.08635954876700737
train:6653,-2.8103911538839084,-0.2651384265045977
train:6654,-0.2503774864674677,-0.09227346980388057
train:6655,4.318072354754017,-0.08323490886431753
train:6656,-3.3808831933588666,-0.4128582741552414
train:6657,2.851766687905719,8.04239242940173
train:6658,2.2275042679619945,-0.33933602846720423
train:6659,2.5339516415014978,4.52721466348139
train:6660,8.388420790700716,5.067240040462673
train:6661,-0.3761380918175742,0.3653599396184448
train:6662,-0.025795396313375824,0.054645908041818285
train:6663,-3.912491478070685,-2.3818149824895123
train:6664,-0.8259501332413355,1.4347928061442747
train:6665,0.5824422823804571,-0.2878958215775973
train:6666,-1.465820961726663,0.27455519276301615
train:6667,-2.826535378669288,-0.17550321296959986
train:6668,-2.5283611939002912,0.0592731114143695
train:6669,-4.987660120375029,-8.226895714801628
train:6670,-2.412754596942556,0.08669251909756184
train:6671,2.97720626842604,1.8953285784157714
train:6672,12.145960400905222,15.479772376984627
train:6673,0.9513542070323261,-0.04267586993631381
train:6674,7.723438660812355,5.614063490362372
train:6675,0.3948900925235095,-0.01735072294401252
train:6676,-0.14065092069686252,-0.3254488545779603
train:6677,3.0047655875571486,0.31230088918729254
train:6678,0.5249865089707637,-0.2510462490313749
train:6679,2.208080522323164,0.21527884157098348
train:6680,1.0890826924234767,-0.06699554353969137
train:6681,8.516299787994223,2.5297658808334904
train:6682,-0.5938468567239467,0.12717979963813247
train:6683,-11.020019797591674,-4.116669153445474
train:6684,-2.617176048836224,-4.5192054601048985
train:6685,0.7190519462612831,0.9251501158612276
train:6686,-2.748038415185103,-0.14418517067055797
train:6687,-1.6315378841604238,-5.465369329198262
train:6688,0.9012257498135607,-0.12220584765533221
train:6689,-0.33240874503641776,-0.41268351466298375
train:6690,-1.5043739284139268,0.24401450921769807
train:6691,5.282471391163752,2.484479347983501
train:6692,4.734308825330753,0.1189043313712926
train:6693,4.784402646271721,3.1251664778267814
train:6694,-3.928038750095102,-0.2662627363482566
train:6695,3.741206775247878,2.5567050922302017
train:6696,-0.22387422512181587,-0.06255422720257822
train:6697,14.325969585132412,3.202767396072896
train:6698,-0.01880223884280738,0.3819918361618031
train:6699,5.435244341405659,0.36881439980234004
train:6700,9.564739452001632,3.3656854704567407
train:6701,4.234899261308958,0.9976976315648973
train:6702,0.4105998528578617,3.433997458041731
train:6703,0.6281791385244149,3.4341857703109393
train:6704,-0.05384078562484784,-0.020340037556882518
train:6705,-0.20806102087055228,0.033345436491007026
train:6706,38.00323703389493,19.043093601136142
train:6707,1.7399708792054644,3.6646594446651215
train:6708,2.978582886124802,0.09622368781407632
train:6709,-0.9088979746515923,-0.08639484580595494
train:6710,-0.42227872792484655,0.09892825145017392
train:6711,2.790281018443047,7.327667477703049
train:6712,-27.502418322056936,-12.654005317811103
train:6713,0.3437327751333965,0.11990124511161594
train:6714,0.08679749578863509,0.12182438416090458
train:6715,2.42345168716558,4.578483534738179
train:6716,2.400678683201224,4.39546911737038
train:6717,6.7901876338467115,6.715632630263034
train:6718,-1.189929991409815,-1.1661069230055667
train:6719,-12.233032457032571,-5.317959055505333
train:6720,0.8702320926409949,0.1178767455568179
train:6721,-13.775344529779014,-2.537693887186031
train:6722,0.02048076294796239,-0.043157207509274736
train:6723,-1.9378865791769408,-9.69523837886612
train:6724,1.0221835354618567,-0.25795574004240535
train:6725,-2.110564463614996,-0.1354403483387977
train:6726,-0.5276811055103166,0.043177262864609565
train:6727,-10.10884951395092,-2.9679189451379395
train:6728,0.4171601730850842,0.059846679200999446
train:6729,1.1097075497896802,3.1790688676362855
train:6730,-0.30978358451286087,0.0845068128274568
train:6731,4.4259371624784585,0.2984365410276496
train:6732,1.1013160397748862,0.46038673314600714
train:6733,-1.1332185492854028,-1.6932458916797997
train:6734,-8.390059794371293,-8.628469916958371
train:6735,0.8751097638961658,-0.14727292124233227
train:6736,-0.17504776650669218,-0.3361364318203851
train:6737,-0.2803794767871261,-4.804729943789135
train:6738,0.5083487753413325,0.8781506546654938
train:6739,24.59004323493027,9.141672719266651
train:6740,-13.20836772381312,-15.180184735790476
train:6741,-6.001273820661106,0.3245661523275759
train:6742,8.490142656968303,4.572544850539241
train:6743,-4.343676408244954,-13.232115995274883
train:6744,4.057730748585749,0.005351747717134703
train:6745,-2.0002435021240705,-1.5336436825029292
train:6746,0.1700739169214856,0.03125624025887117
train:6747,4.6137387800271945,1.2997346760249218
train:6748,5.511077333456576,5.528321490332443
train:6749,-3.0436457960652565,-0.06722608340866137
train:6750,32.613750383336445,11.310760146292456
train:6751,-3.068764768590218,-0.7503569441409377
train:6752,32.777705969683836,9.777723658106352
train:6753,1.3732698648766157,5.283663907604204
train:6754,1.0651883099081534,-0.40429391774813894
train:6755,0.2897180810541275,-0.1226727764864825
train:6756,-2.318123171919081,0.10589766000140699
train:6757,1.9415451825725478,-0.2572471437991045
train:6758,-0.4308392350803023,0.13254776926664089
train:6759,-1.9235718007423306,-3.0677041899832584
train:6760,0.8776237997644724,-0.22850213186933455
train:6761,8.152290640087472,15.385687002142296
train:6762,-13.936107999571282,-2.0957486730488726
train:6763,16.404364763715492,5.725175147557324
train:6764,-14.216694393882946,-2.8132264077374325
train:6765,0.47559192241646836,4.777360692892188
train:6766,9.497191736549713,7.14487504055562
train:6767,-0.585518575350501,0.0728775315781811
train:6768,3.9672152291641454,-0.05124921397444662
train:6769,-0.3299065645383641,-0.23384363791758683
train:6770,-29.171931543868318,-9.598998255149455
train:6771,1.9242026355586779,3.1130896696165165
train:6772,-6.039052933866577,-2.8140395743544677
train:6773,-0.39082980128875044,0.14578391054942147
train:6774,-1.4855020386374505,-5.507665976792142
train:6775,0.5903263360567848,-0.1481505705454904
train:6776,0.33035108407515057,0.007523758549479162
train:6777,-6.437982888456681,-3.9470063612861552
train:6778,1.4649506974565938,2.624621909371475
train:6779,0.6983450311362713,3.1574594641014055
train:6780,25.531030472131444,6.293155195580943
train:6781,25.04232142582485,7.46151698544003
train:6782,6.029600543824708,4.031828424594288
train:6783,-0.2112502316976656,-0.7664990147931396
train:6784,3.870804103853315,0.26088807317320684
train:6785,7.0957679381500816,4.028607143504348
train:6786,1.1338141666783517,-0.11277796536526222
train:6787,-2.2089087116517474,-5.257702553218152
train:6788,-0.6726164937239455,0.2000620689324818
train:6789,-0.250624822035094,0.20804786442460405
train:6790,-1.5262036168393474,-0.06174241586323792
train:6791,-11.190254545924699,-6.890347672166788
train:6792,2.67387430022237,0.2943028727273149
train:6793,-23.802724550189264,-8.530814598006446
train:6794,0.3033525704486456,0.32728983251221433
train:6795,-12.97703365161272,-10.153697723047976
train:6796,-1.2357888881299037,-5.466954005475812
train:6797,-2.077826439807592,-7.186154291071412
train:6798,2.552326535560319,0.15038907282682673
train:6799,-1.3491987547172744,-1.44995856603167
train:6800,-0.38687766251713585,-0.1347316094346869
train:6801,25.508002229019294,21.50892179005049
train:6802,4.8301759983593975,0.3310689173692787
train:6803,-2.4774291285449808,0.05297192609720549
train:6804,2.5585071352520927,-0.09963576622587073
train:6805,2.309900021051657,0.3393272663389178
train:6806,-2.3784451554310606,-0.15640506767325937
train:6807,10.511945412045977,2.6210091670188778
train:6808,2.602736964624508,-0.08250220294412566
train:6809,5.839116823099964,0.5142556689955646
train:6810,-2.876780762382899,-5.8598943754109785
train:6811,-1.1813183434415042,0.21389060922881312
train:6812,13.192279115928587,7.976323925714896
train:6813,0.21971793116756944,-0.013069900018156375
train:6814,-1.6717857038773523,0.0900212237774366
train:6815,0.12899715111982477,-0.015203820414229172
train:6816,0.4929065744415083,0.20897879754029952
train:6817,0.9323474914765046,-0.17803515702558997
train:6818,-0.10978430195259337,0.0023374674625136205
train:6819,4.4569926535429305,-0.07777228378836998
train:6820,12.027638226784884,9.70367356742129
train:6821,-6.836678525140614,-1.9380302998681342
train:6822,-7.260176526226287,-0.9526329960933437
train:6823,-6.059424644209147,-1.9328876629890304
train:6824,-7.150777959032674,-6.81333137792008
train:6825,0.9156923234790546,0.06366906161390067
train:6826,0.0019419858297646253,-0.32885202820065834
train:6827,1.9981503912811656,0.02923630584999333
train:6828,-3.5225423151344084,-0.20112780500210414
train:6829,9.314190381662145,5.6582615212320135
train:6830,9.096325869734805,1.1331965835871696
train:6831,3.0140025481917325,0.12356277746123517
train:6832,0.056591988279637614,0.11234321805829728
train:6833,-5.088692515502034,0.24269810659336583
train:6834,-4.301709792299615,-0.060020000573628024
train:6835,0.9511466218237826,-0.17328597866048345
train:6836,-9.466546009981375,-6.070258011343447
train:6837,20.600981726267243,8.805458281892632
train:6838,0.10761738561840856,-0.09813668643432555
train:6839,-16.723346458646102,-10.281427082035691
train:6840,2.4838294606552194,11.090958641813218
train:6841,16.082411960634815,8.184753081063679
train:6842,0.6047857035168308,-0.14712519597357082
train:6843,41.54930380394602,16.685546108302983
train:6844,-6.0476046076089025,-4.871428437612955
train:6845,-1.4091236995549061,1.4513217729132135
train:6846,-9.836915215341373,-10.480457172578026
train:6847,0.6206428423755017,0.34438744526983783
train:6848,-6.103018002919757,-13.605073580230862
train:6849,-0.7762668335526494,0.011349136839390497
train:6850,-0.45040222320504264,0.14458698635346942
train:6851,-6.514057172160978,-4.832714288279951
train:6852,10.546812288417593,3.7665069941798905
train:6853,-0.20771860988266366,0.4054802252252745
train:6854,5.299916917178053,3.3566250824132466
train:6855,-0.048587926769912915,0.9735364541214366
train:6856,4.688126346740235,2.0607002760709126
train:6857,-2.736729321796928,0.14391590990320025
train:6858,19.663193114451914,4.871232647162749
train:6859,6.703319384214634,6.658560317255192
train:6860,-4.27198024303753,-0.0287978263389103
train:6861,-0.955578611250966,0.22458146766986803
train:6862,6.124005554522179,8.009156455172965
train:6863,5.710362852990156,7.756131530616241
train:6864,1.6795931057158255,-0.004006658758462248
train:6865,12.616657652924268,9.193088245836128
train:6866,0.7505458535668676,-0.10982210471233869
train:6867,3.775380926063548,-0.015649064802258528
train:6868,-2.886816449530983,-0.19043466398808917
train:6869,-4.345780155319218,-1.3615087211670138
train:6870,-13.340894956078671,-10.584826679892085
train:6871,3.7798757385970267,0.10692895499694184
train:6872,-2.6519955037268286,-0.7337060737098486
train:6873,-1.658640422849441,-0.41298281704237677
train:6874,0.1565282265747431,-0.11522488357848862
train:6875,5.015339214881294,4.6663500395507205
train:6876,5.110913955443704,2.0232207133877025
train:6877,11.827616279546191,1.7180243026292812
train:6878,-1.912668114525152,-0.0038628566619759996
train:6879,6.609044550131704,8.427285588366066
train:6880,5.7594399015882685,4.287300552685857
train:6881,-0.09744971903755464,-0.06278020192562805
train:6882,-0.20744500653388914,0.004585088524161368
train:6883,0.08981608226740473,0.10644027039226558
train:6884,4.510518487942953,0.03412743172105603
train:6885,1.916277553002946,-0.09252013034438131
train:6886,3.7947897943750024,1.316876798955267
train:6887,1.756044901602289,0.23502152840693202
train:6888,-0.09296792416552982,0.01543900827105335
train:6889,-5.985713066058754,-8.057633228875188
train:6890,-1.04379093442817,-4.025157094294034
train:6891,9.78794492445696,5.087379181689629
train:6892,16.342476941497186,22.788125893495238
train:6893,1.483326056431896,-0.051493449281177245
train:6894,1.665899688157404,-0.08896088579553652
train:6895,3.0755570252935183,7.466834239150581
train:6896,4.201352747741963,0.43343774948381025
train:6897,-0.3092098775759232,0.14780013577723916
train:6898,-3.1116003134376125,-0.08160486644918666
train:6899,0.20800215208807693,-0.039085953313317684
train:6900,-0.4528904562086813,-0.1273108220805942
train:6901,3.7513693845951384,1.655307614673544
train:6902,-0.7446473987973298,0.07462797971695721
train:6903,2.950453114472119,11.5108881544286
train:6904,13.413144198821078,1.7328586016361562
train:6905,-6.665467452198538,-0.6123190576829851
train:6906,-16.719117578339468,-13.437358108128128
train:6907,-1.063656350723476,-5.574614412355094
train:6908,0.5777871898903257,-0.025984055852752944
train:6909,-0.5370582384637714,0.7625258514155908
train:6910,-0.393296531905166,-0.9475317308491418
train:6911,2.2929324291793107,-0.028895691654574562
train:6912,-3.1252962880366764,-0.43004718983126883
train:6913,0.038881924787931996,0.0946271706892969
train:6914,0.29194154412212114,-0.06824653618263576
train:6915,1.4712689124265959,-0.07183745143130191
train:6916,6.517647549063071,1.8887623293136158
train:6917,-2.3543569027433686,0.049398415467360096
train:6918,-10.363928730476404,-5.311814369096745
train:6919,-13.829961988075253,-20.793318107581044
train:6920,0.29594552108131156,-0.2141008084208283
train:6921,49.21016781497854,17.397349366612737
train:6922,-1.5962723419067792,0.05895554845129569
train:6923,-3.2674254403740046,0.03772020156025226
train:6924,13.425360344262709,18.152986014761755
train:6925,0.057799260150377285,-0.0024201278903832613
train:6926,4.961072768527834,-0.030680949030992194
train:6927,-10.815653670759184,-14.589327029631022
train:6928,-3.779121817142467,-0.7246874139532815
train:6929,5.425729360715736,0.2754394757938396
train:6930,0.448817847220925,-0.07646836398491327
train:6931,1.7177018447059709,0.21796343269368024
train:6932,-0.20586405804194718,-0.7988135428500749
train:6933,-4.819239941065398,-0.42772467184436785
train:6934,3.242103823644973,0.5408021351823291
train:6935,0.3319392387725403,-0.28179992516603225
train:6936,3.8735819798243054,2.6082607117151038
train:6937,-12.79447768671347,-13.023076822302514
train:6938,-5.6831221747250025,-6.080814340640666
train:6939,-2.4333596953583383,0.019352907593573554
train:6940,-0.1513672455723991,0.028116133169824628
train:6941,0.027233791056352305,-0.17497579595500695
train:6942,-0.7097300789875798,-0.11036799630182742
train:6943,-29.14433410158581,-11.031341319773741
train:6944,2.7750633722033045,-0.3226957862664606
train:6945,3.7177173349870705,-0.019368802762360277
train:6946,0.019573710894505908,0.6081611485564782
train:6947,-2.303280713279103,-1.5360255473867928
train:6948,2.417838285580017,0.4095760170805526
train:6949,-0.07772924045504476,0.059935770876848316
train:6950,-8.963749064482652,-11.89526208786339
train:6951,-4.057225092531777,-1.1960652651244394
train:6952,-3.6496867443887244,0.08842520596549219
train:6953,-1.5775831643071396,-0.19713629819894057
train:6954,-12.257183008528651,-13.622907322768118
train:6955,-1.8313058707716423,0.002390537283835939
train:6956,0.3897061575368088,-0.08564758848314244
train:6957,-0.9014739558327199,-0.10631222080375605
train:6958,26.971161341127566,13.495546539494581
train:6959,-4.898213908858576,-0.8688018662830432
train:6960,-2.3265223530558035,-1.6338720318241278
train:6961,-0.33610808547176024,1.3041240638271925
train:6962,1.7160021100532612,1.4561190279712921
train:6963,3.4809079413958153,7.533724469103049
train:6964,6.924685182156623,5.525000917318739
train:6965,-0.322884001100404,-1.1118972418113093
train:6966,10.487633999447645,2.3064138341148177
train:6967,0.415484265402,-0.002068540324122972
train:6968,3.939446232700331,1.8808694773392125
train:6969,-7.132972587662466,-4.846606597958355
train:6970,4.138763366554584,0.12195427682841523
train:6971,-1.0370961371089629,0.14495048609736522
train:6972,-0.06090960825261771,0.18570739556884758
train:6973,-3.832281297355855,-0.5037875638978055
train:6974,2.2095240879951183,6.985896116457667
train:6975,0.9665818489763993,-0.34243162538352884
train:6976,-0.03624695125326735,-0.1472211353683
train:6977,0.5496772934171843,-0.2285031304950046
train:6978,0.11399220416991132,0.19434871748294835
train:6979,6.589458548641178,11.004390921014974
train:6980,0.14705927261638937,0.02541021425603196
train:6981,-0.6974834815164758,-0.09834989301487981
train:6982,0.5602148579059685,-0.20819836006763165
train:6983,-1.0580341157247837,0.10185122878639104
train:6984,-2.2435538228621645,-2.2584165203719664
train:6985,7.951595493785015,4.485990254535517
train:6986,0.010047339750810375,-0.07732475682738052
train:6987,1.8415862795990177,0.22770302885361376
train:6988,6.510496203760012,5.504457190034605
train:6989,-0.5785025207432679,-0.03529716752117293
train:6990,-0.507059037642996,0.09715597620746685
train:6991,21.723896361286027,12.68096358593748
train:6992,5.966847047119711,8.316430149985885
train:6993,9.66163176586978,0.39999691433187606
train:6994,-1.0787905444549688,-0.03666999249586264
train:6995,-0.2969663020619425,0.013623934785344419
train:6996,0.804700255048527,-1.0540027745554017
train:6997,-3.2663835625412028,0.11562784054788011
train:6998,-0.7999361964914103,0.10847639680307913
train:6999,-0.20201222500100052,-0.28435291169149823
train:7000,-34.171379302609786,-18.90332943603518
train:7001,0.258698853475134,-0.11159580656314583
train:7002,-10.601504771344004,-3.8073556943710827
train:7003,3.9901955858788045,6.020857936878862
train:7004,-3.1792865740007192,-2.9858405667341588
train:7005,-4.709796741889657,0.19103363691042918
train:7006,1.1309044868851394,0.10212627882808299
train:7007,1.0746826018146942,-0.09866995254212874
train:7008,-5.766140915898536,-0.1757775497072418
train:7009,4.591457657699208,10.153150987005157
train:7010,10.576734313102605,2.1368780100764053
train:7011,0.4885693685949191,0.9106871629427986
train:7012,6.383877130128662,4.691638094732419
train:7013,0.3852921242418169,-0.10721818827770047
train:7014,4.065190333515379,0.11754819771137362
train:7015,-0.03391446527059633,0.07410006338952926
train:7016,1.945313795563485,0.6196491956038477
train:7017,1.2828875440266754,-0.36296436778529173
train:7018,-0.9142080182336286,1.325475393956771
train:7019,-12.561808374381073,-3.9567435322123186
train:7020,21.95637691752734,11.906866628973658
train:7021,-18.132627329662128,-5.553248388162085
train:7022,5.911767461841856,9.757972554282611
train:7023,-20.537015435541434,-5.621601176738737
train:7024,0.13180187601756416,-0.044937899739772164
train:7025,4.040866833088554,0.17705537409399633
train:7026,24.737352951609818,13.905371101615604
train:7027,4.2029678675952225,3.4151930513531936
train:7028,2.131165669622122,-0.22006017843721742
train:7029,0.22951069945459174,-0.332477752686966
train:7030,-0.46530988638141135,0.24401707711227819
train:7031,-33.22759884719377,-13.580933088604851
train:7032,-1.0811830046636244,-0.25410304220737784
train:7033,1.937383947613828,0.02429346543530339
train:7034,-0.09898347850672581,0.024708394401206438
train:7035,0.41765310078353485,0.5892856967845574
train:7036,-4.4188654909703775,-1.9863432391415952
train:7037,6.655073141367175,11.66751716966413
train:7038,6.110321202835127,1.6150296175412524
train:7039,3.4290167533412323,0.5225957626093374
train:7040,11.899848493455632,3.6165268286555086
train:7041,-0.4718646276108678,0.07719180846398371
train:7042,3.3509670395112887,9.663544793496266
train:7043,15.245680384519959,9.946097652508072
train:7044,-0.31977196640905375,0.13866684805983198
train:7045,0.10128092267654709,-0.05344397920598706
train:7046,1.711816466979315,-0.252038454964968
train:7047,5.90448872942314,7.067446171246373
train:7048,0.4553882793815983,-0.07121759021182494
train:7049,-10.50328651567347,-3.1577474134348744
train:7050,-0.26308005077682256,0.16936089197590673
train:7051,0.19188698458272826,-0.10428743592733802
train:7052,-0.25747478522966827,0.0651233459111039
train:7053,0.394884978442224,-0.05091453171417207
train:7054,-0.2845959205779053,0.0008325385777581823
train:7055,0.10889927658426857,-0.25829127826753995
train:7056,2.8751208374707007,3.2808097068651696
train:7057,0.9204584147789056,3.5677120086524456
train:7058,0.184111837591958,0.13863146817895045
train:7059,-1.2955120592149982,-9.124999154255244
train:7060,1.6320333120518256,0.18965553348576925
train:7061,-0.15238936445477946,0.24995312208623133
train:7062,0.186431305913175,0.057249039842001484
train:7063,-0.5679119557757067,-1.6773289397857876
train:7064,-8.923448244286947,-0.7768900002115615
train:7065,-5.903103916304542,-2.180402171098454
train:7066,3.7375455579639363,0.03824676260998516
train:7067,-0.679966358364178,0.28256509793202944
train:7068,-1.1536146677432,0.2882903615591984
train:7069,16.73069522037656,10.422892905278406
train:7070,-1.9968603048954687,-0.14374976987841906
train:7071,1.3322474943031737,-0.5456178533037745
train:7072,-3.363882127499924,0.012346407231738868
train:7073,-0.13333336775202487,-0.05204376335577618
train:7074,0.4214558851357887,0.029872430401810993
train:7075,1.844037784200697,-0.24645742141671534
train:7076,-1.2373668146647225,0.11899720355860663
train:7077,0.261493001522942,-0.09821457923658894
train:7078,-17.33414443239805,-7.294615881059689
train:7079,4.582526147192312,7.4604915395377045
train:7080,1.864414143708073,-0.08826256113055617
train:7081,2.505521068885931,0.5773625342666688
train:7082,0.9490991296436585,1.891549065576277
train:7083,-1.2759423298012909,0.12985668707708886
train:7084,3.218727125630687,0.016031621275819127
train:7085,-0.7202892620927072,0.21611526190004987
train:7086,28.427698182887585,10.339620078548066
train:7087,6.2674011393523905,8.52465786827094
train:7088,-1.2797513905260312,-0.31859585724769235
train:7089,3.279351769771472,0.3025424618004382
train:7090,-1.8814968592570351,0.9086149433470536
train:7091,3.4452260664338823,0.236746297599907
train:7092,1.1031970918549914,-0.08643621744085675
train:7093,2.0418711371074325,0.7722273571392526
train:7094,-0.013446400987441598,0.01907200845867134
train:7095,-1.1293060446437506,0.06402371638757609
train:7096,-5.137542684857664,-2.6202885044256026
train:7097,-1.8382405649947882,0.23450110177202937
train:7098,-0.052563427594672696,0.134298431396632
train:7099,6.131402375726942,5.9277398023283725
train:7100,-1.4073009944931036,-3.3742223531463877
train:7101,1.2808328456411036,0.8117923355431331
train:7102,0.2960386206065318,-0.09014696776992812
train:7103,-1.3501936759855453,-3.261681234635174
train:7104,0.5270658479298022,-0.207080327299613
train:7105,-0.5243000004058767,-4.216991088258037
train:7106,2.895004385508746,2.2717786426615114
train:7107,0.19655811669143694,0.428395831136571
train:7108,-9.003704916649827,-4.887094306481356
train:7109,9.404927201328467,16.3400821146514
train:7110,-1.9919228918725533,-7.256819896699885
train:7111,0.8160437522562588,-0.33429239819024487
train:7112,0.49601616832133594,-0.07683971007335944
train:7113,-5.698973502127667,-0.42301622314051807
train:7114,8.344658202391203,1.5017743390151475
train:7115,0.8414988593966223,-0.02285257974271178
train:7116,6.977412754959627,11.959638574524673
train:7117,0.3333678108879982,-0.21017884876254278
train:7118,-5.1560993612603605,-7.008501637586886
train:7119,8.132686041937728,13.283146277838465
train:7120,-11.821784075375126,-2.1038821938097563
train:7121,0.3118977353602448,0.09753659524856341
train:7122,-1.6249209603517007,-0.3261254947998197
train:7123,-2.0868444247798603,-3.2331516405285132
train:7124,-4.310070385368455,-1.4532591665319736
train:7125,-1.609949254930143,-4.338821422751995
train:7126,12.169834792011883,4.691524536727655
train:7127,3.0515608260689655,10.681924991222871
train:7128,-7.615252768876701,-10.454269213006807
train:7129,-1.3219100169778168,-0.36331032024955673
train:7130,-13.848217398598585,-9.210838734279216
train:7131,-2.9089729742421957,-0.013079600953236792
train:7132,9.448489875551363,6.573254288660643
train:7133,0.5011915023531474,-0.06901676189585926
train:7134,0.3856705662569443,0.011847522379147171
train:7135,9.47517422186617,3.278080890891371
train:7136,-0.19952480560120273,-0.0630990488359919
train:7137,-1.6533612962133577,-2.9081977062099025
train:7138,2.9859936548239796,7.734279889025971
train:7139,-0.26811858313424675,0.06475556634290791
train:7140,-0.29856491738014346,0.0013320654039949004
train:7141,0.774705006017836,0.007280735859633583
train:7142,5.715135685578973,5.524080469772579
train:7143,-0.13642390005615196,-0.28014634371725033
train:7144,10.138388739295669,2.4110652391894485
train:7145,-0.5162018526902786,0.389693522650798
train:7146,3.7728066835110163,5.424008476699147
train:7147,-0.21959187941992575,0.4569914771982645
train:7148,28.423188493026732,9.729365067373688
train:7149,-2.815134231817974,0.09760678436708646
train:7150,5.477240247089269,0.07529720157669631
train:7151,0.8013068296573539,0.0178108868982165
train:7152,1.24626514302469,3.3398304812160764
train:7153,2.0482244532717124,6.9808339402754065
train:7154,9.133808366225717,4.817095152338355
train:7155,0.9982563763346582,-0.3783122457081891
train:7156,2.030402112449966,2.7352228408666046
train:7157,7.484824461443797,2.829672856739312
train:7158,0.5867121915664939,-0.09527904774909127
train:7159,1.5620329297070272,0.009726869438404964
train:7160,-4.126724527368836,0.20111604699680763
train:7161,0.4677357637289709,0.4064854132925782
train:7162,0.15153467488680733,0.2824820693406058
train:7163,9.916505489310882,2.2116271387304955
train:7164,-7.484619606352709,-2.511781548299744
train:7165,-19.261926197791148,-14.804799634491433
train:7166,-0.31871916303896036,-0.05918429354861168
train:7167,0.5411311986726242,-0.18765934059022849
train:7168,1.4735937272873385,-0.09072617065855329
train:7169,0.5562807346479732,0.36089629686456576
train:7170,-3.6326680117035233,-1.4563600418982685
train:7171,3.6712963542420565,0.5458945554563105
train:7172,-8.68881047557611,-3.5283188536826886
train:7173,-2.704573373423111,-1.8131903929262854
train:7174,-0.7163181779745121,-0.024345382458616685
train:7175,0.026775732093939186,-0.01885122934365778
train:7176,-1.2503082298159347,-0.26978417578244973
train:7177,-7.993479527673637,-1.6013255372901225
train:7178,1.3267904208841785,-0.1957540576107905
train:7179,2.363401214878213,-0.2645315474188313
train:7180,0.18210409577091657,-0.019121143596189508
train:7181,-3.1507276844365344,0.05436058642180588
train:7182,2.6322838017097565,5.296369279343357
train:7183,0.39490868918272953,0.0956025426473093
train:7184,-4.44824867745449,-1.8852186946119376
train:7185,6.027043503181956,8.648258052773835
train:7186,-8.381002291498183,-4.082185467772394
train:7187,8.17392413375812,1.8344793204630152
train:7188,-1.8486658521535313,-2.454956894458073
train:7189,1.6620866756425792,6.118139484508572
train:7190,-2.885727615133651,-0.17724524412058562
train:7191,2.57706381165479,8.18472283697196
train:7192,-0.755099651111942,-3.9342872941092426
train:7193,-6.304946107728502,-7.330509340857249
train:7194,-1.0835859254930909,-0.36144303290738555
train:7195,-1.32174566900196,1.648338348783121
train:7196,2.1012854874203546,2.7151396226771713
train:7197,2.1889464196516855,4.089233707932684
train:7198,-0.7043121747820672,0.194203132126337
train:7199,1.835056992546869,5.1276540402841
train:7200,-7.943291793603608,-2.507142504079962
train:7201,-4.621149721803185,-0.09908552348167679
train:7202,15.891723676658652,5.156254679474144
train:7203,-6.217055506755804,-0.1640896348650535
train:7204,1.3922012639625962,0.06032980003408545
train:7205,-0.8409388081144314,0.10763883518753271
train:7206,-1.4507992777834513,-3.9409549750473123
train:7207,-8.680732086810933,-7.7624240734428716
train:7208,3.5215537296200523,3.2093089648549205
train:7209,15.973521082237909,21.088074683105148
train:7210,-4.059313032445704,-0.6378683248078061
train:7211,0.7777740359347399,0.027038366415430254
train:7212,-16.53222487251011,-2.7187267459028432
train:7213,-0.1907266098950911,0.11317493058063345
train:7214,2.1289461583442124,-0.09696201732473447
train:7215,-1.6882762914407055,-0.07978308790540742
train:7216,-5.334842081186545,-3.881648879076393
train:7217,-5.621170658948869,-3.963714224710842
train:7218,-3.431484703096541,-0.3095550137351692
train:7219,-0.8870571282306398,-0.10663798676340522
train:7220,3.711038809744681,10.686684155844677
train:7221,-2.7735418736394384,-2.2354655345797885
train:7222,-0.09014355654648926,-0.1311971878667832
train:7223,-0.44132333417382885,0.05547762056415445
train:7224,-1.3357605763066474,0.08411749147694987
train:7225,-2.0176946071361375,-0.06871317969216606
train:7226,5.52224555715116,-0.0429379378442952
train:7227,-0.26504095226245356,0.19754360632303725
train:7228,0.4494733794584307,0.8815158091823252
train:7229,-0.10502843881531346,0.5223197139419753
train:7230,-1.473504868858135,-0.547103665639989
train:7231,0.9327180299114636,-0.09422007655641523
train:7232,2.825297597921384,0.404732682580842
train:7233,-3.299231306638005,-0.2899631193753972
train:7234,4.851360382709884,-0.00050105467417981
train:7235,-0.0871590251999163,-0.1270421917753525
train:7236,-0.36878148588837456,0.00313465606882829
train:7237,0.22099738132190683,-0.002501587212896797
train:7238,-0.9283326458277145,-1.9926849401288007
train:7239,-19.10277226885437,-5.374600532866956
train:7240,0.806748444603372,-0.07955668519992759
train:7241,0.8299377812760164,0.3617586814610532
train:7242,0.9825191859279565,-0.25530881137355027
train:7243,13.386674643920262,3.3835260607128763
train:7244,5.566113681501745,1.7292544189321595
train:7245,-0.2234793948007508,-0.236998867052494
train:7246,-0.1352597491889787,-0.0023684133467560126
train:7247,2.2744459551651692,-0.2632466015031054
train:7248,5.569544765127839,3.542399986454665
train:7249,-4.667806415203813,-4.64686890979839
train:7250,4.162244903235222,0.2525185914325729
train:7251,-7.6634836694803035,-0.3986289283131976
train:7252,14.558469667865909,6.715649749560235
train:7253,1.2654413206376538,2.0782504089178757
train:7254,6.419264712958437,3.88078828925156
train:7255,0.3136966134524214,-0.15638652176795856
train:7256,2.2523503345129026,-0.027660819683160864
train:7257,-0.5271692324652855,-0.3849971886042698
train:7258,0.11261012370250345,-0.03589102880802625
train:7259,-18.180573236463186,-7.164237025508539
train:7260,-9.063030119227612,-1.1757375263066554
train:7261,1.0977433890804802,0.3766361353629552
train:7262,2.140012565329566,2.4580260393056705
train:7263,-0.49766935194456763,0.04689771412876135
train:7264,-8.63451566931734,-5.5380624302585435
train:7265,0.7312715785765181,0.2199381436257861
train:7266,-9.163162900964851,-2.2977709314202777
train:7267,0.47274686601404553,-0.18182308685287468
train:7268,4.057064058352711,2.459967652929855
train:7269,6.3593397681208055,9.055301299742975
train:7270,5.774880707738651,0.16683693692527696
train:7271,-11.787263096865003,-7.469118013216037
train:7272,0.5817251487092852,-0.2677876377464129
train:7273,-1.6765464486376778,-4.323039427984248
train:7274,-0.15007733479725044,-0.1049426056972915
train:7275,13.186343062305557,3.896706097110432
train:7276,-1.3947319774427727,-0.38674321425793573
train:7277,0.0888657929812617,-0.07516230426930648
train:7278,36.410094712502406,10.99418896116981
train:7279,-2.503672734036273,-1.7107261207298599
train:7280,1.4438244276661707,2.959049377439358
train:7281,-11.560159764637156,-14.531185331191374
train:7282,-9.444626127758736,-6.4369305316537915
train:7283,-7.48517843596227,-5.520762239150711
train:7284,-13.304867648171726,-5.4887291808719185
train:7285,0.18632693216330265,0.019935605672043888
train:7286,6.217901016757021,0.5875847519468533
train:7287,2.1830907965797817,-0.011621322153353375
train:7288,0.04512412591337199,-0.12623458892990738
train:7289,1.6658343673918936,0.3360263805169943
train:7290,-0.053988629065647,0.16534926999853228
train:7291,0.0664428711267225,0.3574221494888897
train:7292,-19.99855474682352,-9.434831613356437
train:7293,1.5949843501789807,4.790213290587267
train:7294,4.979854929423573,0.12245786948773713
train:7295,8.830350870572312,2.305504799433458
train:7296,-2.3173309542363083,-0.3518958861801504
train:7297,-9.77328302648823,-3.5335784724259973
train:7298,-4.0324269123783605,-2.9523463764392823
train:7299,-1.0956451616225533,-3.8127993455592994
train:7300,1.866198725618474,-0.07186405767236806
train:7301,-0.007463507029000782,0.19889053836071086
train:7302,-5.364125310627349,-5.928954190962022
train:7303,1.9643363182796434,0.23830144308978465
train:7304,-0.7716362654068644,2.9148250969806746
train:7305,0.15438879716059992,0.7165001929089594
train:7306,-3.2720211397837518,0.2631373348341697
train:7307,3.304981220592023,-0.4121267095215296
train:7308,0.076167994065832,-0.24572443017490347
train:7309,-4.507488800316344,-0.21557107072875226
train:7310,0.7735548026450777,0.04837853333662575
train:7311,23.525152036343872,8.828109394662176
train:7312,-5.027872141522959,-0.9392319389141959
train:7313,25.050068794055907,9.903430657451418
train:7314,1.7152796298425637,0.8410086987891636
train:7315,-11.642393261875124,-6.330964935197383
train:7316,-0.9015488073860806,-5.050948235778842
train:7317,-0.16546816242597934,-0.02527389034054206
train:7318,7.691416608384921,5.720106694299424
train:7319,-2.2339770082803345,-0.16913982753927315
train:7320,2.0899944095457994,0.3830791968556704
train:7321,-5.691223809314204,-1.1576320149263382
train:7322,0.3512435008758822,-0.15075612757944373
train:7323,-16.883645941790828,-4.485818550739147
train:7324,0.700615915685276,-0.3348540537992393
train:7325,2.1984734881701016,0.02427912802389777
train:7326,1.5224629582186684,-0.044692665807371496
train:7327,13.345495131576412,21.09686258900153
train:7328,-2.4577408454287455,-0.05023147175586237
train:7329,2.6991378617727677,2.102377490427745
train:7330,0.9528259001513505,-0.25608103433811386
train:7331,-8.118547639926039,-5.820480046822465
train:7332,0.21061835335297335,-0.11562675908027611
train:7333,-5.37551483456665,-2.608086725345772
train:7334,-5.792831306127589,0.06513846795696457
train:7335,5.854498584857324,0.0669949130775753
train:7336,-0.8511420976537357,0.17369920720819537
train:7337,0.45136803034559037,-0.0015673728985711732
train:7338,3.359449905614501,1.6383502374921566
train:7339,-1.5842730800033014,-0.5174702335159054
train:7340,-1.695568738895596,0.4065199372085997
train:7341,-0.4766335084096017,0.05439254244324727
train:7342,2.2326676303944333,0.9944625123763866
train:7343,1.0048505192358372,-0.10121202551562927
train:7344,0.33917322298000796,-0.022402342226332195
train:7345,-0.005749476194515546,-0.01729237467271999
train:7346,-2.3636273373645484,0.08596580493139025
train:7347,4.115251610302712,10.437588109995525
train:7348,5.397706519853568,12.089469041922158
train:7349,-2.59315102478988,0.6374656761830926
train:7350,-8.668986436847568,-2.7255955785830217
train:7351,0.16999453243244014,-0.1839960963108892
train:7352,1.2073146727465982,0.04422039870737493
train:7353,1.6808558188768647,3.970355025597755
train:7354,-5.601092775821974,-1.8648803988942133
train:7355,0.6137002445721877,-0.10474559111867293
train:7356,-0.7269426818451499,-0.0732563558476236
train:7357,-0.26443121429827715,0.1427169171255031
train:7358,-5.868779597465671,-13.691343425257813
train:7359,0.4839534453182699,-0.11008688317571019
train:7360,-8.171911683390848,-0.6593777231148714
train:7361,0.15282969974324148,-0.3361882176944173
train:7362,-0.8168010418215661,-0.1336950359891818
train:7363,-10.088050080446289,-5.242449830055529
train:7364,-0.6724216937186157,0.019584874070643646
train:7365,-0.2106378204637263,-0.370928264843078
train:7366,-1.4325952405312141,0.003613568408019116
train:7367,0.11488298414655028,-0.03215955699630149
train:7368,-0.02755440781734947,-0.002973081189967308
train:7369,-2.235696734341706,-1.4618158192553357
train:7370,-23.660956637957284,-8.444574426427975
train:7371,8.289109981301003,4.923765493196194
train:7372,1.568405074988767,-0.2072689248904412
train:7373,12.237180733711265,2.7779877012389242
train:7374,0.9174889932179489,-0.17587327511075596
train:7375,-0.9004634598623521,0.037803800794915896
train:7376,4.128239982018455,0.04346928954269227
train:7377,-20.49761841298382,-7.94267486559923
train:7378,-1.4717800287154779,-6.797846973602006
train:7379,-1.1128335888231375,-0.37874992907328814
train:7380,12.668797106379438,15.702155471481738
train:7381,-0.7277318775707995,0.18616719135949755
train:7382,1.6602321238018627,-0.09798760588786906
train:7383,-3.743544083472166,-0.17973339130790383
train:7384,6.671951934191746,7.27870229320624
train:7385,-0.49681692757757,0.9219856851040751
train:7386,0.7306111647159671,-0.06815416330815674
train:7387,0.8278071852750026,0.7093768533437297
train:7388,-3.551223477732965,-0.08892650454032502
train:7389,0.044490677208690044,0.010624348594153982
train:7390,-2.184520122917652,-3.9158478137727006
train:7391,-7.570013605825119,-0.11778764236944009
train:7392,0.7469167155200808,-0.12140865904901754
train:7393,-1.5101888712937868,-3.3495879697961364
train:7394,-7.813546621557372,-5.1423418864579755
train:7395,-6.396491882070895,-8.42098289359887
train:7396,3.862183157555394,9.508107281345907
train:7397,7.6946793922450745,0.22936631123747608
train:7398,1.2140208605195775,-0.0994742741889437
train:7399,2.7323194159025688,-0.030075496553325864
train:7400,0.13237674524570303,0.18473430618379524
train:7401,0.632031436481842,-0.23372694137500177
train:7402,1.1162091743112392,5.154203217026255
train:7403,6.3230586158155075,8.687580507800705
train:7404,1.7966130487742822,-0.04497484888956377
train:7405,24.63261284755082,11.309344951057195
train:7406,0.9584778898047951,-4.030458369993865
train:7407,-10.573724151968177,-14.645676908296993
train:7408,3.5869865400021737,-0.08269993082679428
train:7409,1.839737074297827,0.11889170588960704
train:7410,0.635330018910993,-0.20040736791157282
train:7411,2.9723729966947565,-0.1584309938361575
train:7412,-15.07704651670611,-4.185613699062032
train:7413,-14.861576324653347,-3.3882664539266383
train:7414,-0.37399994092375244,0.21402171451320884
train:7415,-3.045453856257923,-0.7260063844721938
train:7416,-0.038076165145796564,-0.6663648216065452
train:7417,-0.8416380425011042,0.1689670054794796
train:7418,-3.10486367363516,-0.657228252690508
train:7419,0.40428803048946677,0.0009368236298727128
train:7420,0.6673432379252966,0.0049328955789564866
train:7421,-7.02804744684423,-0.1902071913265343
train:7422,-2.006491514705517,-0.08170415837295097
train:7423,-2.3271086127377147,-2.050000061835273
train:7424,2.165030650978259,0.3104879556137337
train:7425,3.3442768913568863,2.489884766074636
train:7426,1.2191928239069054,-0.04090373735441674
train:7427,0.0088308857795808,0.27252662737513295
train:7428,-12.657031638084224,-2.8715880891461105
train:7429,-0.8165195348926231,0.2980793183593941
train:7430,9.71739384854101,3.832747546803591
train:7431,-20.56873761683894,-11.13684298327601
train:7432,1.2042525003477818,0.015150120130790798
train:7433,-5.840340191436974,0.312771384538693
train:7434,3.491605669612132,-0.09326410646856365
train:7435,-23.43178256772529,-11.997218915558623
train:7436,2.931769050953765,0.040545170919995106
train:7437,7.803896177094811,0.3452439807731151
train:7438,-3.03047750167156,0.024440834052039798
train:7439,-4.844678311212463,-0.4620363085805799
train:7440,9.102755664660126,1.7397696619160967
train:7441,-4.727827132836428,-8.761964484600057
train:7442,1.4874817123928494,-0.26042134682174256
train:7443,-2.347395243364354,-0.24209078801364048
train:7444,0.11815925058463732,0.2740656521934799
train:7445,0.9636626383953367,0.03543463272314287
train:7446,6.0845095047542195,6.934236925224701
train:7447,4.231205964787862,10.584235433676543
train:7448,0.5334526380806779,2.928082280732931
train:7449,4.375526268497788,0.06666137210378079
train:7450,-10.31620691341895,-16.34299017242144
train:7451,-0.052063409919894416,-1.7022159754305597
train:7452,0.6005712356210937,-0.10540767993791172
train:7453,-22.281951128151448,-5.083449792157695
train:7454,-3.8524795938511995,-7.791398483955131
train:7455,-0.218208985348677,-0.04090573460575683
train:7456,-0.16648865410067792,-0.0029142336058397417
train:7457,-6.127849192143289,0.0007078530298127578
train:7458,-2.033161913525909,0.12918675191329973
train:7459,0.5287010754208425,-0.09685530703884981
train:7460,4.564138700388518,0.04742612976902433
train:7461,1.4236586753244613,0.15637561972752206
train:7462,-0.06363274030802929,0.09956494664523162
train:7463,-7.190718004039511,-0.33334620036787876
train:7464,0.5005969904037073,-0.2030403158210473
train:7465,1.1437705855665103,0.29649621135075527
train:7466,-3.10599667509814,-7.861245216534169
train:7467,-0.5734035492433787,-0.05371760263957895
train:7468,-12.34234361992785,-5.00285670608251
train:7469,0.287971273607767,-0.02590880227547468
train:7470,6.76636949763419,12.262071502732464
train:7471,1.1160773704890175,-0.2559997176764103
train:7472,-2.8864301039356874,-0.3788338136295718
train:7473,1.37410067062727,0.7414331653345536
train:7474,5.7067081445369405,8.145022616120192
train:7475,0.18321013207802728,0.0881978759647473
train:7476,-1.1093474125941043,-0.09498837634870363
train:7477,-0.980254983286491,-0.06301002849054804
train:7478,0.9657933506254704,0.4219636831958213
train:7479,-9.207103087369914,-5.468135236982663
train:7480,0.6191516227642964,-0.02895739245490224
train:7481,-6.442787335366173,-0.16287066957395552
train:7482,-0.6175801456787766,-0.38140869858937376
train:7483,-0.32278846076366113,0.14734568976696438
train:7484,-3.8427065845145982,-3.501944293771982
train:7485,0.8460843306437987,-0.9445331432836215
train:7486,-0.4589858599554033,0.18791863812394372
train:7487,5.21953611211488,1.0193807907385504
train:7488,0.832780745554277,-0.18885726341185055
train:7489,3.7504209549749175,4.339190569109413
train:7490,-0.035141379862637157,-0.6630913266601428
train:7491,-3.8994347636323083,-5.504819608310898
train:7492,1.5284431789073465,0.1153606368507385
train:7493,-4.198367227181002,0.09159983697056025
train:7494,0.851459230074865,-0.2630604291460473
train:7495,0.13054590414549205,0.07377030292719992
train:7496,3.2696684893156074,0.20229884777256907
train:7497,1.6145933650352906,-0.03769258518198709
train:7498,-3.0980414892002957,-0.3621109708198346
train:7499,-1.296228030594969,0.2700390508310547
train:7500,-8.025892574861171,-13.076689895989325
train:7501,-12.48739198284624,-0.8256513224108719
train:7502,6.919237755754599,8.558301281773083
train:7503,-24.9171237749512,-10.547557969886064
train:7504,15.954186135646856,3.116599125542669
train:7505,-0.10851717208498923,-0.028888130631644235
train:7506,-0.10909564441585196,0.05870532139054481
train:7507,-0.08298361028854129,0.2735889510968441
train:7508,10.854839913074319,1.3369563079636402
train:7509,-2.0125335692861013,0.07723567666306061
train:7510,0.29057468966944966,-0.25557744167879193
train:7511,-0.20652121748713465,-0.11039360391722355
train:7512,1.5767080184140254,-0.11356737895743155
train:7513,-3.3033727826463033,-0.15587508276408632
train:7514,3.8163535505735764,1.3563918460756454
train:7515,0.38867299688801654,-0.08437804993489725
train:7516,0.006659028440922726,-0.24592872045483233
train:7517,-0.9853049060976874,0.22431576191123145
train:7518,-0.05180131325401227,-0.10510752159365866
train:7519,-6.308401367011581,-6.1014910277997245
train:7520,-3.2843284088555613,-9.68071893226693
train:7521,0.6281396206235723,-0.16176305104506739
train:7522,-2.724168673243246,-0.03615484431093022
train:7523,-0.5874809878146936,-0.44560592043135544
train:7524,22.136969075212956,9.367158401059777
train:7525,-7.921145032138487,-15.56819360684535
train:7526,0.697692753314129,-0.027756687747485034
train:7527,-1.4507225665641688,0.20652360500009276
train:7528,22.153122133411465,8.095017719640058
train:7529,-2.32255289614529,-8.58516094825669
train:7530,-11.771412234378818,-7.417200891238579
train:7531,-12.330350634396858,-7.0498538706185245
train:7532,5.142090324793107,1.6253362904209605
train:7533,-8.009804604969933,-6.079243359800877
train:7534,0.15160813169072643,0.22466956072004685
train:7535,19.56185619903018,7.250214070734481
train:7536,3.6895791948377386,-0.16123142553657926
train:7537,8.268603445179087,0.3528493712153558
train:7538,0.8812931530868225,-0.2102462559952707
train:7539,-1.424513132434193,-0.08433967417700558
train:7540,-23.451684712422555,-10.437431813566635
train:7541,-0.7077325653291093,0.02254073472356717
train:7542,-6.2525081778928495,0.03259532595199441
train:7543,-2.261945453914284,0.08196131599451612
train:7544,-5.2550289391460625,-3.521885421794649
train:7545,-1.5324409363417422,-0.14634519799486193
train:7546,-6.558470643543191,-0.6313441606446024
train:7547,1.1099910326136653,0.28142527372528237
train:7548,-0.2533615528975602,0.05462714814530247
train:7549,12.496446988060136,3.8755771751836536
train:7550,8.088810943839933,0.21554989710999528
train:7551,-3.089948223107743,-0.23902336660729206
train:7552,5.066591607691669,0.18305632973650227
train:7553,0.03579464689916842,0.04208868955385723
train:7554,6.920982587305917,0.677697165891322
train:7555,2.204301681169656,0.026750869218065257
train:7556,-6.335539471811357,-13.849337419123485
train:7557,3.7275266078091507,0.2617126526550427
train:7558,1.5446227373452444,1.3569609200467603
train:7559,37.0159515538996,10.31212648724367
train:7560,-2.3515041752190173,-6.344088017788234
train:7561,0.961280406349252,-0.4432520170662531
train:7562,-6.4978185693300565,-1.6191668408503082
train:7563,7.035194899738632,0.3371291485783422
train:7564,1.4787524405549721,1.7836421408173047
train:7565,1.832747055013502,6.108629714913558
train:7566,1.0372868122473962,-0.37892739912093587
train:7567,16.802699625210554,10.640871775249005
train:7568,-5.12056858415459,-4.698985186266616
train:7569,-11.1711780928968,-2.2926361408857243
train:7570,14.593086419171014,6.96088710582034
train:7571,4.965908829758,0.2737435240844859
train:7572,15.617187705424222,10.815146220752585
train:7573,4.341880727720448,7.5293716024681405
train:7574,2.746273419148311,0.013985294617090138
train:7575,1.481756265935486,-0.018478741968731574
train:7576,2.761436670159835,0.15348317180464627
train:7577,-8.837145798011639,-4.429393917808733
train:7578,19.94522260951905,8.684395177234887
train:7579,10.017755000434281,2.183075289537474
train:7580,-9.374384686218798,-1.8705224912691485
train:7581,-0.16425937957667802,-0.022262106650096092
train:7582,-0.8669897057245562,0.2093367335126051
train:7583,-11.039106478782141,-1.6688672991618896
train:7584,-1.4569231576646042,-0.7339241307579432
train:7585,3.8340882546387487,-0.011944448888017434
train:7586,0.5058141669187639,0.06405431713132241
train:7587,29.899435933894054,9.23038377607443
train:7588,7.20988261812189,0.3757421513970513
train:7589,7.593942683999667,2.971892274199356
train:7590,-0.3645046029551303,0.21327459985120634
train:7591,1.4027762542280606,0.25602440950807037
train:7592,7.248048076922657,0.1965509010766091
train:7593,-1.3432241130263622,-5.970332102939461
train:7594,1.714584347245975,-0.1177809373113698
train:7595,-1.3943702724209435,0.024233619225505793
train:7596,-3.0295755636993893,0.06639894754377437
train:7597,2.4390742756598383,1.0125576095175735
train:7598,9.98709096904639,8.30273471222529
train:7599,-6.70584916786185,-1.8870403304949068
train:7600,7.632523778134001,12.145264255358825
train:7601,0.7504522891251669,0.41848440003098497
train:7602,7.143201042073145,1.9380375157505685
train:7603,-0.8539329912861802,-0.03195319813462752
train:7604,13.513474105146047,14.23576326601165
train:7605,-8.058272148062109,-11.113212646706582
train:7606,5.012752884500269,9.100620644579267
train:7607,-0.7454442656449076,-0.03404260835797837
train:7608,-10.9567865070788,-4.628876528440408
train:7609,10.43792326968661,2.6258764685346696
train:7610,1.0083413446296752,0.3721825501961815
train:7611,2.5293977845749955,0.2431870051892571
train:7612,-2.8843788924237193,-0.7941014562955699
train:7613,-0.39374633860005026,-0.093295349185955
train:7614,1.7499112584750458,4.114626761470548
train:7615,4.487442358433311,0.07581991078455905
train:7616,-5.125374425813524,-3.1556882473032446
train:7617,-0.18784959048463384,-0.12901832931555846
train:7618,-2.0210610673714418,0.9429021850847545
train:7619,-25.7074687741406,-9.442829749008625
train:7620,-24.392763073253903,-9.40640273778164
train:7621,-2.924429587552915,0.10758505206216037
train:7622,2.0691203569460477,0.07619881789593552
train:7623,9.899064612461386,0.42672299047843826
train:7624,-8.382014879592711,-0.13508498026107227
train:7625,3.873125431840454,-0.03445575406375634
train:7626,0.108955415249289,-0.08502416074341534
train:7627,-12.718080750971707,-8.987774291753515
train:7628,0.06438026916098202,0.6361193861190639
train:7629,-3.704898830863523,-0.3863922686653205
train:7630,1.2073958006724457,-0.011687302777981246
train:7631,0.7642283455879975,5.713214465246404
train:7632,-0.2700699538320275,-0.010071597774255994
train:7633,-4.596525420413476,-1.6380114778872676
train:7634,10.561566877842758,2.4555206301603416
train:7635,-5.859050755194716,-0.3810661699845489
train:7636,0.7791851736821791,-0.0905721683141516
train:7637,5.364160936119535,0.7603037666389343
train:7638,-1.6885361797533052,0.14265407503869537
train:7639,0.09959002143696677,0.4426207544935046
train:7640,-13.695346350979293,-3.888791620511784
train:7641,0.10113714725495232,-0.1793265226777661
train:7642,1.6458466780622159,0.10420620210756844
train:7643,0.2166239119898386,0.017140951734427368
train:7644,-3.010703673922913,-3.3844106175537907
train:7645,2.4327142182065917,-0.3831734128091505
train:7646,-0.7141883955773394,0.06944332922930677
train:7647,-10.191586980653751,-13.40978805062957
train:7648,0.12010725063793443,-0.017928784546157664
train:7649,-0.06484838067541795,0.1208085678632554
train:7650,0.7622705822886098,-0.2883439191818268
train:7651,-1.2784851904913883,0.005082261447032985
train:7652,-2.9368926036456924,-1.2866755652958297
train:7653,2.111713564077981,3.6085255544655004
train:7654,0.3711607553587639,0.10188996119630772
train:7655,-16.582009988908027,-7.9192933294824535
train:7656,-0.007948763605523185,0.21184663647344926
train:7657,-3.6496504809032455,-0.017193225409765672
train:7658,-5.5156313634598915,-1.5082355069192044
train:7659,-1.1798008560491504,-0.27776019900908655
train:7660,13.8433574535511,2.4614302115540387
train:7661,0.06400601139417912,0.056093344620141226
train:7662,4.393652432239542,-0.0008007850360028379
train:7663,2.1991652838930866,0.012624453150440959
train:7664,-1.674370407050695,-0.7546655859247451
train:7665,-3.014999967119218,-0.06764536352926961
train:7666,-30.781650927289565,-13.918435467771609
train:7667,31.820468971656204,20.798648996910483
train:7668,2.7409510552795413,3.2792655462576628
train:7669,11.74566638136133,2.851391823776276
train:7670,-1.9776164819345916,0.0005104104687641831
train:7671,-1.1707842658263239,0.016017640516438517
train:7672,2.7675298655532745,7.06715057804804
train:7673,0.965443617203014,-0.01603902812641049
train:7674,-0.2109999904020362,5.662055157491699
train:7675,8.541876703252477,0.9092158306787996
train:7676,0.1809985243802864,0.026580389550107844
train:7677,3.676155196379767,0.0788359029689002
train:7678,1.2233096593417376,0.6634911450917143
train:7679,0.7927635244116767,0.7422135199652875
train:7680,-1.667860878948967,-8.468676114313663
train:7681,20.343466347383938,7.284624999394457
train:7682,-0.6875124177591816,-3.881086510163349
train:7683,-0.3917241843681133,0.1802008309634181
train:7684,3.5731022742285066,-0.010046774793314908
train:7685,6.704773178049159,2.1579929512438034
train:7686,-2.7117572628798046,-12.736834184100706
train:7687,31.52975855606516,11.442923403255163
train:7688,6.39545029607776,3.7298471605109764
train:7689,-0.986309590612049,0.22676260879405286
train:7690,-0.11470416437836978,-0.0880221776656957
train:7691,2.1009888707057955,0.5512509695592084
train:7692,-1.4983541898244064,0.12734699810745972
train:7693,-3.101890532742359,-4.9457581434856275
train:7694,7.481956391675589,10.070865373080059
train:7695,-1.6395114342592478,0.1398446557072432
train:7696,0.5810474167098356,-0.08083378477110312
train:7697,-0.826663082664183,-0.14830706945406721
train:7698,3.037807201826319,8.989907867009093
train:7699,-5.20307359261717,-3.087885558809976
train:7700,-1.0728819209042877,0.18285960047950373
train:7701,-5.464290171601741,-0.10506401004660679
train:7702,-26.735008582683587,-16.641380663916895
train:7703,17.649014989654447,6.799791665945134
train:7704,1.1358823476418585,-0.022132641965015465
train:7705,2.111670791761775,2.406617645776695
train:7706,5.29029965486242,0.5336583237908634
train:7707,-0.004327180451544399,-0.5760927702156797
train:7708,-2.470460030502278,-1.1605997877568972
train:7709,0.6607904725908823,-1.2237136434076918
train:7710,0.44216744942560554,0.12511635368220272
train:7711,11.977011611557263,20.16345915871998
train:7712,0.1589910054010744,0.35242167410695724
train:7713,-0.899716571536428,0.274114299529692
train:7714,-8.61553777858331,-3.8679637128941184
train:7715,0.45870894534357315,0.054662884678209026
train:7716,1.3708020881981193,-0.24441280668770643
train:7717,-2.0905660812062665,0.08216303837986488
train:7718,0.8703652912126583,1.5248012203582488
train:7719,1.740671508341579,-0.030275792330574577
train:7720,2.3597395326777915,3.2312524800068347
train:7721,-3.795220945029238,-1.0877534689866695
train:7722,-0.9165223724735602,-0.591779895544772
train:7723,-10.430002660685135,-5.618435818686319
train:7724,-1.1230582645205445,-0.049461531364258876
train:7725,-3.524266225444104,-0.08100554838635057
train:7726,0.6421594095513051,-0.22245445481155157
train:7727,10.181929097527501,4.149359247596278
train:7728,-0.03645290925412906,0.15266929188356088
train:7729,-0.46076381680595735,0.04280891265317355
train:7730,2.9817661692667885,0.3236163166545546
train:7731,3.006960458261591,3.851902043119884
train:7732,-0.20788528244092308,0.19927165671464242
train:7733,1.1323961714128252,5.796733809856436
train:7734,-0.15889470830818275,0.005436060255848377
train:7735,0.8751546283365341,0.6921964973163024
train:7736,0.4545844387868129,1.6935618255550875
train:7737,7.60022556531715,0.5611133253461522
train:7738,18.687086086313734,11.076268002242019
train:7739,-0.9296397585126416,0.22863403329971424
train:7740,-0.7517208705899046,0.28564842601869356
train:7741,3.705682971889315,-0.0922623422607001
train:7742,-0.21690710297415544,0.0331954286492855
train:7743,-17.37643881446214,-18.73850940773233
train:7744,-4.786062571183921,-0.08203413282649533
train:7745,0.36081287679402396,-0.0051323238798162
train:7746,-5.524534514061476,-0.487862266346408
train:7747,-2.4101585033154413,0.020120708073026947
train:7748,-1.749425361371495,-2.7158606902298184
train:7749,31.698359587885708,9.207292126723585
train:7750,3.964397835292312,0.36282150449559947
train:7751,-0.405844162797394,-0.0648373708059175
train:7752,-1.4618763778478563,-0.2806296072111463
train:7753,-2.30536818827655,-8.758280411842456
train:7754,-1.9698844559473878,-6.475646963559755
train:7755,0.3095888438889592,-0.1515764272369794
train:7756,0.22020400134793272,0.039812464999803246
train:7757,0.17903611191609378,0.027018786219256907
train:7758,-21.465330909150083,-6.379192277984841
train:7759,5.6646462207131,7.717039615458341
train:7760,-0.007433636145128625,0.050816606579631766
train:7761,-3.417832430646644,-6.811380348682435
train:7762,-8.888640877224836,-3.8184104805384633
train:7763,9.760170813911861,5.4244735509397675
train:7764,0.1695285698898585,0.0029855755223718167
train:7765,2.793629811852092,-0.1770633515878277
train:7766,-9.396820625734792,-0.22579171914002666
train:7767,25.43868690110851,10.91834476813811
train:7768,-4.327934801131687,-7.351592326003206
train:7769,4.623595474330285,8.442502931647809
train:7770,-0.9840473070179335,1.3098506114016515
train:7771,6.097526701291753,3.3826783701798195
train:7772,16.85032938880487,5.220805272142511
train:7773,-12.51335477878331,-5.034678626362494
train:7774,-0.48374045418877265,0.010714510226077903
train:7775,3.3183057269231675,-0.12952463253027047
train:7776,-6.246858977738288,-0.9305197145775221
train:7777,7.44220975192464,0.6959530417653859
train:7778,-9.920665270138732,-4.521980783502759
train:7779,0.012533829317647183,0.00042795252058058786
train:7780,-2.4593271404602133,-0.7266176147126653
train:7781,5.684548830326846,11.797900019717959
train:7782,-3.6515199100713382,-4.6525801926661785
train:7783,7.731173011381961,0.19546667892056196
train:7784,1.6682252003928673,0.008926256972650148
train:7785,-9.501967066797746,-3.8096933344038444
train:7786,0.47066473755612404,-0.062088867640338
train:7787,0.3658497819437664,0.1549069266885082
train:7788,1.685889934527724,0.1953201662686856
train:7789,3.613251531651569,1.9565526063164138
train:7790,1.9699824964770816,0.30925607951933015
train:7791,-4.844568590923065,-0.04639974505990574
train:7792,10.110920543794737,6.50581224669507
train:7793,1.0589779555616277,-0.21250985506763914
train:7794,-4.787928745936649,-4.652960526385654
train:7795,-0.2573256632685477,-0.007975910475264858
train:7796,-3.3896612814271965,-0.2328651274217543
train:7797,1.9388740049338322,5.149646060111417
train:7798,8.343406647225695,4.752757409598518
train:7799,-1.3797777063892336,-6.0291614264833395
train:7800,-1.5912961083577422,-4.3878759129158675
train:7801,-0.8530296585645677,-3.198969825129407
train:7802,13.292939112954713,12.785787325270599
train:7803,1.537191047404444,2.0167530429052616
train:7804,-3.6120745361997533,-0.09135765873404575
train:7805,-21.822875858311953,-11.654210970412107
train:7806,-0.0874842342780264,1.178573991373133
train:7807,-0.1192468633093402,-0.07122714848609538
train:7808,-14.606182824587046,-5.930863563243145
train:7809,-1.0708976573655118,-1.3097194232753218
train:7810,-0.8946717628065172,-5.114363819042799
train:7811,6.956510109996325,11.119715637251028
train:7812,-0.9524264775131724,0.22101523274133295
train:7813,-1.4807882504416559,-0.11468434176937511
train:7814,31.11025697704587,13.897255413455971
train:7815,0.9947339366201462,-0.3674471984181166
train:7816,-2.762341570707701,-1.2937836401543887
train:7817,-9.785917596762312,-0.9899169708060349
train:7818,0.5407411337454842,0.62291712677866
train:7819,-5.101260137802924,-0.05164780827760396
train:7820,4.958966696871166,4.991934534649558
train:7821,0.3356048727630465,-0.16284713054030453
train:7822,3.7823221291174205,8.994306385103204
train:7823,0.743278511601924,0.4609097990058949
train:7824,-2.3146093331594586,0.2873032914147655
train:7825,-2.147706641242181,-0.024170979618384103
train:7826,-3.0850777580580195,-0.4337872569567965
train:7827,-0.9455194458206168,0.06234146011598293
train:7828,-0.008644976035072666,-0.06758437603299197
train:7829,14.460097989756807,3.4909950167851296
train:7830,13.225051078639067,3.628911498893767
train:7831,10.308176237974452,4.305948888448248
train:7832,2.012331738685872,0.13798286080625724
train:7833,0.06119163947946933,-0.02361096460870475
train:7834,-1.5083324597871481,-0.045630232650732266
train:7835,-0.026021113264658807,0.08981315298604255
train:7836,-1.1575257776354104,-1.2458046698371523
train:7837,-1.1989702923731471,0.2787407182677881
train:7838,-14.004162473986947,-7.761092192120653
train:7839,0.0037711997222938387,-1.05741065598483
train:7840,6.4639069232490565,14.434328852956606
train:7841,-7.89288089962294,-0.4129276073089044
train:7842,-2.2658716735921103,-10.87629983403196
train:7843,2.5130838652742327,4.162802461044783
train:7844,1.0186180909728986,-0.25934753890482587
train:7845,9.926590457605899,5.6588658324232
train:7846,0.6665256822943365,0.40419171278929844
train:7847,3.9414969792958185,8.659977923637465
train:7848,-1.215875120520626,-0.03596439212957195
train:7849,3.7196616157085236,0.045775544197252556
train:7850,-1.0229103729976914,0.05338207592597333
train:7851,-0.018793521658797996,0.01010185337750627
train:7852,-0.02938036729451518,-0.053300676422335824
train:7853,0.16493287048011104,-0.4503931892327336
train:7854,-0.23771548612103655,-1.742534916215323
train:7855,33.80747365800138,11.35709637738247
train:7856,-1.2138624970765393,0.1479780338073169
train:7857,-4.92662356023252,-9.448972152844252
train:7858,-0.9324676130052859,-1.8491293615222384
train:7859,-3.1154953837112456,0.14501268621052793
train:7860,0.6579244949468369,4.0898833852614525
train:7861,-0.09688717009614906,-0.1309562337586827
train:7862,-11.512112506043351,-20.71460129647906
train:7863,0.2666214952193431,-0.20112052930079383
train:7864,4.7206821232872835,3.6719987726967007
train:7865,-1.4362748220161352,0.02066524438482062
train:7866,-4.985406205277562,-0.3538256589571043
train:7867,1.731568211195139,3.656234467869395
train:7868,0.1369267666112413,0.1332561515187267
train:7869,1.0535719067263676,-0.43953128048048123
train:7870,-0.829457230711991,0.10367536123353535
train:7871,-6.5993358723462245,-5.145155728274538
train:7872,21.76376759865375,14.635250055196384
train:7873,-0.6884071495259048,-1.2790382188321476
train:7874,0.8090256055248635,-0.3136920345645391
train:7875,3.3355834180880075,1.4571203641967256
train:7876,-1.3815402047668113,-10.001811894423533
train:7877,0.14513812148984118,0.10853888223786184
train:7878,-3.2000237086969636,-10.84134793558044
train:7879,-16.476671072422143,-6.139411983029094
train:7880,0.8146666696410163,0.20321843935386902
train:7881,-0.7118498656804219,-0.06364215853968552
train:7882,3.642823474226764,0.43334687454783627
train:7883,7.8764394201297065,0.37815568698073626
train:7884,-2.9952047532124677,0.3337371024988247
train:7885,-6.475536052252629,0.23222323661866032
train:7886,-0.1505128453103593,0.06868137784306362
train:7887,2.2384381737504055,7.403432351324383
train:7888,-1.3590642824334949,0.044034796993556856
train:7889,-0.12890899006534184,-0.30100720598202746
train:7890,-8.733417352214211,-6.920082179474762
train:7891,0.257621293302454,0.17436072538419414
train:7892,-2.8282160517462973,-10.376707383822636
train:7893,-4.990679752915879,-0.05728326692487401
train:7894,2.7811984100799894,-0.19609772750209542
train:7895,2.2479619878534582,2.836500317784589
train:7896,0.477573861372842,-0.1806408567203533
train:7897,-0.037108790178995155,0.003200565363051161
train:7898,-10.969808817697619,-1.5569480391214927
train:7899,1.926988647568077,-0.352140264147691
train:7900,-0.7930121953473164,0.15228696091274424
train:7901,1.0958388587181098,0.21266871939110998
train:7902,-1.0890935585793402,0.23626595865261613
train:7903,0.20692226733299438,-0.1242664403950618
train:7904,-2.351286594306143,0.005461239888814459
train:7905,-0.022605255653301487,-0.11311150633905673
train:7906,8.882485674862677,2.9703361300838087
train:7907,0.4985664676751214,-0.1923310541355016
train:7908,1.6352400734760777,-0.009592400113445143
train:7909,8.461689768361673,3.8391056537839474
train:7910,-1.284512600202837,-0.004094323826211069
train:7911,-0.8344051043557176,0.0806595361032095
train:7912,1.0072676200179593,-0.32174737720153934
train:7913,1.0984365795529065,2.476319434972766
train:7914,1.3911933250328712,0.017379979921592764
train:7915,4.677617839531482,4.542933031527873
train:7916,-0.7927955442674032,-0.27251185046976834
train:7917,0.3432431018503094,0.06634851694743718
train:7918,-5.3960171864402415,0.12391543498357051
train:7919,-0.4476002878061862,0.16963316013180357
train:7920,-23.56842338101031,-8.25335073540918
train:7921,-6.674177197544234,-1.2412226899413732
train:7922,-8.146737385804705,-5.268779309150274
train:7923,13.746461420351109,16.15511609740272
train:7924,-9.36946215052326,-0.9492691968542075
train:7925,-4.517687208232603,-0.4799010085136068
train:7926,2.140547684198622,0.23198891623822512
train:7927,0.009417610377972452,-0.055950600968201064
train:7928,-2.238564339193433,-0.04983337676554006
train:7929,0.25600628967831535,0.07610195120594132
train:7930,14.507760297504758,3.0015916869480677
train:7931,-14.86258240391715,-9.399618930944225
train:7932,-6.0956053745546575,-7.388882720452347
train:7933,11.348436161423935,5.529953529998914
train:7934,1.1473618329201365,-0.20595644543838415
train:7935,-1.0334611876061697,0.050894071399465134
train:7936,2.7110257761791656,0.15571181897856318
train:7937,-6.524621934263871,-13.725855928414514
train:7938,-0.533191760553689,0.23446764781208293
train:7939,0.22979383359121658,0.2820742020847981
train:7940,2.6530976476252834,4.306065584990833
train:7941,-3.527789362533337,-3.819209381074498
train:7942,-1.2882454146247753,-0.006815935429104414
train:7943,-0.17689987753588604,-0.011225010423156143
train:7944,27.861773947833544,15.896822423810843
train:7945,0.27170617053745694,-0.02439952223601405
train:7946,-2.2435770686861893,-0.012172492192812343
train:7947,5.819212818736777,0.30718521520128006
train:7948,0.0491728510838106,1.6533816937384602
train:7949,-11.846876547660699,-3.764172267182205
train:7950,0.705253922494749,-0.12079921206867103
train:7951,-3.3091870281514426,-0.23672738353105222
train:7952,-20.758112976674173,-7.762974744169496
train:7953,-7.556145147211789,-5.551664853171015
train:7954,6.169084786304468,13.303009227737249
train:7955,5.245204615919794,1.744969505780013
train:7956,6.003945057681249,7.35413562310512
train:7957,0.6023860371027274,0.02125757206796637
train:7958,-6.605612244832981,-1.2443396859791986
train:7959,0.08106937606150853,0.17960786130662731
train:7960,-0.37612019253307494,0.056918423414812104
train:7961,1.072092552101826,-0.03420994948811565
train:7962,-0.13910019177615313,-0.019600341257000345
train:7963,-8.392969241706265,-6.3928671725887956
train:7964,-7.4397858504721235,-6.554443094072102
train:7965,5.903464053500117,0.2196418371234032
train:7966,-0.9545079085963731,-0.37994114683683994
train:7967,-6.840226767719793,-0.2795610064137949
train:7968,-6.525966472725479,-0.07938192570766997
train:7969,2.0374332768428154,3.4289181625622702
train:7970,-0.5215339798051389,-0.24763836760194669
train:7971,17.594952641635928,11.184398048507841
train:7972,8.722400053298978,9.756396437653663
train:7973,-0.06035170847601712,-0.13538627989180535
train:7974,1.7416243546683647,-0.08282247646258958
train:7975,6.4927243063764,2.9920662246639536
train:7976,-1.3718834245503353,0.006799612277887668
train:7977,0.14390818494067711,0.11345854027092578
train:7978,8.791788838013678,1.8079966236583236
train:7979,0.022400170637708702,0.18078146046014337
train:7980,-0.0855483220532223,-3.4746333083043943
train:7981,9.737258799919836,1.9485888519194374
train:7982,0.8375087137027267,0.025934706724019763
train:7983,12.401862519601192,5.007689423863403
train:7984,6.796973089879616,3.714663485180396
train:7985,0.42892290872910727,0.15616833357058305
train:7986,1.566682094512032,4.030056292012391
train:7987,4.558647106920846,1.363467536930333
train:7988,-24.122138909286406,-17.232378748313394
train:7989,11.781941954668861,3.389489853214376
train:7990,1.1404499196045355,0.03162487579192721
train:7991,-0.40479461384266413,0.08958739225420774
train:7992,-4.230580825198402,0.07299394279914616
train:7993,-0.29859978611618104,0.059341017959932456
train:7994,1.7496546245778095,4.789401835899951
train:7995,-5.803322146510083,-0.21162307547264053
train:7996,2.3788861880942433,7.748974523099849
train:7997,-8.884368294769036,-0.6550489661568533
train:7998,-1.880184400032582,-0.21192637235471373
train:7999,0.8087772238951562,0.2103066843598373
train:8000,1.3482706083453833,0.025657302778962707
train:8001,0.1578494029832054,-0.014866570259374504
