update,split,predictor,scope,count,standardized_mse,displacement_standardized_mse,velocity_standardized_mse,displacement_loss_contribution,velocity_loss_contribution,displacement_mae_m,displacement_p95_m,displacement_max_m,velocity_mae_m_s,velocity_p95_m_s,velocity_max_m_s,pass_rate_coarse,pass_rate_intermediate,pass_rate_fine
0,train,model,overall,8000,0.9525812391202276,0.9502974487803686,0.9548650294600868,0.4751487243901843,0.4774325147300434,4.428898480850214,16.830994227372564,55.599149342179686,2.7433731991952444,11.091294490919438,23.925994077674726,0.0045,0.0,0.0
0,train,model,always_resting,561,0.005617743565684512,0.0015150369096906759,0.009720450221678346,0.0007575184548453379,0.004860225110839173,0.23108783586853973,0.6472536737718293,0.9372558472193887,0.42814382786090527,0.6481660813868888,1.1119631511055323,0.0213903743315508,0.0,0.0
0,train,model,moved_then_stopped,3321,0.05304661383744051,0.09671514389552119,0.009378083779359841,0.048357571947760594,0.004689041889679921,1.630692160499091,5.515406798871622,12.28899013955932,0.4195901140023391,0.6789001888369017,1.6526076760022423,0.003914483589280337,0.0,0.0
0,train,model,moving_at_observation,4118,1.8070253895743889,1.7679307094850867,1.8461200696636908,0.8839653547425433,0.9230600348318454,7.257411099043704,22.630017342763228,55.599149342179686,4.932816449133128,13.264155839508431,23.925994077674726,0.0026711996114618746,0.0,0.0
0,train,model,breakaway,810,0.005779044910042979,0.0023085050063799168,0.009249584813706042,0.0011542525031899584,0.004624792406853021,0.27690183727462897,0.8353392470611408,1.3569673065153882,0.4141820364159871,0.6313833361149982,1.4820092609408506,0.016049382716049384,0.0,0.0
0,validation,model,overall,1000,0.9164885109147415,0.8740036197498098,0.9589734020796731,0.4370018098749049,0.47948670103983654,4.412488647146305,16.39396112279131,38.13426636233994,2.767950709713675,10.898077277592018,23.746469481037362,0.004,0.0,0.0
0,validation,model,always_resting,64,0.006294757252801502,0.0017979620199245466,0.010791552485678457,0.0008989810099622733,0.0053957762428392285,0.2598816852117096,0.691439487176453,0.7854367893663492,0.454393602742501,0.6868222676327866,1.1598161519275332,0.03125,0.0,0.0
0,validation,model,moved_then_stopped,417,0.06474682733564295,0.11994924755083479,0.009544407120451124,0.059974623775417395,0.004772203560225562,1.804110118574052,5.712514071140069,10.775796809909812,0.41239343439411547,0.6787197443113653,1.8094047456719609,0.002398081534772182,0.0,0.0
0,validation,model,moving_at_observation,519,1.7130755673441216,1.587417560600841,1.838733574087402,0.7937087803004205,0.919366787043701,7.020312716468932,21.170493350443298,38.13426636233994,4.945860225425449,13.517305771841535,23.746469481037362,0.0019267822736030828,0.0,0.0
0,validation,model,breakaway,102,0.00596575349124574,0.0022622807289326284,0.00966922625355885,0.0011311403644663142,0.004834613126779425,0.2883780262775518,0.7205890373302243,1.17263936208174,0.4254643218085075,0.6183162807588783,1.1674452323405256,0.0196078431372549,0.0,0.0
10,train,model,overall,8000,0.8689774324406275,0.8799820080840205,0.8579728567972347,0.43999100404201025,0.42898642839861734,4.194347669876237,16.179846530889524,54.91907765054196,2.569271620427584,10.542002059719604,23.001747616805048,0.00775,0.0,0.0
10,train,model,always_resting,561,0.005114767899695663,0.001362208341836725,0.0088673274575546,0.0006811041709183624,0.0044336637287773,0.2175162703264358,0.6307848791685,0.9748026752614213,0.39150722664729276,0.7633010587456355,1.41867647425675,0.035650623885918005,0.0,0.0
10,train,model,moved_then_stopped,3321,0.04727959836582424,0.08684109910417168,0.007718097627476803,0.04342054955208584,0.0038590488137384017,1.5332299269661078,5.25881688091892,11.450491009100162,0.36496451518771333,0.6339099268240929,1.8581536563808008,0.010237880156579343,0.0,0.0
10,train,model,moving_at_observation,4118,1.6493284430695458,1.6393133986564934,1.6593434874825979,0.8196566993282467,0.8296717437412989,6.882199646406585,21.871434002856315,54.91907765054196,4.643635321596198,12.653730565606045,23.001747616805048,0.001942690626517727,0.0,0.0
10,train,model,breakaway,810,0.004884520616313412,0.0013299441944994437,0.008439097038127381,0.0006649720972497218,0.0042195485190636905,0.21501122027119826,0.6089264632631763,0.9748026752614213,0.38146608627080375,0.7178209280434271,1.41867647425675,0.020987654320987655,0.0,0.0
10,validation,model,overall,1000,0.8322582294070235,0.806052781075862,0.8584636777381853,0.403026390537931,0.42923183886909266,4.165718426507273,15.668369455289291,37.02522925180586,2.5888133525103787,10.401964868834385,22.800628168035423,0.003,0.0,0.0
10,validation,model,always_resting,64,0.006079366119816356,0.001663056249322612,0.010495675990310097,0.000831528124661306,0.005247837995155049,0.24067983400974846,0.6188930912366437,0.7844795831806907,0.4317169336262885,0.8681992099572523,1.3115570371690117,0.015625,0.0,0.0
10,validation,model,moved_then_stopped,417,0.05811176022619066,0.10829747292952105,0.007926047522860283,0.054148736464760525,0.003963023761430142,1.6967834099767762,5.450914113128451,10.114622416731534,0.35178631804820737,0.6249797167697295,2.0478120729922082,0.002398081534772182,0.0,0.0
10,validation,model,moving_at_observation,519,1.5561397802717414,1.4658695554225338,1.6464100051209496,0.7329347777112669,0.8232050025604748,6.633441686262685,20.679725776001618,37.02522925180586,4.652193784455094,12.84684027132403,22.800628168035423,0.0019267822736030828,0.0,0.0
10,validation,model,breakaway,102,0.004957394101873474,0.0014751112725259108,0.008439676931221038,0.0007375556362629554,0.004219838465610519,0.22395553807089746,0.6208349951992769,0.7932364676572589,0.38400317018072716,0.7460746840604495,1.1148149406975563,0.00980392156862745,0.0,0.0
20,train,model,overall,8000,0.7815072866190312,0.8051277558269551,0.7578868174111071,0.40256387791347753,0.37894340870555354,3.9601741135370854,15.477973915534875,54.050988503879424,2.4050878970778022,9.884539944676037,22.02714995033894,0.004375,0.000125,0.0
20,train,model,always_resting,561,0.006259917616682068,0.0025668635651818743,0.009952971668182261,0.0012834317825909372,0.0049764858340911305,0.31756812624601255,0.8152467097981329,1.231465048632129,0.39242119461065117,0.9414700730319783,1.6959637227712279,0.008912655971479501,0.0,0.0
20,train,model,moved_then_stopped,3321,0.043018070196897185,0.07751874567802268,0.00851739471577166,0.03875937283901134,0.00425869735788583,1.4536953854017152,4.984426917779148,10.697185034193836,0.35956301193766715,0.7671917871980587,2.0602829103597102,0.007828967178560674,0.00030111412225233364,0.0
20,train,model,moving_at_observation,4118,1.4826817552320046,1.5012487328214816,1.4641147776425276,0.7506243664107408,0.7320573888212638,6.477784073470999,21.090454776674942,54.050988503879424,4.328908723603897,11.920218484330674,22.02714995033894,0.0009713453132588635,0.0,0.0
20,train,model,breakaway,810,0.0061061743954336474,0.002130421502517404,0.010081927288349892,0.001065210751258702,0.005040963644174946,0.2848390040985046,0.6917187589037842,1.231465048632129,0.3981274363228779,0.9151805325850556,1.6959637227712279,0.0024691358024691358,0.0,0.0
20,validation,model,overall,1000,0.7437413579482514,0.7330072844395326,0.7544754314569702,0.3665036422197663,0.3772377157284851,3.9234741051932995,14.887576008609903,35.89026665488227,2.422717595577069,9.802112107932636,21.811064669295618,0.005,0.0,0.0
20,validation,model,always_resting,64,0.007680859270544112,0.0031051800816913775,0.01225653845939685,0.0015525900408456888,0.006128269229698425,0.35995130121716995,0.8502642888469024,1.0348497769043048,0.43206661907196986,1.0574307212277572,1.4535978432949284,0.0,0.0,0.0
20,validation,model,moved_then_stopped,417,0.05272727437076398,0.09669657954979134,0.008757969191736612,0.04834828977489567,0.004378984595868306,1.6096770761317605,5.177498703760322,9.54236171873563,0.34910309834804554,0.7177843684563111,2.3218903092464065,0.011990407673860911,0.0,0.0
20,validation,model,moving_at_observation,519,1.3897158180006317,1.3342699022004645,1.4451617338007987,0.6671349511002322,0.7225808669003994,6.221968942521112,20.061789555968453,35.89026665488227,4.3342761848657565,12.087201231495756,21.811064669295618,0.0,0.0,0.0
20,validation,model,breakaway,102,0.006007241392012375,0.0024070291399652436,0.009607453644059502,0.0012035145699826218,0.004803726822029751,0.3122258862309488,0.758115360919988,1.0348497769043048,0.3840574626683521,0.9136965569821427,1.366595720330215,0.0196078431372549,0.0,0.0
50,train,model,overall,8000,0.46397220466117745,0.5072362843581096,0.42070812496424537,0.2536181421790548,0.21035406248212268,3.003300840095532,12.234055532202522,49.47288223112883,1.9218288323312822,7.240736952450405,18.66347354216008,0.003125,0.0,0.0
50,train,model,always_resting,561,0.026540117530974495,0.020390776912638554,0.032689458149310444,0.010195388456319277,0.016344729074655222,0.926084619196178,2.187380056647451,2.929526931845123,0.6837610343220794,1.8822019891235464,2.909666827231346,0.0053475935828877,0.0,0.0
50,train,model,moved_then_stopped,3321,0.038864922541737526,0.04136385330300352,0.036365991780471514,0.02068192665150176,0.018182995890235757,1.1463756452660046,3.3937821838341655,8.114043767953639,0.7346171998372214,1.737591576487798,3.300660447753169,0.005420054200542005,0.0,0.0
50,train,model,moving_at_observation,4118,0.8663958775117613,0.9492670452155444,0.7835247098079781,0.4746335226077722,0.39176235490398903,4.78381732187149,17.02677459674476,49.47288223112883,3.047930305424031,8.796925448905105,18.66347354216008,0.0009713453132588635,0.0,0.0
50,train,model,breakaway,810,0.030627680554807024,0.02099420741576774,0.04026115369384631,0.01049710370788387,0.020130576846923154,0.9535473991456274,2.101066382639138,2.929526931845123,0.8030091562568686,2.0287182929557965,2.909666827231346,0.0,0.0,0.0
50,validation,model,overall,1000,0.4289130971779543,0.4475012149676139,0.41032497938829465,0.22375060748380696,0.20516248969414733,2.967130025913132,11.813126034205668,29.665530814407,1.9303905543716606,7.126674603329593,18.391519149380507,0.004,0.0,0.0
50,validation,model,always_resting,64,0.030344493467971214,0.022541165338448264,0.03814782159749415,0.011270582669224132,0.019073910798747075,0.9937899727381285,2.1259635318883414,2.6445645111607488,0.7119986122450461,1.9964011686329757,2.5195696872396027,0.0,0.0,0.0
50,validation,model,moved_then_stopped,417,0.04394444165826692,0.050860711826087965,0.037028171490445884,0.025430355913043982,0.018514085745222942,1.261949698125794,3.7282899166755104,7.628671308312056,0.7509219969524658,1.5914667217935725,3.4964886590757245,0.004796163069544364,0.0,0.0
50,validation,model,moving_at_observation,519,0.787372287908491,0.8185928006829953,0.7561517751339866,0.40929640034149767,0.3780758875669933,4.58052879294689,16.619942681606855,29.665530814407,3.0283009064716753,9.019040905217695,18.391519149380507,0.0038535645472061657,0.0,0.0
50,validation,model,breakaway,102,0.031152857134130643,0.022947417953830908,0.039358296314430385,0.011473708976915454,0.019679148157215193,1.0322036306311235,2.128456344319313,2.6445645111607488,0.7606183716049414,2.0160352855298433,2.5195696872396027,0.0,0.0,0.0
100,train,model,overall,8000,0.18547976525727736,0.20041544060749367,0.17054408990706105,0.10020772030374683,0.08527204495353052,2.2425089123812993,6.674052737334653,36.58252606747135,1.5551748304192303,3.5884900381662255,11.609655442862541,0.003,0.000125,0.0
100,train,model,always_resting,561,0.08141445020832637,0.0720659759115178,0.09076292450513493,0.0360329879557589,0.045381462252567464,1.802959901778312,3.5247828070353684,3.9123575821243004,1.2270034642428458,2.426214165101263,3.4024101319522737,0.0017825311942959,0.0,0.0
100,train,model,moved_then_stopped,3321,0.07914377574133905,0.03518682200295556,0.12310072947972253,0.01759341100147778,0.061550364739861266,1.2164889010939912,2.67947153332227,3.4163538491320784,1.4030780272574959,3.1177886911953765,4.421453417123788,0.006022282445046673,0.00030111412225233364,0.0
100,train,model,moving_at_observation,4118,0.28541236917298707,0.35115081993729297,0.21967391840868125,0.17557540996864648,0.10983695920434063,3.129832723074216,9.187084743155738,36.58252606747135,1.722541906603075,4.1450373612359845,11.609655442862541,0.0007285089849441476,0.0,0.0
100,train,model,breakaway,810,0.09381154118278182,0.07777119057499415,0.10985189179056949,0.03888559528749708,0.054925945895284746,1.9242289324714168,3.416113634870002,3.9123575821243004,1.3974067555131822,2.5457177703598726,3.4024101319522737,0.0,0.0,0.0
100,validation,model,overall,1000,0.16565154611598398,0.16726603061481587,0.16403706161715212,0.08363301530740794,0.08201853080857606,2.166766870120563,6.602339966909204,17.956200126499024,1.5547404704026055,3.3972193309582823,11.407033062459503,0.005,0.0,0.0
100,validation,model,always_resting,64,0.08171215528518883,0.07449972224229998,0.08892458832807767,0.03724986112114999,0.04446229416403884,1.834009847270474,3.567456421472604,3.8458308232635616,1.1938924057901377,2.4023348274392893,2.973893579860999,0.0,0.0,0.0
100,validation,model,moved_then_stopped,417,0.08312167353222075,0.03529759940983833,0.13094574765460315,0.017648799704919164,0.06547287382730158,1.2396236869036423,2.5874256615183118,3.2579818753668564,1.4626150737705785,3.0964474329189846,4.034143524219068,0.011990407673860911,0.0,0.0
100,validation,model,moving_at_observation,519,0.24231258249478968,0.2847378601876803,0.1998873048018991,0.14236893009384016,0.09994365240094955,2.952730563499873,8.035160562333719,17.956200126499024,1.6732579396333436,3.8568155495883274,11.407033062459503,0.0,0.0,0.0
100,validation,model,breakaway,102,0.09135089630664162,0.07972825090753581,0.1029735417057474,0.039864125453767905,0.0514867708528737,1.9931109099322952,3.282681375036067,3.8458308232635616,1.349881526270464,2.4099660233822697,3.1034878009571147,0.0,0.0,0.0
200,train,model,overall,8000,0.09574079363330673,0.08563570802251445,0.10584587924409902,0.04281785401125723,0.05292293962204951,1.5585168062321995,4.064516296249,24.827016155388208,1.2415964285768524,2.906903274314731,6.949253187893159,0.003375,0.000125,0.0
200,train,model,always_resting,561,0.08581101639201585,0.07994754891170346,0.09167448387232825,0.03997377445585173,0.045837241936164126,1.6837862945783937,4.381704078690679,4.9225390958745106,1.13866480383347,2.853684668314696,3.2681645978067158,0.0142602495543672,0.0,0.0
200,train,model,moved_then_stopped,3321,0.0711468951463927,0.05553160516038574,0.08676218513239968,0.02776580258019287,0.04338109256619984,1.430794562252353,3.6936305175398325,5.711496289465924,1.155620784309231,2.665086221521635,3.9168809035398895,0.004215597711532671,0.00030111412225233364,0.0
200,train,model,moving_at_observation,4118,0.11692752066278844,0.11068835077780692,0.12316669054776994,0.05534417538890346,0.06158334527388497,1.6444540061581,4.7283873712819675,24.827016155388208,1.3249547957681607,3.15626194204577,6.949253187893159,0.0012141816415735794,0.0,0.0
200,train,model,breakaway,810,0.09873479307451041,0.08887963327639815,0.1085899528726227,0.04443981663819908,0.05429497643631135,1.8255854107732097,4.280441431105059,4.9225390958745106,1.3033238654570904,2.8662261798474753,3.379353862482311,0.006172839506172839,0.0,0.0
200,validation,model,overall,1000,0.08381630542254416,0.06910967655557086,0.09852293428951749,0.03455483827778543,0.04926146714475874,1.4698451554188114,3.866932417249575,12.029556413033944,1.2087327828838408,2.793600220819599,6.723340574291747,0.002,0.0,0.0
200,validation,model,always_resting,64,0.08295785852912274,0.08980729508038662,0.07610842197785886,0.04490364754019331,0.03805421098892943,1.7849562326190245,4.524850375304045,4.571846550718735,1.0148873158912437,2.492754923245948,2.9699452992832676,0.0,0.0,0.0
200,validation,model,moved_then_stopped,417,0.07223021727733145,0.05316621764218035,0.09129421691248253,0.026583108821090176,0.045647108456241266,1.4041427516151879,3.6692882215684435,5.104248327651749,1.2068620978831284,2.6515483862147105,3.316596741698466,0.004796163069544364,0.0,0.0
200,validation,model,moving_at_observation,519,0.09323121747983255,0.07936743143282642,0.10709500352683869,0.03968371571641321,0.053547501763419346,1.483777320053295,3.97109194101894,12.029556413033944,1.2341396914249263,3.0215318995098728,6.723340574291747,0.0,0.0,0.0
200,validation,model,breakaway,102,0.09194940605805631,0.08452810634656238,0.09937070576955019,0.04226405317328119,0.049685352884775096,1.7839208244166314,4.4549753596840445,4.571846550718735,1.2067324120551568,2.831103690353901,3.262700688783478,0.00980392156862745,0.0,0.0
300,train,model,overall,8000,0.076929459953872,0.06764122066892433,0.08621769923881965,0.03382061033446217,0.04310884961940983,1.432345074181978,3.9595523635414853,20.97264653012394,1.112324339156979,2.7068055750217823,6.851717975491422,0.007,0.0,0.0
300,train,model,always_resting,561,0.0799105843875822,0.07635571836116528,0.08346545041399911,0.03817785918058264,0.041732725206999555,1.6059854997857668,4.158197340355985,5.264229636295167,1.0442864871584738,2.7659982014443827,3.6844368578967774,0.0285204991087344,0.0,0.0
300,train,model,moved_then_stopped,3321,0.06880429569119,0.0657538951979848,0.07185469618439519,0.0328769475989924,0.035927348092197595,1.555492269960896,3.987656752417802,5.402310092939793,1.050969788456594,2.422897526771363,3.8341645137874485,0.005420054200542005,0.0,0.0
300,train,model,moving_at_observation,4118,0.08307595332663922,0.06797608581793914,0.09817582083533932,0.03398804290896957,0.04908791041766966,1.3093766147488768,3.7967035964276397,20.97264653012394,1.1710731730198107,2.885463009108245,6.851717975491422,0.005342399222923749,0.0,0.0
300,train,model,breakaway,810,0.09498472036527224,0.08961772141709468,0.1003517193134498,0.04480886070854734,0.0501758596567249,1.7964794114850002,4.402236937232486,5.264229636295167,1.2090221773565122,2.846432604286929,3.8341645137874485,0.016049382716049384,0.0,0.0
300,validation,model,overall,1000,0.06743087403649155,0.055973276537481936,0.07888847153550116,0.027986638268740968,0.03944423576775058,1.3597821039264817,3.9505039380739837,8.549758838113398,1.0804802894646035,2.4694099859409926,5.727755291431173,0.005,0.0,0.0
300,validation,model,always_resting,64,0.08043279145211693,0.0870709628117578,0.07379462009247606,0.0435354814058789,0.03689731004623803,1.7572255899487712,4.286889275001818,4.328461086587613,0.9668773088485344,2.6152625355569215,3.3235090030837626,0.03125,0.0,0.0
300,validation,model,moved_then_stopped,417,0.06761370652170891,0.0617422578310691,0.07348515521234872,0.03087112891553455,0.03674257760617436,1.4822317351664558,3.959086115846927,5.019846207693019,1.082873458867496,2.3211936201238834,3.6550213401599785,0.004796163069544364,0.0,0.0
300,validation,model,moving_at_observation,519,0.06568065465125905,0.04750330135255033,0.08385800794996777,0.023751650676275163,0.041929003974983885,1.2123873460604013,3.3716862495342723,8.549758838113398,1.0925662993266885,2.613483727990691,5.727755291431173,0.0019267822736030828,0.0,0.0
300,validation,model,breakaway,102,0.09134467583117317,0.0861195593913261,0.09656979227102028,0.04305977969566305,0.04828489613551014,1.7815484412706681,4.295103189636759,4.717292402744915,1.1579057575783276,2.904164133341053,3.6550213401599785,0.0196078431372549,0.0,0.0
400,train,model,overall,8000,0.06073243798569075,0.054290198297806555,0.06717467767357493,0.027145099148903278,0.03358733883678747,1.2904029693181873,3.6961870550380507,18.265854429336045,0.9694222914538295,2.4321594972939473,6.093739407485341,0.00575,0.000125,0.0
400,train,model,always_resting,561,0.07158452888460407,0.07082382057507246,0.07234523719413567,0.03541191028753623,0.036172618597067836,1.5220001321472676,4.445742777624592,5.219485901134986,0.9443869969036447,2.6104451340379184,3.8869592850680643,0.0142602495543672,0.0,0.0
400,train,model,moved_then_stopped,3321,0.05566731606031711,0.05420643334453897,0.05712819877609523,0.027103216672269486,0.028564099388047614,1.3898115165382934,3.779310365697492,5.3596925939217535,0.9204525380693273,2.2187877725860132,4.0661207192792155,0.004817825956037338,0.0,0.0
400,train,model,moving_at_observation,4118,0.06333886025860855,0.05210535646008327,0.07457236405713383,0.026052678230041634,0.037286182028566914,1.1786832525466755,3.3071387744120653,18.265854429336045,1.0123249993782069,2.5292852052241064,6.093739407485341,0.005342399222923749,0.00024283632831471587,0.0
400,train,model,breakaway,810,0.08397051058602455,0.08128402046233735,0.08665700070971175,0.040642010231168674,0.04332850035485587,1.6737150714778064,4.444857618368887,5.219485901134986,1.0825257310849314,2.74896901156579,4.0661207192792155,0.011111111111111112,0.0,0.0
400,validation,model,overall,1000,0.05440489650216422,0.046376695995347376,0.06243309700898107,0.023188347997673688,0.031216548504490536,1.2474081468208162,3.665520625037247,8.018887446023175,0.9510383662936197,2.3051353005661097,5.3128725476305725,0.006,0.0,0.0
400,validation,model,always_resting,64,0.0754825126034549,0.08246753935790638,0.06849748584900343,0.04123376967895319,0.03424874292450172,1.6585670195036344,4.461373189605502,4.880729156783101,0.9024210900270003,2.586289180734656,3.403089768051143,0.0,0.0,0.0
400,validation,model,moved_then_stopped,417,0.054138443472925735,0.0508016958711285,0.05747519107472298,0.02540084793556425,0.02873759553736149,1.323765456985052,3.8355403704299054,5.140092326016481,0.936333908227321,2.0779211477683814,3.8537809458065415,0.007194244604316547,0.0,0.0
400,validation,model,moving_at_observation,519,0.0520198165073855,0.03837084065160074,0.06566879236317026,0.01918542032580037,0.03283439618158513,1.135355803487123,2.8793573143494657,8.018887446023175,0.9688481248576087,2.3987025096214185,5.3128725476305725,0.005780346820809248,0.0,0.0
400,validation,model,breakaway,102,0.08133088985065923,0.07666683266917988,0.08599494703213861,0.03833341633458994,0.04299747351606931,1.6039797787344927,4.484914421562237,4.880729156783101,1.0618013153571193,2.5882206939734917,3.8537809458065415,0.00980392156862745,0.0,0.0
500,train,model,overall,8000,0.041766408724626045,0.04038541412715547,0.04314740332209662,0.020192707063577734,0.02157370166104831,1.093192196013179,3.0663746849972404,17.39590271102351,0.7659131702144666,1.9982565399811951,5.0704596668998825,0.009375,0.00025,0.0
500,train,model,always_resting,561,0.0463067622967182,0.04676010200274987,0.04585342259068654,0.023380051001374934,0.02292671129534327,1.2106581973505601,3.652009467125305,5.361178205057456,0.697709814878945,2.2719390532308346,3.2805116055911325,0.035650623885918005,0.0017825311942959,0.0
500,train,model,moved_then_stopped,3321,0.035673028510016185,0.034844546896225986,0.03650151012380639,0.017422273448112993,0.018250755061903195,1.1200878289663951,2.9815591061465274,5.3708999173080025,0.7277326302890775,1.7842693375569678,3.3080074794684884,0.006925624811803674,0.0,0.0
500,train,model,moving_at_observation,4118,0.046061935033216525,0.043985467593816066,0.04813840247261699,0.021992733796908033,0.024069201236308495,1.0554994267591957,3.060815397760588,17.39590271102351,0.8059956508933023,2.0761132517294536,5.0704596668998825,0.007770762506070908,0.00024283632831471587,0.0
500,train,model,breakaway,810,0.05358444749670223,0.0547762218565294,0.05239267313687504,0.0273881109282647,0.02619633656843752,1.3277844768849854,4.008444467706352,5.361178205057456,0.7788783777406885,2.3044289372008766,3.3080074794684884,0.025925925925925925,0.0012345679012345679,0.0
500,validation,model,overall,1000,0.03576771959457907,0.03234799909938886,0.03918744008976927,0.01617399954969443,0.019593720044884636,1.0481987710270546,2.9169499948480277,6.752131371269378,0.7450681678752803,1.8474306730829635,4.417365534919071,0.007,0.0,0.0
500,validation,model,always_resting,64,0.045656728091524656,0.05156027916770843,0.03975317701534088,0.025780139583854216,0.01987658850767044,1.3290240616182887,3.411703800977044,4.207875234123718,0.6289237975867901,2.1663016907660886,2.7292028998248385,0.03125,0.0,0.0
500,validation,model,moved_then_stopped,417,0.0336033808865956,0.03147525387413926,0.03573150789905192,0.01573762693706963,0.01786575394952596,1.0420029998816611,2.832903697799412,4.635587857332017,0.7332739566412633,1.6669134737723683,3.076310916650933,0.004796163069544364,0.0,0.0
500,validation,model,moving_at_observation,519,0.036287243096360555,0.030680077778688718,0.04189440841403239,0.015340038889344359,0.020947204207016196,1.0185471678859952,2.7906043527551954,6.752131371269378,0.7688666761277823,1.8878418601202578,4.417365534919071,0.005780346820809248,0.0,0.0
500,validation,model,breakaway,102,0.05065258899004746,0.049951933532359806,0.05135324444773511,0.024975966766179903,0.025676622223867556,1.2643812105785166,3.656856584713864,4.635587857332017,0.7803937282258273,2.230399860656301,3.076310916650933,0.0,0.0,0.0
600,train,model,overall,8000,0.0290467818147211,0.029723886497275757,0.028369677132166444,0.014861943248637878,0.014184838566083222,0.9538824884685767,2.6126378530531107,14.169170334434916,0.61476243074795,1.659263216505381,4.1185380688939635,0.010875,0.00025,0.0
600,train,model,always_resting,561,0.03349967897679286,0.037383167727308333,0.029616190226277404,0.018691583863654167,0.014808095113138702,1.0967314127930532,3.1979955699322087,4.360392480301349,0.55841662430747,1.893893755807605,2.598774338492931,0.0142602495543672,0.0,0.0
600,train,model,moved_then_stopped,3321,0.02299993807214626,0.02351959657515467,0.02248027956913785,0.011759798287577335,0.011240139784568925,0.9260960682392952,2.4583725968173384,4.08598330062123,0.5534275998657808,1.451726358970391,2.5584567414743336,0.012947907256850346,0.00030111412225233364,0.0
600,train,model,moving_at_observation,4118,0.03331669263579171,0.03368396179142725,0.03294942348015618,0.016841980895713624,0.01647471174007809,0.9568306319934464,2.658444126216236,14.169170334434916,0.67190254021196,1.7507231333411422,4.1185380688939635,0.008742107819329771,0.00024283632831471587,0.0
600,train,model,breakaway,810,0.03676316062959828,0.04071521769599096,0.03281110356320561,0.02035760884799548,0.016405551781602804,1.1558015564272344,3.275061504259326,4.360392480301349,0.6039934787615794,1.902402193555673,2.598774338492931,0.01728395061728395,0.0,0.0
600,validation,model,overall,1000,0.02506750293667818,0.024375213805630614,0.025759792067725752,0.012187606902815307,0.012879896033862876,0.9251828835330186,2.51497444383384,5.741882736469165,0.5968727194618388,1.5682497078226025,3.0712090014086932,0.009,0.0,0.0
600,validation,model,always_resting,64,0.03305246045739695,0.04140404062705084,0.024700880287743067,0.02070202031352542,0.012350440143871533,1.2072157085645916,3.005975008399742,3.439224924503582,0.4883160289861545,1.8123464258403694,2.1086947135745056,0.03125,0.0,0.0
600,validation,model,moved_then_stopped,417,0.021837598381002247,0.021605977687552468,0.022069219074452022,0.010802988843776234,0.011034609537226011,0.8800329384297704,2.412989383242348,3.4160842600233057,0.561742954644926,1.3618753760171163,2.3421561332726477,0.007194244604316547,0.0,0.0
600,validation,model,moving_at_observation,519,0.02667797098752763,0.02450031312098262,0.028855628854072644,0.01225015656049131,0.014427814427036322,0.9266808147585174,2.344371508265857,5.741882736469165,0.6384849354909266,1.5927644532311847,3.0712090014086932,0.007707129094412331,0.0,0.0
600,validation,model,breakaway,102,0.03436787458677321,0.036981131080925884,0.031754618092620535,0.018490565540462942,0.015877309046310267,1.1137685260103425,3.0797010437504753,3.439224924503582,0.6061502685975831,1.9169800815206155,2.3421561332726477,0.00980392156862745,0.0,0.0
700,train,model,overall,8000,0.02369249427226304,0.025446591613475667,0.021938396931050406,0.012723295806737834,0.010969198465525203,0.8963891355504491,2.372393453397691,12.60091034307878,0.5410385145149045,1.4588533937197607,3.7367492091553607,0.012375,0.00025,0.0
700,train,model,always_resting,561,0.027334298217430667,0.03192528471803638,0.02274331171682496,0.01596264235901819,0.01137165585841248,1.01400281613647,2.817989283924728,4.860675622390005,0.49863475358467885,1.6189801806919442,2.283727056142771,0.030303030303030304,0.0,0.0
700,train,model,moved_then_stopped,3321,0.01843017319388597,0.01957417470723987,0.017286171680532075,0.009787087353619935,0.008643085840266037,0.842958436685931,2.117758699568245,4.568702362993057,0.47630270750113035,1.3061271642604897,2.229694559674541,0.014453477868112014,0.00030111412225233364,0.0
700,train,model,moving_at_observation,4118,0.027440215566107432,0.029299857692628307,0.025580573439586553,0.014649928846314154,0.012790286719793277,0.9234561768618396,2.5193917220613917,12.60091034307878,0.5990220319929522,1.5389663631714354,3.7367492091553607,0.00825643516270034,0.00024283632831471587,0.0
700,train,model,breakaway,810,0.02989363356932144,0.0353629612465108,0.024424305892132077,0.0176814806232554,0.012212152946066038,1.0728547356465037,3.1229609905616185,4.860675622390005,0.5176766163416202,1.6572358780004637,2.283727056142771,0.02962962962962963,0.0,0.0
700,validation,model,overall,1000,0.020354712887419846,0.021042412850328155,0.019667012924511545,0.010521206425164078,0.009833506462255772,0.8677223717130366,2.2917499769871843,5.234818631860506,0.5198836011352671,1.3641805022443287,2.6091429678386557,0.011,0.001,0.0
700,validation,model,always_resting,64,0.025875241399487874,0.032311581094733074,0.019438901704242673,0.016155790547366537,0.009719450852121336,1.087758860430976,2.575969052288029,3.2026225918229616,0.4521245330330935,1.5144805837397926,1.9091754391146596,0.015625,0.015625,0.0
700,validation,model,moved_then_stopped,417,0.017330499090206515,0.017967591861006466,0.016693406319406558,0.008983795930503233,0.008346703159703279,0.8100571848452564,2.0442284207572476,3.6716195697680982,0.48403347305968303,1.207600558677531,2.2647634399902663,0.011990407673860911,0.0,0.0
700,validation,model,moving_at_observation,519,0.022103813713365138,0.022123286809683118,0.02208434061704716,0.011061643404841559,0.01104217030852358,0.8869209220905245,2.3281543186602933,5.234818631860506,0.5570436854629311,1.427398980659751,2.6091429678386557,0.009633911368015413,0.0,0.0
700,validation,model,breakaway,102,0.027664718949203998,0.030636186016935973,0.024693251881472023,0.015318093008467986,0.012346625940736012,1.0280895135122352,2.813664668660917,3.6716195697680982,0.5532722736733423,1.661135929701752,2.017920068149988,0.0196078431372549,0.00980392156862745,0.0
800,train,model,overall,8000,0.019330827409824204,0.021072382432996157,0.017589272386652255,0.010536191216498078,0.008794636193326127,0.8214301246614051,2.162334762051031,11.25358610192017,0.4780706361192922,1.3165251586086615,3.7628915172673776,0.0145,0.0,0.0
800,train,model,always_resting,561,0.020949685318102308,0.025806555870667932,0.016092814765536676,0.012903277935333966,0.008046407382768338,0.8894181381300539,2.6532112603233373,4.017682610497196,0.42439186533752105,1.4055832077751904,2.0028871254767084,0.0213903743315508,0.0,0.0
800,train,model,moved_then_stopped,3321,0.014078227897684422,0.015024592133320035,0.013131863662048805,0.007512296066660018,0.006565931831024403,0.7379905617725941,1.9169348785781166,3.721511612962588,0.41225767498192667,1.1660299690100975,2.0725238613434165,0.01746461909063535,0.0,0.0
800,train,model,moving_at_observation,4118,0.023346296980798518,0.025304738014999686,0.021387855946597353,0.012652369007499843,0.010693927973298677,0.87945866103776,2.27360229199189,11.25358610192017,0.5384588426141356,1.4074668732560143,3.7628915172673776,0.011170471102476931,0.0,0.0
800,train,model,breakaway,810,0.022193414339653862,0.027265919744487593,0.017120908934820135,0.013632959872243796,0.008560454467410068,0.9237286642934065,2.7077337357167965,4.017682610497196,0.4412173336241917,1.414317598847187,2.0028871254767084,0.02345679012345679,0.0,0.0
800,validation,model,overall,1000,0.016894568029326373,0.017741870116999167,0.01604726594165358,0.008870935058499584,0.00802363297082679,0.8020980586710654,2.100939527300853,4.7213090808180915,0.4614835152705518,1.2293136762594592,2.47100750327073,0.014,0.0,0.0
800,validation,model,always_resting,64,0.01974129306607278,0.025852721051645388,0.013629865080500174,0.012926360525822694,0.006814932540250087,0.9640569724316909,2.4521116379497134,2.711375393372502,0.36932761016295035,1.3206666431919574,1.5990746350298446,0.03125,0.0,0.0
800,validation,model,moved_then_stopped,417,0.013546460093298471,0.014106830725953493,0.01298608946064345,0.007053415362976746,0.006493044730321725,0.7229136376338541,1.8026607978487845,2.985361234524352,0.4169847563332015,1.1215302247933727,2.1239786196356443,0.016786570743405275,0.0,0.0
800,validation,model,moving_at_observation,519,0.01923362507551494,0.019662326699366583,0.018804923451663298,0.009831163349683291,0.009402461725831649,0.8457484114491716,2.1519572614283327,4.7213090808180915,0.5086009726959113,1.282503660709112,2.47100750327073,0.009633911368015413,0.0,0.0
800,validation,model,breakaway,102,0.02020618709348844,0.023477736070157445,0.01693463811681942,0.011738868035078722,0.00846731905840971,0.8993731046387262,2.516006260533186,2.985361234524352,0.45315720811151383,1.4188500781964453,1.713283458410031,0.029411764705882353,0.0,0.0
900,train,model,overall,8000,0.0162125938271053,0.017912718860748064,0.014512468793462524,0.008956359430374032,0.007256234396731262,0.7526658359473366,2.013785800666121,10.706119051141997,0.43521835295980627,1.191322470525659,3.667261411174299,0.017375,0.0005,0.0
900,train,model,always_resting,561,0.01748836600795375,0.022196739813533387,0.012779992202374118,0.011098369906766693,0.006389996101187059,0.8341353291520157,2.3409359856239487,4.095620684990392,0.38553594980212474,1.2433693071495364,1.7245819920828365,0.026737967914438502,0.0017825311942959,0.0
900,train,model,moved_then_stopped,3321,0.012518486726510073,0.01355297606428591,0.01148399738873424,0.006776488032142955,0.00574199869436712,0.6927326465962372,1.807778717963789,4.019394760014792,0.387996156476551,1.0749713572432626,2.0391960135530076,0.022884673291177358,0.0006022282445046673,0.0
900,train,model,moving_at_observation,4118,0.01901794144430315,0.020845057392204665,0.01719082549640163,0.010422528696102332,0.008595412748200816,0.7899008374400943,2.0986739823843195,10.706119051141997,0.48006943180690437,1.246653125948478,3.667261411174299,0.011656143759106362,0.00024283632831471587,0.0
900,train,model,breakaway,810,0.018574389246651377,0.02337294455902944,0.01377583393427331,0.01168647227951472,0.006887916967136655,0.8505512167561168,2.4600168042309347,4.095620684990392,0.40758098121168423,1.2818927332456422,1.7245819920828365,0.028395061728395062,0.0024691358024691358,0.0
900,validation,model,overall,1000,0.014295703252918216,0.014984043543725524,0.013607362962110908,0.007492021771862762,0.006803681481055454,0.727887561139864,1.9373126351090955,4.5298415968206065,0.42516020542497074,1.1413412462542236,2.2566620558851884,0.018,0.0,0.0
900,validation,model,always_resting,64,0.016366881890158506,0.021456856648362346,0.011276907131954669,0.010728428324181173,0.005638453565977334,0.8897408003439317,2.18795153325215,2.3783947713743543,0.3462476679501591,1.2725955781888214,1.4430955824447016,0.03125,0.0,0.0
900,validation,model,moved_then_stopped,417,0.012164856875436031,0.01284307321444139,0.01148664053643067,0.006421536607220695,0.005743320268215335,0.67795361849643,1.6567791517002934,3.0030222493273646,0.3901530314252909,1.0526607187628783,1.918225495760957,0.03117505995203837,0.0,0.0
900,validation,model,moving_at_observation,519,0.015752365115397394,0.015906056238551586,0.015598673992243198,0.007953028119275793,0.007799336996121599,0.7480491156162639,1.9441508303891295,4.5298415968206065,0.46301838260465183,1.2098192651013322,2.2566620558851884,0.005780346820809248,0.0,0.0
900,validation,model,breakaway,102,0.016756085734520088,0.020212703926686806,0.01329946754235338,0.010106351963343403,0.00664973377117669,0.8353823368052491,2.2167218900774905,3.0030222493273646,0.40561765445153974,1.2849528048580292,1.5436303671857936,0.058823529411764705,0.0,0.0
1000,train,model,overall,8000,0.014526061684595422,0.015780291303491706,0.013271832065699136,0.007890145651745853,0.006635916032849568,0.7107829471571661,1.9014418503832802,9.849147800965035,0.417400528333309,1.1295702371516219,3.5655636555100365,0.01875,0.0005,0.0
1000,train,model,always_resting,561,0.014611974487078148,0.018842859514669998,0.0103810894594863,0.009421429757334999,0.00519054472974315,0.7577277009098394,2.2755640793007728,3.7343492571604955,0.3548730076648184,1.1918756024561772,1.7133827503337953,0.049910873440285206,0.0017825311942959,0.0
1000,train,model,moved_then_stopped,3321,0.01081253587726722,0.01138242761659317,0.010242644137941268,0.005691213808296585,0.005121322068970634,0.6348883296280267,1.7192088320922556,3.4696254428251807,0.3713565320162157,1.02015364416523,1.8229671637387548,0.020475760313158686,0.0006022282445046673,0.0
1000,train,model,moving_at_observation,4118,0.017509165648642078,0.01890977273567214,0.016108558561612023,0.00945488636783607,0.008054279280806011,0.7655935391821835,1.9553971185617782,9.849147800965035,0.46305134204484133,1.216762297480734,3.5655636555100365,0.013113161728994658,0.00024283632831471587,0.0
1000,train,model,breakaway,810,0.0153744556109053,0.019320422834320092,0.011428488387490512,0.009660211417160046,0.005714244193745256,0.7647089856680949,2.3212104813337477,3.7343492571604955,0.3797560575651439,1.2323886940281557,1.7133827503337953,0.037037037037037035,0.0012345679012345679,0.0
1000,validation,model,overall,1000,0.012993684791820524,0.013513585587630259,0.012473783996010792,0.006756792793815129,0.006236891998005396,0.6962826315052748,1.7999837749808296,4.498576893339909,0.4111731564909694,1.124783853133349,2.093054073824154,0.025,0.0,0.0
1000,validation,model,always_resting,64,0.014265869269127786,0.018092233347255585,0.010439505190999992,0.009046116673627792,0.005219752595499996,0.8149107229978244,2.1164967526814022,2.395077136985914,0.3409349784861898,1.2613563244610624,1.3888048699103608,0.046875,0.0,0.0
1000,validation,model,moved_then_stopped,417,0.010704231806026922,0.011001595161618308,0.010406868450435538,0.005500797580809154,0.005203434225217769,0.629834061593859,1.587663433177435,2.5992424931216482,0.3798194130748297,0.97362850393291,1.7012269908767208,0.03597122302158273,0.0,0.0
1000,validation,model,moving_at_observation,519,0.01467630923985187,0.01496727836418317,0.014385340115520565,0.007483639182091585,0.007192670057760283,0.735043432656599,1.8249204499802285,4.498576893339909,0.4450262478143531,1.1328730853463362,2.093054073824154,0.01348747591522158,0.0,0.0
1000,validation,model,breakaway,102,0.013669459655018475,0.01653767326717486,0.010801246042862091,0.00826883663358743,0.0054006230214310455,0.7471228342333288,2.1167209121624757,2.4435254846162433,0.36583252431734853,1.2687322307243267,1.5185856913459643,0.049019607843137254,0.0,0.0
1100,train,model,overall,8000,0.013015757856197642,0.01449808748841177,0.011533428223983516,0.007249043744205885,0.005766714111991758,0.6818098062306478,1.858925884036375,9.044321583241008,0.3873196698699873,1.045113319827562,3.5280957910132473,0.021,0.000125,0.0
1100,train,model,always_resting,561,0.012801164037555691,0.017001632540758153,0.008600695534353229,0.008500816270379076,0.004300347767176614,0.7250912521993133,2.154898958576952,3.430524942403976,0.3165134019227702,1.0337353812602506,1.4930004138781459,0.0427807486631016,0.0,0.0
1100,train,model,moved_then_stopped,3321,0.009972952889307765,0.010534052752443354,0.009411853026172179,0.005267026376221677,0.004705926513086089,0.6075160663758659,1.6448346119964408,3.8648788378874874,0.3512481354361695,0.9733717407047555,2.1510014302670193,0.02710027100271003,0.00030111412225233364,0.0
1100,train,model,moving_at_observation,4118,0.01549889103426938,0.017353859849699962,0.013643922218838794,0.008676929924849981,0.006821961109419397,0.7358284120755506,1.9783999727061752,9.044321583241008,0.4260559210047851,1.1117447924004475,3.5280957910132473,0.013113161728994658,0.0,0.0
1100,train,model,breakaway,810,0.013387291719340916,0.017280957250342302,0.00949362618833953,0.008640478625171151,0.004746813094169765,0.7232754384810339,2.2081158647258796,3.430524942403976,0.3456251045052485,1.0310744155177893,1.4930004138781459,0.037037037037037035,0.0,0.0
1100,validation,model,overall,1000,0.012180967153599375,0.013114779024339858,0.01124715528285889,0.006557389512169929,0.005623577641429445,0.6789191630412867,1.7604807001859535,4.766432014749547,0.38305931934643644,1.0480441790494832,2.4580169469873847,0.021,0.001,0.0
1100,validation,model,always_resting,64,0.011720874202938238,0.015907057122594295,0.007534691283282181,0.007953528561297147,0.0037673456416410906,0.7456289035989545,2.0241049988767226,2.402109231211724,0.2935918154019649,1.0366451125402583,1.1184460862946441,0.046875,0.0,0.0
1100,validation,model,moved_then_stopped,417,0.010135792124480977,0.010386024408061757,0.009885559840900195,0.0051930122040308785,0.004942779920450098,0.6092822077037463,1.5730979424605107,3.046085810359173,0.3569842833749694,1.0131728057285632,1.852201644907656,0.02158273381294964,0.0,0.0
1100,validation,model,moving_at_observation,519,0.01388093620173942,0.014962919441872969,0.012798952961605877,0.007481459720936484,0.0063994764808029386,0.7266439934460337,1.80508944616843,4.766432014749547,0.4150423834168564,1.0578806171691353,2.4580169469873847,0.017341040462427744,0.0019267822736030828,0.0
1100,validation,model,breakaway,102,0.011698055059658725,0.014664284891665252,0.008731825227652196,0.007332142445832626,0.004365912613826098,0.6867218791877104,1.9566533864035969,2.402109231211724,0.3301258992213933,1.0415323723033696,1.1840064321762351,0.0392156862745098,0.0,0.0
1200,train,model,overall,8000,0.011504221181277328,0.012710226327344528,0.010298216035210129,0.006355113163672264,0.0051491080176050644,0.6384084857809647,1.755126436567302,8.605451583644061,0.36478611841363534,0.9848107996600802,3.31865688245124,0.0235,0.000375,0.0
1200,train,model,always_resting,561,0.01091633157028921,0.014640220118755582,0.0071924430218228376,0.007320110059377791,0.0035962215109114188,0.6769503711931991,2.0395199382364217,3.227241373596333,0.29174986415035165,0.9927130513517517,1.2764139732320834,0.0481283422459893,0.0,0.0
1200,train,model,moved_then_stopped,3321,0.00871574590797089,0.009130883471590764,0.00830060834435102,0.004565441735795382,0.00415030417217551,0.563605039203143,1.548114124688904,3.614554787124564,0.33020915415123564,0.9059127336143211,2.0175411012197357,0.030111412225233364,0.0009033423667570009,0.0
1200,train,model,moving_at_observation,4118,0.013833102301824928,0.015333895853079508,0.012332308750570347,0.007666947926539754,0.006166154375285174,0.6934838253556809,1.839776989696147,8.605451583644061,0.4026208529831185,1.0645688905638153,3.31865688245124,0.01481301602719767,0.0,0.0
1200,train,model,breakaway,810,0.011358134406784019,0.01477888903100632,0.007937379782561716,0.00738944451550316,0.003968689891280858,0.6736649701354568,2.059023794796298,3.227241373596333,0.3151441422746478,0.965485800646597,1.2764139732320834,0.04814814814814815,0.0,0.0
1200,validation,model,overall,1000,0.010682952230375612,0.011307522812346938,0.010058381648404285,0.005653761406173469,0.0050291908242021425,0.6292087238632585,1.6720556105755933,4.10606836517848,0.3638587372410974,1.0113632297876725,2.3323370531962193,0.031,0.0,0.0
1200,validation,model,always_resting,64,0.010384815185957571,0.013908058367646223,0.006861572004268917,0.006954029183823112,0.0034307860021344583,0.6943610758850529,1.9295896576869724,2.234718376989921,0.28094803527378914,0.9580818900663279,1.1215670768351498,0.046875,0.0,0.0
1200,validation,model,moved_then_stopped,417,0.00897997599287981,0.009067606092905344,0.00889234589285428,0.004533803046452672,0.00444617294642714,0.5637448810106074,1.4902528020060972,2.855074641887302,0.34399408439512486,0.9715542728197443,1.6549308474743176,0.0407673860911271,0.0,0.0
1200,validation,model,moving_at_observation,519,0.012088003987366947,0.01278654207336426,0.011389465901369635,0.00639327103668213,0.005694732950684817,0.6737726389695412,1.7148423136797797,4.10606836517848,0.39004341000155646,1.0170429527693674,2.3323370531962193,0.02119460500963391,0.0,0.0
1200,validation,model,breakaway,102,0.01004467884962829,0.012882787298675367,0.00720657040058121,0.006441393649337684,0.003603285200290605,0.6524202375880529,1.8544906292838217,2.234718376989921,0.303474111954432,0.9611177834336647,1.1461472490775988,0.049019607843137254,0.0,0.0
1300,train,model,overall,8000,0.010601345877313267,0.011489382013970543,0.009713309740655995,0.005744691006985271,0.004856654870327997,0.6108178896005434,1.637125430311724,9.053214505680018,0.3548433071555073,0.9508018744258016,3.307806386563788,0.024,0.000125,0.0
1300,train,model,always_resting,561,0.009847260397790958,0.01312916519577022,0.0065653555998116935,0.00656458259788511,0.0032826777999058468,0.6561735093086737,1.9185248998882574,3.1248450865923507,0.27839523054511356,0.911106300402597,1.2910631813495046,0.03208556149732621,0.0,0.0
1300,train,model,moved_then_stopped,3321,0.008015526278292044,0.00829554584382733,0.007735506712756759,0.004147772921913665,0.0038677533563783793,0.5386130783159965,1.4819394002211697,3.315637665819728,0.3175881152505421,0.869187204642399,2.1180259546773255,0.02981029810298103,0.00030111412225233364,0.0
1300,train,model,moving_at_observation,4118,0.012789434474292748,0.013841691765319738,0.011737177183265758,0.006920845882659869,0.005868588591632879,0.6628692921308296,1.7319379393410568,9.053214505680018,0.3953027202916948,1.0210846274671506,3.307806386563788,0.018212724623603693,0.0,0.0
1300,train,model,breakaway,810,0.010007500803796242,0.012811881768909638,0.007203119838682845,0.006405940884454819,0.0036015599193414227,0.6356796668627969,1.9630982921837161,3.1248450865923507,0.29992789890375204,0.8593358340644692,1.2910631813495046,0.027160493827160494,0.0012345679012345679,0.0
1300,validation,model,overall,1000,0.009856471425018089,0.010178175353064135,0.009534767496972045,0.005089087676532067,0.004767383748486022,0.6059805006817917,1.6080716182580732,3.3200396505940475,0.3513158862596852,0.9796542311347363,2.432705495432844,0.025,0.0,0.0
1300,validation,model,always_resting,64,0.009066863630823128,0.01237605009804236,0.005757677163603895,0.00618802504902118,0.0028788385818019476,0.6581700411412014,1.8157116841297545,2.177798419824004,0.264186781005626,0.7228816847506279,1.0117100501337977,0.015625,0.0,0.0
1300,validation,model,moved_then_stopped,417,0.008336087618830342,0.008400192210216723,0.00827198302744396,0.004200096105108362,0.00413599151372198,0.5445152883614595,1.5422212945231109,2.690021852645936,0.32918934428754093,0.9661935025052831,1.6401279338456438,0.03357314148681055,0.0,0.0
1300,validation,model,moving_at_observation,519,0.011175421224649628,0.011335699412580056,0.011015143036719199,0.005667849706290028,0.005507571518359599,0.6489301402736534,1.6570635312337665,3.3200396505940475,0.37983810348250596,0.9981078352825189,2.432705495432844,0.019267822736030827,0.0,0.0
1300,validation,model,breakaway,102,0.008937334761317316,0.011447275210416913,0.006427394312217718,0.0057236376052084564,0.003213697156108859,0.6221879047140937,1.777011031571196,2.177798419824004,0.2968366922305467,0.733416448315033,1.0117100501337977,0.00980392156862745,0.0,0.0
1400,train,model,overall,8000,0.009745815685218413,0.010478624668786556,0.009013006701650266,0.005239312334393278,0.004506503350825133,0.5863653129790438,1.5924460777118532,8.624888811860828,0.34253743555788196,0.9175943306801695,3.1807783481180643,0.025625,0.00075,0.0
1400,train,model,always_resting,561,0.008821304429593398,0.012020421717826583,0.005622187141360213,0.006010210858913291,0.0028110935706801067,0.6258799252653648,1.7839025808847588,3.4586462861785816,0.2620001498322579,0.8545655415728381,1.1985060489228356,0.0374331550802139,0.0,0.0
1400,train,model,moved_then_stopped,3321,0.007526078889386883,0.007796475198491036,0.007255682580282729,0.003898237599245518,0.0036278412901413646,0.5245744951173409,1.3885564058230182,3.057062496525892,0.3099158015976628,0.8496403197681841,1.986296386577037,0.031315868714242696,0.0006022282445046673,0.0
1400,train,model,moving_at_observation,4118,0.011661890652037776,0.012431628613988102,0.010892152690087448,0.006215814306994051,0.005446076345043724,0.6308139794739659,1.6776663212235998,8.624888811860828,0.37981714990318616,0.9860616304907803,3.1807783481180643,0.01942690626517727,0.0009713453132588635,0.0
1400,train,model,breakaway,810,0.009106551303346078,0.01202295848803276,0.006190144118659399,0.00601147924401638,0.0030950720593296995,0.615799828911007,1.815578528447234,3.4586462861785816,0.28262432965448087,0.8129209636308466,1.1985060489228356,0.027160493827160494,0.0012345679012345679,0.0
1400,validation,model,overall,1000,0.009415606954869048,0.009750390450922191,0.009080823458815904,0.004875195225461096,0.004540411729407952,0.5896237144646759,1.5246711580072119,3.314527600801231,0.3450844893564109,0.9411644009115894,2.046996601956891,0.03,0.0,0.0
1400,validation,model,always_resting,64,0.008133627065753253,0.010962130137083609,0.005305123994422896,0.005481065068541804,0.002652561997211448,0.6141235340693241,1.7055979533485566,2.1679040672859924,0.25435507615195124,0.6944807564285118,1.0055572320590402,0.078125,0.0,0.0
1400,validation,model,moved_then_stopped,417,0.007994347950947346,0.008223905381625644,0.007764790520269046,0.004111952690812822,0.003882395260134523,0.5339610841491613,1.3841437931603506,2.6912768946850467,0.3236345796214397,0.9061922967944668,1.4418222748965204,0.03597122302158273,0.0,0.0
1400,validation,model,moving_at_observation,519,0.010715629532015023,0.010827448127188721,0.010603810936841323,0.005413724063594361,0.005301905468420662,0.6313256959422715,1.5319620174636626,3.314527600801231,0.3735070226985466,0.9748115280951015,2.046996601956891,0.019267822736030827,0.0,0.0
1400,validation,model,breakaway,102,0.00796018092882378,0.010589726166681244,0.005330635690966315,0.005294863083340622,0.0026653178454831574,0.5916783260929067,1.7236293671115843,2.1679040672859924,0.2669517415409546,0.6946726922822942,1.0055572320590402,0.0392156862745098,0.0,0.0
1500,train,model,overall,8000,0.00909030400128468,0.009718352711738678,0.008462255290830679,0.004859176355869339,0.0042311276454153396,0.563525210438836,1.5373176749299307,7.787034927362043,0.3304591596001451,0.8914211712712057,3.1209572466230227,0.027125,0.00025,0.000125
1500,train,model,always_resting,561,0.008160782044316198,0.011146304843400422,0.005175259245231976,0.005573152421700211,0.002587629622615988,0.597550119056202,1.7975436953391242,3.104871809673569,0.2537405337746199,0.7854332428187829,1.2802642458333409,0.0374331550802139,0.0,0.0
1500,train,model,moved_then_stopped,3321,0.006765153528717479,0.006976987466025919,0.006553319591409038,0.0034884937330129594,0.003276659795704519,0.49220919768503274,1.3667137654025452,2.832950217768574,0.2937687053944641,0.8016020738843901,1.8716267687805306,0.037037037037037035,0.00030111412225233364,0.00030111412225233364
1500,train,model,moving_at_observation,4118,0.011092073437237811,0.011734621005849856,0.010449525868625761,0.005867310502924928,0.0052247629343128805,0.6164034291423423,1.6125421087143361,7.787034927362043,0.3704999919229198,0.9789132060514911,3.1209572466230227,0.017727051966974258,0.00024283632831471587,0.0
1500,train,model,breakaway,810,0.008332826624489196,0.01095308383932596,0.0057125694096524324,0.00547654191966298,0.0028562847048262162,0.5861634595729579,1.801126657103033,3.104871809673569,0.27322369356066994,0.7977274369167618,1.2802642458333409,0.02962962962962963,0.0,0.0
1500,validation,model,overall,1000,0.00863587262362509,0.008840899787296495,0.008430845459953684,0.004420449893648247,0.004215422729976842,0.5565122407965333,1.5417604183758575,3.2652092605497387,0.32998882888621156,0.9143254056551502,2.1794625851584315,0.033,0.0,0.0
1500,validation,model,always_resting,64,0.008079388187813216,0.010842391637350296,0.0053163847382761325,0.005421195818675148,0.0026581923691380662,0.6056384649818904,1.8294491118445113,2.047775460180669,0.2557636772432974,0.7058036521891777,1.0193488945359848,0.09375,0.0,0.0
1500,validation,model,moved_then_stopped,417,0.007006166857172909,0.0071571629045446275,0.006855170809801192,0.0035785814522723137,0.003427585404900596,0.4988015951756662,1.423855128807539,2.3395629280216124,0.30239053642964087,0.8127026449625594,1.3683200017218842,0.0407673860911271,0.0,0.0
1500,validation,model,moving_at_observation,519,0.01001391175368775,0.009946916746263905,0.010080906761111591,0.0049734583731319525,0.0050404533805557955,0.5968229553939105,1.5798664830513083,3.2652092605497387,0.36131618468493315,0.9330298666065943,2.1794625851584315,0.019267822736030827,0.0,0.0
1500,validation,model,breakaway,102,0.007505942597965861,0.010138830286222278,0.004873054909709441,0.005069415143111139,0.0024365274548547207,0.5792644839072079,1.598399323033993,2.047775460180669,0.2535606319303177,0.7028921919548762,1.0193488945359848,0.049019607843137254,0.0,0.0
1600,train,model,overall,8000,0.008571589821363964,0.009002052370079464,0.008141127272648466,0.004501026185039732,0.004070563636324233,0.5431054592347782,1.475851393561742,7.651952514119664,0.32388896811342893,0.884121933009455,3.171414948514117,0.0305,0.00025,0.0
1600,train,model,always_resting,561,0.007312776207724623,0.010061144181691416,0.004564408233757832,0.005030572090845708,0.002282204116878916,0.5736385267830235,1.562217442168358,3.3997806535417703,0.24047553059265833,0.7283015230951024,1.2083837407468552,0.049910873440285206,0.0,0.0
1600,train,model,moved_then_stopped,3321,0.00651135175047666,0.006654292357534864,0.006368411143418457,0.003327146178767432,0.0031842055717092284,0.48232202906343874,1.2844841352793952,2.9074274612161455,0.28727631424256084,0.8052872050865363,1.8356061982012544,0.03884372177055104,0.00030111412225233364,0.0
1600,train,model,moving_at_observation,4118,0.010404577939544735,0.010751144282499648,0.010058011596589825,0.005375572141249824,0.005029005798294912,0.5879652748502354,1.5796122277978049,7.651952514119664,0.3647790997196225,0.9336251146193784,3.171414948514117,0.02112676056338028,0.00024283632831471587,0.0
1600,train,model,breakaway,810,0.007507134458057997,0.010052155755295333,0.004962113160820662,0.005026077877647667,0.002481056580410331,0.5631908828824687,1.6531093011248825,3.3997806535417703,0.2529857295034823,0.7283417292795821,1.2083837407468552,0.04197530864197531,0.0,0.0
1600,validation,model,overall,1000,0.008277836302668422,0.008324575440326592,0.008231097165010252,0.004162287720163296,0.004115548582505126,0.5455229018412604,1.4293884066992328,3.117183572490223,0.32601450866586956,0.8949403478139675,2.1358939737825366,0.026,0.0,0.0
1600,validation,model,always_resting,64,0.007085111602614706,0.009583000450907271,0.0045872227543221405,0.0047915002254536355,0.0022936113771610703,0.5917743349952451,1.5515685663180974,1.7885799893659544,0.23921996122365197,0.6145369410987869,0.9719156018170223,0.078125,0.0,0.0
1600,validation,model,moved_then_stopped,417,0.006889347822250669,0.006981027906097422,0.006797667738403916,0.003490513953048711,0.003398833869201958,0.4993760485665329,1.2993542886926592,2.262071113968269,0.3005399151248769,0.8602566692227247,1.2907563179471813,0.026378896882494004,0.0,0.0
1600,validation,model,moving_at_observation,519,0.009540522385785262,0.00924889166594586,0.009832153105624663,0.00462444583297293,0.004916076552812332,0.5768969790931029,1.520545325246903,3.117183572490223,0.3571855231993876,0.9346583515887127,2.1358939737825366,0.019267822736030827,0.0,0.0
1600,validation,model,breakaway,102,0.006748972917639955,0.009195981460903389,0.004301964374376524,0.0045979907304516945,0.002150982187188262,0.5623336892416401,1.6273063202279836,1.8086050830886526,0.2445300084723218,0.6208077111312575,0.9719156018170223,0.00980392156862745,0.0,0.0
1700,train,model,overall,8000,0.008049258106025138,0.008280044680919705,0.007818471531130574,0.004140022340459852,0.003909235765565287,0.5229300161726914,1.4334225481593406,7.637268591999536,0.31628753959107747,0.8564658736508307,2.901308103888871,0.030125,0.0,0.0
1700,train,model,always_resting,561,0.006774721750763685,0.009405496160727384,0.004143947340799987,0.004702748080363692,0.0020719736703999933,0.5569024718688855,1.6294018847721925,2.9702517558710446,0.23031723552518532,0.6901297586502138,1.1248984920704148,0.053475935828877004,0.0,0.0
1700,train,model,moved_then_stopped,3321,0.005969583347859021,0.005998370978804053,0.00594079571691399,0.0029991854894020264,0.002970397858456995,0.45758104726104754,1.2442336480914085,2.6039900091176085,0.27630544253149014,0.7773097911565336,1.8220141895279132,0.04185486299307437,0.0,0.0
1700,train,model,moving_at_observation,4118,0.00990006305191425,0.009966800408106196,0.009833325695722301,0.004983400204053098,0.004916662847861151,0.5710032017263594,1.521807737943326,7.637268591999536,0.36024331543271304,0.9392847611588087,2.901308103888871,0.017484215638659543,0.0,0.0
1700,train,model,breakaway,810,0.006735269205192454,0.008976593479133535,0.0044939449312513735,0.004488296739566767,0.0022469724656256867,0.5356505538456289,1.622605204349334,2.9702517558710446,0.24145686868016558,0.6784606635336851,1.1248984920704148,0.04567901234567901,0.0,0.0
1700,validation,model,overall,1000,0.007854970127632992,0.007819683844040148,0.007890256411225838,0.003909841922020074,0.003945128205612919,0.524209448038419,1.4172057128311548,2.887148476936339,0.31905608560723425,0.890786941372737,2.108028608407265,0.039,0.0,0.0
1700,validation,model,always_resting,64,0.006765715633680903,0.00953457529829481,0.003996855969066996,0.004767287649147405,0.001998427984533498,0.5672344786806861,1.7489674547738052,1.861414037659403,0.22767073048605924,0.5338384991006515,0.9174878635746704,0.078125,0.0,0.0
1700,validation,model,moved_then_stopped,417,0.006279142435059192,0.006199353698028609,0.0063589311720897755,0.0030996768490143046,0.0031794655860448878,0.4666954457845971,1.2671199410514418,2.3392258635732492,0.28914312438040535,0.8170652672945674,1.223255856379911,0.026378896882494004,0.0,0.0
1700,validation,model,moving_at_observation,519,0.009255417980072699,0.00891009736584075,0.009600738594304648,0.004455048682920375,0.004800369297152324,0.5651145289223083,1.4959167745476054,2.887148476936339,0.3543592986310163,0.9679533840890953,2.108028608407265,0.04431599229287091,0.0,0.0
1700,validation,model,breakaway,102,0.006239718203899796,0.008632155801825582,0.0038472806059740104,0.004316077900912791,0.0019236403029870052,0.5374569547326551,1.4869481191772942,1.861414037659403,0.23460674955865632,0.5348379961527889,0.9174878635746704,0.0392156862745098,0.0,0.0
1800,train,model,overall,8000,0.007810438856058486,0.008094932524744695,0.0075259451873722774,0.004047466262372347,0.0037629725936861387,0.5176804170430266,1.4041043942825238,7.812646246439854,0.31030293022900857,0.8398805373049938,2.8311677753628413,0.03425,0.0,0.0
1800,train,model,always_resting,561,0.006487258467649147,0.009072781767645257,0.003901735167653037,0.004536390883822628,0.0019508675838265186,0.5341801143629897,1.6790441555814746,2.826465873655453,0.22094777774211355,0.6656966098840051,1.1229212132437287,0.06417112299465241,0.0,0.0
1800,train,model,moved_then_stopped,3321,0.005684407518909692,0.005692959021399078,0.005675856016420304,0.002846479510699539,0.002837928008210152,0.44551334357554234,1.2341547814372955,2.427622082573822,0.2703003143254626,0.7662656930383744,1.7203977505253545,0.04727491719361638,0.0,0.0
1800,train,model,moving_at_observation,4118,0.009705255337012539,0.00989881318995683,0.009511697484068247,0.004949406594978415,0.004755848742034123,0.5736324619165127,1.5046709360640733,7.812646246439854,0.3547363755813215,0.9166262151095884,2.8311677753628413,0.019669742593491985,0.0,0.0
1800,train,model,breakaway,810,0.006370321842872106,0.008496406240192225,0.004244237445551987,0.004248203120096113,0.0021221187227759937,0.5128402743854324,1.6472303964387294,2.826465873655453,0.23329321172916873,0.6672746211369059,1.1229212132437287,0.06666666666666667,0.0,0.0
1800,validation,model,overall,1000,0.007705344025221959,0.007733283845860475,0.007677404204583443,0.0038666419229302375,0.0038387021022917214,0.527416039340124,1.389104789267838,2.6666741973479358,0.3148152892845402,0.8785983679617564,1.9876111865756085,0.032,0.0,0.0
1800,validation,model,always_resting,64,0.006633633203944886,0.009642964964381403,0.0036243014435083697,0.004821482482190702,0.0018121507217541848,0.5589074549624367,1.7404871224654117,2.0156422927143964,0.21254963719529574,0.5245575155614062,0.9034404815957895,0.0625,0.0,0.0
1800,validation,model,moved_then_stopped,417,0.005960184026331556,0.005841433638958741,0.006078934413704373,0.0029207168194793705,0.0030394672068521865,0.45340190109903317,1.2300407910236923,2.158156701578641,0.28323347200926086,0.8151359482776535,1.1703757739349114,0.03597122302158273,0.0,0.0
1800,validation,model,moving_at_observation,519,0.00923968162078849,0.009017834799025569,0.009461528442551414,0.004508917399512784,0.004730764221275707,0.5830007118771315,1.49527633874373,2.6666741973479358,0.35280106874023026,0.9614785970293668,1.9876111865756085,0.025048169556840076,0.0,0.0
1800,validation,model,breakaway,102,0.0058880956879736185,0.008252570258908794,0.003523621117038446,0.004126285129454397,0.001761810558519223,0.5207278182420062,1.564603367100271,2.0156422927143964,0.216964599451347,0.5469680596434293,0.9034404815957895,0.049019607843137254,0.0,0.0
1900,train,model,overall,8000,0.007497529188697681,0.007620724265773845,0.0073743341116215165,0.0038103621328869227,0.0036871670558107582,0.5009303625843977,1.3603424103678272,7.499017308026062,0.3062839088926398,0.8360406576838142,2.823116855210951,0.0375,0.0005,0.0
1900,train,model,always_resting,561,0.005945582915923301,0.008360441160623424,0.0035307246712231784,0.004180220580311712,0.0017653623356115892,0.5201271989601005,1.537896209476243,2.9309986249641473,0.21188723855988784,0.606687890371544,1.0453790712513369,0.0784313725490196,0.0,0.0
1900,train,model,moved_then_stopped,3321,0.005517911531451287,0.0053878896803465125,0.005647933382556062,0.0026939448401732563,0.002823966691278031,0.4340854076209845,1.174941979041177,2.4604162835008268,0.267169091369445,0.7637753346085012,1.7830479585436287,0.045769346582354715,0.0006022282445046673,0.0
1900,train,model,moving_at_observation,4118,0.009305434020835054,0.009320642303703316,0.009290225737966793,0.004660321151851658,0.004645112868983396,0.5522229002790859,1.4776257181728791,7.499017308026062,0.3506881927807417,0.9282963543298046,2.823116855210951,0.02525497814473045,0.00048567265662943174,0.0
1900,train,model,breakaway,810,0.005949694139068135,0.008081899009106724,0.003817489269029541,0.004040949504553362,0.0019087446345147706,0.5105861620119926,1.542661754624358,2.9309986249641473,0.22640346451143292,0.6012451692331445,1.0453790712513369,0.05925925925925926,0.0,0.0
1900,validation,model,overall,1000,0.007223873586290155,0.006976228701925498,0.007471518470654811,0.003488114350962749,0.0037357592353274055,0.5018061308660745,1.298139522798485,2.5108822709376746,0.3088052907129875,0.8585854028199329,2.053002336736532,0.034,0.001,0.0
1900,validation,model,always_resting,64,0.00583462577006152,0.008823583948407626,0.002845667591715415,0.004411791974203813,0.0014228337958577075,0.5543073841095607,1.5592614230918187,1.796553423235658,0.19019994183773187,0.44405862657927747,0.8189773643971616,0.09375,0.0,0.0
1900,validation,model,moved_then_stopped,417,0.00573198432365827,0.005504810593109707,0.005959158054206834,0.0027524052965548535,0.002979579027103417,0.4500339542578838,1.2059017980239741,1.7833000239589238,0.2752859349278157,0.7952352765583982,1.2404331451999229,0.03836930455635491,0.0,0.0
1900,validation,model,moving_at_observation,519,0.008593872975030286,0.007930661487284513,0.009257084462776061,0.003965330743642257,0.0046285422313880305,0.5369292858526494,1.4149269999897287,2.5108822709376746,0.35036273520322453,0.9363082601858199,2.053002336736532,0.023121387283236993,0.0019267822736030828,0.0
1900,validation,model,breakaway,102,0.005362495396158287,0.007735440374519922,0.002989550417796651,0.003867720187259961,0.0014947752088983256,0.5238369529495929,1.3907635726034813,1.796553423235658,0.20453969525522014,0.536275586376729,0.8189773643971616,0.049019607843137254,0.0,0.0
2000,train,model,overall,8000,0.007309984545143423,0.007368034270922225,0.007251934819364621,0.0036840171354611123,0.0036259674096823106,0.4918316011847819,1.3476966350452906,7.5896090737504665,0.3050431254725976,0.8276895856447971,2.8100488396927625,0.036875,0.000125,0.0
2000,train,model,always_resting,561,0.005961462097068817,0.008494299809563543,0.0034286243845740895,0.004247149904781772,0.0017143121922870447,0.5217485330405569,1.621989837552693,2.7259692947722245,0.20946479723734476,0.6292834965744678,0.971336755580422,0.0677361853832442,0.0017825311942959,0.0
2000,train,model,moved_then_stopped,3321,0.0053984112143590605,0.00531743562046683,0.005479386808251291,0.002658717810233415,0.0027396934041256454,0.4312186335977591,1.1896254530695474,2.352994618956843,0.2643083316294075,0.7417036387187963,1.7226626335450128,0.04998494429388738,0.0,0.0
2000,train,model,moving_at_observation,4118,0.009035301719719606,0.008868326439689728,0.009202276999749483,0.004434163219844864,0.004601138499874742,0.5366378825314096,1.4366022133689411,7.5896090737504665,0.3509148332174278,0.9140841895100196,2.8100488396927625,0.022098105876639147,0.0,0.0
2000,train,model,breakaway,810,0.00575063262556268,0.0078917113147373,0.0036095539363880597,0.00394585565736865,0.0018047769681940298,0.4977122612357821,1.5593644137151614,2.7259692947722245,0.22039776106260578,0.6187014713108145,0.971336755580422,0.06296296296296296,0.0,0.0
2000,validation,model,overall,1000,0.00712586204428041,0.00686291027578941,0.00738881381277141,0.003431455137894705,0.003694406906385705,0.49010420575060687,1.3753217191222915,2.564847916328251,0.3075120846058868,0.8742063833033187,1.897655842182957,0.044,0.0,0.0
2000,validation,model,always_resting,64,0.0059056442620715925,0.009095460980906352,0.0027158275432368315,0.004547730490453176,0.0013579137716184157,0.5464838750271073,1.7061236460359697,1.9081468611337131,0.18699582052808061,0.44682536363616676,0.7578976379058406,0.09375,0.0,0.0
2000,validation,model,moved_then_stopped,417,0.005737029021358614,0.005467589742606087,0.006006468300111142,0.0027337948713030435,0.003003234150055571,0.4391775596620709,1.1879646969963842,2.069359879995519,0.2777527023754752,0.8193204894228366,1.2385294080207951,0.05515587529976019,0.0,0.0
2000,validation,model,moving_at_observation,519,0.008392215240079548,0.007708701060394345,0.009075729419764755,0.0038543505301971725,0.004537864709882378,0.5240697405968948,1.440954038492664,2.564847916328251,0.34628415260407786,0.9394079568667167,1.897655842182957,0.028901734104046242,0.0,0.0
2000,validation,model,breakaway,102,0.0052228764454250185,0.007575551156748588,0.0028702017341014517,0.003787775578374294,0.0014351008670507258,0.5032374109286567,1.5749177645225605,1.9081468611337131,0.19931921346603085,0.5123953294672915,0.7578976379058406,0.06862745098039216,0.0,0.0
2100,train,model,overall,8000,0.007116199677951146,0.00715014715260328,0.007082252203299012,0.00357507357630164,0.003541126101649506,0.48527230937188287,1.3039099775933007,7.2614338284947735,0.30095051000412654,0.8202741228509286,2.784098553031014,0.03875,0.00025,0.0
2100,train,model,always_resting,561,0.0057133672648410905,0.007941288545564256,0.003485445984117922,0.003970644272782128,0.001742722992058961,0.5060493702449823,1.516051527494326,2.786490262537858,0.21131507254632756,0.622391053530233,1.084939627170107,0.0748663101604278,0.0017825311942959,0.0
2100,train,model,moved_then_stopped,3321,0.005250867171071645,0.005146749063123949,0.00535498527901934,0.0025733745315619744,0.00267749263950967,0.4241930630876033,1.1678395164515485,2.3252859838609536,0.2618494447160826,0.7263031304685357,1.667429503699771,0.050286058416139714,0.0,0.0
2100,train,model,moving_at_observation,4118,0.008811624213915587,0.008658028340973789,0.008965220086857385,0.0043290141704868945,0.004482610043428693,0.5316997609892418,1.416826101008865,7.2614338284947735,0.34469507489859447,0.9050011153359852,2.784098553031014,0.024526469159786304,0.00024283632831471587,0.0
2100,train,model,breakaway,810,0.005578315153722286,0.007346190587889739,0.003810439719554832,0.0036730952939448697,0.001905219859777416,0.4794082402878552,1.5007311763999982,2.786490262537858,0.22442539379468351,0.6111976312013557,1.084939627170107,0.056790123456790124,0.0,0.0
2100,validation,model,overall,1000,0.006937988984437874,0.006678672740084135,0.007197305228791612,0.0033393363700420673,0.003598652614395806,0.48427448214802915,1.3252521830095445,2.538260546101853,0.304162389756885,0.8568542308322799,1.9170768288923417,0.036,0.0,0.0
2100,validation,model,always_resting,64,0.005815803405879032,0.008552197138041269,0.003079409673716796,0.004276098569020634,0.001539704836858398,0.5328956956726391,1.6166178903412771,1.85941396696029,0.2003265189991258,0.45128940584031396,0.8333005097217845,0.0625,0.0,0.0
2100,validation,model,moved_then_stopped,417,0.005492200490085051,0.005299496878541005,0.005684904101629097,0.0026497484392705023,0.0028424520508145484,0.4318424713106069,1.175236254780637,1.943561848868733,0.26952992904369477,0.7732842767708163,1.185013058363168,0.047961630695443645,0.0,0.0
2100,validation,model,moving_at_observation,519,0.00823801534122572,0.007555764787857216,0.008920265894594227,0.003777882393928608,0.0044601329472971135,0.5204062564324801,1.4630281509563876,2.538260546101853,0.34479289427691745,0.9243700247182439,1.9170768288923417,0.023121387283236993,0.0,0.0
2100,validation,model,breakaway,102,0.005057192881156038,0.007064612248111203,0.0030497735142008715,0.0035323061240556015,0.0015248867571004358,0.4830746354433313,1.479067491207982,1.85941396696029,0.2041087791874663,0.5456750476845316,0.8333005097217845,0.049019607843137254,0.0,0.0
2200,train,model,overall,8000,0.007039440854171569,0.007078391014847084,0.007000490693496054,0.003539195507423542,0.003500245346748027,0.4841592995714576,1.3097848194872654,7.358731549533914,0.2994920610159489,0.8115305950333894,2.781647069671868,0.03925,0.000375,0.0
2200,train,model,always_resting,561,0.005537694311992037,0.007687163433303388,0.0033882251906806856,0.003843581716651694,0.0016941125953403428,0.4983471762430802,1.4024472095889866,3.0258406571532883,0.20857002524867566,0.6015471679018467,1.0468798629726022,0.09269162210338681,0.0,0.0
2200,train,model,moved_then_stopped,3321,0.005210921990710223,0.005136301808349245,0.0052855421730712004,0.0025681509041746227,0.0026427710865356002,0.4262022030616631,1.135393102088066,2.581239708286258,0.26159641153803276,0.7164384207782266,1.63797347029293,0.04727491719361638,0.0006022282445046673,0.0
2200,train,model,moving_at_observation,4118,0.00871865186818756,0.00856167341601885,0.008875630320356266,0.004280836708009425,0.004437815160178133,0.5289665163505366,1.4330755020115546,7.358731549533914,0.3424397817497031,0.8985109248655143,2.781647069671868,0.025497814473045166,0.00024283632831471587,0.0
2200,train,model,breakaway,810,0.005540091056607979,0.007433789707534962,0.003646392405680995,0.003716894853767481,0.0018231962028404975,0.4886244372784921,1.4004505908947409,3.0258406571532883,0.22057520235567316,0.5970581242422052,1.0468798629726022,0.06790123456790123,0.0,0.0
2200,validation,model,overall,1000,0.006898589792061584,0.0066413740355984515,0.007155805548524717,0.0033206870177992258,0.0035779027742623586,0.4867115727686619,1.3028835775286274,2.377647391716671,0.3033585185556459,0.8570750626796237,1.845846286456244,0.033,0.0,0.0
2200,validation,model,always_resting,64,0.005499077335031777,0.008042488949278314,0.002955665720785239,0.004021244474639157,0.0014778328603926195,0.5316976475534605,1.4098895023412399,1.6862610541082836,0.1925879398420205,0.4746954082860067,0.8049422512479414,0.078125,0.0,0.0
2200,validation,model,moved_then_stopped,417,0.00555822840401227,0.005391235495544573,0.005725221312479967,0.0026956177477722863,0.0028626106562399836,0.44272022742669126,1.1820835848161948,1.9086456795999007,0.27150114966918903,0.7756389100083558,1.201066465321951,0.03357314148681055,0.0,0.0
2200,validation,model,moving_at_observation,519,0.008148107125522996,0.007473043431989504,0.008823170819056484,0.003736521715994752,0.004411585409528242,0.5165098044090755,1.3598285350530595,2.377647391716671,0.34261447204952744,0.9063526063228866,1.845846286456244,0.02697495183044316,0.0,0.0
2200,validation,model,breakaway,102,0.0049011378672502385,0.006918024853491933,0.002884250881008542,0.0034590124267459667,0.001442125440504271,0.4960483808718713,1.301294459208091,1.6862610541082836,0.19434354091985334,0.5152514957972693,0.8049422512479414,0.049019607843137254,0.0,0.0
2300,train,model,overall,8000,0.006926568308663936,0.006925589088887159,0.006927547528440712,0.0034627945444435796,0.003463773764220356,0.4766788433952845,1.3028685959181139,7.332934263863905,0.2971914202194663,0.818872772349881,2.6834456451392374,0.042375,0.000375,0.0
2300,train,model,always_resting,561,0.005398429995111433,0.00761803765632529,0.003178822333897575,0.003809018828162645,0.0015894111669487875,0.4952437958830915,1.4928080280517038,2.663701635789351,0.19952479509084498,0.5908089575833986,1.0344223643908352,0.09269162210338681,0.0017825311942959,0.0
2300,train,model,moved_then_stopped,3321,0.005151633688737672,0.0049438914187179,0.005359375958757445,0.00247194570935895,0.0026796879793787227,0.4182511276089402,1.1319711896121403,2.1820670672933318,0.2597478695357718,0.737605147819657,1.7209989231787206,0.050888286660644384,0.00030111412225233364,0.0
2300,train,model,moving_at_observation,4118,0.008566161185467741,0.008429414809212393,0.00870290756172309,0.0042147074046061965,0.004351453780861545,0.5212693013313674,1.4039393330694903,7.332934263863905,0.3406933649785012,0.9016480217168431,2.6834456451392374,0.028654686741136474,0.00024283632831471587,0.0
2300,train,model,breakaway,810,0.005277736332334443,0.007079870071976679,0.003475602592692207,0.0035399350359883396,0.0017378012963461034,0.47494217301864367,1.4814417558463917,2.663701635789351,0.21253935111994998,0.5892847797137982,1.0344223643908352,0.07160493827160494,0.0012345679012345679,0.0
2300,validation,model,overall,1000,0.006678808029964486,0.006322219281406253,0.007035396778522719,0.0031611096407031265,0.0035176983892613593,0.4727231261198126,1.2906390657896838,2.395143446243461,0.2989186081986326,0.8495867687354528,1.935811046462356,0.038,0.001,0.0
2300,validation,model,always_resting,64,0.00545653693228893,0.008341789459208078,0.002571284405369781,0.004170894729604039,0.0012856422026848906,0.5257756522849044,1.5637830380603988,1.881831077358823,0.18147389389147592,0.4060400147322098,0.7919744549487824,0.0625,0.0,0.0
2300,validation,model,moved_then_stopped,417,0.005376341816433455,0.005047766515860935,0.0057049171170059755,0.0025238832579304676,0.0028524585585029878,0.425110997469763,1.1260087893857382,1.810149514014237,0.2666299394467027,0.790087739506594,1.2215693202840177,0.050359712230215826,0.002398081534772182,0.0
2300,validation,model,moving_at_observation,519,0.007876021442861739,0.007097160152028758,0.008654882733694722,0.003548580076014379,0.004327441366847361,0.5044358351227121,1.3905466627195477,2.395143446243461,0.3393441122163838,0.9342797058647341,1.935811046462356,0.025048169556840076,0.0,0.0
2300,validation,model,breakaway,102,0.00475895373020678,0.006811371476429633,0.002706535983983926,0.0034056857382148164,0.001353267991991963,0.4818416073843387,1.3948657190911085,1.881831077358823,0.1914877256944272,0.5616462778326243,0.7919744549487824,0.049019607843137254,0.0,0.0
2400,train,model,overall,8000,0.006848857702080746,0.006824942791725712,0.006872772612435778,0.003412471395862856,0.003436386306217889,0.47569412546282225,1.2828671881364535,7.32627665986314,0.2959506165367681,0.8074270716838332,2.7556853701453186,0.039125,0.000375,0.0
2400,train,model,always_resting,561,0.005398414136908676,0.007562481158214089,0.003234347115603265,0.0037812405791070444,0.0016171735578016325,0.4951961855556579,1.489099156828511,2.85127358459672,0.20264772691272473,0.6013367547186164,1.0380897458336649,0.08377896613190731,0.0017825311942959,0.0
2400,train,model,moved_then_stopped,3321,0.005054366874496712,0.004910942399784605,0.005197791349208818,0.0024554711998923027,0.002598895674604409,0.4169022368504586,1.117622559600604,2.423683232376482,0.2570362073735076,0.7222758871324655,1.6627182731101262,0.04847937368262571,0.00030111412225233364,0.0
2400,train,model,moving_at_observation,4118,0.008493637420018605,0.008268030765993913,0.0087192440740433,0.004134015382996957,0.00435962203702165,0.5204506107395533,1.4019229404028641,7.32627665986314,0.3400442721730662,0.9045392802592909,2.7556853701453186,0.025497814473045166,0.00024283632831471587,0.0
2400,train,model,breakaway,810,0.005323456613743031,0.007121191516826408,0.003525721710659656,0.003560595758413204,0.001762860855329828,0.47665480143760736,1.4658278697758098,2.85127358459672,0.21493068920997135,0.5936429149008167,1.0380897458336649,0.0654320987654321,0.0012345679012345679,0.0
2400,validation,model,overall,1000,0.006720796638723429,0.006400416941223818,0.007041176336223042,0.003200208470611909,0.003520588168111521,0.4770377153205643,1.2870142094203993,2.43467622441338,0.29924026040877383,0.8570877064387667,1.9010757071204258,0.04,0.001,0.0
2400,validation,model,always_resting,64,0.005374572875998051,0.008071576201847279,0.002677569550148824,0.0040357881009236395,0.001338784775074412,0.5265275184861138,1.5037451533867412,1.74259556519613,0.18653241122673458,0.4307078948406504,0.7893589116581288,0.0625,0.0,0.0
2400,validation,model,moved_then_stopped,417,0.005361770089273446,0.005082667140002717,0.005640873038544175,0.0025413335700013584,0.0028204365192720875,0.42694935992226857,1.1405391292019311,1.8009594115542549,0.26660064762444097,0.7892591369899161,1.1979027478688484,0.050359712230215826,0.002398081534772182,0.0
2400,validation,model,moving_at_observation,519,0.007978739590428763,0.007253109570182003,0.008704369610675524,0.0036265547850910015,0.004352184805337762,0.5111793276490694,1.3671839592562978,2.43467622441338,0.3393636147030269,0.9300048629599976,1.9010757071204258,0.028901734104046242,0.0,0.0
2400,validation,model,breakaway,102,0.004730060445910355,0.00670382638964826,0.002756294502172448,0.00335191319482413,0.001378147251086224,0.48066264740799786,1.3575283380545493,1.74259556519613,0.19370677694377628,0.5580492281691278,0.7893589116581288,0.049019607843137254,0.0,0.0
2500,train,model,overall,8000,0.006834674175505176,0.006788935267715939,0.006880413083294414,0.0033944676338579696,0.003440206541647207,0.47546202013783284,1.2868113306083293,7.052370185543303,0.29578865636882307,0.8161287643320287,2.7323138202852424,0.035125,0.000375,0.0
2500,train,model,always_resting,561,0.00542620543760454,0.007712958327272579,0.003139452547936502,0.0038564791636362893,0.001569726273968251,0.49998231156747336,1.4990495886501147,2.7831126443070215,0.1995788745426096,0.5793760374275674,0.994105420857412,0.08199643493761141,0.0,0.0
2500,train,model,moved_then_stopped,3321,0.005072368644655468,0.004933006320551405,0.005211730968759528,0.0024665031602757025,0.002605865484379764,0.418441584212076,1.1160233026006572,2.3642692307509208,0.2554306402076862,0.7327806330353384,1.7137320668386244,0.04787714543812105,0.0006022282445046673,0.0
2500,train,model,moving_at_observation,4118,0.008447779476601375,0.008159785946958808,0.00873577300624394,0.004079892973479404,0.00436788650312197,0.5181062610842656,1.4160917380982796,7.052370185543303,0.3414425318607224,0.9061297114922623,2.7323138202852424,0.018455560951918408,0.00024283632831471587,0.0
2500,train,model,breakaway,810,0.005315349216973337,0.0072124767320814335,0.003418221701865242,0.0036062383660407167,0.001709110850932621,0.4799878973492569,1.4973293662793452,2.7831126443070215,0.2117790782884558,0.5857725887416683,0.994105420857412,0.06419753086419754,0.0012345679012345679,0.0
2500,validation,model,overall,1000,0.0067323157787646665,0.006425620122937534,0.0070390114345918,0.003212810061468767,0.0035195057172959,0.473713827895201,1.2715920392409554,2.434092289313872,0.2971394323988777,0.8609328828338166,1.9518332820341526,0.037,0.001,0.0
2500,validation,model,always_resting,64,0.005360300717484822,0.008282676511987115,0.002437924922982529,0.0041413382559935576,0.0012189624614912646,0.5276691509088924,1.554165403811581,1.817581828106936,0.17864799777607096,0.3926761340453886,0.7519335600827213,0.0625,0.015625,0.0
2500,validation,model,moved_then_stopped,417,0.005359797804220938,0.005080286439910954,0.005639309168530922,0.002540143219955477,0.002819654584265461,0.4256914596729363,1.160119026455107,1.86679703012258,0.26446817204038925,0.7745631048400988,1.214219863334928,0.05275779376498801,0.0,0.0
2500,validation,model,moving_at_observation,519,0.008004279091494234,0.007277551793309233,0.008731006389679235,0.0036387758966546163,0.004365503194839617,0.5056448238023458,1.4068058700032484,2.434092289313872,0.33800141194675687,0.9501866267966615,1.9518332820341526,0.02119460500963391,0.0,0.0
2500,validation,model,breakaway,102,0.004734419573373989,0.006821105215919043,0.002647733930828935,0.0034105526079595216,0.0013238669654144675,0.4832927188455118,1.3952947833551093,1.817581828106936,0.1921374131522176,0.5314438856296821,0.7519335600827213,0.058823529411764705,0.0,0.0
2600,train,model,overall,8000,0.006780811206549298,0.0067450049782966605,0.006816617434801934,0.0033725024891483302,0.003408308717400967,0.47330558949837986,1.2807783352802724,7.200247100329065,0.2946126558274013,0.805136361781706,2.7343184899874498,0.0385,0.000625,0.0
2600,train,model,always_resting,561,0.005334621429209634,0.007500058213378799,0.00316918464504047,0.0037500291066893997,0.001584592322520235,0.4922228726949956,1.493682709028337,2.7645568977372856,0.20082864869491363,0.5858691728645948,1.0155265834534886,0.09090909090909091,0.0035650623885918,0.0
2600,train,model,moved_then_stopped,3321,0.005002594128570466,0.00487563906133919,0.005129549195801742,0.002437819530669595,0.002564774597900871,0.41557104556517493,1.1090516475173118,2.343051837330319,0.25521858152285987,0.7151575406955859,1.6579742305341798,0.04908160192713038,0.0006022282445046673,0.0
2600,train,model,moving_at_observation,4118,0.008411887306854117,0.008149710987362876,0.008674063626345357,0.004074855493681438,0.004337031813172678,0.5172890340172899,1.385727056108132,7.200247100329065,0.3391586851539453,0.9069244389352428,2.7343184899874498,0.022826614861583293,0.00024283632831471587,0.0
2600,train,model,breakaway,810,0.005223820791675158,0.007009390975712929,0.0034382506076373904,0.0035046954878564644,0.0017191253038186952,0.4724405849137302,1.4811348026620381,2.7645568977372856,0.21309071566323962,0.5855893365527272,1.0155265834534886,0.07037037037037037,0.0012345679012345679,0.0
2600,validation,model,overall,1000,0.006634058984687855,0.006293858425713219,0.00697425954366249,0.0031469292128566096,0.003487129771831245,0.4715679946859288,1.2748275078395663,2.3798979050148894,0.29752643310009785,0.8388557326608488,1.8945013263520996,0.035,0.0,0.0
2600,validation,model,always_resting,64,0.005328538813414734,0.008064727213350442,0.0025923504134790242,0.004032363606675221,0.0012961752067395121,0.5200925586490611,1.5331944858631168,1.7882831401931547,0.18232598127527866,0.4317344035660096,0.7708350474524681,0.078125,0.0,0.0
2600,validation,model,moved_then_stopped,417,0.0052689079720314265,0.004976552266177196,0.005561263677885658,0.002488276133088598,0.002780631838942829,0.42127487166739747,1.1587743372679153,1.7633086152974022,0.26402777674553596,0.7877487796352168,1.2072827674571613,0.045563549160671464,0.0,0.0
2600,validation,model,moving_at_observation,519,0.007891903422528336,0.007133899015535451,0.00864990782952122,0.0035669495077677257,0.00432495391476061,0.5059931588575802,1.3684323015238378,2.3798979050148894,0.33864737455797983,0.9083503024301767,1.8945013263520996,0.02119460500963391,0.0,0.0
2600,validation,model,breakaway,102,0.004652246734903862,0.0066237915719415535,0.002680701897866171,0.0033118957859707768,0.0013403509489330855,0.47608465656816457,1.3706102869040877,1.7882831401931547,0.18955101498661023,0.5564559922429785,0.7708350474524681,0.049019607843137254,0.0,0.0
2700,train,model,overall,8000,0.006766451747855545,0.006727260577141086,0.006805642918570003,0.003363630288570543,0.0034028214592850014,0.47255305695993266,1.27377263013504,7.2094636046385006,0.29429004456188657,0.8120821330229271,2.7189145463662197,0.038625,0.00075,0.0
2700,train,model,always_resting,561,0.005300146042577768,0.007475189272878502,0.0031251028122770332,0.003737594636439251,0.0015625514061385166,0.49161569850939457,1.4875495308175748,2.762223481921654,0.1993593142648666,0.5786842751598473,0.9995283862281779,0.08377896613190731,0.0035650623885918,0.0
2700,train,model,moved_then_stopped,3321,0.005012820928632659,0.004876017579749114,0.005149624277516204,0.002438008789874557,0.002574812138758102,0.4154581600578956,1.1098983817632906,2.330909613609087,0.25459323429033165,0.7264699722858379,1.6812176709868707,0.04817825956037338,0.0009033423667570009,0.0
2700,train,model,moving_at_observation,4118,0.008380440444140158,0.008118321770931773,0.008642559117348542,0.004059160885465886,0.004321279558674271,0.5160008497482805,1.3907095607986406,7.2094636046385006,0.33923643761882255,0.9039081978788587,2.7189145463662197,0.02476930548810102,0.00024283632831471587,0.0
2700,train,model,breakaway,810,0.005179738247963209,0.006966016911521171,0.0033934595844052435,0.0034830084557605856,0.0016967297922026218,0.47054657895496094,1.4775066293169485,2.762223481921654,0.2114702350794885,0.5783036303459654,0.9995283862281779,0.06790123456790123,0.0024691358024691358,0.0
2700,validation,model,overall,1000,0.006599542822632273,0.006253012363717812,0.0069460732815467335,0.003126506181858906,0.0034730366407733668,0.4702614097333884,1.2657598219887838,2.367933744305688,0.2959843360994897,0.838687800074109,1.9111295850448027,0.039,0.0,0.0
2700,validation,model,always_resting,64,0.005240375925813235,0.008028028566661983,0.002452723284964488,0.004014014283330991,0.001226361642482244,0.5183184709767461,1.535359776256488,1.7823482488613256,0.17886577471549803,0.4041229815655895,0.7549033301646204,0.078125,0.0,0.0
2700,validation,model,moved_then_stopped,417,0.005267878467196551,0.004974978227204942,0.0055607787071881585,0.002487489113602471,0.0027803893535940792,0.4211142301676375,1.148834613877652,1.765570433975037,0.26246640876097166,0.7769395177787145,1.2121586999519585,0.047961630695443645,0.0,0.0
2700,validation,model,moving_at_observation,519,0.007837097191829026,0.007060987696930606,0.008613206686727446,0.003530493848465303,0.004306603343363723,0.5038234944334719,1.3533137754777396,2.367933744305688,0.33735729106815554,0.9152734173588538,1.9111295850448027,0.02697495183044316,0.0,0.0
2700,validation,model,breakaway,102,0.004603401342743908,0.006578092307324476,0.0026287103781633407,0.003289046153662238,0.0013143551890816704,0.47338231244515794,1.3714428360915438,1.7823482488613256,0.19034099443965388,0.5301840836817198,0.7549033301646204,0.06862745098039216,0.0,0.0
2800,train,model,overall,8000,0.006749799504271496,0.006711539109013275,0.006788059899529717,0.0033557695545066374,0.0033940299497648586,0.4722731562857899,1.2809777146270658,7.186266131927454,0.2941446733217,0.8065921380181356,2.7306252869380088,0.038875,0.000875,0.0
2800,train,model,always_resting,561,0.005340467068920921,0.00754564512068016,0.00313528901716168,0.00377282256034008,0.00156764450858084,0.4952762085774687,1.4874962410328654,2.810656388736034,0.1995289126899286,0.5814662322853734,1.01417815347731,0.0855614973262032,0.0017825311942959,0.0
2800,train,model,moved_then_stopped,3321,0.005005379497761645,0.004871322962930309,0.005139436032592981,0.0024356614814651546,0.0025697180162964905,0.41565847813966217,1.1120286098968766,2.3941684745283878,0.2552112393069605,0.7166392043567815,1.6692402973611797,0.050286058416139714,0.0012044564890093346,0.0
2800,train,model,moving_at_observation,4118,0.008348598517834122,0.008081967556948294,0.008615229478719948,0.004040983778474147,0.004307614739359974,0.5147968653163044,1.3952858312946534,7.186266131927454,0.3384325256960014,0.9043013790449613,2.7306252869380088,0.023312287518212724,0.00048567265662943174,0.0
2800,train,model,breakaway,810,0.005232397452093762,0.007066443141993028,0.0033983517621944993,0.003533221570996514,0.0016991758810972497,0.47526716982745665,1.4759502344784499,2.810656388736034,0.2112452746454054,0.5807393897244727,1.01417815347731,0.06790123456790123,0.0024691358024691358,0.0
2800,validation,model,overall,1000,0.0066333019553124675,0.006303590885520703,0.006963013025104232,0.0031517954427603516,0.003481506512552116,0.47178947588233544,1.2727001285235158,2.400735461670921,0.2971599350052907,0.8453443451370167,1.8758507080167486,0.037,0.0,0.0
2800,validation,model,always_resting,64,0.005294998944256588,0.008074409199462266,0.0025155886890509105,0.004037204599731133,0.0012577943445254553,0.5239705033080707,1.5195326245108092,1.7576440980660903,0.18043278445789535,0.4233146766880914,0.7653417503023694,0.0625,0.0,0.0
2800,validation,model,moved_then_stopped,417,0.005301249025495918,0.005019479072353863,0.005583018978637972,0.0025097395361769314,0.002791509489318986,0.42371468617658314,1.1568300664152458,1.8013638888922903,0.2643470349771178,0.7712523754222848,1.2031685010269875,0.05515587529976019,0.0,0.0
2800,validation,model,moving_at_observation,519,0.00786859572109489,0.007116967097463503,0.00862022434472628,0.0035584835487317513,0.00431011217236314,0.5039813863872519,1.3618486498834592,2.400735461670921,0.3379181564827115,0.9176933555359661,1.8758507080167486,0.019267822736030827,0.0,0.0
2800,validation,model,breakaway,102,0.004643932069162209,0.006645820795244163,0.0026420433430802527,0.0033229103976220816,0.0013210216715401264,0.4773471475388945,1.360945475255411,1.7576440980660903,0.18940696905396429,0.5539908560079224,0.7653417503023694,0.058823529411764705,0.0,0.0
2900,train,model,overall,8000,0.006741047566400656,0.006706845855840826,0.006775249276960487,0.003353422927920413,0.0033876246384802436,0.47208233860333393,1.2811805488323469,7.143527289708004,0.29377825815611847,0.8052456987358317,2.745754465839167,0.039,0.00025,0.0
2900,train,model,always_resting,561,0.005328844217597861,0.0075204585037395135,0.003137229931456208,0.0037602292518697567,0.001568614965728104,0.4931924114799755,1.4863422589468347,2.7481104772395804,0.19962486730145912,0.5799302148555656,1.0098821371751883,0.08912655971479501,0.0017825311942959,0.0
2900,train,model,moved_then_stopped,3321,0.004979486738518892,0.004857690874264789,0.005101282602772996,0.0024288454371323943,0.002550641301386498,0.41505483313527936,1.1077543011956785,2.320198402814836,0.2545127596551817,0.7123841317071313,1.6654545074460452,0.04938271604938271,0.00030111412225233364,0.0
2900,train,model,moving_at_observation,4118,0.008354061065204373,0.008087274947230542,0.008620847183178204,0.004043637473615271,0.004310423591589102,0.5151968589470963,1.3794486389220746,7.143527289708004,0.3382709178916878,0.9078587460400572,2.745754465839167,0.023797960174842158,0.0,0.0
2900,train,model,breakaway,810,0.0051992732564763965,0.006998412204096729,0.0034001343088560644,0.0034992061020483645,0.0017000671544280322,0.4718964097971088,1.4853289653304904,2.7481104772395804,0.2116932216944395,0.577917911186355,1.0098821371751883,0.06666666666666667,0.0,0.0
2900,validation,model,overall,1000,0.006616672131559598,0.006281779714351588,0.006951564548767609,0.003140889857175794,0.0034757822743838045,0.47013429238551063,1.272890735231775,2.403234852670092,0.29680477966779845,0.8371948240682165,1.8764678586808357,0.037,0.0,0.0
2900,validation,model,always_resting,64,0.005301302535441319,0.008086563654224397,0.0025160414166582423,0.004043281827112198,0.0012580207083291212,0.5192201574218368,1.542830031019346,1.8035827279625853,0.1796496880647191,0.42466552476499975,0.7626071565657653,0.0625,0.0,0.0
2900,validation,model,moved_then_stopped,417,0.005249827942764147,0.004966739855055987,0.005532916030472303,0.0024833699275279937,0.0027664580152361516,0.420220778063155,1.163417813450221,1.782007556143133,0.2634377321100678,0.7745349863944467,1.1994297178487499,0.050359712230215826,0.0,0.0
2900,validation,model,moving_at_observation,519,0.007877091555219085,0.0071158171886760695,0.008638365921762101,0.0035579085943380348,0.0043191829608810505,0.5041852367209586,1.379842438012921,2.403234852670092,0.3380610122191872,0.9178259678876867,1.8764678586808357,0.023121387283236993,0.0,0.0
2900,validation,model,breakaway,102,0.004627577563672332,0.006609959906907778,0.002645195220436884,0.003304979953453889,0.001322597610218442,0.47427790795377395,1.3757337711254112,1.8035827279625853,0.1884733490468222,0.5504338155685923,0.7626071565657653,0.049019607843137254,0.0,0.0
3000,train,model,overall,8000,0.00673198457180907,0.006691707855250039,0.006772261288368098,0.0033458539276250195,0.003386130644184049,0.4716223308233007,1.2768405986725415,7.1616367164564565,0.29366493122187526,0.8083588832722124,2.7391735226735805,0.0395,0.000875,0.000125
3000,train,model,always_resting,561,0.005313018359769438,0.007499463167644844,0.003126573551894035,0.003749731583822422,0.0015632867759470175,0.4932296970957526,1.4869639116626923,2.787286199552475,0.19916747110158678,0.5792113470339443,1.0113349948642913,0.09090909090909091,0.0017825311942959,0.0
3000,train,model,moved_then_stopped,3321,0.004977582066551114,0.004847202466929161,0.005107961666173065,0.0024236012334645806,0.0025539808330865325,0.4146039937292899,1.1046871068032607,2.36480760403534,0.2543875722076545,0.7143356717691403,1.6670311947182337,0.05209274314965372,0.0009033423667570009,0.0
3000,train,model,moving_at_observation,4118,0.008340146486553096,0.008069185189965957,0.008611107783140235,0.004034592594982979,0.004305553891570117,0.5146617103789985,1.3907632569676134,7.1616367164564565,0.3382140289425427,0.9020902271692508,2.7391735226735805,0.022340942204953862,0.0007285089849441476,0.00024283632831471587
3000,train,model,breakaway,810,0.00520168618890242,0.007011579531465446,0.0033917928463393933,0.003505789765732723,0.0016958964231696967,0.47307759043329084,1.4677359537599692,2.787286199552475,0.21115338441157672,0.5783491391498014,1.0113349948642913,0.0728395061728395,0.0012345679012345679,0.0
3000,validation,model,overall,1000,0.006611760780821301,0.006273854009292074,0.006949667552350528,0.003136927004646037,0.003474833776175264,0.47047339326706056,1.2697061333080508,2.4032822741511026,0.2964967702149682,0.8407127518643805,1.8840731064622664,0.036,0.0,0.0
3000,validation,model,always_resting,64,0.005269891536963668,0.008042541827300076,0.0024972412466272584,0.004021270913650038,0.0012486206233136292,0.5211026051594233,1.5216417181245998,1.770874923726414,0.1793236367834499,0.4198488535706793,0.7618058307959605,0.0625,0.0,0.0
3000,validation,model,moved_then_stopped,417,0.005258529690668052,0.004976949638193155,0.005540109743142948,0.0024884748190965775,0.002770054871571474,0.42139208007676976,1.1521281818130007,1.7832888659633919,0.26307629786890685,0.7744267353718138,1.2016501620260913,0.050359712230215826,0.0,0.0
3000,validation,model,moving_at_observation,519,0.007864510291805488,0.0070977713549486,0.008631249228662376,0.0035488856774743,0.004315624614331188,0.503665374074845,1.3630721864368516,2.4032822741511026,0.33779815269651875,0.9190612493707107,1.8840731064622664,0.02119460500963391,0.0,0.0
3000,validation,model,breakaway,102,0.004618576320233297,0.0065984996415862284,0.0026386529988803647,0.0032992498207931142,0.0013193264994401824,0.47522880972180004,1.358731996268836,1.770874923726414,0.18860485993548162,0.5489036285874253,0.7618058307959605,0.049019607843137254,0.0,0.0
3100,train,model,overall,8000,0.006728641230452951,0.0066891490362303765,0.006768133424675524,0.0033445745181151882,0.003384066712337762,0.4714682310626556,1.2809923329856305,7.123803672939246,0.2935811229080459,0.8071093497616247,2.7328567873281258,0.037875,0.00075,0.0
3100,train,model,always_resting,561,0.005326138998805586,0.0075330089597679725,0.0031192690378432013,0.0037665044798839862,0.0015596345189216006,0.4941591136208687,1.4901529468792574,2.7543215289608267,0.19897234330263197,0.582355805277696,1.007418456316786,0.0873440285204991,0.0017825311942959,0.0
3100,train,model,moved_then_stopped,3321,0.004976175459089826,0.004845699187866906,0.005106651730312747,0.002422849593933453,0.0025533258651563736,0.41443344783663116,1.1052490116306086,2.3315962952507867,0.25425694593467696,0.7151962731055026,1.6653271113427097,0.04938271604938271,0.0009033423667570009,0.0
3100,train,model,moving_at_observation,4118,0.008332998340373082,0.008060856546990574,0.00860514013375559,0.004030428273495287,0.004302570066877795,0.5143732650545132,1.3967451865438771,7.123803672939246,0.33818314259896265,0.8993862931785114,2.7328567873281258,0.021855269548324428,0.00048567265662943174,0.0
3100,train,model,breakaway,810,0.0051966104582910014,0.007015062719695387,0.0033781581968866164,0.0035075313598476937,0.0016890790984433082,0.47281474012017627,1.4824870122455744,2.7543215289608267,0.2107526342854295,0.5760163426664945,1.007418456316786,0.0654320987654321,0.0024691358024691358,0.0
3100,validation,model,overall,1000,0.0066080386652489585,0.00627316653454859,0.006942910795949329,0.003136583267274295,0.0034714553979746645,0.46972656639019195,1.27103159802052,2.4092555210925735,0.29631627153275636,0.8414083838065721,1.8853661840441625,0.037,0.0,0.0
3100,validation,model,always_resting,64,0.005294485981561757,0.008108449735438762,0.002480522227684752,0.004054224867719381,0.001240261113842376,0.5213974357593008,1.5434536002488173,1.7966770910194714,0.17866643744056654,0.4202247933372076,0.7584177078887182,0.0625,0.0,0.0
3100,validation,model,moved_then_stopped,417,0.0052535438509311175,0.004962993829841295,0.0055440938720209415,0.0024814969149206476,0.0027720469360104708,0.4204891283651311,1.1646844875277207,1.789623817926692,0.26314896251170133,0.7690308470227871,1.2057170650673432,0.050359712230215826,0.0,0.0
3100,validation,model,moving_at_observation,519,0.007858311708267304,0.007099532417026375,0.008617090999508232,0.0035497662085131874,0.004308545499754116,0.5029155375208805,1.372985031782875,2.4092555210925735,0.3374730292277083,0.9179770738920872,1.8853661840441625,0.023121387283236993,0.0,0.0
3100,validation,model,breakaway,102,0.004625484592740818,0.006625752560749884,0.0026252166247317517,0.003312876280374942,0.0013126083123658758,0.474957348065489,1.3756295484733951,1.7966770910194714,0.18828640464302762,0.5471877471629137,0.7584177078887182,0.049019607843137254,0.0,0.0
3200,train,model,overall,8000,0.006724640649298152,0.006683913614591694,0.00676536768400461,0.003341956807295847,0.003382683842002305,0.47096580658651954,1.2705735950390713,7.204122644110512,0.29364476163220704,0.8024871319478819,2.74329642008276,0.03925,0.001125,0.0
3200,train,model,always_resting,561,0.005286364267774264,0.007432116558894486,0.0031406119766540404,0.003716058279447243,0.0015703059883270202,0.4913946558819841,1.4729250611592586,2.786608583782145,0.1997841089175511,0.5849902396141466,1.0160739729814825,0.08912655971479501,0.0035650623885918,0.0
3200,train,model,moved_then_stopped,3321,0.004957863223679908,0.004828723111724035,0.005087003335635782,0.0024143615558620173,0.002543501667817891,0.413738940983436,1.1023110981378776,2.361859568632486,0.2545420341529549,0.712489426896445,1.650528762859956,0.051490514905149054,0.0015055706112616681,0.0
3200,train,model,moving_at_observation,4118,0.00834541308264276,0.008078120950256978,0.008612705215028542,0.004039060475128489,0.004306352607514271,0.5143339066868315,1.4001797924972428,7.204122644110512,0.33796627307745203,0.8999231996516424,2.74329642008276,0.022583778533268577,0.00048567265662943174,0.0
3200,train,model,breakaway,810,0.005178137285243365,0.00695765832073921,0.0033986162497475192,0.003478829160369605,0.0016993081248737596,0.4720361491220511,1.4626967441397016,2.786608583782145,0.21164573042774168,0.5835216404737159,1.0160739729814825,0.0728395061728395,0.0012345679012345679,0.0
3200,validation,model,overall,1000,0.006589890069964961,0.006235256568223997,0.006944523571705925,0.0031176282841119986,0.0034722617858529625,0.46969612667857985,1.2695952104624844,2.382187153764873,0.29697076434166814,0.8353667921421059,1.8571421693925352,0.036,0.0,0.0
3200,validation,model,always_resting,64,0.0052568906923029755,0.007965523569611013,0.002548257814994939,0.003982761784805507,0.0012741289074974696,0.5190597212427144,1.5073735243213355,1.7590539572932085,0.18029301346396168,0.43421551044235396,0.7652470235245252,0.09375,0.0,0.0
3200,validation,model,moved_then_stopped,417,0.005242633110445301,0.004954494941608254,0.005530771279282348,0.002477247470804127,0.002765385639641174,0.42075763766720314,1.1449232786994579,1.753605808349357,0.26365775876446623,0.7790204705183379,1.198283366909945,0.045563549160671464,0.0,0.0
3200,validation,model,moving_at_observation,519,0.00783674577765295,0.007050941558994704,0.008622549996311193,0.003525470779497352,0.004311274998155597,0.5029294212173842,1.3374510731892393,2.382187153764873,0.3381247130543202,0.9065657643140254,1.8571421693925352,0.02119460500963391,0.0,0.0
3200,validation,model,breakaway,102,0.00459801142543709,0.006546132642471716,0.002649890208402463,0.003273066321235858,0.0013249451042012315,0.47447873021040765,1.343984601426208,1.7590539572932085,0.18775192370752813,0.5525374778432547,0.7652470235245252,0.058823529411764705,0.0,0.0
3300,train,model,overall,8000,0.006719216197337669,0.006677265556069189,0.006761166838606149,0.0033386327780345944,0.0033805834193030744,0.47117998575440245,1.2750997387112362,7.142251558885505,0.29345923188427475,0.8064795687852294,2.728326165323949,0.038875,0.000625,0.0
3300,train,model,always_resting,561,0.005296068936126797,0.007479771607976352,0.0031123662642772417,0.003739885803988176,0.0015561831321386208,0.4926551652567787,1.4832323757610748,2.7827388514566995,0.19882263243916898,0.579803603386685,1.0066054323605607,0.08912655971479501,0.0017825311942959,0.0
3300,train,model,moved_then_stopped,3321,0.00497123155972284,0.004844115346214411,0.005098347773231268,0.0024220576731072054,0.002549173886615634,0.4145451925829354,1.102210968578147,2.3619832364162994,0.2541908619207406,0.7117226848615377,1.6616694308349607,0.051189400782896716,0.00030111412225233364,0.0
3300,train,model,moving_at_observation,4118,0.008322771951358589,0.00804630051279765,0.008599243389919528,0.004023150256398825,0.004299621694959764,0.5139280606503737,1.3891702188957693,7.142251558885505,0.33802003541453246,0.8998306645064772,2.728326165323949,0.022098105876639147,0.0007285089849441476,0.0
3300,train,model,breakaway,810,0.005178194640535473,0.006989536192235443,0.0033668530888355053,0.0034947680961177215,0.0016834265444177527,0.4725106137051841,1.4665162337504642,2.7827388514566995,0.2104688316223712,0.5755844299311601,1.0066054323605607,0.07037037037037037,0.0,0.0
3300,validation,model,overall,1000,0.006596140239250474,0.006255912346230688,0.006936368132270259,0.003127956173115344,0.0034681840661351295,0.46952440102156084,1.26387737067653,2.387774520027529,0.2963622576694577,0.8389148877486492,1.876889849356834,0.036,0.0,0.0
3300,validation,model,always_resting,64,0.005246932215354433,0.008011345085336427,0.0024825193453724428,0.004005672542668213,0.0012412596726862214,0.5193055076940991,1.5183201688213122,1.7732403025500805,0.17850707639948898,0.42394391785582636,0.757148882644523,0.0625,0.0,0.0
3300,validation,model,moved_then_stopped,417,0.005251065204746785,0.004966980535621607,0.005535149873871963,0.0024834902678108036,0.0027675749369359816,0.4207725977309239,1.149213946168166,1.7708625782725744,0.26301566368905976,0.7749362484547511,1.2081328832239884,0.050359712230215826,0.0,0.0
3300,validation,model,moving_at_observation,519,0.00784324159361923,0.007075058530664638,0.00861142465657382,0.003537529265332319,0.00430571232828691,0.5025562144033587,1.373480843921432,2.387774520027529,0.33768838732476386,0.915441105367692,1.876889849356834,0.02119460500963391,0.0,0.0
3300,validation,model,breakaway,102,0.004594328992117057,0.006571027200082793,0.0026176307841513195,0.0032855136000413967,0.0013088153920756598,0.474243057437335,1.3540693140171607,1.7732403025500805,0.18757617689154177,0.5470656223765079,0.757148882644523,0.049019607843137254,0.0,0.0
3400,train,model,overall,8000,0.006715273738392067,0.006673339598333058,0.006757207878451078,0.003336669799166529,0.003378603939225539,0.4708429533354146,1.276357960131197,7.152249122882189,0.29346586394559804,0.8033985798292846,2.7326881622506987,0.039125,0.000875,0.0
3400,train,model,always_resting,561,0.005294120763273621,0.007457871370352787,0.0031303701561944536,0.0037289356851763935,0.0015651850780972268,0.4921816953651489,1.479446328402119,2.7829331865455487,0.19943208459157172,0.5818597621297754,1.0139140169875835,0.08912655971479501,0.0017825311942959,0.0
3400,train,model,moved_then_stopped,3321,0.004962252223937926,0.004832961402462778,0.005091543045413072,0.002416480701231389,0.002545771522706536,0.4140168747675052,1.1039232490257982,2.3600357012794824,0.25438429124869333,0.7148995271091607,1.6532510164364944,0.051791629027401385,0.0009033423667570009,0.0
3400,train,model,moving_at_observation,4118,0.008322619845372073,0.008050652290023715,0.008594587400720426,0.004025326145011858,0.004297293700360213,0.5137638791842116,1.3917252039574304,7.152249122882189,0.33779390016318644,0.8999471523232455,2.7326881622506987,0.022098105876639147,0.0007285089849441476,0.0
3400,train,model,breakaway,810,0.005180419691450488,0.006972820518896339,0.003388018864004639,0.0034864102594481697,0.0016940094320023196,0.4722384067359798,1.4629506962782102,2.7829331865455487,0.21120655255577284,0.5807923965174872,1.0139140169875835,0.07160493827160494,0.0,0.0
3400,validation,model,overall,1000,0.006591296788934745,0.006247137919862529,0.006935455658006959,0.0031235689599312644,0.0034677278290034795,0.4694750005052223,1.2626909368309898,2.389690905760151,0.2965524317778446,0.8393295599250941,1.8642880493657459,0.036,0.0,0.0
3400,validation,model,always_resting,64,0.005260075414180906,0.00799477990006427,0.002525370928297542,0.003997389950032135,0.001262685464148771,0.5193674233096057,1.5146020922518055,1.7671533835291275,0.17979202565882763,0.4310630703262824,0.7628986126006081,0.078125,0.0,0.0
3400,validation,model,moved_then_stopped,417,0.005246154290063041,0.004960122842866222,0.0055321857372598576,0.002480061421433111,0.0027660928686299288,0.42071197746232053,1.1500705082918394,1.7678024979979203,0.2632601897387066,0.7770403812736947,1.2023208818243356,0.047961630695443645,0.0,0.0
3400,validation,model,moving_at_observation,519,0.007836234341947742,0.007065704779929096,0.00860676390396639,0.003532852389964548,0.004303381951983195,0.5025021017564929,1.3621447710415486,2.389690905760151,0.3376998902016166,0.9095383873519179,1.8642880493657459,0.02119460500963391,0.0,0.0
3400,validation,model,breakaway,102,0.004600037318569147,0.006560351559893649,0.002639723077244646,0.0032801757799468243,0.001319861538622323,0.4741851861607739,1.349995250898535,1.7671533835291275,0.18782525835704833,0.5553510055696431,0.7628986126006081,0.049019607843137254,0.0,0.0
3500,train,model,overall,8000,0.006713134900448132,0.006672029562569655,0.006754240238326608,0.0033360147812848276,0.003377120119163304,0.4707381800318649,1.2695346870562034,7.189405248003787,0.29328534541932877,0.804435038371553,2.740034052679538,0.039,0.001125,0.0
3500,train,model,always_resting,561,0.005269073199360192,0.0074139916693062744,0.00312415472941411,0.0037069958346531372,0.001562077364707055,0.4909165265768133,1.4686576496324366,2.8021574830142444,0.1990582004474441,0.5819263133976433,1.0147122755499733,0.0873440285204991,0.0035650623885918,0.0
3500,train,model,moved_then_stopped,3321,0.004951144872685822,0.00482317300711358,0.005079116738258066,0.00241158650355679,0.002539558369129033,0.41367620724044907,1.1034725562489065,2.3788783013176875,0.25407156092246186,0.7124214375089479,1.6551749401202382,0.051490514905149054,0.0009033423667570009,0.0
3500,train,model,moving_at_observation,4118,0.008330834632480421,0.008061979023179268,0.008599690241781574,0.004030989511589634,0.004299845120890787,0.5140074270519172,1.3945420788161562,7.189405248003787,0.3377463475182414,0.9007627620066535,2.740034052679538,0.022340942204953862,0.0009713453132588635,0.0
3500,train,model,breakaway,810,0.005170648838313559,0.006954033406330358,0.0033872642702967607,0.003477016703165179,0.0016936321351483804,0.47222717440890283,1.4600245033163153,2.8021574830142444,0.21108234737307155,0.5810356189324667,1.0147122755499733,0.07407407407407407,0.0012345679012345679,0.0
3500,validation,model,overall,1000,0.006590192237335362,0.006243839878347792,0.006936544596322932,0.003121919939173896,0.003468272298161466,0.46991569948422873,1.2753471116897903,2.3884532980890594,0.2964847461803957,0.8351979923051865,1.86552948373442,0.037,0.0,0.0
3500,validation,model,always_resting,64,0.005221934793996776,0.007926273147795279,0.0025175964401982736,0.003963136573897639,0.0012587982200991368,0.5182989689620554,1.4948403523316511,1.7498108365152576,0.17931200863302918,0.42766977596467737,0.7630617452368502,0.09375,0.0,0.0
3500,validation,model,moved_then_stopped,417,0.005235124918418699,0.004956052102823259,0.005514197734014138,0.0024780260514116297,0.002757098867007069,0.4207589106194437,1.131679328548527,1.7474703055561922,0.26284603702550835,0.7760691607452536,1.198790740080732,0.050359712230215826,0.0,0.0
3500,validation,model,moving_at_observation,519,0.00784767113591324,0.007071068728346043,0.008624273543480436,0.0035355343641730215,0.004312136771740218,0.5034452788869926,1.343830346765182,2.3884532980890594,0.3379614261815894,0.9111312166947586,1.86552948373442,0.019267822736030827,0.0,0.0
3500,validation,model,breakaway,102,0.004582383309161291,0.0065265475840243625,0.0026382190342982195,0.0032632737920121812,0.0013191095171491097,0.4743980438412665,1.3326979053894814,1.7498108365152576,0.18740896781959093,0.5537193225551971,0.7630617452368502,0.06862745098039216,0.0,0.0
3600,train,model,overall,8000,0.006708529982785894,0.006666016014443747,0.006751043951128041,0.0033330080072218734,0.0033755219755640204,0.4706014654298683,1.2770923203163838,7.141106004677553,0.29323316841045893,0.8057265435254456,2.7308438432989384,0.03825,0.000375,0.0
3600,train,model,always_resting,561,0.005287678644941203,0.007464107229512313,0.0031112500603700933,0.0037320536147561565,0.0015556250301850467,0.49215859685432356,1.4881076062047232,2.766257097306476,0.19881456182488086,0.5792659861241767,1.007208530934862,0.08912655971479501,0.0017825311942959,0.0
3600,train,model,moved_then_stopped,3321,0.004957494787793813,0.0048289345312248905,0.005086055044362735,0.0024144672656124452,0.0025430275221813674,0.41384436823776394,1.1024290016916969,2.3432596549971025,0.2539046234620713,0.7113200247252951,1.6592156649028538,0.050286058416139714,0.00030111412225233364,0.0
3600,train,model,moving_at_observation,4118,0.00831423311127049,0.00803882282214563,0.008589643400395353,0.004019411411072815,0.004294821700197677,0.5134370091515438,1.388768830615522,7.141106004677553,0.3378128032011594,0.8997813539757619,2.7308438432989384,0.021612433220009712,0.00024283632831471587,0.0
3600,train,model,breakaway,810,0.005164446716120583,0.006960571899248008,0.003368321532993155,0.003480285949624004,0.0016841607664965774,0.4713682770282457,1.4674243645191025,2.766257097306476,0.21055347793114226,0.5759112230486413,1.007208530934862,0.07037037037037037,0.0012345679012345679,0.0
3600,validation,model,overall,1000,0.006584116968298661,0.00624100965011383,0.006927224286483493,0.003120504825056915,0.0034636121432417466,0.4688943369476216,1.268239455344282,2.3964684582128886,0.29601147793537586,0.8383835951988767,1.8739610229274066,0.038,0.0,0.0
3600,validation,model,always_resting,64,0.005244090708891234,0.008010392410352684,0.0024777890074297827,0.004005196205176342,0.0012388945037148913,0.5186762586942164,1.5247496266821856,1.7785176857493616,0.17839012016964823,0.42276388469977905,0.7568165542876135,0.0625,0.0,0.0
3600,validation,model,moved_then_stopped,417,0.005236957723714471,0.004948771574662454,0.005525143872766488,0.002474385787331227,0.002762571936383244,0.4198681831308228,1.1547706316145545,1.7737097267991602,0.2626973339668962,0.7714167920058169,1.2053551345923574,0.05275779376498801,0.0,0.0
3600,validation,model,moving_at_observation,519,0.007831760678498435,0.00706109207941621,0.00860242927758066,0.003530546039708105,0.00430121463879033,0.5021464817449685,1.3684413352393985,2.3964684582128886,0.33728270131083377,0.914600806057555,1.8739610229274066,0.023121387283236993,0.0,0.0
3600,validation,model,breakaway,102,0.004586364315096014,0.0065530880681001265,0.0026196405620919007,0.0032765440340500633,0.0013098202810459504,0.47302790363694924,1.3576351420622155,1.7785176857493616,0.18765745229350123,0.5467085067038597,0.7568165542876135,0.049019607843137254,0.0,0.0
3700,train,model,overall,8000,0.006704352701287091,0.006660766093377406,0.006747939309196777,0.003330383046688703,0.0033739696545983886,0.47038167046436813,1.2766232417094083,7.163764174271229,0.29318379692426594,0.803844683782194,2.734723646687867,0.038875,0.001,0.0
3700,train,model,always_resting,561,0.005280996407550746,0.007446986540253648,0.003115006274847845,0.003723493270126824,0.0015575031374239225,0.491753916680562,1.482644372642362,2.7757193099758624,0.1987475482444415,0.5775858582532047,1.0106437319094064,0.08912655971479501,0.0017825311942959,0.0
3700,train,model,moved_then_stopped,3321,0.004953232634523752,0.004821170381823025,0.0050852948872244785,0.0024105851909115125,0.0025426474436122393,0.41360377736928555,1.1035745429839696,2.3548876810909007,0.2539972003086829,0.712373503476786,1.6598992955044036,0.051490514905149054,0.0009033423667570009,0.0
3700,train,model,moving_at_observation,4118,0.008310465528510778,0.008037217693031248,0.008583713363990308,0.004018608846515624,0.004291856681995154,0.5132591723685654,1.3893718852375416,7.163764174271229,0.33765135954440506,0.8980486594303286,2.734723646687867,0.021855269548324428,0.0009713453132588635,0.0
3700,train,model,breakaway,810,0.005164520384497152,0.006953225606325545,0.0033758151626687564,0.0034766128031627724,0.0016879075813343782,0.47130337495265234,1.4607693313975254,2.7757193099758624,0.2106432179211166,0.5772510420788284,1.0106437319094064,0.07160493827160494,0.0,0.0
3700,validation,model,overall,1000,0.006583552429980443,0.006238708787927344,0.006928396072033545,0.003119354393963672,0.0034641980360167724,0.4690637692701801,1.2663599981994518,2.401236641636901,0.29614013744577167,0.8390370978627157,1.869761944645684,0.036,0.0,0.0
3700,validation,model,always_resting,64,0.005234685869209689,0.007984308770949893,0.0024850629674694836,0.003992154385474947,0.0012425314837347418,0.5185472252822427,1.5186118225524423,1.768127034868416,0.17848562378018434,0.4235751039967578,0.7593517082118288,0.0625,0.0,0.0
3700,validation,model,moved_then_stopped,417,0.005234829587275796,0.004946106491054753,0.005523552683496837,0.0024730532455273764,0.0027617763417484187,0.41987089022909585,1.1496734503900607,1.7699225171490025,0.2628818957753064,0.7683035194151325,1.2013707608296942,0.050359712230215826,0.0,0.0
3700,validation,model,moving_at_observation,519,0.007833542575061688,0.007062016608510054,0.008605068541613328,0.003531008304255027,0.004302534270806664,0.5024866775078682,1.3494432218705659,2.401236641636901,0.3373705336908228,0.9173169038607429,1.869761944645684,0.02119460500963391,0.0,0.0
3700,validation,model,breakaway,102,0.004581687878922563,0.006539233948605915,0.0026241418092392103,0.0032696169743029577,0.0013120709046196052,0.4729988645889367,1.3524029952364867,1.768127034868416,0.18749449787041347,0.5497969206484007,0.7593517082118288,0.049019607843137254,0.0,0.0
3800,train,model,overall,8000,0.006703111570469547,0.0066605977231219155,0.006745625417817178,0.0033302988615609578,0.003372812708908589,0.47038253215549475,1.2714828157318963,7.180501167569247,0.2931258894298437,0.80379812876062,2.7243407929356156,0.0385,0.000875,0.0
3800,train,model,always_resting,561,0.005256178108274778,0.007401967312342229,0.003110388904207327,0.0037009836561711145,0.0015551944521036635,0.4907671724659674,1.4710455769054076,2.801448717839721,0.19875943374540625,0.5830419324434208,1.0147625634855004,0.0873440285204991,0.0035650623885918,0.0
3800,train,model,moved_then_stopped,3321,0.004947729333656584,0.004818465080114292,0.005076993587198876,0.002409232540057146,0.002538496793599438,0.41344636310791255,1.1034663818229653,2.3797039929870563,0.2540108512555822,0.714720487792603,1.6466566631547677,0.050286058416139714,0.0009033423667570009,0.0
3800,train,model,moving_at_observation,4118,0.008315873610476131,0.008045205340381684,0.008586541880570583,0.004022602670190842,0.0042932709402852915,0.5135222199148064,1.3983600062848527,7.180501167569247,0.3375262350868839,0.9024504583795324,2.7243407929356156,0.022340942204953862,0.00048567265662943174,0.0
3800,train,model,breakaway,810,0.005156752678412861,0.006943544445569449,0.0033699609112562744,0.0034717722227847244,0.0016849804556281372,0.47200500257985034,1.4583284008236093,2.801448717839721,0.21050044524644845,0.5817252511858979,1.0147625634855004,0.07160493827160494,0.0024691358024691358,0.0
3800,validation,model,overall,1000,0.006574419886195145,0.006225427603752728,0.006923412168637563,0.003112713801876364,0.0034617060843187817,0.46949237173734026,1.2695452965436669,2.3811401618507855,0.2962621451051437,0.8346106899105429,1.8612505153990937,0.034,0.0,0.0
3800,validation,model,always_resting,64,0.005221271053961819,0.007923517182931718,0.0025190249249919198,0.003961758591465859,0.0012595124624959599,0.518946770146993,1.4952401805048816,1.742035457066247,0.17954789511862934,0.43167628355201304,0.7615896996688012,0.0625,0.0,0.0
3800,validation,model,moved_then_stopped,417,0.005230859226560309,0.00495001231759366,0.005511706135526957,0.00247500615879683,0.0027558530677634784,0.42098049196024745,1.1329110320942146,1.7475637537687727,0.26255895446819544,0.7781852697130739,1.2047190100405398,0.045563549160671464,0.0,0.0
3800,validation,model,moving_at_observation,519,0.007820790445599114,0.007040784908686977,0.00860079598251125,0.0035203924543434884,0.004300397991255625,0.502371701927764,1.343872189248424,2.3811401618507855,0.33773409596206927,0.9063193314044306,1.8612505153990937,0.02119460500963391,0.0,0.0
3800,validation,model,breakaway,102,0.004573144200702811,0.006517937563354837,0.002628350838050784,0.0032589687816774186,0.001314175419025392,0.4737886625409588,1.3314010208671254,1.742035457066247,0.18708646557562952,0.5551274204151608,0.7615896996688012,0.0392156862745098,0.0,0.0
3900,train,model,overall,8000,0.006696772346452232,0.0066524417947055525,0.0067411028981989125,0.0033262208973527762,0.0033705514490994563,0.47012358885776384,1.2753111720771424,7.139584797953354,0.2930783628205784,0.8027979778191587,2.7323700286443846,0.039375,0.000625,0.0
3900,train,model,always_resting,561,0.005272298199473755,0.007423814037307209,0.0031207823616403,0.0037119070186536047,0.00156039118082015,0.4910221057162661,1.478343662739492,2.769283238678054,0.1989979151727623,0.5840057373642937,1.016132035931155,0.0873440285204991,0.0017825311942959,0.0
3900,train,model,moved_then_stopped,3321,0.004948320735357757,0.004821721896112962,0.005074919574602552,0.002410860948056481,0.002537459787301276,0.41356144413965834,1.0991369871197088,2.34678697633466,0.2539708229313333,0.7148191377427222,1.6472507027676335,0.051189400782896716,0.0006022282445046673,0.0
3900,train,model,moving_at_observation,4118,0.008300885458861089,0.008023758199544422,0.008578012718177758,0.004011879099772211,0.004289006359088879,0.5128916351548033,1.3906794838099725,7.139584797953354,0.3374336982024648,0.8958109435462204,2.7323700286443846,0.023312287518212724,0.00048567265662943174,0.0
3900,train,model,breakaway,810,0.005155778541987228,0.006928634798050755,0.0033829222859236992,0.0034643173990253776,0.0016914611429618496,0.4705874201460931,1.459254052358454,2.769283238678054,0.2109205697361261,0.582996534564245,1.016132035931155,0.0691358024691358,0.0,0.0
3900,validation,model,overall,1000,0.00657019832384085,0.006218902031733304,0.006921494615948398,0.003109451015866652,0.003460747307974199,0.46842202928596754,1.2600051883889216,2.385064986779172,0.29616407063566536,0.8360497272722069,1.8648812330137519,0.035,0.0,0.0
3900,validation,model,always_resting,64,0.0052410667713391305,0.007965464528881416,0.0025166690137968465,0.003982732264440708,0.0012583345068984233,0.5178458579096077,1.515176601169672,1.770092004373251,0.17938556272036837,0.4298898777560749,0.7632382166588279,0.09375,0.0,0.0
3900,validation,model,moved_then_stopped,417,0.005228658112969902,0.004941379073443951,0.005515937152495851,0.0024706895367219753,0.0027579685762479256,0.41994673342018485,1.1548178466789294,1.7647828654570694,0.2627263677288072,0.7790382603213457,1.19989322282046,0.045563549160671464,0.0,0.0
3900,validation,model,moving_at_observation,519,0.007811983848490744,0.0070299753916353855,0.008593992305346104,0.0035149876958176928,0.004296996152673052,0.501275735151321,1.3627170045815864,2.385064986779172,0.3374306344482643,0.910232970571691,1.8648812330137519,0.019267822736030827,0.0,0.0
3900,validation,model,breakaway,102,0.004576283799482256,0.006517065992122054,0.0026355016068424575,0.003258532996061027,0.0013177508034212288,0.47212772334534486,1.3474293652197404,1.770092004373251,0.18735513923856834,0.5542982543882833,0.7632382166588279,0.058823529411764705,0.0,0.0
4000,train,model,overall,8000,0.006693969033333529,0.0066501276715111995,0.006737810395155857,0.0033250638357555998,0.0033689051975779286,0.47005748273965253,1.2713900890775691,7.168149266515307,0.2929983213117075,0.8018492511517392,2.7316236272864325,0.03875,0.000875,0.000125
4000,train,model,always_resting,561,0.005256478546554192,0.007402168809771196,0.0031107882833371872,0.003701084404885598,0.0015553941416685936,0.49073312582823403,1.4644462036938228,2.7947820479675842,0.198688194674189,0.5829785795322491,1.014751649933535,0.08912655971479501,0.0035650623885918,0.0017825311942959
4000,train,model,moved_then_stopped,3321,0.0049418988453777445,0.004812739531020397,0.005071058159735094,0.0024063697655101984,0.002535529079867547,0.4132889373327593,1.100219044342525,2.373032906408355,0.2539115104032442,0.7151751593056217,1.6480680065481592,0.050286058416139714,0.0009033423667570009,0.0
4000,train,model,moving_at_observation,4118,0.008302773612567226,0.008029455242178051,0.008576091982956398,0.004014727621089026,0.004288045991478199,0.5130223451786031,1.3957640393502975,7.168149266515307,0.3373682290510602,0.8995184370017734,2.7316236272864325,0.022583778533268577,0.00048567265662943174,0.0
4000,train,model,breakaway,810,0.00515258345155946,0.00693514446828383,0.0033700224348350897,0.003467572234141915,0.0016850112174175448,0.47160114814380316,1.4615144095384631,2.7947820479675842,0.21047613783863944,0.5817044342088974,1.014751649933535,0.0728395061728395,0.0024691358024691358,0.0
4000,validation,model,overall,1000,0.006569242868560568,0.006218212920015489,0.006920272817105648,0.0031091064600077445,0.003460136408552824,0.4689426640080485,1.2694296188350427,2.3814479365608783,0.2961749699693252,0.8376507560451031,1.8582332392674625,0.034,0.0,0.0
4000,validation,model,always_resting,64,0.00521750096195827,0.007926549126940699,0.0025084527969758403,0.0039632745634703495,0.0012542263984879202,0.5185579365220943,1.497889820887638,1.748917499497976,0.17900419805363205,0.4303134234349023,0.7612304084188004,0.09375,0.0,0.0
4000,validation,model,moved_then_stopped,417,0.0052286495257488725,0.004943207958116442,0.005514091093381304,0.002471603979058221,0.002757045546690652,0.42051151331380765,1.1369581556432566,1.7511180402621993,0.2627836658286129,0.7727723407564152,1.2006215775859466,0.045563549160671464,0.0,0.0
4000,validation,model,moving_at_observation,519,0.007813055789514372,0.007031976989126643,0.008594134589902103,0.0035159884945633216,0.004297067294951051,0.5017372929070842,1.349478524103485,2.3814479365608783,0.33745262551707345,0.9112860778864487,1.8582332392674625,0.017341040462427744,0.0,0.0
4000,validation,model,breakaway,102,0.00456783665679464,0.0065091491979501195,0.002626524115639161,0.0032545745989750598,0.0013132620578195804,0.47319744887767745,1.3331257680264859,1.748917499497976,0.1869368185818392,0.5540312147510731,0.7612304084188004,0.058823529411764705,0.0,0.0
4100,train,model,overall,8000,0.0066888409535258014,0.006643292045673214,0.006734389861378388,0.003321646022836607,0.003367194930689194,0.46989097204027985,1.276996204767015,7.127519285451406,0.29290778450390736,0.8043098753452977,2.7224998978432957,0.03875,0.00075,0.000125
4100,train,model,always_resting,561,0.005267189885352912,0.0074365001653032455,0.0030978796054025783,0.0037182500826516227,0.0015489398027012892,0.4915140964339757,1.4813842165219655,2.770298616271467,0.19842984480260478,0.5784613791557416,1.0058613849059734,0.0855614973262032,0.0017825311942959,0.0
4100,train,model,moved_then_stopped,3321,0.004946561393091943,0.004815707343670803,0.005077415442513083,0.0024078536718354017,0.0025387077212565413,0.41338214249486904,1.1017168957798993,2.3490776198340857,0.25364907053355096,0.7100987055308321,1.656551902258418,0.051189400782896716,0.0009033423667570009,0.0
4100,train,model,moving_at_observation,4118,0.008287591966018719,0.008009105314307879,0.008566078617729556,0.0040045526571539395,0.004283039308864778,0.5125173076729768,1.3844333551300723,7.127519285451406,0.33743918646310705,0.8969125283950862,2.7224998978432957,0.022340942204953862,0.00048567265662943174,0.00024283632831471587
4100,train,model,breakaway,810,0.005143374759268414,0.006936865344967673,0.0033498841735691556,0.0034684326724838364,0.0016749420867845778,0.4707801868496519,1.4595841546825215,2.770298616271467,0.20991427560185263,0.5749814454855069,1.0058613849059734,0.0691358024691358,0.0024691358024691358,0.0
4100,validation,model,overall,1000,0.006567197530680972,0.006223002947020478,0.006911392114341466,0.003111501473510239,0.003455696057170733,0.4682989298258648,1.2643601168133354,2.3946850385936873,0.2956343907448537,0.8408787240916873,1.868454886304407,0.036,0.0,0.0
4100,validation,model,always_resting,64,0.0052189124982741746,0.007978491821571567,0.0024593331749767824,0.003989245910785783,0.0012296665874883912,0.5181088771441309,1.5182562776739794,1.7708358707420522,0.1777007586158715,0.4231811604360066,0.7538466415449043,0.0625,0.0,0.0
4100,validation,model,moved_then_stopped,417,0.005227499156123333,0.0049374454623182734,0.005517552849928392,0.0024687227311591367,0.002758776424964196,0.41956428554195313,1.1512341411466975,1.76942738109727,0.26237378817503765,0.7680867177821663,1.2086428242893554,0.05275779376498801,0.0,0.0
4100,validation,model,moving_at_observation,519,0.007809865091884384,0.007039431045574524,0.008580299138194246,0.003519715522787262,0.004290149569097123,0.5013134000339999,1.363966746572822,2.3946850385936873,0.3369011031299562,0.9147296342724114,1.868454886304407,0.019267822736030827,0.0,0.0
4100,validation,model,breakaway,102,0.004563193518638914,0.006522798017801509,0.0026035890194763198,0.0032613990089007546,0.0013017945097381599,0.47197781569816233,1.3502319398787574,1.7708358707420522,0.1870061727150331,0.5439334543615381,0.7538466415449043,0.049019607843137254,0.0,0.0
4200,train,model,overall,8000,0.006684696028053342,0.00663867007044408,0.006730721985662606,0.00331933503522204,0.003365360992831303,0.46972513327864934,1.2766613618909242,7.122762260022924,0.2927897757503494,0.8017012637571873,2.7212376349963607,0.039,0.001125,0.0
4200,train,model,always_resting,561,0.005265091685734884,0.007431449945412798,0.0030987334260569686,0.003715724972706399,0.0015493667130284843,0.4912514454525661,1.4825574332605083,2.765337492508046,0.19830473631713688,0.5820832402886502,1.013052417025551,0.08912655971479501,0.0017825311942959,0.0
4200,train,model,moved_then_stopped,3321,0.004941384055896688,0.004812213341161681,0.005070554770631695,0.0024061066705808403,0.0025352773853158476,0.4131904335414137,1.0986955460714194,2.345297383931136,0.25370884772706076,0.7160866790396274,1.647808078552328,0.051791629027401385,0.0012044564890093346,0.0
4200,train,model,moving_at_observation,4118,0.00828400081085395,0.008003632015099106,0.008564369606608797,0.004001816007549553,0.004282184803304398,0.5123855210148787,1.3871491372428482,7.122762260022924,0.3371787677579682,0.899577815423625,2.7212376349963607,0.021855269548324428,0.0009713453132588635,0.0
4200,train,model,breakaway,810,0.005143682143179675,0.006929631317094237,0.0033577329692651135,0.0034648156585471183,0.0016788664846325567,0.47046882051625594,1.4594866594809255,2.765337492508046,0.20991438880983246,0.5808024826367547,1.013052417025551,0.0691358024691358,0.0024691358024691358,0.0
4200,validation,model,overall,1000,0.006564989296293661,0.006218422338707595,0.006911556253879726,0.0031092111693537977,0.003455778126939863,0.4681531866819533,1.2645987408771306,2.3945344056540048,0.29585315722356326,0.8392088332146264,1.8626277628588936,0.036,0.0,0.0
4200,validation,model,always_resting,64,0.005237139522880328,0.007982364278899395,0.002491914766861261,0.003991182139449698,0.0012459573834306306,0.5181588638381447,1.520021832877416,1.7739540655767687,0.17883195853083866,0.42808584621706036,0.759128444044169,0.078125,0.0,0.0
4200,validation,model,moved_then_stopped,417,0.005218277146533241,0.00493011690150816,0.00550643739155832,0.00246505845075408,0.00275321869577916,0.419254803350831,1.152172365850172,1.7643407298841134,0.2622678588486126,0.7727344215131154,1.2060481094769626,0.050359712230215826,0.0,0.0
4200,validation,model,moving_at_observation,519,0.007810772248024967,0.007036015947840331,0.008585528548209606,0.0035180079739201655,0.004292764274104803,0.5012750797668893,1.3633087502779693,2.3945344056540048,0.33726823648885945,0.9111004757593687,1.8626277628588936,0.019267822736030827,0.0,0.0
4200,validation,model,breakaway,102,0.004567565049204917,0.006520302782844181,0.0026148273155656514,0.0032601513914220907,0.0013074136577828257,0.4717227913463395,1.3508481866736608,1.7739540655767687,0.18689900087946903,0.5519802016847356,0.759128444044169,0.049019607843137254,0.0,0.0
4300,train,model,overall,8000,0.006681130266754291,0.006634846969907125,0.006727413563601457,0.0033174234849535625,0.0033637067818007285,0.46965615868357985,1.2718262435618444,7.130595172886402,0.29281134772966,0.800771237969855,2.7300047124144817,0.03925,0.000875,0.0
4300,train,model,always_resting,561,0.005267839061744653,0.007428563861417347,0.00310711426207196,0.0037142819307086736,0.00155355713103598,0.4918071088004607,1.470032815734065,2.7878977971825734,0.19856673202519226,0.5777691060636576,1.0116200311626837,0.08912655971479501,0.0035650623885918,0.0
4300,train,model,moved_then_stopped,3321,0.0049403063319366,0.004810935794261228,0.005069676869611974,0.002405467897130614,0.002534838434805987,0.41324189191536753,1.096007690747383,2.3706102266284663,0.2536942687466085,0.7134255556201767,1.6520121499624005,0.051189400782896716,0.0006022282445046673,0.0
4300,train,model,moving_at_observation,4118,0.008277568502193815,0.007997628377916547,0.008557508626471083,0.003998814188958273,0.004278754313235542,0.5121343269501323,1.392947108996841,7.130595172886402,0.3371967408119621,0.8960174871635674,2.7300047124144817,0.022826614861583293,0.0007285089849441476,0.0
4300,train,model,breakaway,810,0.00515693076933228,0.006950113949784976,0.003363747588879584,0.003475056974892488,0.001681873794439792,0.47210755691507866,1.464267730539564,2.7878977971825734,0.21032838205492008,0.5772936401520852,1.0116200311626837,0.07407407407407407,0.0024691358024691358,0.0
4300,validation,model,overall,1000,0.006565245371278437,0.006219627469634681,0.00691086327292219,0.0031098137348173406,0.003455431636461095,0.4683466081202463,1.2660068189590465,2.3852500235384113,0.29580664095214454,0.8395460082037307,1.8625239057892093,0.035,0.0,0.0
4300,validation,model,always_resting,64,0.005217067864218923,0.00795449651841525,0.002479639210022594,0.003977248259207625,0.001239819605011297,0.5187155958753039,1.5060530917792423,1.7554668941879066,0.17798061677267574,0.426419653552674,0.7578796626437798,0.078125,0.0,0.0
4300,validation,model,moved_then_stopped,417,0.005226604290131109,0.004939126173682541,0.005514082406579678,0.0024695630868412704,0.002757041203289839,0.4200420625791717,1.1431036903029783,1.7619157255218227,0.26258174102594334,0.7701791952129322,1.201918364348903,0.050359712230215826,0.0,0.0
4300,validation,model,moving_at_observation,519,0.007807050171452315,0.007034535795819818,0.008579564547084813,0.003517267897909909,0.004289782273542406,0.5009465701131256,1.3579731886328972,2.3852500235384113,0.3370313978244219,0.9116083051845411,1.8625239057892093,0.017341040462427744,0.0,0.0
4300,validation,model,breakaway,102,0.004569579283613095,0.006523419954643924,0.0026157386125822673,0.003261709977321962,0.0013078693062911336,0.473176577774107,1.3391917425599922,1.7554668941879066,0.1867361780409663,0.5474113537165174,0.7578796626437798,0.058823529411764705,0.0,0.0
4400,train,model,overall,8000,0.006677844530524728,0.006631791888396263,0.0067238971726531925,0.0033158959441981317,0.0033619485863265962,0.46935757893788366,1.2674617230986427,7.160383301625025,0.29268005011253184,0.8011890865970167,2.7271689008331785,0.0385,0.001,0.0
4400,train,model,always_resting,561,0.005240290115275098,0.007376038476051987,0.00310454175449821,0.0036880192380259933,0.001552270877249105,0.4899756421118449,1.4629922367824855,2.78752330695753,0.19854531845381274,0.5824120734557146,1.0149857563227551,0.08912655971479501,0.0035650623885918,0.0
4400,train,model,moved_then_stopped,3321,0.004929175416768879,0.004801169561392215,0.005057181272145543,0.0024005847806961075,0.0025285906360727715,0.41274780762122476,1.0955524212838532,2.3675910590040967,0.2535518445024987,0.7142928021957333,1.6429222311312353,0.04968383017163505,0.0012044564890093346,0.0
4400,train,model,moving_at_observation,4118,0.008283914990393161,0.008006724965692423,0.008561105015093905,0.004003362482846212,0.004280552507546952,0.5122022406916554,1.390132587666931,7.160383301625025,0.33705944673503346,0.8977003852755914,2.7271689008331785,0.022583778533268577,0.00048567265662943174,0.0
4400,train,model,breakaway,810,0.005133887488583464,0.006902120064926074,0.003365654912240852,0.003451060032463037,0.001682827456120426,0.47037685688605146,1.459429168349073,2.78752330695753,0.21037442187134098,0.5814223224571101,1.0149857563227551,0.07160493827160494,0.0024691358024691358,0.0
4400,validation,model,overall,1000,0.006550555813829053,0.006197062363691354,0.006904049263966754,0.003098531181845677,0.003452024631983377,0.46808205977715395,1.2649129087353321,2.383822729943274,0.29576585113388476,0.836466767618098,1.856656551995274,0.035,0.0,0.0
4400,validation,model,always_resting,64,0.005201189334328881,0.007899770970014269,0.0025026076986434916,0.0039498854850071345,0.0012513038493217458,0.5173186871146802,1.4990071895339612,1.7461203294930447,0.17886214801021866,0.4303825425973503,0.7600831301847306,0.09375,0.0,0.0
4400,validation,model,moved_then_stopped,417,0.005210822636707744,0.004926820105612482,0.005494825167803007,0.002463410052806241,0.0027474125839015034,0.4196912186106747,1.1363179168174984,1.748024021084468,0.26215942086823857,0.7734421332593941,1.201017461333714,0.045563549160671464,0.0,0.0
4400,validation,model,moving_at_observation,519,0.007793384695423652,0.007007693714007774,0.00857907567683953,0.003503846857003887,0.004289537838419765,0.5008909935282525,1.3464931843618724,2.383822729943274,0.3371834203452317,0.9103047215676631,1.856656551995274,0.019267822736030827,0.0,0.0
4400,validation,model,breakaway,102,0.004549177281498554,0.00647634267777793,0.0026220118852191775,0.003238171338888965,0.0013110059426095888,0.47153687489219104,1.3317939798993566,1.7461203294930447,0.1866918433969861,0.5512146409799993,0.7600831301847306,0.058823529411764705,0.0,0.0
4500,train,model,overall,8000,0.006672823620594731,0.006624801559158653,0.0067208456820308056,0.0033124007795793265,0.0033604228410154028,0.46936022136436056,1.271959126488008,7.121311720603764,0.2925564952073386,0.8048191033937626,2.7217477900529428,0.038375,0.001125,0.0
4500,train,model,always_resting,561,0.005252087263464687,0.007417256470871471,0.0030869180560578993,0.0037086282354357354,0.0015434590280289497,0.4908734255708294,1.4781717598708268,2.769036368026908,0.19802757094402784,0.578746058802109,1.0038566438733612,0.08377896613190731,0.0017825311942959,0.0
4500,train,model,moved_then_stopped,3321,0.004933319988165598,0.00480456175587711,0.005062078220454088,0.002402280877938555,0.002531039110227044,0.41296671134319396,1.0993858436425685,2.3527751006035063,0.2531901710438764,0.7115524306963241,1.6559721287265528,0.051189400782896716,0.0015055706112616681,0.0
4500,train,model,moving_at_observation,4118,0.008269211347561,0.007984794075241004,0.008553628619880996,0.003992397037620502,0.004276814309940498,0.5119085310342162,1.3865613433365538,7.121311720603764,0.3371816261103438,0.8942566171262507,2.7217477900529428,0.021855269548324428,0.0007285089849441476,0.0
4500,train,model,breakaway,810,0.005129693880992704,0.0069179767643877494,0.003341410997597657,0.0034589883821938747,0.0016707054987988286,0.4701698007287649,1.4577682490242467,2.769036368026908,0.20962003355650186,0.5725527319606939,1.0038566438733612,0.0691358024691358,0.0024691358024691358,0.0
4500,validation,model,overall,1000,0.00655580954417244,0.006211583424601585,0.006900035663743294,0.0031057917123007927,0.003450017831871647,0.4677847068211795,1.261130463932597,2.3942563855986663,0.295264912859941,0.8365346754359938,1.8683889770101842,0.036,0.0,0.0
4500,validation,model,always_resting,64,0.00519691221740604,0.00795596167000336,0.002437862764808721,0.00397798083500168,0.0012189313824043605,0.5171137043487795,1.5159360306176577,1.7698478069918684,0.176900969793387,0.41963053973312675,0.7511427198824518,0.0625,0.0,0.0
4500,validation,model,moved_then_stopped,417,0.005208579997473295,0.0049203178422500575,0.005496842152696531,0.0024601589211250287,0.0027484210763482654,0.41862811301409003,1.146624686483428,1.7585422915393116,0.2617254284060884,0.7675241206118256,1.2080465734339345,0.05275779376498801,0.0,0.0
4500,validation,model,moving_at_observation,519,0.007805836807923101,0.0070339678949963335,0.008577705720849867,0.0035169839474981667,0.004288852860424934,0.5011975079306012,1.3574374034203258,2.3942563855986663,0.3368087613638254,0.9162798793634653,1.8683889770101842,0.019267822736030827,0.0,0.0
4500,validation,model,breakaway,102,0.004546886808068059,0.006499512024080271,0.0025942615920558484,0.0032497560120401353,0.0012971307960279242,0.47107258912559247,1.3462836599139312,1.7698478069918684,0.18656758104910492,0.5382819606392234,0.7511427198824518,0.049019607843137254,0.0,0.0
4600,train,model,overall,8000,0.006668044655433054,0.00662011535528928,0.006715973955576829,0.00331005767764464,0.0033579869777884143,0.4690708926084053,1.2729257497335322,7.1259385694177055,0.29250702089621045,0.7987583947818216,2.726401385675345,0.039,0.000625,0.0
4600,train,model,always_resting,561,0.00524614280559473,0.007395307259981714,0.0030969783512077476,0.003697653629990857,0.0015484891756038738,0.4903363016976558,1.473380563081029,2.770367423910581,0.1983180790444813,0.5783011595545757,1.0112277852655718,0.0873440285204991,0.0017825311942959,0.0
4600,train,model,moved_then_stopped,3321,0.004925705808084859,0.004798191723083597,0.005053219893086122,0.0023990958615417984,0.002526609946543061,0.4126695392037595,1.099044468740089,2.3508424427940655,0.25331792566747224,0.7128662539145474,1.6455205124638783,0.051490514905149054,0.00030111412225233364,0.0
4600,train,model,moving_at_observation,4118,0.008266877644700332,0.007983817570933431,0.008549937718467234,0.003991908785466716,0.004274968859233617,0.5116592850702215,1.3874765168645746,7.1259385694177055,0.33694290764547213,0.8966102137860397,2.726401385675345,0.022340942204953862,0.0007285089849441476,0.0
4600,train,model,breakaway,810,0.00512688334732459,0.006899293273054433,0.0033544734215947467,0.0034496466365272166,0.0016772367107973734,0.46970301747714654,1.4553185538353295,2.770367423910581,0.2100010887297698,0.5777084050580567,1.0112277852655718,0.07037037037037037,0.0,0.0
4600,validation,model,overall,1000,0.00655002012229723,0.006200320521149016,0.006899719723445445,0.003100160260574508,0.0034498598617227227,0.46758107190961773,1.2586370303360654,2.391624958319033,0.2955134084002865,0.8400184618435736,1.8593168907802697,0.033,0.0,0.0
4600,validation,model,always_resting,64,0.005204760636663697,0.007931693376971846,0.002477827896355547,0.003965846688485923,0.0012389139481777734,0.5168711596001984,1.5109201978073936,1.7631344130134412,0.17811451731731748,0.42730688966226454,0.7568029301802579,0.078125,0.0,0.0
4600,validation,model,moved_then_stopped,417,0.005206171742408225,0.004918150020279457,0.005494193464536993,0.0024590750101397287,0.0027470967322684964,0.41878119700155797,1.142704188403978,1.758924452886283,0.26199348661682426,0.7713681732017671,1.2028041453182317,0.045563549160671464,0.0,0.0
4600,validation,model,moving_at_observation,519,0.007795648988374806,0.007017001130185517,0.008574296846564092,0.0035085005650927585,0.004287148423282046,0.5007120588546347,1.3515467209186516,2.391624958319033,0.33692253443692183,0.9093505480723422,1.8593168907802697,0.017341040462427744,0.0,0.0
4600,validation,model,breakaway,102,0.004545550116762383,0.0064797158699816506,0.0026113843635431192,0.0032398579349908253,0.0013056921817715596,0.4705479160638324,1.3412983372477,1.7631344130134412,0.18658517087425702,0.5469084172969215,0.7568029301802579,0.049019607843137254,0.0,0.0
4700,train,model,overall,8000,0.006667538471950813,0.006616600327482596,0.0067184766164190305,0.003308300163741298,0.0033592383082095153,0.46888456681644686,1.2674551952179594,7.147402833489451,0.2926261957267055,0.7986713266027652,2.7305705051869666,0.039,0.00075,0.0
4700,train,model,always_resting,561,0.005231732053256662,0.007349930272612013,0.0031135338339013095,0.0036749651363060065,0.0015567669169506547,0.48894314320472215,1.4630283840388447,2.7756142388512695,0.19899559611216408,0.5825585147771859,1.019447116503674,0.08912655971479501,0.0035650623885918,0.0
4700,train,model,moved_then_stopped,3321,0.004915479966767081,0.004792551939244623,0.005038407994289538,0.0023962759696223115,0.002519203997144769,0.41239625574103267,1.096477827204488,2.354237727851161,0.2535367499706529,0.7129203338730687,1.6257283223268577,0.050286058416139714,0.0009033423667570009,0.0
4700,train,model,moving_at_observation,4118,0.008276104206919875,0.007987718976856248,0.008564489436983501,0.003993859488428124,0.004282244718491751,0.5117074953564243,1.3882460527152092,7.147402833489451,0.3369056555954789,0.8986362219298972,2.7305705051869666,0.02306945118989801,0.00024283632831471587,0.0
4700,train,model,breakaway,810,0.005120668183519275,0.006868010052277498,0.0033733263147610534,0.003434005026138749,0.0016866631573805267,0.46899010408918684,1.455277745162334,2.7756142388512695,0.21075817230579702,0.5821544898023006,1.019447116503674,0.07160493827160494,0.0012345679012345679,0.0
4700,validation,model,overall,1000,0.006543025368119115,0.006181638476337433,0.006904412259900797,0.0030908192381687164,0.0034522061299503983,0.4674425116700841,1.2592875652932551,2.377301811387774,0.2960115620908208,0.8427417854376561,1.8459181875044872,0.035,0.001,0.0
4700,validation,model,always_resting,64,0.005212070083481776,0.007878840597537025,0.002545299569426527,0.0039394202987685124,0.0012726497847132636,0.5158671869891975,1.500509090601306,1.7505273890408293,0.17995338265684002,0.4399734719271763,0.7632743811741645,0.09375,0.0,0.0
4700,validation,model,moved_then_stopped,417,0.005198334282142441,0.004911656685564905,0.005485011878719978,0.0024558283427824523,0.002742505939359989,0.4188362132080591,1.139103210546814,1.745941195251826,0.2622721172660026,0.7697403084401714,1.197662935047228,0.045563549160671464,0.0,0.0
4700,validation,model,moving_at_observation,519,0.007787567412568176,0.0069927395765211914,0.00858239524861516,0.0034963697882605957,0.00429119762430758,0.5005246836127454,1.338412563997587,2.377301811387774,0.3374317393080153,0.899715882472125,1.8459181875044872,0.019267822736030827,0.0019267822736030828,0.0
4700,validation,model,breakaway,102,0.004542153601790629,0.006446779928572723,0.0026375272750085357,0.0032233899642863614,0.0013187636375042678,0.4701160684772592,1.3307926311607423,1.7505273890408293,0.18632270994973035,0.5570715807711958,0.7632743811741645,0.058823529411764705,0.0,0.0
4800,train,model,overall,8000,0.006660010722979452,0.006610739267112954,0.00670928217884595,0.003305369633556477,0.003354641089422975,0.46880235426786165,1.2726914110237564,7.096790165756246,0.29233969309943675,0.8002399226928396,2.7286326007438424,0.0395,0.00075,0.0
4800,train,model,always_resting,561,0.005254569036263032,0.0074170017587033964,0.0030921363138226667,0.0037085008793516982,0.0015460681569113334,0.4912219056433233,1.479248157752306,2.761826443247306,0.19800977114713447,0.5766687632360799,1.0112842076159292,0.08912655971479501,0.0017825311942959,0.0
4800,train,model,moved_then_stopped,3321,0.004922467417234489,0.004792151862407312,0.005052782972061665,0.002396075931203656,0.0025263914860308326,0.4124116025790068,1.1015352133003882,2.345095610178599,0.2531446613959969,0.7103721863036139,1.6489934472226693,0.051791629027401385,0.0006022282445046673,0.0
4800,train,model,moving_at_observation,4118,0.008252733914972395,0.00796751816785244,0.00853794966209235,0.00398375908392622,0.004268974831046175,0.5112249667100794,1.3875097790585602,7.096790165756246,0.3367995732602832,0.893691009549188,2.7286326007438424,0.022826614861583293,0.0007285089849441476,0.0
4800,train,model,breakaway,810,0.005133567274955772,0.0069151541393490295,0.0033519804105625124,0.0034575770696745147,0.0016759902052812562,0.47037331233779184,1.45803806108807,2.761826443247306,0.20982391160551728,0.5764832768199665,1.0112842076159292,0.07037037037037037,0.0012345679012345679,0.0
4800,validation,model,overall,1000,0.006546419517837546,0.0061978635145616265,0.006894975521113464,0.0030989317572808132,0.003447487760556732,0.4671643918426553,1.263152045324661,2.393649204675132,0.2952550219542815,0.8390112135998977,1.8657979713788517,0.037,0.0,0.0
4800,validation,model,always_resting,64,0.00521349671443804,0.007969711744494111,0.00245728168438197,0.003984855872247056,0.001228640842190985,0.5179190976919665,1.5183357319004969,1.7698402520990602,0.17726699730851006,0.42321002071787095,0.7557234871613461,0.078125,0.0,0.0
4800,validation,model,moved_then_stopped,417,0.005201839068835378,0.004909101753987609,0.005494576383683145,0.0024545508769938046,0.0027472881918415726,0.418576573977708,1.148451951728072,1.7617981016522566,0.2618668732084039,0.768333107267128,1.2008845014587881,0.05275779376498801,0.0,0.0
4800,validation,model,moving_at_observation,519,0.007791115291732483,0.007014848808287417,0.008567381775177548,0.0035074244041437084,0.004283690887588774,0.49994438967565547,1.3553126645633509,2.393649204675132,0.3366309209992918,0.9154520724528622,1.8657979713788517,0.019267822736030827,0.0,0.0
4800,validation,model,breakaway,102,0.004553980808493352,0.006502148028663639,0.0026058135883230667,0.0032510740143318196,0.0013029067941615334,0.471020740682506,1.3462962707734645,1.7698402520990602,0.1863405194734972,0.5434166299120882,0.7557234871613461,0.058823529411764705,0.0,0.0
4900,train,model,overall,8000,0.006656000314913174,0.006606274548470155,0.006705726081356193,0.0033031372742350776,0.0033528630406780965,0.4685549144145424,1.2699693239786891,7.114944224486827,0.2922611800630892,0.798875179453037,2.726072124525851,0.0395,0.0005,0.0
4900,train,model,always_resting,561,0.005233593800650695,0.007373194494310545,0.0030939931069908447,0.0036865972471552726,0.0015469965534954224,0.4894673251437329,1.4782882214491924,2.756818362919355,0.19813027382365744,0.5813365536090778,1.0144146851003002,0.0873440285204991,0.0017825311942959,0.0
4900,train,model,moved_then_stopped,3321,0.004914771704116159,0.004786193487124284,0.005043349921108035,0.002393096743562142,0.0025216749605540176,0.4119892931568208,1.098218730760089,2.339275785675694,0.25307858158391067,0.710739894541405,1.6400795718310517,0.051791629027401385,0.00030111412225233364,0.0
4900,train,model,moving_at_observation,4118,0.008254006694456192,0.007969617704155727,0.008538395684756653,0.003984808852077863,0.0042691978423783266,0.5113238716213947,1.3885935946447172,7.114944224486827,0.3366839211873421,0.8901971664460974,2.726072124525851,0.02306945118989801,0.00048567265662943174,0.0
4900,train,model,breakaway,810,0.005112838708903326,0.006868591005027027,0.0033570864127796278,0.0034342955025135134,0.0016785432063898139,0.4682946785738284,1.4549801368635944,2.756818362919355,0.20999025961526963,0.5807716607687529,1.0144146851003002,0.06790123456790123,0.0012345679012345679,0.0
4900,validation,model,overall,1000,0.006534367729108641,0.006179194682968226,0.0068895407752490555,0.003089597341484113,0.0034447703876245277,0.4669494759779193,1.2623655931416609,2.391422254733536,0.2952688928557133,0.8398300853770007,1.8618693779929005,0.034,0.001,0.0
4900,validation,model,always_resting,64,0.005205249511881232,0.007930205574733944,0.002480293449028522,0.003965102787366972,0.001240146724514261,0.5164207054727934,1.5180520166182718,1.7647913753499447,0.1781895234672534,0.4269560510652568,0.7582937356448227,0.09375,0.0,0.0
4900,validation,model,moved_then_stopped,417,0.005190233491062448,0.0048974914315720285,0.005482975550552867,0.0024487457157860142,0.0027414877752764337,0.4181580605101012,1.1484327698860237,1.7547718188824528,0.26160380476552947,0.775321803559874,1.1997176786937473,0.045563549160671464,0.0,0.0
4900,validation,model,moving_at_observation,519,0.007778235827697882,0.006993078225856873,0.008563393429538893,0.0034965391129284365,0.0042816967147694465,0.5000513286993223,1.3477821670369348,2.391422254733536,0.33675525388551697,0.9122744679035807,1.8618693779929005,0.017341040462427744,0.0019267822736030828,0.0
4900,validation,model,breakaway,102,0.004537543318865797,0.006460881932366982,0.002614204705364611,0.003230440966183491,0.0013071023526823055,0.46901150953342546,1.3447712517341266,1.7647913753499447,0.18644872909652233,0.546987023403235,0.7582937356448227,0.058823529411764705,0.0,0.0
5000,train,model,overall,8000,0.006651618618159673,0.006601297439653726,0.006701939796665622,0.003300648719826863,0.003350969898332811,0.4683890850005273,1.2692273190344476,7.112243989568086,0.29221311999312777,0.8010761326380218,2.7190968668814075,0.038,0.001,0.0
5000,train,model,always_resting,561,0.005227381284028278,0.007374843851361482,0.003079918716695074,0.003687421925680741,0.001539959358347537,0.48972804777837675,1.4720063861937898,2.760967045133101,0.19785476928702203,0.5770171524456439,1.0041364017217833,0.0855614973262032,0.0017825311942959,0.0
5000,train,model,moved_then_stopped,3321,0.004915033105024849,0.004781721937309293,0.0050483442727404055,0.0023908609686546464,0.0025241721363702028,0.4120219078439855,1.0962505503004674,2.341765878345255,0.2529552169891676,0.7087648982876791,1.6501184703703782,0.050286058416139714,0.0012044564890093346,0.0
5000,train,model,moving_at_observation,4118,0.008246129942484215,0.007963330151241343,0.00852892973372709,0.003981665075620672,0.004264464866863545,0.5109398953984151,1.3876728833824545,7.112243989568086,0.3367275761908637,0.8921783771654938,2.7190968668814075,0.021612433220009712,0.0007285089849441476,0.0
5000,train,model,breakaway,810,0.005102323303941456,0.006875048463599531,0.0033295981442833817,0.0034375242317997655,0.0016647990721416909,0.4689511051116319,1.4530455344320266,2.760967045133101,0.20930450279126103,0.5728065754729786,1.0041364017217833,0.0691358024691358,0.003703703703703704,0.0
5000,validation,model,overall,1000,0.00653319171007876,0.006183211875551235,0.006883171544606284,0.0030916059377756175,0.003441585772303142,0.4668283258077291,1.260835867770689,2.3908253019725727,0.29493005604128986,0.836951197095291,1.859924911152516,0.035,0.0,0.0
5000,validation,model,always_resting,64,0.005175556833731387,0.007919666708007568,0.002431446959455206,0.003959833354003784,0.001215723479727603,0.516286604309369,1.5109218017692516,1.7654272648661493,0.17633194597646323,0.42217579404269046,0.7495454894536224,0.078125,0.0,0.0
5000,validation,model,moved_then_stopped,417,0.005193080774488661,0.00489585227651144,0.005490309272465883,0.00244792613825572,0.0027451546362329414,0.41782199467751435,1.1447315465748298,1.7500417586098407,0.2616564655061238,0.7647846285525807,1.208057986298735,0.050359712230215826,0.0,0.0
5000,validation,model,moving_at_observation,519,0.007777343718223853,0.007003435080796687,0.00855125235565102,0.0035017175403983434,0.00427562617782551,0.5001044534709171,1.3502010345016804,2.3908253019725727,0.3362891433193498,0.9145791556500168,1.859924911152516,0.017341040462427744,0.0,0.0
5000,validation,model,breakaway,102,0.004522306537524113,0.0064578845651548636,0.002586728509893364,0.0032289422825774318,0.001293364254946682,0.4695168908402471,1.3387584404001656,1.7654272648661493,0.18587294167552493,0.5367748490440749,0.7495454894536224,0.058823529411764705,0.0,0.0
5100,train,model,overall,8000,0.00664761478834572,0.006597142672797463,0.0066980869038939786,0.0032985713363987315,0.0033490434519469893,0.46816399718584056,1.2674948567320234,7.137717693367669,0.29205765083033514,0.8009154619372983,2.7201497036592532,0.038375,0.000875,0.0
5100,train,model,always_resting,561,0.005209566505739415,0.007345810319897684,0.003073322691581146,0.003672905159948842,0.001536661345790573,0.4887578410475578,1.4647690313418384,2.7688053045360994,0.19764568944376681,0.5771304964591938,1.0033843652618357,0.0873440285204991,0.0017825311942959,0.0
5100,train,model,moved_then_stopped,3321,0.00490932876651659,0.0047803476991801295,0.005038309833853049,0.0023901738495900647,0.0025191549169265243,0.4119958600329206,1.094682244513446,2.349301709577687,0.2526074495253294,0.7102222613038263,1.6497486935508423,0.050286058416139714,0.0012044564890093346,0.0
5100,train,model,moving_at_observation,4118,0.008245378985780562,0.00796032226419133,0.008530435707369798,0.003980161132095665,0.004265217853684899,0.5106557983219319,1.391493874901246,7.137717693367669,0.3367344912557332,0.8910227701326788,2.7201497036592532,0.022098105876639147,0.00048567265662943174,0.0
5100,train,model,breakaway,810,0.005088231442734384,0.0068487524278794685,0.0033277104575893,0.0034243762139397342,0.00166385522879465,0.4679699839707309,1.4523290252641559,2.7688053045360994,0.20926091728614907,0.572688131780082,1.0033843652618357,0.07037037037037037,0.003703703703703704,0.0
5100,validation,model,overall,1000,0.006522203822292168,0.006167402733093064,0.006877004911491271,0.003083701366546532,0.0034385024557456356,0.4664046131192657,1.2602840871539902,2.386296085619536,0.29463589525227635,0.8387592032790219,1.86230934393096,0.036,0.0,0.0
5100,validation,model,always_resting,64,0.005144986474351758,0.007868857799667471,0.0024211151490360463,0.0039344288998337355,0.0012105575745180231,0.5146746308147137,1.5026260413036168,1.7571677911318178,0.17622762860275895,0.41950345748357326,0.748478172603561,0.078125,0.0,0.0
5100,validation,model,moved_then_stopped,417,0.005185707052312742,0.004895799772771076,0.0054756143318544104,0.002447899886385538,0.0027378071659272052,0.41767447637165195,1.1361531200147175,1.7437700352878882,0.26102247376491566,0.7685454721489031,1.2064101826127585,0.050359712230215826,0.0,0.0
5100,validation,model,moving_at_observation,519,0.007765866757455185,0.0069792819434851775,0.008552451571425191,0.0034896409717425888,0.0042762257857125955,0.4996053566476784,1.3371916933197947,2.386296085619536,0.3362446155331984,0.9142597238303318,1.86230934393096,0.019267822736030827,0.0,0.0
5100,validation,model,breakaway,102,0.004501689733756558,0.006418714599249899,0.0025846648682632165,0.0032093572996249493,0.0012923324341316083,0.4681859580227013,1.3319313046047843,1.7571677911318178,0.1860091988333878,0.5331838481989228,0.748478172603561,0.058823529411764705,0.0,0.0
5200,train,model,overall,8000,0.006644180942865255,0.006592119478187899,0.006696242407542609,0.0032960597390939493,0.0033481212037713044,0.4682250684109192,1.264460044277261,7.11217704159489,0.2920279687574199,0.8016251617425342,2.7122605608659103,0.03825,0.000625,0.0
5200,train,model,always_resting,561,0.005212382344292725,0.0073579139261902675,0.003066850762395183,0.0036789569630951337,0.0015334253811975914,0.48903618493067186,1.4660010600151647,2.769630996205468,0.1974226978828599,0.5816029128528883,0.9996756121841044,0.0855614973262032,0.0,0.0
5200,train,model,moved_then_stopped,3321,0.004915082550718137,0.0047846982472129155,0.00504546685422336,0.0023923491236064577,0.00252273342711168,0.4122943133870384,1.097729772043127,2.3542507455126147,0.2525996743570271,0.7082877692086134,1.6541754584853348,0.04998494429388738,0.0015055706112616681,0.0
5200,train,model,moving_at_observation,4118,0.008233684287721922,0.00794540632198066,0.008521962253463187,0.00397270316099033,0.004260981126731594,0.5104958311760301,1.3867232158344345,7.11217704159489,0.3367134769323429,0.8946766220070212,2.7122605608659103,0.022340942204953862,0.0,0.0
5200,train,model,breakaway,810,0.005084703227941376,0.00685662060652329,0.0033127858493594634,0.003428310303261645,0.0016563929246797317,0.4680251158729146,1.4546591279222993,2.769630996205468,0.20871313649767448,0.5708994790763864,0.9996756121841044,0.0691358024691358,0.0024691358024691358,0.0
5200,validation,model,overall,1000,0.00652576331878409,0.006176792547281867,0.006874734090286312,0.0030883962736409335,0.003437367045143156,0.46647884582369975,1.2538953737144494,2.3910121983977337,0.29454745647563313,0.8367649634664432,1.8649223193270337,0.035,0.0,0.0
5200,validation,model,always_resting,64,0.00513918270537479,0.00787971382032935,0.00239865159042023,0.003939856910164675,0.001199325795210115,0.5146917273918521,1.5039538195261024,1.761391557357165,0.17536348080782277,0.4174069855501271,0.7451259288900351,0.078125,0.0,0.0
5200,validation,model,moved_then_stopped,417,0.005190639434182294,0.004898696024907794,0.005482582843456795,0.002449348012453897,0.0027412914217283973,0.41758560624851504,1.134884176642953,1.7458045098065589,0.2611079460917767,0.7641062478688392,1.2115588112458824,0.047961630695443645,0.0,0.0
5200,validation,model,moving_at_observation,519,0.007769477806524251,0.006993708324459033,0.00854524728858947,0.0034968541622295165,0.004272623644294735,0.49981768297686024,1.349795473519904,2.3910121983977337,0.33611210054655416,0.9122072941658763,1.8649223193270337,0.019267822736030827,0.0,0.0
5200,validation,model,breakaway,102,0.004495661786411697,0.006422631519313003,0.002568692053510392,0.0032113157596565015,0.001284346026755196,0.46786733526139834,1.333133229935998,1.761391557357165,0.18566860325553308,0.5294834550446579,0.7451259288900351,0.058823529411764705,0.0,0.0
5300,train,model,overall,8000,0.006638370024079523,0.006586363815541767,0.006690376232617281,0.0032931819077708837,0.0033451881163086405,0.4679042712378941,1.2683535326227449,7.1039610375514854,0.29193254337262603,0.7977536448919715,2.71730533242935,0.037875,0.001125,0.0
5300,train,model,always_resting,561,0.005215589410853881,0.0073581268600141515,0.0030730519616936104,0.0036790634300070757,0.0015365259808468052,0.4893870674860123,1.468315879171577,2.7636428719366215,0.19759354820971592,0.572398865373718,1.0072874223627954,0.0855614973262032,0.0017825311942959,0.0
5300,train,model,moved_then_stopped,3321,0.004906492976093912,0.004775184381834822,0.005037801570353001,0.002387592190917411,0.0025189007851765003,0.4117772409794274,1.094985276590461,2.346477806875127,0.2527041221724904,0.7069239318649541,1.6437526597062815,0.050286058416139714,0.0015055706112616681,0.0
5300,train,model,moving_at_observation,4118,0.008228885711398563,0.007941868388487799,0.008515903034309328,0.003970934194243899,0.004257951517154664,0.5102418182979167,1.3865084634681024,7.1039610375514854,0.3364205868626802,0.8931543659954051,2.71730533242935,0.021369596891694997,0.0007285089849441476,0.0
5300,train,model,breakaway,810,0.005092424124324952,0.006858508687771537,0.003326339560878367,0.0034292543438857685,0.0016631697804391835,0.468478624762165,1.4508951524732556,2.7636428719366215,0.20905503102603137,0.5723663881957091,1.0072874223627954,0.06790123456790123,0.003703703703703704,0.0
5300,validation,model,overall,1000,0.006521041536199865,0.006168718214329184,0.006873364858070548,0.003084359107164592,0.003436682429035274,0.4662794336127475,1.2554395342067262,2.3891953047919383,0.29471863257336484,0.8392586052770498,1.8589736488713946,0.035,0.0,0.0
5300,validation,model,always_resting,64,0.005165581225959696,0.00789743482561473,0.0024337276263046645,0.003948717412807365,0.0012168638131523322,0.515836891142605,1.5074053827231622,1.7599628690125866,0.1766161263099956,0.42351542897993216,0.7506486141669955,0.078125,0.0,0.0
5300,validation,model,moved_then_stopped,417,0.005185480632760498,0.0048906687207357765,0.005480292544785221,0.0024453343603678883,0.0027401462723926104,0.41770621723434165,1.1379775131630256,1.7489817490342987,0.2612787099722006,0.7669513374596508,1.2064662483110908,0.047961630695443645,0.0,0.0
5300,validation,model,moving_at_observation,519,0.007761269583578647,0.006982415277346866,0.008540123889810429,0.003491207638673433,0.004270061944905214,0.49919533717321835,1.3495286257959327,2.3891953047919383,0.3361502474588005,0.9122961157478237,1.8589736488713946,0.019267822736030827,0.0,0.0
5300,validation,model,breakaway,102,0.004510941816223352,0.006436208077635522,0.00258567555481118,0.003218104038817761,0.00129283777740559,0.46857593292924826,1.3346088748451068,1.7599628690125866,0.1858227712253707,0.5378791150439279,0.7506486141669955,0.058823529411764705,0.0,0.0
5400,train,model,overall,8000,0.006634942188965473,0.006582766045922803,0.006687118332008145,0.0032913830229614016,0.0033435591660040723,0.4678994229783199,1.265993819937663,7.105768632827669,0.29181915367896666,0.7984285113359673,2.712431468516298,0.038125,0.000875,0.000125
5400,train,model,always_resting,561,0.005204469325874768,0.00734122727879821,0.003067711372951325,0.003670613639399105,0.0015338556864756625,0.48831292975558216,1.4708803584780177,2.753918213913993,0.1973606465336435,0.5779716130834613,1.0104198970985065,0.0873440285204991,0.0,0.0
5400,train,model,moved_then_stopped,3321,0.00490373890129329,0.00477809612445873,0.00502938167812785,0.002389048062229365,0.002514690839063925,0.41196578555906144,1.0973542620251755,2.335417908720501,0.25264533028615943,0.7103012125506358,1.6357468203703533,0.04908160192713038,0.0015055706112616681,0.0
5400,train,model,moving_at_observation,4118,0.008225962440192575,0.007934833082721996,0.008517091797663153,0.003967416541360998,0.004258545898831577,0.5102266771228835,1.3836158257052638,7.105768632827669,0.3362794475099621,0.8941009948084553,2.712431468516298,0.022583778533268577,0.00048567265662943174,0.00024283632831471587
5400,train,model,breakaway,810,0.005075998596913961,0.006828282839412515,0.003323714354415407,0.0034141414197062575,0.0016618571772077035,0.46675792564325574,1.4503179834544153,2.753918213913993,0.20881647573562193,0.5773063797624186,1.0104198970985065,0.07037037037037037,0.0024691358024691358,0.0
5400,validation,model,overall,1000,0.00651752886951448,0.006162616676482519,0.006872441062546441,0.0030813083382412597,0.0034362205312732205,0.4660219345951878,1.2587314218385577,2.3872221992486935,0.2948561135857374,0.8430929734921793,1.8531847585229633,0.034,0.0,0.0
5400,validation,model,always_resting,64,0.005166699070389094,0.007879913748856389,0.002453484391921799,0.0039399568744281944,0.0012267421959608995,0.5140030299013507,1.510239443850821,1.767894809086406,0.1773713893562321,0.42754867120306306,0.7531138642943076,0.09375,0.0,0.0
5400,validation,model,moved_then_stopped,417,0.005178373493729834,0.004887365651733314,0.005469381335726355,0.002443682825866657,0.0027346906678631776,0.41717956619057933,1.145385199026256,1.7508428097057425,0.2610277984303571,0.7713937522850012,1.206698642770591,0.04316546762589928,0.0,0.0
5400,validation,model,moving_at_observation,519,0.007760073953996602,0.006975473448522,0.008544674459471206,0.003487736724261,0.004272337229735603,0.49934848088637723,1.349080120867196,2.3872221992486935,0.3365236083265503,0.9061552743082731,1.8531847585229633,0.019267822736030827,0.0,0.0
5400,validation,model,breakaway,102,0.004497582628741656,0.0064064673445828925,0.0025886979129004185,0.0032032336722914462,0.0012943489564502093,0.46669146063635836,1.3369068291561885,1.767894809086406,0.18562451535784155,0.5423937091061007,0.7531138642943076,0.058823529411764705,0.0,0.0
5500,train,model,overall,8000,0.006630649306599512,0.0065774079172395625,0.0066838906959594616,0.0032887039586197812,0.0033419453479797308,0.46761836969829246,1.2664041455272788,7.07107842471865,0.2917325304257657,0.7995710117263974,2.7186617514108886,0.037875,0.001125,0.0
5500,train,model,always_resting,561,0.00522105701746114,0.007381306083902679,0.0030608079510195995,0.0036906530419513394,0.0015304039755097997,0.49015019370371854,1.4772788877700256,2.7498427560459255,0.19702599989551675,0.5730076703804194,1.0063848787482912,0.08377896613190731,0.0017825311942959,0.0
5500,train,model,moved_then_stopped,3321,0.0048998455373876,0.004766718507395682,0.005032972567379518,0.002383359253697841,0.002516486283689759,0.41136837161291806,1.0972062760860832,2.3332527926708098,0.25242354446648596,0.7062032209643316,1.6487008499013467,0.04998494429388738,0.0015055706112616681,0.0
5500,train,model,moving_at_observation,4118,0.008218502777157887,0.007928139500190879,0.008508866054124896,0.0039640697500954395,0.004254433027062448,0.5099121750344956,1.3872007758745342,7.07107842471865,0.33633561590372535,0.8910473480993423,2.7186617514108886,0.021855269548324428,0.0007285089849441476,0.0
5500,train,model,breakaway,810,0.005093868910274999,0.006869790767615817,0.0033179470529341826,0.0034348953838079085,0.0016589735264670913,0.46877474063508606,1.4596735716694489,2.7498427560459255,0.20867378043105628,0.5724960815826967,1.0063848787482912,0.06666666666666667,0.003703703703703704,0.0
5500,validation,model,overall,1000,0.006518710594274557,0.006167301209479335,0.006870119979069779,0.0030836506047396675,0.0034350599895348896,0.46594309282707286,1.261406880157356,2.3982816324868406,0.29443433418844567,0.8366615450787495,1.8641833363312013,0.037,0.0,0.0
5500,validation,model,always_resting,64,0.005178841893504045,0.007947061554709787,0.0024106222322983033,0.003973530777354893,0.0012053111161491516,0.5168852433006135,1.518356188225639,1.771736065277421,0.17569545474178236,0.41840242275106687,0.7488812607222335,0.078125,0.0,0.0
5500,validation,model,moved_then_stopped,417,0.005174042110598014,0.0048794794525913775,0.005468604768604651,0.0024397397262956888,0.0027343023843023253,0.4173715060376827,1.14791252664859,1.7554217721221925,0.26079671617001365,0.7640304001730167,1.2052024875256508,0.05275779376498801,0.0,0.0
5500,validation,model,moving_at_observation,519,0.0077643336280750035,0.006982555565023708,0.008546111691126299,0.003491277782511854,0.0042730558455631494,0.4986869349482079,1.344817540978238,2.3982816324868406,0.33610326482095554,0.9201795931794634,1.8641833363312013,0.019267822736030827,0.0,0.0
5500,validation,model,breakaway,102,0.004518520646555028,0.006460028460750291,0.002577012832359764,0.0032300142303751454,0.001288506416179882,0.4687394997770478,1.3424541312411364,1.771736065277421,0.1853942664050331,0.5330632427501437,0.7488812607222335,0.058823529411764705,0.0,0.0
5600,train,model,overall,8000,0.006625444317074125,0.006572210024664893,0.006678678609483357,0.0032861050123324464,0.0033393393047416787,0.46744402926131395,1.2655328723226857,7.092591040104367,0.291707068673527,0.7976375228455208,2.7175532769171404,0.038375,0.00075,0.0
5600,train,model,always_resting,561,0.005207596113207297,0.007343332901754904,0.003071859324659689,0.003671666450877452,0.0015359296623298445,0.4888046108374862,1.4683985180759858,2.7576891514873325,0.1974665267724775,0.578214207790877,1.0115683879494615,0.0873440285204991,0.0017825311942959,0.0
5600,train,model,moved_then_stopped,3321,0.004894071075517037,0.004763321421767135,0.005024820729266939,0.0023816607108835676,0.0025124103646334693,0.41130288495191664,1.0939435149867798,2.3396746840159635,0.25262917282975406,0.7099357868858049,1.6357191441732122,0.04968383017163505,0.0006022282445046673,0.0
5600,train,model,moving_at_observation,4118,0.008214881756991654,0.007925954346222919,0.008503809167760388,0.0039629771731114595,0.004251904583880194,0.509809608180031,1.3823718381276402,7.092591040104367,0.33606030716397356,0.8943448465101578,2.7175532769171404,0.022583778533268577,0.0007285089849441476,0.0
5600,train,model,breakaway,810,0.005083075510460391,0.006838858192320163,0.003327292828600618,0.0034194290961600815,0.001663646414300309,0.46769237190949076,1.4505253213278575,2.7576891514873325,0.2089997967257867,0.577819887348036,1.0115683879494615,0.0691358024691358,0.0012345679012345679,0.0
5600,validation,model,overall,1000,0.006514102263271461,0.006160187247358892,0.006868017279184028,0.003080093623679446,0.003434008639592014,0.46593772794657257,1.256978297339519,2.3911879368273627,0.294807476331266,0.8438093197839838,1.8492966808070541,0.035,0.001,0.0
5600,validation,model,always_resting,64,0.005171246345312201,0.00788892775923023,0.002453564931394172,0.003944463879615115,0.001226782465697086,0.5151113435727839,1.5082337941539419,1.7625904607312557,0.1770575589795076,0.42779294930803663,0.7534002558703949,0.109375,0.0,0.0
5600,validation,model,moved_then_stopped,417,0.005172227751836382,0.004877337141252411,0.005467118362420352,0.0024386685706262053,0.002733559181210176,0.4170538309478628,1.1417067097651779,1.748119328962971,0.26115473145715096,0.7696997692948255,1.2034716552482505,0.047961630695443645,0.0,0.0
5600,validation,model,moving_at_observation,519,0.007757848795097705,0.006977738502631795,0.008537959087563614,0.0034888692513158977,0.004268979543781807,0.4991505866139801,1.3466430286764128,2.3911879368273627,0.3363666079748469,0.9081513558297177,1.8492966808070541,0.015414258188824663,0.0019267822736030828,0.0
5600,validation,model,breakaway,102,0.00450522655281984,0.0064189664365532076,0.002591486669086472,0.0032094832182766038,0.001295743334543236,0.46769933803301983,1.333957922034934,1.7625904607312557,0.1853829171781429,0.5415773825521238,0.7534002558703949,0.06862745098039216,0.0,0.0
5700,train,model,overall,8000,0.006621273420494196,0.00656647462252454,0.006676072218463854,0.00328323731126227,0.003338036109231927,0.46732197858005853,1.2624589785148503,7.085226763053235,0.2915170337924118,0.7993418706804194,2.7274453774829706,0.0385,0.001125,0.0
5700,train,model,always_resting,561,0.00520769037360295,0.00734625340318472,0.0030691273440211805,0.00367312670159236,0.0015345636720105903,0.48914191675424956,1.4641880019703328,2.7621137616322557,0.19705979709531868,0.5768135639582361,1.0128190952707858,0.0855614973262032,0.0035650623885918,0.0
5700,train,model,moved_then_stopped,3321,0.00489142149446719,0.004764188210285744,0.005018654778648636,0.002382094105142872,0.002509327389324318,0.411347007247444,1.093005549495694,2.3478325734993053,0.25221231647095144,0.7096219446153202,1.639833481933791,0.05058717253839205,0.0009033423667570009,0.0
5700,train,model,moving_at_observation,4118,0.008208902933763182,0.007913715341100228,0.008504090526426138,0.003956857670550114,0.004252045263213069,0.5094909670404499,1.388260631339689,7.085226763053235,0.3360827151939754,0.8914697728537888,2.7274453774829706,0.022340942204953862,0.0009713453132588635,0.0
5700,train,model,breakaway,810,0.0050926037175310435,0.006848843305337197,0.003336364129724891,0.0034244216526685984,0.0016681820648624455,0.4685030850355647,1.4513958193230343,2.7621137616322557,0.20910599368273022,0.5772125258529861,1.0128190952707858,0.0691358024691358,0.0012345679012345679,0.0
5700,validation,model,overall,1000,0.006508891479891419,0.0061509744048109825,0.006866808554971858,0.0030754872024054913,0.003433404277485929,0.46553513941967717,1.2514837368007876,2.3811987413273297,0.2945265594866339,0.8461591751486022,1.8656841280524668,0.033,0.0,0.0
5700,validation,model,always_resting,64,0.005158230877821595,0.007884811499499761,0.0024316502561434273,0.003942405749749881,0.0012158251280717136,0.51534916106512,1.504022510936096,1.7600045952667118,0.17635769848174454,0.4203332440849743,0.7539242490255478,0.078125,0.0,0.0
5700,validation,model,moved_then_stopped,417,0.00516486734310012,0.004874110764616247,0.005455623921583993,0.0024370553823081236,0.0027278119607919964,0.4171857285273979,1.134031403588595,1.7384964876495714,0.2605697322158139,0.7732256740123719,1.1967984105385905,0.045563549160671464,0.0,0.0
5700,validation,model,moving_at_observation,519,0.007755327594678396,0.006963087244697539,0.008547567944659253,0.0034815436223487694,0.004273783972329626,0.4982395844230917,1.3543859171187942,2.3811987413273297,0.33638167331369534,0.9154753549572618,1.8656841280524668,0.017341040462427744,0.0,0.0
5700,validation,model,breakaway,102,0.004507219606545843,0.006422610652779835,0.002591828560311851,0.0032113053263899175,0.0012959142801559256,0.468281544509242,1.3298799187491357,1.7600045952667118,0.18546806889809192,0.5364680641051972,0.7539242490255478,0.058823529411764705,0.0,0.0
5800,train,model,overall,8000,0.006617982863767846,0.006563027305195584,0.006672938422340108,0.003281513652597792,0.003336469211170054,0.4671237604435792,1.2648493847222526,7.098579164373213,0.2916445613693171,0.7980115792487213,2.7264145104698656,0.038625,0.00075,0.0
5800,train,model,always_resting,561,0.00520123175192359,0.007320722624860731,0.003081740878986449,0.0036603613124303654,0.0015408704394932245,0.48829056196449366,1.4601041756056166,2.7662203689045164,0.19768318322042142,0.5771620958286101,1.016613230843306,0.0873440285204991,0.0035650623885918,0.0
5800,train,model,moved_then_stopped,3321,0.00488450562610167,0.004756415776323078,0.005012595475880262,0.002378207888161539,0.002506297737940131,0.41099362900779973,1.0918457890659123,2.3506020809736468,0.2526067400132104,0.7129634059261616,1.6308856532693918,0.050286058416139714,0.0009033423667570009,0.0
5800,train,model,moving_at_observation,4118,0.00820896763308159,0.007916764510890932,0.008501170755272248,0.003958382255445466,0.004250585377636124,0.5095068568119595,1.3895774891943484,7.098579164373213,0.3359274506032076,0.8926337683488863,2.7264145104698656,0.022583778533268577,0.00024283632831471587,0.0
5800,train,model,breakaway,810,0.005084331223955949,0.006827790535358462,0.0033408719125534365,0.003413895267679231,0.0016704359562767182,0.46773896222701,1.4505887776951418,2.7662203689045164,0.2094382915444768,0.5799608951044637,1.016613230843306,0.07037037037037037,0.0012345679012345679,0.0
5800,validation,model,overall,1000,0.006506193492565767,0.0061454925102237224,0.006866894474907812,0.0030727462551118612,0.003433447237453906,0.4657050670407568,1.2501595340182026,2.384131434486326,0.29500646040301987,0.8411974785413493,1.8410603016021558,0.034,0.0,0.0
5800,validation,model,always_resting,64,0.005169160129879695,0.007861794302220466,0.0024765259575389256,0.003930897151110233,0.0012382629787694628,0.5151271534374461,1.4997669328005707,1.7523332408802132,0.1775382900641584,0.43177417739983925,0.7568910945608418,0.109375,0.0,0.0
5800,validation,model,moved_then_stopped,417,0.0051638057612217025,0.004871137676587861,0.005456473845855542,0.0024355688382939303,0.002728236922927771,0.41717328205145493,1.130413810187587,1.736985974004425,0.26123110057967347,0.7713333138067189,1.1961634986036578,0.04316546762589928,0.0,0.0
5800,validation,model,moving_at_observation,519,0.007749634377310244,0.0069577519532648836,0.008541516801355608,0.0034788759766324418,0.004270758400677804,0.49860437496204923,1.3379677394936638,2.384131434486326,0.3366293658905392,0.9089121238047064,1.8410603016021558,0.017341040462427744,0.0,0.0
5800,validation,model,breakaway,102,0.004503530849604322,0.006403618817405177,0.002603442881803467,0.0032018094087025886,0.0013017214409017336,0.4675832963484182,1.325584927318976,1.7523332408802132,0.185160541843275,0.5447128888300476,0.7568910945608418,0.06862745098039216,0.0,0.0
5900,train,model,overall,8000,0.006612958785835234,0.006558496261067684,0.006667421310602784,0.003279248130533842,0.003333710655301392,0.4670944601151384,1.2612314784362622,7.077289708898135,0.2914651919581565,0.7971808154207719,2.716737542405525,0.038875,0.001,0.0
5900,train,model,always_resting,561,0.005191199119471133,0.007322924079099985,0.00305947415984228,0.0036614620395499925,0.00152973707992114,0.48843022606809744,1.4551123673544826,2.770713786688554,0.19712672321799132,0.5726177783866726,1.0052281849007607,0.0873440285204991,0.0035650623885918,0.0
5900,train,model,moved_then_stopped,3321,0.004886388390923021,0.004754292191874693,0.005018484589971349,0.0023771460959373463,0.0025092422949856744,0.4110311553374995,1.089431577647038,2.3546180295322108,0.2522230300107992,0.7049987357454492,1.6423267649102695,0.050888286660644384,0.0009033423667570009,0.0
5900,train,model,moving_at_observation,4118,0.008199055787858964,0.007909374771964675,0.008488736803753253,0.003954687385982337,0.004244368401876627,0.5094006452698077,1.3928608920378376,7.077289708898135,0.33596424508841555,0.8883573349285397,2.716737542405525,0.022583778533268577,0.0007285089849441476,0.0
5900,train,model,breakaway,810,0.005072627184372841,0.006836521537907515,0.003308732830838168,0.0034182607689537577,0.001654366415419084,0.4683549780521371,1.4503632699562754,2.770713786688554,0.20852471454835667,0.5715144249713924,1.0052281849007607,0.0728395061728395,0.0012345679012345679,0.0
5900,validation,model,overall,1000,0.006503142385982246,0.006150758880268456,0.006855525891696035,0.003075379440134228,0.0034277629458480175,0.46566739443127575,1.251320006119995,2.3831616187080016,0.29423294316805987,0.8371658853229064,1.8529048580137308,0.037,0.0,0.0
5900,validation,model,always_resting,64,0.005135379134175517,0.007858717787563533,0.0024120404807875012,0.0039293588937817665,0.0012060202403937506,0.5150692295657837,1.494462886641133,1.753847241398963,0.17548995407404358,0.42271018003785216,0.7471796025804796,0.078125,0.0,0.0
5900,validation,model,moved_then_stopped,417,0.005167539612176264,0.004870977395118107,0.005464101829234422,0.0024354886975590535,0.002732050914617211,0.4171253556080572,1.1267689432466965,1.7360826412828128,0.2607773569507509,0.7639836359594969,1.2058844775278856,0.05275779376498801,0.0,0.0
5900,validation,model,moving_at_observation,519,0.007744921200611774,0.0069684072603085545,0.008521435140914992,0.0034842036301542772,0.004260717570457496,0.4985774382476026,1.3488835375887727,2.3831616187080016,0.3357561238128285,0.9136427871574601,1.8529048580137308,0.019267822736030827,0.0,0.0
5900,validation,model,breakaway,102,0.004489401671928325,0.006407371777941216,0.002571431565915437,0.003203685888970608,0.0012857157829577184,0.46818245176515727,1.3206863580680066,1.753847241398963,0.18486307797010504,0.5324823849961222,0.7471796025804796,0.06862745098039216,0.0,0.0
6000,train,model,overall,8000,0.006608608852308425,0.006553515297860572,0.006663702406756276,0.003276757648930286,0.003331851203378138,0.466921993684514,1.2625085294456282,7.076307805291314,0.2914755272152788,0.7968249892965246,2.717611197206003,0.0375,0.000625,0.0
6000,train,model,always_resting,561,0.005202373637386977,0.007332436054661407,0.0030723112201125466,0.0036662180273307034,0.0015361556100562733,0.488690657819168,1.4606304610615433,2.7650734199471216,0.19754487710073287,0.5791710453551175,1.0125949038078612,0.0873440285204991,0.0,0.0
6000,train,model,moved_then_stopped,3321,0.0048825007262201,0.0047563785273032014,0.005008622925136997,0.0023781892636516007,0.0025043114625684986,0.41116271154697676,1.0912985823683634,2.348643852757779,0.2524689891879236,0.7079625738922042,1.6286946685493167,0.04847937368262571,0.0006022282445046673,0.0
6000,train,model,moving_at_observation,4118,0.008192218138930634,0.007896719928860029,0.008487716349001235,0.003948359964430014,0.004243858174500618,0.5089240226789823,1.3878237056716793,7.076307805291314,0.33572900159680064,0.8889393220648639,2.717611197206003,0.021855269548324428,0.0007285089849441476,0.0
6000,train,model,breakaway,810,0.0050774816297726845,0.006831944365832912,0.0033230188937124574,0.003415972182916456,0.0016615094468562287,0.46777510831721714,1.4507757822023297,2.7650734199471216,0.20895074545092454,0.5789773685948421,1.0125949038078612,0.0691358024691358,0.0,0.0
6000,validation,model,overall,1000,0.006500812974019923,0.0061466415851674965,0.006854984362872351,0.0030733207925837482,0.0034274921814361754,0.46526500238625146,1.2531645909204345,2.3874565171548667,0.29467689088969873,0.8423366893066135,1.8364312436390744,0.033,0.001,0.0
6000,validation,model,always_resting,64,0.0051650985934572,0.007866963376767473,0.0024632338101469265,0.003933481688383736,0.0012316169050734633,0.5148916360302274,1.5001577415940797,1.7582018816135712,0.17706065832864487,0.4334879973756463,0.7530873293836464,0.109375,0.0,0.0
6000,validation,model,moved_then_stopped,417,0.005164471980120892,0.004872595858329277,0.005456348101912509,0.0024362979291646385,0.0027281740509562543,0.41695452250206727,1.1329624639487925,1.7438016496085624,0.26111348130241635,0.7698873038364962,1.202052180188689,0.04316546762589928,0.0,0.0
6000,validation,model,moving_at_observation,519,0.007739232848416669,0.006958156948229421,0.008520308748603914,0.0034790784741147106,0.004260154374301957,0.4979612751386414,1.349883440445154,2.3874565171548667,0.33614775925541,0.9047388956617567,1.8364312436390744,0.015414258188824663,0.0019267822736030828,0.0
6000,validation,model,breakaway,102,0.0044953186160689475,0.0064009837103256115,0.002589653521812284,0.0032004918551628058,0.001294826760906142,0.46716442199517344,1.3259282913856496,1.7582018816135712,0.1848152949905653,0.5422313397051921,0.7530873293836464,0.06862745098039216,0.0,0.0
6100,train,model,overall,8000,0.006603839345462424,0.00654780965811025,0.006659869032814597,0.003273904829055125,0.0033299345164072985,0.4666370643620445,1.2610140741989704,7.06917784614636,0.2912377641336069,0.7997217987513293,2.7002610748146685,0.038,0.000875,0.0
6100,train,model,always_resting,561,0.005180571496314039,0.007315116443212373,0.003046026549415705,0.0036575582216061865,0.0015230132747078525,0.4879821347368497,1.4661177540517705,2.7498587956645024,0.19662375831218284,0.5724310952052505,1.0066901728817044,0.0855614973262032,0.0,0.0
6100,train,model,moved_then_stopped,3321,0.004883120074793507,0.00474587655702064,0.005020363592566376,0.00237293827851032,0.002510181796283188,0.4106428866806158,1.0924398588597208,2.3321030542145325,0.25210053016566036,0.7060395890152544,1.6386907688456414,0.04908160192713038,0.0012044564890093346,0.0
6100,train,model,moving_at_observation,4118,0.008185423114589113,0.007896464520246312,0.008474381708931914,0.003948232260123156,0.004237190854465957,0.5088862337646086,1.382016137118015,7.06917784614636,0.3356897338454498,0.8860393634412927,2.7002610748146685,0.022583778533268577,0.0007285089849441476,0.0
6100,train,model,breakaway,810,0.005052037725990443,0.006805454504582814,0.003298620947398073,0.003402727252291407,0.0016493104736990366,0.4665523513225372,1.4493154654497011,2.7498587956645024,0.2079142022792332,0.5723953170431577,1.0066901728817044,0.06790123456790123,0.0024691358024691358,0.0
6100,validation,model,overall,1000,0.006490830838697543,0.006139365960759472,0.0068422957166356145,0.003069682980379736,0.0034211478583178073,0.4650842250314547,1.256106189571028,2.3967725135911344,0.2938938527300413,0.8400657759979681,1.8545463132936622,0.037,0.001,0.0
6100,validation,model,always_resting,64,0.005135844240430827,0.007867552400197337,0.002404136080664316,0.0039337762000986685,0.001202068040332158,0.5144906528301156,1.5074521998127484,1.7613232146345315,0.1756906644592714,0.42155956354082813,0.7470629060378944,0.078125,0.0,0.0
6100,validation,model,moved_then_stopped,417,0.005154919847670821,0.0048555587907753274,0.005454280904566315,0.0024277793953876637,0.0027271404522831574,0.416284150565318,1.1389815788987865,1.742902501135275,0.2602168559955087,0.765250777806134,1.210836162912796,0.05515587529976019,0.0,0.0
6100,validation,model,moving_at_observation,519,0.007731281754973484,0.00695775451135555,0.008504808998591417,0.003478877255677775,0.0042524044992957085,0.49820102594333293,1.3488962087194027,2.3967725135911344,0.335528364652256,0.917018274415722,1.8545463132936622,0.017341040462427744,0.0019267822736030828,0.0
6100,validation,model,breakaway,102,0.004475330733196684,0.006387877293073008,0.0025627841733203618,0.003193938646536504,0.0012813920866601809,0.4660592773477343,1.3304139683102867,1.7613232146345315,0.1848613219833701,0.5331915661487442,0.7470629060378944,0.06862745098039216,0.0,0.0
6200,train,model,overall,8000,0.006601765714910226,0.006546916906950303,0.006656614522870151,0.0032734584534751515,0.0033283072614350754,0.4666099176777163,1.259215679448227,7.127991640595596,0.2912267418168899,0.7962222471189949,2.710759483823025,0.038375,0.000875,0.0
6200,train,model,always_resting,561,0.005156523597210488,0.0072622199659769454,0.0030508272284440305,0.0036311099829884727,0.0015254136142220152,0.48649083567133494,1.448024134463652,2.790506676012902,0.1970508155879442,0.5727025073962873,1.0069805589604721,0.08912655971479501,0.0017825311942959,0.0
6200,train,model,moved_then_stopped,3321,0.004873826744458718,0.004747917776244354,0.004999735712673082,0.002373958888122177,0.002499867856336541,0.4109163800623572,1.0888091564215538,2.374317005727497,0.25199128645691266,0.7068612439504851,1.6320493374966125,0.04938271604938271,0.0009033423667570009,0.0
6200,train,model,moving_at_observation,4118,0.008192165459664722,0.007900290169932456,0.008484040749396987,0.003950145084966228,0.004242020374698494,0.5088160962659114,1.3897692165943898,7.127991640595596,0.33569824299826995,0.8935709939357867,2.710759483823025,0.022583778533268577,0.0007285089849441476,0.0
6200,train,model,breakaway,810,0.005043657389706807,0.006787481599967974,0.00329983317944564,0.003393740799983987,0.00164991658972282,0.4666657187282444,1.4301949911994658,2.790506676012902,0.2082871046033796,0.5726063837115618,1.0069805589604721,0.07407407407407407,0.0012345679012345679,0.0
6200,validation,model,overall,1000,0.006487568816411,0.006130807907183753,0.006844329725638248,0.0030654039535918764,0.003422164862819124,0.4653599709470741,1.2703707810019385,2.3815074458703815,0.2941866554770865,0.8411064515173374,1.8367950287045902,0.037,0.002,0.0
6200,validation,model,always_resting,64,0.005095597346721909,0.007763781727706153,0.002427412965737665,0.0038818908638530766,0.0012137064828688325,0.5130344463135131,1.4751849620564115,1.7303418777486987,0.17622644719292607,0.42822964831354665,0.7474374619945656,0.109375,0.0,0.0
6200,validation,model,moved_then_stopped,417,0.005157895539016373,0.004873202553014066,0.00544258852501868,0.002436601276507033,0.00272129426250934,0.4169905086057734,1.1083277851701947,1.7246512748602663,0.26035832483392135,0.7644409209198908,1.2063944899236576,0.047961630695443645,0.0,0.0
6200,validation,model,moving_at_observation,519,0.0077275686829498475,0.006939885186904997,0.008515252178994698,0.0034699425934524987,0.004257626089497349,0.4983443628023154,1.3233416335349335,2.3815074458703815,0.3359127965337072,0.9043568065408487,1.8367950287045902,0.019267822736030827,0.0038535645472061657,0.0
6200,validation,model,breakaway,102,0.004452945600044501,0.006335892229619793,0.0025699989704692098,0.0031679461148098964,0.0012849994852346049,0.46587596749010957,1.3043611529196797,1.7303418777486987,0.18470617835248831,0.5343259763777516,0.7474374619945656,0.06862745098039216,0.0,0.0
6300,train,model,overall,8000,0.0065948061127186815,0.006538200022269358,0.006651412203168006,0.003269100011134679,0.003325706101584003,0.46632625967736646,1.261904926836502,7.077152093619908,0.29110775866671645,0.796293917355824,2.711455953897475,0.038,0.000875,0.0
6300,train,model,always_resting,561,0.005178626135890872,0.007306186043888373,0.0030510662278933694,0.0036530930219441865,0.0015255331139466847,0.48774423237433656,1.4598599782242334,2.7561407471490256,0.1967348721175059,0.5732313510189804,1.007896013378282,0.0873440285204991,0.0017825311942959,0.0
6300,train,model,moved_then_stopped,3321,0.004873690032940432,0.004740265223592261,0.005007114842288604,0.0023701326117961303,0.002503557421144302,0.41044040344950977,1.091152900193841,2.3406565876227807,0.2519829435948701,0.7069702966282059,1.635648099089829,0.04847937368262571,0.0009033423667570009,0.0
6300,train,model,moving_at_observation,4118,0.008175744303088758,0.007883537882463234,0.00846795072371428,0.003941768941231617,0.00423397536185714,0.5084781406510701,1.3894551353155948,7.077152093619908,0.3355168650794675,0.8850623366397581,2.711455953897475,0.022826614861583293,0.0007285089849441476,0.0
6300,train,model,breakaway,810,0.005053035004119987,0.006803383025752541,0.003302686982487435,0.0034016915128762706,0.0016513434912437176,0.46679378635822527,1.451419593989556,2.7561407471490256,0.20813012663628033,0.5735039083030244,1.007896013378282,0.07037037037037037,0.0012345679012345679,0.0
6300,validation,model,overall,1000,0.006483120080546679,0.006125968720218183,0.006840271440875174,0.0030629843601090914,0.003420135720437587,0.4646757253062005,1.2538527775979618,2.3860357323904573,0.29398151363595176,0.8411808277306341,1.8476529429541624,0.034,0.0,0.0
6300,validation,model,always_resting,64,0.005130651221245645,0.007850925996606231,0.002410376445885059,0.003925462998303116,0.0012051882229425295,0.5141405389191039,1.5007258811561635,1.7590792952413956,0.17544672450499896,0.42369404744710043,0.7480320722506715,0.09375,0.0,0.0
6300,validation,model,moved_then_stopped,417,0.005149596409699516,0.004849298961387544,0.005449893858011487,0.002424649480693772,0.0027249469290057437,0.4160822124294083,1.1331364724360702,1.7322177905804117,0.26040597750635996,0.7667461769487811,1.2055888129991477,0.045563549160671464,0.0,0.0
6300,validation,model,moving_at_observation,519,0.007721342388328053,0.006939020789088204,0.008503663987567899,0.003469510394544102,0.004251831993783949,0.4976193607559048,1.341991801648428,2.3860357323904573,0.3355753962379186,0.9135164437098641,1.8476529429541624,0.017341040462427744,0.0,0.0
6300,validation,model,breakaway,102,0.0044723225549511214,0.0063780198834640246,0.002566625226438218,0.0031890099417320123,0.001283312613219109,0.46619476402534216,1.3241226487586821,1.7590792952413956,0.1844749069972082,0.533429388852065,0.7480320722506715,0.06862745098039216,0.0,0.0
6400,train,model,overall,8000,0.006590975267833862,0.006534368272653991,0.006647582263013732,0.0032671841363269955,0.003323791131506866,0.4662162303444424,1.2558868287247054,7.055691548879999,0.2910286244187782,0.7953050442485277,2.719267203888555,0.038,0.0005,0.0
6400,train,model,always_resting,561,0.0051825630137848,0.007305866602797299,0.0030592594247723,0.0036529333013986497,0.00152962971238615,0.4877083710314405,1.4611100224111793,2.7464219005824027,0.19682000942861566,0.5788320004286087,1.0129695310949374,0.08912655971479501,0.0,0.0
6400,train,model,moved_then_stopped,3321,0.004868441065190675,0.004739600400465911,0.004997281729915438,0.0023698002002329557,0.002498640864957719,0.4104362709880768,1.0929520257491858,2.3288542178487948,0.25195964958308875,0.7082777116215078,1.628750876908459,0.04817825956037338,0.0006022282445046673,0.0
6400,train,model,moving_at_observation,4118,0.008171998910742929,0.007876673649129516,0.008467324172356345,0.003938336824564758,0.004233662086178172,0.5082726057929815,1.3780445806393238,7.055691548879999,0.33537031903723513,0.8878925923838075,2.719267203888555,0.022826614861583293,0.00048567265662943174,0.0
6400,train,model,breakaway,810,0.005055826196438548,0.006793859905985677,0.0033177924868914195,0.0033969299529928386,0.0016588962434457098,0.46640206710483956,1.4508391885343495,2.7464219005824027,0.20854229158139825,0.5789764269061458,1.0129695310949374,0.07160493827160494,0.0012345679012345679,0.0
6400,validation,model,overall,1000,0.006487455545650709,0.006130609090419488,0.006844302000881929,0.003065304545209744,0.0034221510004409646,0.4645205564586763,1.2517172261410232,2.3859539070898883,0.2941833779699371,0.8472824934996315,1.8475833244788795,0.035,0.001,0.0
6400,validation,model,always_resting,64,0.0051420305847181295,0.007848806994678326,0.002435254174757935,0.003924403497339163,0.0012176270873789675,0.5130764104741183,1.5026171032842792,1.7667781959293638,0.1760348524306825,0.42737789194740466,0.7523323683770935,0.109375,0.0,0.0
6400,validation,model,moved_then_stopped,417,0.005144163089205669,0.004846646892495364,0.005441679285915974,0.002423323446247682,0.002720839642957987,0.41560650392180437,1.1353440451118044,1.7357311644235547,0.26043083712362913,0.7726234525759291,1.1993536083066116,0.04316546762589928,0.0,0.0
6400,validation,model,moving_at_observation,519,0.0077326581503467905,0.006950353927918129,0.008514962372775454,0.0034751769639590644,0.004257481186387727,0.4978338228380351,1.3535899714908914,2.3859539070898883,0.3358718465006168,0.9092150348291238,1.8475833244788795,0.019267822736030827,0.0019267822736030828,0.0
6400,validation,model,breakaway,102,0.004476297673943633,0.006370796815845275,0.0025817985320419905,0.0031853984079226374,0.0012908992660209952,0.4657407354785946,1.3250688351568842,1.7667781959293638,0.18437269122615643,0.5378183558049463,0.7523323683770935,0.06862745098039216,0.0,0.0
6500,train,model,overall,8000,0.006586764542001117,0.006529338674661055,0.006644190409341178,0.0032646693373305277,0.003322095204670589,0.4660196315595598,1.2627661514144735,7.077431043508206,0.29091485930025296,0.7954221015943755,2.7080643358003877,0.038375,0.00075,0.0
6500,train,model,always_resting,561,0.00517300204496016,0.007305965817871175,0.0030400382720491468,0.0036529829089355873,0.0015200191360245734,0.4879628410136821,1.4578830371200255,2.758849118106181,0.19640311948978337,0.5708444331878905,1.0044337781802413,0.0855614973262032,0.0,0.0
6500,train,model,moved_then_stopped,3321,0.004866184600767769,0.004732294875863508,0.0050000743256720295,0.002366147437931754,0.0025000371628360147,0.4101298523094046,1.0866255925823967,2.3456693171155365,0.2516819732514141,0.7037969495704279,1.6387184450427825,0.04908160192713038,0.0009033423667570009,0.0
6500,train,model,moving_at_observation,4118,0.008166941022252678,0.00787278078939291,0.008461101255112445,0.003936390394696455,0.004230550627556223,0.5081031226683512,1.3865341310946246,7.077431043508206,0.3354300367169279,0.8872528049568498,2.7080643358003877,0.023312287518212724,0.0007285089849441476,0.0
6500,train,model,breakaway,810,0.005048081059049792,0.006806016045931498,0.0032901460721680843,0.003403008022965749,0.0016450730360840422,0.46716010734606406,1.4501537471972443,2.758849118106181,0.20775801345197437,0.5712398889532275,1.0044337781802413,0.07037037037037037,0.0012345679012345679,0.0
6500,validation,model,overall,1000,0.006477200913472797,0.006121857695596391,0.0068325441313492035,0.0030609288477981954,0.0034162720656746018,0.4645732124638109,1.252320323850354,2.3890576895137094,0.29368517522539606,0.836952510540324,1.8473770369476106,0.038,0.0,0.0
6500,validation,model,always_resting,64,0.0051205834205940454,0.007854703775821453,0.0023864630653666393,0.003927351887910727,0.0011932315326833197,0.5150115090950815,1.4989346160713548,1.754863548825337,0.17462053340182504,0.4205839133942362,0.7443355880026008,0.09375,0.0,0.0
6500,validation,model,moved_then_stopped,417,0.005142567203176971,0.0048444657093850456,0.005440668696968898,0.0024222328546925228,0.002720334348484449,0.41606990924713283,1.127835701597359,1.7313107385269553,0.2600491991563946,0.7625231601831394,1.2077449171511765,0.05275779376498801,0.0,0.0
6500,validation,model,moving_at_observation,519,0.007716826687533682,0.006934517250732666,0.008499136124334698,0.003467258625366333,0.004249568062167349,0.4973243231708503,1.3370564412397916,2.3890576895137094,0.3353929576868261,0.9166107597131532,1.8473770369476106,0.019267822736030827,0.0,0.0
6500,validation,model,breakaway,102,0.004467643160116525,0.006380315308062837,0.002554971012170213,0.0031901576540314183,0.0012774855060851064,0.4664473202176141,1.321950791420024,1.754863548825337,0.18417816062399447,0.5279343726392057,0.7443355880026008,0.06862745098039216,0.0,0.0
6600,train,model,overall,8000,0.006583744209518369,0.006526821174688034,0.006640667244348701,0.003263410587344017,0.0033203336221743506,0.465900767726408,1.2581263240876346,7.0327283940751215,0.290780233331413,0.7959586820540967,2.713238643379313,0.037375,0.000625,0.0
6600,train,model,always_resting,561,0.005181691576605293,0.007321286976429594,0.003042096176780993,0.003660643488214797,0.0015210480883904964,0.4878241046757352,1.4774739202335958,2.71691737089688,0.19629467300930195,0.5705487686591526,1.0065331033298877,0.0855614973262032,0.0,0.0
6600,train,model,moved_then_stopped,3321,0.0048646020427895705,0.004731964505945987,0.004997239579633153,0.0023659822529729937,0.0024986197898165764,0.4099323942567063,1.092262374462991,2.2996941912753224,0.25153394318688205,0.7090243384822044,1.637185554639266,0.04727491719361638,0.0009033423667570009,0.0
6600,train,model,moving_at_observation,4118,0.008161165934329095,0.007866069276221625,0.008456262592436566,0.003933034638110813,0.004228131296218283,0.5080503491407612,1.3780070447430035,7.0327283940751215,0.3353026541450827,0.8896594254240835,2.713238643379313,0.022826614861583293,0.00048567265662943174,0.0
6600,train,model,breakaway,810,0.005043510169509761,0.0067876243643880405,0.0032993959746314824,0.0033938121821940202,0.0016496979873157412,0.4655606243477352,1.4603676056048163,2.71691737089688,0.2079426489612342,0.5733179357984504,1.0065331033298877,0.06790123456790123,0.0024691358024691358,0.0
6600,validation,model,overall,1000,0.006474632150159683,0.006117931086660965,0.006831333213658402,0.0030589655433304825,0.003415666606829201,0.46388544413220373,1.2434549353098787,2.3901297869177434,0.2935511659709812,0.8431770156721101,1.8589097368285121,0.04,0.001,0.0
6600,validation,model,always_resting,64,0.005145012323756996,0.007904860221983941,0.0023851644255300504,0.003952430110991971,0.0011925822127650252,0.5137322432926592,1.5224148393629366,1.7855324618362736,0.1746172845247847,0.4181652206222696,0.7462557311748794,0.09375,0.0,0.0
6600,validation,model,moved_then_stopped,417,0.005128315245176771,0.0048222728693332415,0.005434357621020302,0.0024111364346666208,0.002717178810510151,0.4145792061362259,1.1496263307578163,1.7325074335477635,0.25980340911781336,0.7692554379359801,1.2037860083430993,0.05515587529976019,0.0,0.0
6600,validation,model,moving_at_observation,519,0.007720315807708136,0.006938597776381564,0.008502033839034709,0.003469298888190782,0.0042510169195173544,0.4973546273654478,1.3439500212510094,2.3901297869177434,0.3353326361450226,0.9180258764849694,1.8589097368285121,0.02119460500963391,0.0019267822736030828,0.0
6600,validation,model,breakaway,102,0.004474020523070192,0.006387621130081538,0.0025604199160588455,0.003193810565040769,0.0012802099580294228,0.4650308228263856,1.3393392954279912,1.7855324618362736,0.1843409967495334,0.5271904393132663,0.7462557311748794,0.06862745098039216,0.0,0.0
6700,train,model,overall,8000,0.006580098085552262,0.006522228184509202,0.006637967986595321,0.003261114092254601,0.0033189839932976604,0.4655857032429278,1.257848638535082,7.1033510671290685,0.2907741518905399,0.7944747432529777,2.706867696926056,0.038625,0.000875,0.0
6700,train,model,always_resting,561,0.005142127525286397,0.007239156007285384,0.0030450990432874083,0.003619578003642692,0.0015225495216437041,0.48564553266422633,1.4490411392647466,2.7548001604775023,0.19654996175608766,0.5740964576823868,1.0123207097310292,0.0873440285204991,0.0035650623885918,0.0
6700,train,model,moved_then_stopped,3321,0.00485124727923266,0.004722238906745267,0.004980255651720054,0.0023611194533726333,0.002490127825860027,0.4095724691287822,1.0848406374433854,2.337651832409306,0.25158101094752383,0.7076408737656401,1.619596475391171,0.04968383017163505,0.0006022282445046673,0.0
6700,train,model,moving_at_observation,4118,0.00817024257610509,0.007876178617456408,0.008464306534753772,0.003938089308728204,0.004232153267376886,0.5080253307775876,1.3827223284011716,7.1033510671290685,0.335218103259453,0.889345107319897,2.706867696926056,0.02306945118989801,0.0007285089849441476,0.0
6700,train,model,breakaway,810,0.005024419633075527,0.006745009090195734,0.003303830175955323,0.003372504545097867,0.0016519150879776615,0.46514476406144317,1.4380739075486844,2.7548001604775023,0.20817571293481435,0.5764668465457918,1.0123207097310292,0.0728395061728395,0.0012345679012345679,0.0
6700,validation,model,overall,1000,0.006460256610442441,0.00609449653235809,0.00682601668852679,0.003047248266179045,0.003413008344263395,0.4640833688883009,1.2443673869859837,2.371537776862528,0.2938253030610507,0.843328341585166,1.8380578621947654,0.035,0.0,0.0
6700,validation,model,always_resting,64,0.005109612424786371,0.007782821875862402,0.002436402973710338,0.003891410937931201,0.001218201486855169,0.5127341265920351,1.490350711994018,1.746624880103508,0.17631784801076927,0.42924193375614816,0.7505386940128855,0.09375,0.0,0.0
6700,validation,model,moved_then_stopped,417,0.005124711501686578,0.004828551758613414,0.005420871244759744,0.002414275879306707,0.002710435622379872,0.41542961919052407,1.1202652470151244,1.7154505777111617,0.25963836248206523,0.7684957783319204,1.2032456805252008,0.045563549160671464,0.0,0.0
6700,validation,model,moving_at_observation,519,0.007699878071392697,0.00690344864925068,0.008496307493534713,0.00345172432462534,0.0042481537467673565,0.4971757872523354,1.3385156182879725,2.371537776862528,0.33578374495826635,0.8979940274189648,1.8380578621947654,0.019267822736030827,0.0,0.0
6700,validation,model,breakaway,102,0.0044495080672188525,0.006324675865217408,0.002574340269220295,0.003162337932608704,0.0012871701346101475,0.4649760333307596,1.3125038628799335,1.746624880103508,0.18406622783355525,0.5356453392138913,0.7505386940128855,0.058823529411764705,0.0,0.0
6800,train,model,overall,8000,0.00657458458454005,0.006516253971595278,0.0066329151974848215,0.003258126985797639,0.0033164575987424108,0.4656648993268259,1.2540441746881357,7.037213908278993,0.2906456970565304,0.7963716052113712,2.7060442587307,0.038125,0.00075,0.0
6800,train,model,always_resting,561,0.005177584821151306,0.007324109739892143,0.003031059902410467,0.0036620548699460714,0.0015155299512052336,0.48812496893724644,1.4735780363561215,2.730025458606351,0.19605501365612865,0.5713714935504584,1.0025935250615663,0.0855614973262032,0.0,0.0
6800,train,model,moved_then_stopped,3321,0.004863195393577082,0.004733650649162502,0.004992740137991664,0.002366825324581251,0.002496370068995832,0.4102048471199857,1.091729344176425,2.3174340094217802,0.25141007762232653,0.7064694260358031,1.6390672507232478,0.04787714543812105,0.0009033423667570009,0.0
6800,train,model,moving_at_observation,4118,0.008145065490428609,0.007843796115302101,0.00844633486555512,0.003921898057651051,0.00422316743277756,0.5073314205331083,1.376439037955937,7.037213908278993,0.33517383341607787,0.8896704287104324,2.7060442587307,0.023797960174842158,0.0007285089849441476,0.0
6800,train,model,breakaway,810,0.0050372220525637165,0.006790383022416948,0.0032840610827104865,0.003395191511208474,0.0016420305413552432,0.4656566742303291,1.461150976057504,2.730025458606351,0.2074779921355766,0.5732374472290109,1.0025935250615663,0.06790123456790123,0.003703703703703704,0.0
6800,validation,model,overall,1000,0.006470084666752886,0.0061163415909898,0.006823827742515972,0.0030581707954949,0.003411913871257986,0.4635401019069614,1.254418217877124,2.3937654337952576,0.2934024668990719,0.8365580177354547,1.8514054929005659,0.039,0.002,0.0
6800,validation,model,always_resting,64,0.005128328274572405,0.007885585570853558,0.002371070978291253,0.003942792785426779,0.0011855354891456265,0.5135344494992411,1.5170761569257012,1.77762434873208,0.17426758387064425,0.41888438089855135,0.7425870657847597,0.09375,0.015625,0.0
6800,validation,model,moved_then_stopped,417,0.005131673547547058,0.004833097399039999,0.005430249696054117,0.0024165486995199994,0.0027151248480270585,0.4148739747883932,1.148089720673352,1.741380364578116,0.2596663507932933,0.763368596675398,1.2077658169598424,0.05275779376498801,0.0,0.0
6800,validation,model,moving_at_observation,519,0.007710912886036856,0.0069292148344036455,0.008492610937670066,0.0034646074172018228,0.004246305468835033,0.4964767816035645,1.3467253256672402,2.3937654337952576,0.3351993704249467,0.9192868931608493,1.8514054929005659,0.02119460500963391,0.0019267822736030828,0.0
6800,validation,model,breakaway,102,0.004461677264378782,0.006374921371118262,0.0025484331576392993,0.003187460685559131,0.0012742165788196497,0.46445321652883825,1.3360023108975505,1.77762434873208,0.18408710386541952,0.5250640514079618,0.7425870657847597,0.06862745098039216,0.0,0.0
6900,train,model,overall,8000,0.006568954668673906,0.006510128952335786,0.006627780385012027,0.003255064476167893,0.0033138901925060136,0.46535907801738735,1.253577170889147,7.060935806780044,0.2905454139409617,0.7965395143161409,2.713904013397182,0.038,0.000625,0.0
6900,train,model,always_resting,561,0.005164730773250812,0.00729370860997584,0.0030357529365257854,0.00364685430498792,0.0015178764682628927,0.487249721183613,1.4641132666460925,2.739674800159139,0.1961788934013805,0.5713305383864575,1.0074499130253924,0.08912655971479501,0.0035650623885918,0.0
6900,train,model,moved_then_stopped,3321,0.004846992897029938,0.0047178135296691605,0.004976172264390715,0.0023589067648345802,0.0024880861321953576,0.40947777619517767,1.089631956650134,2.3248122339673234,0.2513250002374716,0.7054347071808282,1.6318393407842835,0.04817825956037338,0.0006022282445046673,0.0
6900,train,model,moving_at_observation,4118,0.008148946084157631,0.007848810674225002,0.008449081494090257,0.003924405337112501,0.004224540747045129,0.5074428935917694,1.3817239433820903,7.060935806780044,0.33503074952425355,0.8895924565318811,2.713904013397182,0.022826614861583293,0.00024283632831471587,0.0
6900,train,model,breakaway,810,0.005036303098960788,0.006780298586078059,0.0032923076118435177,0.0033901492930390295,0.0016461538059217588,0.46592531290212946,1.4547393840046163,2.739674800159139,0.20782324346538256,0.5723791292923602,1.0074499130253924,0.0728395061728395,0.0012345679012345679,0.0
6900,validation,model,overall,1000,0.00646337424641227,0.006105716047406305,0.006821032445418237,0.0030528580237031526,0.0034105162227091187,0.46369500466383606,1.2494944180515108,2.387901907143185,0.2935313645050913,0.8453809316614647,1.8404160453841678,0.036,0.001,0.0
6900,validation,model,always_resting,64,0.0051268344010888325,0.00785557521756091,0.0023980935846167548,0.003927787608780455,0.0011990467923083774,0.5137447006736378,1.5075571895769575,1.7659328615386936,0.17479263231301595,0.42306484194456806,0.7462452456053439,0.09375,0.0,0.0
6900,validation,model,moved_then_stopped,417,0.005116731409259002,0.004818485716032407,0.005414977102485597,0.0024092428580162035,0.0027074885512427985,0.4146760061598837,1.1353385005138517,1.7266015994959658,0.25957187946288074,0.7690502631590292,1.201066037339521,0.050359712230215826,0.0,0.0
6900,validation,model,moving_at_observation,519,0.007710173115764126,0.006924182446814822,0.00849616378471343,0.003462091223407411,0.004248081892356715,0.4969083800617566,1.343427038532229,2.387901907143185,0.33545888689987874,0.9124852343108153,1.8404160453841678,0.017341040462427744,0.0019267822736030828,0.0
6900,validation,model,breakaway,102,0.004462691163612458,0.0063642643833130615,0.0025611179439118544,0.0031821321916565308,0.0012805589719559272,0.4653498244718301,1.3264078643581978,1.7659328615386936,0.18372119637069603,0.5287009248365716,0.7462452456053439,0.06862745098039216,0.0,0.0
7000,train,model,overall,8000,0.006564684998568327,0.006504620610884147,0.006624749386252508,0.0032523103054420736,0.003312374693126254,0.4652295255675605,1.2524199526553155,7.04190398573428,0.29053958953191056,0.7959123256658712,2.710433646532971,0.038,0.00025,0.0
7000,train,model,always_resting,561,0.0051650569256773485,0.007286752731772336,0.0030433611195823597,0.003643376365886168,0.0015216805597911799,0.48703744516667596,1.4647281186915544,2.7377251728981604,0.19628947652918588,0.5769496025521059,1.0127884231966346,0.0873440285204991,0.0,0.0
7000,train,model,moved_then_stopped,3321,0.004852166738379496,0.004722869842119907,0.004981463634639084,0.0023614349210599535,0.002490731817319542,0.40969684968470504,1.0906812691074408,2.3243017556717334,0.2515006048766517,0.7054247094125987,1.6271124175055378,0.04847937368262571,0.0006022282445046673,0.0
7000,train,model,moving_at_observation,4118,0.008136434510705032,0.007834979567476611,0.008437889453933454,0.003917489783738306,0.004218944726966727,0.5070434579890902,1.3823169776014939,7.04190398573428,0.3348627516092887,0.8864379316022182,2.710433646532971,0.022826614861583293,0.0,0.0
7000,train,model,breakaway,810,0.005033880429141744,0.006765493904546366,0.003302266953737123,0.003382746952273183,0.0016511334768685615,0.46514226343973675,1.4522561593446992,2.7377251728981604,0.2079209314689435,0.5783483248320315,1.0127884231966346,0.07037037037037037,0.0,0.0
7000,validation,model,overall,1000,0.006460801069014798,0.006100636186612401,0.006820965951417193,0.0030503180933062007,0.0034104829757085967,0.46347936900803927,1.24567105393045,2.3884402804276057,0.2936799888806532,0.8474732093670967,1.8419830317212758,0.035,0.0,0.0
7000,validation,model,always_resting,64,0.005132133166050375,0.007848116574356509,0.00241614975774424,0.0039240582871782545,0.00120807487887212,0.5133909192484465,1.5082150115281296,1.7646929292851987,0.17547990968152144,0.4259819202562914,0.7502253395437068,0.109375,0.0,0.0
7000,validation,model,moved_then_stopped,417,0.005122938669776583,0.004823279671647962,0.005422597667905204,0.002411639835823981,0.002711298833952602,0.41483453142854165,1.135895935373972,1.7331248426338681,0.25977302604570013,0.7705234426543949,1.1999007125129852,0.047961630695443645,0.0,0.0
7000,validation,model,moving_at_observation,519,0.0076995744144330224,0.006911462625773383,0.008487686203092662,0.0034557313128866915,0.004243843101546331,0.4964091533149073,1.3461522462491289,2.3884402804276057,0.33549888786123117,0.9101530581870769,1.8419830317212758,0.015414258188824663,0.0,0.0
7000,validation,model,breakaway,102,0.004459406231118144,0.006349048903226608,0.00256976355900968,0.003174524451613304,0.00128488177950484,0.464107175659948,1.3269057085484302,1.7646929292851987,0.18393111615807856,0.5346838980839761,0.7502253395437068,0.06862745098039216,0.0,0.0
7100,train,model,overall,8000,0.006561325370435118,0.006502572967884323,0.006620077772985913,0.0032512864839421615,0.0033100388864929567,0.46520025370685597,1.2534656751364133,7.0152252184172355,0.2904191017777525,0.795065656832673,2.7117906361577497,0.037625,0.0005,0.0
7100,train,model,always_resting,561,0.005171788154890504,0.007306577124734931,0.003036999185046076,0.0036532885623674653,0.001518499592523038,0.48758364713947583,1.4735303824168704,2.722443833100589,0.19612350476972656,0.5711451506638545,1.0070592363971904,0.0873440285204991,0.0,0.0
7100,train,model,moved_then_stopped,3321,0.0048483134510179625,0.0047200069983642625,0.004976619903671662,0.0023600034991821312,0.002488309951835831,0.4096456034798403,1.0937064806460577,2.30922172471022,0.25126606229637255,0.7055548275828534,1.6324654790794006,0.04727491719361638,0.00030111412225233364,0.0
7100,train,model,moving_at_observation,4118,0.008132098309314406,0.007830609697554777,0.008433586921074033,0.003915304848777388,0.0042167934605370164,0.506953510066307,1.3756742793054342,7.0152252184172355,0.33484044078677755,0.888551713858198,2.7117906361577497,0.02306945118989801,0.0007285089849441476,0.0
7100,train,model,breakaway,810,0.0050345194411902695,0.006777110287240071,0.0032919285951404685,0.0033885551436200357,0.0016459642975702343,0.46561289785360066,1.4577346406610072,2.722443833100589,0.20772639077728264,0.5725189226200853,1.0070592363971904,0.0691358024691358,0.0012345679012345679,0.0
7100,validation,model,overall,1000,0.006462045339647403,0.006107030579861277,0.00681706009943353,0.0030535152899306387,0.003408530049716765,0.4631627855531651,1.245149288554327,2.389838749200951,0.2934115503159045,0.838937443119467,1.8461373145086566,0.039,0.001,0.0
7100,validation,model,always_resting,64,0.005134501967273601,0.007876492789675503,0.002392511144871699,0.003938246394837751,0.0011962555724358496,0.5130056187676021,1.5139654937379683,1.781548011369264,0.17444776540835202,0.4230533149511196,0.746180548928006,0.109375,0.0,0.0
7100,validation,model,moved_then_stopped,417,0.005114745027894085,0.004812969521121256,0.005416520534666913,0.002406484760560628,0.0027082602673334567,0.414136152436839,1.1435694298455366,1.7303920635614864,0.2596162923046663,0.7637699871304315,1.20161435416278,0.050359712230215826,0.0,0.0
7100,validation,model,moving_at_observation,519,0.007708263077283352,0.00692856792102983,0.008487958233536872,0.003464283960514915,0.004243979116768436,0.4964078042117084,1.3489052260610104,2.389838749200951,0.33523487367769567,0.916919113920941,1.8461373145086566,0.02119460500963391,0.0019267822736030828,0.0
7100,validation,model,breakaway,102,0.0044629880747485895,0.006366627903886237,0.0025593482456109412,0.0031833139519431186,0.0012796741228054706,0.4647810567027474,1.3304917488374743,1.781548011369264,0.18354917190994788,0.5285897564003741,0.746180548928006,0.06862745098039216,0.0,0.0
7200,train,model,overall,8000,0.006558014858267864,0.006497215887930837,0.006618813828604889,0.0032486079439654186,0.0033094069143024445,0.46498581302421665,1.2551016710946186,7.080730090853834,0.29055809881852135,0.7971749919196396,2.714285488403138,0.038375,0.0005,0.0
7200,train,model,always_resting,561,0.005148465363279424,0.007238498716360959,0.0030584320101978897,0.0036192493581804794,0.0015292160050989448,0.48573341648989077,1.4425180692036563,2.766978880142453,0.1968323616513161,0.5749060462676432,1.0161741922005119,0.09090909090909091,0.0017825311942959,0.0
7200,train,model,moved_then_stopped,3321,0.004843175007186106,0.004716013050244914,0.0049703369641272985,0.002358006525122457,0.0024851684820636493,0.40968706866226057,1.0821593405165957,2.3537477058807132,0.25161766761741294,0.7044758723652476,1.6205919625233942,0.04847937368262571,0.0009033423667570009,0.0
7200,train,model,moving_at_observation,4118,0.008132988246352137,0.007832697907650522,0.008433278585053751,0.003916348953825261,0.0042166392925268754,0.5067555372791493,1.3863756936380578,7.080730090853834,0.3347303451928979,0.8870528509273337,2.714285488403138,0.02306945118989801,0.0,0.0
7200,train,model,breakaway,810,0.005030667435129823,0.006746726710451346,0.003314608159808299,0.003373363355225673,0.0016573040799041496,0.46532293080632947,1.436715250287893,2.766978880142453,0.20845242246656523,0.5793085923547546,1.0161741922005119,0.07530864197530865,0.0012345679012345679,0.0
7200,validation,model,overall,1000,0.006453807524196433,0.006089111092717701,0.006818503955675164,0.0030445555463588505,0.003409251977837582,0.4634295794865263,1.2541456091314263,2.381725026783256,0.29396297501742263,0.8451592668036013,1.826557688978545,0.036,0.0,0.0
7200,validation,model,always_resting,64,0.005105685459571054,0.007760784578490592,0.0024505863406515177,0.003880392289245296,0.0012252931703257588,0.5123163292350201,1.480979983265082,1.7408980388967028,0.17624372680367045,0.43422429834825027,0.7530637190195903,0.109375,0.0,0.0
7200,validation,model,moved_then_stopped,417,0.005120162770759062,0.004825486042245024,0.005414839499273098,0.002412743021122512,0.002707419749636549,0.4149814331532393,1.115725791367377,1.7126531752479903,0.260111145626349,0.764346372241936,1.1956589786490708,0.045563549160671464,0.0,0.0
7200,validation,model,moving_at_observation,519,0.007691591097066198,0.006898252793984833,0.008484929400147563,0.0034491263969924166,0.0042424647000737815,0.496327700945249,1.3263010286323154,2.381725026783256,0.3356782828050101,0.905524671403271,1.826557688978545,0.019267822736030827,0.0,0.0
7200,validation,model,breakaway,102,0.0044448507782662945,0.006304537588552613,0.0025851639679799737,0.0031522687942763064,0.0012925819839899868,0.4642175978696512,1.304022914557204,1.7408980388967028,0.1837148689441816,0.5408440203922059,0.7530637190195903,0.0784313725490196,0.0,0.0
7300,train,model,overall,8000,0.006552304874665833,0.006491837268774285,0.006612772480557381,0.0032459186343871426,0.0033063862402786903,0.4647042292484512,1.252432336585321,7.037295733579555,0.29038322549116014,0.7963320916647122,2.7118014783793103,0.038125,0.0,0.0
7300,train,model,always_resting,561,0.005168453372990166,0.007293028496409477,0.003043878249570853,0.0036465142482047385,0.0015219391247854265,0.4872573969716534,1.4725358098359598,2.7230542684394865,0.1963031363037593,0.576675693796894,1.012287826414323,0.0873440285204991,0.0,0.0
7300,train,model,moved_then_stopped,3321,0.004840602824381787,0.004710029548613508,0.004971176100150066,0.002355014774306754,0.002485588050075033,0.40916996552798707,1.0934601794623728,2.3109093715344367,0.2514696712621697,0.7051191299575654,1.6258900996854047,0.04757603131586871,0.0,0.0
7300,train,model,moving_at_observation,4118,0.008121246885698702,0.00781964570975306,0.008422848061644346,0.00390982285487653,0.004211424030822173,0.5064179161651448,1.3833614699431822,7.037295733579555,0.3345820704713955,0.8864777971928329,2.7118014783793103,0.023797960174842158,0.0,0.0
7300,train,model,breakaway,810,0.0050296013214724215,0.006760310112880701,0.003298892530064141,0.0033801550564403504,0.0016494462650320705,0.46493258840604296,1.4558046922358128,2.7230542684394865,0.20784093665250336,0.5784488973765726,1.012287826414323,0.07037037037037037,0.0,0.0
7300,validation,model,overall,1000,0.006452952146221001,0.006090501345202913,0.00681540294723909,0.0030452506726014565,0.003407701473619545,0.46294768004129777,1.248244686280101,2.3948607770233163,0.29375902694593853,0.8442599110826242,1.8296862405419811,0.036,0.0,0.0
7300,validation,model,always_resting,64,0.0051467643401753955,0.007874166934517788,0.002419361745833005,0.003937083467258894,0.0012096808729165024,0.5140644842523316,1.5148737197055384,1.77443792740385,0.17533366674773898,0.43000065387504466,0.7495255882706264,0.109375,0.0,0.0
7300,validation,model,moved_then_stopped,417,0.005111726932333303,0.004807415585338397,0.005416038279328207,0.0024037077926691987,0.0027080191396641035,0.41418736056224204,1.141944103606275,1.734144404475606,0.25997014913182576,0.7661288619986396,1.1985244636788555,0.047961630695443645,0.0,0.0
7300,validation,model,moving_at_observation,519,0.007691655294155664,0.006901468906180467,0.008481841682130857,0.0034507344530902333,0.004240920841065429,0.49582162561598003,1.3430434427273208,2.3948607770233163,0.33551082868229654,0.9095587177098607,1.8296862405419811,0.017341040462427744,0.0,0.0
7300,validation,model,breakaway,102,0.00446173873066164,0.006355034101904461,0.0025684433594188195,0.0031775170509522306,0.0012842216797094097,0.4640285261491622,1.330929676916282,1.77443792740385,0.18350725760451395,0.5363469664766235,0.7495255882706264,0.06862745098039216,0.0,0.0
7400,train,model,overall,8000,0.006548788457430459,0.006486675677034046,0.006610901237826871,0.003243337838517023,0.0033054506189134354,0.46466574125388393,1.255138047827018,7.03819953121765,0.2903767434838152,0.79495552930653,2.711646263418024,0.03775,0.0005,0.0
7400,train,model,always_resting,561,0.005159619839085135,0.0072669455107954055,0.003052294167374865,0.0036334727553977027,0.0015261470836874325,0.4867794163128162,1.4531690164659907,2.7485642357245488,0.1966833274730856,0.5737742467314588,1.017466770469573,0.09090909090909091,0.0,0.0
7400,train,model,moved_then_stopped,3321,0.004839263659299475,0.004716076679249253,0.004962450639349697,0.0023580383396246264,0.0024812253196748483,0.4095835662839364,1.0854470069117261,2.336147362678406,0.2514618323515954,0.7052876837045878,1.6162576417937857,0.04787714543812105,0.0009033423667570009,0.0
7400,train,model,moving_at_observation,4118,0.00811669895997653,0.007808294884149921,0.008425103035803141,0.0039041474420749606,0.004212551517901571,0.5060747095314786,1.3850625549247748,7.03819953121765,0.33452400580827396,0.8894903264731581,2.711646263418024,0.022340942204953862,0.00024283632831471587,0.0
7400,train,model,breakaway,810,0.0050324656985289195,0.006755118211426238,0.0033098131856316004,0.003377559105713119,0.0016549065928158002,0.4654125235511412,1.446136657685748,2.7485642357245488,0.20827240764206817,0.5772484133313741,1.017466770469573,0.07160493827160494,0.0,0.0
7400,validation,model,overall,1000,0.0064460160068942314,0.006079592475978879,0.006812439537809583,0.0030397962379894393,0.0034062197689047917,0.4627600223021622,1.2422523531164238,2.382196452094483,0.2938014345658362,0.8463538465234164,1.8256894552888476,0.034,0.0,0.0
7400,validation,model,always_resting,64,0.005137307778414042,0.00781952693622167,0.0024550886206064146,0.003909763468110835,0.0012275443103032073,0.5137961529244184,1.4958749774673572,1.754997909688202,0.17646043637583292,0.4355243734428773,0.7534247221993111,0.109375,0.0,0.0
7400,validation,model,moved_then_stopped,417,0.0051140732396978495,0.004820024617645551,0.005408121861750149,0.0024100123088227755,0.0027040609308750744,0.41501078564231186,1.1249451322119561,1.7265811431708236,0.25985069588172444,0.7622848402431662,1.1946679853323627,0.04316546762589928,0.0,0.0
7400,validation,model,moving_at_observation,519,0.007677571807556316,0.006877056814070322,0.008478086801042313,0.003438528407035161,0.004239043400521157,0.49483154316407585,1.3414666854654678,2.382196452094483,0.3355495692776566,0.9001873048083794,1.8256894552888476,0.017341040462427744,0.0,0.0
7400,validation,model,breakaway,102,0.004457813379992239,0.00633009629283613,0.002585530467148346,0.003165048146418065,0.001292765233574173,0.46415557083229514,1.3152551572511517,1.754997909688202,0.18365416607020632,0.5412994650281509,0.7534247221993111,0.058823529411764705,0.0,0.0
7500,train,model,overall,8000,0.006543090968917303,0.006481118489613962,0.006605063448220646,0.003240559244806981,0.003302531724110323,0.4644372782027759,1.2526916196041773,7.051607722515286,0.2901203917653074,0.7950517510933498,2.703653263554996,0.03825,0.000375,0.0
7500,train,model,always_resting,561,0.005139240331087254,0.007250946196300854,0.0030275344658736545,0.003625473098150427,0.0015137672329368272,0.4862602740789995,1.450395789659805,2.749606578473831,0.1959844112633822,0.5755985931698182,1.008449038008271,0.08912655971479501,0.0,0.0
7500,train,model,moved_then_stopped,3321,0.0048329125335770965,0.004706061491659957,0.0049597635754942354,0.0023530307458299784,0.0024798817877471177,0.40919437614003945,1.0852472294581688,2.3387578687164163,0.2509955929050186,0.7044288771398795,1.6222512504045765,0.04847937368262571,0.0009033423667570009,0.0
7500,train,model,moving_at_observation,4118,0.008113528752207128,0.007807755436373046,0.008419302068041206,0.003903877718186523,0.004209651034020603,0.5060154659307475,1.3788382055964,7.051607722515286,0.33449721111368014,0.8860575065173587,2.703653263554996,0.02306945118989801,0.0,0.0
7500,train,model,breakaway,810,0.00501010121236315,0.006742020748074446,0.0032781816766518533,0.003371010374037223,0.0016390908383259266,0.46501823197357184,1.4428087971412373,2.749606578473831,0.20726768662022763,0.5756301107492758,1.008449038008271,0.0728395061728395,0.0012345679012345679,0.0
7500,validation,model,overall,1000,0.0064420150949730925,0.006080580054669775,0.00680345013527641,0.0030402900273348876,0.003401725067638205,0.4628563385108644,1.2479633808160215,2.3875792551057184,0.29326920371454424,0.8444265531747924,1.8319919245533014,0.034,0.0,0.0
7500,validation,model,always_resting,64,0.005099508752052697,0.007798449328881855,0.00240056817522354,0.0038992246644409274,0.00120028408761177,0.5131644131510182,1.4930075353363983,1.751054720558837,0.17489180070297672,0.42869102763918776,0.745304326232948,0.109375,0.0,0.0
7500,validation,model,moved_then_stopped,417,0.005108833320792302,0.004811529584203216,0.005406137057381387,0.002405764792101608,0.0027030685286906935,0.4144933512614264,1.1205843527593444,1.7229148118055968,0.25933663332668566,0.7653288703335316,1.2028936649765105,0.04316546762589928,0.0,0.0
7500,validation,model,moving_at_observation,519,0.0076787341812549715,0.006888384317935637,0.008469084044574306,0.0034441921589678185,0.004234542022287153,0.4955107680022821,1.3401236047161587,2.3875792551057184,0.33513054406999193,0.9042476210899104,1.8319919245533014,0.017341040462427744,0.0,0.0
7500,validation,model,breakaway,102,0.004434098528956549,0.006315074018142989,0.002553123039770108,0.0031575370090714946,0.001276561519885054,0.4637918016040824,1.312409275621976,1.751054720558837,0.18331155354725784,0.5310491217692734,0.745304326232948,0.058823529411764705,0.0,0.0
7600,train,model,overall,8000,0.006539461931305157,0.0064777690280016864,0.006601154834608627,0.0032388845140008432,0.0033005774173043134,0.4641218552518292,1.2551080192161301,7.0711974433376525,0.29008202782514275,0.7942673796874317,2.7053620547372503,0.03875,0.00025,0.000125
7600,train,model,always_resting,561,0.005128695843912644,0.007225153380132195,0.0030322383076930933,0.0036125766900660973,0.0015161191538465466,0.48511383841734806,1.4544573000334573,2.7343033876016767,0.19612978674260606,0.5757111640604421,1.009368986241596,0.08912655971479501,0.0,0.0
7600,train,model,moved_then_stopped,3321,0.0048236308569247505,0.004693541118001362,0.004953720595848141,0.002346770559000681,0.0024768602979240704,0.4086521448275146,1.0834428172610029,2.317792924944727,0.2510135647959617,0.7021510119865104,1.618143903023688,0.04787714543812105,0.00030111412225233364,0.00030111412225233364
7600,train,model,moving_at_observation,4118,0.008115400438601057,0.007814859428090534,0.008415941449111586,0.003907429714045267,0.004207970724555793,0.5059961645678303,1.3732191578349697,7.0711974433376525,0.3343883835724018,0.8881603508026122,2.7053620547372503,0.024526469159786304,0.00024283632831471587,0.0
7600,train,model,breakaway,810,0.0049947104840847335,0.00670757297117244,0.003281847996997026,0.00335378648558622,0.001640923998498513,0.4635396475454837,1.443656961836112,2.7343033876016767,0.20742320707217632,0.576730961636397,1.009368986241596,0.0728395061728395,0.0,0.0
7600,validation,model,overall,1000,0.006434254157489138,0.0060677831119040175,0.006800725203074261,0.0030338915559520088,0.0034003626015371305,0.46257328386909785,1.2477467186706117,2.3892064627874703,0.293289385363506,0.8430343191969014,1.8250155256223781,0.037,0.0,0.0
7600,validation,model,always_resting,64,0.0050989710471065295,0.007782939854443436,0.0024150022397696233,0.003891469927221718,0.0012075011198848116,0.5117945131321835,1.4960184971848878,1.7575984200218815,0.17518145323615025,0.4326261691563178,0.746502320384975,0.109375,0.0,0.0
7600,validation,model,moved_then_stopped,417,0.0050973230310348405,0.004791806508803498,0.005402839553266184,0.002395903254401749,0.002701419776633092,0.4135180020196881,1.125529723414871,1.7152725146991297,0.2594387729376429,0.7634757064115509,1.201161762743035,0.047961630695443645,0.0,0.0
7600,validation,model,moving_at_observation,519,0.007673095002953357,0.006881486795854679,0.008464703210052037,0.0034407433979273395,0.0042323516050260185,0.4959179733842546,1.3417679592206577,2.3892064627874703,0.3350516455518215,0.9014487515253583,1.8250155256223781,0.019267822736030827,0.0,0.0
7600,validation,model,breakaway,102,0.00442484903467117,0.006290082220786758,0.0025596158485555846,0.003145041110393379,0.0012798079242777923,0.4626537384768713,1.3138356045154154,1.7575984200218815,0.1831900911545738,0.5346107986849288,0.746502320384975,0.06862745098039216,0.0,0.0
7700,train,model,overall,8000,0.006538168809697057,0.006478344446566636,0.006597993172827478,0.003239172223283318,0.003298996586413739,0.4642011887271187,1.2558673150963424,7.088860550264833,0.2900390528621437,0.7930807902074107,2.7035947726228935,0.039125,0.000875,0.0
7700,train,model,always_resting,561,0.005115187698701305,0.007196338313285577,0.003034037084117035,0.0035981691566427886,0.0015170185420585174,0.48457558922819116,1.439028814169808,2.7703511518337636,0.19609837504462962,0.5746320776935552,1.0117955039589914,0.09269162210338681,0.0035650623885918,0.0
7700,train,model,moved_then_stopped,3321,0.004826959848751627,0.00469933050380599,0.004954589193697262,0.002349665251902995,0.002477294596848631,0.4089089849483984,1.0778505081177707,2.3586804697388235,0.2510231789332653,0.7024741387211744,1.6192897546496576,0.04968383017163505,0.0009033423667570009,0.0
7700,train,model,moving_at_observation,4118,0.008112043837032753,0.007815233894035987,0.008408853780029521,0.003907616947017994,0.0042044268900147605,0.5060164801472324,1.3840799751956365,7.088860550264833,0.33430142235544885,0.8862722336882868,2.7035947726228935,0.023312287518212724,0.00048567265662943174,0.0
7700,train,model,breakaway,810,0.005000702475821725,0.006714669321295523,0.003286735630347927,0.0033573346606477613,0.0016433678151739634,0.4647706861075801,1.4272568383107347,2.7703511518337636,0.207539829849627,0.577185914092547,1.0117955039589914,0.07654320987654321,0.0012345679012345679,0.0
7700,validation,model,overall,1000,0.006428988837300002,0.006060686219906866,0.006797291454693139,0.003030343109953433,0.0033986457273465693,0.46274313312716836,1.258396314598526,2.3698640775327267,0.29331875361222964,0.8476526835302998,1.8245384678737175,0.038,0.0,0.0
7700,validation,model,always_resting,64,0.005068043049203074,0.007721048233443255,0.0024150378649628952,0.0038605241167216273,0.0012075189324814476,0.5126743639393707,1.4703635340724688,1.7287384970365727,0.17517455536307897,0.43121246472652086,0.7475297635386398,0.09375,0.0,0.0
7700,validation,model,moved_then_stopped,417,0.005104166361736407,0.004807904223311474,0.005400428500161339,0.002403952111655737,0.0027002142500806695,0.4146028790110018,1.0995292505280962,1.6972012111020756,0.2593272913279937,0.7650195623744993,1.1998402956599477,0.045563549160671464,0.0,0.0
7700,validation,model,moving_at_observation,519,0.007661265335851492,0.006862510735733358,0.008460019935969622,0.003431255367866679,0.004230009967984811,0.4952650737716009,1.3244132137016549,2.3698640775327267,0.3351986543067808,0.9014572683757156,1.8245384678737175,0.025048169556840076,0.0,0.0
7700,validation,model,breakaway,102,0.0044169863350948056,0.0062722664269917365,0.002561706243197876,0.0031361332134958683,0.001280853121598938,0.46370458745058263,1.2921792369539256,1.7287384970365727,0.1831670318528623,0.5336607418876522,0.7475297635386398,0.058823529411764705,0.0,0.0
7800,train,model,overall,8000,0.006530632464683385,0.0064674613049486305,0.00659380362441814,0.0032337306524743152,0.00329690181220907,0.46414265862142895,1.2509848180052896,7.005435937003817,0.28988529978237393,0.7936545207941754,2.7078061197342764,0.037125,0.00025,0.0
7800,train,model,always_resting,561,0.00515806888258388,0.007288570924055482,0.003027566841112276,0.003644285462027741,0.001513783420556138,0.487278639034653,1.4692111920839004,2.7313311765418367,0.1957115463782479,0.5770054542592233,1.010703934771229,0.08912655971479501,0.0,0.0
7800,train,model,moved_then_stopped,3321,0.0048298476301866485,0.004705354028322251,0.004954341232051047,0.0023526770141611255,0.0024771706160255235,0.40911504908487906,1.0918211484924458,2.3240414024426537,0.2508213552355012,0.7052794093776074,1.6237235099638405,0.04667268894911172,0.00030111412225233364,0.0
7800,train,model,moving_at_observation,4118,0.008089232417311234,0.007776668631164574,0.008401796203457892,0.003888334315582287,0.004200898101728946,0.5053683522248926,1.3814691374775845,7.005435937003817,0.334218188441888,0.8864015150939428,2.7078061197342764,0.022340942204953862,0.00024283632831471587,0.0
7800,train,model,breakaway,810,0.005020202702557313,0.006757349933225525,0.003283055471889099,0.0033786749666127624,0.0016415277359445495,0.4650738099438353,1.451838629476474,2.7313311765418367,0.2072570442118634,0.5774021983400703,1.010703934771229,0.07160493827160494,0.0,0.0
7800,validation,model,overall,1000,0.006439486101414231,0.006080935455683028,0.0067980367471454336,0.003040467727841514,0.0033990183735727168,0.46233074985264394,1.2427694274510153,2.390608650892659,0.2931554892616099,0.844700354001249,1.8357099505836834,0.037,0.0,0.0
7800,validation,model,always_resting,64,0.005125873958187361,0.007859602752794894,0.002392145163579827,0.003929801376397447,0.0011960725817899134,0.5140094442959177,1.5092077941805904,1.7708097191900238,0.17431363749804432,0.4261927800665211,0.7465664464190729,0.109375,0.0,0.0
7800,validation,model,moved_then_stopped,417,0.005104162719078389,0.004804718404339028,0.0054036070338177485,0.002402359202169514,0.0027018035169088742,0.41410155430713047,1.1364729688042063,1.7355252064226927,0.2592908266643652,0.7680099731733004,1.1984368699415118,0.047961630695443645,0.0,0.0
7800,validation,model,moving_at_observation,519,0.007674362840529001,0.006887000587465856,0.008461725093592146,0.003443500293732928,0.004230862546796073,0.49470866526325974,1.336564763990609,2.390608650892659,0.3350195409300477,0.9093234356456072,1.8357099505836834,0.019267822736030827,0.0,0.0
7800,validation,model,breakaway,102,0.004448415440202713,0.006342263986483266,0.002554566893922158,0.003171131993241633,0.001277283446961079,0.4637046052771335,1.3251989885256006,1.7708097191900238,0.18301393022965315,0.530601166825854,0.7465664464190729,0.06862745098039216,0.0,0.0
7900,train,model,overall,8000,0.006528899835428889,0.006465538409446019,0.006592261261411759,0.0032327692047230093,0.0032961306307058794,0.4638766547319342,1.255666201265465,7.057335493555051,0.2898246784307479,0.794474257472241,2.703994508212531,0.039,0.000625,0.0
7900,train,model,always_resting,561,0.005124229064494234,0.007219869403730295,0.003028588725258173,0.0036099347018651476,0.0015142943626290865,0.48543464560015054,1.4390210836664519,2.7599509701649674,0.19571158416595388,0.5732188681981047,1.0164189268200774,0.0944741532976827,0.0035650623885918,0.0
7900,train,model,moved_then_stopped,3321,0.004819760180972817,0.004694899739629159,0.004944620622316474,0.0023474498698145795,0.002472310311158237,0.408728478798592,1.0794193340902742,2.3518843206268674,0.25073940181666515,0.7019204606060114,1.614397630152925,0.04938271604938271,0.0009033423667570009,0.0
7900,train,model,moving_at_observation,4118,0.008098611611762778,0.007790723289161491,0.008406499934364065,0.0038953616445807455,0.004203249967182032,0.5054145516230366,1.3868613879938423,7.057335493555051,0.33416650687123317,0.8882450040660016,2.703994508212531,0.02306945118989801,0.0,0.0
7900,train,model,breakaway,810,0.005009151798905305,0.006726909185328667,0.003291394412481941,0.0033634545926643335,0.0016456972062409705,0.4650807658684153,1.437826784232386,2.7599509701649674,0.207441165062418,0.5759058895127298,1.0164189268200774,0.07654320987654321,0.0012345679012345679,0.0
7900,validation,model,overall,1000,0.00642729574481516,0.006061252313087918,0.006793339176542402,0.003030626156543959,0.003396669588271201,0.4623326989543547,1.2475268113655762,2.3759516939283998,0.29322813593700087,0.8449057674662315,1.8296868111852214,0.038,0.0,0.0
7900,validation,model,always_resting,64,0.0050892847898354274,0.007757424397112511,0.002421145182558342,0.0038787121985562555,0.001210572591279171,0.5133445247012922,1.480820156601998,1.7380935464572036,0.1754890232552982,0.4304469040217846,0.7498900153097874,0.109375,0.0,0.0
7900,validation,model,moved_then_stopped,417,0.0050930502809335065,0.004798963947404663,0.005387136614462349,0.0023994819737023316,0.0026935683072311744,0.414255413010457,1.1085133436621792,1.7044357764551434,0.2589220447927925,0.7625411161222614,1.1974029357209917,0.045563549160671464,0.0,0.0
7900,validation,model,moving_at_observation,519,0.007664315127391947,0.006866299008872777,0.008462331245911116,0.0034331495044363884,0.004231165622955558,0.49467079411967524,1.321483175656976,2.3759516939283998,0.33531087816968647,0.9022635373425875,1.8296868111852214,0.023121387283236993,0.0,0.0
7900,validation,model,breakaway,102,0.004429370266090389,0.006292285669391242,0.0025664548627895327,0.003146142834695621,0.0012832274313947663,0.46386437757359106,1.3001663858598038,1.7380935464572036,0.1831342331535971,0.5361361137994343,0.7498900153097874,0.06862745098039216,0.0,0.0
8000,train,model,overall,8000,0.006522663756433012,0.0064583620011556455,0.006586965511710378,0.0032291810005778228,0.003293482755855189,0.46345638156594143,1.2490729382227541,7.047784249379646,0.289842544079621,0.7951920538983864,2.7067484324888906,0.038,0.0005,0.0
8000,train,model,always_resting,561,0.005121926617350615,0.007215674095540136,0.003028179139161094,0.003607837047770068,0.001514089569580547,0.48509237508167974,1.4549044334585788,2.732970007135601,0.1959257537910697,0.5727595832318187,1.011761622016615,0.09090909090909091,0.0017825311942959,0.0
8000,train,model,moved_then_stopped,3321,0.004813664782083205,0.004683797092476923,0.004943532471689488,0.0023418985462384614,0.002471766235844744,0.4082097659918732,1.0822827344130344,2.31991387392877,0.2509311896487728,0.70156603133508,1.6180956836699056,0.04667268894911172,0.0009033423667570009,0.0
8000,train,model,moving_at_observation,4118,0.008091726196656648,0.007786307114504927,0.00839714527880837,0.0038931535572524637,0.004198572639404185,0.5050630396424717,1.3709094941174103,7.047784249379646,0.3340173686101515,0.8855635494245844,2.7067484324888906,0.023797960174842158,0.0,0.0
8000,train,model,breakaway,810,0.004990029260013317,0.006701547524814424,0.0032785109952122122,0.003350773762407212,0.0016392554976061061,0.46374431866319477,1.4416747323069377,2.732970007135601,0.20728466528743072,0.5763977844476678,1.011761622016615,0.0728395061728395,0.0012345679012345679,0.0
8000,validation,model,overall,1000,0.00642084745486138,0.006049656126829709,0.00679203878289305,0.0030248280634148543,0.003396019391446525,0.46183213832813175,1.2410116978729313,2.380894685949082,0.2933250276689699,0.8451051397835606,1.8168752998034243,0.036,0.0,0.0
8000,validation,model,always_resting,64,0.005097895527579582,0.007780384293259829,0.002415406761899337,0.0038901921466299146,0.0012077033809496686,0.5126784909811751,1.4939936464373638,1.7542423041782684,0.17495187075495988,0.4341420686573627,0.7468885745280669,0.109375,0.0,0.0
8000,validation,model,moved_then_stopped,417,0.005086663903891869,0.00478005678651195,0.005393271021271788,0.002390028393255975,0.002696635510635894,0.41330595526704544,1.1198591921226164,1.7106219551446835,0.259412187626058,0.7614875375082035,1.197066256209377,0.045563549160671464,0.0,0.0
8000,validation,model,moving_at_observation,519,0.007655960102453521,0.006856315707294022,0.00845560449761302,0.003428157853647011,0.00422780224880651,0.4945513132157583,1.3461089937266377,2.380894685949082,0.3351699917159658,0.9021080357830312,1.8168752998034243,0.019267822736030827,0.0,0.0
8000,validation,model,breakaway,102,0.004422502430751296,0.006286964711110049,0.002558040150392539,0.0031434823555550246,0.0012790200751962694,0.46277702509754043,1.309553735352918,1.7542423041782684,0.18269709245903024,0.5342417708346453,0.7468885745280669,0.06862745098039216,0.0,0.0
