row_id,pred_displacement_m,pred_v_final_m_s
train:2,24.362604233003506,9.802261317427417
train:3,2.215297188391733,-0.28340564391305706
train:4,-1.097539812509713,0.07439023547708187
train:5,-1.2211555256770303,0.09880663310964363
train:6,1.6697727911273335,-0.14014080803728712
train:7,1.097799992661981,-0.2878960355688123
train:8,-0.37842699188019835,-0.1652659445739597
train:9,-6.270970941166486,-0.18835816456804388
train:10,-0.5144443521648666,-0.17281484133543795
train:11,-2.7364489771591862,-2.0196282886890025
train:12,-0.8502725876060796,-0.12115750469300163
train:13,-6.543781142425297,-6.600420390564141
train:14,-1.0926033293197586,0.029392020124115112
train:15,29.154124604671853,10.10032311841662
train:16,-3.638103815193535,-8.971021918156108
train:17,2.123084491358062,4.6899467081689865
train:18,-10.660982466527395,-6.981354997372426
train:19,7.426475583475062,9.92536504231149
train:20,2.0970691598586955,3.0427713003995986
train:21,13.425036762392281,1.668600748949922
train:22,-8.03657356608419,-4.02435904972286
train:23,5.774864435661834,2.3009370856186795
train:24,-11.758557293692979,-12.297553017929603
train:25,0.6514578553904353,-0.2013791020189301
train:26,-30.38505113409973,-14.580496896134878
train:27,0.5649355036198505,-0.25930709456518913
train:28,-1.0956787518382693,-0.7210810200067297
train:29,-0.9118654203175068,-2.064713955118503
train:30,-9.67076057404122,-1.365490527035097
train:31,0.10435041750993154,0.5635934121977051
train:32,0.49987299921444794,-0.03898288087808821
train:33,-1.8371198838185414,-0.04088768801329104
train:34,-0.5167926453078746,0.0024341201612928243
train:35,18.353906480061934,7.6828928946184964
train:36,-0.6230860353282239,-0.3784887884605718
train:37,25.81314179249915,17.708693459656754
train:38,-2.0867686433935386,-0.4318978571890743
train:39,0.14887244689034135,-0.04592147469435995
train:40,2.0879295992267766,0.7151001910499635
train:41,-6.14696655782147,-1.7390470020714812
train:42,1.5039501001942583,0.03658055567951771
train:43,17.653003973057142,4.054012465871873
train:44,2.245984233145409,0.39365699660479536
train:45,0.5037229725894726,2.8468840275017
train:46,-2.289921570670161,-2.2240934707709537
train:47,2.9137079755192814,9.678394071888192
train:48,-0.5375844076905778,-0.48970558667249814
train:49,-1.5212507453434552,0.23809151770786052
train:50,-7.032049447908379,-4.49095148668317
train:51,6.574908987383915,14.740832750038734
train:52,1.7869824201098345,4.114458992357981
train:53,-2.0699172806413175,-2.1517710024950687
train:54,1.1563599427128635,-0.8143054368606735
train:55,14.532265115358978,5.931184775568402
train:56,-5.644806547901034,-0.47171505990504575
train:57,-0.5783929166829899,0.4374037913323877
train:58,-12.727575275336488,-1.5832342919908058
train:59,-1.3043030487156622,-0.88458985280481
train:60,-0.06790509030558864,0.1616034964406044
train:61,7.073607694107025,9.593111439666483
train:62,-15.595369812987627,-2.265466246959233
train:63,5.301611072832997,1.8409535533427168
train:64,5.917986184685031,0.14578540848792654
train:65,5.967294296773953,6.826573665129219
train:66,0.5612224481483332,0.9895013400476109
train:67,-34.294935506467596,-13.099170957073342
train:68,-1.0962510640257657,0.2647038931888478
train:69,24.287642959353526,11.498906928961038
train:70,0.6102262724007679,-0.26031970099461316
train:71,-1.7606106707467362,0.245760677532174
train:72,0.6183241876581256,-0.1501535996483825
train:73,0.7675330881605151,0.7650210603130043
train:74,0.6176477341789973,3.9863267592428095
train:75,0.16722920920642315,-0.31378583404711813
train:76,-2.892322920326031,-0.4542325482820256
train:77,4.692939627062858,-0.1407844936120351
train:78,-0.4476876921045203,-0.46685589005542444
train:79,7.7461767960406736,0.46293950568025816
train:80,-1.0280766411581328,0.057089473726009546
train:81,-4.158734491967776,0.06171139864859053
train:82,5.273966209069476,0.7001690253530941
train:83,6.530680087844461,4.993714941558435
train:84,-0.07714274831489337,0.20210589902703566
train:85,0.8165115744647625,0.1295260706498995
train:86,-3.5343721149807434,0.23372067581089045
train:87,-4.75780541241558,-4.353973142061133
train:88,19.834083395022443,4.889758009306915
train:89,-3.3409017707852646,-0.2522690661643431
train:90,-0.7529750990251748,4.0778205578105675
train:91,2.3889748757211042,1.496661375584525
train:92,0.7949599060946813,3.8930325812527724
train:93,-1.6582072369187348,0.18639238144809234
train:94,-0.31593094267627875,-0.2596874282846657
train:95,-2.759464667526364,0.13606992200488405
train:96,0.8025543168036569,2.4165528299071473
train:97,3.9663225895215843,2.5458029531295274
train:98,-1.6899540587897115,-4.23179899501506
train:99,0.8744555101789815,1.159951548547758
train:100,-0.19500907182610133,0.07011041117689576
train:101,-1.5123280682496896,0.04095510675754793
train:102,-3.8788250160517213,0.28726926681157905
train:103,13.650725818686444,3.133473331471823
train:104,15.25952280781038,9.219877663382332
train:105,1.599327483710696,4.796812779658153
train:106,-13.510035291016598,-6.4044483771450995
train:107,1.0376449141665016,0.5282236602336771
train:108,0.24512224618243822,-2.0892344951423696
train:109,13.075149917497214,7.269985147071621
train:110,1.4976365343890619,0.016634291867690332
train:111,6.118730147217939,2.3085560288378706
train:112,1.1738528902081753,-0.30389687201910814
train:113,-0.3330088359836238,-0.2684547910244069
train:114,0.13969569293998219,-0.17030329777527875
train:115,-4.991736972992538,-8.709958912920396
train:116,7.430136800759003,6.076094490583544
train:117,8.435461970030717,3.8250062006094145
train:118,-0.4123152190603604,0.13705371095068683
train:119,-0.3154847390841184,-0.6843549917219724
train:120,0.9418670051021127,0.30920393699327287
train:121,-1.3416246841043202,0.010570636799186656
train:122,16.248435495487467,7.168305651991039
train:123,-17.76952011972755,-6.525172519718269
train:124,0.0087433652521266,0.24500371927428108
train:125,1.556414065352818,-0.10713637230316189
train:126,-0.6973150655214145,0.040983353597929165
train:127,0.43317515108888494,0.2604672951140935
train:128,-0.39460527179777494,-0.258429873244461
train:129,-3.788756746284359,-0.13201056847503356
train:130,2.052905581084752,8.861849246871884
train:131,12.803380199321762,4.28553441185798
train:132,1.2195764962324387,0.12843015030743182
train:133,-1.264270020412725,0.12247477479372286
train:134,-2.84206870319929,-9.169106452849721
train:135,-2.1382335030355026,-0.4295388180348117
train:136,1.0737140645566916,1.8935642921784246
train:137,-0.8203752034945339,-0.02550771140814223
train:138,1.015183636702321,0.35701870471819214
train:139,-1.8149886970555165,-0.007713057932828421
train:140,10.933681379670555,3.793885886193041
train:141,1.5777718635505305,-0.15976637034822055
train:142,-0.8045638589091922,-0.6854369313050597
train:143,1.9691292585062432,2.839895074419496
train:144,5.498662668677771,3.982292882179074
train:145,7.710191795533454,0.653503533113585
train:146,1.7657966410099073,-0.48279980484252777
train:147,0.34401835008154397,0.1540200757631046
train:148,0.7918054477744852,4.873368564810162
train:149,-25.995527306126867,-20.356869614453426
train:150,19.8472144960977,13.56013308268707
train:151,-3.3362386584858448,0.1756474545600451
train:152,-0.4243362158093015,-0.36790221507163146
train:153,2.371616754005138,6.068282955270844
train:154,0.7677701955655704,0.7107965423945064
train:155,1.8056911242016551,2.9555707362481667
train:156,0.05695822623715188,0.3774804020365719
train:157,18.76259224207886,10.701187624433148
train:158,-12.90956776146137,-10.797717694734622
train:159,-0.18707945633468476,-0.013721931250289726
train:160,-1.2695042826084397,-0.04687373560115135
train:161,-0.34926092139247983,-0.4530182194672528
train:162,9.937021323762409,2.5258204534719586
train:163,-0.2544057553127643,0.15197831425029584
train:164,-3.826507034668039,0.45764992816684813
train:165,2.7156014841802514,5.595687636747093
train:166,-7.429019314616693,-3.9618684791509815
train:167,-1.0202632547868418,-3.925911107310538
train:168,-0.8427946384754693,0.1398928037306203
train:169,2.0064415955652914,6.480477398767689
train:170,-34.38914618207622,-13.298187352177917
train:171,-3.57771116437652,-4.243409017054986
train:172,-1.1516293581423427,-4.748857122871825
train:173,-1.2885130902884234,0.05416064729658218
train:174,-2.5812949571623967,-4.593169098339095
train:175,2.419953655566294,-0.18531663609871163
train:176,20.57924223163904,8.17256357081351
train:177,-0.35021028084566186,0.05727778599521773
train:178,-0.4439692900934773,0.0178891363525049
train:179,0.2325973961977547,-0.25204765658721345
train:180,-0.8469602901407538,0.021633411971927724
train:181,-5.05966917437383,0.025007625450194457
train:182,3.586114821601235,0.22727526041481017
train:183,32.39661579028349,10.9240603308302
train:184,-0.6775765714252852,0.25300955861020924
train:185,0.675263438857983,0.029669210077957156
train:186,-4.459992932668413,-10.93379328175094
train:187,0.9605180595503514,0.2693343777600291
train:188,0.1510612736805377,-0.7731271073564328
train:189,0.0026431961114795066,-0.19630237443404935
train:190,-7.380769352437389,-2.682249232749117
train:191,6.794603875494985,0.7901106743079853
train:192,8.495446424177853,10.596151605814741
train:193,-18.32292136446283,-16.585768056317036
train:194,-8.681403426208776,-0.6742046750900312
train:195,-0.7763071650573328,-0.09578813284959842
train:196,0.014766358257010587,-0.06764800275425473
train:197,-6.872830430664332,-0.21105607008327087
train:198,-1.4783596429766415,-0.5864607159132855
train:199,-1.043750138007006,0.12374688123654817
train:200,0.05675622002637441,0.07327220270906326
train:201,-0.256342248683169,-0.15378745580086053
train:202,-4.338101594727272,-0.5123009190653307
train:203,-0.807514683810929,0.1141646399500515
train:204,4.006563667949545,0.021427980405518784
train:205,-4.1468512267261834,-2.388010170824842
train:206,-0.777870679181256,0.08485440589103692
train:207,-13.962372991220677,-3.22571644443261
train:208,10.212424829149452,6.55480368078092
train:209,-0.34272140617775976,0.9333114554800626
train:210,-1.1775463598060831,0.21859549141241272
train:211,2.8228165711231927,8.744896485472038
train:212,-3.6427487957502156,0.04421091176350952
train:213,2.7826145456795937,0.4927738755552355
train:214,-0.47255444743881037,-0.05477657383225501
train:215,3.111360243456862,0.7132123605511513
train:216,2.5105454212907,0.3076175487860039
train:217,1.1507683922018836,1.1729466643920332
train:218,-13.850004537549628,-11.992375295737293
train:219,-2.875177265441653,-0.626232695152485
train:220,-0.32118659103009667,0.24804296517065325
train:221,1.0491604304720186,-0.26923999612268107
train:222,0.6456859172850216,-0.2511137989249128
train:223,0.10753323573543797,0.09409226398217863
train:224,-3.6472185027937476,-0.06009411286442623
train:225,12.914290674909962,3.8025639432657186
train:226,-10.988291107463436,-2.841746300909013
train:227,14.300954288982602,7.575961769799966
train:228,-3.505179079337156,-5.979994234279562
train:229,-4.792795956571009,-2.5203720116350774
train:230,-0.2860810962748641,0.42835766936989433
train:231,3.08134546793399,9.598860099666492
train:232,1.2958195446191572,-0.3830057150269882
train:233,-0.060186081979838796,-0.035983580008517785
train:234,24.832804024388413,7.5890568908720555
train:235,0.9081763674261634,-0.2717591007057706
train:236,-9.182466233235232,-2.5006360298571995
train:237,0.05173128647600486,-0.09209835365959795
train:238,-22.49797921998081,-6.213757666912487
train:239,-22.29228343201409,-6.7946901751981885
train:240,8.473319189204911,0.3997944073120722
train:241,-1.2144246973305846,-0.956274199277537
train:242,1.1627109342947404,-0.043250008366183756
train:243,-1.177535666727032,-0.09667405647973695
train:244,-0.7838943695608607,-0.06065362856127057
train:245,-3.451796904129608,-5.562145286917311
train:246,-0.4996068913770535,-0.07783398458869767
train:247,1.0860827026039268,1.9536210693315963
train:248,1.382961165141769,-0.22211256818037167
train:249,-9.888750613418296,-8.022104410108003
train:250,6.463025441602028,0.060752718005348844
train:251,-0.9494192814881751,0.05699531759140545
train:252,-4.719229897279012,0.2923163209479785
train:253,2.014387018217045,-0.14936582665552828
train:254,-0.8532015614332328,0.02947333678581865
train:255,6.329917993568812,1.3389584097712672
train:256,0.12541322620076653,0.5125315417762346
train:257,1.7603034203345533,0.3113497695669812
train:258,-0.03804025034767791,5.660557789629874
train:259,2.118938831101439,-0.0030397751186451993
train:260,-1.0652548498125567,0.14970801011985713
train:261,-5.5943519517711975,-3.625717668498224
train:262,-18.272386802698346,-4.93248212850645
train:263,11.381607952307645,2.0242724088790682
train:264,0.4505009611094569,-0.1776242225623671
train:265,0.9318243442068215,0.7586516831286574
train:266,-10.951943937017907,-4.277011344243847
train:267,0.6194000043940038,-0.32837746701617265
train:268,-7.0818633891280856,-6.746239140260642
train:269,-0.8130276634367039,-3.1271192788130224
train:270,1.261520331270233,-0.2992187387373847
train:271,1.3249237812149692,-0.22970925631320205
train:272,-5.493366978125203,-4.715519003503095
train:273,5.4488835961941025,1.4474325539108244
train:274,0.8900055717022818,-0.43652120871975536
train:275,-1.5960692896339208,-0.8725711075442173
train:276,-3.8726974168387245,-0.38793664326404265
train:277,-0.7970071064351371,-0.00019255067254139724
train:278,-0.22203664273263762,0.020129481712842318
train:279,-1.0141221729959105,-1.7300351187033893
train:280,1.648725557138595,-0.05198099259937344
train:281,5.858731649412281,5.563965008390873
train:282,-0.032941046389548395,-0.034381499112148106
train:283,2.9116191057723926,0.05262847019711556
train:284,2.657220526974362,0.2926929454863949
train:285,1.4219523156119043,4.214523281747672
train:286,3.0355756027199168,0.4529070268773819
train:287,-1.7836942389200665,0.030804504803986534
train:288,3.208014055170514,0.0783439371655938
train:289,-4.946779084411658,-5.454230943796218
train:290,2.435362150021282,-0.39023205569704245
train:291,-4.884064640691024,-0.2647062355806839
train:292,-3.4898730989661186,0.1643199009239325
train:293,3.0546613540774232,-0.09977321991631172
train:294,-0.4815780114088446,-0.15204342739853471
train:295,6.811665845412874,-0.03970930972263981
train:296,11.706826328747356,11.449363682862083
train:297,4.001281751814579,0.5659979601503597
train:298,-0.5182169169458879,-0.10683649928052885
train:299,-2.0808586250934162,0.1161656004711985
train:300,-0.6639424307181275,-0.14264635984342608
train:301,1.132890028944237,-0.1068146721765979
train:302,-4.697713562561449,0.29677703915525244
train:303,-5.8623795571951005,-4.694973564289242
train:304,-1.9094369449856736,-0.05454917250110511
train:305,-0.16268807810170643,-0.25679369641449984
train:306,16.151031773490768,21.108512841389878
train:307,0.27718614109311634,-0.8755719776826978
train:308,0.39515986031131994,0.46002622927912146
train:309,2.839874124334516,-0.09299283693833685
train:310,1.171060601826289,-0.07234411129803894
train:311,-0.19405529566635454,0.030611627388858142
train:312,13.396016675679439,3.3496375559391427
train:313,-18.279500024850005,-4.554370208484947
train:314,-2.234425187767537,-3.931331076804294
train:315,-0.13582706352430945,0.08267882853844231
train:316,7.843630729017266,0.9234303397966028
train:317,-13.189765485595334,-14.245516760089032
train:318,-0.5091914933099317,-0.16551788356443065
train:319,1.1386759145440657,-0.12070698185500203
train:320,-7.9219047056676235,-2.450233395038768
train:321,1.1474642307749665,0.7208244560514625
train:322,2.63642992688286,7.9354915486749205
train:323,-2.2947548424014443,-6.037861453320758
train:324,-5.396199433700598,0.09022815328235059
train:325,-0.6562312097434261,-1.711744005609254
train:326,7.884952505804151,13.791482123771452
train:327,2.155887603472736,-0.07951196103599065
train:328,-17.220702951490004,-6.539203495703999
train:329,9.915253934145374,5.147788045721896
train:330,-2.450846831397644,0.010894191516280724
train:331,1.0187369933627863,0.373779923285821
train:332,-14.705739109888462,-4.69974927756501
train:333,-5.790968385790223,-2.2422676020008843
train:334,0.2429308623515991,0.5904443165530228
train:335,-2.3576796608295054,-0.21693654867172663
train:336,-0.18209276216483639,0.18899080544154534
train:337,-1.2752976068719568,0.6028258482534612
train:338,5.5328758724778035,1.1270797873669387
train:339,-10.883383633471459,-4.284559242379655
train:340,0.7976169037807416,0.15583871576906372
train:341,-7.097293967115896,-14.342713281875978
train:342,-1.6126551850757762,0.27221512749648435
train:343,-2.150028899062281,1.7255372488666378
train:344,-0.5921891970127222,-0.112565900071188
train:345,-4.860081459127925,-1.191388130468386
train:346,-4.410258027250391,-0.22257336259669175
train:347,-4.247293642839433,-5.412033017482863
train:348,-3.20404244675441,0.1329114116713467
train:349,3.1708988426991978,0.11700473135565499
train:350,2.1666429813326347,0.005113290173209328
train:351,-1.9897391791636423,0.18830318033731544
train:352,-3.52760618544002,-0.0685790072003552
train:353,-3.488578771484405,-1.4133044387951563
train:354,11.243827163812439,11.880048679265451
train:355,8.255396097801029,3.0263738668974853
train:356,-2.1824396216674122,0.2771800090063203
train:357,2.461073658600642,-0.10341905957683026
train:358,12.331421163974639,4.390781853796817
train:359,-7.822390262849453,-7.6227779716737185
train:360,-0.8643637412135693,-2.4783926416826523
train:361,-0.8683178558802261,0.2570166154416635
train:362,-0.7449278596641916,-0.08082715104343782
train:363,-2.8478987558647666,0.14222345338369163
train:364,0.592311645657642,0.03539789756456627
train:365,0.760278298940545,2.7968075152949425
train:366,6.647153289121849,0.22578759348806546
train:367,1.5077363800114547,0.09218018114566548
train:368,-0.9894630028701638,0.04760795097137724
train:369,-8.921575560703491,-14.535818954300376
train:370,-2.3607164952801347,-1.7912012263151693
train:371,0.937425193047411,0.6232344757505186
train:372,-19.103607258853348,-5.779556366864085
train:373,6.499065302253946,4.138021422381845
train:374,1.1009260910768663,-0.6772076851406617
train:375,-1.2317047130778271,0.24815623785379817
train:376,11.707198261931756,2.840003496635101
train:377,1.4215780578451014,-0.30446979783209305
train:378,2.322009933077494,6.19374286609298
train:379,-5.094492348596278,-0.8481030666984333
train:380,-7.197696400411824,-3.6360774111992544
train:381,-6.792606302455088,-1.1755305254713364
train:382,-21.42092580626452,-11.597769788827733
train:383,-3.521742193871467,-1.4281123455521803
train:384,0.05466339848940141,-0.0995061588799801
train:385,-0.9743374100935606,-0.052679174603543794
train:386,1.1275862617346872,0.20254072917593458
train:387,5.0387440403426496,0.010350368508537072
train:388,-4.749038017426302,-2.393943433913
train:389,-2.159350474496316,-0.0653249141241137
train:390,0.032453175924691186,-0.3214704012389123
train:391,-7.379976204921656,-0.14329617983300433
train:392,-3.404958893301585,0.34088975886051076
train:393,-4.044077254463223,0.014189370905804008
train:394,-0.4713540330861581,-0.032486535572835706
train:395,-2.276486879133138,-0.3276207940798998
train:396,0.10222086757099899,-0.3870803930823854
train:397,3.390035133658947,2.2977888468634626
train:398,-0.42123603648820407,0.0768582674901892
train:399,-0.44496409513262825,-0.18273533140245934
train:400,-38.13271319237577,-13.997211625770554
train:401,11.737776748687235,5.074896360814086
train:402,-1.9771350609190335,-0.1608848310986692
train:403,0.5820572153054826,-0.20466886029767317
train:404,0.9078530180139753,-0.1379468274402017
train:405,0.2898434922747425,0.5738637065708617
train:406,9.352625027105121,7.798538882998685
train:407,-0.518242952268796,-0.04820490361931923
train:408,3.7867953230345557,-0.28023857393091933
train:409,0.6062540259913716,-0.30584533336217284
train:410,6.413165938567232,11.966630095501456
train:411,5.412109632419473,4.95057659518552
train:412,-2.8365547937405546,-3.9350978928316978
train:413,-1.1711412054542278,-2.499340384380723
train:414,51.06451137311178,18.638896722648244
train:415,-0.2657386756705647,-0.5450501346103549
train:416,-2.5676073510599813,1.2895061812690969
train:417,-3.0915289391414444,-0.17905953297183952
train:418,1.2170062054699917,3.030021418487724
train:419,-0.22820945507336293,-0.36817598116603334
train:420,0.06349750899363168,-0.0430783874117463
train:421,-6.155406651608476,-0.2199495449790576
train:422,-0.53679683917261,0.14149645389590004
train:423,26.011774569294104,9.129340548206475
train:424,-0.4087694172927032,-0.16313387876841695
train:425,-7.974466303287089,-0.38540099002699235
train:426,6.691154379585858,2.1028959198113077
train:427,-0.04687738280903145,0.06789759935288954
train:428,6.017086851835557,0.022701085474014143
train:429,1.9917565111539624,5.167688087431281
train:430,-6.551464352182049,-0.2887708316557704
train:431,11.230450586835477,4.869026540396813
train:432,-0.3770446789545502,-0.006534394320557177
train:433,4.10591329787538,6.2404985199644125
train:434,-0.13332674269217776,-0.3990925759457178
train:435,-2.1867194103286596,0.38306771266046485
train:436,0.04380597146203294,-0.08837604780491609
train:437,0.8237624118946483,-1.0813427914978258
train:438,1.4446397749438487,4.763724031385315
train:439,9.300452099663355,1.253151998385621
train:440,6.695559928155081,2.6536319850862364
train:441,-3.1133116710023345,-3.5539584251002436
train:442,-3.9805282856600894,-7.517246634722969
train:443,-5.518321835132548,-9.454489131688812
train:444,-0.3326322536344184,-0.14069119344229106
train:445,-0.6063097565876036,-0.10331106534365556
train:446,-0.20206906104074168,0.03420981833883461
train:447,0.8422753861481783,-0.1502078107561849
train:448,-23.368643190341476,-8.707368763253923
train:449,-0.8429083105549516,-0.9501064018177288
train:450,6.857217897255833,7.648858590496936
train:451,3.1308488449447225,-0.1159483878764351
train:452,-33.35015455078554,-9.675653902868468
train:453,-0.09483003089905445,0.14977277812759993
train:454,-1.4938859937594362,0.31219696078720305
train:455,-3.4463880657954653,-0.08046407928197205
train:456,-7.171662007336757,-0.7181342183152415
train:457,-4.070477536808443,-0.10829691799256236
train:458,-1.1520721910900193,0.20985494890495263
train:459,-0.9098790646545684,0.1652140988810514
train:460,-10.350098395014475,-13.02689214300532
train:461,5.578089465122957,0.6039029373690079
train:462,-2.082789655695175,-0.5784553045597873
train:463,2.9104368231624798,0.6603395538074621
train:464,8.583238462856684,2.0713550413270356
train:465,-35.73198490903096,-12.072922730353275
train:466,2.327602645879675,5.811312032709349
train:467,-7.914917940798663,-4.5088850917874295
train:468,3.3232873070117304,3.1824051333390906
train:469,-6.482894750305991,-7.692676062144359
train:470,12.69133346785522,4.881686831320004
train:471,-12.794675741134164,-3.8329909859643374
train:472,-3.2260869265938217,-0.7362472907184892
train:473,1.7671811622888374,-0.010663568805376736
train:474,1.1463077510297217,0.40283265458277434
train:475,-3.034517160970629,0.09186276084340168
train:476,3.019854916848273,-0.15321524329192565
train:477,0.12893403870759682,-0.2106834400475347
train:478,-2.9171369076397844,-2.9729557276960183
train:479,-3.2783588812459348,0.10060986574812206
train:480,-0.591913152852425,5.3816581886407056
train:481,0.8894090838577996,1.121314293391348
train:482,-4.041621100696738,-4.1712035306433055
train:483,13.03377421039859,19.371794378968755
train:484,-1.3311924231983698,-3.810239439984548
train:485,-10.489063790701998,-3.6412708353267207
train:486,-1.2941543868628167,-0.04075158960054512
train:487,-0.27726999913641864,1.1267336922418636
train:488,1.9411949842336105,4.990107334994999
train:489,-0.26076511539129044,-0.07022474230458678
train:490,-11.374822669351554,-5.401004195582904
train:491,1.4294881468443372,-0.16753253952333824
train:492,-3.6885853764792405,-1.5491009812671015
train:493,-4.213963780352352,-1.2643154805786974
train:494,2.0460350453359153,8.779515128271383
train:495,-20.71493525329713,-6.674484747330202
train:496,0.8117961590612861,-0.20808843991352183
train:497,5.295229164305167,0.9020233719511219
train:498,0.11674904267015918,0.5022334285451269
train:499,1.771933073636033,-0.23155243397848219
train:500,0.13845855018537034,0.4157824042894675
train:501,-2.483868454258153,-7.267322585532542
train:502,4.449851536402443,-0.1092036701009618
train:503,-6.710517859159037,-0.3893275861616031
train:504,-1.2261747640005138,0.10644326626927572
train:505,0.6763922560726382,0.19531481648831034
train:506,-0.44096639454592457,-0.5310894904039578
train:507,2.670696131161669,0.0489409735800752
train:508,-0.8720490430944828,0.5910005510512369
train:509,-9.340305378365152,-3.537451998739286
train:510,3.172342408371152,0.03476719412352885
train:511,19.598716637270183,8.94821952510908
train:512,3.019221700601831,3.0033815094704055
train:513,22.68889932420393,7.819769094100568
train:514,17.51900760471321,3.1877369384522622
train:515,5.3604457885238554,4.755708776435926
train:516,0.09609582539864513,-0.6175310990461567
train:517,15.888645929557738,7.182980884194757
train:518,4.3084908910073825,0.012858916191686151
train:519,4.757739686115017,11.580732604434676
train:520,1.1309610904666405,6.548928337981625
train:521,0.9589117731102221,-0.11545849065487379
train:522,-0.09546045764661312,0.20445666385431788
train:523,-0.3545800308458861,-0.34555496982739964
train:524,-3.9480501501652854,-3.8292669681799354
train:525,-11.685301333693477,-7.353586153483853
train:526,-4.064785099421195,-0.29284094456524734
train:527,1.40786581116922,0.07064082406849884
train:528,1.0754405319070302,-0.16739644111059232
train:529,1.6678396684014123,-0.029526466426016987
train:530,0.3021891169561931,2.5990151499402216
train:531,-1.830826076963766,-5.963783971760177
train:532,2.6943185375358993,-0.2186541848242013
train:533,2.6297076994913033,0.18587680528072992
train:534,-12.590268701651391,-2.664452296700843
train:535,-0.7301367742953084,0.07074296920846328
train:536,-1.135238495164057,0.3336642741553165
train:537,0.5586556442594899,0.5634812808010403
train:538,2.4430502414010786,0.18542685308597034
train:539,-1.1718529925858743,0.3939841178421396
train:540,0.7043223460969461,0.5846400188371104
train:541,0.4092407857562386,0.03056626125127617
train:542,1.055625094133378,2.537760592626238
train:543,-9.685924289969224,-8.004073795652939
train:544,-0.5994176022224238,-0.20488028361810234
train:545,6.11786679731365,14.112541988620132
train:546,7.923025911141779,5.481476816115566
train:547,0.5465296926150758,3.8803140847190996
train:548,-0.3884017749693366,-0.6122370990476365
train:549,8.428694645740553,1.894469903000344
train:550,2.8459171087480617,-0.09459691508604662
train:551,0.46184352848422766,0.2605046722463151
train:552,-1.0686187530072182,-0.380355933141933
train:553,-6.229374863656106,-5.210184519978046
train:554,-0.6169867960205379,-4.151602505991693
train:555,1.399769755577784,-0.3287552328410691
train:556,-0.6341866136748942,-0.05634612806394326
train:557,0.4745543450611114,-0.056083346851911825
train:558,5.3088400591883,8.284624207716623
train:559,5.429384999001911,0.3822568286163896
train:560,0.180980508866667,0.10038160845211212
train:561,27.45568056011189,11.230159071211911
train:562,0.07132658629614001,-0.13122322346460932
train:563,-5.365551674389525,-4.217396530280074
train:564,-0.25071211010430794,-0.040984126720855246
train:565,25.7073156435417,14.16304163278937
train:566,11.84437279933639,12.878151640101015
train:567,-4.17824517698846,-1.6479672051743606
train:568,-1.6248141457903058,0.18509388275541588
train:569,0.9043003587282308,0.31049744255759915
train:570,19.729692908156785,13.636746502806323
train:571,-0.371130127718743,-0.2793840356789822
train:572,-1.306793141385223,0.15170041099240375
train:573,0.1402512681341803,-0.7381940401318337
train:574,-16.846253639097135,-4.9445883248435765
train:575,2.1939189338688787,1.8234684738251166
train:576,-2.475822377188371,0.23571507393477717
train:577,0.5644145647034496,-0.05452791604041418
train:578,-0.6145676031142534,0.0298909049767068
train:579,2.8919773143042073,0.21564669246958448
train:580,-10.786409494302742,-14.692342971179743
train:581,8.71336300675101,4.9028331578656035
train:582,3.363910779244903,0.46165448843412726
train:583,-1.1590659297061885,-0.4715746816679997
train:584,-0.12223592759159801,0.29291834956620466
train:585,3.4630518941292325,2.6269295906341354
train:586,-0.2688410633449445,-0.9613369461030372
train:587,-12.533946859537638,-6.109672910575201
train:588,9.472335441836234,3.846042963652929
train:589,-0.332300303267341,-1.5532815136435232
train:590,-0.759829595155434,0.05517867483678646
train:591,0.07449278375746855,0.07612014045921711
train:592,0.8526930021849932,3.130074580334235
train:593,-1.7046314720791123,-0.009399594028721758
train:594,4.568429414587057,0.3117940866597455
train:595,1.558067308357478,-0.14148866737022572
train:596,4.62176974731136,11.43342675845467
train:597,1.0878740258032953,-0.2995294539815782
train:598,7.570945125375229,0.5899054866736293
train:599,3.718801055303117,-0.13344830411827607
train:600,-6.267486392145135,-0.6073307084699031
train:601,21.507230404045416,5.846449390213877
train:602,-0.9602987920483673,0.17011364173990445
train:603,-1.2561049247239349,-0.0179940518667355
train:604,-7.624552958152633,-0.692848160384882
train:605,-1.5676298836052243,0.3877273000368875
train:606,2.998532917219559,0.08656119982195114
train:607,0.060383033490758825,-0.022865347885207332
train:608,6.506859627049537,6.92273047493284
train:609,-1.0989236364139225,0.20549124004848288
train:610,-1.2239273577337744,-0.0012285534748064375
train:611,15.987821913178106,11.843292406888974
train:612,0.13587431192850832,-0.2640579848600157
train:613,-3.1257123882867246,-9.125685067429753
train:614,1.022702963399696,0.3113959203390182
train:615,-1.9667664935709115,0.11718733719246294
train:616,5.6067645838072675,5.380318318313128
train:617,2.0052572208312163,0.07795354585901183
train:618,-0.7925369344751247,-3.145968480995902
train:619,-5.56832639210926,-6.132928334535932
train:620,9.053867837069577,13.722912490763589
train:621,4.361915373614656,0.06495835868433172
train:622,18.65489526920388,8.773911411654339
train:623,-1.3167879158830225,0.2814798058199073
train:624,5.440856813158261,4.788810078860045
train:625,0.5636872028697066,-0.33505199567312294
train:626,7.640294857105567,-0.09797540838861352
train:627,-0.2097074063571247,-0.6981765416386136
train:628,8.175618289413064,0.30928924815765657
train:629,-6.677900248720082,-0.9230270975055912
train:630,3.2857262396356144,6.560967769059668
train:631,-8.140400574175484,-4.8907681076606355
train:632,-3.348555225887264,-4.385095168407227
train:633,-0.5385651490061937,0.027987524449604034
train:634,2.2515432395027535,3.4201199850875676
train:635,1.4714180343877166,0.42386742037494907
train:636,13.228126036241099,4.356385761861081
train:637,-6.795153114935269,-12.903341033821066
train:638,1.4761548359492958,-0.44358634267450264
train:639,-5.94963089800711,-0.38204760502698654
train:640,0.16053115747185243,0.8601534228399712
train:641,2.256783313154475,-0.16248890924637893
train:642,1.5510744995742698,0.0815101511828715
train:643,0.23760780110810864,-0.23538915380278902
train:644,-0.4307663594219838,-0.19506151070861538
train:645,0.05081574969677925,0.2818022192505213
train:646,4.365136314991563,0.7128986494299479
train:647,-0.2783602282831923,-0.10114904076801154
train:648,-2.3943183339083087,0.06921450129005681
train:649,-8.360012242236545,-6.350056375435654
train:650,11.44084761025302,19.77921995690871
train:651,1.1167964800552315,-0.173758257272009
train:652,1.0447060656723433,-0.19466377237031807
train:653,-5.0835872676296585,-9.999743883321683
train:654,11.57690448843853,10.188805917928388
train:655,1.657566408931793,7.913623929073929
train:656,-2.5451365428079504,0.29828924374131827
train:657,3.107194824249818,3.513172495665454
train:658,1.6042702432731373,-0.1252641387698402
train:659,-0.6454965206669097,-0.1628098960688929
train:660,5.991044555180321,1.2640855228644965
train:661,-1.708343132801188,-0.07270304589601453
train:662,-2.8793652330980017,-0.4636093580021133
train:663,15.868920453123062,8.570769265924385
train:664,-0.25847075256002044,0.18183279929948407
train:665,26.922014090140895,9.35460995621163
train:666,-9.426380015565014,-3.653605003638237
train:667,-6.830068342620858,-0.8420308519813291
train:668,-1.801892464716298,0.060664838946385025
train:669,2.5430012407944402,0.39521085814738294
train:670,0.6547006478419263,-0.5533557043081059
train:671,2.027923991379778,0.3632224527021219
train:672,3.4851484446144605,0.27140716799901426
train:673,0.8519926055071193,-0.14465259881454332
train:674,-6.923505397205926,-9.400759646781035
train:675,4.064751917274267,3.9581241437126833
train:676,-13.72522653318106,-6.517073950855837
train:677,-0.5113545172354603,-0.11405085644254259
train:678,10.928766282638703,2.146441420135981
train:679,-5.163098213957815,-0.8128766888484613
train:680,-2.913165591063349,-9.852015761344058
train:681,1.3173326249213568,1.9336876449926694
train:682,1.3935542871499726,-0.10604116526474427
train:683,2.637699613791107,0.5484267135035156
train:684,3.876355671546971,2.6872097746157766
train:685,0.4042561837105525,0.355314478681858
train:686,-2.1069943699612326,-0.23309687990760936
train:687,1.2901319888549545,0.058163566964546255
train:688,1.5260259618961038,-0.13333003830678095
train:689,0.8855925844693711,0.7260040420803577
train:690,5.022399436554174,0.12233197132290664
train:691,9.205884368197708,1.027169571652054
train:692,2.8303793675114943,1.811224181823904
train:693,-1.1382527811653822,-0.08987298768431118
train:694,-2.821590991899165,0.24042915774062215
train:695,-14.985923816360973,-9.52180506149834
train:696,0.8232461221430525,0.3597620720946114
train:697,-3.4542377156522357,-10.239941318485888
train:698,-3.1509703708393557,-6.573403857008406
train:699,-0.4438845590649061,-0.2616294698912801
train:700,17.633055336711827,3.9874540649634787
train:701,22.104363552602496,6.179065921959541
train:702,0.6438243916970976,0.3159462295349761
train:703,-0.40440884939296884,0.4562946504717892
train:704,0.4822489452716349,1.3766234315074852
train:705,-6.715973189141229,-2.7514120494049843
train:706,-8.544383241075668,-3.201282356859607
train:707,-1.5484399909560858,-1.9800590304608217
train:708,-6.778401244309876,-8.067351853896051
train:709,-0.32210259272580277,-0.33409987742714153
train:710,7.554375037093711,6.662906336171221
train:711,13.924864751246526,19.53724667998155
train:712,-8.09857668758966,-4.5333217472550125
train:713,1.56437645745611,0.6046302221784197
train:714,7.205557035187314,3.4197054127736894
train:715,-0.43798930186303964,0.32085647195457956
train:716,0.5300388725934828,-0.0016285743860638413
train:717,-1.6219865237559015,1.3783356465491796
train:718,-1.8934642743815986,-0.9612690395574743
train:719,-13.359725933204864,-7.120619338814002
train:720,-2.287326174417767,0.2369739129222719
train:721,14.062998876266914,12.1147861999091
train:722,0.7342994633848977,-0.3352745465367326
train:723,-9.577412783420407,-2.500925060658272
train:724,-2.0812303258195763,0.5111565768893949
train:725,0.5898071405771858,3.9815981240343437
train:726,-11.154627066190983,-2.0932095959523824
train:727,-11.402336426667572,-3.819183131485457
train:728,-7.4712253625494895,-0.7326861915791143
train:729,-0.1482900796170864,-0.011209959707700487
train:730,3.4561248710280155,9.341495433269381
train:731,-10.846781688794616,-11.050368847969128
train:732,-0.6524846802853127,-0.12006757610455421
train:733,-7.707684209114447,-3.433911065409743
train:734,-4.770272612756682,-0.0966361087042753
train:735,-1.0413086291096576,0.12075671065881816
train:736,1.8578482444830846,-0.1102799032516486
train:737,-16.08492500728873,-11.625951575879599
train:738,4.571620136392732,12.840435545794815
train:739,0.9105469765602354,0.3341098038649659
train:740,-1.3990855715952994,-1.8977032274172005
train:741,-15.776252078557073,-5.952747731498096
train:742,0.4382308853560877,1.963224424417974
train:743,0.5628801078595578,0.12598123484286533
train:744,3.5163048225552016,-0.03145466993406085
train:745,-12.36006623616453,-8.860739976232152
train:746,0.6490347106940667,-0.20307719364043392
train:747,-1.6037697013004504,-0.07336613334092337
train:748,-1.2630723955589556,-3.638568554263583
train:749,5.696680360969026,0.02760861733822756
train:750,-40.93171868757205,-13.983573252333962
train:751,-0.7250066533912256,-2.97528709065314
train:752,-0.4765731854962567,-0.20375640175687348
train:753,-4.885919657448221,-0.3598387407684608
train:754,25.189231314331163,8.419008408169507
train:755,3.1397364208442102,0.1300136852985007
train:756,3.1802752782779318,0.38212472470632386
train:757,-7.65225082239493,-4.373793293716915
train:758,-1.118145375841976,0.05312293256459706
train:759,0.032566615545933306,0.060688805962466064
train:760,-2.2780299369319192,-0.1740073430462798
train:761,-0.48180814506669234,-0.06298841537783209
train:762,-4.194961249044856,-0.4388037816798546
train:763,3.9853446473212624,8.590914684226982
train:764,-0.8140418787389158,-2.386451173493094
train:765,-1.695071859407061,0.27126429319779305
train:766,0.30205359380212715,-0.15900798548222755
train:767,1.6236128609861202,0.31644425842270774
train:768,0.5570681869368209,0.057266087808797224
train:769,1.8845246872177226,7.276435698256861
train:770,-22.312585404884587,-15.767053645702157
train:771,-1.0541807717052754,-0.31546181324307104
train:772,-8.562875759004056,-2.376085439038043
train:773,3.818135342985095,-0.21111912616129364
train:774,1.204480425652347,7.039187347357104
train:775,-0.5683728042370029,-0.12857030304173397
train:776,-9.990407391378612,-4.176649179082862
train:777,4.755649421618687,2.563903186059875
train:778,-12.889204419615448,-1.1221297310698144
train:779,-3.595048364850864,-2.0973812833585836
train:780,-25.442334343974853,-7.206014958397236
train:781,-0.9852222671932785,0.019898371200632273
train:782,-0.23432612874906777,-0.5647695677342723
train:783,-8.502347352574734,-13.293065258455455
train:784,-2.8087583672043905,-0.8582579484762949
train:785,-0.7422413397816195,-4.792790945921335
train:786,-1.5024760231114036,-0.010288370875060418
train:787,8.248241962999087,1.5382056300664317
train:788,-5.0165895483741725,-6.954814380278872
train:789,1.3757898284300487,4.1579634063693724
train:790,-8.809811498457092,-2.258062436241531
train:791,14.390512080454375,8.173530240462112
train:792,7.703514200124025,0.5556847248733912
train:793,-0.25538521810805875,-0.14247160035116846
train:794,0.0073214181965158,0.5156799231922615
train:795,-0.9728929145886455,0.0672229563823702
train:796,-1.5889235233286279,-1.4471304581341071
train:797,-12.142245426386356,-6.358461379717979
train:798,-15.88606163191945,-8.850816490288121
train:799,10.429427385921944,0.7201857636050646
train:800,3.6729470402060733,5.091668706924896
train:801,-4.622457066946352,-4.745671792306006
train:802,-4.847597986710006,0.06055384883620019
train:803,7.418694741257405,11.263076055869503
train:804,6.966763842973763,3.8114870916099863
train:805,4.434463265814356,0.5541738042346155
train:806,1.4606654460267006,0.021857532104447464
train:807,-6.52742538064129,-0.4758613536870661
train:808,8.651655572127138,5.727830350553159
train:809,-9.018354434950398,-12.03253260182432
train:810,7.629766823404633,0.5124034323688491
train:811,-2.783358120208726,-0.3103012011019066
train:812,-0.07598080580100247,0.36524495500557985
train:813,-1.3905982887855224,1.1899974844039747
train:814,7.829652550114538,3.693232978301264
train:815,-15.039891321417471,-7.505968441727119
train:816,-6.293945253966899,-0.797578599548256
train:817,-2.58115873663361,-0.11324838938625767
train:818,-1.9200491285695782,0.1197506666266544
train:819,4.478970185409151,4.050534395323921
train:820,1.7821226481391625,0.20734383332722345
train:821,-4.103939435575986,-5.119095592789085
train:822,8.465229642444204,9.14231982870084
train:823,-0.561786099999512,-0.13435790944287565
train:824,-10.42682077229259,-15.574573398268827
train:825,-1.0516990475323635,-6.57485671469751
train:826,1.743015268548902,0.3320450739617461
train:827,-1.4450490745235012,0.22544007175489036
train:828,-1.2403967915972642,0.10115853922340591
train:829,10.763228120591695,4.541602576813755
train:830,0.6155400353146483,-0.05504962662260687
train:831,2.9975310222040803,0.11114080142116
train:832,-0.5545364248608274,-0.21850610290341488
train:833,0.49175346534074693,0.8672707706511806
train:834,-0.9809034255476691,-0.4034989403843794
train:835,1.4803593081407018,0.2356006599651522
train:836,2.138598754312364,0.136023129259202
train:837,-0.21163425271055902,-0.14924128376839285
train:838,5.621358777046659,0.5694864449374414
train:839,3.7276544598412884,-0.3189527232639228
train:840,5.816339634887284,0.23146206986687223
train:841,31.428072023450092,13.464344908416505
train:842,2.0821583584960837,-0.43137985578794175
train:843,-7.546562288715712,-8.263986384116762
train:844,-1.4329463687031119,0.47700671751172985
train:845,3.0965761318351865,-0.22828535876853012
train:846,0.9549427811161894,0.5087373348733097
train:847,-0.878328437538363,0.3252634070364812
train:848,-3.5914559552060368,-1.1792565405070785
train:849,-4.84179675886632,-0.06260579908539546
train:850,-0.922127056875114,0.4466855889530113
train:851,1.146623661778222,-0.3498901465218682
train:852,-0.25274658462297817,-0.08348306734332334
train:853,-0.19341161879910163,0.26933880024513934
train:854,-0.28793983236390513,-0.3634556202845481
train:855,2.793334589886974,0.8396617667514901
train:856,-16.530359627590343,-12.383871938275197
train:857,1.9315556383851535,0.4737186711627069
train:858,-1.4080835651589063,0.10136368546819483
train:859,9.487662808365375,16.562291733603544
train:860,-15.902716799916899,-7.996334161388482
train:861,-0.30241861008701215,0.15285767548317408
train:862,8.763001209541088,17.86448477061593
train:863,1.4822705797920395,0.19652301088825289
train:864,4.013862624235163,0.5413798401324492
train:865,-13.933879189963763,-5.090720928322091
train:866,-4.446593109867428,-0.4851551348157302
train:867,0.9352112607672676,0.2729632407841569
train:868,0.322985296045461,-0.07703594001752295
train:869,-7.372838807113012,-2.0842964338648144
train:870,-0.7962399942423113,-0.02533109732535456
train:871,-2.075953756224136,0.34200165721369913
train:872,0.004029577056332001,-0.04344416972860221
train:873,0.1563417950660624,-0.2705407773883176
train:874,-2.971877568803355,-2.060343969186393
train:875,8.827113192202106,1.476721103526718
train:876,0.23763023332829275,-0.015317592410209108
train:877,-0.2948642984244796,0.012785588535342965
train:878,-6.0496046783080155,-8.90415793779268
train:879,-4.9706883442543575,-0.0426732307113287
train:880,7.317664205796322,1.2885321645887795
train:881,10.283945720843727,18.898224401791044
train:882,-6.632031588753903,-1.523750440650619
train:883,-4.813447546634841,-13.124715231069814
train:884,-0.45872260099831985,0.13423430536253422
train:885,-0.6203851030347562,0.020404531754534286
train:886,1.1665927544486792,-0.09060555094369305
train:887,1.6561233081763191,-0.12774871943690824
train:888,-2.4479620246361384,-1.9194798294214075
train:889,-0.44577153883013754,-0.13298808034519607
train:890,0.1327795953760567,0.2626611330503689
train:891,0.8335851672946629,1.1928889337011803
train:892,-16.039011715340425,-5.865866156917838
train:893,-3.2961089275549633,-2.1513570008244307
train:894,-1.2251524126598934,0.2619446904625178
train:895,3.0127863266787434,6.201273644931587
train:896,-21.250029946696223,-6.211197761337735
train:897,-2.0345138906512044,-0.40667200212053733
train:898,0.6446049864678579,0.4385723260271485
train:899,1.230550849754653,4.8769042703253564
train:900,0.8182803492148266,1.2412255546691024
train:901,0.9783761989410964,0.5508204192346097
train:902,4.616189354795912,1.1098239637710183
train:903,-0.6038463966156716,-0.3375400001996311
train:904,-3.32897945255931,0.3174423134495111
train:905,0.6726654855649462,0.1074982429592716
train:906,-0.56117124795405,0.028509948335846746
train:907,-0.7701995572529977,-2.1398970579566323
train:908,-0.1591443684582115,-0.0331483390704545
train:909,-16.835303926148388,-6.5776511546439105
train:910,0.7960538545732989,0.26306086864000633
train:911,0.657867891365336,4.3838208622333745
train:912,1.143591011575917,-0.057874310660729705
train:913,0.9112799173917445,0.3411894892223338
train:914,-1.491850821866045,-0.06141286939212359
train:915,6.62415433574797,6.531391329929183
train:916,1.2626073060016432,3.559400589861484
train:917,5.685135554925237,12.367269584031039
train:918,-11.835504690547657,-8.043470434301012
train:919,-1.0134777987539367,-0.14094655629220215
train:920,-1.1916463468267025,0.08166251292795812
train:921,0.5820374563550614,-0.11208684507118719
train:922,1.4582771700663697,-0.48132055490357345
train:923,-0.3518323744461281,-0.025739820546022335
train:924,-1.5729020364941002,-0.0055757136773154775
train:925,0.03881183862849655,0.08872165512868509
train:926,-1.6454824728474358,0.4514535985450387
train:927,30.590378070220602,17.157482904527747
train:928,3.952332787706844,1.3626058656378957
train:929,-1.149294315119029,-2.0475629872179373
train:930,13.611639360337806,2.5668394308514224
train:931,-1.6297499316055393,-2.31346618841554
train:932,1.6993186983796207,2.4351863289452975
train:933,0.05284418030120294,-0.05490439791802057
train:934,-0.12655569907016845,-0.61737716803216
train:935,-0.7198739754465001,-0.016671015514737972
train:936,24.74977551996879,7.338212964778707
train:937,0.8817384268460219,0.01699550903862604
train:938,0.6138498314497887,0.8727797604903802
train:939,-3.2753880649355365,-0.3928801256523776
train:940,30.721841573578768,10.207955563777139
train:941,0.16657228221947595,-0.14510868542413313
train:942,-0.7109724520525973,-0.10206520848987138
train:943,6.273301394406422,-0.022564048254474223
train:944,-0.0730669417594656,0.026392433932924675
train:945,5.911063113373897,4.398059837680093
train:946,0.596781585159414,0.5315003650483046
train:947,-10.615167736872953,-5.367385319740082
train:948,-3.5813872589878373,-0.5063836339878933
train:949,0.22371237733890964,-0.06821607809969943
train:950,-4.309781672234065,-0.3037373772335212
train:951,-6.142621913311193,-4.27133258804074
train:952,-1.4216665650532088,0.23863134621292398
train:953,-0.06266176223850398,-0.5783095052119611
train:954,-0.5300850724018645,-0.16254711485686146
train:955,28.176336438540186,17.487771211854106
train:956,-0.9129807549542276,-0.27428562365098047
train:957,6.769577421349644,12.085194924054372
train:958,6.653343652059713,3.0339408815818345
train:959,-0.7389764637973048,-0.6509091634416881
train:960,6.233947144165016,0.41406505345861283
train:961,4.6567198437329855,9.058459239433274
train:962,-4.317799156940295,-0.004427294156765543
train:963,0.5526073133064187,-2.4101168899434033
train:964,-0.1671791713033413,-0.10863588007713709
train:965,-26.230447744057848,-10.419517039689296
train:966,12.847497053989416,4.419446975672983
train:967,0.2647777526867982,0.43497684563256217
train:968,-2.743839289533222,0.14141428126933644
train:969,0.7202506171771336,-0.30264687800183376
train:970,-25.991724289316373,-17.220534477223442
train:971,1.1999086694413452,-0.12778295803130973
train:972,-0.22988896585917096,-0.8699615560075837
train:973,-0.2995385687194317,0.2862649347091354
train:974,-6.884622572275747,-1.2128217758853381
train:975,-7.838922692896051,-0.7584030851556927
train:976,-29.80284366423264,-8.918913630693242
train:977,7.104040662004107,6.858965658005987
train:978,-4.13428035000993,0.06896455955092594
train:979,-0.5592283619820385,-0.28014926826385544
train:980,-1.6364770406201412,0.01522908288912922
train:981,-3.665421842671264,-5.409776123468565
train:982,-7.358217183801272,-9.936186780534198
train:983,-0.42254268425665065,-3.612928412202788
train:984,1.3600600766870348,0.9376385005083607
train:985,-1.0455932993939503,-1.9725000047818333
train:986,1.640002096756724,-0.03166894647069016
train:987,7.4975231901921875,13.134088557111584
train:988,1.43590957327301,-0.28001630838892966
train:989,1.5072319456301115,3.616577615903871
train:990,-4.957332223602539,-10.89213974908857
train:991,-0.7410916013253418,0.04216815162503068
train:992,-11.317600748931552,-0.7385623903432699
train:993,1.7679101513302622,0.2287296873728234
train:994,-0.6200687273697756,0.2612704754744285
train:995,0.6108421705083109,0.7937631476961691
train:996,0.6033952545527739,0.010785769300676012
train:997,1.5587539899991771,0.5618318365157485
train:998,-4.707255508407242,-0.8070555571569682
train:999,0.03839876033557185,-0.051631188293238234
train:1000,-18.8458092107499,-11.339369975593216
train:1001,-0.09961541623284612,-1.7849030368750154
train:1002,4.185434937282587,0.3481728785329474
train:1003,13.023752470744922,3.271203498562592
train:1004,5.496440832817459,-0.09325305025578817
train:1005,-6.434939545175324,-7.263410255478932
train:1006,-0.5826215645313823,0.09181168827341946
train:1007,-9.365461079292073,-3.898198103680353
train:1008,-0.27742098076346117,-0.27903380339041695
train:1009,-3.1508504223873866,-6.05123276572102
train:1010,-10.039814995594362,-4.276255812594053
train:1011,-1.7514471669160714,0.09194807200778539
train:1012,2.487895155277196,9.397910935907955
train:1013,10.43371577553808,1.3721239095598896
train:1014,-2.4992004699520987,-5.718705254320799
train:1015,0.5946641230489745,-0.10303401805062351
train:1016,-20.373788838235473,-8.04706833992937
train:1017,-2.366916389005849,-4.5010005141400065
train:1018,3.7025847684632596,2.4238507863038246
train:1019,1.6389883463709927,3.011211876010026
train:1020,-1.3420221876951484,0.0013809980618270379
train:1021,5.776751066739705,0.9874074360087448
train:1022,-4.9603936986266355,-1.8093733602937594
train:1023,2.7850832521910514,4.647229496507209
train:1024,-1.461817217225713,-2.7636338009982158
train:1025,2.027200116419639,3.2799814182022735
train:1026,4.652603473214634,-0.1752399324447334
train:1027,-0.1530884826123321,-0.4669812889074199
train:1028,1.444884553470832,0.6185402217972644
train:1029,-10.60660025597029,-4.73585958179378
train:1030,2.7050648495244283,6.353077871572708
train:1031,1.6432846395672978,3.174957953735147
train:1032,4.273204195053875,1.9536715712583383
train:1033,-1.9329554425265125,0.6818334020862369
train:1034,-2.0984508322573148,-1.1076636396135653
train:1035,8.188273316012289,8.837053656806326
train:1036,1.2116087575896208,-0.3085128051876689
train:1037,6.873524377892907,6.990898945742964
train:1038,-6.3838084955663605,-1.5932077092183394
train:1039,-7.183300726509606,-11.559247946266618
train:1040,4.177367241596462,0.13651045858618321
train:1041,-0.8919563018730338,0.14235698390185744
train:1042,11.125089354358533,10.572214263182179
train:1043,7.325181905286015,6.3812025943005715
train:1044,-0.6501239506264513,0.00011759392841209637
train:1045,0.7594639977249484,1.2955501491458197
train:1046,-4.563788791355513,0.05417063355328262
train:1047,1.3759200050445886,2.5192369424117924
train:1048,-2.443492085134366,0.2652815268085629
train:1049,0.34648728905124193,1.1863419438083758
train:1050,30.705063667630466,17.131330324837407
train:1051,0.8079203828215937,0.11346731391074116
train:1052,-0.97333365541216,-0.011975762935813788
train:1053,1.688852963487074,0.01750109894928803
train:1054,0.08519690457539199,0.4198963140676164
train:1055,-1.5834402983576048,0.2719626178627734
train:1056,-3.525571246004869,0.9936979217651585
train:1057,-2.9487000875009635,-3.719153651333407
train:1058,-16.84066534300152,-5.634130219716721
train:1059,-0.2701742113527797,0.06135103744251486
train:1060,-1.4285078110637737,0.1944652713647234
train:1061,2.4390435911721253,3.97530079055905
train:1062,-0.14351806063210915,-0.039033810787260426
train:1063,-0.6960423566560444,0.04984030732635431
train:1064,4.330022103052322,-0.22952836240611418
train:1065,-8.60139129991464,-4.231676021396835
train:1066,-0.9984098556209154,-0.11711934780496602
train:1067,-2.5870197062450395,0.2792719871242513
train:1068,-4.4362887009936145,-0.08068092371318147
train:1069,-8.79777016161213,-7.472590947974828
train:1070,-0.1263306794936062,-0.06714155687873272
train:1071,1.3501371317854725,-0.13886998554175184
train:1072,4.763359596531307,12.923165120160652
train:1073,-0.41179532620604065,0.06857209966259888
train:1074,-1.0373893831790384,-0.8994857812816077
train:1075,9.584160873058059,2.8305171234129287
train:1076,-1.0895869511942715,0.03187788473847321
train:1077,10.94537309932218,6.364227099196313
train:1078,-0.8745537806331792,-2.6293209309503354
train:1079,0.34874957264535733,2.529555884121161
train:1080,6.187408074633955,0.10013651718052147
train:1081,0.08071150660064327,-0.11670491815189799
train:1082,4.9528725716447655,-0.13668527789731685
train:1083,1.1317447071945241,1.4888233053611644
train:1084,4.070844182834746,9.154833464311345
train:1085,0.2821158829941034,-0.8373167681754841
train:1086,1.4709112754239708,-0.2458233654466428
train:1087,-1.230292529268307,0.24302073401519486
train:1088,6.681615223238949,7.0473909145757005
train:1089,0.2535848884187486,1.7234675258350678
train:1090,1.4992618824048916,-1.1782376570020143
train:1091,-0.428021608750229,-0.11103743215278153
train:1092,2.932124247144867,-0.16214252879968388
train:1093,-2.5415211197973386,0.3646693186372048
train:1094,-0.10224847072016072,0.17299225156420964
train:1095,6.033981916736945,-0.2277607949701373
train:1096,-0.1079406756491686,-0.31978857294974916
train:1097,-2.931620915673297,-1.128310938645763
train:1098,-1.111935951328411,-0.18902039604809268
train:1099,10.123376586140306,4.546839369827463
train:1100,-3.2998515052229926,-0.13811103003251884
train:1101,-0.3826753986790119,0.06052075152827876
train:1102,24.673551533157774,11.592848501706882
train:1103,-1.4557686538144012,0.15086299203766734
train:1104,4.151542990770581,0.18218816737720953
train:1105,-0.144211832250136,1.947913495644868
train:1106,-4.981557161735498,0.2328966669722946
train:1107,-1.0919919641479003,0.18779074270777316
train:1108,1.0542154673645006,-0.22515366866727393
train:1109,2.049291552823581,-0.03029455222709039
train:1110,15.423413305850495,2.699593018245935
train:1111,-10.958833999258925,-15.653895091205236
train:1112,-8.866205867541803,-7.2241151913275825
train:1113,-15.811613626063941,-6.261525071248484
train:1114,-0.6368536070652853,2.322178994906983
train:1115,-0.6323322942924179,-2.965040049992014
train:1116,-0.0029556768340679163,0.03710668874682058
train:1117,1.0186061193735256,-0.34273741882977715
train:1118,-3.8207541581383255,0.018299999485322765
train:1119,3.9749672465600105,0.4688624971900957
train:1120,-0.3353109861659421,-0.029892962046922933
train:1121,-3.1271494451279516,-0.7877300105294778
train:1122,-1.3890512791966572,0.04324909258244769
train:1123,-3.4108028934614762,0.1011582539017859
train:1124,3.198133650126917,0.10049573710011708
train:1125,20.340256564002562,5.158646815936328
train:1126,16.69987683671714,3.00026180287719
train:1127,-0.01668791491861124,-1.3430371421482206
train:1128,0.6279772485427575,1.0935109854684288
train:1129,-8.927372139382372,-0.22966617274858014
train:1130,-0.15387558621381942,-0.19708073181344316
train:1131,3.628766259522351,0.2047026110907686
train:1132,0.2651210935076478,-0.2740790507980915
train:1133,1.3167091719210058,0.17561464257374368
train:1134,-1.9157623661611232,-0.4318567708757925
train:1135,-0.3845803939578627,-2.1271374751096777
train:1136,14.278796369521949,2.938247148767493
train:1137,4.565651538616066,10.202658853223229
train:1138,8.010090355528627,0.9602670728699247
train:1139,-0.47541879787517405,0.026014810768838242
train:1140,-2.4690683030179,-1.220592224884756
train:1141,1.0309059497816468,-0.17347892740601684
train:1142,1.8659008303835933,0.49114461777455964
train:1143,-0.18049251963895369,0.027319871858775005
train:1144,-4.2493746090061535,-0.032057839838767074
train:1145,2.8805436232992583,3.0401352139523037
train:1146,5.714094737579133,0.2536877681009787
train:1147,-13.220053864466982,-19.94828220687678
train:1148,3.0996304006538344,1.9029736285631937
train:1149,0.476951454434572,-0.028556658239594815
train:1150,4.684212679807382,0.003691817862307517
train:1151,-6.83054441709689,-2.6089512498544094
train:1152,-10.224535611626822,-4.31410886127786
train:1153,2.9360862653916926,0.8581342017351434
train:1154,0.3166296552987789,-0.30916447976777717
train:1155,-3.067596898391201,-7.359969939410011
train:1156,2.3427138262453826,0.632345365720755
train:1157,0.942014848542912,-0.19836382313863898
train:1158,4.867830049031614,-0.13929368814747028
train:1159,0.8831759486037294,-0.0441178140734515
train:1160,-9.535103524028939,-2.9193089860580455
train:1161,-1.9420206165215514,-0.6037543446238576
train:1162,-1.3150286719208086,0.2731755200694461
train:1163,3.8461870086690535,4.82824666253492
train:1164,-23.960437238036487,-10.487024134984232
train:1165,0.017904079583908467,-0.16762384244174222
train:1166,18.739125117809117,21.009230047917402
train:1167,-2.347360839544797,0.01619832043231137
train:1168,-0.20449941194255805,-0.02839131436079763
train:1169,12.720712470091007,5.347857848247556
train:1170,-0.2717302868130149,-0.9269584014469323
train:1171,-5.087811963687966,0.24828577386928383
train:1172,-1.8568813912804556,-1.331689615998707
train:1173,-1.714207356827981,-0.49140596086696203
train:1174,-1.4095708329800272,0.1572579055070054
train:1175,-4.9656026228741625,0.07684428673080859
train:1176,-0.4925463210168125,-1.0416475637744096
train:1177,1.8852639044217185,5.885084790779757
train:1178,2.8944948370461177,-0.4418193458817658
train:1179,6.390529155131663,4.9955090439050736
train:1180,-17.42257712598701,-8.395398674575597
train:1181,-1.343710764352326,0.3296529374995621
train:1182,8.982718878559702,1.7179859268713895
train:1183,-1.6717669909890125,0.243300063881187
train:1184,2.482796416235547,-0.20799314249243772
train:1185,6.771915951246561,10.333923917726137
train:1186,-0.15791082880632357,-0.39097760109013485
train:1187,-2.619733321937217,-0.007377519707693833
train:1188,1.2356426150490942,-0.08062328874593896
train:1189,-2.4819811258055613,-6.38515778241606
train:1190,9.911677796577365,5.409636826699122
train:1191,3.9432480872196236,0.38250348915689036
train:1192,0.24397274018440074,2.0187828209100296
train:1193,4.998729608698933,0.08975023956882981
train:1194,1.5818412775043513,-0.09891611376979442
train:1195,2.257593662579987,6.710850069268386
train:1196,0.3556961222387556,-0.08252995047167189
train:1197,-5.578462501217132,-0.32371845028299007
train:1198,-3.0194083051873237,0.08919928352058586
train:1199,3.2563816412193836,7.5275940487754625
train:1200,-0.982423005064185,1.5708954987144932
train:1201,1.4217742525998727,0.4289848062906816
train:1202,1.008885645599221,-0.0832733559526142
train:1203,17.08303682428867,22.852727273411965
train:1204,-29.019107917730036,-12.990878848127354
train:1205,-7.544397637582502,-6.328256662380226
train:1206,1.0546631819352226,1.0825098397656105
train:1207,0.6609886432406956,0.07455286880048895
train:1208,11.541665678882515,1.0436203602971093
train:1209,-2.8794321810711936,-8.445244932235004
train:1210,-3.46521206917445,0.32441243530479424
train:1211,12.388293467201304,3.7030080970028894
train:1212,-0.12057547838149046,0.10509255372013698
train:1213,-5.38566675083486,-0.12029497743570411
train:1214,3.2257733998091527,0.45412164101377467
train:1215,-1.2812664371068623,-0.2785075276623041
train:1216,-8.039513697906875,-1.940420153757358
train:1217,-1.8655093113255838,-0.21569140512199247
train:1218,-7.450204628800139,-0.8913749435895149
train:1219,3.6931544025727874,-0.2770489635408006
train:1220,8.135092449640798,6.862878558702837
train:1221,1.931555057239553,5.287652703851978
train:1222,-13.339427679666212,-5.218004614939346
train:1223,-1.469363741537197,-0.009343100347959307
train:1224,1.309771223282497,1.6510491894948587
train:1225,-2.066688900600722,0.2748072744142971
train:1226,1.3422851573462995,0.24536293919387672
train:1227,-1.1412893831577713,-0.2444880602649847
train:1228,-9.820534348067417,-0.21318428404694345
train:1229,-0.06922219869484655,2.0938575015325545
train:1230,-6.841202162495883,-13.751365963816584
train:1231,-0.7415267631510902,0.0014427701925597142
train:1232,4.48633585720972,7.306158222056793
train:1233,-0.0013311424220790458,-0.18489164954570314
train:1234,2.3234002658124306,-0.28751085138179555
train:1235,1.3125862925719276,2.748198982823149
train:1236,0.0321951472780134,-0.014808721300916983
train:1237,3.4774164186272567,2.096899030001887
train:1238,0.111023131296315,0.049970128663459956
train:1239,0.22782061181885233,-0.17186814420023677
train:1240,12.308550992465857,10.150135708124866
train:1241,1.0650717321006677,-0.15156622698906394
train:1242,-0.11531471594638704,0.2553383536727505
train:1243,0.7235938315884127,0.4621117876606021
train:1244,0.002525107325432374,0.23738691596723988
train:1245,-5.155098860994324,-0.31027637812096553
train:1246,7.646853433895988,3.0700851390833863
train:1247,2.483824579032174,-0.07955746983438261
train:1248,-0.7332163810621437,-0.23837418859135884
train:1249,-1.2315259526910745,-0.01137230770948755
train:1250,0.7769271905655083,-1.133322612901281
train:1251,-4.541978629422274,-1.6410181971189586
train:1252,-2.5966755566285546,0.1322192214211966
train:1253,-2.948162644049505,0.06260730853542949
train:1254,-7.152755713740723,-7.118355026437584
train:1255,0.310479507636478,1.1668462028345479
train:1256,0.1504145748561615,-0.11066294752651526
train:1257,-0.2894838199956473,-0.20841456252519602
train:1258,3.275115218342911,0.47039067978688215
train:1259,7.099930800316483,1.1074182745318837
train:1260,-1.150160222063961,-0.14422347509804465
train:1261,-14.344565952512765,-3.3910474837568994
train:1262,-3.591428060217207,0.425568365212653
train:1263,0.8776222887859106,-0.31336398603192983
train:1264,-16.701439594084917,-5.604853938930488
train:1265,-4.97865980222902,-4.369942022489988
train:1266,-2.717934608156215,-0.8912659507306702
train:1267,-10.019816148269152,-7.939126035289515
train:1268,8.28179684506273,5.413482391493649
train:1269,-0.26662155206703514,-0.8113796063082563
train:1270,-17.872476804167345,-11.69290742980467
train:1271,-1.8257924262293872,0.0772605709744067
train:1272,-14.095128962394636,-9.355824344845281
train:1273,1.2560928962768698,-0.21781334201002472
train:1274,-1.6151764271495304,0.1746006095362196
train:1275,-31.18111832533113,-11.638460075700943
train:1276,0.23647665931105089,-0.24933339201603538
train:1277,5.983715611781711,1.0905633278120808
train:1278,2.3791270148311425,-0.05048333941592831
train:1279,7.635588507573461,3.6643835386585697
train:1280,13.877549271193029,10.82356434982943
train:1281,5.987682744109822,0.3857788386938228
train:1282,7.710453078595496,1.8652743682325745
train:1283,-17.103214837535685,-8.970966565761826
train:1284,-1.3737322811641657,0.12857594965525818
train:1285,-5.271132251281158,-10.819762784383261
train:1286,8.665686751508645,2.6322947783768487
train:1287,-2.36463202187891,-0.021477258203846966
train:1288,4.06151284415462,-0.026395917611240854
train:1289,6.086464478554724,1.6868733161387566
train:1290,-0.7428568892018022,-0.07719358021257983
train:1291,0.13384378919992237,-0.024405086007604285
train:1292,-0.15750518917708684,0.1735797287798152
train:1293,2.1060648288398998,0.007002261958501482
train:1294,-2.048976977443094,0.2427154398817816
train:1295,0.7448601574685868,2.734215370226341
train:1296,-8.9973085957111,-16.786551162892728
train:1297,11.63499859217595,15.6414846822023
train:1298,2.817892640678212,3.601284091749586
train:1299,-8.783794772208285,-16.482939285751044
train:1300,14.25448867625546,6.936351729072232
train:1301,0.5650591714036636,-0.0102353010537381
train:1302,1.0508787617839483,1.7572567386850373
train:1303,2.766101642125177,0.4622140754613766
train:1304,-1.1390796351259524,-1.4025335476396878
train:1305,-1.8921308939155232,-2.994561707371458
train:1306,-3.799061620074653,-8.86737655711364
train:1307,3.1137424755029466,1.3034298763257024
train:1308,-4.590152345298775,0.12461254703166583
train:1309,-33.600781727093754,-13.868443696085995
train:1310,-0.35147973529566845,-0.5550432390296693
train:1311,1.5405162463021034,4.062204905547289
train:1312,1.944907109872167,7.402987820240404
train:1313,9.41092183442804,1.057015354391832
train:1314,0.05830020765811658,0.21588037087637463
train:1315,-5.145529485076182,-4.474279573782605
train:1316,0.152945347717766,-0.157408757802058
train:1317,19.02248985300825,7.653591505529702
train:1318,-0.12210900539242142,0.2870030617401075
train:1319,11.313267089339993,14.01636235308691
train:1320,-3.513922763585929,-1.026160591561756
train:1321,9.739634523135193,13.295832818350698
train:1322,5.055993371602179,0.39424147794339076
train:1323,0.9282812157089271,0.18818277461367022
train:1324,3.963122104469819,2.2107668940461584
train:1325,31.463889189107853,10.361035178059716
train:1326,1.7016525791117334,-0.45473243176028727
train:1327,-2.7017345933931747,0.12310005712398005
train:1328,-0.3162028025882514,-0.1283944022629963
train:1329,-0.9094143806323082,-0.16388085076960945
train:1330,-6.232082537238541,-0.3858229807029907
train:1331,0.8719988914960168,0.9354037189196134
train:1332,11.462551771228705,1.1529242197076626
train:1333,3.060308694566063,-0.18512318804034317
train:1334,-12.7167743356615,-5.539147223057831
train:1335,1.9976644373299224,0.029319691093441957
train:1336,2.7696608102416485,6.257763331191364
train:1337,1.6330381127953069,0.6192062337887785
train:1338,-0.36823369804522477,-1.5390727822885253
train:1339,-0.37157853966418564,0.20544045280012066
train:1340,-3.512020325347721,-2.683975428550192
train:1341,-2.8478996856977274,0.28924768692474506
train:1342,-0.7957615951838762,-0.07873303301335677
train:1343,0.6398623734502723,-0.7196782362619385
train:1344,1.4961864598863808,6.497434062645026
train:1345,7.724049561067733,1.3518458167039877
train:1346,1.3090831468913562,-0.2130521801368777
train:1347,-1.4654017232903715,-0.16868181500874824
train:1348,-1.3216537317679409,-1.4118213370143318
train:1349,-4.537428491827615,-0.19009035212313918
train:1350,-5.985679127155677,-0.2436369458724877
train:1351,-6.427115000808501,-0.2139438101994165
train:1352,-0.8330060544367714,-0.14458326566088028
train:1353,8.384786073656162,0.5713662864308932
train:1354,-0.5048329013052395,-2.629177984818709
train:1355,6.101625404983846,0.5796394721247728
train:1356,-0.04673883769784229,-0.06844832989838953
train:1357,-5.006166585797832,-4.491349795664707
train:1358,0.07099428724170229,7.0415657883815275
train:1359,7.19940386556789,10.310156626779104
train:1360,-1.0686396742488409,-0.5941117578147284
train:1361,-4.769288384567463,-1.670098461952243
train:1362,0.7720792739650892,0.42406871477786784
train:1363,1.2710929616037383,0.21768531544457315
train:1364,-9.75039518815319,-18.96570644860229
train:1365,-1.5447011326199007,-2.996101873476285
train:1366,-2.8479340895172847,-7.506378163573457
train:1367,10.447296915766461,10.473185976594753
train:1368,20.275785665818596,5.685508594656719
train:1369,-3.1448125520551264,-1.2082118344707977
train:1370,6.61075032869866,3.458249795742786
train:1371,1.4885218467888492,0.1921076588185609
train:1372,2.090034973508723,-0.04903675880246541
train:1373,-31.98454235494997,-12.632315168257762
train:1374,-0.2110692629576308,-0.06993214498326406
train:1375,2.398484742329742,3.069801529393094
train:1376,-2.160185464495295,0.04846962226381471
train:1377,-5.153486530639948,0.11651112495303353
train:1378,0.742863224955717,0.04508371059912747
train:1379,5.44805465010937,0.028414936236382624
train:1380,-2.4695543731982634,0.22367764010807373
train:1381,3.579611569871994,11.351712929056077
train:1382,-10.440991426618245,-6.5185262379017
train:1383,-0.720463722002015,-0.05593469428788536
train:1384,1.8433391309596248,0.3295915933512594
train:1385,38.124345917399395,13.536010851644741
train:1386,12.042661537935777,14.289274765201737
train:1387,7.593011456289225,0.6368747037776419
train:1388,-22.57520556672379,-10.378977402631454
train:1389,-0.30611760183499426,0.0477220796193822
train:1390,1.231758702770993,-0.15688776052391537
train:1391,-4.30322867444141,-0.21291151657821156
train:1392,-4.490172521083623,-8.860949402301241
train:1393,5.096424368412425,0.6336069152636397
train:1394,-3.1526645264942994,-0.3233692166200949
train:1395,4.068593987069123,2.010832048646764
train:1396,-1.336425058186403,0.5998028656894296
train:1397,-10.450747234045068,-6.127624776263141
train:1398,-1.6375045060420472,0.2092061275410444
train:1399,5.712386169513294,1.3462917460488262
train:1400,20.87664744454929,13.464952072823891
train:1401,-1.3681067917501095,-1.1624665044558284
train:1402,10.252437401127246,1.2468463905833467
train:1403,2.8116174304826567,0.6902161512822014
train:1404,8.881484244763678,7.577700519752322
train:1405,0.1165110054321429,0.022315473304567388
train:1406,-1.7721859288199973,-7.9639501575170755
train:1407,-0.5092765730258633,-0.2613448615753177
train:1408,-12.776962423227095,-12.570699393772841
train:1409,-0.602477566267958,-0.27596616799285356
train:1410,2.476947766910851,0.27094095247191397
train:1411,-3.3704509324529157,0.3072951353553899
train:1412,0.4258008783334262,-0.26428196233172546
train:1413,-12.35106545310204,-3.8101124718636425
train:1414,-0.4432536674008669,-0.6425416789523943
train:1415,-2.8636371085626697,-7.779432095211811
train:1416,-0.020404922180212753,0.15229559189174963
train:1417,0.8146286627187355,0.22561725648091807
train:1418,3.2715328044024146,1.6629819102870176
train:1419,4.161701880785998,10.673421265660021
train:1420,1.5844562002489266,7.900254328603388
train:1421,-4.624040572478937,-0.432097011679843
train:1422,24.58923613992012,7.757481101878899
train:1423,-1.5928348656790785,0.05069884008097165
train:1424,3.304270363293338,-0.14864510424337693
train:1425,2.4617440681655234,0.03115088525068159
train:1426,3.701776278703669,0.1750177497446777
train:1427,2.601524927359843,4.42741743512803
train:1428,2.2181296920491826,-0.3064992905152413
train:1429,-0.21839855504360106,0.09111222232195904
train:1430,-3.847813227136416,-3.8572949668786145
train:1431,0.6296383951275857,-0.2802277317093589
train:1432,6.111644820055112,3.4538070527975724
train:1433,5.274664048706708,0.02484727469974747
train:1434,-1.285604340328172,0.2516288872909692
train:1435,4.439990192934546,5.060237106621089
train:1436,25.949007125094692,7.879335688710558
train:1437,-0.628378993229602,-2.2734869230194015
train:1438,-1.2394318574419856,-6.754938596454821
train:1439,-0.6319736112277117,-0.2732984108457375
train:1440,-3.616304346339347,-1.8921765476375603
train:1441,1.4966378937889466,0.31499111541198455
train:1442,-2.6879177405091803,0.22660618121588105
train:1443,-0.533396207575989,-1.0872476650847924
train:1444,8.12748641601981,7.272804124677343
train:1445,-9.655057554995835,-5.248103192634455
train:1446,-3.7427383832114587,-4.800761120054762
train:1447,-10.975176743381478,-0.23551697788855458
train:1448,12.492287845225578,19.257878010249083
train:1449,4.485661728312994,1.1104218552257543
train:1450,0.3888442023819608,0.3529069348521933
train:1451,-0.010142355789644675,-0.1438221702394972
train:1452,-6.8673286090340895,-5.2020323106510515
train:1453,1.6543987004919027,-0.49310876029519607
train:1454,1.110728390151739,0.3963191899803211
train:1455,-6.180530738214723,-0.3771674640382943
train:1456,-6.127441925306371,-0.8775331358378531
train:1457,-8.934412834563071,-0.314563906104892
train:1458,-1.0400254596234766,-0.15062866014570317
train:1459,0.5499289294622552,4.477431747221625
train:1460,25.854290620355286,10.814510524183197
train:1461,3.9163217518767164,1.339553020027373
train:1462,33.15807087937459,11.40261658863925
train:1463,25.1437866581952,9.577667551018452
train:1464,1.1965026913051986,-0.07149756205146213
train:1465,2.50959792150344,-0.4697568976269006
train:1466,-4.2772728522515475,-0.15457579943695482
train:1467,-4.865816668831379,-0.3634423528292175
train:1468,-0.5407300325976443,-0.03899971485366893
train:1469,12.046754662630104,0.8571213099840993
train:1470,-0.7039726695221817,0.37962901649607533
train:1471,7.209110391847779,14.638368049859878
train:1472,-0.8501207923751962,-2.374082766587176
train:1473,1.1102281400187204,0.3170649756070447
train:1474,-11.487092560728737,-6.990443061613061
train:1475,2.7419575994598246,0.10767728227582939
train:1476,-0.9497238017829029,-0.19582075153946837
train:1477,7.595280713630547,0.01941418041147122
train:1478,0.7486979267859982,-1.0522873496454823
train:1479,2.1766591419885377,3.015968758058873
train:1480,6.7308219835351215,4.955205082505361
train:1481,-1.3399375021965843,0.16545348372024182
train:1482,1.2034801578445502,0.8119504750510251
train:1483,1.528111344769389,-0.00772432813681892
train:1484,-3.3012867023982975,0.17119044553383128
train:1485,-0.009859105423899728,0.053724105217963204
train:1486,9.026175551825045,4.076896686404968
train:1487,9.03912812497179,1.7668940470441963
train:1488,5.107549819790802,11.178552379157027
train:1489,0.8653808053960922,0.9472688184878295
train:1490,1.145777513783711,-0.09888615499969314
train:1491,-2.6426255769788214,-0.328200852933385
train:1492,1.2240915326328192,0.1486588825230715
train:1493,-0.3578199175693739,-0.027556320639831322
train:1494,7.7534987656920755,2.2092846482301938
train:1495,-4.010028631097288,-2.32128228887416
train:1496,0.3726711527747899,-2.469628702802351
train:1497,-1.6993760561835347,-0.02259115380837541
train:1498,-6.294827665446888,-4.401803317153533
train:1499,-2.8238118979265163,-1.8519638891562515
train:1500,-0.8297202572108342,-0.14054810464985482
train:1501,6.406051786582613,8.26157193274934
train:1502,-2.701631381934504,0.3289256526901505
train:1503,0.05968403156232632,0.4414071389827818
train:1504,-22.302983949729292,-4.306820891137883
train:1505,0.6585191231253971,2.5100866780579945
train:1506,-7.681591236562837,-1.4786716219399987
train:1507,-1.178142150275845,-2.9199247101140324
train:1508,3.621123032582923,0.08768165782373986
train:1509,21.299063120068357,6.042243362942032
train:1510,-10.509488501523345,-7.476027361566257
train:1511,-3.065871128415583,0.4224098548791157
train:1512,-6.062844569839709,-0.8650383314542696
train:1513,0.09919309899173948,-0.20949735807314313
train:1514,13.018792741730943,3.9202009059103538
train:1515,13.619386728568866,4.751968209997563
train:1516,-6.150864417593986,-0.4669356374482179
train:1517,-21.976480544137477,-12.805810115095465
train:1518,-0.9502321879543302,-6.776523177008759
train:1519,0.45372910869181216,-0.7343798607155079
train:1520,0.35319254699126035,-0.1163489794309325
train:1521,-5.683811180949104,-0.27317401061941216
train:1522,-1.3639062713487875,-3.245832759929965
train:1523,-3.1915259652663757,-1.1024826983069749
train:1524,3.714775808414944,-0.2864565879958497
train:1525,-0.20905443116026173,-0.5005385352803191
train:1526,-0.5702050400866553,-0.06566444685192846
train:1527,-0.9993289955028649,-0.19926144495519799
train:1528,-10.511896768892338,-8.57071340270574
train:1529,-14.174356309669687,-6.437028682291076
train:1530,11.672493176495355,3.396652281841547
train:1531,-0.4908646018777221,-0.06432600313245027
train:1532,-2.7578713987476884,0.43418992860456795
train:1533,-5.238006487129017,-1.7452424757284306
train:1534,-1.8889378475274454,0.23594846701994732
train:1535,2.885547984295366,0.3329899878368222
train:1536,-2.4581734502138515,-1.1125275172699167
train:1537,-1.7667336207949278,-0.5015305985531022
train:1538,8.992199455430068,1.1725069837755941
train:1539,1.6989232869129554,0.011167244306632601
train:1540,-7.224194780134431,-0.25152865656041085
train:1541,18.312461965324196,3.547023908628586
train:1542,1.9678068035774592,1.0856088605413752
train:1543,-2.660955839055515,-0.18616090277232833
train:1544,-0.230806710991679,0.13917193865765895
train:1545,14.936381678205546,9.961199155212089
train:1546,25.031189465615743,10.969502934606336
train:1547,-3.202092587035191,0.15346227199598036
train:1548,3.2046094717838085,2.799899260369397
train:1549,7.084432344522518,-0.0696409742700414
train:1550,-0.9231105876896127,0.03896327652824132
train:1551,10.537230359754478,4.839706890724338
train:1552,0.18804375249667088,0.4135360671751098
train:1553,-2.649366865946079,0.4634011560614382
train:1554,1.191231468249284,0.0746598644079936
train:1555,-13.347669719032524,-3.7681368110922775
train:1556,5.794075714469075,0.3806215077512885
train:1557,-10.112803163701097,-16.597914768324205
train:1558,1.8804487644331749,0.09303885656109283
train:1559,7.522402265813211,7.477481300722964
train:1560,9.24127753002525,2.1131777697100746
train:1561,4.5590269436854145,0.2183377033287315
train:1562,-1.3287702083349622,-0.16364902695334937
train:1563,-0.8129095746506567,0.05909271682011666
train:1564,-4.492032651922106,-2.373616551060076
train:1565,19.17022357351801,8.864037093054138
train:1566,16.084740262369163,10.20267483123395
train:1567,12.761872455942678,2.859128604824533
train:1568,8.968628189868692,2.837268974228902
train:1569,6.009395738498637,3.243397480084283
train:1570,5.976749768154372,3.400575454116718
train:1571,-1.5973889550638214,0.4809977963324634
train:1572,0.401966005127607,0.45330219732109905
train:1573,0.2036842402754285,0.039451604480892556
train:1574,0.27857763611925435,-0.24408375952942712
train:1575,9.21826788357232,9.923123555664674
train:1576,3.1856750507407052,0.36742702342502975
train:1577,0.2851999064675035,-0.2702831319654464
train:1578,4.061999611709704,0.4486808430417581
train:1579,-2.554342586496581,0.01617635066757042
train:1580,9.332109192653595,1.7708226404301473
train:1581,-1.7283324493385472,-2.4620502752532016
train:1582,2.9220202172741496,4.299635291640613
train:1583,-1.7123939500957888,0.5284761698673881
train:1584,1.0343240157462865,-0.19281973874017788
train:1585,-0.17284754926272355,0.13561683127230434
train:1586,-0.4379646612895731,-0.049446908631233244
train:1587,-1.8891077745010687,0.5760372866721162
train:1588,0.010603031174128585,-0.4956412749944263
train:1589,4.974720391812926,0.5079044810644935
train:1590,-2.313463778951505,0.35018211338107486
train:1591,-4.4757721980166005,-8.302038016648098
train:1592,-1.827229250612374,1.6686949050845261
train:1593,-10.629494603136056,-0.3357042408964713
train:1594,-0.7250089779736282,-0.15919601242981574
train:1595,4.162609397755935,2.1229902655439212
train:1596,-0.033044025389979276,0.36967842499814263
train:1597,-2.8377942610775686,-0.04367984538673245
train:1598,-17.333885938834893,-7.710486978952013
train:1599,6.872760985031925,1.4878129815047003
train:1600,-1.9403636541850475,0.5881811454630843
train:1601,-0.3289336105737966,-0.2782192101652815
train:1602,-9.27604276276445,-11.681500271436574
train:1603,-3.0216719835308807,0.5518719720651655
train:1604,0.20380418872739764,-0.04710399014850136
train:1605,-3.672183123047183,-0.8908060122792101
train:1606,-22.382880776736265,-5.5046855071494925
train:1607,-1.4899758137001866,-6.918981979307993
train:1608,-8.27078547129889,-2.322379921146348
train:1609,-0.022536448014187416,0.012113370798593731
train:1610,22.407699240138008,8.026838406608373
train:1611,1.0594599577227863,0.06449927619773177
train:1612,4.372102158618903,-0.1362541569294781
train:1613,-0.5479641330342321,-2.0892216556694687
train:1614,-1.9620910609847582,-0.06400530163155632
train:1615,-2.8660732709204924,-1.4005494210941216
train:1616,0.5737061530244925,-0.00872594968387247
train:1617,8.783632343279777,10.764499350627421
train:1618,-9.19470841399977,-0.7214556472938058
train:1619,-0.25867659433176204,-1.5214384795636584
train:1620,3.7280717223825373,5.355963835472108
train:1621,3.3548551360377146,0.09496706006913667
train:1622,-1.5086394208933989,0.23283275492941183
train:1623,-1.424687592343501,0.08507752739788663
train:1624,0.9729675930651939,-0.29420249933594655
train:1625,1.8197139350865115,-0.26433189361522763
train:1626,-4.880644715060463,-3.5734287724498905
train:1627,1.941028311675351,-0.10534298326057392
train:1628,1.3553855739338427,0.023642932141675108
train:1629,3.4927205393323724,-0.020561946446847168
train:1630,-3.7530632484104136,-0.09110942892463497
train:1631,-5.223584312987411,-1.8446682153325342
train:1632,0.8914891201915589,1.7011716384824382
train:1633,2.379371328441646,0.06345200319147623
train:1634,-0.6855991702128018,0.10030856611738895
train:1635,-1.1497555122676855,0.1851127139823367
train:1636,0.49934392425963836,0.014342303294130665
train:1637,-11.819797952170427,-4.176968739297276
train:1638,11.164858310100545,15.18224013292217
train:1639,0.20763231102783875,1.0331436357318737
train:1640,-1.3794588899127307,0.28453617101348017
train:1641,-4.411175307466419,-0.6910703213705847
train:1642,0.7490912461285018,-0.5813369102611028
train:1643,0.6774215811604664,0.0782977150631518
train:1644,-0.7862507987422775,-6.237729248139449
train:1645,20.285578666563858,12.520417675502419
train:1646,-2.203381319615077,-0.2320488935973038
train:1647,-0.9252250278429289,-0.12101113470193525
train:1648,1.6464332864314875,5.992571151470831
train:1649,-2.3200581543109244,-4.559749091665421
train:1650,-1.4850960503208532,0.1187158051108694
train:1651,-3.2528372910488597,-0.21643523858536484
train:1652,-1.0576774085551195,0.5253901312253338
train:1653,-1.320267118364848,-0.006259914922105231
train:1654,4.444657024565811,5.5129637688136555
train:1655,-0.9910462759445083,0.2876518831040157
train:1656,9.528307666756652,5.585582686252733
train:1657,-2.599668224013536,0.17403281951239488
train:1658,-4.915037841538448,-7.0208144067769025
train:1659,-8.12535773653241,-3.993359996994991
train:1660,-0.6646181868225349,-0.0018596848982738862
train:1661,-5.03354923666635,-5.646876677769156
train:1662,-8.069988043370723,-1.293167773437592
train:1663,-1.634159431964846,-3.2458270534975644
train:1664,0.6335106844936744,1.6369069380773238
train:1665,-2.5328313658603037,0.10014079700482166
train:1666,-0.2996520083406738,-0.06776954976438002
train:1667,-0.7600704218923332,0.4202205820887605
train:1668,13.646085952211049,6.8826108312996555
train:1669,0.12931341055568524,-0.023041961967995017
train:1670,-0.2347947645614123,-0.052289139948986846
train:1671,-4.644462028884922,-3.3148837305107874
train:1672,-2.39975367248184,-0.3710564455808686
train:1673,3.955847091382947,-0.21690773118810536
train:1674,1.6167088512506878,5.0976564664424755
train:1675,-0.323476653383922,0.15737517269283052
train:1676,-0.08690901636252715,-0.08343399202468119
train:1677,0.3144640743326076,-0.012013710711275438
train:1678,-3.1625751511091287,-0.4568894632075811
train:1679,0.861541525100119,0.3971998351604894
train:1680,-1.7884166280707503,-3.3294853497365424
train:1681,29.266429829701554,10.764357831103895
train:1682,2.5460250575836154,-0.07169586057737076
train:1683,11.641429316934234,4.611066122457117
train:1684,-1.2537828993620752,0.14213842754092793
train:1685,-15.486294827664443,-4.8196984866182255
train:1686,-4.861038257244795,-5.035322311937242
train:1687,-17.734000500617313,-2.9819299486102686
train:1688,5.645276405386007,9.367944176801291
train:1689,3.2951489344041582,0.020674588667876026
train:1690,-0.13275896344036653,-0.21238709544062878
train:1691,3.680344326327317,0.05440174406549267
train:1692,0.11809404604824712,-0.015192764201453685
train:1693,5.963015205487426,0.7136614567810509
train:1694,9.122111997409284,8.077095527400598
train:1695,0.7616244646098342,0.16601727924138632
train:1696,-0.4325218840523537,-5.423436181348279
train:1697,-3.828056601297547,-1.2819572016656846
train:1698,4.730452808041481,-0.06688134356128139
train:1699,-14.987664463663966,-3.4152441837420517
train:1700,0.20705186280193388,0.38322834873253186
train:1701,-1.4911450786486453,0.32963296498616124
train:1702,12.436959064714175,5.140629326275785
train:1703,0.2320594878298156,-0.2920577367183133
train:1704,-7.9820314242577926,-1.3858944467254244
train:1705,0.7223083375198288,0.17976978132598437
train:1706,1.13677556843002,3.4503463868684423
train:1707,-0.5507380572151382,-0.1487110135375998
train:1708,0.6864725752028501,-0.3174020002591554
train:1709,-3.3779551493646744,0.03403719875872711
train:1710,28.813625353351053,12.037341923232372
train:1711,0.5800907348220856,0.6340694216096798
train:1712,0.16688470609437228,-0.2932306938981843
train:1713,-3.531908057634091,-0.23117210025900564
train:1714,2.2615705581541885,1.4294110697476008
train:1715,2.197845153546705,-0.2687235639904586
train:1716,-12.685946653672472,-9.197707092039765
train:1717,-0.0619304486146767,0.08549495292796477
train:1718,-2.280239452505498,-4.562755240253872
train:1719,14.980677060801712,8.307663928532625
train:1720,3.061798054511346,9.442256192733522
train:1721,-0.7387068122386145,-0.2122723961493838
train:1722,3.93240414277019,3.0780273516980516
train:1723,2.3185042303562797,-0.1070954286506901
train:1724,0.5377299859304026,0.15653161932326384
train:1725,-1.953061918016958,0.008279789512107033
train:1726,-2.0616929081012634,-2.5523111991008864
train:1727,0.24110560024915415,-0.312586769939016
train:1728,-0.657459170397548,0.0886001081185598
train:1729,-6.157475994863184,0.16712461244865448
train:1730,7.403081916009238,8.745305636675136
train:1731,-0.7605767159395983,-3.499879421207952
train:1732,-0.3619763871341686,-0.42446180512831094
train:1733,0.2714830106268167,0.4557688027261063
train:1734,-0.017189327342831018,0.06568122100863316
train:1735,1.6153636154143598,0.10256460416682706
train:1736,-12.051238955161343,-9.59057670221317
train:1737,25.70765596240543,6.419857967379852
train:1738,-1.1206705697058141,0.23279081265127
train:1739,-0.28952612739537287,2.237871591982477
train:1740,-3.4594471048162436,-0.6028126406170067
train:1741,-1.1112432257724651,0.08170930567364015
train:1742,34.199993344158344,15.910715304132488
train:1743,-0.4898091252378658,-0.07702267256219239
train:1744,0.4101727108414019,-0.3114319306820158
train:1745,-8.791756002020374,-3.635355547500623
train:1746,-0.6003286060659646,0.23794999818433435
train:1747,-4.40592779515101,-3.2520861538757764
train:1748,-0.8034501514801533,0.17329298055170272
train:1749,-0.9614648025814626,0.24778075460186186
train:1750,-2.756714221627723,-0.00108047155402001
train:1751,7.919228938245531,5.585595811047254
train:1752,-5.01472011920608,-5.376359825975952
train:1753,7.106883161365888,1.5302520045869659
train:1754,-0.07410847090490683,0.17043063405973824
train:1755,-9.031228902128417,-2.937073966084878
train:1756,41.25330449847281,17.42206506662469
train:1757,-4.252437478779691,-1.4605870816987523
train:1758,-0.16759329565834713,-0.25997859899788833
train:1759,-1.5330459089119932,0.46729665213946764
train:1760,-5.048162026564961,-8.95519284532106
train:1761,1.272353350182375,-0.004559112745211272
train:1762,4.8378182954658655,6.79142603604637
train:1763,9.73075089902579,4.40947070522925
train:1764,0.3334342939447098,-0.2560812483293288
train:1765,8.194004806383898,11.493129736799027
train:1766,1.8163042376185206,-0.1221367284928842
train:1767,-1.243733032261336,-1.9959602896657334
train:1768,-0.025456355969970812,-0.22804825650229982
train:1769,0.5011357123754874,-0.10579750060125367
train:1770,0.0429846964992288,0.4194067021676751
train:1771,0.08894866434391091,0.5734675375014745
train:1772,1.446734223688503,-0.09036873399908274
train:1773,0.7305182976489871,0.06408484654466375
train:1774,-13.165394563687498,-5.072832404033793
train:1775,-2.4238656359100377,-0.19001730978841602
train:1776,-4.690816526573224,0.10093570303817623
train:1777,-0.001565692786491546,-0.2975815632817535
train:1778,-12.207259347019546,-0.3569327400686344
train:1779,-0.9539013088184402,0.43212277346757805
train:1780,0.40117936644260016,-0.06119031852851392
train:1781,-0.23559279370019137,-0.8386550692341523
train:1782,-3.4699825771808657,-0.04204894700674153
train:1783,-4.747433125735615,-0.9332824124936971
train:1784,0.5975970486662119,-0.028946692894151776
train:1785,-0.4761198919277687,-0.09283476876084998
train:1786,-0.32592862290208163,-0.34944333286492874
train:1787,-0.47677588908175494,-0.06130130863869873
train:1788,1.3900111586520785,-0.8251789011385364
train:1789,0.9729917687221799,0.3078147060254325
train:1790,-0.08503505425874974,-0.31066042102150226
train:1791,-0.8123154113885771,0.014491098518967127
train:1792,-5.341811179229247,-0.7249662445064387
train:1793,-0.06589223440326172,0.09237234525674384
train:1794,2.6372432982654956,6.0948475393804795
train:1795,-3.1415056011293268,-11.107522192317054
train:1796,-2.7056622078204433,-1.3514592657277469
train:1797,1.0865499436668298,-0.37053801619730603
train:1798,-5.833682122519726,-2.7048198848218186
train:1799,-7.329265904727544,-14.009575182208932
train:1800,-2.4092512188037443,0.5602698433069906
train:1801,-1.213930956028293,-6.578571031546831
train:1802,0.8023832275388327,0.6297435178678616
train:1803,-10.230996091039856,-1.6889445255973026
train:1804,-13.223293402503108,-3.361025657577574
train:1805,1.6259923035333221,0.08878385524184779
train:1806,-8.616294662613564,-7.190004991655099
train:1807,1.9798348903027283,-0.054566149137495856
train:1808,2.1947843758973304,0.1530676721955032
train:1809,1.1747132181553415,5.252809798259302
train:1810,0.22215909137755746,-0.5635532416681595
train:1811,-0.13466384249009722,0.07974058649555454
train:1812,11.096627167422291,7.369728449638798
train:1813,-0.9891143155097885,0.11666833716566036
train:1814,1.8337506934657823,-0.11616352037792446
train:1815,-2.2509443676944407,1.9763204014549234
train:1816,-0.22056518207185355,-0.36148390522945234
train:1817,1.7982013197007922,0.035913901714358716
train:1818,7.619079323350888,1.369535757144757
train:1819,-0.16667845625384226,0.046182341496985246
train:1820,-1.1175277342976306,0.2402598193591448
train:1821,-8.65040837428677,-4.527452110888117
train:1822,7.6324015050996294,7.5089305909672115
train:1823,6.079426572872908,8.20570082376175
train:1824,0.9868044373578497,-1.2117515344886716
train:1825,-11.694979035151574,-4.3901322362869255
train:1826,-2.6948250046599767,0.1679369231008298
train:1827,12.58402702482386,12.528800424698384
train:1828,-8.122698414263947,-8.361810613467735
train:1829,-4.25627303974382,0.15566238700789603
train:1830,-1.2465532156320522,-2.4996967510841186
train:1831,-2.0348658324269433,-0.028914736872710387
train:1832,2.1086197773584905,3.041982100798644
train:1833,18.99657540838515,11.109598132605388
train:1834,-0.2935413785792154,-2.9472616598490413
train:1835,0.11082902866570603,-0.17670648557159718
train:1836,-0.40751472394095245,-0.377941826915008
train:1837,-2.073898360463843,-0.4811072769926142
train:1838,21.59176337819594,8.083766346876489
train:1839,-1.264784682956639,-1.3134778223149353
train:1840,-1.4410154591386788,0.019032134762274597
train:1841,-14.547950175738436,-4.113927783320395
train:1842,-11.010363482291678,-4.01862037597955
train:1843,3.6678315641711263,-0.13432723736872432
train:1844,-0.21901573167146549,-0.2644393172051623
train:1845,-0.5714823981168304,-0.2066845148822508
train:1846,-17.302134002882628,-9.183682393129676
train:1847,7.720522704646656,0.018343368371564653
train:1848,-0.29380800818078245,-1.0740281437863777
train:1849,0.766962635638941,-0.310677825640323
train:1850,-0.4152174601898848,-0.024568575295871392
train:1851,1.6021032675575242,-0.13647670779308776
train:1852,1.5791931132314208,-0.03470548181167221
train:1853,-3.423953056112433,-2.741165864708719
train:1854,0.8565497168489852,2.8954178057090507
train:1855,6.815820803999107,3.802297738194247
train:1856,38.6661447064473,16.094881279558656
train:1857,0.9198146216825325,-0.2860739717034131
train:1858,-0.8300287292956463,0.23407048011702566
train:1859,-1.8996802077258903,0.1885411385684058
train:1860,-0.9010033441253334,-0.1743237647228736
train:1861,-7.269025746516133,-1.7480959772501747
train:1862,39.840352646926746,16.930930690519013
train:1863,-2.5154276823292476,0.09544212056645733
train:1864,-0.7826356081899056,0.9304819209743995
train:1865,-0.5420092502937414,-0.2000784634141035
train:1866,5.146711129692801,4.720272401873625
train:1867,3.352125611380696,0.2562445351379099
train:1868,-29.647325382173378,-10.079865618080607
train:1869,-5.342441605976806,-0.20621444751328039
train:1870,0.9202614064202934,-0.22773397473785617
train:1871,0.8915509540834655,2.1130884640430105
train:1872,2.886847658316605,0.5061267847110061
train:1873,-7.031028491317199,-3.9122521907173042
train:1874,-4.229439455238773,-5.045952824855664
train:1875,0.7683852800692725,0.05086061743951868
train:1876,8.004021335792174,4.86731917582266
train:1877,-29.18742999966228,-14.994257755325592
train:1878,0.05498453954830712,-0.3543204779766108
train:1879,0.09346637401405442,0.3774993759243027
train:1880,-1.7698164819771267,0.2796289244708868
train:1881,1.2262694338857236,-0.14360232993127764
train:1882,-2.4573624034136183,0.6989578350761416
train:1883,0.26507460185959775,0.6392313176981343
train:1884,-1.3155568170426575,0.09219259263613602
train:1885,-0.820304768647738,-0.12333522195774632
train:1886,5.7407251535822015,12.585871596419745
train:1887,18.485924163864855,6.362282347034308
train:1888,-7.151965355723873,-12.30987891191414
train:1889,8.691842952701602,0.9282842311962538
train:1890,1.1419763566391388,-3.4312065017736457
train:1891,-0.5080357109394075,-0.7383369862634599
train:1892,-0.4544038755818306,-0.21511391416308734
train:1893,6.466237084649325,1.9781461745013826
train:1894,0.19783036064032655,-0.01953507393642251
train:1895,1.628518194771881,1.2700882617671274
train:1896,-12.568374854751662,-10.719531581845862
train:1897,-0.03869926945878738,-0.13490472832762943
train:1898,-0.8900194598152688,1.3041260610785326
train:1899,0.22666901369665254,0.027569956258715875
train:1900,13.122749926436777,5.917969248772668
train:1901,-12.572168573232545,-15.353972993253553
train:1902,-18.63818122989022,-7.84977186355023
train:1903,-0.8464021579059129,0.14211160730864678
train:1904,0.9843803628285202,3.53837723693411
train:1905,-4.191109880920389,-0.2319826989814609
train:1906,5.993649482220565,2.7510453513043926
train:1907,-1.9136114300640878,-0.01279320937714934
train:1908,-3.6762134840166416,-0.17332314180149005
train:1909,9.121641501931018,2.888598333669134
train:1910,2.078952061988312,1.4305067047684483
train:1911,-0.3323321500462553,-0.18882894524106436
train:1912,-0.6164128566253599,-0.189741261121054
train:1913,0.554576931976059,-0.031126264749426563
train:1914,-0.43077647135543473,0.15266579669371572
train:1915,0.3476112246428519,0.5185315701234756
train:1916,-7.494546503044355,-11.72325766116863
train:1917,-9.933170593631235,-7.529546279118464
train:1918,0.1858109910990672,0.019131712007658938
train:1919,-3.4757321992952153,0.049313603615811406
train:1920,1.1129992747007438,5.520300528950655
train:1921,4.514148090906221,4.668024306816953
train:1922,-1.9136700095406307,0.3209945676186656
train:1923,-21.6264746806234,-10.871091002537014
train:1924,1.2355426580057869,-0.037120729325077234
train:1925,1.630385066899331,-0.2918263408844832
train:1926,11.378180588013395,1.3120237635204761
train:1927,-0.15436119147770222,-2.524527150387318
train:1928,-34.42911412207189,-12.219761790162941
train:1929,3.9155286043609827,0.9077195327730496
train:1930,-3.3851971533814305,0.8384532870299275
train:1931,1.388320024954258,-0.5373246237660889
train:1932,-10.564287277246978,-12.110027095106169
train:1933,1.8849626385423544,0.02718919455680932
train:1934,-7.7268499261066,-2.935929255745388
train:1935,6.006722003819278,4.979911081582236
train:1936,-1.8853993681943564,0.9109075738942582
train:1937,-1.711250488011998,0.18177074184713138
train:1938,-1.540356023193143,-0.06642825282870168
train:1939,-7.38541386807759,-5.150521486660492
train:1940,-0.7371656141057553,0.07933357520460685
train:1941,7.0199595866726305,13.886740741115274
train:1942,-3.966573352581386,-3.0008541903792114
train:1943,-1.8798789499048931,0.34504746550733156
train:1944,13.796092184477498,5.846877943287136
train:1945,-5.2745540365776415,-0.36068899919609776
train:1946,-6.183271885783754,-0.9761006280089592
train:1947,0.6537438497250563,0.0727992821238927
train:1948,2.980296103355446,-0.08374042744457452
train:1949,0.09185206776463654,-0.11625054347202823
train:1950,0.5310254253651048,0.5553665912670773
train:1951,1.414623837129775,-0.3286259821472035
train:1952,0.3365145980862659,-0.24155695126259724
train:1953,-2.770698909361178,0.3010916726930801
train:1954,0.7093608784543703,0.07701034391365581
train:1955,-2.6067554108422857,0.3760145622137582
train:1956,-4.104068682357566,-5.681904471771599
train:1957,-1.233386083529557,-1.5477208805911014
train:1958,10.234861698498406,0.15982408815739702
train:1959,2.0865076521711656,1.6443461286759073
train:1960,-4.484908271774915,-0.16728573632202753
train:1961,13.59601816659299,16.38612845897548
train:1962,-0.3828158034561231,-0.023000590333093207
train:1963,-1.1216657234323257,2.1040700182776586
train:1964,1.5580714926058024,6.006835520541732
train:1965,0.17725304098425423,2.176798499218821
train:1966,-16.285142219449234,-5.914033011521854
train:1967,0.6567723156790366,0.8736833027305546
train:1968,-15.284483881808786,-4.333751257564374
train:1969,0.01261542215997502,0.1581289924129033
train:1970,0.6013445079572862,-0.22197161930008558
train:1971,1.0891836955288654,-0.08592456444576949
train:1972,-2.886947091062004,-0.3614887556969925
train:1973,-0.16716220185180303,0.263674310123033
train:1974,0.38216614205605165,-0.18196867220948604
train:1975,-8.834710565486777,-1.9207272555441017
train:1976,1.0524787718515909,0.9195161551524627
train:1977,0.10768944767288614,0.3249039017952656
train:1978,0.9760053573487841,-0.19036597280807116
train:1979,-0.9487449201332091,-0.00506070815319308
train:1980,-0.39385780232625023,-0.14899719112247223
train:1981,1.4666498509637034,-0.21859997371639894
train:1982,-18.098495021329704,-6.388401318592361
train:1983,5.600667669081984,0.15223595967316705
train:1984,0.8614076291537349,-0.17348634576813715
train:1985,1.6719123367705966,0.12927127844322842
train:1986,-0.3311761352174908,-0.029540161863777586
train:1987,-0.07537815781315371,0.8561380916815367
train:1988,-8.129164472674749,-4.850939492079864
train:1989,0.5836349093820611,0.34662301149304003
train:1990,-2.3857083131476795,-2.6132333567275556
train:1991,-0.5527211584627132,-0.1162151635911467
train:1992,-7.156443431264053,-1.4201107860405522
train:1993,-0.3403661392875442,0.0047744707494446065
train:1994,7.069350918811562,1.1107357090077679
train:1995,1.4574175394939242,0.4770610712803422
train:1996,10.654965809276424,18.210994182683237
train:1997,14.955099215710497,16.55551135062557
train:1998,1.3193945295123766,0.06235765211791863
train:1999,1.2509909028198574,0.7396128847292793
train:2000,-4.044120491695909,-7.93395030110249
train:2001,-3.95362821809833,-2.296836788436357
train:2002,0.2646035252357306,0.3727591851902266
train:2003,-25.100791820071805,-12.040577530222189
train:2004,1.809152892315462,7.501651465797455
train:2005,-0.29591431229569,-4.68552371223443
train:2006,13.32928442373432,16.539160139225896
train:2007,-1.7276941190108204,0.0823912243454698
train:2008,16.53664837974526,4.1738986188470655
train:2009,0.8796697809660349,-0.30957206170196494
train:2010,15.45131201401237,5.997462705324324
train:2011,-6.161625374451651,-3.900129731047837
train:2012,14.351974223552727,2.0782789410798768
train:2013,-0.8441856685851268,-5.031147485993221
train:2014,-0.4871051709872749,-1.1528360438155496
train:2015,0.798306607379564,-0.10019578123555009
train:2016,0.7767959678888869,1.7838184695784722
train:2017,-3.811033684364021,0.047464148874890984
train:2018,5.3320551987256115,4.840759156858945
train:2019,-4.983794804756148,-2.086326782512823
train:2020,-0.17536123644366963,-0.8810875299191576
train:2021,-3.9443363973190473,-0.22831118037514125
train:2022,-0.15907567704821757,-0.351587096856892
train:2023,1.6736729754822521,-0.5241006799825638
train:2024,-0.20035863330898035,0.09802000140326943
train:2025,-2.5710275091487835,-4.593344856457023
train:2026,-1.6933130803613277,0.21262856037309324
train:2027,0.35338502241418757,0.7613610972322951
train:2028,9.009003396701278,0.6404991443166594
train:2029,-3.3874180594087817,-0.6909975643574815
train:2030,-0.1393897185143848,-0.3027846883442998
train:2031,-1.3611572201995878,-0.3009221088088588
train:2032,-31.748093271631102,-14.142063705818453
train:2033,3.062413371473289,-0.1741591341481264
train:2034,1.1112374736978872,0.6207046002762737
train:2035,0.8776580873549092,1.5398196944708418
train:2036,-0.3810946826453102,0.027780523614285027
train:2037,-3.483030458206112,-0.021259272486157485
train:2038,-1.6575382221032946,0.10725671820793109
train:2039,-0.09717274504429649,0.1450210318679133
train:2040,-2.533063824100554,0.2557897324756101
train:2041,4.562104225869848,0.3336043566151139
train:2042,-2.1401536080999697,-0.3838442752682047
train:2043,5.175070570086851,0.16615837078248247
train:2044,3.025606631086785,1.4085206766951524
train:2045,0.8462945891221051,-0.10792671319059627
train:2046,-1.7621174650600384,0.06651592940797946
train:2047,-10.935896879776951,-11.988367097619358
train:2048,-1.076266164194971,0.326798437352148
train:2049,0.6021660153783306,4.166547592629066
train:2050,-4.3251773814858385,-3.1603190171960462
train:2051,15.594059970185244,8.629246502589169
train:2052,-2.4400379881424876,-8.283508660001251
train:2053,2.733310850297236,0.09432893826597892
train:2054,-0.8523298430322943,-0.13041847383536434
train:2055,0.17780838372021207,-0.09741903122958934
train:2056,-2.224899281540322,-0.6840599691668796
train:2057,-4.208901769712663,-0.8615148947687363
train:2058,-19.342680330788163,-7.252700423150146
train:2059,3.0686153573231656,-0.1658979319622872
train:2060,-0.11695424391487208,0.13854879623955185
train:2061,-0.2272627688899438,-0.4880184799333647
train:2062,27.852001403413425,12.303237706067854
train:2063,6.6839091211537385,0.7087015683995652
train:2064,2.318303618894944,7.600694589109121
train:2065,-1.6367290253525724,0.06548306514353455
train:2066,4.536005674320472,6.486242036778419
train:2067,6.114044254010975,4.378378637653258
train:2068,-4.020274925411038,-0.3183720937671976
train:2069,0.6339349207821312,2.1687067780752693
train:2070,12.880102576599876,10.7258405536887
train:2071,9.1743314164991,0.5890525176906023
train:2072,-9.551596901091175,-1.1568331143903035
train:2073,-11.774741966212163,-3.747073513138101
train:2074,-2.2739793520955587,-1.833188585272955
train:2075,2.9963729152511536,5.509948489933365
train:2076,4.7405675309912505,0.4485153565021509
train:2077,-4.449611812575317,-0.050220843525516895
train:2078,-2.979717455414035,-0.10347812115217281
train:2079,4.625617861020462,1.7889066100281537
train:2080,-1.1610204385902123,-0.7138475462961751
train:2081,-0.3192754356078792,0.032127969138414085
train:2082,2.764252204365746,-0.26563153359438413
train:2083,-2.5576483751311803,-0.7030215880680444
train:2084,-8.142046378516456,-1.512000325695268
train:2085,3.099727568198259,0.9183322130902212
train:2086,2.9350216066513464,0.3737436874400794
train:2087,-2.364913528807853,-0.4770962256584798
train:2088,1.5430421375406627,-0.18112240828452925
train:2089,8.845204022291341,17.950300383623823
train:2090,-2.762162577862708,-0.09849811759647625
train:2091,19.009628403491686,15.722962265299522
train:2092,8.345959968536604,2.698277970899298
train:2093,2.472781185412605,2.681811204243522
train:2094,-6.047581826701358,-3.374416657169616
train:2095,-1.412448201077845,-0.037009739214892395
train:2096,-3.1218870554851663,-0.5384035674721657
train:2097,-1.2308153278506295,-3.1506240738696443
train:2098,-1.31338542462048,-2.485903733329479
train:2099,0.7591194946128975,0.2498150977525503
train:2100,2.56654879561531,1.331365430819497
train:2101,-2.4507712824695624,-3.2394438382146467
train:2102,-12.043500885259894,-13.480988348973947
train:2103,3.0843220957003945,-0.2678399229332802
train:2104,-0.8225905305241187,-0.07017652295080468
train:2105,0.8140696006509336,-0.024632629999564185
train:2106,7.896483829270005,3.762286802098287
train:2107,0.5846191375712806,-2.795944477213281
train:2108,14.7482727508632,21.52572152703682
train:2109,0.9776467449831912,4.689174057221993
train:2110,-9.904561493087156,-10.012275208872627
train:2111,-4.236954365229583,-0.3403681080971941
train:2112,-0.8150979365243727,-2.0289911176497095
train:2113,1.9510407529994098,-0.2551098708739966
train:2114,-1.642128332898865,0.391511092700682
train:2115,2.4343130659830328,2.1267348264849644
train:2116,-2.149961951089089,-4.528484975152562
train:2117,1.329174977512666,3.8165695256272674
train:2118,0.4714886857886911,0.9144484151986123
train:2119,0.17112451193829661,1.4369703807482095
train:2120,-3.4375393104220993,-0.05375112792993042
train:2121,-0.6932761035970664,-0.27127548055984957
train:2122,0.4765162926088235,-0.16156789105697889
train:2123,0.08061178201557591,-0.09821308129808387
train:2124,0.9186172292870034,2.1951369757018786
train:2125,-1.8419273526851572,-0.00336732433841945
train:2126,15.260688818343477,6.1797666718582915
train:2127,-1.879945432961605,0.11570594734135851
train:2128,-6.251760127275725,-3.231082488140183
train:2129,-3.2887781244904315,0.04413587217744625
train:2130,-15.47547157199839,-7.338544568320039
train:2131,0.29534577882146595,0.489289527931644
train:2132,-8.422690422471701,-1.7221902007611483
train:2133,-2.2817030095861135,-4.046733685842613
train:2134,2.1956402871379317,-0.009532839225267556
train:2135,-30.940157692485485,-13.170342723255718
train:2136,3.890116269536825,1.8734787914160311
train:2137,1.2609201240939067,-0.03378717417766228
train:2138,4.501835707753126,11.327602110878548
train:2139,3.627156253750378,0.15809846299956198
train:2140,0.8364634652254415,-0.2604743453126599
train:2141,1.2481948951061272,-0.08702818847197749
train:2142,-0.7366137582434011,-0.22997089623875344
train:2143,-3.6635691504964694,0.18057638554575944
train:2144,0.6333114677817799,0.5321210822326415
train:2145,-12.695228246289185,-4.6945615598699435
train:2146,10.727898187405499,14.945297646799066
train:2147,-0.2718844066263008,-0.019073708876862452
train:2148,-3.92859386037282,-12.381605343325818
train:2149,1.5175393764610479,-0.13886156855396148
train:2150,-0.1977822986322868,-2.063008587795689
train:2151,1.5595476024313917,-0.17179210598850347
train:2152,-2.9492565925281227,0.02233615912201828
train:2153,-1.2532663771522392,-5.856060223481252
train:2154,-7.90414117678066,-1.4035102035449902
train:2155,1.3621366261471906,-0.17752421733455276
train:2156,-0.5388882659601415,-0.15157963710520453
train:2157,2.328472504614691,-0.8823275376797315
train:2158,10.379205248032358,1.142793875589122
train:2159,-1.7595362487602997,0.11356147004534525
train:2160,-10.178224351171206,-5.315124670532129
train:2161,-0.1568450077747761,-1.9332494508032063
train:2162,0.12083705328320007,-0.0593691106279747
train:2163,24.302289688155213,7.236876996928621
train:2164,2.259167869782962,-0.04508904886797374
train:2165,-0.8724518932248365,0.09263155994852511
train:2166,-9.687315320078882,-9.325507781432483
train:2167,-0.690348756977595,-1.5940365685244755
train:2168,1.560004150415243,0.9412426118819524
train:2169,-0.23346742800958337,0.12494209350278015
train:2170,-1.954045681289697,-4.484263833231699
train:2171,-1.8570943230285248,-0.07764253378166935
train:2172,1.582298755321164,-0.10632477495503662
train:2173,-0.5514066071140981,-0.3058528943851032
train:2174,-1.953441987239767,0.36260330478669495
train:2175,-7.826063103045407,-2.808171079274053
train:2176,-22.305152320194345,-10.264508651255436
train:2177,-1.0590740176625428,-0.057466300744111964
train:2178,14.544172556257557,9.11517147655666
train:2179,6.411493169070392,0.9767127257258199
train:2180,-14.698540343104392,-9.616894768443114
train:2181,14.66752419686395,2.834946456242001
train:2182,0.03226441983360798,-0.09538697065186097
train:2183,-0.5671503063515267,-0.05602228802522918
train:2184,13.289813014539828,9.43807109521118
train:2185,-1.2672715212108363,0.13579458664157207
train:2186,-4.762483402042377,-0.837196362451839
train:2187,2.1303729870228687,-0.17822325530358313
train:2188,1.4660640561982725,-0.03894835696206672
train:2189,2.276154988147489,0.06215992423525003
train:2190,-6.336910510512353,-0.705477065929871
train:2191,-1.33459235742027,0.33949196824406996
train:2192,4.570464818938688,-0.08415114791658238
train:2193,-15.275789943623426,-4.964487225266482
train:2194,-2.1558238505334795,-2.216233145461232
train:2195,0.4850563434391372,-0.15474214194142205
train:2196,9.025258736525497,4.946335003982416
train:2197,0.6670439479409744,0.25950376400331165
train:2198,0.8960118277138678,-0.2646831245294629
train:2199,-3.7259065469514185,-1.814765368268754
train:2200,-7.364019341477918,-1.8026954077773691
train:2201,-1.179587808071961,-1.9957611351749645
train:2202,3.857250858613764,0.058022618084260125
train:2203,0.12560639899841447,0.5159589677366337
train:2204,11.515046420874977,7.691739576768601
train:2205,-2.6896593176451353,-0.1640867103184484
train:2206,-4.145270975608962,-0.013629487045405703
train:2207,-1.9542116564732357,-0.7508058263796222
train:2208,4.41655747248436,-0.08986128949789068
train:2209,-2.6317304917165325,-2.823697425870268
train:2210,-34.930941251792284,-12.449641995547497
train:2211,-0.00015060324896812305,0.22815519229092843
train:2212,-5.046475774490186,-3.448204251964265
train:2213,-1.9629488318912816,0.20910312643621992
train:2214,-8.388102495988386,-8.341579028035897
train:2215,7.236345199275498,0.35747949913451216
train:2216,-0.9286305410625951,-2.178387800461166
train:2217,3.251892872600151,10.541599253354848
train:2218,1.2965992095569567,0.5190505701502781
train:2219,-0.20783983685495416,-3.3552225011481416
train:2220,-0.7993598162847099,0.004681027918890537
train:2221,-15.937758484885183,-6.204218223868992
train:2222,-0.1827428316336962,-1.4307258915914938
train:2223,-1.0126018961046737,0.07178353715664852
train:2224,-16.41956631095523,-8.60315161768495
train:2225,24.82403198023433,8.424899158336283
train:2226,0.7381615245884154,-0.0729044829597433
train:2227,0.7935144807568052,-3.2941825056924072
train:2228,-0.3236556462289147,-0.442883310202792
train:2229,0.03713395505037023,-0.1994657352351269
train:2230,7.7904112745778935,14.145421310823883
train:2231,13.255792286162722,9.122589838676982
train:2232,-1.3815686809012417,0.0803009581572589
train:2233,6.736703177013453,8.906354283804658
train:2234,-1.5305806892741396,0.1709036973057188
train:2235,-0.8316722090542156,0.08185852888090664
train:2236,-3.6981389452370452,-0.1101072836715411
train:2237,-0.1387971824599869,0.26904720154948664
train:2238,-1.6317851034989301,0.4779939303169728
train:2239,1.0096336962163464,-0.07716404942490854
train:2240,-0.8061396933198487,-4.513003994693928
train:2241,3.3401609857550154,2.927856020688261
train:2242,3.52616802568902,-0.17020200860017431
train:2243,-0.14564284517711656,0.3817994580595097
train:2244,-0.7645196726107231,-0.16869294255192874
train:2245,-1.5112380715611562,0.020002513591936805
train:2246,4.541182054414364,8.011904102373684
train:2247,-12.571986325972189,-7.30155547350163
train:2248,-1.6431374341197915,0.23264472798182365
train:2249,2.0351329863264187,-0.3126613815426493
train:2250,5.874059480857902,3.697850908721165
train:2251,-1.5776590619225814,-0.06594491800440067
train:2252,-10.909841100543781,-3.833489728156119
train:2253,4.845457803073449,3.088722917945837
train:2254,-2.480534538176484,-1.1467621171687254
train:2255,-3.15582316906282,-0.6516357349470496
train:2256,-1.1095937020996494,0.25731534717781646
train:2257,-3.443357740175563,0.39559818224654975
train:2258,-6.299339214973665,-0.4215900430228861
train:2259,2.550548694938885,-0.28006224516975164
train:2260,2.210238199709167,0.06104231944966144
train:2261,29.72867397027214,10.122542824896705
train:2262,1.6542320279336433,-3.140952241594464
train:2263,12.498573516041946,6.948514989733361
train:2264,2.4069538933967793,0.2498952731277738
train:2265,10.41066893576671,2.192573075624447
train:2266,1.654861757306481,0.2631411866760398
train:2267,10.323275795428147,4.392869552090448
train:2268,3.5596750213551713,1.016200524631487
train:2269,0.061149680767104156,0.5867221533591509
train:2270,-1.6255914861457024,0.49089160882801364
train:2271,-0.9315269707361132,0.03287208792340644
train:2272,-2.0865575713113915,0.4633549339589962
train:2273,-0.7961911780118587,-1.0681599340275825
train:2274,2.2829725234175484,0.3734632162876072
train:2275,2.0485504759536632,0.010009979815862269
train:2276,-1.6198795222662734,-6.903053043905941
train:2277,-0.6140011023827636,-0.13653805194139046
train:2278,3.806211165093218,2.488534624168737
train:2279,0.25040834656572897,-0.0548383459629877
train:2280,5.917030316401122,9.75357061232906
train:2281,1.1395997035908203,-0.0586719272494744
train:2282,-1.4404519803643123,0.07579601509888301
train:2283,1.1184618108883844,-0.020909182858402264
train:2284,0.04371624258129633,-0.09041752399610486
train:2285,10.6174526282978,11.161762913749017
train:2286,0.5351311028044048,0.07389306255421026
train:2287,-2.447315325811762,-4.419413367540699
train:2288,-19.457051644657206,-16.54972622927707
train:2289,-9.099352184183195,-9.034851217769084
train:2290,2.2112568317179435,-0.37268420542303937
train:2291,-1.2273365902852844,-3.224522373452858
train:2292,-2.9648168822139938,-8.67510345317644
train:2293,2.109336446113182,-0.1699574879718237
train:2294,-0.424933052341144,-0.3532372544462337
train:2295,17.76104126479585,4.724509427930809
train:2296,-4.389381882526478,0.3296905999534038
train:2297,1.1957760268461763,-0.31011288883269844
train:2298,-2.8087100158904184,-0.026952009448645037
train:2299,0.02471208406611758,0.3023941658884367
train:2300,0.415829814576132,-0.2649755791899756
train:2301,-1.554392781572414,0.1757992456618917
train:2302,-7.5056384804361365,-3.837762704737425
train:2303,5.961104398752569,0.23948160464056095
train:2304,-1.0733223130404417,1.922848847291638
train:2305,-0.1711439790490496,0.6616026726192572
train:2306,-1.1308199289333802,0.036573137317397385
train:2307,1.7600219134056103,1.2226551117089748
train:2308,-9.509547994928788,-7.464837618272611
train:2309,-0.2683264008010305,-0.10974920503842553
train:2310,-0.8026925700751777,-0.04938228328430044
train:2311,-18.68587050279404,-11.756789799238968
train:2312,0.8327441333814375,0.042538356426996785
train:2313,-23.99298883033521,-8.692631901580281
train:2314,2.0254999168504484,0.11626574835982285
train:2315,0.634586966146033,-0.15252233973772553
train:2316,-7.312138381585906,-13.948437606759153
train:2317,0.050289929157333185,0.15935644602219667
train:2318,1.8248122092116796,0.6648055504647064
train:2319,-17.16387713991139,-4.820547603759382
train:2320,5.325345059162548,4.518280672915561
train:2321,0.800999403634623,0.3352706348759864
train:2322,-7.9928119076076385,-1.9200790048234335
train:2323,-2.1020081407078646,-6.68548332513844
train:2324,0.2545212302104766,-0.1855925421052636
train:2325,-1.4188886890822183,0.22871271073643268
train:2326,-0.9056794740862074,0.30830203535241363
train:2327,-0.2470966870936958,-0.11376681876982023
train:2328,-22.609285804410398,-7.0721620268008145
train:2329,0.2459928022921754,2.2749742448056502
train:2330,-1.3599916745829734,-0.5701073646014645
train:2331,-0.2761684957649928,-0.40781714044245715
train:2332,-2.1128241901684683,-8.690822391866163
train:2333,-6.768895561949562,-11.171622547469042
train:2334,-3.036416809709954,-10.293173202488362
train:2335,0.10984131360288271,-0.1485298343088919
train:2336,-3.2777865690584385,-2.69635268042633
train:2337,-0.5190714334370479,-0.16625330004001265
train:2338,-0.44577479324550096,-0.5814450471550874
train:2339,6.794631770483815,4.843998127889325
train:2340,15.467513423524851,5.98311159848094
train:2341,-1.4495483037635446,-5.869784193403849
train:2342,7.071830318402071,6.56122512916092
train:2343,-7.700182316785091,-2.0501628378194905
train:2344,2.6367704782048267,0.22426411869800922
train:2345,-1.6130540834160456,-7.305251529767271
train:2346,6.401029758760247,5.3362372693076905
train:2347,-1.3118802575148591,0.1950424770020085
train:2348,-0.08481689220027488,-0.22652820557168374
train:2349,-1.1650368520652563,0.18608337813361892
train:2350,-30.742995911434832,-11.94082909186585
train:2351,-0.3078956749146684,-0.08757486469592127
train:2352,1.1309578360512769,-0.27057358937461906
train:2353,0.2509699656741735,0.07749539066767691
train:2354,-7.818687667998747,-1.738948566112577
train:2355,-1.17072510520418,0.06290661091482251
train:2356,1.4913462144078897,0.1834684054862052
train:2357,1.5027069135254,-0.23807089170928564
train:2358,0.8693255055040189,2.8819089682879433
train:2359,2.44849464584598,3.228040899851975
train:2360,4.128654222602581,8.185510324643193
train:2361,-3.9017095999713978,0.019585373383478655
train:2362,-0.09173996351140787,-0.08521525489841864
train:2363,-0.2512983697862191,0.3811780275711227
train:2364,0.38170076065907066,-0.2081820254048859
train:2365,-10.205633967195594,-1.5609946129973187
train:2366,0.5804288453325297,0.5772246525937978
train:2367,21.66242696390017,9.273742390737995
train:2368,-2.2672789757785856,-1.8044515623485455
train:2369,-3.1238759681887474,0.1433838564122821
train:2370,-33.9158351696038,-13.143742759265201
train:2371,-0.4405163553928001,0.11045232035207006
train:2372,0.3187289856664789,0.28113670657184237
train:2373,-6.151517160332609,-0.044781186839980364
train:2374,9.111299899738764,5.819051096330566
train:2375,0.18065227783143364,0.07191578372752427
train:2376,3.436991930647738,3.0832635740685195
train:2377,-13.568927191434557,-13.347074358550843
train:2378,-0.32612202815796987,-0.0186243273253429
train:2379,2.299229025532969,1.0944472683644997
train:2380,-0.8757820899746617,0.27584727171924234
train:2381,-10.875762722523096,-0.4785099942856413
train:2382,-2.4384179866661837,-0.4884102265176418
train:2383,10.779859112932158,17.27673022239573
train:2384,-0.5818019167762598,0.007841820825387993
train:2385,0.3118963406108033,-0.7911209153225154
train:2386,-1.94729555890931,0.29829009970617826
train:2387,0.5517960340479453,0.2645628016477516
train:2388,5.281581076103594,0.4993742205909825
train:2389,-10.494014221386367,-6.679142337455285
train:2390,3.568083035905023,-0.09871924185198588
train:2391,11.180641294780576,8.696726777651824
train:2392,-0.7007291796959699,-0.06811807012322516
train:2393,-9.22238954124877,-11.015921398141792
train:2394,9.99368534440581,3.423120997886858
train:2395,-1.9186497299632719,-4.826358463872555
train:2396,6.41617394819607,7.295388472187805
train:2397,2.3226429168656955,0.010310994124975353
train:2398,-15.04497192871638,-9.99074141556705
train:2399,1.1200197460145416,-0.2078758753066126
train:2400,10.613679366142058,10.86588211122319
train:2401,-1.7947115972167271,-0.2520313932548727
train:2402,0.016206204597120633,0.02219035977419194
train:2403,2.907930923332582,0.04634269224743222
train:2404,-23.010867642605277,-14.27997219892173
train:2405,-6.8515260978618775,-1.1938801294975745
train:2406,4.813211660902415,0.6775087822917087
train:2407,0.17346769100001913,-0.12791934176567565
train:2408,0.38977403534296184,0.20048270433078508
train:2409,30.683988073736415,11.224783611890876
train:2410,0.11612396246212625,-0.4293225442468423
train:2411,5.0169389924906955,6.184283313103088
train:2412,-0.012732289273392844,0.024992218082713777
train:2413,-0.47189263882881793,-2.8329098903372283
train:2414,0.0513645836020101,0.24699440821710766
train:2415,-1.741075810069066,-3.67000414907007
train:2416,8.891448334773765,8.726172539480343
train:2417,0.6383495352227236,0.13064681397330824
train:2418,6.802536280485286,2.550735878617922
train:2419,-14.911578092131176,-7.1465037161815275
train:2420,2.8148881179229774,0.485931863107338
train:2421,-0.3594865269228481,-0.05920390940998754
train:2422,2.869704095556389,2.950518546322607
train:2423,0.217584778125913,-0.06677406263215671
train:2424,-1.884973737156458,-2.740800653035103
train:2425,0.7466060350819863,0.38749476291657736
train:2426,0.8492807476763599,0.42641833831867
train:2427,-0.6594394821462398,0.04186585336862754
train:2428,-9.49740995545588,-3.316052693187978
train:2429,-1.6597096145254722,-3.811358756699857
train:2430,-3.0418530781164463,0.10116709887200628
train:2431,3.8483960593261517,2.7592551955986298
train:2432,9.101192615452684,17.79409478567239
train:2433,3.111948362804695,-0.5737185376851515
train:2434,0.3827747177290268,-0.0580808835136187
train:2435,-0.34547743107416673,-0.3345290011436402
train:2436,-14.319464181897581,-5.047666466505459
train:2437,-3.4771195100730288,-3.0966463591524573
train:2438,-0.7470660105580135,0.194478681480864
train:2439,3.320579633429295,0.7019194734918703
train:2440,-1.388707473459327,-5.695755124493481
train:2441,-8.481552568234909,-0.2820278258100171
train:2442,17.05306086929192,5.80603072952292
train:2443,-12.824147726666052,-12.280522741074304
train:2444,2.0211501582588856,0.18904758444392783
train:2445,1.2224031884338817,0.022209191001112766
train:2446,-15.21838763560899,-22.079027543962074
train:2447,-17.08968576795312,-12.23720521272402
train:2448,1.1267031528799767,3.363460532463884
train:2449,-0.3118118988881644,0.14589126280895115
train:2450,-0.6614467590508007,0.055288666321301236
train:2451,-1.4130477108794501,0.1182558666594094
train:2452,1.051542662518103,-0.3345364195057605
train:2453,-1.119409716210697,-0.25270560824296207
train:2454,-11.470640096316785,-13.209055160659
train:2455,3.0358950003420206,-0.20339204604811761
train:2456,-1.5764198270438072,-1.141252271364666
train:2457,10.575762637658359,0.8974124319109114
train:2458,16.1708465138897,13.452530310775032
train:2459,3.5008498364521636,2.481645818975158
train:2460,17.504634246802055,9.744202932900814
train:2461,-34.82140692898637,-12.612114397560882
train:2462,-0.04375616601719132,0.25773776583624486
train:2463,11.347981473106005,11.939987903911177
train:2464,-12.385826328516101,-14.231937733549401
train:2465,-2.071329696909078,0.08958361174274257
train:2466,-11.993782716835169,-5.6336309068817
train:2467,0.37693629656690153,-0.1535660462237309
train:2468,-7.57948023520107,-5.992621998538071
train:2469,-5.288880437924265,-5.443993033426933
train:2470,-0.8433497487531869,-2.060248957086929
train:2471,2.5952020632250363,-0.26744617909766305
train:2472,-0.19202895718609314,-5.692213712545887
train:2473,7.00622083975736,0.05252803698687119
train:2474,-1.3906301355644368,0.24623060224033444
train:2475,-12.785005478339754,-3.298525100748996
train:2476,-17.297607576028476,-7.5297488574686735
train:2477,3.8972350706862486,2.3160480039361566
train:2478,-1.7868201048767118,-0.906644215406099
train:2479,2.320330422291686,1.5380792325887662
train:2480,0.9617833297520335,0.5297554806811187
train:2481,-5.804611359910511,0.07539827676058572
train:2482,0.890646691528892,0.3850999158990032
train:2483,-9.85954084078141,-1.6986691423721854
train:2484,0.30415362154454795,0.07711220373200024
train:2485,2.9732200745222284,-0.027607107888193524
train:2486,-1.8717043234282529,-0.9308132391941097
train:2487,1.7088764513857502,-0.04838194568453694
train:2488,10.358951626475834,4.1863340763336865
train:2489,-3.878690190272376,0.1551262676838927
train:2490,-9.529308805015981,-17.12183830500171
train:2491,3.713664193110067,0.26040609362660083
train:2492,3.2816452027697807,2.67441024674202
train:2493,-0.2180160450092693,-0.09744927532131065
train:2494,7.011209858509611,1.9776602717825016
train:2495,-6.368109660769299,-8.65210824253316
train:2496,11.585323196067433,1.6468726516211172
train:2497,-3.0906297906681566,-2.566669438984771
train:2498,-13.133759786688321,-10.26228999033822
train:2499,1.5180317230138978,3.723447967217338
train:2500,1.1616860259134771,-0.2698294705896267
train:2501,-3.6906156667495864,-7.947346151162073
train:2502,-1.7344256447319868,0.5521891070458091
train:2503,6.336832696383296,0.6578412777026335
train:2504,1.5061956467950757,-0.25348510690883597
train:2505,-6.6130667156813265,-6.1182970418616955
train:2506,-10.443128182762626,-13.792956725722552
train:2507,-2.12848722639653,-3.3138531488193026
train:2508,3.571068497084557,2.1492030480960813
train:2509,-1.3960201447811196,0.486506786171663
train:2510,-4.82290255309878,-4.479371994056586
train:2511,1.9900223726816955,0.22219839016911938
train:2512,3.356522094078549,7.513120253635473
train:2513,-4.554920044573486,-2.4787527175671076
train:2514,-0.37712336606887487,-0.21245386069971167
train:2515,1.3670163895265235,-0.0643933390347732
train:2516,-0.6427023726191017,-0.2886967906953771
train:2517,5.3735968810077726,0.5341175489382733
train:2518,-1.4741951536025582,-0.057171991493069174
train:2519,-2.4527841383718894,0.15391735997990016
train:2520,5.052504173416024,10.024086322835783
train:2521,2.65385592640498,1.6860461687623407
train:2522,-4.655643270240959,0.2281061169722863
train:2523,-0.5124796151182714,-5.018382767357106
train:2524,-0.512484729199557,-0.1364541673851068
train:2525,-7.769425117724913,-3.10268890042108
train:2526,2.5885493408473144,0.5178583537610564
train:2527,1.8045274382509624,2.445989176122207
train:2528,1.3223813854413522,0.10450735907749154
train:2529,-1.112697484523471,-2.6756169316919287
train:2530,-1.1476554845252647,0.16199367375597135
train:2531,-5.933852097575404,-9.740530332826891
train:2532,0.540436264763396,0.20477522544306173
train:2533,0.2349986898195398,5.417089998057087
train:2534,1.1795985605324408,2.993037459458476
train:2535,-9.894500700449125,-15.637825777566137
train:2536,1.7838481856565402,6.019580837307686
train:2537,0.16649034068978774,0.20750575334658047
train:2538,0.08942264669578118,0.3351321112294704
train:2539,-1.0377041316363376,-0.29606279629842747
train:2540,-5.815762846611795,-12.209906781407712
train:2541,0.5931217626249141,0.10853139254533653
train:2542,2.9967276465257755,8.727648793542288
train:2543,-1.3877067407350498,0.1712717621955348
train:2544,17.02193564075537,16.44972550678977
train:2545,-0.8829169307426626,0.023478301566927942
train:2546,-17.329930429418795,-11.374325297904177
train:2547,-4.538048690412603,0.13911630094175653
train:2548,-2.714528630020068,-0.036269472271770214
train:2549,-25.706388308239916,-8.713839857595804
train:2550,-10.236039505020326,-2.6332386821147256
train:2551,2.285160885291264,0.03713750348178192
train:2552,-1.3592891857809368,0.7602820108654083
train:2553,0.7152185936504364,0.21932677072450452
train:2554,4.955642079119107,-0.15921712622969664
train:2555,-7.324028155658225,-0.6370800525021167
train:2556,-0.4545690371615284,0.18373346927119671
train:2557,-0.807774804581769,0.06229916118581609
train:2558,1.2453203165071929,-0.08588233684600766
train:2559,-1.7909739011717436,-2.482001104210949
train:2560,-0.007705031140620794,-0.10245809636062847
train:2561,-5.03479381808465,-4.386664722638915
train:2562,-0.9408597041656804,-0.08291099749519845
train:2563,0.8098000401522573,-0.22037324758477606
train:2564,1.7712740545249237,3.323449311046304
train:2565,0.8644393495230787,-0.10083661359409796
train:2566,-0.4676821227231651,-3.653836970115307
train:2567,-4.122822018431514,-5.067632132187447
train:2568,-0.03583445410594327,-0.17909291560138096
train:2569,-0.3615031021570191,-0.15841251926126165
train:2570,1.1462136054424201,-0.03288812575300318
train:2571,1.4173059403057824,-0.09983912921053456
train:2572,-1.0035976261685802,0.06959954281626356
train:2573,2.1331510954520994,0.919779649668544
train:2574,8.279874880332342,10.344874561502214
train:2575,0.7163499679057344,0.277701148945273
train:2576,-1.2642604896248746,1.0156194671523318
train:2577,0.2521708449433063,0.43116808732701656
train:2578,25.22393268043572,12.384036223709447
train:2579,0.7807822780218184,-0.28319564720072793
train:2580,0.7120773854499347,0.07843067493807758
train:2581,1.6871595052068509,0.046381923970183925
train:2582,-1.559355765001757,0.0377945991726705
train:2583,0.11541845170296673,-0.11224206003247392
train:2584,-1.8785792758836544,0.48619093513830924
train:2585,3.117905337669348,-0.2213033960660165
train:2586,-15.680594582861135,-11.053566732686228
train:2587,11.010967235723035,7.925923002826185
train:2588,-0.2368927001796708,0.011699939771195753
train:2589,-0.7217313167860996,0.06765878515693916
train:2590,-0.6520256914899386,2.5115677825874787
train:2591,-32.91806861247206,-14.375723852024935
train:2592,-0.4419899081777464,-0.29030215279037697
train:2593,-4.663183750638196,-1.2955068400784537
train:2594,3.6172086682753486,0.4475887745411606
train:2595,-3.0547201066307785,-2.365291436831354
train:2596,-0.8437897922019806,0.3526838133453436
train:2597,-5.201339919061384,-3.6066433475571547
train:2598,2.1268558938478823,0.025375690340010457
train:2599,1.3737200202588604,4.176002865794657
train:2600,-0.1857092312375297,-0.20972832592454316
train:2601,-21.982518879386216,-7.946421709113233
train:2602,13.34023785601491,3.825410786666592
train:2603,0.3735542616295006,0.09918611086426014
train:2604,-17.463513951928043,-8.408435019393963
train:2605,-1.8567958466480432,-0.5824336865684305
train:2606,5.319167713886138,0.7493724534026138
train:2607,0.6582898030713902,0.29559823288217124
train:2608,1.4311829998740015,-0.043665151323301815
train:2609,-1.2497353364828379,-1.2097288895244036
train:2610,-0.3643639657197789,-0.1469614213636837
train:2611,-0.8008189566587607,0.23341538167747716
train:2612,-1.7857965912448899,-7.347717087760198
train:2613,13.949252410147661,15.785989811160263
train:2614,-0.980403640331131,-0.01640138658382624
train:2615,0.16780686793344501,0.014889978143744473
train:2616,-13.13635959964728,-6.929306627449763
train:2617,4.5735434958725625,0.05827641166526116
train:2618,1.5513064928980396,8.13899434093257
train:2619,1.3576194976226477,6.067924591316109
train:2620,-7.930003550757943,-4.052524573442384
train:2621,-4.7279735815277855,-1.5816293578782359
train:2622,-6.773068652278535,-4.8845446724849255
train:2623,-0.0880582899023244,0.1501214411472551
train:2624,2.6694334180006294,0.7009831905957995
train:2625,-4.300433596560641,-0.2745786489547332
train:2626,10.055853976178335,1.0861598165896191
train:2627,-0.9600184474106256,-0.10885543506373666
train:2628,0.7736663826003979,1.6917038111655667
train:2629,-1.5116948520032478,0.1686057169781389
train:2630,0.3450290785101521,-0.3178085835676731
train:2631,1.2190785706818223,1.1465022006844232
train:2632,-2.150324585943879,-4.620571101403466
train:2633,1.2241563884818492,0.08760048382284633
train:2634,-0.2391363871145662,-0.06438620599427289
train:2635,-14.794681351940053,-11.49835004097765
train:2636,0.07216773643848555,0.18165803980722647
train:2637,4.348194293525645,1.644202041257801
train:2638,-1.6860601508072794,0.05424068001099566
train:2639,-5.672227321920953,-12.98345021442871
train:2640,3.2209461719921157,0.0046504985055492165
train:2641,-4.903260577254409,-1.1070316522252377
train:2642,6.8230809397586025,1.1407195874116318
train:2643,24.14097482741707,9.465687945455421
train:2644,-0.4145248508630591,0.09209658191100185
train:2645,2.9718732114782185,0.4009572355744328
train:2646,-2.063641140612801,-3.7938080532096534
train:2647,-0.5392087096443264,-0.1850939425742919
train:2648,-0.9263543099740646,0.10968380656856663
train:2649,-4.663948538248619,-2.058085363242375
train:2650,-3.5199899236564605,-0.12353566039580502
train:2651,-0.46805382344932533,0.062110563594987886
train:2652,-12.615615948168278,-6.055737423457775
train:2653,0.050805289075967985,-0.041046041512397935
train:2654,-0.5905789587825087,-1.6022897817049544
train:2655,-0.5820980685743387,-0.2896279378022876
train:2656,1.3930210279468387,-0.14032555378624514
train:2657,0.5188704164406595,-0.19219574035721076
train:2658,33.49232723219523,13.216890032525665
train:2659,-23.71982622238418,-13.121545878514716
train:2660,-0.46291277700795075,-3.5157059261484203
train:2661,3.404768336926008,9.667647718392043
train:2662,0.0775914521000044,0.16205730047723413
train:2663,-0.4963564278036342,0.1711587748340099
train:2664,1.89273371751392,-0.3206880493568383
train:2665,-11.34944194884807,-7.037585040957992
train:2666,-1.0960188382437557,-5.462379158620533
train:2667,-1.8283527212875033,0.18252855606988433
train:2668,-3.5647711439747494,-2.595949428952064
train:2669,-0.5325142610124797,0.061296255691472484
train:2670,13.231886280735386,5.66345551600272
train:2671,13.681787818581643,1.288568971077761
train:2672,1.1294198923337813,0.050013497549701844
train:2673,0.7872325292722824,0.2935349295870515
train:2674,1.276558519748502,0.13730222608171763
train:2675,10.787892869715206,2.223939622598891
train:2676,1.2774864930435812,0.03182110573609074
train:2677,-0.8360961218244181,0.5450693340008296
train:2678,-1.8260118668081833,-0.05285807125929157
train:2679,9.572179045522601,-0.04657757175957847
train:2680,-13.102052482718188,-1.9783499539569473
train:2681,-0.14031036937489594,0.13255133578689104
train:2682,3.8586786171253813,0.10455529310965361
train:2683,18.638998844902606,5.8266788845199775
train:2684,36.99682303022589,20.152491395646706
train:2685,1.2434843613256965,0.1171496747386213
train:2686,0.9482540277112287,0.17690258436647968
train:2687,-1.3342869072925811,0.20395392715985602
train:2688,-3.3532597157534485,0.002701038536814443
train:2689,1.8316106829060388,-0.026394063020710776
train:2690,-0.7342842942178535,0.14734968426964457
train:2691,-1.516646677437059,0.16666552996205453
train:2692,-13.96613695504681,-5.688776157667978
train:2693,-0.37097484561425575,-0.1252393157888991
train:2694,-0.07210119400034593,0.15778232664458824
train:2695,1.6103369384271882,-0.05653444033315144
train:2696,-2.814828316773805,-9.127310259377344
train:2697,1.7835555207320652,0.4419733597376964
train:2698,-5.85318304429432,-0.21614877567887236
train:2699,-1.5558902775561063,0.4013822221274413
train:2700,0.5115256658817126,-0.01548208032414626
train:2701,-0.7079844338324205,0.009403956694955917
train:2702,0.35537742199137246,0.14778836626041364
train:2703,-0.40870537504751425,-0.5826202869079184
train:2704,-0.18802160958241904,0.0761132927403368
train:2705,-11.948494272636655,-8.629086782300838
train:2706,35.97112429094568,13.084933348415847
train:2707,27.073331386882355,15.432565344310335
train:2708,0.7201657699194423,-0.028695181886110838
train:2709,-0.352199193549243,-0.501314895408373
train:2710,-0.31917106185800687,0.10473447508702141
train:2711,1.8506051944042472,5.027818864155279
train:2712,-15.64294192693836,-7.162355044102937
train:2713,1.935203838007641,-0.013491391381319703
train:2714,-1.9353490650263692,0.39039305993266343
train:2715,-13.549729860121731,-13.849436711047248
train:2716,4.936010515813493,4.775823380003561
train:2717,4.949016554355494,6.034600738028379
train:2718,-0.2515956838754992,0.0973018468856982
train:2719,6.328914238887411,0.9407667667501767
train:2720,-0.2002196232813107,0.019557697186337458
train:2721,10.285145205363417,4.927042697323657
train:2722,3.2516413527842003,2.283755302983152
train:2723,-5.470128127847386,-2.4283206946218145
train:2724,-12.420641134241901,-11.958641149959986
train:2725,-4.447564320395193,-5.019888124224291
train:2726,1.3797385965571798,0.23599468912238933
train:2727,-0.46811263538410863,-0.10116259354496213
train:2728,-9.650964430301508,-10.51709589244706
train:2729,8.86170855734911,7.642652845261666
train:2730,1.2816651623703197,0.38553146484927203
train:2731,0.577509634751467,0.12899537243667641
train:2732,-0.8674412558562424,-0.12745540881153547
train:2733,1.5243859690111385,-0.16626799410344328
train:2734,12.074102909679064,4.561413312856077
train:2735,-4.389627358428181,-8.802879034266596
train:2736,-2.4418520922494005,0.628000916073636
train:2737,-0.5311540316196552,-0.16143207796585296
train:2738,-4.670147734599613,-0.010038999779169569
train:2739,0.12515054838928374,-3.3299715377770434
train:2740,-7.093115297789158,-0.5059416707984941
train:2741,5.557653131389597,4.617523236039617
train:2742,12.422507600834297,9.255232435961311
train:2743,-1.1820686024119116,-0.12121399837376406
train:2744,1.3768716890801733,-0.29518172313582913
train:2745,-9.288320277181507,-2.6204482845328094
train:2746,-0.1534622754626545,0.16041670116216278
train:2747,4.115615174990464,0.10609203535504044
train:2748,-4.6647119311096015,-8.385116254033589
train:2749,-1.4357993286857034,-0.09451445713786302
train:2750,-17.725615266975005,-13.740407331035147
train:2751,1.0712555862078048,0.31475265786805917
train:2752,-0.4942221124707765,-0.9300057790094747
train:2753,0.6666290099821277,0.11282534026571325
train:2754,6.108207692514772,0.9065878045672704
train:2755,-1.2053095448138915,0.10149978388094075
train:2756,6.017969263315546,3.120420723321115
train:2757,-2.3806707106232166,-10.12709433519802
train:2758,3.3109719019015125,4.1992368906338875
train:2759,-1.7126480269523823,0.2230219710252852
train:2760,1.377711793160438,4.231456549252169
train:2761,-0.5488308535830051,-0.1364615857472271
train:2762,2.8451723125462998,-0.18774586437149726
train:2763,-1.3748357604306336,0.7770146972710359
train:2764,-10.428503769952002,-9.433830134470194
train:2765,0.11286884972390199,-0.13836639288242994
train:2766,1.2505155257185456,-0.035614088510601716
train:2767,-0.12245188129679052,0.14613321554272166
train:2768,-13.73608512249963,-4.051217515101108
train:2769,-0.28703417505989015,-0.2488731682429554
train:2770,-3.58721359232147,0.1829274356946617
train:2771,0.47326652641012495,-0.35229797567315285
train:2772,0.692642249357332,0.576330169315059
train:2773,8.612535639791904,9.938070984693884
train:2774,8.098706226210906,9.851828530542454
train:2775,-12.170346838133728,-2.8405947428506426
train:2776,-3.669849707231551,0.29802446527794674
train:2777,-1.3860335063217284,0.15228246709722906
train:2778,-1.2851178052313283,0.15942449522856963
train:2779,-3.3027302680702517,-1.7700811493586108
train:2780,-0.6306423228857986,0.07432289957475895
train:2781,4.774176808283112,0.4431340480879069
train:2782,-0.44503185670966117,-0.16722667474668496
train:2783,-11.230590699772922,-0.5740636341845564
train:2784,-0.031939964977910684,-0.37963749330274177
train:2785,-2.375259547706671,-6.8824591000166855
train:2786,0.4759342171752369,-0.3397147215873657
train:2787,-2.0786007582058654,0.2022448506559817
train:2788,-3.6890642404541563,0.2407124821092945
train:2789,-0.5191597675683429,0.020176987762574386
train:2790,-0.7874426121400405,0.022813787513919048
train:2791,4.618418629319912,6.904772902812499
train:2792,-0.6498903300949999,-0.18892081880270833
train:2793,2.3344894537053285,-0.3301256325819887
train:2794,1.255539180748594,-0.11503250547619526
train:2795,-0.36561714809296797,0.43159178993273495
train:2796,-7.273637718002698,-1.7953515145998697
train:2797,-4.346328291849728,-0.09348330480313818
train:2798,-14.30106092793345,-14.182418454466529
train:2799,-6.175296708477249,-4.978106196832914
train:2800,-1.1765493464136498,0.0984194516712868
train:2801,6.805442938321375,4.575039417463009
train:2802,-12.28798558502773,-9.698491045334261
train:2803,8.435597725643023,0.7982389166188988
train:2804,1.1846203558965667,-0.23049531737633622
train:2805,10.571706706282473,14.539622802319505
train:2806,0.29626398887045446,0.11464226834195226
train:2807,0.9637287727646878,-0.1958561314203499
train:2808,2.552720784735784,0.30455347990869064
train:2809,-0.6824363433959569,-0.25153750153063126
train:2810,-1.0453589814877784,-0.35970264235571486
train:2811,6.01773076116105,3.50985705844091
train:2812,-6.26569878827761,-0.40858850744216074
train:2813,-0.43003086154983206,-0.06300496403179282
train:2814,38.12597498474707,13.14664270839213
train:2815,-0.4365745610128766,0.17334376780006494
train:2816,-23.980341242399675,-6.6197623431847825
train:2817,-7.52356937925608,-2.33921817655138
train:2818,-0.8989088953806786,-4.759627443384053
train:2819,-9.503284640103486,-4.01907660524995
train:2820,3.570395065562552,0.2912383758675716
train:2821,3.3392190649655213,-0.5053022650480463
train:2822,0.4804969075148688,0.15526322206149867
train:2823,-4.2825398910591375,-0.2249891807533368
train:2824,12.570023740431184,10.012558188100803
train:2825,-12.422078655999607,-7.788399183085561
train:2826,3.7344289903369012,0.9746738174292111
train:2827,-1.3424024893761977,0.0829983887528562
train:2828,-15.348588425806117,-5.611083651181839
train:2829,-11.64442401706195,-6.5229413046497715
train:2830,-5.4217507785524255,-2.338686622373297
train:2831,8.093019367821425,9.647630694818453
train:2832,0.3543892420120687,0.38798152160031857
train:2833,-3.9637355023844107,0.09815581449439534
train:2834,-1.516576010132023,0.17362823345521727
train:2835,-0.24503919920924083,-0.4646690424988394
train:2836,6.626136739620824,2.1476506131615936
train:2837,0.3706715469921572,-0.24413511742102934
train:2838,0.7382898415370336,-0.003526819124006389
train:2839,-1.3086607108873936,0.0187607939016428
train:2840,-26.196319155057267,-11.043990197832132
train:2841,-5.668122109398134,-2.728169179595534
train:2842,-0.43021729305851275,-0.18963811735541952
train:2843,-0.8207545753426222,0.17533331545641145
train:2844,0.5444550028208424,0.009690990244688405
train:2845,2.107670185447068,-0.23170850490462896
train:2846,5.115339960338068,5.986186224258194
train:2847,3.5640587188498105,9.610705512042928
train:2848,-6.00872736167649,-12.149282784873956
train:2849,3.0642767567271347,1.9217158351385688
train:2850,-11.592295721602312,-2.633654966358324
train:2851,-1.1926410356367332,-0.7389982191178388
train:2852,0.030229015481976776,-0.1297485386715752
train:2853,0.05317194641995579,0.03524182663841949
train:2854,-4.479531047761447,-0.21845017986589244
train:2855,3.456971716397247,-0.07179857636057521
train:2856,5.522559840691978,2.13675475113656
train:2857,-1.496213830577302,0.224810652261143
train:2858,0.16648487792114186,0.39045725729716624
train:2859,-3.288917134518101,-0.5796981655365614
train:2860,-0.33176146506644094,0.058848481513386036
train:2861,1.1453581591182993,-0.2647065209023039
train:2862,1.285422152449244,-0.3508208656463486
train:2863,-0.45829220456649655,-2.7659414822608763
train:2864,-37.803466779549,-12.994085863136293
train:2865,-3.7328426359240052,-3.1512917264604736
train:2866,4.4201103642283455,1.9561735565442273
train:2867,-4.461817264937897,-6.637213754751221
train:2868,-0.4875514908085553,-0.3501596327919699
train:2869,-0.2545360481564246,0.3435831949534279
train:2870,-0.514546866248817,0.10350331229666787
train:2871,1.86786696217963,6.437941651656239
train:2872,7.6490882874177535,1.4616324402956018
train:2873,-2.4013622835043718,-1.9532835936739974
train:2874,1.7412183663517675,-0.21841765320121104
train:2875,0.851549307642962,0.5103733690424608
train:2876,-0.709332691625872,-0.12930172501463577
train:2877,-28.77758938510779,-13.052477503315073
train:2878,5.886713577624164,2.1941503335398758
train:2879,2.2932181203565785,4.231804926950204
train:2880,2.295887670787612,2.3931772855443905
train:2881,-1.0825595061332662,-0.2846582058249115
train:2882,-0.6697341277739625,-0.12481589850480071
train:2883,2.888142218256559,1.182873431534695
train:2884,-0.054097303292964,-0.16293600822493837
train:2885,-2.830500651331477,-6.874888376151277
train:2886,-3.822401357228739,0.1253572364598982
train:2887,1.9461335595477274,3.075779873297214
train:2888,0.8248328820910007,0.5304387546306434
train:2889,0.2156470062351869,-0.29655426278889885
train:2890,0.9877282264046042,-0.18654608695934505
train:2891,-1.9620882714858752,1.6775042101024091
train:2892,0.7581461919609698,0.08867172384518292
train:2893,-4.829266794800351,-0.07373961934151962
train:2894,2.6336492614129865,-0.08664771209169095
train:2895,2.7230736218548555,-0.042225275767909215
train:2896,-1.0551157187475617,0.1225148624813346
train:2897,-1.3670860676171706,0.15704505557847614
train:2898,-8.102623320635935,-1.5331968688459898
train:2899,-1.3691953936892016,-1.1663049362098554
train:2900,0.03887320760392261,-0.23725159067742002
train:2901,6.255573199171977,5.404472505376898
train:2902,43.85884522847138,16.68640093187654
train:2903,-14.078994500855346,-3.18800833913177
train:2904,-2.1271447800590852,0.03324314869023258
train:2905,-3.6229033708635714,-6.88900209540681
train:2906,1.0752706049334073,-1.0216833247005215
train:2907,-1.5226415429948728,-2.317763417334547
train:2908,1.0452091053042447,-0.25899267013993543
train:2909,0.8679526071371009,2.9262567930080916
train:2910,-6.725858243349631,-3.4263100974526126
train:2911,2.9996015277499892,3.737180496788535
train:2912,5.432790977138057,6.44324235671283
train:2913,9.392847741332103,8.69134732382811
train:2914,-0.3174078661057087,0.029939980295348938
train:2915,2.3567466328345694,0.14160616005879478
train:2916,-5.959810244347668,-2.942102474315977
train:2917,1.760681862349681,3.5482944458025014
train:2918,1.4844938104017928,0.7137235142334035
train:2919,3.2460437583589745,-0.05543309887990355
train:2920,0.02295609451926718,-0.19226022304333357
train:2921,2.338851300125384,0.23078414569772274
train:2922,-2.5409478777768815,-0.14133773223323917
train:2923,0.710016410691876,0.546251278811731
train:2924,-2.2893383329453734,0.18952435687096852
train:2925,-15.075924208322181,-12.350165183373411
train:2926,-4.75136724899361,-0.4518826394196033
train:2927,-27.876865774783884,-8.070704953574436
train:2928,1.717418361881986,-0.03812349215861083
train:2929,0.9651516496532596,-0.19034114982713007
train:2930,6.994691375957428,4.652296237835389
train:2931,10.985904518092214,11.901531114679425
train:2932,-4.260149513358233,-2.5903682527430014
train:2933,-2.0006630892477224,0.5763411541974295
train:2934,2.0703280937332678,0.17738192468810052
train:2935,-1.6699261541844708,0.0456132675258705
train:2936,0.11071442675326265,-0.1707067425459763
train:2937,20.48152980509929,15.229610369563108
train:2938,12.659600128562177,3.314571814161238
train:2939,-8.174508706850922,-13.590382940659664
train:2940,1.0061426383642682,-0.14801796732258965
train:2941,-0.25500596248909047,0.04154001607857337
train:2942,-0.10938156805135979,0.06886555294878163
train:2943,9.043842378084063,15.566651668991925
train:2944,-0.11378862759914415,-0.450678867504771
train:2945,2.9605629557988427,0.045972487445466115
train:2946,-0.09902334509492872,-0.007901655523656625
train:2947,-14.955367645596558,-6.189144112040497
train:2948,-14.122586929732995,-1.4765014656981843
train:2949,-4.017468224618257,-0.10865842048511809
train:2950,-6.35438067710012,-0.41609931376736736
train:2951,-0.2313887864252656,-0.32612742072075485
train:2952,-14.277084255201078,-19.276934130425342
train:2953,5.262096891322298,9.893434129172663
train:2954,3.38936914080063,8.075594165036094
train:2955,0.713285238466275,0.16207327848795483
train:2956,-0.06029115310443192,-0.35923243232593444
train:2957,-1.7349337984451738,0.2576354780354704
train:2958,-9.330341288355065,-10.16755864734818
train:2959,0.7892604949602255,0.2195357688111636
train:2960,4.2880526976081,3.7700937722650663
train:2961,-0.09008648804850783,0.15382006530747594
train:2962,-13.963105699593948,-10.519529115222525
train:2963,0.8250651078730107,0.015921558460899335
train:2964,-11.816623502441571,-6.653183776466555
train:2965,1.1146704169899029,-0.2931613607445213
train:2966,-2.1487924536823897,-0.9628618475011934
train:2967,-0.8671088405726844,-0.06123454337961584
train:2968,12.876080119210586,2.521074984287912
train:2969,0.03994019092667127,-0.23965984781113475
train:2970,5.077501337823094,0.013884076772390744
train:2971,-5.291702480960903,-12.638607080622275
train:2972,3.5490309909923528,5.184155710051917
train:2973,-1.0170120938387015,0.05573904649849082
train:2974,21.177119246564917,9.030995892220599
train:2975,-13.266599442828769,-7.14286757745609
train:2976,-7.013719650748166,-7.918044191430038
train:2977,0.20660577543889366,-0.33773630147419964
train:2978,-1.5992093355432209,0.3547546776633937
train:2979,-7.6467778255864784,-8.396913161734622
train:2980,-1.6960040169504644,0.030633026510359075
train:2981,-1.8824136745565823,-0.1355111794309658
train:2982,-0.5129747511700046,-0.24938132604819752
train:2983,-2.110121398209079,0.03210671267772316
train:2984,2.6728858877848265,0.6077463622513852
train:2985,0.235181866912857,-0.2513728709558841
train:2986,0.14955796624083934,1.240873325129197
train:2987,-0.46891903301953675,-0.05464675249514936
train:2988,10.878406529470888,8.71894420155895
train:2989,-16.350368141997535,-6.769758201398265
train:2990,2.2929640434999845,5.645013467771598
train:2991,-7.440141046663226,-4.233372258427809
train:2992,-0.8319911417598389,-4.187123906396757
train:2993,-8.407402108926922,-8.939402576226334
train:2994,2.2936391022296716,0.1373681353759405
train:2995,-2.1598972162773844,0.03661935941983939
train:2996,5.126723440363123,0.16024836140635546
train:2997,16.34879980563199,11.899263378443568
train:2998,-11.963669146560191,-9.35143609832949
train:2999,-22.713040285530735,-18.37399163629632
train:3000,14.375047098647006,2.6248398950891647
train:3001,0.2347396151107809,-0.3134391682788031
train:3002,3.4674537233666114,1.861835957389805
train:3003,-17.47836524398115,-2.190567609776256
train:3004,-3.668303395017406,-9.401299475286098
train:3005,-3.004450547260181,0.040989915995189447
train:3006,-4.748269045567555,0.04154600783259363
train:3007,2.560539750104841,-0.30081596916621417
train:3008,2.016908260290799,-0.6841198867070823
train:3009,-19.009935886362108,-4.257656552150305
train:3010,1.9805662039265552,0.40958150952173783
train:3011,-43.096723157307565,-17.207792013673686
train:3012,-2.569288256595231,0.2176616337501121
train:3013,3.3998372002755795,0.06499259727873322
train:3014,2.742625684442304,0.2736681278463976
train:3015,0.26328746290855387,0.031207093609824037
train:3016,-14.584386610148222,-4.900955801424799
train:3017,0.08511263846330128,-0.1049566577870771
train:3018,-7.437001930586886,-6.71860402943272
train:3019,-5.587109482837961,-5.331955222253421
train:3020,-2.9064433636717926,0.23618528396455762
train:3021,2.860416459025431,0.3909000764514255
train:3022,-1.6349967465462276,0.026134931170863476
train:3023,1.0014916138933412,-0.3511763763848841
train:3024,-6.816324481624301,-7.317899266539181
train:3025,3.1232118943777807,-0.3391179714191097
train:3026,-3.0990364104685666,-8.010401658541575
train:3027,-0.4893473469436087,-0.11165001767094818
train:3028,0.20658415682255038,-0.13618396781095504
train:3029,-5.4320477487625505,-4.317397192948502
train:3030,-0.15747613189705556,0.20851864509762452
train:3031,11.648836366301568,2.8432983907030045
train:3032,-0.8747474183473077,-2.7093981555365376
train:3033,4.316854273575106,1.0932634689630683
train:3034,-5.058755148573165,-0.26116824749253004
train:3035,0.9026977916199455,-0.23766002857646779
train:3036,9.735273606548098,1.9850369769463023
train:3037,1.3412321215179657,-0.7067602999158769
train:3038,-3.8774116699509995,0.15233268370235126
train:3039,-4.192482779287308,-2.715152521968948
train:3040,0.8931140032909082,0.12705661202869212
train:3041,3.818336419362911,0.12075728130205818
train:3042,-1.8440250558451754,-1.765206144159079
train:3043,0.27446475247450663,-0.18548540383694895
train:3044,-6.146903794096603,-0.882475191618088
train:3045,5.123103600645947,-0.1291990092314313
train:3046,4.192328253938968,4.711822316775337
train:3047,-1.0965425666590396,-0.15869327573535386
train:3048,-1.5225099716308907,0.4228287070172939
train:3049,-5.703380910362812,-11.799659943289072
train:3050,-1.642121591609898,0.19061457078103594
train:3051,-2.7698062697186168,-0.4121259248870745
train:3052,9.470239598342138,4.0592044633912385
train:3053,1.5611392440023848,4.525173187290201
train:3054,-20.66627895411387,-5.444099173069578
train:3055,14.096967533998201,8.107180409657946
train:3056,5.5066866622147295,8.7081636094684
train:3057,0.5208646756837664,0.17558910628875257
train:3058,6.249066693027372,4.803322677740357
train:3059,-1.6058959968240196,-0.1004812455163725
train:3060,-2.123761815288723,-1.2837513040123225
train:3061,-1.966150246776008,0.27368824302060846
train:3062,22.047820410244025,10.5528831527831
train:3063,0.4480178421871037,0.1553650818798431
train:3064,-0.7284932945367392,0.3599275586342186
train:3065,18.437591446552023,6.37013211544409
train:3066,-1.0666991128592316,0.006707382064218656
train:3067,4.329653889199765,0.5318734943968757
train:3068,0.37398756378932707,1.7865344460793704
train:3069,-0.028860823127555862,0.18481055838674357
train:3070,-31.167579957418955,-11.285648479690801
train:3071,10.520041467637414,16.465948894103672
train:3072,3.2945563983497603,0.35911610394690335
train:3073,-22.72802919286207,-8.248618961662894
train:3074,-3.822638464633794,0.19637064914316626
train:3075,-0.2534360557635604,0.0711688117263318
train:3076,-0.4146921045669192,-0.012156371521281642
train:3077,-1.3865351512041886,0.028445180328103933
train:3078,4.37869513922888,0.04296919207321552
train:3079,-7.4918304609652715,-3.0377091840362143
train:3080,0.1358404892545519,-0.4091326157715243
train:3081,-0.4657383069181925,-0.38597291721430727
train:3082,0.14236594074573683,0.09559391166830393
train:3083,0.07994788128142119,0.23017498403899625
train:3084,5.484847675459699,0.7701190443585759
train:3085,-0.6281292168504531,-0.8908816225085134
train:3086,22.916444327088254,7.5276842104073864
train:3087,-4.496346611944669,-4.711868598696657
train:3088,-1.2156711384148062,-0.3470103954110829
train:3089,1.4455547305774736,0.04143145120215865
train:3090,-0.20941939059745462,2.00798339759256
train:3091,1.5268109733734292,7.711607091813304
train:3092,-11.577948399014067,-5.194072978739185
train:3093,-0.213950001699932,0.10231009728177598
train:3094,-16.74368748450096,-6.707586049754322
train:3095,1.975223848649124,-0.3582435075909714
train:3096,2.633455856157098,7.14281102395645
train:3097,-0.28409869240200997,0.014442593843565027
train:3098,0.7489210866966385,2.358741248581853
train:3099,-1.8155551977870061,0.13531381971185116
train:3100,4.465496905804246,4.947864327865682
train:3101,-1.254608591031444,0.6627881839504086
train:3102,-3.0523322955869276,-2.795594958228766
train:3103,-22.12762489194819,-6.993122802268218
train:3104,21.579563969747607,8.83762658261931
train:3105,7.844134233565648,2.770642381453325
train:3106,2.7542299997955966,0.17851465151954976
train:3107,-0.11183086429975653,0.15098239913564254
train:3108,-0.5151126696055861,0.04960891149252425
train:3109,-9.529498490940025,-3.666622231908063
train:3110,-3.284127564935985,0.2579986924577462
train:3111,-2.800327106830514,0.19072213703178065
train:3112,0.7733008420176043,0.21865640757828536
train:3113,17.00384852999798,9.092594547408318
train:3114,0.10061841669183388,0.3320490684644263
train:3115,-1.3215293666094072,0.15402549687388487
train:3116,-8.879695884140006,-2.567910302710205
train:3117,-1.302604941270634,-0.20127923945192577
train:3118,-1.049049256051751,-0.17288859697421116
train:3119,-0.8807162485822134,-0.5160032524066116
train:3120,3.5675558206161355,6.509609306814196
train:3121,1.8557454272417808,-0.4684974879961659
train:3122,2.3319500798888346,2.7799689745682903
train:3123,3.74736715107275,0.3525586998149682
train:3124,-1.324891875054627,0.15614343925923696
train:3125,7.360195230348988,10.058286113496951
train:3126,1.0324875956483095,-0.11902615219150894
train:3127,-4.852461478012522,0.15044899036702933
train:3128,0.4802907170557668,-0.13473111012185188
train:3129,14.27144139080043,8.079588667716267
train:3130,-1.1131075408592723,0.009612526799184992
train:3131,0.04596643834691877,0.6204230591677264
train:3132,-6.298280135231085,-6.912472081225791
train:3133,0.7974990474529347,1.3197614005335925
train:3134,1.3752419243577787,0.43247692892841844
train:3135,8.416006145154732,11.078385088662511
train:3136,-4.284422802805165,0.0904994941429824
train:3137,-2.33010453453806,-5.035806217404783
train:3138,1.1547357569882348,0.18720340815297762
train:3139,0.2347739027012178,0.03711182453598081
train:3140,2.8601998079455173,0.14148475570947952
train:3141,-0.6718206729384487,0.053035909470493275
train:3142,1.174473088793163,0.2299778267995677
train:3143,-0.07716413447299639,-0.6988342079727421
train:3144,4.136131939274951,4.422875970902292
train:3145,1.4685067273868224,-0.21034019813865978
train:3146,1.9506929954719956,0.34507314445313264
train:3147,10.227551351759015,2.612275757551918
train:3148,0.004764842470243558,0.0239097078563867
train:3149,2.97793107321914,1.1480883035700722
train:3150,-5.6157092850524295,-0.6681855301942494
train:3151,2.45838737117631,0.8314955766651151
train:3152,-0.7715066699379248,-0.13031461676567982
train:3153,-1.1099079856404677,0.17044632674883892
train:3154,-0.4991704510309837,-0.08931732382933702
train:3155,-3.341282537382795,-5.3574469970718095
train:3156,-0.9004793832518093,0.06216177882578012
train:3157,-5.197628025881068,-0.3390827341990382
train:3158,0.7537427355159092,5.513111565412822
train:3159,11.53405406626376,5.404479923739018
train:3160,-3.27853090034372,-6.133682724899245
train:3161,-7.783355875146631,-0.3630876980555421
train:3162,0.23477831940778257,-0.4530353387644535
train:3163,-1.5432817426049326,-0.002572418305064883
train:3164,1.2598173422021595,-0.2643133477099268
train:3165,-1.631365283917038,0.08927574971474918
train:3166,0.34013304305400127,0.0631890793186348
train:3167,-1.5145647814373775,-0.538982057056741
train:3168,-1.657527529024243,0.08576429653725648
train:3169,3.783133408375894,0.07395454936332294
train:3170,24.709407751799894,7.278543654385513
train:3171,0.5489270344467767,-0.0736583026798161
train:3172,-14.962917889239886,-3.945984624564891
train:3173,-20.152101783005456,-12.584708685315452
train:3174,0.045479670791834736,0.02886003796360198
train:3175,-13.403796296224467,-4.129891813281709
train:3176,-0.6365246786553311,0.23300109468521915
train:3177,1.516628372617507,0.6431593404408451
train:3178,6.385012921090524,11.085458782265858
train:3179,3.4619019232147146,-0.28397500320579183
train:3180,-0.5983696804753758,0.03507291623937214
train:3181,-4.774995699282087,0.3756099761565806
train:3182,1.016279677305101,-0.07884773230460176
train:3183,1.5930160100296615,-0.10161896547617197
train:3184,4.317829668351195,0.5699450994416113
train:3185,-8.57695157036769,-4.199716861417625
train:3186,-0.12817012154870644,0.1603821772461413
train:3187,-4.054719657618359,-0.731458737969821
train:3188,-2.8521513469119046,0.1566453199888388
train:3189,2.255285352254302,0.1241015360102236
train:3190,2.010148374664322,-0.27470190789457855
train:3191,-0.2245396368345322,-0.20510254916009202
train:3192,-0.39016392465955363,-0.06682228198593881
train:3193,-0.1629100757211454,-0.16305498734048357
train:3194,0.5221934069850368,0.005525865235747274
train:3195,1.674406613688482,-0.17110048638159342
train:3196,-1.6177920472688259,0.15264596684112486
train:3197,0.6385127209073793,-0.1361323245977328
train:3198,-9.511097096641816,-0.5110686149884971
train:3199,-3.7095670572442283,-2.76280465637046
train:3200,0.28763955569892985,-0.0117920158125258
train:3201,0.8068785049887921,-1.0649014184662307
train:3202,1.7489903751562945,0.10668022587469603
train:3203,1.1774387910222757,-0.4073268152384658
train:3204,4.31836339247081,-0.11259671480614936
train:3205,-0.4205362209559307,0.09662263876925867
train:3206,5.911980858506405,11.539420316429839
train:3207,-1.3274756483950085,-0.03583207422829118
train:3208,-6.3391351358715475,-0.1117652876054332
train:3209,0.18566314765826805,0.21488959155088155
train:3210,-19.696145172917163,-4.570150491322973
train:3211,-1.3040208444119985,-0.08279173305803325
train:3212,-0.7587370414262578,-1.6807058638194443
train:3213,-14.498704362457902,-6.891922647509257
train:3214,6.405585940269152,-0.0743527755029263
train:3215,6.029616350985045,1.3507467578237
train:3216,2.81632099051588,0.48867722773509736
train:3217,-0.13809167170082742,-0.055333806956139236
train:3218,-1.0499407334031106,-0.1092340568534931
train:3219,-0.36942992814955256,-0.11066679936838542
train:3220,-0.4818074476919716,0.4867767004241947
train:3221,-0.4171324511730663,1.4652768533480203
train:3222,-10.274168235419133,-3.8432976588440457
train:3223,-0.13516130312423275,4.332479519285101
train:3224,4.585045064683665,0.38963496038829043
train:3225,-0.39570584533623976,-0.18441673170919248
train:3226,-2.7968769616287195,-0.04738018147667336
train:3227,0.3942744268742067,-0.14553852244468182
train:3228,-16.74605855855151,-4.961835446130086
train:3229,2.6241707766667823,0.6025489436212392
train:3230,0.13382658729014385,-0.5975965334207498
train:3231,-1.331951399352787,-0.05757700553267678
train:3232,-2.3676755976185064,-4.455177576644394
train:3233,5.999212672826234,8.812129672011762
train:3234,-1.4750682667529378,0.07907535913849562
train:3235,-3.256696097837014,0.10475444760042228
train:3236,-0.5958853992618213,0.029968797778970192
train:3237,0.3678292800886174,0.5209951796514727
train:3238,-17.472566805636347,-6.081071700741917
train:3239,9.992660668482786,19.174010573262635
train:3240,-4.235386666857335,-6.270569195959637
train:3241,2.4963650037189544,0.1776069007854803
train:3242,0.3683888070728998,1.648068719852209
train:3243,-0.8044662264482871,-2.625889082504826
train:3244,0.4124619595913864,-0.025338801009094886
train:3245,-0.9350387173715738,-0.7677358126854883
train:3246,-2.290901382152816,-0.06190419322178495
train:3247,-4.787875280541392,-0.6756292859387532
train:3248,6.844755346079536,12.549025162411342
train:3249,0.5974843064196906,0.06603459183501853
train:3250,-0.8776743000502988,-0.31561574425706773
train:3251,0.8404064218965662,-0.203308446813454
train:3252,2.5568878311505094,-0.010482532237478859
train:3253,-1.3672548322995923,0.4412787442537762
train:3254,2.6084814726575725,3.3536040971005554
train:3255,0.49825997148535145,0.5426856145264359
train:3256,0.8580068813279939,2.4155310931858827
train:3257,0.770707072972892,0.1986897432706271
train:3258,-3.315209556239846,0.02132269672773421
train:3259,0.09589939818563367,-0.1461473987817883
train:3260,0.5972351111861423,-0.13507292542262672
train:3261,-7.5957216275308745,-11.162089381501188
train:3262,-3.796641729793648,0.003829628204773519
train:3263,3.9432552934250715,0.2264412653195139
train:3264,0.35874690418379984,-0.30885062598576357
train:3265,-1.6013814253401195,0.13480708851470913
train:3266,-1.6071201219171773,1.9063412796442003
train:3267,0.33654900190582293,-0.058788766452869484
train:3268,0.9925345329800185,-0.23850343928522444
train:3269,2.471054950520507,0.29167777116239074
train:3270,-1.0892670886556872,0.07132046016736839
train:3271,-1.610202750641136,-3.0446345103971555
train:3272,-2.597704416799902,-1.165470085149699
train:3273,-12.483877214253656,-3.3958309007164074
train:3274,16.72721206610465,5.531113647705885
train:3275,7.067485673891794,1.0486351730904475
train:3276,-1.5911149071594668,0.20631952871137887
train:3277,-8.97225517640989,-6.832008531166092
train:3278,-2.812489321960407,-0.12139717485381205
train:3279,-0.40149696124647405,-0.06497610844364854
train:3280,26.68473187648897,7.637746454683933
train:3281,-0.7430003159360365,0.104725059473561
train:3282,-0.22244704775579943,-0.37781371750762244
train:3283,2.246712757270353,5.872418222780927
train:3284,7.117457686714872,3.10581767748726
train:3285,-5.660605804657883,-5.397848538465567
train:3286,-6.13933123446221,-1.1913347753254437
train:3287,-0.3206178819453244,-0.8043883706530923
train:3288,-1.109657163199238,0.26212358711826556
train:3289,-4.892965931626686,-4.709498717320833
train:3290,6.509542195142025,0.23816798390202384
train:3291,-1.8641694220287812,0.2353778237799225
train:3292,6.1952135574250775,3.684724116949254
train:3293,-0.8621749144233729,0.1117479658285464
train:3294,2.968371460547089,0.7473632185544865
train:3295,0.025835322283006792,-0.043790835496917285
train:3296,-0.4632661135331312,0.07320700671889042
train:3297,-4.86688551182005,-1.0521729356758573
train:3298,9.828344306946533,14.89298449841303
train:3299,3.9545278908695267,7.43968702829288
train:3300,2.4582953177131706,6.8360868585836725
train:3301,-21.817451212817474,-12.066800869674289
train:3302,-1.63289020997308,0.14756781264814406
train:3303,-0.985053734969097,0.43780495353012516
train:3304,-0.028694964173137327,-0.3227001374211658
train:3305,-1.3065204678694093,-3.607644541121778
train:3306,-0.3126561872167533,-0.11333997762628167
train:3307,-1.647287511082979,-0.2725744072349561
train:3308,-0.07734242994326831,-3.3682579900016485
train:3309,-1.950270094551552,-6.075935911581694
train:3310,24.77693594075963,8.461980697359575
train:3311,-0.192754343124794,-0.11545007366708343
train:3312,2.694581912722103,9.81795514781458
train:3313,-3.471645583431616,0.264156218339234
train:3314,-0.1124014330504508,0.07830741599823222
train:3315,0.2875342521160965,-2.4607851591900665
train:3316,4.740764190662502,0.5677248692554848
train:3317,4.35020552222029,9.099883944156394
train:3318,12.405125303461343,5.7107743947520575
train:3319,0.9565028083665088,0.23918615410303812
train:3320,10.271803962038975,6.093694840035629
train:3321,0.2580562226699622,0.4467266752662931
train:3322,0.0908276242998537,-0.1775613091451544
train:3323,0.9830288506197052,-0.33877915199534503
train:3324,1.8681951932148633,2.544196592408858
train:3325,-0.6739495255026605,0.16962574176968326
train:3326,9.4607106701578,2.302597657447152
train:3327,-0.36332603967706156,-0.7513447989198256
train:3328,1.697067107864557,-0.38570200433610546
train:3329,-0.26898367647533805,-0.0501866049311154
train:3330,-11.52792152604629,-4.0404066789188375
train:3331,1.3732406913674642,2.567285673865122
train:3332,6.506381692907582,8.667422535346828
train:3333,-1.0159957864123275,-2.5539440947322176
train:3334,-10.834182452173051,-8.816558494016471
train:3335,-6.979819800655991,-1.6975689422054177
train:3336,2.93005583372312,-0.7499087752063032
train:3337,-4.303745661567726,-5.313182200943085
train:3338,0.7855327946195725,-0.013256857009669498
train:3339,0.10710295553273476,-0.02710023403024149
train:3340,-1.7231072530142022,-0.404639228238759
train:3341,1.639252418931917,0.19767956207497317
train:3342,1.8398180859945543,5.975071805872231
train:3343,-12.70876847386728,-4.22143782570593
train:3344,1.2256204104789452,-0.2894444760006197
train:3345,-0.16656687629852213,0.06564084799940141
train:3346,-0.514107520174744,0.17015244548022615
train:3347,-8.872339045752566,-3.66241744719394
train:3348,-1.0888486638232364,-6.407386048544747
train:3349,-2.7127726404732178,-0.32199610632378517
train:3350,0.7507754060791147,-0.14855822381008316
train:3351,4.291653940666056,1.9397829707609944
train:3352,5.203761960847978,-0.025092283129404175
train:3353,12.708873836831541,3.7217077906568825
train:3354,-2.121625988977304,-8.147909560090355
train:3355,1.5882008700411179,-0.17156384869249358
train:3356,13.343601991667812,10.335198734724353
train:3357,3.213524245297406,-0.3426991857326955
train:3358,4.59176636224226,0.0480601857390969
train:3359,6.069290463765036,0.07111160474151931
train:3360,-11.97407211772787,-5.881973133010779
train:3361,-0.2791873147020027,0.3307842377229113
train:3362,-1.303312776612196,-6.438342873672853
train:3363,1.6105714887916007,-1.0653149208240338
train:3364,-3.343660120264074,0.06791914113520048
train:3365,-14.579960605253858,-9.04372643208119
train:3366,1.970526332530147,-0.37055627678098685
train:3367,-19.615030264731278,-11.321829543681334
train:3368,3.0970654564309132,0.09977957983388594
train:3369,-2.714869413800275,-0.4973646175793012
train:3370,0.6228629347990118,0.10577618432168671
train:3371,-5.10975555665111,0.044445446135159716
train:3372,0.3288764852281231,-0.2550418216676236
train:3373,-2.3148064577471907,0.1809415972193753
train:3374,1.7184946435343447,1.623735636132691
train:3375,4.499593415567672,11.38698096386257
train:3376,3.1616483994866793,0.3679020125919454
train:3377,3.4037717884500553,5.431804034001126
train:3378,8.526025840766293,5.022159795143953
train:3379,2.195297178775322,0.09947271643156261
train:3380,1.1797089781965595,-0.11774505811765323
train:3381,-8.698084629529134,-0.7532436143010082
train:3382,0.4915207746422564,0.4789249347630733
train:3383,14.324962576035649,7.309112442110402
train:3384,-3.672566679143596,-0.1282976782338121
train:3385,35.71298406431258,12.190195562791898
train:3386,-0.09388578552715793,0.22616364738324182
train:3387,2.384218547667344,0.6598740515844119
train:3388,-3.3304755537935606,-0.11626138569358871
train:3389,-18.020270033986613,-7.431819629761534
train:3390,-3.064571686852584,0.22551311408961353
train:3391,1.0690146887717926,0.13331243120827413
train:3392,16.37984134920205,11.335197372403279
train:3393,-19.814620769476065,-7.40755587919568
train:3394,-0.39776984205142174,-0.07451926066820352
train:3395,1.3643724095019172,0.8287289555766646
train:3396,0.10637675599019297,-0.7273569543605225
train:3397,1.0657588786588477,-0.2921267845503563
train:3398,-5.081236649904247,-7.1884391466044715
train:3399,4.65739257788027,3.2553090870765606
train:3400,2.249506905318161,-0.12644708220641163
train:3401,2.1865432663639783,0.04236017307529903
train:3402,4.331146736018653,0.04136283135254566
train:3403,5.27717366786845,9.745016670161089
train:3404,-2.1590222434610826,0.02070668735012743
train:3405,12.153601768178728,2.6236190038771317
train:3406,-11.36311607237255,-3.1225758173359446
train:3407,32.05380497422164,12.846924900720376
train:3408,0.43825110922298943,0.5544411505925672
train:3409,-2.987503411712977,-4.504192977746325
train:3410,-0.3814015275224405,0.16810668946473717
train:3411,-2.6876913261831765,-3.5220571854098965
train:3412,5.527813396921633,1.1852386051037878
train:3413,-3.5453915654015664,-4.105677138034496
train:3414,-6.145585755874383,0.09833585243662317
train:3415,-2.038964071202555,-0.18391856016065083
train:3416,16.658525305275504,10.818350953188563
train:3417,-0.5216655511691205,-0.03577543788671872
train:3418,-0.20619647332550506,-0.2487905676339618
train:3419,0.3863847942001132,1.8956097628722937
train:3420,0.12695070500178168,0.20385748845229185
train:3421,2.9007289021331486,0.02026358287424815
train:3422,-1.073586385601366,-0.17391347223329573
train:3423,8.314778950022397,1.4107855597148107
train:3424,-9.97129746436412,-4.005000548448258
train:3425,-1.825989085900639,0.0766947782019221
train:3426,1.105097437969037,3.5715863909305945
train:3427,-8.897628642625872,-11.064669167564151
train:3428,-0.9611072818079577,1.0398506910535055
train:3429,2.744286366110652,2.409214072518808
train:3430,-9.495916643720513,-3.40922247095169
train:3431,1.8780762956331807,0.08066117670252457
train:3432,1.6889210737514673,3.0802565695152087
train:3433,3.8612293813956473,1.020524288461155
train:3434,2.2389295904702946,-0.4050612189147573
train:3435,-21.718094841602674,-8.691048937232454
train:3436,1.1772137714457132,0.06287322828528105
train:3437,0.37801257821926015,-0.12558655220045423
train:3438,0.7988561386595157,0.7244577415607003
train:3439,12.35686511311947,2.1945600553862135
train:3440,1.9307064684335193,3.4814010773122126
train:3441,0.19509909254650623,-0.16663834156621937
train:3442,0.8770622968851478,0.1293237776213107
train:3443,-2.367788107406788,-0.2522145697349207
train:3444,-0.8500299012032584,-3.3066082622439477
train:3445,-2.460989681794483,-0.025468622346200537
train:3446,-0.6719541039683524,-2.7220692886812885
train:3447,-3.2045817498717906,-0.0352645695260865
train:3448,10.441401774793714,5.030229831844384
train:3449,0.6856515326982863,1.2940493574245544
train:3450,-1.464646698926039,0.11465739038781292
train:3451,-0.3705024904700672,-0.225844717630944
train:3452,-4.284466969870812,0.4041170298552602
train:3453,0.7139491392004298,-0.22704064320122602
train:3454,2.205446305544648,1.4130096417428075
train:3455,0.8602953164741375,0.6918357794582017
train:3456,0.1266894219397404,1.4442209737559648
train:3457,0.721098159921086,0.7738145299809767
train:3458,-0.865905404262909,-0.9130685170022983
train:3459,-0.3368302169950977,0.189994566900749
train:3460,3.132015087936058,2.9552254970879517
train:3461,-3.3233734896374347,-7.19507116234004
train:3462,5.7626459656378,0.8648475341324153
train:3463,0.5843973724100819,-0.09982172459171382
train:3464,-4.257876071768586,0.11359913249918689
train:3465,-9.334233569129815,-4.978406355177167
train:3466,-2.133627343004944,-0.10158558284663052
train:3467,1.4028240243964323,0.08236996788477888
train:3468,4.4926852215839155,3.28403869163885
train:3469,27.348072851201167,11.694332836799376
train:3470,1.2426447221619124,-0.17295878609273424
train:3471,0.4507766565823937,0.5941265347200928
train:3472,0.8951777675478498,-0.1456155592820852
train:3473,4.710909113950682,1.3244107163316947
train:3474,-3.043325468610192,-1.0958301394147656
train:3475,-1.0381727674486818,-0.011653349505199764
train:3476,2.6183758251955838,0.15191397422498304
train:3477,-4.471404307682298,-7.598141591072127
train:3478,5.017530366253893,-0.05279587114612888
train:3479,17.290272415638807,9.374970507015718
train:3480,-0.1547668311069389,-0.4684301520938429
train:3481,1.0689923727807285,0.3570535139558336
train:3482,-0.7747378394774034,-0.08792666625339657
train:3483,0.5399467077094289,0.23282390995919144
train:3484,1.3186418297304465,-0.17458026885926475
train:3485,1.0634512657078834,-0.03964924952162718
train:3486,-1.5083892958268894,0.5033664406981961
train:3487,-1.2279670170328432,-5.725588353081979
train:3488,6.453346810310968,4.280122716691205
train:3489,20.50448552124048,11.503645550426203
train:3490,4.994994469694592,-0.28668341868375957
train:3491,1.2837768130247529,-0.11398651641722979
train:3492,-1.9508679771454758,-6.925368618450352
train:3493,9.573921552491516,12.348853785388958
train:3494,1.040182893233554,-0.24829253874623014
train:3495,-0.5297915938735486,-0.10789047734485468
train:3496,-5.21213946398693,-3.980571881986035
train:3497,1.993663366098735,0.2572910948401154
train:3498,0.31121547042511033,0.4244683077066952
train:3499,1.0325731402807217,1.1728060008333672
train:3500,0.9162710282681577,0.4690694980254147
train:3501,0.6547815433095334,1.1522973681084954
train:3502,0.5791484653452312,-0.2973878299017651
train:3503,0.8526109444261849,-0.2063605321827267
train:3504,-8.20517831723658,-6.714018910999121
train:3505,-0.23035899642095697,-0.11303582477934843
train:3506,0.9521581638562316,0.7610185686274702
train:3507,-0.06419645154063613,-0.126616563248699
train:3508,-2.626880250533711,-2.8668106639406226
train:3509,-4.343693145238252,0.03133234980100948
train:3510,0.23393124158031064,0.17219278038493485
train:3511,3.708547089867438,5.294246486490464
train:3512,13.152753776422356,1.403821144291928
train:3513,15.721344804216672,3.5421289309156534
train:3514,1.839883871676545,0.57566137543775
train:3515,-8.62128786561414,-7.345651929874548
train:3516,-1.275598872751321,0.2679880876960006
train:3517,3.1488520382773837,-0.12584876276924561
train:3518,1.424106041207823,3.2824548713261614
train:3519,0.6303955116160809,0.8531277345991908
train:3520,-3.6499182727960138,-3.8757173279179553
train:3521,3.5686307075190524,6.382493959952748
train:3522,4.502875725920005,4.349373697727656
train:3523,1.6817406711683773,-0.10150341022006695
train:3524,2.2096012641308813,-0.3335335140114169
train:3525,0.7041040678093511,-3.3944313981702465
train:3526,2.230095247507824,0.06719385357712894
train:3527,4.783684815225828,0.5486381368239448
train:3528,20.749271486887682,8.595564855989943
train:3529,0.32415200395327703,-1.1229908317190118
train:3530,-0.3190269377490517,0.0755637633001929
train:3531,-2.3277773950949143,0.03753324456873913
train:3532,2.0636328314975803,0.25823964656584664
train:3533,-6.09130675677595,-11.346337529553919
train:3534,-0.4435706242114481,0.3823301562727328
train:3535,3.090284184646333,1.2148324488530946
train:3536,3.0804209815125145,0.5290426759439226
train:3537,0.20323699062118702,0.46209609497150145
train:3538,6.196786369878611,0.9314318993082307
train:3539,-9.037058954793894,-9.251978688025565
train:3540,-3.2145625768751755,0.029226676245317912
train:3541,1.9569572801302595,-0.19243769309098124
train:3542,-27.93167384883713,-9.863451451874155
train:3543,-0.12033139722922775,-0.3534481071234229
train:3544,-1.0361296919751224,-0.3028172150089812
train:3545,-4.437875925858044,-0.5516695961946427
train:3546,16.840225823850634,14.542666613361797
train:3547,1.3988059837137063,-1.1287928468619641
train:3548,-13.453767379214582,-9.373549094523693
train:3549,1.2727810733444356,-0.15131828250127316
train:3550,-1.3709488261954093,0.1268429061353028
train:3551,1.2598738295545404,-0.13823129309535406
train:3552,-0.7936450629063977,-0.08298689304612175
train:3553,-2.4971871491332913,0.1826432553611293
train:3554,0.5330361891432696,0.25129334906583456
train:3555,4.654009845568147,0.11030024392860344
train:3556,-0.07118437870079894,0.17925777167887208
train:3557,-5.228898773276012,-0.39141157527417375
train:3558,-16.695232029237275,-11.346304432245999
train:3559,-8.662341850508255,-3.896355781979933
train:3560,-1.4167233405742872,-2.7034948512184807
train:3561,-2.127626898449364,-9.305783497841025
train:3562,0.09614266573405555,-0.113485634313298
train:3563,-0.4075272766859259,-0.02590673369372959
train:3564,-23.597383958413644,-11.100959795056768
train:3565,-1.4997320860434895,-0.025453785621959893
train:3566,-0.8758246298326274,-1.6022769422320537
train:3567,-1.8074105584233582,1.1250283249190494
train:3568,-1.9687210024549353,0.4374822547778911
train:3569,0.3559787914588999,0.14842862797572148
train:3570,-1.1232090136893471,-1.9456218522118043
train:3571,-3.3251596987555176,0.04233834597136808
train:3572,-1.253478146609107,-0.22502513127745832
train:3573,-2.355894149086143,0.2826188097269968
train:3574,-1.9485517632396223,-2.6908371281898704
train:3575,2.0202324131263776,-0.09931057090946158
train:3576,-8.780914149695104,-8.039675086111608
train:3577,-0.7186008016646495,-0.5619962415877517
train:3578,-3.7528689133215645,-0.1688852493238171
train:3579,-0.9265972288351262,0.622943019715676
train:3580,5.057014328193358,0.7259063194255033
train:3581,3.136471544859895,1.7908827475683595
train:3582,-10.51473275942339,-2.7394716249290854
train:3583,2.1736613605222703,0.07746486125433558
train:3584,1.245948418672349,0.16736071608921477
train:3585,1.28160053897953,0.9690465617785164
train:3586,-2.211067783787192,-0.028250793462941515
train:3587,-4.857851719687445,-4.117394726325165
train:3588,1.383003007625014,-0.1710365743387106
train:3589,0.454791675307996,0.012612968955235462
train:3590,17.82859920841034,6.975135496880519
train:3591,10.494969451676981,4.6677309961915805
train:3592,2.8669541145742286,10.423529743134274
train:3593,-4.955511145748419,0.29335432100158365
train:3594,1.2941309679619795,6.577301861162139
train:3595,36.54619994200189,18.47662861091479
train:3596,22.27550860740434,4.9226595865970255
train:3597,-10.093676499693306,-3.6321422554160434
train:3598,-6.996814357684206,-1.6800422057312954
train:3599,4.359650765438138,1.3388762371447038
train:3600,-9.452820745644038,-1.3297397280475425
train:3601,0.06275503737427239,0.15609793046084497
train:3602,-1.098941535698422,0.3505150837116293
train:3603,-1.428221190053545,-0.8142915987621029
train:3604,6.6788489701799705,3.947894792991998
train:3605,-0.40242237750091037,-0.07045998998028702
train:3606,2.9927158822155366,0.09907183955544517
train:3607,0.7183498061466073,0.8951473349000378
train:3608,1.5145714658786527,3.83134547636285
train:3609,1.822153816776178,0.007494013770592861
train:3610,-4.22376096534594,0.062048363481825186
train:3611,-1.2442284007713091,-0.27090741567003357
train:3612,-3.645414161932925,-0.37283456991678593
train:3613,-1.35835377382217,-0.2763853054526518
train:3614,7.552977498153326,2.8760504594642287
train:3615,3.248187023334082,1.61244175044774
train:3616,1.3859217532895962,-0.31329194232287666
train:3617,-0.5794884923692893,0.2375944874457989
train:3618,0.4322371820894752,-0.07233911816968872
train:3619,16.4242706277446,6.702341207916376
train:3620,-3.047746824339751,-2.8410227252806615
train:3621,0.31862263602156443,0.34174415445163786
train:3622,11.54348257248831,18.707118263279693
train:3623,2.162392714867899,2.9586761767603815
train:3624,-6.217820294366227,-3.234319747240844
train:3625,9.979088826584016,9.414290108826387
train:3626,17.793166993598433,4.439638330756401
train:3627,0.4591074949964822,0.06701210370518104
train:3628,0.7082629781856684,1.5126268321539393
train:3629,-1.3998524513298851,0.02790463851899043
train:3630,0.30144687779507406,-0.2768763439606931
train:3631,-0.8759501572823626,0.17930527772860416
train:3632,-1.166686375738072,-0.11481879958280597
train:3633,21.87539404562192,10.845982640157045
train:3634,0.659683855138171,0.1752908025350296
train:3635,8.98427727860234,4.319719080473287
train:3636,-30.639985296683296,-18.521250689530643
train:3637,0.6241072837590713,-0.08230012390675187
train:3638,-0.8291305106553193,-0.021918936071626177
train:3639,24.0283423011851,9.362036877980554
train:3640,1.024198599717466,-0.08025550917774296
train:3641,-1.881982464520918,0.3309577132678788
train:3642,-1.889331399328189,0.2898551366537515
train:3643,-4.065992022604575,-0.24010894404103428
train:3644,4.396465641863051,0.037529535387678975
train:3645,0.6746455648553978,3.9213205079472826
train:3646,-1.4279178320500185,-1.0531476656602246
train:3647,2.780126312675955,0.13513149919666323
train:3648,1.0369619518566464,-0.2169867652768488
train:3649,7.815533501518218,4.747039564333469
train:3650,10.530985601588394,10.673083444861925
train:3651,3.585249844489264,0.08684395354738343
train:3652,-0.3949946393501941,-0.0025457407335937182
train:3653,-0.5438204486726512,-0.0351742652333526
train:3654,-3.9343485965684546,0.1757738520377106
train:3655,2.534758736511647,-0.0783798048477814
train:3656,-0.4236319835704634,0.010000278880781852
train:3657,-0.683871540571262,-0.09788610272154966
train:3658,4.887225434765134,0.10679364121865095
train:3659,-14.63525219244682,-8.192701059929622
train:3660,11.43431832320087,7.8844452282817405
train:3661,-1.3439976178207949,0.2650113272344111
train:3662,5.806853479019152,1.0631928527867205
train:3663,-1.693104797778063,0.09347853717753195
train:3664,0.829515753340842,0.061537352460382964
train:3665,-1.7771809914864947,0.1624476204534111
train:3666,6.976097971152772,13.783318501579656
train:3667,-15.556259178982003,-6.571665677699291
train:3668,6.899107801981889,11.452339016715573
train:3669,-1.6446446933495742,0.15855583355644187
train:3670,-1.5653680649275894,0.014589962460301434
train:3671,-3.7214610155648726,-2.346443375934954
train:3672,-6.711428165627856,-0.32636281105726506
train:3673,4.1299801644049685,2.391365493257312
train:3674,5.058958143998331,0.6162476625804649
train:3675,-0.10224475138831671,0.46001895357781114
train:3676,6.109817698286745,5.448024568098831
train:3677,7.313588283011774,-0.043950900925744246
train:3678,0.09416572462984729,0.013763100405505477
train:3679,-0.07893662855490455,-0.24718663214706205
train:3680,13.62840052929281,3.810625420317549
train:3681,-16.876934407478323,-8.592667760079214
train:3682,1.6411199884340877,-0.061073336664308836
train:3683,5.575757444056767,5.548539380326523
train:3684,0.9973145717742844,-0.0500671978331402
train:3685,1.2364255344022572,3.6954011372917384
train:3686,27.827165565025087,8.79853923260733
train:3687,-0.8805023870011833,0.08176123420848241
train:3688,-4.15081510463893,0.013375348323908617
train:3689,9.652708158943053,1.048577538123205
train:3690,-3.490398454589084,-0.06345120704549223
train:3691,-3.067014822957614,-1.1896710649591513
train:3692,0.22719948340090362,0.5674272788058119
train:3693,-1.7205044180981202,-1.170827854530292
train:3694,-2.796778864251334,0.09108982457478806
train:3695,-1.4701285291476203,-1.1775802759895055
train:3696,20.151243839022122,17.326204991305882
train:3697,0.009354265507504261,-0.277632731575346
train:3698,-1.5565230288860672,0.0910099345211846
train:3699,-0.8442691210933766,0.2650153217370913
train:3700,-3.0865929208679708,-0.313414630619482
train:3701,6.691570944752386,7.0472556721278155
train:3702,-0.4901736197585782,-0.19621791923452564
train:3703,1.897003045554356,-0.18219065242985566
train:3704,-11.852515054736209,-5.306982732783455
train:3705,0.8976748339646181,-0.19499588673601254
train:3706,1.1285783935040752,-0.2484183655806556
train:3707,4.910911069780712,1.4137055411740178
train:3708,3.9487877995430276,-0.1193770977841242
train:3709,-0.9490759406673256,-0.021807945961441352
train:3710,-0.41498290982547226,-0.1930870850981295
train:3711,-1.596975411854416,-2.0557731168337945
train:3712,-1.1016789639356088,-1.960304788099263
train:3713,-3.45876553725583,-3.0930384672674003
train:3714,-1.493090056744819,-5.036596558292217
train:3715,-1.7970043328403156,-0.32310372485267336
train:3716,-10.17347290474049,-4.910989421514155
train:3717,-1.1261554218845187,-0.2965666742793694
train:3718,8.838258170072663,10.167570000394104
train:3719,3.900676847391394,0.07622742138834177
train:3720,-5.63638691043917,0.2915325424578044
train:3721,-0.41118849396986745,-0.3009253900074889
train:3722,1.1072126917261942,-0.2974106556313661
train:3723,-4.609574696188164,-0.05972119750707003
train:3724,-1.095278923665039,0.1168486604295082
train:3725,-0.04771365132833172,-0.06580896225246474
train:3726,-9.709696399450175,-5.96202182543498
train:3727,0.022880545591185852,-0.08075653394248475
train:3728,0.2905548144899083,-0.14364341624455942
train:3729,11.279936297019951,20.765063218375584
train:3730,3.7997253477319957,9.79081079017308
train:3731,0.47696795896962974,0.2757755133318092
train:3732,-0.7602326777440279,-0.0815418817015689
train:3733,7.193594269227555,1.7171804639380945
train:3734,3.5648788315214137,0.10032540009296968
train:3735,-11.444080347618753,-2.752523947758173
train:3736,1.30455393053832,-0.3544952374688684
train:3737,-16.905145539515093,-5.204809631300252
train:3738,2.824985638962968,1.3505555923382917
train:3739,0.8312206020748374,0.020083259610400306
train:3740,1.2456750477818148,0.04421233837160958
train:3741,12.781480773424267,9.174106369099942
train:3742,-8.710185475683602,-10.720436622024542
train:3743,6.403497535438744,-0.13434449932673506
train:3744,8.965291949204621,2.0501114201090123
train:3745,-8.396472852303317,-6.9860114462110285
train:3746,0.8871714408371507,-0.18391057115529047
train:3747,-2.0761160120758304,0.3454323643727283
train:3748,-1.526724207068388,0.1529295765314172
train:3749,6.505897249934901,3.1008245491370428
train:3750,8.274279145573038,0.7097749483340519
train:3751,0.37316175589083805,1.0357869978804788
train:3752,-5.274173734896593,-0.7304150314838156
train:3753,0.8705450976614918,5.178989106156733
train:3754,-11.577621097811795,-2.4369154377814484
train:3755,3.681730242355689,6.3567305589521075
train:3756,9.225072401180926,3.1713843004444913
train:3757,-7.86364881099499,-3.272425305558361
train:3758,-13.530664565089367,-4.386653880417354
train:3759,-0.4573921262602475,0.18904901105202787
train:3760,3.182741660206987,-0.028636262971578286
train:3761,-0.7245287192492711,0.16593054146890257
train:3762,-1.5749634761686395,0.05241476430372626
train:3763,2.7913968179962483,1.670096690203647
train:3764,-1.1222292022066922,-5.773187417662168
train:3765,0.6653470027871475,0.24542827784485954
train:3766,-1.4166887042964902,0.09982979643900813
train:3767,3.254485246895422,0.45111263920912387
train:3768,6.3926170950455905,5.7121125531499155
train:3769,-4.519456680357388,-10.000685444667724
train:3770,-4.521652015978312,-1.8108148051180621
train:3771,-0.042199160723995155,3.133569770179387
train:3772,-1.6896639509058793,0.1862326013408854
train:3773,0.5405194848134056,-0.15280395217667778
train:3774,-12.524977690795822,-16.420443579390007
train:3775,8.053471712324129,5.932344893275372
train:3776,-1.9546981915700794,-0.7825671158153533
train:3777,3.5317270320463643,-0.09503688102410573
train:3778,3.617521789524966,1.4530299934522277
train:3779,-0.41048670254255193,-0.20971306121787248
train:3780,-0.9122594370347311,0.007003545905791539
train:3781,-15.950551126762633,-5.891865804219849
train:3782,-0.993566123268821,0.15450654912522577
train:3783,1.5042699627328426,-0.18638231234945796
train:3784,-0.3911924361435408,-0.07017338441298454
train:3785,1.27565565194337,-0.06847657673877075
train:3786,-30.419908712141737,-13.98560474226845
train:3787,2.3959500176780533,-0.3551820066082383
train:3788,2.3902017903131454,2.793617048939964
train:3789,-34.208643288354864,-16.737017047085615
train:3790,0.2282146285360765,0.14987492326756435
train:3791,0.7181268786942073,0.3731460813069634
train:3792,1.2441510515587342,1.718960300203732
train:3793,2.4548051896940533,3.5516618115618876
train:3794,23.46048029424033,9.255091487081025
train:3795,-1.4749192610209376,-8.15816458975684
train:3796,-5.5152408336162715,-10.999813280762371
train:3797,0.012871358682490536,-0.26573510534244865
train:3798,11.762501007120253,5.44776150156518
train:3799,1.7935712164714874,4.896045356525509
train:3800,23.878905126690782,6.351410452025356
train:3801,0.027982655277318483,0.18405374278966063
train:3802,-2.5122792679232986,-0.23135327948771356
train:3803,0.7073026931951946,-0.014662636631470632
train:3804,-4.229326015617531,0.04199310681115307
train:3805,1.012295343067212,0.15574284770473953
train:3806,3.795934651208235,1.82929702387873
train:3807,-2.237831863278404,-0.26760966838593014
train:3808,-8.739960586760775,-3.6655360125006755
train:3809,2.1002789432400712,0.11549880384522951
train:3810,-1.3687625564458554,-0.022040483081751466
train:3811,-3.3220782323227604,-9.470036877406528
train:3812,-0.09526960943136767,0.026520686001120244
train:3813,18.23544018183264,22.90065217528221
train:3814,-4.747097920953173,-0.9007974047688045
train:3815,5.846654049081838,4.608555862844247
train:3816,0.6971814614146987,1.050876659737265
train:3817,-3.4762840551575693,-1.0092686956921615
train:3818,-2.3440717879034962,-6.797122827330415
train:3819,-21.747914584661977,-12.246952940550123
train:3820,-1.4905946175357325,-0.01912734934142478
train:3821,-2.498447537711928,0.34482919446802207
train:3822,-1.1393795062558754,0.020751768166089382
train:3823,0.11762006369637686,0.08428433329425213
train:3824,-1.1078021464420407,-0.323463943397939
train:3825,3.49686108550771,4.220647424999618
train:3826,0.5256084509925532,0.4094886373344238
train:3827,0.9002258306931243,-0.16493953664066552
train:3828,1.6074405087536703,-0.09594848360004538
train:3829,7.292149124429974,-0.15543918265911236
train:3830,8.668057825559197,11.95383399148714
train:3831,-0.238719124573317,-0.025698306250310526
train:3832,2.2882879135391105,0.01800497693022994
train:3833,19.901208036477108,6.3083628379276036
train:3834,-11.526099053442728,-9.412429871682782
train:3835,-2.501831664773491,-0.24213558350798242
train:3836,-0.06773586070668647,-0.4428489289475805
train:3837,-4.2348548024036425,-10.692282225848198
train:3838,-0.3121889461538503,0.05175624200473763
train:3839,1.9927721212056158,-0.10019007480314984
train:3840,-12.253724959746688,-4.898288044277683
train:3841,15.250626166039524,6.745147439923597
train:3842,-2.179767979112216,0.7901175220268657
train:3843,1.0577358149548504,0.006905680590127278
train:3844,3.2634469769735497,3.621131919602509
train:3845,0.1608312610600155,0.16287674416990977
train:3846,-0.53617454846346,0.8965647413778546
train:3847,21.335834294344103,19.74927259967221
train:3848,1.7947249067178497,5.2599999030836155
train:3849,4.576276739861425,0.10395554706438755
train:3850,-1.4897331272973653,0.1917835334582268
train:3851,3.4244810281574694,0.025691541373364185
train:3852,-8.03594313933663,-4.618632911638722
train:3853,18.572841229727384,6.984444400055044
train:3854,2.8803488232939287,0.1406633147654638
train:3855,0.23052433361120298,-0.14786845879370317
train:3856,-0.006072360690223155,0.02240249639867116
train:3857,0.8911627488222476,-0.0850714528019324
train:3858,-0.8007041222880771,-0.2477187569683852
train:3859,-0.968379040479466,-0.30715153573858966
train:3860,-0.3559515344633626,-0.05571556728371585
train:3861,1.0702713580185854,-0.16882590242685452
train:3862,0.2844270990477915,-0.4245362740711342
train:3863,-5.294516155500892,-13.240007991284427
train:3864,0.19307066194208256,-0.19010804206357995
train:3865,-1.3582342902866813,-1.3288078676365818
train:3866,9.415690017852054,10.673218116666572
train:3867,-2.6863519018028548,-0.9360924024683894
train:3868,-1.1068534843635796,-3.0805199811893558
train:3869,-0.35103597251503077,0.05160359493803099
train:3870,5.981320362074173,-0.036861514633295955
train:3871,-5.314471765593415,-1.0622500673122655
train:3872,-1.3047654081555198,0.12790401724012895
train:3873,17.4095160542235,8.774187032339272
train:3874,-1.63213797510763,0.15991681768390104
train:3875,-5.647765276382939,0.14444981798464845
train:3876,0.3304104771555345,2.9557179622040928
train:3877,-0.5554434769142839,-0.3052239028737858
train:3878,9.536224264586613,3.837691029191926
train:3879,1.5272951838878703,0.4505135351375028
train:3880,-16.693301696010234,-1.5972555670414554
train:3881,7.014068629948208,3.999831887482857
train:3882,6.8079376801557405,5.8306151815896685
train:3883,-8.984408093210174,-3.874790032652915
train:3884,1.9619862816998332,0.12428628175918163
train:3885,-1.2876013890701623,-4.03517930151859
train:3886,-1.761229939498763,-9.674724895673709
train:3887,-7.09530970357712,-2.768230617618236
train:3888,-0.4128903207467395,0.00840961084921267
train:3889,-0.07209143075425542,0.16429607656866146
train:3890,11.845016243745404,1.1433268563753052
train:3891,0.7457252508096781,-0.0927015235643042
train:3892,-2.854253699236728,-0.02267332643493898
train:3893,-2.5188343578401153,-11.018568041489026
train:3894,21.75427400412193,9.031590502476705
train:3895,-5.914418123774002,-3.5871635845940477
train:3896,9.716256662829705,3.548195153878737
train:3897,-0.08005661235643025,0.36092632696507204
train:3898,0.8622330883648636,0.29812817968682126
train:3899,20.999091568185744,6.489790296444894
train:3900,-9.656997186552482,-11.151921660250425
train:3901,2.6757804577924222,4.18136776821575
train:3902,0.9486366539746806,-0.12626861353309388
train:3903,-2.8819436598988575,-0.24336246647403575
train:3904,8.786547369612515,2.0849169485694654
train:3905,0.4883105263444005,6.236731133293769
train:3906,0.5615796202344776,-0.047323687795910924
train:3907,2.9135908165661952,-0.16750942847211725
train:3908,-0.3188484098205395,-0.6091984237945043
train:3909,-1.085852509564651,-0.07893532604194556
train:3910,0.795673087975769,-0.8139208233168969
train:3911,2.616021023221849,1.1897394109986734
train:3912,5.371305307675386,0.13159379643012942
train:3913,-1.3445943381235175,0.04533236839096828
train:3914,0.013786081857875276,-0.1592134170486365
train:3915,-8.652078354284727,-3.848891103882769
train:3916,3.3254333614857208,0.16963430141828362
train:3917,6.713452238907142,-0.061792632468360115
train:3918,8.472456304217102,15.175071712540976
train:3919,0.7406411566371648,0.7184206214028579
train:3920,-3.393874354573492,-2.393007864320979
train:3921,1.0301595263722034,-0.07618725085879607
train:3922,2.30813798759056,1.5900870868413879
train:3923,13.95450038737955,5.08810561053418
train:3924,-9.868084146027087,-9.19550098527383
train:3925,4.904097718758978,0.47277240200993575
train:3926,1.6485921261086918,1.9565598820177241
train:3927,0.762816975382318,-0.14052798947564396
train:3928,-3.7315738788487196,-2.8038721384253256
train:3929,-20.552826315210293,-8.246218265552109
train:3930,3.788181471521168,-0.15959004158705287
train:3931,0.12402382329879078,-0.13162352969748672
train:3932,-13.071849648478953,-1.5927506239830795
train:3933,0.6719550931827415,-0.0548062472807363
train:3934,0.9367315376585043,2.001102581404341
train:3935,-1.147343525566849,0.013025829339393419
train:3936,6.882525625871877,3.0009437215490196
train:3937,-4.291935853130052,-1.7932509768333385
train:3938,-2.4442392059185303,0.4866320423628484
train:3939,-1.5523248330671477,-0.15808611132796746
train:3940,-1.704141450108665,-0.5889963691503359
train:3941,-6.12501599111112,-0.16143835504149323
train:3942,-22.961121579191722,-7.453193642959905
train:3943,-1.2307244366786918,0.004186280229789022
train:3944,1.2315750607611955,0.08252475486363561
train:3945,-2.804614101697209,-0.7463274182319075
train:3946,-0.6974319920162604,0.2411915371092953
train:3947,-5.648127911237729,-1.2909650905310963
train:3948,-4.289011063551224,-0.21338472248500218
train:3949,-0.18476858896835702,0.03949340409822437
train:3950,-0.2593872191722071,-3.8660817314885163
train:3951,0.659464647017615,0.773662667548725
train:3952,1.1895707865809362,-0.05609076521403217
train:3953,1.7403192178784797,-0.2612686807027744
train:3954,-19.69569699342996,-10.474020316830547
train:3955,-2.0977311415455,-8.481783789537033
train:3956,11.231964354895988,0.7272023928844098
train:3957,1.5810499896545398,-0.030532795779800753
train:3958,1.2924405316388796,0.06557465338355853
train:3959,-6.647245515661801,-5.0333775597752375
train:3960,1.7237440155156758,0.07721277960305462
train:3961,-0.33856017121904003,-0.49445433705517466
train:3962,3.5328042435316838,9.461660345467326
train:3963,11.514631715374371,4.720690112725324
train:3964,-0.9528908128480723,-0.07884544973164165
train:3965,0.6871929632893856,-0.3300893967362471
train:3966,3.7178344939401566,0.3182108272330145
train:3967,4.113678797849179,1.7815866838667351
train:3968,-1.1474895093417259,-0.6197421989404428
train:3969,-5.648997305056265,-0.3574149336064554
train:3970,-0.44438887721712905,-0.007605349021273744
train:3971,1.0132646939290555,0.1503536929459452
train:3972,-0.09794427394368707,-0.004812906326212313
train:3973,-0.5527857818535028,0.07262951575998532
train:3974,-4.813383388160533,-3.295331781177817
train:3975,7.2623721536868775,-0.09373124929092896
train:3976,0.268994777623178,1.6610779591166749
train:3977,9.36613921936031,0.40005861513220375
train:3978,-14.738249789536901,-8.07515311763043
train:3979,-10.891620093840006,-10.61940195380519
train:3980,-2.059744443131486,-0.0034115491895213707
train:3981,-2.8536344304847012,0.5233050008262832
train:3982,-7.555876425486059,-6.559285572606952
train:3983,2.508290111443792,2.0637874559994467
train:3984,2.216401597491162,-1.110044933854189
train:3985,-0.7712302770902673,-1.0879096112432212
train:3986,-0.745959276876182,-0.09570424829331475
train:3987,-30.732816100177793,-8.326244132246709
train:3988,-3.20753489935593,-11.14236338598001
train:3989,-10.221733095082365,-0.9186214463709796
train:3990,1.9744116395576898,-0.05914028268872476
train:3991,-2.9448868425278985,-0.08905054811462543
train:3992,0.30980282169910955,-0.09303449389485868
train:3993,18.558332116203925,10.768655915987763
train:3994,9.794370070217479,2.0272394684055777
train:3995,-0.8769959869052485,-0.4689695526164764
train:3996,-0.6856052141270483,-0.23392973371642556
train:3997,6.619074193365541,13.987984264760476
train:3998,8.085244104601534,4.0903829834180945
train:3999,0.19979149458419782,0.4655664618357124
train:4000,6.340954645899414,0.9928222697133404
train:4001,-2.729211622307235,-1.151029672639251
train:4002,-4.456328460969108,-3.2103647146678425
train:4003,-4.025268128411614,-5.984125691337341
train:4004,1.3838310238767852,4.318967258004554
train:4005,1.501323554537671,0.38074405338708384
train:4006,4.109336477921304,0.4234173255193795
train:4007,1.1322145052980699,2.3795588846211984
train:4008,4.299060060200429,0.10322997418469598
train:4009,0.09373962867546859,-0.002724209406911482
train:4010,4.332239754664309,-0.03018213550880551
train:4011,6.826704033891143,3.850823812717857
train:4012,6.749099710049519,0.7944972088940561
train:4013,-1.6041448889002141,0.04902942328227905
train:4014,-1.792873084994588,-0.44461478445383734
train:4015,0.46915341030713703,0.6970618729111591
train:4016,-0.7583827750681165,-0.11999738698603116
train:4017,-3.6144377066701376,-9.412216451111014
train:4018,-1.672731692686051,-1.0889682971142773
train:4019,-0.5685934071070003,0.08419089046369807
train:4020,-0.14796556791369708,1.5152794672551948
train:4021,-0.014627986222633643,-0.1880525851130106
train:4022,-0.9663905926923654,2.5324441948805467
train:4023,5.641566371871614,0.08959873378860322
train:4024,0.6905705815202218,0.3153996959718423
train:4025,32.906993663913255,11.527371755059955
train:4026,3.6281353678583117,6.4017172187794635
train:4027,22.418775410369452,6.772928635420966
train:4028,3.3159769602723403,0.010248223368572631
train:4029,8.2583604052807,5.200273528366418
train:4030,0.6468319364094554,-0.8808581313366677
train:4031,-1.3765757103589067,0.010755239887334678
train:4032,-5.842443008678278,-0.5719017522697225
train:4033,-0.070660534056395,0.10620858923681552
train:4034,0.8293042163422143,0.6269516458160402
train:4035,-3.1228791872545543,-1.7758717516367626
train:4036,1.3752133319942281,0.45860975009656985
train:4037,-10.643769398753344,-1.5459909756089663
train:4038,15.334677486716249,12.466515856336155
train:4039,0.19707638233807487,-0.10879080971680385
train:4040,0.27816583634665104,-0.3306316504750807
train:4041,1.9219904467153364,0.964550321029551
train:4042,2.176867424571802,0.3524355835359328
train:4043,1.309799118271327,-0.8920184865034528
train:4044,0.4808744196970352,-0.010839754905734397
train:4045,-2.084988478189702,-1.277895363083188
train:4046,0.2989737545770516,0.4562733940110983
train:4047,-5.039421131815072,-4.139790761566419
train:4048,-0.15354654157474518,0.0828902518588715
train:4049,0.23325664776710442,-0.42879612585791943
train:4050,-0.6662746842425582,-2.038038666220303
train:4051,0.17334797500629026,0.10172147877969039
train:4052,-1.5652769412974115,0.5070955942717583
train:4053,-1.8130234950924407,0.12155332862189279
train:4054,0.6145878863625833,2.302463556285746
train:4055,-0.39450240902646416,-0.27947006014741593
train:4056,-0.5214585471061777,-1.6592128715055297
train:4057,4.82156760480645,8.183081667013647
train:4058,-7.145495577981228,-2.3161881566704587
train:4059,-5.857869402417765,-0.2029526507532985
train:4060,1.459863000181357,0.5144851389084597
train:4061,-3.1040379819657913,-7.614513345628439
train:4062,-2.361173508180467,-0.1635808350861664
train:4063,-2.396198688613693,-4.635858633803731
train:4064,3.200398723219916,1.4854225569722364
train:4065,0.3597127681720397,0.13258742897182263
train:4066,-2.6925417998242387,1.6928082911566347
train:4067,-2.400027973205335,0.5631179237179544
train:4068,1.6577928232577963,-0.15119416759656779
train:4069,2.8778833711978344,-0.28379254002979387
train:4070,-1.1636209489238922,0.11180916731603906
train:4071,-2.032380621380428,0.19948864380666184
train:4072,0.16285341529195244,0.2270166163662689
train:4073,5.054724614526894,2.227227668947914
train:4074,11.881060288645646,1.6528313083334563
train:4075,-1.267233165601195,1.5932721320855863
train:4076,-8.693459640381116,-4.335550210378552
train:4077,3.5921819816717666,1.2696686963248993
train:4078,1.0236725467197798,-0.3063978586793269
train:4079,6.547959173758742,2.233896491172464
train:4080,-5.6843142205810056,-1.7153005396027088
train:4081,1.126536480321717,0.03065984674264024
train:4082,9.21368752640643,1.1486235669292155
train:4083,0.7676116590457197,-0.8827045902005779
train:4084,1.353599597274,0.04844522726530365
train:4085,0.749819770253446,0.21975703572748323
train:4086,14.68000069553466,5.937941762173536
train:4087,-4.92996723956028,-0.20287875245371528
train:4088,0.9982892691756536,-0.2684162726057052
train:4089,-8.070923455329488,-3.962681075124777
train:4090,3.6330918424569276,0.08997122116352943
train:4091,1.377675994591439,0.06236050533411876
train:4092,10.502947418482371,7.851382158954703
train:4093,10.449504339215878,2.4669001123312966
train:4094,7.038242427268313,3.3598594882977073
train:4095,11.495927195530875,1.9909457023751393
train:4096,23.739052670358465,15.145398264059686
train:4097,0.4443032757370248,-0.24037001332334562
train:4098,0.05035803942172651,-0.08705158484481851
train:4099,-4.105932532527892,-11.160120662323102
train:4100,2.685656213671214,0.3160914582395624
train:4101,0.890850092489111,0.3304437063694265
train:4102,0.9521667648111208,0.11041209000364831
train:4103,-0.7188207071599262,-0.10182154382638078
train:4104,1.0754565715256075,0.14977791391676015
train:4105,2.7252782558053887,0.038876110773327525
train:4106,0.24398947717769875,0.21571474167595744
train:4107,-0.9695703889607487,0.23194569001279325
train:4108,-0.49125303959718025,-0.25795295815661023
train:4109,-2.0316434963005943,-1.8183367389864493
train:4110,1.0473488834057485,-0.155062843442316
train:4111,-0.34828575907463,0.007814429949866794
train:4112,14.83258070543716,5.388863130189259
train:4113,-1.232080133135831,0.14100769796081877
train:4114,10.845642935257057,10.365970100799451
train:4115,1.6069409559953725,2.5293430341926317
train:4116,-4.120828456563128,-3.232692272720293
train:4117,3.135143046016865,-0.053556110602651946
train:4118,7.36377322758292,5.67012291161917
train:4119,2.3255072673020587,2.6595181701070927
train:4120,1.8981188451075575,0.014653303859944192
train:4121,8.191652328992566,8.103868396292842
train:4122,-5.6220609740090275,-0.7038978107631024
train:4123,-6.433897667342523,-12.564313895916964
train:4124,-2.0068741409689688,0.026789744288791953
train:4125,-4.24504251724085,-5.45104675451688
train:4126,-28.430389757470017,-10.194167741630537
train:4127,-0.2732433574988038,0.13450807145693613
train:4128,2.2606130626625975,7.939903191563553
train:4129,-4.856653165000714,-0.036517131437941
train:4130,-6.806900624564556,-2.599329063541111
train:4131,-0.11993284757631867,-1.8367091687422883
train:4132,-1.4700406599328057,-5.944813680559824e-05
train:4133,-15.781630232403504,-4.023794968880095
train:4134,-1.8425296519856453,0.11964852148668996
train:4135,-9.962746720454755,-2.6120875051015857
train:4136,1.8801549372174984,0.5016926014143933
train:4137,-13.844163326888621,-0.7633237418144265
train:4138,-5.8546140572213,-1.5187219324195202
train:4139,-3.4367019958407177,-0.1067984088442572
train:4140,-0.16128170574819245,-0.2493439489159759
train:4141,-5.687862463160186,-11.651179713521095
train:4142,-0.04030474229507572,0.1084523584565931
train:4143,-0.17883416255300838,0.41758221306850574
train:4144,3.0673138236360042,3.2089868367459267
train:4145,3.1655750840809866,8.394102683958623
train:4146,5.834584352331565,5.423357943405519
train:4147,-2.594602029125522,0.16096936914012683
train:4148,4.198889155311791,-0.20570828695937837
train:4149,0.14472236992715362,0.1488109589465381
train:4150,0.32847991147025624,0.23151956217330472
train:4151,-1.2702367585234682,0.03800431056337962
train:4152,-1.8836840588395498,-3.434455173739107
train:4153,-0.9670635592978899,-4.890446264873262
train:4154,4.129435282289822,7.825363680425771
train:4155,-6.166431681027065,-14.83027771387206
train:4156,-0.1619028341661411,-0.11368778468107679
train:4157,-1.3556388940342874,0.13672987091197275
train:4158,6.590895140565925,6.828370050048817
train:4159,6.4659530206797395,0.05951556346097504
train:4160,13.595447249154935,6.997449359495209
train:4161,-0.4021161137693806,-0.15476810620884318
train:4162,3.272496576266492,-0.1398460708038143
train:4163,-11.039900556130835,-6.906142506407435
train:4164,-3.6335787830888235,-0.01919925038966791
train:4165,-0.7317388764871131,-0.15379316223326078
train:4166,7.2866696187907944,0.7464315008043358
train:4167,-2.449138960706525,-0.013317630514732143
train:4168,8.75728273683093,0.9969705607467008
train:4169,-1.6903590010442273,-0.030412960699395544
train:4170,-3.550857588462811,-3.0906717244293973
train:4171,4.78368667489175,6.052756893996249
train:4172,0.5295111923881146,0.12773667610999168
train:4173,2.8282335454957446,-0.6697876110906191
train:4174,-0.21854081948663423,0.14433440538935344
train:4175,-5.216934147650331,-2.2424413628674715
train:4176,-0.2321436945604783,0.056405843124459815
train:4177,-2.834965709210204,-3.19582215701743
train:4178,5.161789300988393,5.978444878064018
train:4179,-1.5965455965681934,0.1267804207005201
train:4180,6.1454219321964345,0.13525875263918877
train:4181,7.033915449584295,1.829344672589272
train:4182,-7.140592568777869,-10.390254454340823
train:4183,4.808078053124729,2.0676698272829555
train:4184,0.7361224009049402,0.4851452314009638
train:4185,1.2723545124735764,0.8680644640676503
train:4186,4.30991957935196,8.100705320813384
train:4187,0.8211207564524444,0.09655344827640566
train:4188,-0.19584150478443746,1.0981097993397888
train:4189,-1.7797468655423772,-0.2887049223615475
train:4190,-0.20556267593346272,-0.1044807413248964
train:4191,19.017143313482496,8.56786640376238
train:4192,6.6093062981102255,2.52239602338857
train:4193,-6.664546917567146,-5.335383646839491
train:4194,1.5939170181688715,0.12950353024191852
train:4195,1.1025114562753733,-0.30381926453846475
train:4196,2.1358738788201506,-0.004810481092442212
train:4197,20.782918422414465,4.211000986348619
train:4198,-1.4782631728069373,-0.010721203772619231
train:4199,-2.119659624723027,0.21404147303539467
train:4200,-7.3886803712695865,-3.702311972068935
train:4201,-14.969224016381395,-4.08899267098265
train:4202,-1.382813494777782,0.5342142729674575
train:4203,-0.7748168752790884,0.8069550641278478
train:4204,2.256137079246579,0.3933605474416025
train:4205,-0.06422760094482968,-0.5497451018676589
train:4206,-3.836585959048809,-1.747707939846958
train:4207,8.420322429759699,3.1862892165523196
train:4208,-7.1837879589811715,-5.088242624730663
train:4209,-0.7780512992339303,-0.061940714389146556
train:4210,3.3346015144811907,0.16049858846710635
train:4211,-0.634774500564487,-0.1868179984632169
train:4212,-43.98352716820529,-16.80477636669264
train:4213,7.986000243175013,5.042547166180319
train:4214,-4.599368384691736,-0.056948727325409454
train:4215,3.3371306601351134,-0.09554332689962777
train:4216,36.307641997527476,15.30371638328569
train:4217,0.19147995020405006,-0.19309079427918968
train:4218,23.424371161032816,7.903314688299641
train:4219,0.07391280044804419,-2.4188979481209048
train:4220,6.903294374888795,0.8192337373842717
train:4221,-0.1665162004021476,-0.014644376047789842
train:4222,-1.0787590463634147,-0.059503069128570535
train:4223,-0.021371599772293415,0.07186242858458196
train:4224,-0.005443793608586461,-0.46615528281748403
train:4225,0.48198998679199617,0.5182582320115037
train:4226,-20.545833971343566,-9.997081261963727
train:4227,5.061940118304261,9.089313348778175
train:4228,4.316275917473363,-0.09354036912714067
train:4229,-0.04484941712108825,-0.16692822833215198
train:4230,-1.2527512496918445,2.3972531048862677
train:4231,11.79800202957127,1.6513162505311905
train:4232,-7.566823348935925,-4.875667175599859
train:4233,0.15368572721296303,-0.12808425766204282
train:4234,-1.8662810726832149,0.001621238865877478
train:4235,-6.492698909046785,-14.111100603614707
train:4236,0.9358781834585456,1.9023795889503279
train:4237,0.34649949310885503,-0.09178820905864449
train:4238,-7.038790736875636,-0.9625935025175718
train:4239,-4.7219240882835125,-0.005595686190716348
train:4240,2.807926691002203,1.1382126089973927
train:4241,-7.324212262584504,-1.896844409340963
train:4242,-2.8602157881826664,-1.8937064421640668
train:4243,15.284678508737302,5.593259549760788
train:4244,2.3421575536764636,4.513758895881605
train:4245,-0.08784396340481365,-0.05416142041950825
train:4246,-10.795588805293743,-0.6157302916414484
train:4247,-9.08506994990222,-5.817176593105962
train:4248,0.2803763979823108,5.536234029498628
train:4249,-1.4647764106240984,-0.029112179433758975
train:4250,3.3512111206635513,-0.03131942748617496
train:4251,2.92280081204491,4.370524589419176
train:4252,2.156218159090372,0.9896074083598505
train:4253,0.5588213869847883,0.5187817971842265
train:4254,-5.355010158110656,-5.415523642182095
train:4255,-38.20416527643093,-13.10694996572136
train:4256,4.043382961081023,0.44471715509654575
train:4257,2.283064111964207,5.684075709481016
train:4258,11.70158207084731,17.536697021967356
train:4259,-6.757500459012495,-0.39806898463392326
train:4260,6.257263170578597,9.348454427581483
train:4261,4.358540544882703,9.804507369220156
train:4262,-0.28899891210648526,-1.2700478772463666
train:4263,-0.46604166492171917,-0.27391071104228415
train:4264,20.673371081947092,10.227777427362641
train:4265,-3.199064585997691,-0.04461142047607297
train:4266,-0.07874601279789933,-0.14530027889197147
train:4267,-0.390381621801548,-0.052446494822423695
train:4268,2.3663673820238063,6.4409403818825695
train:4269,-0.03560780732169927,-0.03808896824258934
train:4270,8.546796449449133,8.26455240239199
train:4271,7.72594270097633,12.46366720528195
train:4272,2.4902299658422695,1.7959143943372782
train:4273,-23.235286547074715,-9.550032500009406
train:4274,-2.6736331816458025,-1.7513503556480363
train:4275,11.691273942641654,12.780028393692268
train:4276,1.7372398435698844,1.9532204777770987
train:4277,-10.430646105094148,-2.9639429883630664
train:4278,-4.743867216330176,-1.9670823178610375
train:4279,-3.7986636515673444,-9.37719778740041
train:4280,-0.31997792440991546,0.1599252346716914
train:4281,0.5605722624503533,-0.4696053918466741
train:4282,2.6518967683561505,-0.28337511449971575
train:4283,0.3328029373641901,0.4039389891643725
train:4284,1.1994962885231413,0.23425208732816355
train:4285,1.6598821579211656,-0.03732373565771607
train:4286,-0.048450660179045146,0.21853215001276996
train:4287,3.1432009784568997,6.355119062442277
train:4288,-1.185964602518506,0.029802455274502954
train:4289,-0.7742631597508123,-0.2349586034781903
train:4290,-6.287674460477908,0.08386633712093396
train:4291,0.4787511461305894,-0.7221813628343074
train:4292,-0.5894021389412418,-0.2629898833754993
train:4293,-3.847342266741669,-0.18980217728692667
train:4294,-8.301404870704651,-12.053031248292491
train:4295,-35.35371026383653,-11.939963996713974
train:4296,2.3534557215273466,0.6456206673958822
train:4297,0.722064256367566,1.1507911552764498
train:4298,-0.8944801009874309,0.1588400138899742
train:4299,8.216988417513921,7.84349244551812
train:4300,-0.5199833671135496,0.5269146046410601
train:4301,-3.7812302133815368,-7.715460134788829
train:4302,14.100631075864547,1.4446629369453639
train:4303,10.846126448396777,2.9612303759027325
train:4304,5.127570053274114,2.014780614546116
train:4305,1.335304901308065,3.7125686538462648
train:4306,0.0012554204171855154,-0.05423588936233151
train:4307,-1.5119159197897258,0.19225545541772732
train:4308,0.6771728508433986,0.8680886450749463
train:4309,-0.4622532929803608,-0.154165506947377
train:4310,0.9141765795235028,-0.2345717073614535
train:4311,1.5529871659750487,0.05520463910420758
train:4312,-0.08225427255975612,0.17575844467022994
train:4313,-0.910826099525348,-2.632703989398822
train:4314,-1.352071357421167,0.16287902674286986
train:4315,-4.756490628608725,-4.494328838699256
train:4316,35.979515103585754,14.476313358698192
train:4317,-5.986041297093987,-5.151428809412131
train:4318,-5.322354424520301,0.20007298248444727
train:4319,-1.2223047992168277,0.15126301294892475
train:4320,-0.9930516931831471,-0.1513924661224764
train:4321,1.1462926412441052,-0.2071629992390116
train:4322,0.6229775367114551,-0.2684152739800352
train:4323,5.321912115870532,12.138295560111642
train:4324,12.3860618680949,1.6002941824757115
train:4325,-0.16558497269170508,0.3584029425576823
train:4326,0.42656008694608355,0.6084857732296474
train:4327,-0.2951423184798189,-0.6023066227239147
train:4328,35.824374333708654,16.033709465514477
train:4329,-0.13670389600653338,-0.5102788447443027
train:4330,1.3447717631422562,-0.02429010139473929
train:4331,1.1353912796093297,-0.3566516982729222
train:4332,-8.195872548962882,-13.15910789914611
train:4333,-3.8623018843347334,-4.856243620995895
train:4334,-0.22004714888345583,0.26076431492052643
train:4335,16.177022464416666,5.6502964828877476
train:4336,-4.192732904353817,-0.2830010578558795
train:4337,1.3409617725845546,0.5016030104257094
train:4338,-0.848574015244571,0.11279038836726173
train:4339,-0.10051630814293597,-0.2709236790023743
train:4340,8.49429250147325,3.8392274861156928
train:4341,4.6327580483279895,4.598004669336188
train:4342,1.37647836973767,-0.2711271133174431
train:4343,2.4160739275365177,-0.0514166264349889
train:4344,-0.4357922228053144,-0.03167879006658059
train:4345,-0.6795039989243201,-0.11743091901401956
train:4346,-3.3302514640499594,-0.25062532831145157
train:4347,0.5062444471214671,0.11071481624248147
train:4348,-4.583821112667319,-5.360091357846085
train:4349,3.5013094063931383,0.17164296562317097
train:4350,19.25891476067013,5.653884687581024
train:4351,3.7584870234533607,0.07794662680972653
train:4352,2.111273288170947,7.844788946959456
train:4353,1.2460753408715255,-0.031686351089510914
train:4354,-2.737934850230866,-5.584787269395016
train:4355,3.151661528569048,0.0017852987973846213
train:4356,-1.8886365816480812,0.26901553084966523
train:4357,-0.0818179484428064,0.1711057050126876
train:4358,8.47512864414702,10.616311290198338
train:4359,9.595644310126422,9.33385109642601
train:4360,-2.0882761350815615,0.4667896356207056
train:4361,-1.495195895943246,0.014951750274477163
train:4362,-2.41103998496247,-5.404211210591844
train:4363,5.299733740084736,1.4553265471717076
train:4364,13.129026298923533,19.580359918051904
train:4365,-9.003886234077223,-7.072794299510763
train:4366,-1.4733255273257817,-1.737753639167965
train:4367,0.1535564804313839,-0.2897352187314123
train:4368,0.8894518561740057,0.6706924487896124
train:4369,1.1193205116278688,0.18322588210919466
train:4370,-1.5083813922467209,0.3189219913708955
train:4371,-3.793774124941921,-11.208893540048022
train:4372,-1.2694619752087144,-0.05513436714375056
train:4373,3.4848894861348216,-0.23968780932989597
train:4374,2.2759536793114323,0.041761996298943026
train:4375,37.83793504942002,13.695146131990462
train:4376,-4.120961422676552,-4.200173946652885
train:4377,0.6683619861631933,-0.6247087923799988
train:4378,7.295478391346838,1.8428032934052572
train:4379,-0.21783275168683197,0.8132525402639517
train:4380,3.141337593203054,-0.04214139121162555
train:4381,1.2481360831713442,0.24369380771680413
train:4382,-1.046479895122265,-4.081733518326295
train:4383,-3.413624936498114,0.19814563494126344
train:4384,-1.6189011055330598,-3.386891774361419
train:4385,-0.14203811524555593,0.057694070238815835
train:4386,-0.6139353167007727,-0.042121418698224694
train:4387,-10.799196557182428,-11.198676743478618
train:4388,0.9081008184980821,4.227749080121727
train:4389,0.26660510691340544,0.045883467100022245
train:4390,0.9140060714042794,3.3345680092565675
train:4391,-17.37319369742825,-9.457585441909186
train:4392,-0.27260072669363195,-0.5190350799408636
train:4393,-0.4401546503709707,-0.18483044805821047
train:4394,3.934588785312062,1.0942215789630698
train:4395,6.499974213973324,1.983967876836116
train:4396,1.8985677219694805,1.6080184093726875
train:4397,0.912428493556821,0.3347643316612744
train:4398,-4.344829866033075,-6.948681106735085
train:4399,-2.2795081388816705,0.061397544866576885
train:4400,12.1631251173653,1.1453626261340937
train:4401,-11.84540927124824,-8.133733070078417
train:4402,-0.12065939580622081,0.007061608855464058
train:4403,11.198455034647434,1.8126813193373075
train:4404,-9.350063045457896,-3.047640088342366
train:4405,-5.0152185096731765,-6.16944721932456
train:4406,-3.5445105486710182,-0.19347683443106645
train:4407,-0.4062329492042126,-0.2517522060496906
train:4408,-0.6839540632465508,-1.5209400226934968
train:4409,31.443775042495478,13.421986060709463
train:4410,7.253462029338086,13.504788677410025
train:4411,0.7328203316021854,0.2191611415240873
train:4412,1.9634361237442741,4.043288652783707
train:4413,-4.789743779876524,-1.8163277894599419
train:4414,-4.934255164259936,-8.371372311597591
train:4415,-13.881711841519763,-3.690038291940861
train:4416,-37.688773743475444,-12.43984747497571
train:4417,4.578314468795458,1.4830814930800347
train:4418,-28.113872757879353,-13.196149493142599
train:4419,0.33885382535790415,0.31918905240722706
train:4420,21.728763107003907,12.133157488378458
train:4421,-0.33961901850337994,-0.7806381990032594
train:4422,-2.610918737925168,-0.039026820407570106
train:4423,-2.3924763348125655,-0.000534651294936267
train:4424,0.5116839699433229,0.7396106734867243
train:4425,1.0902037222870833,-0.13479787538093477
train:4426,-2.492895505101791,-5.317100237429095
train:4427,3.610270022262119,0.11189790233986292
train:4428,-2.0335268729631015,0.31693986207666924
train:4429,-9.751230178152168,-0.4781188183446043
train:4430,-8.037927402875408,-8.634141540120979
train:4431,-3.77161016156702,-10.229481427896232
train:4432,-0.19064536574012364,0.07428694905063739
train:4433,0.845711118939077,-0.14890588820406828
train:4434,-1.4620236401430549,-6.89337550519836
train:4435,-2.4461760479762957,0.6117972159515113
train:4436,-3.333771346723829,0.10527544487856494
train:4437,-0.3280486420531639,-0.33057287422135817
train:4438,2.1313760443295484,3.536478136231308
train:4439,1.1396029580061837,-0.07278464787933811
train:4440,-23.4285969600009,-8.490855875766947
train:4441,4.1760691947829045,10.196388625301836
train:4442,-4.629496832294091,0.0771846754234834
train:4443,4.754357883635857,0.47194240141731963
train:4444,-0.7314580669328908,4.726231629229204
train:4445,-1.7096362979917004,0.04081929366642203
train:4446,-2.8833332952590736,-0.4663330381867517
train:4447,0.5899150012006619,0.1372759764926765
train:4448,1.9494953706182265,-0.05773093654667347
train:4449,0.5571653544812456,-0.355542653135934
train:4450,-1.6990062151232963,-3.817917730100702
train:4451,-20.094024416261334,-14.647151450429217
train:4452,-0.009497400402070338,-0.13116901235680697
train:4453,-0.21912940375094786,1.5959033680653407
train:4454,3.19065872295343,0.44414080542412065
train:4455,7.491266809114092,12.435510526532646
train:4456,9.455743502480132,2.060983315117965
train:4457,-2.8880670748635295,0.023082845801590757
train:4458,1.8971727400697387,2.222420284972325
train:4459,-0.9897105708960304,0.05470447030432583
train:4460,2.543191856551445,0.03612075988886771
train:4461,-2.09521385126183,-0.1810349572079954
train:4462,-1.3429341213716501,2.408481366598616
train:4463,2.7812337437325074,-0.2548520827903154
train:4464,-0.2640924064131124,0.3120297623178757
train:4465,-4.643112376342029,0.009777728017172166
train:4466,5.081539602372721,13.22689226723682
train:4467,-1.5871219719666882,-3.7877503898951703
train:4468,-2.9842596894285247,-2.487887003910185
train:4469,-3.0245223864728294,0.1186812811948479
train:4470,-0.8404361171698902,1.6966136256027402
train:4471,-3.877683181175612,-11.768509670102597
train:4472,2.1582535634420035,-0.18148391077708492
train:4473,3.4755781388633578,-0.3108199158070892
train:4474,-13.201230326004477,-9.956121631481226
train:4475,8.400303126109348,14.026110080913014
train:4476,1.491666076946474,-0.17053583489558888
train:4477,2.583632151691301,2.8555158624719357
train:4478,0.9382506522585397,4.578831056471355
train:4479,2.9719652649413577,0.20957419243086042
train:4480,2.4072279616620347,0.18940081260950317
train:4481,-0.8122749636547736,-0.2399326152798666
train:4482,1.5753887016714851,0.5619526702218238
train:4483,1.006471334315982,-0.16312631774548664
train:4484,13.93010714948065,3.765295233259698
train:4485,4.2353028088140325,0.9531330337439445
train:4486,-2.1755202696881235,-1.3107076347062347
train:4487,-0.34413637948616305,-0.33740718298551536
train:4488,1.323414197402784,7.759136537918212
train:4489,-7.479367909788976,-0.21393753312377622
train:4490,2.374776558864859,3.99622770477886
train:4491,-4.173921453719806,-8.196449044730105
train:4492,-2.0392453456732578,0.23122839146008206
train:4493,8.749012802475788,1.3250575404442628
train:4494,10.30119784160214,8.167785574964782
train:4495,-0.15769394526817004,-1.103102416865642
train:4496,3.587759231192765,0.8034195012734642
train:4497,-6.338828290994417,-0.3152846285170433
train:4498,0.8028760390081633,-0.021564851941190774
train:4499,2.54157999111355,0.10256831334788721
train:4500,-3.9472030723378135,0.16338775519135199
train:4501,2.435525568164178,-0.32866150468889505
train:4502,-5.2331959963052785,-8.056414905557736
train:4503,21.761004135093653,6.972309671555916
train:4504,-6.312187646828777,-2.117971232745159
train:4505,17.17731258820456,12.819778260505917
train:4506,-0.3786615422446108,0.19518114330933453
train:4507,-1.5694379437978907,-0.2835568643716636
train:4508,-7.981045801319132,-0.7070674486398203
train:4509,-1.3002347970530423,0.288095843544755
train:4510,0.1535092914086131,0.31721277220621114
train:4511,3.5091716089948823,5.054340079378672
train:4512,-2.6531033996998614,0.26518137891993854
train:4513,0.768618900600724,1.5929323140361515
train:4514,1.3548253495748397,0.006410932901025762
train:4515,-1.7684324256146766,1.302638964795028
train:4516,9.005245011872912,14.042649604581893
train:4517,0.7556261121784168,-0.16506422218861094
train:4518,3.582192321255252,3.609549003116485
train:4519,3.629013362631737,11.532561184684742
train:4520,-1.1707785705994374,-0.08815806208722662
train:4521,-3.467120086410424,0.523164622589237
train:4522,-6.255707733111654,-0.2615711216199876
train:4523,0.9038572933223138,-0.19819006227205144
train:4524,2.9024858215129603,0.6355488142094441
train:4525,-0.6198967082719904,-0.04476891801031982
train:4526,5.834462079297193,12.876045966545323
train:4527,-29.589733388234897,-8.356655422437353
train:4528,-0.6412586907180275,-0.13631721300750085
train:4529,20.679316433899732,8.804637126270237
train:4530,7.882961268518168,3.676171030746142
train:4531,3.419368806537886,3.1421636573741605
train:4532,4.785119547484653,10.670347781169246
train:4533,-7.896103700665769,-3.393989149659227
train:4534,-8.346020115839401,-3.6167154860652126
train:4535,8.547765335394496,0.8967841537036441
train:4536,-1.1243138877052563,0.23900797075134037
train:4537,12.919934760983237,2.8697682480347955
train:4538,-0.8387542818016797,0.35097530748470934
train:4539,1.871736694505076,-0.5341004894599486
train:4540,-3.6656598799092803,0.1693010457661091
train:4541,1.988978170266491,0.25021768655838783
train:4542,-7.0038411053704905,-5.7584516972750075
train:4543,1.4322567244857174,0.10168381632584875
train:4544,2.7894567215231194,4.166665715779751
train:4545,-1.5679237108209008,0.1001119795212004
train:4546,1.8503984227995445,0.019900511112782363
train:4547,0.14460172410046374,0.10573509800840493
train:4548,-34.30679645571813,-15.234136771561863
train:4549,1.382400940782766,0.23671997668046088
train:4550,0.7092823075691658,0.12448843212696042
train:4551,-1.3998963859372924,0.31406752932800436
train:4552,-1.4378440313669447,0.1283165923026669
train:4553,-0.4674752348893424,0.46021068970645945
train:4554,12.945367552132538,6.440915273580008
train:4555,-0.3932016889431439,-0.022028356912900934
train:4556,-2.700268711730157,0.058625074684916324
train:4557,-32.618294185177184,-9.736610013767919
train:4558,1.538187944567757,0.14312706695427094
train:4559,-13.24547735728667,-4.6297319226572045
train:4560,-25.547896420371373,-7.434825778349985
train:4561,2.0872030509968744,3.2526387620348647
train:4562,-4.838724125846693,-0.33987535765943266
train:4563,2.732014895607841,-0.12190989780497433
train:4564,-4.700716458109002,-1.711169653188169
train:4565,-0.23371429866072913,0.02782845764644712
train:4566,-8.1844634985314,-4.985036658983015
train:4567,0.7439064975379601,-0.04030677319494577
train:4568,-6.450319912183242,-12.604573917787194
train:4569,0.8190490886153342,-0.04968814806095373
train:4570,-2.960411333644771,-0.09701986628319198
train:4571,0.827140495041965,2.302002476547806
train:4572,-3.142771103789249,-5.023827845153422
train:4573,-4.638493896024737,0.033717923865933225
train:4574,5.372537336348712,2.467280160729153
train:4575,-4.404406123510332,-6.303261347180659
train:4576,0.7427767504903439,-0.3078300305509792
train:4577,-0.7004337252726118,0.1502044697386787
train:4578,1.7950791730759907,-0.903702264182151
train:4579,7.819453677281799,4.057730206580635
train:4580,-24.178538857368885,-7.7073604246399166
train:4581,1.7553634502709952,0.16892870105199292
train:4582,0.11256572417861566,-0.3946919179394564
train:4583,10.876645425842753,3.537976645379613
train:4584,-30.32896360989215,-11.646581470292976
train:4585,0.43986529924328716,2.263282620782402
train:4586,-13.18322132121581,-4.408980297183325
train:4587,4.076769078462244,-0.09255372696513778
train:4588,9.405095501094408,2.3652591356694166
train:4589,-0.36683011519059383,0.35618642155261593
train:4590,-1.4938699541408589,0.07035179326742627
train:4591,0.09406414037885794,1.5429570910044983
train:4592,-18.14373697388017,-7.649766543710692
train:4593,-1.6784450513149216,0.16474816867557113
train:4594,0.9910640021521954,0.33262984062196155
train:4595,0.11065422006903784,0.4922916820174145
train:4596,15.86828630704366,3.6060806335036144
train:4597,-2.7639957435453217,0.16377522195132882
train:4598,0.06727356064825676,-1.2240206494708252
train:4599,-0.1832311101673419,-0.45513074074182464
train:4600,6.6645104810048545,0.8322653743959085
train:4601,-3.5352759126188364,-3.175401973994762
train:4602,0.00883216429990219,-3.527290269242544
train:4603,1.2365905797528347,-0.024139023596942713
train:4604,-0.2616604283036143,-0.08113315848090114
train:4605,14.583372454227437,16.251240951184897
train:4606,-0.22828965316624927,0.16527943753203422
train:4607,-6.504765816298176,-14.91077264930996
train:4608,-0.1993180339965001,0.031340624127989845
train:4609,3.862781505065798,2.637798061783648
train:4610,-10.551455582385165,-4.4525606067456405
train:4611,-3.017711360033497,0.6617182278753622
train:4612,-1.2737389743710787,-3.55203849591918
train:4613,-1.5579303310725425,0.18679839411337001
train:4614,-16.05131340541447,-9.504010122701406
train:4615,-14.456093837187069,-2.3530736797408025
train:4616,0.7651173821278345,-0.049212231598773026
train:4617,1.0155832324173113,-0.28100009733473247
train:4618,9.185156531831074,0.974601345737728
train:4619,1.4521900185871766,0.2675301464958807
train:4620,-2.6137628644946296,-6.94326741431697
train:4621,0.8345802047920541,0.7400159728479518
train:4622,6.2449805420802535,10.710752746422443
train:4623,-1.6195210716598072,-0.09010395553571124
train:4624,-7.866512696514873,-6.119856039193444
train:4625,0.07739107309690868,-0.24312122704431527
train:4626,6.149350011540183,0.9058782096982996
train:4627,-0.4629367202066965,-0.15821279412725298
train:4628,7.080890610774065,13.869245960662592
train:4629,-10.148257694504066,-7.95185936854743
train:4630,0.11851386563013908,0.29509763609985945
train:4631,-3.099320939354633,-1.0810607510764434
train:4632,-8.807196808170758,-6.253573728341978
train:4633,-2.525922706960066,0.2214923618203987
train:4634,-12.257332711635371,-6.440915904042125
train:4635,8.588540370400313,0.302261206013511
train:4636,-0.41433597854285587,-0.03347574562941874
train:4637,0.5759405416297778,-0.06034947571433735
train:4638,-2.053852324115863,0.3592581941136695
train:4639,10.69560880800178,9.876999603859948
train:4640,0.0308947758820535,-0.18653581538102465
train:4641,2.107407275177345,0.6814216829885589
train:4642,-4.482279633994166,-3.164844503411063
train:4643,5.60070114306858,11.862645201731175
train:4644,3.7108751591435447,5.907516776545133
train:4645,31.69106969747146,9.834207067290487
train:4646,-1.721295008573211,0.25331342613552243
train:4647,-1.6234607739155686,1.9144626742362334
train:4648,-9.062212796054894,-0.5465055601940381
train:4649,-0.06226844289600056,0.3241954482127748
train:4650,-1.6408867734376886,-1.3600774052602216
train:4651,-1.157275768798021,-2.4325211995116374
train:4652,-5.602029117613703,-0.03563548763210264
train:4653,8.370561489018769,7.304140998203306
train:4654,-1.0855110284097234,-3.197600851996587
train:4655,0.8952953914174165,-0.13119540460665813
train:4656,-2.089896833932586,-0.05267375349276357
train:4657,2.429536746520611,5.472538831047058
train:4658,-38.13545805927664,-16.653633515566707
train:4659,7.1231120009507185,11.26301785025902
train:4660,-3.1561309437729115,0.21682364415213567
train:4661,7.492752682185772,6.129106676938609
train:4662,0.17652730635819294,-2.8577283061323877
train:4663,-12.37581202752612,-5.620244187113958
train:4664,-36.71164947807793,-15.581104980794152
train:4665,5.722244258565826,0.4860728119876241
train:4666,7.845748888502427,4.693900695179118
train:4667,-0.0031710493936597806,4.292277417703733
train:4668,-6.872473374807308,-9.95599494868194
train:4669,0.2985034915570254,-0.5816350713540157
train:4670,-9.820993685550151,-9.575164769586578
train:4671,1.137482473938621,0.23369613815156937
train:4672,1.251585995914898,-0.2867342059321218
train:4673,0.3554511112535318,-0.2847706225431964
train:4674,8.386618774422296,1.080981229186394
train:4675,-0.6094837413999804,-0.1447259264708865
train:4676,3.0493278322131214,9.083411756389838
train:4677,-0.17997437022143586,0.07540084465516583
train:4678,0.4892285039351487,0.2293478366625803
train:4679,3.6397303848819944,0.6817557946055934
train:4680,-1.5686059757560353,0.16618119651208346
train:4681,1.0156783078375737,3.8435914802937825
train:4682,-12.258958059651201,-6.504384557127405
train:4683,-2.280565358958329,-9.03796978307582
train:4684,-0.7919523020008954,-0.08783707526471266
train:4685,1.1045877732772884,-0.3528452225403367
train:4686,-1.9477686114282196,-4.082981515092229
train:4687,4.299093534187025,0.3971650259228479
train:4688,1.7296070772512677,-0.06644123496241225
train:4689,-6.910227382522832,-8.477239757416715
train:4690,-4.041171991376575,0.08373451853248821
train:4691,-6.366940860737321,0.01470294982182635
train:4692,15.41967351768135,10.82905622037143
train:4693,5.773146569266385,0.05473014925012695
train:4694,-0.8157743900035008,-0.2152069290112114
train:4695,4.42355167601701,0.46814134679551433
train:4696,1.5602347489895712,-0.25258891170037695
train:4697,1.0227647972916025,-0.06932184203805752
train:4698,1.193016747534406,-0.32460751245094877
train:4699,-16.070860353920633,-5.285631545314687
train:4700,29.75859599495715,11.511999767460166
train:4701,1.4828772957990926,0.29530420895274845
train:4702,-0.5239216746198694,-0.013844762207705072
train:4703,-2.865954252301484,-2.404824173892173
train:4704,-1.928651478208279,0.20224142679654156
train:4705,-5.994226616649679,-0.2882583940262281
train:4706,11.192124731848939,2.9655475773351405
train:4707,-4.849103386273867,-10.587601147325085
train:4708,21.734855372564382,5.337131467264809
train:4709,33.69970229848952,14.536588121569052
train:4710,-1.5822694062014646,-1.721495157294798
train:4711,3.241615428882207,6.848654134658739
train:4712,-1.7088975457041848,-4.248770495616639
train:4713,-0.45884452534533116,-2.5643877219895317
train:4714,-1.756216977547766,-0.8829725072017696
train:4715,0.5231932098763531,0.9032886306750669
train:4716,-3.280735069377773,0.09183907914894066
train:4717,0.05314219176520377,-0.39736752143112275
train:4718,-1.7436956144366866,0.03257435481292349
train:4719,0.8896592089243089,0.4592632792672083
train:4720,-1.243457104330159,0.06235337229361845
train:4721,-0.2229710086293235,-1.376156990477641
train:4722,-1.3727169035707525,-0.5620995280141963
train:4723,0.3169633491026581,0.1498616558122338
train:4724,4.984966221210196,11.892171424256539
train:4725,-8.621728606437653,-7.709953427522589
train:4726,-0.43263323154943356,-0.044687744009426295
train:4727,-0.48068479062068303,0.11977406299949542
train:4728,-10.550220764212956,-7.83345146688552
train:4729,-2.300107890757927,-0.16476434916597787
train:4730,0.5102148338649414,-0.3659083875909847
train:4731,1.8711983212206564,1.0991507952704043
train:4732,-10.463545454920286,-8.222113153806982
train:4733,-2.548928634081153,-1.0218719222913495
train:4734,1.432758834284658,-0.06293049508896958
train:4735,14.264969753391863,7.424105614624002
train:4736,-11.892060850567582,-4.782912540793266
train:4737,0.9749351196106719,4.637564511950909
train:4738,8.00082271040633,2.967450387219003
train:4739,-0.8644760185436101,-1.2364874923356473
train:4740,12.952584915575827,18.20923660150396
train:4741,6.4361890675980975,4.586961866676848
train:4742,3.0146427381853815,0.051549954473468655
train:4743,0.7486240050655987,0.6964579897024028
train:4744,-0.39463119089156284,0.11986194205845924
train:4745,-0.219717523098781,0.16937266149273222
train:4746,-13.07543322471065,-4.8981921762133585
train:4747,19.653450324686546,7.488355478304877
train:4748,7.707847686638771,0.1801826417101423
train:4749,-7.851196487981264,-5.420430032759828
train:4750,-3.2444064955914635,-0.37331761941946695
train:4751,-3.039330441293251,-9.014145427804783
train:4752,-0.5621638446399186,-0.29027975504320597
train:4753,11.64062780092185,3.8465973435606133
train:4754,-2.7502755932892713,-0.025244644874490796
train:4755,-6.673312452890503,-0.07840805168816264
train:4756,0.42584434802435306,2.469138460440294
train:4757,-3.8413708794661203,-7.948915990715381
train:4758,0.2542416991765757,-0.21141400605557648
train:4759,-8.875708760403233,-9.248801917108347
train:4760,4.553278251404026,8.306296096686285
train:4761,0.9071386738416863,2.0158271742483214
train:4762,2.480589922619092,0.5542953512447408
train:4763,8.774860299125693,0.3286705751618594
train:4764,-0.2578825169830672,0.8145265012973071
train:4765,8.334932149619133,1.8340684573301975
train:4766,-24.275479522551002,-14.580808467343932
train:4767,-0.8569987667877207,0.16257216334054653
train:4768,-3.2854442084087623,-9.37443016768629
train:4769,0.2250574969461177,-0.04533984657196463
train:4770,1.1684496308717982,-0.22644260908567998
train:4771,-0.38786177447723524,-0.40523911694483505
train:4772,0.46009172318570174,-0.2628359523615026
train:4773,-9.020154591562896,-3.477601223795763
train:4774,0.7715253259785729,0.12141437699294674
train:4775,-0.5805236289131237,-0.3363750320251205
train:4776,2.3672223634314467,1.4432697114748434
train:4777,9.342540058810105,1.9553949138432134
train:4778,-0.11749796373881743,0.24312145254705925
train:4779,1.1053230386911999,2.7427105361405903
train:4780,7.727977640411481,0.9190669162617531
train:4781,11.618758129679108,2.0167567520863217
train:4782,11.900525411851241,1.6196221543369722
train:4783,-0.09158142699155719,0.20431628561727178
train:4784,0.8229097550694103,0.112198773988166
train:4785,0.7836910279820698,4.354255835967689
train:4786,-2.9329998579544614,-1.081052762071083
train:4787,-2.13142201167969,0.326270164372695
train:4788,3.421240560288381,5.268701071207514
train:4789,-7.126574407057818,-3.132106986052459
train:4790,5.6521934327828935,0.1943268903790174
train:4791,12.063220144703509,2.171731187247401
train:4792,5.600356175040049,2.0243505870029517
train:4793,11.042741487666362,10.237817324527638
train:4794,3.244973055704382,2.7744391562508297
train:4795,3.448544640271695,0.7840458779530015
train:4796,-3.5692943164135387,-0.1677910409110695
train:4797,2.4687433857794585,1.5141527321777657
train:4798,-18.938915244800853,-4.785026203354318
train:4799,0.4278049008226237,0.09037366730855692
train:4800,0.42412090263113766,0.5306126581580409
train:4801,-8.898963882757869,-4.503594372987539
train:4802,8.150284060557631,9.87222446122742
train:4803,0.5861756779479963,0.4265221953883545
train:4804,26.230249981476824,12.734674810261575
train:4805,9.769844796038116,5.305144060445219
train:4806,2.447330727437047,1.4843480357512697
train:4807,1.0787309782977725,1.913944244852671
train:4808,0.5771586228086891,0.26470289456317775
train:4809,-0.3087512374679095,-0.11673801545981943
train:4810,5.054509358196422,7.089981443438193
train:4811,2.4348335399829533,3.872833807807234
train:4812,0.04073403581712587,0.16853381592989575
train:4813,1.5659113792164825,0.04511595194218887
train:4814,0.24876021764235468,-0.08150550319501731
train:4815,0.3125004995772137,0.19820826303685618
train:4816,0.6013161480519758,-0.05733676472862634
train:4817,-14.699408807089968,-5.186871461050072
train:4818,4.201420160631637,-0.03105978481196367
train:4819,-1.534336749520103,0.2144143883927509
train:4820,-1.0944646224494425,0.07268401218940768
train:4821,-5.043513326676437,-7.5545153447289906
train:4822,-0.3092176649269716,-0.09070370158097732
train:4823,1.696327890660561,0.40103370176859615
train:4824,7.606397331595795,8.45910123157041
train:4825,2.0110442687222463,-0.27587215451905944
train:4826,1.977870153256133,0.9862848380948062
train:4827,1.5787321485410044,0.4577204026069912
train:4828,-6.492642654152645,-2.4821905577666374
train:4829,-7.3856258699926975,-2.937875149193873
train:4830,0.8413815842144161,5.352818449933092
train:4831,-1.0024174356828297,-0.030552482971581613
train:4832,1.9228319455450422,-0.12857187231064404
train:4833,-2.5759063426951556,-4.838808758083417
train:4834,-0.010350638372908894,0.17737778752461036
train:4835,-2.8634381243090155,-0.2301289644162403
train:4836,-12.204267144551045,-5.9984750862510055
train:4837,0.4011679759888279,0.09017237290563818
train:4838,1.965888325720674,-0.09310411237014171
train:4839,-0.0772257359066627,0.1930857413319634
train:4840,17.994087159477452,8.814051027800925
train:4841,-0.7398307478302244,-0.1408307157144771
train:4842,0.24892665774237382,-0.33671770329075534
train:4843,2.636821386559441,-1.2029730442057498
train:4844,1.4883691217250048,-0.039142090342055125
train:4845,3.0975313027443745,0.40571368964084964
train:4846,7.378007575466404,1.9950021198468557
train:4847,-6.241536148953038,-1.0549076007428662
train:4848,-1.175680882428075,0.026100977898081995
train:4849,-0.5891544546862552,-0.07592446964676464
train:4850,1.2466736883819296,-0.2611742392465503
train:4851,-22.820099392994468,-14.639894009702582
train:4852,9.440529575572235,2.8736360679156836
train:4853,-0.1405680493342133,0.27962578593306664
train:4854,-0.5598355429055721,-0.32583753395482223
train:4855,-6.693062104982165,-3.2569797049806093
train:4856,0.5490315244257691,0.9752105073964545
train:4857,-5.111983901342148,-2.1927674394665515
train:4858,-0.7237034924963828,0.38241104495200634
train:4859,0.9882433538649988,-0.24671471018756153
train:4860,3.960397693894086,-0.15781705304029575
train:4861,-8.301977647808629,-8.75720132547557
train:4862,-1.1370435333996003,0.17518123903294483
train:4863,-0.21781787435945593,0.057944011977946706
train:4864,-0.15659116337642287,0.22499411406281097
train:4865,0.05601607298941762,0.07239512404914512
train:4866,8.531311011316623,5.9996750891659
train:4867,-1.4206623454553275,-4.474999154908276
train:4868,-1.4064954104615164,-2.348962480518044
train:4869,0.05958732893438222,0.3277823689587608
train:4870,2.7383496151129005,5.2313279334885685
train:4871,16.119633174063686,8.356888185060406
train:4872,-0.3916381748192207,-0.044155333866483126
train:4873,-4.235497316979695,0.2212994844052703
train:4874,-2.185492728194859,-1.953752662417298
train:4875,3.8876189706618165,0.8796346124111782
train:4876,-0.833094853484547,-0.6099853408224984
train:4877,-4.579580609448675,-0.0736745660121568
train:4878,0.034295639936914674,-0.040686536271182294
train:4879,3.1167607132943558,3.96356950683062
train:4880,-0.7067803001479243,-0.017643676917360268
train:4881,-8.551377444608319,-9.064461895493972
train:4882,3.675493620228015,4.6057474421384645
train:4883,-4.873135384067418,-9.165258034838994
train:4884,-9.584970465727423,-1.6024877949092429
train:4885,3.6159531613197573,7.829302260068423
train:4886,-10.89197714969703,-4.211702081387866
train:4887,0.03435375449697724,0.13742163317969283
train:4888,-9.001578388668017,-0.35032640327886716
train:4889,-0.514407623762907,-0.04216863942633675
train:4890,-0.5222879581073906,-0.26241767086656437
train:4891,-7.666185764064973,-5.181222092973827
train:4892,-1.6851000982750461,-3.694313551095127
train:4893,-1.793714816282534,0.2402827877495558
train:4894,-0.48572739099731166,-0.19107756492838213
train:4895,-1.4009752246302938,4.812403894262111
train:4896,0.11679413956876772,-0.05305779639330027
train:4897,7.13670336934167,2.065214349421129
train:4898,-0.4531069910594744,-0.04008022782865592
train:4899,-2.5034611970376455,0.2548846922969308
train:4900,9.986086749448509,5.831783288302
train:4901,-1.4671177300198988,0.18725947385131006
train:4902,7.929117246869296,5.386922943173174
train:4903,-0.32647675943259175,-0.04063831691740019
train:4904,12.798690121866473,5.284785792214093
train:4905,9.414090705159131,1.3848341317665822
train:4906,0.37866264768811997,0.10144999525824859
train:4907,-3.6703732031885945,0.022965578615765647
train:4908,-4.888434855607729,0.1607830541222587
train:4909,-0.03780035344373964,-0.16665317829046
train:4910,-0.13302338468865116,0.2740431831159039
train:4911,2.903000484056874,0.43399633788538955
train:4912,-2.785234523124026,-2.762501359488387
train:4913,-9.150982089175736,-1.2690817782410047
train:4914,-7.310548367222594,-3.793865117533656
train:4915,-1.5518445743427907,0.016349826212537957
train:4916,-0.6717020030068009,-0.09275573467210654
train:4917,-4.172858189728901,0.16304280135275698
train:4918,1.8736647031497116,-0.36427834517585383
train:4919,-0.5166116765678398,0.08762131230110724
train:4920,3.3722348763700243,10.962324242646824
train:4921,-0.9232182158548486,0.06454635426503381
train:4922,0.7801462722764937,0.7739116819925909
train:4923,-7.698026963981491,-2.3091937824774744
train:4924,-4.943186674766832,-0.26423317233470334
train:4925,-0.20082750157956514,-0.14372187969006284
train:4926,7.631682279304295,3.949253209224877
train:4927,1.9442952797838284,1.8116470284647623
train:4928,3.2828335292939403,2.7806611648184405
train:4929,3.11830656059202,-0.15869527298669395
train:4930,0.047703831234549146,-0.46199672020580324
train:4931,27.426591665759933,11.034323441527235
train:4932,2.29333132751958,5.656723637700147
train:4933,0.6101544428045305,0.4559835072451657
train:4934,-4.268928996176005,-0.13544041966920273
train:4935,1.6874461262170795,-0.34053544922733137
train:4936,-6.280706757184647,-1.1093279206230977
train:4937,-1.9981657903727141,0.044616068463927135
train:4938,1.500019463809867,-0.4573319970402204
train:4939,-3.266813610285666,0.40419406669266356
train:4940,0.10011944507913673,0.07376252791305458
train:4941,-1.167744990564172,-0.00558184809214575
train:4942,1.0618108079064372,-0.3436147828113153
train:4943,5.81475705918766,8.186677860712283
train:4944,-3.356271444714131,-0.04203125706630076
train:4945,0.005538695952036626,0.12651307434256848
train:4946,4.593424719328206,0.5289301165648278
train:4947,-0.4650567393577788,-1.0896144079227954
train:4948,-0.06046503186813912,-0.7566156878671249
train:4949,-6.713334323197908,-0.4547458418764279
train:4950,2.8053566326979964,8.753643875698378
train:4951,-3.3607950820694006,-0.09122726675370008
train:4952,7.608885564599434,12.701561524329415
train:4953,13.90374452537035,9.494644666027241
train:4954,-8.41471989433,-3.126696717493784
train:4955,2.1180936129398895,-0.2963378463401194
train:4956,-2.9103588902705675,0.02507667328223745
train:4957,10.12256205246647,1.7428691106742915
train:4958,-0.3532178255580196,-0.40243183752553296
train:4959,-2.996345193339135,-0.26926938424954233
train:4960,0.8584793527013025,-0.028082881689564215
train:4961,-0.2262826087199286,-0.08992249098538335
train:4962,0.9095395025469909,-0.47044081355007034
train:4963,0.9358017046975032,0.18789260252611759
train:4964,0.25795382481513196,0.2281018371479861
train:4965,-0.25514462382939973,-1.05890338737033
train:4966,0.9532948846510554,0.38712298884570123
train:4967,-14.376390415435985,-6.248467612630236
train:4968,-8.407054351399507,-3.060494968610405
train:4969,0.7065969499777949,0.20915790818726232
train:4970,-0.35345725754547735,0.309575140420909
train:4971,0.8147090932698621,1.618007519289322
train:4972,13.284661739935881,3.0240316617188037
train:4973,-5.263044099269891,-0.5307472471207528
train:4974,-0.9579356215779834,0.09996361227879395
train:4975,-0.29697106745586765,-0.15065833359418448
train:4976,6.864596586717855,0.6445849499152372
train:4977,-12.584713879542372,-8.4042025584827
train:4978,1.1678480289460307,-0.2823191391840498
train:4979,-3.115931475369955,0.23372695288653073
train:4980,3.0073198387010183,-0.10828407851966182
train:4981,7.183803128148215,2.626641130476303
train:4982,-1.7755161255698226,-1.2660025873178307
train:4983,-0.11899848167963278,0.05507196455090181
train:4984,-3.0484344358144115,-2.399884971328138
train:4985,-0.396962049666552,-0.7469345826392939
train:4986,1.4226566640798626,1.4485133522074314
train:4987,-1.362881130509284,0.024875521540128703
train:4988,-3.9531419154597267,-2.670015782969465
train:4989,0.0454331791437847,-0.6171814374008315
train:4990,-2.114391888540716,0.012947651215510017
train:4991,-1.9081686528268684,0.20684280856248166
train:4992,-5.351590232480095,-0.47934227745121744
train:4993,19.065715927699266,6.533247061745743
train:4994,-12.936166563143765,-13.535999498598818
train:4995,0.9475101613424278,-0.3586181348780477
train:4996,-0.8809482419059832,-0.11393929568911773
train:4997,-2.9020192184433498,-4.527874386885736
train:4998,7.178468676450952,11.282386623111941
train:4999,-14.145390153268584,-4.081419664544281
train:5000,1.074675046921886,-0.29841470241218976
train:5001,-11.599658138987518,-0.3699456885141603
train:5002,3.7538208891968177,3.8221558376254903
train:5003,-1.9484285603722897,0.05071738598627245
train:5004,-1.2182983814461146,0.057643568312073644
train:5005,2.8069682656776513,1.3619205231066258
train:5006,0.48242863549134835,0.3299931835314269
train:5007,1.5429026625965125,-0.19099510698019856
train:5008,1.8114732904696398,0.015629817104436658
train:5009,7.368613937977892,1.1254625844247084
train:5010,0.07993370132876593,0.25598532044612865
train:5011,0.08127219587612687,-0.018749868838148373
train:5012,-2.7598008021417657,-2.1625752762800787
train:5013,1.1316765969301308,-0.0937683411015306
train:5014,0.07639161889295273,0.21017493710179655
train:5015,6.844247657282829,2.049703124870774
train:5016,0.3077618383497124,0.08153069433951238
train:5017,7.543577816750567,5.63241765953453
train:5018,-1.5938428046088036,0.1612934945004609
train:5019,-0.7136525793335625,-0.0926187802945006
train:5020,-5.199055784392685,-2.495634056536762
train:5021,8.568216081538752,5.513036240505139
train:5022,5.367270762457602,0.20349256210029595
train:5023,11.724623331620915,2.899405745991964
train:5024,-9.617280301456287,-2.6858953577312557
train:5025,28.01837083612757,9.627344327635571
train:5026,0.7771373328146944,0.1120240144959084
train:5027,-1.6210255413907069,1.1848873741895525
train:5028,-21.17730585115041,-8.46306326740478
train:5029,-1.2447942041280786,-0.0543283335672155
train:5030,-17.0070719690341,-8.814745560442912
train:5031,-1.372613459653841,0.36623858754727306
train:5032,-0.13278720711655695,-0.017386316816109068
train:5033,-0.6300449052083554,4.739980136811122
train:5034,1.3086328752799914,1.0154036213467923
train:5035,-0.27158523287109876,-0.18721331156774407
train:5036,-0.8052626283793846,-0.1168591344875147
train:5037,-0.4255002504473546,-0.5461159535219111
train:5038,-10.02805446830362,-15.389010488191078
train:5039,-11.529431574774955,-6.732930027973543
train:5040,1.4828733440090085,4.254446053463048
train:5041,25.325449983451886,7.39345693684551
train:5042,-7.696237965364524,-15.68687256404627
train:5043,0.4992037519407675,-0.07510317136355893
train:5044,17.137532474467015,9.248215806681966
train:5045,6.602588254966993,12.453726600040719
train:5046,-0.8189311729060993,-0.9599585573567573
train:5047,-2.722638633105919,-4.10716166642342
train:5048,6.64885395360752,0.6398546027770513
train:5049,4.108940833996399,0.6830490148482997
train:5050,-0.8008259304059683,-0.059237577361148985
train:5051,6.036785363114363,2.4464074576171453
train:5052,3.9993302648876785,-0.12871538908551028
train:5053,3.317032785599557,-0.08787545102260433
train:5054,-0.8507156530119966,0.03651264913395475
train:5055,3.36061033714983,-0.15477438328448345
train:5056,2.337244083852294,-0.40909366937039265
train:5057,-4.230739826634733,-5.255779485499269
train:5058,-13.084547447394383,-6.684230763226585
train:5059,-0.9399512573627823,-0.04003999748023418
train:5060,-1.2411827329075504,0.08596088313344503
train:5061,-0.8673236319866758,-0.18756040531848917
train:5062,-0.09544813735987986,0.15313343882891606
train:5063,3.758083708406527,-0.05217929112528205
train:5064,1.3190723423913897,0.5617023005002628
train:5065,10.528938109408271,13.544288602484542
train:5066,0.9291633947306768,0.45000730325319577
train:5067,-6.2915797589141125,-7.029656523781086
train:5068,3.973746840798697,-0.06014176157496831
train:5069,-0.8796820418713401,-0.1925046010108742
train:5070,-3.1015971704431635,-2.900300859732819
train:5071,-0.5484184726648011,-0.08000371284808203
train:5072,-1.7049341327079182,0.1437054138780361
train:5073,7.767880492099878,0.3162408241076389
train:5074,22.06261219298763,11.20117039461865
train:5075,14.739041369226381,4.957426025995538
train:5076,3.5590952705039873,0.6482018294313243
train:5077,-0.47486113055681367,-0.295316109618855
train:5078,5.862490034240647,1.367717402460418
train:5079,12.717521283368852,4.765990055691453
train:5080,8.391211219416679,5.649751518593524
train:5081,3.148827397703917,0.9995906691832748
train:5082,-1.8052040648069028,1.33074057647167
train:5083,-5.616445247841062,-3.9626747980491372
train:5084,-2.4490724776498136,-0.3252503420608367
train:5085,10.499375000246205,5.940707669957936
train:5086,3.0550686209143416,1.8530349266989021
train:5087,2.5764261787017833,3.9069910855470193
train:5088,7.210447026729218,1.5423790294023532
train:5089,1.0789727348676328,6.584954187010871
train:5090,33.34370273170883,14.764459662748722
train:5091,2.483589563751281,-0.3074260151370416
train:5092,2.4357980092217515,-0.03625991399749981
train:5093,0.72525404834028,-0.014323674546895898
train:5094,2.705983292031657,0.22258400233856615
train:5095,0.6617501764357554,0.49643155606298456
train:5096,1.8159104533595367,-0.03047801402875837
train:5097,-1.2751397677268268,-4.6206398639138895
train:5098,1.747818553167193,7.3188122359043435
train:5099,-21.045061288105003,-11.381372741918483
train:5100,-3.3721004561257315,0.4793044125176898
train:5101,0.04025912363229461,-0.45776397397291907
train:5102,13.1409411784858,1.5265570896078051
train:5103,-11.603185925241556,-12.443401441074586
train:5104,-9.462453815120009,-7.4816539039129015
train:5105,-8.891229532188262,-5.133950577613411
train:5106,3.7068554912531373,0.5272669768417755
train:5107,-0.25924960389397894,-2.2991655834988984
train:5108,2.0724885606181536,-0.13746049673889055
train:5109,1.6420712075531916,0.13064253414900803
train:5110,-6.723067814633667,-2.842812262481379
train:5111,1.5501879038459552,-0.49846595903254903
train:5112,-0.5923132134838957,-0.27338086879392115
train:5113,-4.232581360813995,-0.9289301165020281
train:5114,0.987239366725358,-0.23350674441475716
train:5115,3.9635498276318795,8.081662955893757
train:5116,-0.014147262581796105,-0.33376719241820707
train:5117,-2.737066386245291,0.11822219870824793
train:5118,1.0380919313625028,0.20980858414170062
train:5119,-5.4914491976431385,-4.8968340453021
train:5120,-0.09846498040184762,0.1356667625558065
train:5121,0.27617913199635225,0.25709679081688697
train:5122,-11.056557583794207,-5.744230697090349
train:5123,-1.0206633154183122,-0.5389005977342274
train:5124,-2.020001522712381,-0.08625981734928406
train:5125,0.3282888307967705,0.39195548112385137
train:5126,0.36179106106899706,-0.19002900797483652
train:5127,10.192840687324848,0.7298253545371838
train:5128,7.833647112514999,0.5547137754004889
train:5129,3.177073630934965,7.331784098036588
train:5130,2.876618798370873,7.7416103720873295
train:5131,-4.626798921957747,-1.7307527025777205
train:5132,-24.501631635659745,-10.578179827432276
train:5133,1.2600028438778792,-0.1712642609914805
train:5134,-4.020930457648544,0.1068798083478947
train:5135,10.907078858656314,1.3414389959356552
train:5136,-2.0897824644783833,-2.58803232463996
train:5137,2.815777503150175,8.957242536020352
train:5138,-28.238929712136223,-18.0525848203577
train:5139,-1.1253513488314932,0.296145622410165
train:5140,19.898487345233217,6.425166090798563
train:5141,0.18001208783778444,-0.07541417192937244
train:5142,0.29101182739024023,0.09037167005721684
train:5143,10.517341232718666,1.9233398857996795
train:5144,1.5615223351823175,5.0834012276634155
train:5145,2.8148121040784155,8.611764846931008
train:5146,-0.7387702733382028,-0.12423698093779553
train:5147,4.710783586500947,10.568381823182174
train:5148,-3.5420297543310673,-0.10973094445474471
train:5149,-0.11434141329445924,-0.3887399662851876
train:5150,-3.2827579209844306,-0.08295978749222058
train:5151,-15.48866962104684,-14.335970561351845
train:5152,-0.9153123111039375,-3.3340947205078426
train:5153,3.2633158705260485,0.36832956703953396
train:5154,0.9178959113675069,-0.022655921816118224
train:5155,3.1652008263141838,2.131533650811953
train:5156,-1.0321500069020382,-0.10510702228082366
train:5157,-3.9945924741117103,-0.05269672188317456
train:5158,-0.18338685718830955,0.15246164907459686
train:5159,-1.3137585200960813,-0.17789627672704894
train:5160,-8.620876879445376,-0.3008975711495377
train:5161,4.014703425690148,-0.1735307132800491
train:5162,11.882588934033532,18.15009285353483
train:5163,0.9649177966635679,1.6145320166359507
train:5164,-0.9097270369654448,0.12850205135567497
train:5165,-2.6901823486856986,-6.320470235370087
train:5166,0.3119296983682792,0.7510856670699784
train:5167,3.4138153791783075,-0.4001606774302342
train:5168,-21.2812593165244,-6.261505669378323
train:5169,-1.6360056153089135,0.17084663298171632
train:5170,-2.675487733486519,-0.11576635268286717
train:5171,-0.9197855050210731,-0.31483638825200383
train:5172,-0.496152794385175,-1.9346015899604452
train:5173,10.398530896293803,6.3054017701551155
train:5174,7.207571053380842,3.826350065439673
train:5175,0.10582978175088413,-0.0948722504493586
train:5176,4.282823781951911,-0.13089781415698518
train:5177,-0.9574325819460817,-2.8356997651377096
train:5178,1.1354419555057043,-0.12214614410634461
train:5179,-10.287399758454178,-1.0125809943788855
train:5180,-4.389437672504138,0.11814944169514477
train:5181,0.4862086389360577,0.3575636690124158
train:5182,-0.10349165738901905,0.20706521676528133
train:5183,4.008656721944758,11.684170821981013
train:5184,-0.8694622477969781,-1.697994642062476
train:5185,2.1136369235578116,0.26030209389610637
train:5186,-0.9718991556115756,-0.8387351019485658
train:5187,-2.1147766069283302,-7.569189435646228
train:5188,-4.784755690957233,-9.389010673112164
train:5189,-1.0061486228970864,0.027052525500823377
train:5190,-1.1494400664356657,0.0851505697326098
train:5191,-0.5298305306287905,-0.15496255289288163
train:5192,-5.26781739677519,-0.6115560363406669
train:5193,0.2066620303330342,0.09304128179486293
train:5194,-14.39712940979815,-6.447990738931953
train:5195,1.7108934915364018,-0.005992996546583626
train:5196,-10.050939517139778,-9.106407597495235
train:5197,10.311479934484888,6.955815799346238
train:5198,-17.669715569025545,-9.918796998437683
train:5199,-0.008211906333486452,-0.1557227923494047
train:5200,-8.715420435254037,-15.215369456683927
train:5201,16.244041104913777,11.101676463147363
train:5202,-2.548259851723953,-5.722572503558447
train:5203,-22.30622348776542,-6.959481671339035
train:5204,-1.1786802911020242,0.11348728642414203
train:5205,1.36307436268836,0.24922526663357966
train:5206,12.811175918866795,4.2222925894606105
train:5207,1.263240057331604,0.224374110182524
train:5208,1.0849057665335398,-1.1503001052568793
train:5209,0.703581036768788,0.33956315598826303
train:5210,0.5994908859495307,-2.3810973986151813
train:5211,-0.21085389039803892,-0.9586300998939794
train:5212,0.370431650088219,-0.3833035907982812
train:5213,5.501071865879725,0.34092428277653225
train:5214,-1.0104735084569425,-0.0018160306904119877
train:5215,-7.852935275618336,-0.27494243402024904
train:5216,4.085399788006256,8.349299200611314
train:5217,1.7211325796447046,4.1696715790465815
train:5218,-8.821283777529922,-7.104643610666267
train:5219,3.490189069096047,4.324673119761562
train:5220,-6.206502367564923,-2.2844116025280568
train:5221,0.5148505160920118,-0.014486307870302959
train:5222,-1.0646960202029954,0.9525262973189881
train:5223,-3.407064964958252,-6.186589342254905
train:5224,3.962469361731196,0.02698975474442064
train:5225,-8.94660852367956,-14.418817688225127
train:5226,1.7223385729951226,0.4271822869562532
train:5227,4.1423083547184,0.1841788563200361
train:5228,-9.170493704029383,-12.38739166577967
train:5229,-0.10054803869273013,0.005523154680357162
train:5230,-1.0747384486400464,4.247420008570243
train:5231,-1.0256304830959797,-0.11216844705451073
train:5232,1.1067305733359152,0.40225302371171917
train:5233,5.381392135636325,4.751458625584221
train:5234,1.2146193242591021,5.371431120492981
train:5235,0.2937797076569,3.9487553229979557
train:5236,-9.008003534428534,-0.9872233207219028
train:5237,14.905141150381834,2.5593500236477165
train:5238,0.5815571976307043,0.4815518909185275
train:5239,1.3301975613115267,-0.010417906890546044
train:5240,-7.531554784725157,-1.3485113227497787
train:5241,2.975909616361924,0.10529541739196581
train:5242,1.418173009541916,4.576142756167598
train:5243,0.8970100033975024,0.6972752934829283
train:5244,0.8622542420647263,-0.04940625030038148
train:5245,-19.60176898704148,-11.043585041131715
train:5246,1.2828702258877769,-0.31758660334730343
train:5247,-0.3102390864346312,-0.07203796119976563
train:5248,-3.1260220226627378,-0.07997418206041074
train:5249,-1.1826492830960569,0.29398259920885095
train:5250,1.3256225506851615,-0.12245543274243806
train:5251,7.812823038436901,1.4780946418054577
train:5252,-5.738399349507071,-7.605221561751115
train:5253,3.872152129188526,7.525035284487192
train:5254,-0.5257511209706388,-1.1174712849798718
train:5255,-0.5963162606101251,-0.07711953925218659
train:5256,-5.479151226900939,-6.652328952892998
train:5257,2.4119561622687247,-0.03646919740577889
train:5258,-5.735720035829946,-0.08186871761729311
train:5259,-0.014182131317833663,-0.07613175580370365
train:5260,-7.927731039001257,-0.33873692439558317
train:5261,-15.329898783289996,-8.189525430298884
train:5262,9.686725167988314,0.6826599788194128
train:5263,4.2612130691888055,0.719277442227755
train:5264,-1.5436699478661504,0.2456017533898271
train:5265,7.134114714378243,2.787001011215116
train:5266,0.7676442031993547,-0.19474594499688164
train:5267,-2.120521579877875,0.09625671379159276
train:5268,-1.401662138730233,0.3272382606293971
train:5269,-2.7272938418251704,0.06914887731745395
train:5270,0.7314699816845717,-0.15612110133094204
train:5271,-0.6539234805633417,0.09566381546520697
train:5272,0.08087573834738007,-0.27848712716647317
train:5273,0.7161233211214904,3.2351790761414456
train:5274,-8.512826570045217,-15.467981806178111
train:5275,-1.6319045870344189,-1.770638667804115
train:5276,-0.37467999750560455,-0.16706518270975795
train:5277,-0.8670272477303568,0.07747028236511581
train:5278,4.354403718039209,10.903227287423373
train:5279,-1.1656014931308243,-2.8516038775588215
train:5280,10.231179559972842,0.6153497554422858
train:5281,0.2971289659824256,-0.02398009945459581
train:5282,-4.148263178077463,-7.790861508666268
train:5283,-0.9951556727156522,0.15795109438282556
train:5284,-2.6142368468465,0.27928568256201186
train:5285,11.88633988019821,1.1346881736861896
train:5286,-0.9310376461403865,0.12079665568561988
train:5287,-2.5208318714985856,0.08380670490235136
train:5288,-10.073339193170293,-16.172642893695713
train:5289,6.808649002370906,3.1494228100305164
train:5290,0.07083179893176736,0.16083270008414086
train:5291,0.4920900648726293,-0.13100081526180965
train:5292,10.299334456348292,0.6268684745638067
train:5293,-3.1555112101044043,-9.5084611399736
train:5294,10.367926374215415,16.025760405180932
train:5295,1.4194998811772641,-0.13573144772161538
train:5296,-1.136219468937913,-0.10002344697706259
train:5297,-0.5467161809714486,-0.04754053222712035
train:5298,11.597225057968245,8.946200018682632
train:5299,-3.147102730638072,-6.390036211475032
train:5300,0.8414121524730089,0.388061268993112
train:5301,0.09169376370302612,-0.13492883800452046
train:5302,-3.564127234649256,-4.169136660827935
train:5303,1.0283219439830251,-0.2991014715515596
train:5304,-2.4037240592253144,-0.7896293965539005
train:5305,7.248952804393711,0.10832524767487756
train:5306,-0.8247379797475506,0.38941183888144076
train:5307,0.671097322276218,0.9068590027670922
train:5308,1.1997659400818317,0.125973245837505
train:5309,1.8003938658228322,-0.2799752220756479
train:5310,0.723867202478947,-0.30513202931214184
train:5311,-4.514906077846249,-3.310688932053365
train:5312,-1.0207479302177633,0.351496590084472
train:5313,-3.2430015179873912,-1.170646675301584
train:5314,-7.174162328168888,-1.7120704135425482
train:5315,-9.793297680973776,-0.3520874083175837
train:5316,19.840168221919235,4.159817996899453
train:5317,0.6337919589643772,-0.31030605156944685
train:5318,0.3983043229271851,0.5750713303275643
train:5319,14.597416651270397,5.395148194834892
train:5320,4.780099844244689,1.3531246282048834
train:5321,-2.0562919733472893,-0.08183932949043185
train:5322,-0.4800297232996579,-0.023908626388782703
train:5323,4.429918707217464,1.1660618537011338
train:5324,3.93637057772358,9.963763625932762
train:5325,-2.2407775740988556,-4.136890752620613
train:5326,1.071785126079095,-0.20632344037212508
train:5327,-3.581917263775608,-0.022196268686278234
train:5328,8.802755287955724,8.503354614834334
train:5329,2.2386715618236166,0.2007022593173846
train:5330,0.06459285222169087,-0.16924960503257291
train:5331,-1.3321531731053238,0.10588232396433132
train:5332,-1.605210942390002,0.4901446368268212
train:5333,-0.8253088971856052,0.10521238880054219
train:5334,-2.2746265158364154,0.19161776159699956
train:5335,-3.5965360975884657,0.0188389720255262
train:5336,-2.2156374478740313,-0.019660615449227967
train:5337,-2.2497611552515666,-4.303252373636387
train:5338,-5.99233254690812,-1.84135078085665
train:5339,17.0095130723964,4.486006232546238
train:5340,12.241603019273786,2.8529525330377443
train:5341,-3.5040098143886973,-5.157095867428818
train:5342,-16.326211081670728,-6.7605754103797855
train:5343,1.0400369094586768,0.1514053884373109
train:5344,1.149728374035004,-0.11033168912568084
train:5345,-2.4076965380929507,-0.04781643823367235
train:5346,0.5419244624174782,-0.33496982304655937
train:5347,0.18048258331605097,-0.014211543150231015
train:5348,0.14379776727655824,0.022906659701233095
train:5349,4.418046599971404,0.22096494480580575
train:5350,0.2585729773380385,0.13044081176365926
train:5351,-10.950392975638957,-13.539871883625626
train:5352,-2.608001154551787,-6.568281763285944
train:5353,-5.8346100958148055,-9.513889098472715
train:5354,33.18978934134026,13.180026479220063
train:5355,8.46897129027927,4.018159807065974
train:5356,-1.7787177729127892,1.709968389349041
train:5357,1.8300418222425896,2.965168670223764
train:5358,-1.7828978369889694,0.0953356956021927
train:5359,-13.956414621606584,-5.90384817097389
train:5360,1.3350915046435152,0.008150253496621393
train:5361,-0.8856164682866888,-1.7446832453532064
train:5362,0.9686703700359277,-0.16006224886817338
train:5363,7.186132824632002,3.8905297400020236
train:5364,7.1848515148117436,5.142756113631357
train:5365,-3.71944281312302,-0.2909521154407652
train:5366,-0.6316558408132896,-2.976700573958681
train:5367,-0.2500984203500473,-0.23886522709940017
train:5368,16.706002576264215,4.236790351616681
train:5369,-5.664678473027067,-0.9294011824966684
train:5370,1.8830750776315224,-0.19244054630718138
train:5371,-5.451604460514804,-3.921457807465385
train:5372,-0.9224785337343723,-0.09243931299551278
train:5373,3.623402053170336,0.12022401519425499
train:5374,2.8109047135180494,-0.3790548665546764
train:5375,-15.603905679569616,-12.950047041730619
train:5376,19.76104687560174,10.076566099047906
train:5377,-0.4347309347094518,-0.3974608216008668
train:5378,-5.662179546944377,-2.861157586683317
train:5379,-0.4968784127821162,-0.45405265300060776
train:5380,-3.1117983678583054,0.16002894908056592
train:5381,-1.8714793038516908,0.4222651968177694
train:5382,0.6881279103316722,0.6514790335587868
train:5383,-7.823580449039534,-1.9029913783225105
train:5384,-0.34542094372178594,-0.7437784975395265
train:5385,8.504377469768267,4.575823766596423
train:5386,6.9341127585482125,6.866401139423511
train:5387,-15.361299242383,-4.89247318966183
train:5388,10.562227989078028,1.4670104675112157
train:5389,-1.6611278422492388,-0.6419691811218393
train:5390,-4.536485641205161,-7.6221017594342895
train:5391,-14.079029834507864,-3.1167270094473105
train:5392,-1.4598682873394546,0.34422659520655585
train:5393,0.627091582647404,1.0132728394885397
train:5394,-0.30222718072616606,-0.7496391462753915
train:5395,1.952860436104089,4.476470784005423
train:5396,-9.697244076436451,-2.6416573818348117
train:5397,-6.457022148166137,-4.1904093848512005
train:5398,-0.286617842351602,0.12031760068561906
train:5399,6.743891715634952,12.873322857003924
train:5400,1.5872873091569346,0.03831873498863329
train:5401,-3.502582520793561,-0.05220268749812307
train:5402,4.0575429223276265,-0.2730658737254274
train:5403,2.1624310704775405,0.28331749104400217
train:5404,-2.2977337947502514,-3.8795540477422623
train:5405,0.8962996110152975,0.060970133079798296
train:5406,4.282808439708054,8.792661036591834
train:5407,-2.650363646880272,-0.01107243468685451
train:5408,-5.506998329333478,-0.449483084595299
train:5409,-1.2830577603062308,0.10054595370523928
train:5410,0.7285530956859115,-0.37563614290368774
train:5411,-0.188935635383083,-0.2771054572215631
train:5412,-4.249189107330434,-0.04301247811752343
train:5413,-12.774799631759807,-5.005899946481563
train:5414,0.7933773303950575,-0.3788682662151883
train:5415,8.43043901237539,14.353548595898692
train:5416,-8.649735175223004,-3.778888871020825
train:5417,-5.5263672148276095,-0.28244468069685524
train:5418,1.777453259467256,0.06449157251399143
train:5419,-1.8638751298966247,0.18240044666249877
train:5420,-0.058777501273042404,-0.004474372224067588
train:5421,-0.36523707887015877,-0.17028475186997794
train:5422,-2.8712031593663347,-8.797249638703752
train:5423,15.557766730051453,4.714210458734842
train:5424,5.156521797264323,1.0852205378165383
train:5425,0.0686948103291468,0.24563570666260856
train:5426,-7.446091977613632,-2.2516070345887504
train:5427,7.423615417287023,6.035620477498304
train:5428,-0.13913006266002526,0.07367122499465062
train:5429,7.1361287325717715,4.213125205809612
train:5430,-17.114835889882276,-10.00909786731217
train:5431,1.284023218759418,0.10503734398666459
train:5432,1.210667766633088,-0.1406281373642683
train:5433,-0.030119468269390853,-0.2796071571858319
train:5434,26.825499288454914,9.88605000564674
train:5435,5.183459058144521,1.9772043278337217
train:5436,-12.741541366410722,-3.4174928034293695
train:5437,14.434615917460574,12.632412117789688
train:5438,0.7346630280726492,0.32792945225387715
train:5439,2.3442310811794957,6.176394170309745
train:5440,-0.08159560213600706,0.17622751341353032
train:5441,-13.1599345845405,-11.89985918980503
train:5442,1.2694731925856746,0.20568654269738135
train:5443,7.929078193884934,6.269984226819735
train:5444,-21.67684931111859,-14.152625170904832
train:5445,-0.4884924817650883,-0.025842678990036796
train:5446,0.7005576848960933,-0.2538032405151498
train:5447,1.2263707856784727,-0.1588690338532815
train:5448,-1.01683403082667,0.06010803380493081
train:5449,-3.846957780812295,-0.9606896940080389
train:5450,-0.30642247081708246,-0.18334748893819597
train:5451,8.724154648096388,3.219239298517832
train:5452,-2.1896990600521873,-0.3397538106493074
train:5453,-4.7565175937645945,-0.19862432177771028
train:5454,5.122063582479067,3.9995996356841665
train:5455,2.684784030353795,1.1673913097895816
train:5456,-1.6093287076577951,-0.2759634574374634
train:5457,-0.519928971885331,0.1664862053238767
train:5458,-0.3029790669042555,0.18739286170866587
train:5459,1.1392296300723417,-0.28600064404706993
train:5460,-0.4601704671477186,-2.5149800036600833
train:5461,0.8956217627867279,0.34264448682358706
train:5462,7.086314326435584,1.198717198433174
train:5463,3.1688020693721404,6.522413399833872
train:5464,-10.15337921445326,-2.6768811917902036
train:5465,-2.1125050250046047,-0.006949537277675222
train:5466,5.587322706425698,1.1987843916746868
train:5467,-5.8638658951832605,-0.24376077545557306
train:5468,-5.523771121200494,-2.0804000818219253
train:5469,-2.3482737030542595,0.4550141270411735
train:5470,2.3276091547104016,0.363155402121419
train:5471,-0.3264035350869129,-2.702898529032655
train:5472,-0.3350793415295328,-0.43075942392522476
train:5473,6.582628460626146,0.6413964808115984
train:5474,-3.936888435301429,0.05275629428288112
train:5475,3.6789907219943396,-0.25941551678079383
train:5476,-3.394645186098162,-0.9231184004239952
train:5477,-10.171497939531324,-6.391239127425004
train:5478,-0.48842158200181207,0.5427077269519869
train:5479,4.076767683712803,0.5176493556743973
train:5480,5.210764997793758,0.8831767376628223
train:5481,-0.047386001438699005,-0.1476393455328332
train:5482,3.783738729633505,4.7515756074484266
train:5483,-0.025948470064580592,-0.14053925967963443
train:5484,3.7292354083332304,1.3255054953876824
train:5485,0.6693148324899791,3.3926149809183714
train:5486,0.21746506213218414,-0.1889915785644714
train:5487,-0.2895519302600406,-0.007239424043607834
train:5488,-1.0057632071347515,1.3603789303936988
train:5489,0.03266878094252329,-1.2889478666776084
train:5490,-1.1369386947332476,0.12077040609657874
train:5491,0.10381762322327796,0.2391948564124485
train:5492,6.896816693565982,0.5848192008144781
train:5493,-0.724623329753053,-2.0468590987813666
train:5494,-1.2887006840883055,-4.071937000503168
train:5495,1.2037930466359268,-0.6497205135727164
train:5496,-0.901441527908205,0.20476823506337144
train:5497,0.16311016541830883,0.16129021330183077
train:5498,0.18367400249644666,0.2849996759851903
train:5499,-0.18896748216199732,0.12021245966864448
train:5500,0.9359727939623275,-2.3593316388325345
train:5501,-3.3451557565818444,-0.39790834856185625
train:5502,43.10302492712395,18.606263918324185
train:5503,-0.5639872470764415,0.14130443244563168
train:5504,0.47054165091791156,0.03200513818099874
train:5505,1.2034169292032022,-0.33657304522940906
train:5506,-0.251796179107715,0.046973966331709666
train:5507,-3.816353258733908,-0.17366666903198502
train:5508,3.409869168091819,0.8278788398098378
train:5509,4.073893570030349,1.7507103194354725
train:5510,-1.706237293602761,0.23229777689188857
train:5511,0.3714449355574698,0.03813841172478545
train:5512,-15.894815079414311,-5.144601633688474
train:5513,-2.0619927792311863,-1.6166514454482788
train:5514,-1.5725321954338618,-0.1076880416554559
train:5515,33.542872951955246,18.462674101123223
train:5516,-29.43526953675341,-19.024957477500546
train:5517,9.996645932553637,4.136792542164452
train:5518,-0.5768877495773695,-3.0899316001470853
train:5519,-0.19404483504554332,-0.514034247906906
train:5520,-0.3240958059068285,0.18971124253207666
train:5521,1.2534177668480702,-0.30065476245090716
train:5522,0.02865108894715808,-0.14902458199799343
train:5523,0.7034104124204444,-0.33323792081308407
train:5524,-15.386123922775806,-4.988980374414827
train:5525,-6.734305775800325,-6.731545647473243
train:5526,-7.964150736417745,-2.3222632246037627
train:5527,0.7965520125821551,1.378255471173956
train:5528,-0.5233005462019207,-4.540830556328879
train:5529,14.80063536422901,6.313960277469008
train:5530,-2.5367094666823986,0.01552439076584207
train:5531,-3.9717571713389668,-10.501961292435121
train:5532,-9.708831654796445,-14.350964783126738
train:5533,0.7498843936442355,0.02743927895675019
train:5534,-0.5806972752185906,-4.334952746906246
train:5535,4.051677536009632,6.089489199356646
train:5536,-2.98752479787108,0.050300816421054335
train:5537,-18.72274023936365,-12.746646965256172
train:5538,-2.7727217609678356,0.4791971315885651
train:5539,-7.23799722060753,-2.5894931713344236
train:5540,-5.271938416458346,-4.044676231640703
train:5541,-0.8016788196894464,-0.1753407936374078
train:5542,-2.5659111032808752,-0.8007205612278328
train:5543,3.979222627106032,0.28875108464511345
train:5544,0.4682362463202297,0.09172209728473556
train:5545,-4.670879978056401,-5.024267240448241
train:5546,-1.1968943240585923,0.23803702127843815
train:5547,-0.11643795416327629,-0.11552982105987689
train:5548,-0.13968703260366488,0.012704271873639428
train:5549,2.0877791987453347,-0.0977679795708645
train:5550,-1.341026801510397,0.11997977988752437
train:5551,-6.848991373210189,-0.08328819267685486
train:5552,-5.65622815107749,-0.5212996776389021
train:5553,-0.9790758388628217,-0.020335115758937303
train:5554,3.1671288349588194,0.4109530505491375
train:5555,3.0682401697234014,2.732477476238845
train:5556,-10.515487783787723,-2.7722399570226504
train:5557,-1.653440448244163,0.46562010230027473
train:5558,-0.21640731775761746,-0.9796670055983043
train:5559,-6.112614808910249,0.018657792796818326
train:5560,-0.11339251875775774,-0.007622610979284489
train:5561,6.003786521161398,2.5017104912592902
train:5562,0.18752281358027006,0.4283541028496442
train:5563,0.8099653179610752,0.18408184696923185
train:5564,1.1938903256012665,0.11514985550395433
train:5565,-1.1526733280993064,0.11004288382735225
train:5566,-1.7209774706170293,-0.07993081317416886
train:5567,0.020784237180609094,5.744811552089818
train:5568,0.09016511831514047,-0.10465450219148398
train:5569,-6.102541928443725,-0.0961396490854537
train:5570,-1.3330558084522157,-5.6987304583469705
train:5571,0.13019117287087018,-0.05166742413897979
train:5572,-0.10152552559298242,-0.04023943729262286
train:5573,-2.2537447921147353,-0.052518823853096835
train:5574,8.601809086753796,0.4813835511627202
train:5575,0.28835692182834216,2.7101410732161737
train:5576,6.143145701107904,0.24086184797737098
train:5577,-21.85459617994354,-6.41551885600158
train:5578,2.8116915846612964,-0.07049907904222871
train:5579,5.838275324270258,0.9616959635429467
train:5580,-3.1367048735516785,0.1890087807036061
train:5581,-0.19182206935227042,0.0024695000421743746
train:5582,1.2796818286645042,-0.3104626931388336
train:5583,-14.323347164342723,-4.214949897388467
train:5584,-4.357795456841274,-0.2352339388415023
train:5585,-16.260637401595016,-3.135135960370511
train:5586,-1.8441794081167013,0.3477100868652873
train:5587,0.12392619083788567,0.321164191321763
train:5588,-2.80186551546449,-4.853585564783859
train:5589,0.4811609244781436,0.7623440302132378
train:5590,0.5150801848333791,0.01256845878251353
train:5591,-0.664821704011874,0.11158276461055922
train:5592,0.04515016123628002,-0.06477952184746
train:5593,-0.12209761493864912,0.22744103227603737
train:5594,-6.659081359422383,-1.0752424726011505
train:5595,6.063204707035284,8.209879073565212
train:5596,3.3413790669339267,0.19204474540134814
train:5597,1.35299567076583,0.6984342699034187
train:5598,-0.905707833991518,-0.13926059083954884
train:5599,0.45193778549244373,3.9091966216697154
train:5600,-3.656130021891981,-0.25426517621794986
train:5601,-1.6912911585876307,0.2684600096555011
train:5602,-1.5389900985734326,0.22127951189186942
train:5603,3.602146071681853,-0.18632325077411538
train:5604,0.7847996213298233,-1.0400857132264616
train:5605,4.171244291548271,0.2562609411310606
train:5606,-1.2881541747654772,-0.2127189244847032
train:5607,-8.697377956478773,-7.239262916134042
train:5608,0.19916734420912588,0.7582158543540884
train:5609,-1.9097879569284517,-10.049952499438506
train:5610,-5.61842160779967,-0.7389909434165285
train:5611,-4.471724635137363,-1.1974649103314103
train:5612,-2.387497079306405,0.10201022425914294
train:5613,-8.10397343809531,-5.1571500785366196
train:5614,0.6175254611446257,-0.22970412052404182
train:5615,0.08006573760922807,-0.5639748043617276
train:5616,0.405661161314625,-0.1452340842761286
train:5617,3.1344540397927636,-0.14377437886814512
train:5618,4.550284189269603,5.060136673410844
train:5619,4.381663630956876,0.01423559300824602
train:5620,-8.584901642184247,-12.02680905012687
train:5621,3.283018566053179,5.542381569123415
train:5622,-0.26599484465132045,-0.546985899141329
train:5623,-3.878632075712314,0.09523754496490844
train:5624,-21.693015386978555,-4.334192364788913
train:5625,2.303869589383085,2.465649547670782
train:5626,17.543092138069056,7.168992706452029
train:5627,1.5547171201989913,0.563292255227782
train:5628,2.1241465930577657,1.7628675883425813
train:5629,-2.4351896066255883,0.1650006783092821
train:5630,-6.610658448312334,-2.0496675194871488
train:5631,-0.49885012357591874,-0.22557922586352247
train:5632,-8.724423077982449,-15.81333167118169
train:5633,-2.3770685377322986,-1.3221150783959508
train:5634,0.913332291194914,-0.21105064897249065
train:5635,1.5260020186973584,0.1385955889852339
train:5636,-11.429089580621493,-19.052001401931804
train:5637,-0.11083803515564772,-1.738026691958317
train:5638,10.079269029802264,16.299340469886587
train:5639,-8.6089527015535,-3.8370465474711937
train:5640,-1.527377414723491,-0.16104946167341633
train:5641,-9.181307661365823,-16.162168166381818
train:5642,0.18068784394219192,0.45439697637708665
train:5643,-0.8904325381081936,0.20343692438439354
train:5644,-2.0738951060484796,-7.5048756599224715
train:5645,2.429923324574147,0.09814953741875507
train:5646,-0.4906684071229508,-0.24136749770690902
train:5647,-1.6066010426666986,-8.020349111501687
train:5648,5.018866536218851,6.891983646517063
train:5649,9.28286337937306,0.17617244634086793
train:5650,9.684461954561238,2.7119739793031337
train:5651,-3.681361969121704,-0.5902813150660617
train:5652,1.436978881178161,-0.22244040272176596
train:5653,-4.54029330718046,-0.34272828853793674
train:5654,18.475074872875897,8.482873087663364
train:5655,-24.00462476000918,-10.364784363965557
train:5656,-5.479148437402056,-0.17759412113145578
train:5657,-32.65901343020534,-15.65077823782822
train:5658,-2.629769241543541,0.1670424398220909
train:5659,9.557108312890696,3.2182144232587477
train:5660,-3.222614930317444,-6.525966855108384
train:5661,6.054304810849064,1.00522862439472
train:5662,-0.9905253370281074,0.03660937316313896
train:5663,4.242303056260928,0.4614538360048535
train:5664,-26.965272417145876,-8.255833033503288
train:5665,4.762449290062487,0.0870824824217138
train:5666,-1.0199882566886256,0.2727277077868367
train:5667,-1.4123277877093954,0.721896266717039
train:5668,-2.6501177060620873,-0.24845602803449723
train:5669,-8.066794996982646,-2.8013381971179956
train:5670,4.617360944326774,0.34437838630840245
train:5671,18.68774812738197,13.063812700816047
train:5672,2.627782945262031,5.475299032399057
train:5673,14.576294565728297,2.719317872480633
train:5674,-0.6573975689638817,0.36082575109401765
train:5675,-2.195896164279019,-3.9783589275012186
train:5676,0.6596220212462643,0.2806826172135926
train:5677,17.71157973026836,9.605371139035176
train:5678,-0.6638311994501678,-0.26517416303750424
train:5679,-14.652134239686754,-9.339718510038821
train:5680,-3.115321040031058,-1.7953264062973087
train:5681,6.931008976124391,2.356666960404363
train:5682,2.527994666636845,-0.08875752281087268
train:5683,5.7242712944208085,0.81137170014483
train:5684,2.445606817127351,-0.1767047736418771
train:5685,0.22806678509527734,0.41808766031835776
train:5686,-0.6259952502049557,-0.07448459409137201
train:5687,-0.08417344779126221,-0.20199425543167682
train:5688,1.0683870515231169,0.01735144775959152
train:5689,-14.136787338713402,-4.460796700628919
train:5690,6.444144718412422,0.18912576256781122
train:5691,0.5771769870096689,2.89379832019386
train:5692,2.2117696345959357,-0.09083380823970297
train:5693,1.6244927154254674,-0.33606631403226706
train:5694,8.212448972998315,2.591533731741876
train:5695,-20.633870556091143,-10.075418024667853
train:5696,-7.381962328126354,-2.1747388222628277
train:5697,0.13119167313690727,-0.14980322469900728
train:5698,1.0771056302819426,0.10108977671298292
train:5699,-11.573931520622542,-8.884122653635409
train:5700,0.7772384521492033,-0.2746478394475862
train:5701,-8.903168587407515,-3.031381891790819
train:5702,1.454376985711451,2.0881573462079466
train:5703,-6.682402499917249,-1.2925491961654052
train:5704,0.7738117852296744,0.25869016940384626
train:5705,-1.1084639550520334,0.13708167246944805
train:5706,2.4884221381078433,0.9206381824231613
train:5707,3.951745133275491,0.5654029219118238
train:5708,6.160144907300924,3.89848964255713
train:5709,0.6358951248930413,0.8642599142559997
train:5710,1.724322836533899,1.6704530569070426
train:5711,-4.375909997671014,-9.723712335256879
train:5712,7.521246948359167,0.6947086828501068
train:5713,-10.576334193089707,-7.246097510219819
train:5714,0.9054315005252884,0.024543835156864285
train:5715,-0.9564125551878636,-2.6754437414685808
train:5716,0.025523828241071453,0.22680319579449965
train:5717,-9.618130168782642,-4.863458834122769
train:5718,-2.0140333898521963,-0.10839592459470668
train:5719,-5.656157948688934,-0.9997515077350276
train:5720,-0.43136656659830996,-0.010551152087091842
train:5721,-0.03012853414076061,-1.5278313957816565
train:5722,-0.7064369593270746,0.05126634478317632
train:5723,-1.4389860987012941,-0.17161805980029593
train:5724,8.026350344517653,2.5426361684690097
train:5725,-1.2425335477416448,1.4165516243336416
train:5726,0.4488216827818891,-0.6352474317367771
train:5727,-2.29843860813469,-8.513058462949832
train:5728,2.2180757617374445,4.906838502767338
train:5729,-0.5523708438946561,-0.24997508033944332
train:5730,-0.753860532462288,-0.012746416631467306
train:5731,-1.5321981337098007,-2.41073432592911
train:5732,0.20593676062345345,0.013744554500204675
train:5733,-0.49269439691585193,-0.5044326047502485
train:5734,4.992321199931714,3.4015843513650816
train:5735,0.08050217795529792,0.3260788562264767
train:5736,2.759520749343692,-0.047004698224737046
train:5737,-34.03037943240359,-11.695063319965485
train:5738,-5.59806942394928,-0.535853077510875
train:5739,0.11355785594800372,-0.10724179864175648
train:5740,-2.3731781166234702,0.6778269158980226
train:5741,-0.4387861687106175,-0.417058422393039
train:5742,-0.09115068187237349,0.24272827935468214
train:5743,-0.24133602321293424,0.16146240489950825
train:5744,-0.5448835964344357,0.08141984689013756
train:5745,7.815372640415966,13.407927693848212
train:5746,-0.15580010798485128,-0.11636381615517316
train:5747,-1.0659819791880598,0.1487190853848941
train:5748,-11.916571247419569,-0.478526542939602
train:5749,-11.36904096800005,-3.580068777190819
train:5750,-10.396591902730448,-10.13974435454289
train:5751,6.574203709082996,1.1751758822091902
train:5752,12.088740340151142,4.256622486780503
train:5753,-1.6381818893541364,-0.5221557851597491
train:5754,0.19788347734822376,-0.14545378192353814
train:5755,-0.9370120553730582,0.1154457340239072
train:5756,-13.2078842106734,-2.587828034360031
train:5757,4.209144747955152,10.406222133664322
train:5758,-0.06392447539954335,-0.1632656973568627
train:5759,-6.071749580107216,-4.17383020147714
train:5760,0.5875971600871266,0.32654507175357694
train:5761,-14.508634978481393,-8.264826370966079
train:5762,17.781679837198226,6.3729693536334935
train:5763,0.05151951701913689,0.5595760837879304
train:5764,7.148524800691356,3.6470619484292364
train:5765,-0.2089426187467014,-3.4846652164640304
train:5766,13.62070895103941,1.2666836615363295
train:5767,-3.305731768868363,-0.015904356321764623
train:5768,-3.738201728194735,-6.84208837335789
train:5769,-0.7034782308451694,-0.04901593032420451
train:5770,0.11338630176669903,-0.01735450345547769
train:5771,-0.5984481351314601,-2.1309313966909826
train:5772,-0.9695201779808545,0.3908524277408834
train:5773,1.1556011990166866,-0.3129663903544425
train:5774,-0.1205372390009693,0.11736052741581046
train:5775,-0.20654597428972127,0.009294393192871148
train:5776,-4.928176846193873,-3.953223234064606
train:5777,2.5622752833265494,-0.34522856189410545
train:5778,10.847212493295226,4.990893681379753
train:5779,1.2036112642920513,-0.10237677969892492
train:5780,-4.5905019624921115,0.1936783543367292
train:5781,-3.2582303222226656,-0.15099415714093908
train:5782,4.157304235796944,3.0480808504264094
train:5783,-2.9329728927985923,-10.807196078951435
train:5784,-0.5522190486637727,0.07112686944818997
train:5785,-1.5037519863921371,-0.10633290662120695
train:5786,2.2175046118411497,0.11499093136160742
train:5787,-2.2822899666427454,-0.6983286180620802
train:5788,0.8798452869374238,0.14574874465975493
train:5789,-1.6734279051156005,-6.554504152898784
train:5790,2.9559284358629734,0.5212702296931646
train:5791,-9.606542590422647,-6.258029310760092
train:5792,-0.49495435592756487,-0.5304910283059816
train:5793,-15.225898826267956,-4.038996904794356
train:5794,-7.373638463459473,-1.3433544197896745
train:5795,-1.1506421079959996,0.029401007755145495
train:5796,-1.0359118786040078,-1.5843755784708553
train:5797,-0.06336192645813774,0.1822567872268225
train:5798,-8.87516573795401,-13.550011072714387
train:5799,28.370532052445245,11.932171232809319
train:5800,6.974540965859576,14.046584760365105
train:5801,-0.6696706666743741,-2.455768349145388
train:5802,-0.9875335994760867,0.16724587413715974
train:5803,-0.3863838049857241,-0.691632832944439
train:5804,2.60677011509285,0.10685826656558377
train:5805,-1.53063694416828,-0.2226165888221236
train:5806,-0.6655519715736202,0.25497399796399467
train:5807,2.4714092168786483,6.807622603127995
train:5808,-0.48798246838597936,-0.3088496273600935
train:5809,19.562473608116285,4.578235590250388
train:5810,6.385805603689778,0.14867714310675229
train:5811,18.87644656882159,3.502799628169903
train:5812,-0.3397382695806283,-0.4381750754901573
train:5813,-3.58786401047769,-8.630624095189466
train:5814,4.519491840933093,0.34279856049839375
train:5815,1.510567256461222,-0.3692293885871191
train:5816,-1.957273596413812,-8.541127833283413
train:5817,-2.7191210750144523,-8.898563922110718
train:5818,17.37005952235638,11.29613912519654
train:5819,-0.12615726564637952,-0.014769632238975289
train:5820,-14.111888271683718,-1.917196115174828
train:5821,-3.8944183148077083,-1.0724123674522474
train:5822,-2.671852086609005,0.056424674351380634
train:5823,-0.1630190986358228,-0.3184412842600506
train:5824,17.94125962963114,5.5701102654427
train:5825,-10.236485824841607,-15.424681397125028
train:5826,0.1101886062138166,0.3120842587472981
train:5827,-3.9803413892349284,-10.190072805740119
train:5828,1.5869481525844091,3.594834396529205
train:5829,-0.05241360825883143,0.09039649303815792
train:5830,-4.497069557071848,-5.727776199264234
train:5831,-5.239124611264621,0.006463432079108045
train:5832,-10.493865448112606,-15.593232290931159
train:5833,-4.475052042388305,-7.916500030822531
train:5834,-0.4637483481525303,-0.24608500537219413
train:5835,-0.5787483453323325,0.8803696009043303
train:5836,-8.888376804663912,-1.4952499493491997
train:5837,-3.092559194062234,-0.1494240322660108
train:5838,-5.855263080628079,-12.702519123505054
train:5839,20.401863576666642,6.001145066152205
train:5840,-4.129632579954366,-7.92821419525376
train:5841,9.167281422988792,6.454646091221485
train:5842,1.394280021776034,-0.12847115377877966
train:5843,-0.0975160858651461,0.16679734855050027
train:5844,-0.6027223447949416,-0.4210713283177035
train:5845,12.114193587625584,2.279698885511436
train:5846,4.815426987932,3.428426268089369
train:5847,1.2965543451165882,1.492821802544018
train:5848,-1.2478112796282863,-0.07970883295379919
train:5849,0.027222865519060543,-0.16758361209332046
train:5850,-2.6671224912528735,0.07796617134069737
train:5851,7.4719923016655025,13.629291619518638
train:5852,-1.3514839354480546,0.047701536462741306
train:5853,-0.8245385305774158,-0.11461137076505695
train:5854,-0.09484235118578771,-0.16405832081725719
train:5855,-8.19575910934164,-1.312689193357221
train:5856,3.4572064992199,9.712996736676816
train:5857,1.336771712804044,-0.11659292941604313
train:5858,12.85934498557849,11.138266107697754
train:5859,-1.5732860575069934,-2.809282692305621
train:5860,1.3237177878645507,-0.07235723609255951
train:5861,-0.25491739589955514,-0.29683344999408096
train:5862,-0.5844519407151126,0.03519860041298761
train:5863,-2.874942482619,-4.704377764884851
train:5864,-4.781004744792556,-1.1965096535476087
train:5865,-0.09178482795177617,0.45000915784372586
train:5866,-4.357018581402357,-3.4379663415949797
train:5867,2.3206730657378145,0.10196485812156098
train:5868,-24.34390778981699,-10.480857764132525
train:5869,2.2660467740284473,3.1671121798280457
train:5870,2.1046691495654373,-0.27392911428677497
train:5871,-9.645136237301955,-2.220626813087803
train:5872,-1.6109140728563016,0.061652337073247965
train:5873,-2.238071295265862,0.39121621280639923
train:5874,1.6989116640009425,6.78382392680276
train:5875,-1.027938096046944,0.20125307270481857
train:5876,2.604885576139141,-0.378515894014473
train:5877,6.089132634236317,2.4323565091180144
train:5878,3.5287278558306556,-0.07855442167922899
train:5879,-19.79420721665025,-6.209792267037554
train:5880,-1.3621777118742866,-1.2544036928210864
train:5881,4.3454615144532625,3.3223454016984757
train:5882,-0.6890609383266086,-0.09296230752499554
train:5883,3.098599215900084,0.6542336711391967
train:5884,-5.342169164919232,0.12079351714779975
train:5885,-40.53241494013162,-12.94620090629285
train:5886,-0.03224971558304415,-0.29535434271593664
train:5887,-5.768591490667253,-0.4087656921681884
train:5888,-0.28964003193309545,0.18270688208239208
train:5889,7.211454500742462,0.4783223355016071
train:5890,1.452094710708674,6.3704305618586226
train:5891,-9.477634268041312,-0.9098732001797794
train:5892,-8.746668401741436,-3.388263886032058
train:5893,1.207815271566977,0.39603743488055887
train:5894,-1.524539564526516,-0.032357712861400115
train:5895,2.016158582465992,8.676115143822127
train:5896,-0.5999399358882661,-0.06344920979415214
train:5897,0.9439970199575258,-0.25576425600949504
train:5898,15.552308610570377,2.718576321590221
train:5899,-1.3715913407714608,0.2242177539347572
train:5900,-0.6633598903680603,-0.06004774810117422
train:5901,-8.301044095515783,-5.890850059252605
train:5902,-0.1395623187577706,0.08475012083892239
train:5903,1.4781593233549737,-0.10402993316527681
train:5904,-1.2289782103779316,-0.13930524367308078
train:5905,-0.2213084672950537,-0.05617607637841587
train:5906,-2.9980337699963133,-2.899143309920429
train:5907,-14.91305838620509,-5.8087128125699135
train:5908,-8.120371972195523,-3.184147937613002
train:5909,-0.839713172042712,-0.024804964258051676
train:5910,-0.2208106579735578,0.02184055546805673
train:5911,3.683785870574222,7.026653168589959
train:5912,-1.8241373235588054,-0.6027795433090852
train:5913,-0.5514474035352619,-1.9834075649932874
train:5914,-3.76444812318491,-7.024156093590487
train:5915,3.3152247254068907,0.23782873649582909
train:5916,3.035723446160716,-0.1020127093117891
train:5917,-3.9840695544920615,-0.12058885870431688
train:5918,0.19359717985624936,-0.4127165406405002
train:5919,-0.025421022317452774,0.1726027875528927
train:5920,-2.995782179481249,0.043289893574109464
train:5921,1.1007903354645603,4.839424422320526
train:5922,-2.055014615317114,0.39493595076650095
train:5923,-0.14287810309670018,-0.1092243559184127
train:5924,0.1720778231815629,-0.018900803975134925
train:5925,2.420644521456318,0.29642844746600233
train:5926,-3.0868063175325204,-4.508953854297853
train:5927,13.118057989315565,3.132324911951273
train:5928,-35.05718281324147,-13.125825702814902
train:5929,-0.4549636350243532,0.9763709104250449
train:5930,-0.3873875596671247,2.690117201923703
train:5931,-2.354610049767001,0.24416601499792467
train:5932,-5.221625619855062,0.23577955662089997
train:5933,-1.1818175475124413,-0.0455203124966225
train:5934,-3.2024789326304868,0.41388444487314496
train:5935,-2.2609291464879098,0.4433775700905875
train:5936,-4.448516004430778,0.013338256513307
train:5937,-0.9077074397741506,0.1578120000930695
train:5938,2.0347322283202276,7.365031485130154
train:5939,7.800080142622862,1.59335772857159
train:5940,8.736772481377171,8.176547801915364
train:5941,4.015125337396202,0.07880501690353386
train:5942,1.2733822103537227,0.9341625698725595
train:5943,13.160383985700332,9.41088508061316
train:5944,19.506979317337823,6.777082918208347
train:5945,-26.119916640317737,-17.694839442894306
train:5946,-0.2737180372253948,0.07141832548303265
train:5947,-18.37423326658271,-5.382375547012294
train:5948,-2.2186854403201925,0.1059485185801742
train:5949,11.309746741749644,1.7095886262728044
train:5950,1.2447270830780743,-0.33400343871957733
train:5951,0.8221705378654146,-0.12206454212302106
train:5952,-5.409206866992041,0.14857984843432806
train:5953,-2.308807640399293,-7.420094052465505
train:5954,3.1882186088055233,3.0100862822190773
train:5955,-9.251943352081225,-5.870353124714153
train:5956,-4.383466285228589,-4.075855322310799
train:5957,4.053252208129088,1.6953650581935658
train:5958,6.55109643016916,0.3934671150666771
train:5959,-2.8589419170260952,-3.356711309361366
train:5960,-8.144255661631794,-6.6094907648643355
train:5961,-4.889962571162653,0.07574151866946063
train:5962,-4.549068605749907,-0.6566419880917875
train:5963,-4.49509319711324,-6.388272923863355
train:5964,-0.5689088529390199,0.09772426554412657
train:5965,2.272777369916653,6.170832110649223
train:5966,-0.7227034571468262,0.09384745803220798
train:5967,-0.3394542056110425,-0.06208808300588295
train:5968,-10.730413093725339,-13.47532642674642
train:5969,-0.6762706210315593,-0.16621806281994111
train:5970,2.218482331199642,0.956110792831204
train:5971,3.8690164999857903,0.08700230704649033
train:5972,-0.2386107990333604,-0.055901311658343916
train:5973,-10.00574963523513,-11.165457317903813
train:5974,-0.4513914492464276,-0.008935375752961577
train:5975,-0.31966782511742164,0.09841788240237673
train:5976,-19.002707364923285,-5.252406983950722
train:5977,0.5277668257532768,0.21413734109971885
train:5978,6.686729769440935,14.043868498542587
train:5979,3.173378242289707,8.439880255316654
train:5980,-0.28389529144179104,-0.7306213190150845
train:5981,-1.0525928494661256,0.07637949781180839
train:5982,-6.473387208279755,-8.35248230842305
train:5983,1.4739950664391306,-0.5072467318884308
train:5984,-1.9399503434338827,0.41179389336331407
train:5985,-1.9148662396449585,-1.413804036951798
train:5986,0.3613423004361939,0.14772003173242065
train:5987,-0.6316686260165034,-0.16505466391434048
train:5988,6.092914729805188,1.0793576065077133
train:5989,-2.4157370361649666,0.30342046775562137
train:5990,6.841738503037568,2.2213483316459386
train:5991,3.042392208157015,-0.08056736570841652
train:5992,0.9738262938046782,-0.18063022849000782
train:5993,4.571360712996612,-0.045776959293823666
train:5994,-1.4370385635644776,0.12871147742476408
train:5995,3.4246125995214514,0.5135778161568202
train:5996,-9.056172601140231,-6.609465085918535
train:5997,18.02511010638829,12.162728221076543
train:5998,5.960739904231857,3.7744449269702556
train:5999,0.7525086147184207,0.558255757991323
train:6000,0.035192928744280635,-0.2713495215202428
train:6001,-17.824845180907108,-4.8618330715319376
train:6002,5.704464922518526,7.524733984856458
train:6003,0.36456021985597814,-0.09128347511284252
train:6004,-1.9502505680593711,0.2303921137918257
train:6005,-1.8075683975684882,2.042680218515789
train:6006,11.610486335658042,4.097495766083383
train:6007,0.6840647727503381,1.0060235304280745
train:6008,21.91036692295109,9.481769813245801
train:6009,-7.511883238602219,-0.8198730602927855
train:6010,-28.568010614695933,-17.511547692911854
train:6011,4.978401135589048,0.37646479973013774
train:6012,-3.766411000565583,-0.19470942382952006
train:6013,1.0176827952432514,-0.12858385581868456
train:6014,0.5335654965563192,0.07877762602801267
train:6015,-0.8022239342628332,0.0578059163138607
train:6016,1.740950342000759,6.270716362096687
train:6017,-0.2600997036785741,-0.7908498597835034
train:6018,-0.26457591955283294,-0.04619452748471181
train:6019,-4.671905583812386,-0.14718539883539344
train:6020,1.8905783647103198,-0.07226108270661533
train:6021,-1.7889710409737472,0.09028750017931318
train:6022,4.273889481946132,-0.18072780848405207
train:6023,1.200755747268817,0.051671786805213955
train:6024,1.7528968358836998,3.745961840287657
train:6025,1.295177494959586,-0.6613525053773823
train:6026,-0.3343694140638085,-0.05593326767978529
train:6027,0.009175272662511558,-0.24929558690138376
train:6028,-0.06842719151319071,-0.17788514918386844
train:6029,1.4264773477166157,-0.06878158555056402
train:6030,-7.37231624098893,-11.094257019559437
train:6031,-3.064219745076845,-2.61171544570909
train:6032,-3.4959439783684942,0.34907706274676675
train:6033,-3.0582883406186196,-9.713031035090095
train:6034,-0.24555211831635299,0.17170445243228363
train:6035,-22.513466517779243,-9.338379210354482
train:6036,1.720328739049919,1.2077618937875672
train:6037,8.458022507163484,13.133154984770904
train:6038,-1.2788270203336762,-3.3124202636436
train:6039,-0.5639140227307627,-0.23679493342459018
train:6040,8.551449333585982,1.751068683390208
train:6041,0.7694989874983115,0.304952359533468
train:6042,2.3130763304464366,0.11683853151199776
train:6043,0.835043610293993,0.027549983745315004
train:6044,-16.907948056059553,-5.367386461026562
train:6045,-0.8653514562763925,-0.012957839951896491
train:6046,-5.430388926760124,-5.005541011883587
train:6047,-1.9571062264808319,-2.5449790041098077
train:6048,13.45902401678279,5.224986375162173
train:6049,4.421637614866789,-0.11754733023498462
train:6050,4.206815981304325,5.130906706752242
train:6051,-0.47525142794219377,0.2041214109508033
train:6052,1.0185991456263181,-0.0779404095529623
train:6053,0.7980327715725493,0.555819111356417
train:6054,18.768969036525405,7.792866689192838
train:6055,-2.9791232921519555,0.24727858855064003
train:6056,-0.11651594390288023,0.0710195885190653
train:6057,3.407582708840718,-0.016859185123136153
train:6058,-17.80472545529697,-5.491690819287648
train:6059,0.16472470412596696,-0.11244549434754278
train:6060,-10.818256273217026,-6.058729876608465
train:6061,2.3396430528916765,-0.30028898013405125
train:6062,-0.23337549077556435,-0.10925388670608399
train:6063,-11.593748120687396,-2.93849258517958
train:6064,5.198139260932805,0.6445124782237539
train:6065,-1.0201367975041453,-0.07482426947999679
train:6066,-8.897314359085053,-1.2770080128449492
train:6067,-6.040593202166475,-5.974120603409986
train:6068,-9.984357898134341,-8.318873133515309
train:6069,-2.098095171149732,-7.983107221727948
train:6070,4.234453406404158,0.02368530240224695
train:6071,5.6683474208143645,0.8938921337631984
train:6072,-3.0762131955243164,-0.1430662106072743
train:6073,0.257425331005923,0.3363106321809316
train:6074,0.12683819521350057,0.12929966794441963
train:6075,1.7736737209390272,-0.09890441558337393
train:6076,5.996120048397945,9.05655956808723
train:6077,-6.667780876605508,-0.40359680570004364
train:6078,-6.932386231816447,-4.156208452903553
train:6079,4.76696641858703,6.871858200727868
train:6080,-0.33900811824800225,-0.006887622486132533
train:6081,1.3487014696936868,0.14089185738309373
train:6082,-0.5348423302885859,-0.12880070024989398
train:6083,-0.5100725100404802,-2.0325522167890844
train:6084,1.5334699721236378,0.34967238630692266
train:6085,22.878813987156544,12.28655095644305
train:6086,6.375300350896388,0.3540590635538034
train:6087,5.991518305073951,4.140333954112046
train:6088,0.26999202347385154,-0.12536628390980464
train:6089,0.6755953892250603,-0.18806485394267114
train:6090,0.18770459592414576,0.17248309513329751
train:6091,-2.9807212100954357,0.08075519017631866
train:6092,4.380522260997247,5.763521232000511
train:6093,0.34781764756019407,-0.28212882966350156
train:6094,-3.2831340384171552,-2.125307992882158
train:6095,-0.3099255002685336,2.373530038790336
train:6096,2.5344779269574245,9.261626493465789
train:6097,2.2242356726458357,5.765906520743815
train:6098,-1.9845374611215627,-2.030284195231606
train:6099,3.4125359290239703,0.49581312145160766
train:6100,0.6037743939426221,2.9809292658700093
train:6101,-7.183688466854344,-2.5560112498692074
train:6102,-0.7909280909943528,-5.606079680610062
train:6103,-0.35290203103863965,-0.0008134105176883927
train:6104,4.159477255426803,0.19887206378581504
train:6105,-17.52746600331977,-12.167116527411212
train:6106,-22.82326826372556,-9.851539844881877
train:6107,1.3795086953575724,-0.3681775504349434
train:6108,-0.7483015261049435,0.07711962209412057
train:6109,-5.736455533702098,-2.507795605268171
train:6110,-4.6072357013747665,-8.419201345403511
train:6111,-4.081096229223075,-9.634608675899964
train:6112,-17.268466611030703,-22.364013625749347
train:6113,4.935901260440575,0.3336654154417966
train:6114,-2.2755526294655724,-5.719817437995608
train:6115,1.3294711293107446,5.075372847919507
train:6116,0.7298525372489104,1.023305318291416
train:6117,5.354576217957536,1.2034889172062613
train:6118,-0.10647270186198826,0.12013727742177122
train:6119,-8.728425079046596,-10.407260764180043
train:6120,4.501142052364219,0.8616025713480142
train:6121,-1.3552379035698556,0.006281396885540136
train:6122,1.0805608895650225,-0.31021189543484273
train:6123,6.802041609350033,1.2961618786991262
train:6124,1.064150267636316,-0.3122137119208498
train:6125,-0.020564504762144553,-0.09547970017836499
train:6126,0.8315069906268256,-0.07514910814438092
train:6127,0.7391355246150639,2.1334992314522183
train:6128,-1.3613933977716823,-6.409353055793113
train:6129,1.5550734786812948,-0.10268778026473846
train:6130,0.3190193260085515,-0.07011175494306188
train:6131,-1.7441630879578298,0.2623290186846745
train:6132,-1.7035589097585975,0.15591261406864693
train:6133,6.7939078955236765,0.22154914082278115
train:6134,-5.051306256722587,-11.695929556403842
train:6135,5.7884832341251355,6.897903499489081
train:6136,0.2840236677718372,-0.38346422687034815
train:6137,5.790952405553074,0.7918756738493822
train:6138,-1.385377276709502,-1.6597130403054114
train:6139,1.1793528521724963,-0.20085525152458733
train:6140,1.8703549627250284,0.06188373290707803
train:6141,-0.15140618232764103,0.11655748971628555
train:6142,-3.58870969355572,-2.8238689041638954
train:6143,-0.05204516194803477,-0.2818318098570686
train:6144,0.7066727313641165,0.3391180542610437
train:6145,3.500528114247657,10.865452987506691
train:6146,-6.458825094277518,-2.313164888784807
train:6147,-3.5461000981178494,-7.651172608654114
train:6148,-0.5596976951691037,0.10279970918171728
train:6149,0.9202995295716945,-0.29082857117929983
train:6150,-0.17326818244845638,0.33139268607758776
train:6151,7.956010340683847,1.4796790327613867
train:6152,-5.906251865794011,-2.4679407400983577
train:6153,0.8781497365330385,1.9264966842034967
train:6154,-1.6455624384820822,0.23231375490260925
train:6155,-1.1417524399723495,0.3952035824460726
train:6156,-4.545253036194439,-6.615319487589255e-05
train:6157,-9.935472860042674,-6.954747044376549
train:6158,-1.8577317235232909,0.21900863711819069
train:6159,-10.441884066260807,-12.743890758406852
train:6160,15.348292100931225,10.278954995701028
train:6161,1.9012988738341807,-0.10383619978528838
train:6162,0.9740568923790065,0.8388564464790051
train:6163,-0.19124394570876802,-0.026722610866155072
train:6164,1.264157802464112,-0.38873468783521736
train:6165,14.967947647565609,6.79993204418218
train:6166,-0.6744374553489458,-0.17930490956505019
train:6167,2.0787426171138463,1.6285923807485423
train:6168,-0.03799515344906937,-0.272480679082782
train:6169,10.074999236845347,9.023846873709568
train:6170,1.8125783969437896,0.10154115551584256
train:6171,-3.6788941924432077,-7.264847705800554
train:6172,-0.9745333723900914,0.16697282134680788
train:6173,1.8597971743693424,2.5142041543563933
train:6174,-0.010824504495659026,0.39020531830669525
train:6175,3.231843349378567,1.133043865190058
train:6176,5.1887702640177595,-0.13800917021417441
train:6177,4.745985202738523,1.7878908650609093
train:6178,6.915493318420648,7.1860663521935715
train:6179,3.3799934025966167,3.1574494778447053
train:6180,5.569642862505225,0.6927963146919736
train:6181,-2.1220325584395017,-2.4148677802382297
train:6182,0.903109707621669,0.7062934539266605
train:6183,-0.31176819673899736,-0.7155657530918897
train:6184,-3.543160896128125,0.03249560604580007
train:6185,0.10643440563377504,-0.19783226896055583
train:6186,0.6602303644609993,-0.22313259297191607
train:6187,-0.38077110077488185,0.24516207277338797
train:6188,-1.5661114663799096,0.34534163209756435
train:6189,2.641317128925881,-0.037964853337883936
train:6190,9.700419747837937,0.8192100556898108
train:6191,-3.541538802527659,-2.4565481331328822
train:6192,3.31965491454958,0.5904357569044224
train:6193,4.83579776844161,0.4103403223701608
train:6194,-0.10639970997454967,0.170632356445087
train:6195,0.18057045253086557,-0.4693711427966439
train:6196,8.843070985478805,3.7957864135039436
train:6197,6.021136274380716,-0.04686603191741101
train:6198,-1.6711430730721806,0.08758978426209586
train:6199,3.2421891358191446,0.7379575913507774
train:6200,2.017462905652036,0.4287569056466967
train:6201,0.3713024386561964,0.08610297330021122
train:6202,-1.5942607645247735,0.34062983086467946
train:6203,-13.160395781689157,-7.198507005288229
train:6204,11.415234431509285,1.3963805270852443
train:6205,0.8430634195826266,0.7439113975955765
train:6206,7.248973260718853,9.568358077200687
train:6207,0.4039893216507452,-0.48440473895509756
train:6208,1.200058837464547,0.43081942430736136
train:6209,-1.2316951822899767,1.081052844913017
train:6210,5.434209902236545,0.3712231562488898
train:6211,-5.5198509454369145,-5.9016968459589965
train:6212,-6.81682473175732,-0.606821409378181
train:6213,-1.7660299697016901,-0.952089957720055
train:6214,-1.342755593443138,-2.1100732449815958
train:6215,-7.467367485594297,-2.063924470195929
train:6216,-0.20695370604312024,0.7789565962168403
train:6217,-4.0719908399524725,-0.146324298186196
train:6218,-35.83762881072805,-12.164510970377258
train:6219,-0.26275716628111495,-0.011137202694597323
train:6220,-1.4390179454802081,2.2453789744482435
train:6221,1.3166682592707217,0.18995462187394724
train:6222,-7.245268514362557,-3.521995270618354
train:6223,1.9461368139630908,0.08007612472068913
train:6224,-7.534257809142787,-0.9857613327409593
train:6225,8.507614218305513,1.7653173597720078
train:6226,-1.839918216114674,-0.81583533138718
train:6227,2.2850572089161125,3.476882153494456
train:6228,-1.074888616663248,-0.19846454167050337
train:6229,0.4662416383897624,0.6851986992638781
train:6230,25.70553966258619,9.819152357332152
train:6231,-1.2234350111809245,-6.393258063208212
train:6232,0.597443858685887,-0.26247473519056685
train:6233,-3.6760303069233244,-0.3485146109917884
train:6234,-1.854200217937409,-0.5079703075167823
train:6235,0.005686074476355302,-0.5359361061022985
train:6236,-0.605000435549394,0.0772883898323579
train:6237,6.73525170776133,0.55289827393235
train:6238,-0.4783391707474379,-0.1479496327945967
train:6239,0.957784815561489,0.08066788176059486
train:6240,-3.456757562976548,-0.15610055817430113
train:6241,-1.6126593693241005,0.09776777709117847
train:6242,-7.224818698051262,-0.16122493446972397
train:6243,-0.8419724336797041,-0.39655349884922736
train:6244,6.82327434501449,0.5936730160050832
train:6245,-1.0321432656130711,0.0721438983627242
train:6246,-0.2965554321223002,1.1027633949621913
train:6247,-0.14498963752201333,0.11067002074813953
train:6248,-18.745731289157362,-11.78921945456958
train:6249,1.9599113594473598,-0.22363219112855776
train:6250,0.09582919579707809,0.3655194344040318
train:6251,-8.454509306397155,-0.42294075557202476
train:6252,5.593867800638184,-0.02859375005019643
train:6253,-3.392875713973377,-5.32111185940647
train:6254,-1.4585869775191953,0.06790801359201999
train:6255,8.441967081425881,1.5916184079759943
train:6256,2.6657735954661295,-0.3985213620624529
train:6257,0.11115842199214063,1.0145132752315436
train:6258,-1.171872286619815,0.04546090578078387
train:6259,-0.42957315127477924,0.009777728017172166
train:6260,-0.4283387980190504,-3.859745879594521
train:6261,-1.0999899223619507,0.5850614388698687
train:6262,1.1738370830478382,-0.019710261411110125
train:6263,12.39576746454183,4.7673230783001515
train:6264,-5.577332289253035,-11.727432487112651
train:6265,3.3402753552092186,0.2789605585760077
train:6266,-1.4721360385104214,-0.2682530686390581
train:6267,-0.4408805012261521,0.2641652059702643
train:6268,39.325437188447296,16.778754975128635
train:6269,0.7014521842045762,0.2120640515478987
train:6270,-1.0477421433668237,-0.026011874710704153
train:6271,-8.107274345106863,-1.3757407062340428
train:6272,-7.329737330038772,-5.002444131019972
train:6273,2.4710386784436893,-0.04873973899603248
train:6274,-0.95075219703777,-0.0011737717237640666
train:6275,-0.29517300296753196,-0.11603369904081881
train:6276,-2.6382411821094616,-6.388651830974732
train:6277,-8.32779353013786,-1.8922284761724024
train:6278,1.4912857752654247,-1.3735776830327286
train:6279,-1.6980115263132656,0.08744969134666977
train:6280,17.101136952707513,10.853791322253544
train:6281,-0.6853446284397279,-0.06700802636056691
train:6282,-34.77215553670806,-11.512079717332647
train:6283,-1.9675719613733786,0.02927375431261997
train:6284,0.3241759471520228,0.18324927848203565
train:6285,-34.26635616057827,-14.11900971892145
train:6286,1.505499201907286,-0.28785723182849066
train:6287,4.18883673117041,0.0760670706378948
train:6288,-0.581343276668246,-0.3423456722455001
train:6289,-1.2232994880268584,0.424441630135224
train:6290,0.31282675471740495,-0.0678542902855237
train:6291,-5.846715591134077,-3.277552249748364
train:6292,2.2006209373935337,-0.07217434493413155
train:6293,-19.71776006992859,-8.581912276291227
train:6294,7.460305231178681,3.3803535696199583
train:6295,5.7484692673978985,1.431943013803591
train:6296,-0.6156899114981816,0.02000422552165687
train:6297,5.374057613239949,11.23059047750137
train:6298,-0.39836563252118307,0.7991207030855472
train:6299,8.782091610063398,4.697561942207117
train:6300,0.1453344324737325,0.011058108786977855
train:6301,-11.432336557321308,-2.950017010733501
train:6302,1.2135516435616327,0.74928500232608
train:6303,-0.5594371094817832,0.019029566867694497
train:6304,13.256446888567266,3.8285093794599265
train:6305,-6.60246197076111,-7.330035136324788
train:6306,-14.667046900715288,-9.205744031432275
train:6307,-5.157257468213287,-6.587818875894673
train:6308,10.21636174190633,9.541445400714636
train:6309,1.8285854713674219,0.06655216525372104
train:6310,0.36391538069752394,0.3635143367193946
train:6311,-0.4877953395025778,-0.07359125209911319
train:6312,0.928164056755841,0.03823684768368973
train:6313,-1.9138376119318514,0.7685309442215869
train:6314,2.466865588114717,1.705535917982148
train:6315,0.8706901516034079,0.18059293419972017
train:6316,-7.8723427491803495,-1.2037981943308258
train:6317,-0.2564022229091536,0.3078164179551525
train:6318,38.50302596976481,11.908916379491826
train:6319,1.709968540198446,0.6905950583935778
train:6320,1.5426925203473263,-0.18703084839174616
train:6321,-0.7152169070613266,-0.1320365327424547
train:6322,-0.9290331587347086,0.341124293232161
train:6323,-0.38189154949288806,0.4353431985926581
train:6324,6.848258956676587,2.4986321563009763
train:6325,-5.390316845472825,-0.25836981304344836
train:6326,-1.4642947571503,-5.504458391139963
train:6327,0.28555324299268386,0.47969059533037656
train:6328,-14.714351222773255,-7.806650636474514
train:6329,-6.761660531680014,-0.8930018474668258
train:6330,-0.42651376837484567,0.1956724671389959
train:6331,-13.294942611146002,-2.5528652936869505
train:6332,-5.060492076544315,-0.9567193010047563
train:6333,0.055326601848835366,-0.13590863244764306
train:6334,-9.479328423696256,-1.5616183260586658
train:6335,-8.357553763887658,-4.034828355925975
train:6336,-2.4149473755228366,-1.3427110195365464
train:6337,0.28062733665266093,0.9798155270130497
train:6338,0.6399841815681635,-0.253969012376377
train:6339,-10.011239369036879,-2.138600841836916
train:6340,1.3823086548613865,1.3994423133895975
train:6341,0.30562740678773453,-0.23900959983912645
train:6342,0.5952272531359808,0.5927402996292626
train:6343,3.2904744316509658,0.3942326329731704
train:6344,-3.9747721547150126,-4.875632937005458
train:6345,1.7623395220609055,0.03805880699280199
train:6346,25.91391150981467,10.25557117701129
train:6347,1.6941186075452226,-0.36771104958622314
train:6348,21.851681445450474,6.8716373617939785
train:6349,8.836586330408783,0.3606354415734694
train:6350,0.3241587452422443,1.3047725998694808
train:6351,-0.5095120532232368,-0.5746488288272018
train:6352,-1.4668359906327155,0.016807482091037856
train:6353,2.0784325178213527,0.9616862626078664
train:6354,0.17915222480709878,0.16950105622173783
train:6355,5.89247761214941,9.558507633591379
train:6356,4.896084418301071,3.751665990114945
train:6357,-1.4542934738217732,-0.04192226420745604
train:6358,-3.400567292226777,0.14572206708828378
train:6359,-4.273333614912267,0.25666253131122807
train:6360,0.4007237482917097,-0.013743901015030674
train:6361,12.488153807880968,3.9224851908001734
train:6362,6.140259499596957,0.636279950860726
train:6363,2.540731053620156,0.035304882716442235
train:6364,32.176911138926336,12.640992309546702
train:6365,-0.463215786324117,-0.057061714686934384
train:6366,8.55420535848239,1.2887231874133778
train:6367,4.818931528362013,0.8263834691993528
train:6368,0.33660525679996345,-0.005237607557600776
train:6369,-0.4007615796034424,1.0157761087217185
train:6370,-0.002065478003029586,0.008900221374824005
train:6371,0.8609310897612219,-0.21622381526493561
train:6372,16.476192500286896,17.36366657872703
train:6373,-0.20860055644617315,-0.3435316115590817
train:6374,-1.1061277497375182,0.2373372700053577
train:6375,-1.615085303519352,-4.1668104336599745
train:6376,0.44238212461047666,0.41887885717065215
train:6377,-1.5781197941547571,0.07551183476535064
train:6378,2.141299686605832,3.7075173198855653
train:6379,2.4243475812235045,3.3889811247658934
train:6380,-10.762951668362609,-1.983146495710976
train:6381,0.9292507990290109,0.14348300567523642
train:6382,1.947305613995069,0.5967787418389181
train:6383,0.7250731958293652,-0.11660719549704374
train:6384,6.285115852008901,0.21256693090317058
train:6385,-1.169995883704515,-0.06778952227778087
train:6386,18.88542131656117,8.054009584482154
train:6387,0.04775659925508595,0.040588753797452005
train:6388,1.4223498192027324,-0.28488360990472134
train:6389,3.267275331732231,0.0018280970403864727
train:6390,13.492875515560993,6.0884198139248396
train:6391,-4.044317616283641,0.0040724369034040725
train:6392,-2.730550116854596,-6.591909817282411
train:6393,2.2306280417944775,8.196068365870131
train:6394,1.470814107879546,0.15831502210915138
train:6395,15.76150057047046,3.944663810966978
train:6396,0.16057021045621447,2.0367375398141703
train:6397,2.0398951258361855,0.7527528012957108
train:6398,-0.282496357751965,-0.7602756509478339
train:6399,-1.6990845535502608,-9.644690800664723
train:6400,-10.366069205952629,-0.3593807995683409
train:6401,5.650431864238278,0.11537811279996425
train:6402,25.07091378937563,6.743644365629373
train:6403,-2.7921882789228722,-0.20978524758773565
train:6404,1.660256415687969,8.491830474602033
train:6405,-1.6351557479825587,-2.1400713894664602
train:6406,13.034798886321614,4.14432332100306
train:6407,-0.9589203146836834,-4.3194278269181305
train:6408,-0.10722598278951923,0.13029643902393298
train:6409,-11.297905027151629,-9.690772524869686
train:6410,3.654578422519739,-0.40436860068217717
train:6411,0.3006676777737552,-0.6319930533389155
train:6412,-18.842770516633347,-5.215871550508133
train:6413,-0.48572169577042545,-0.5662917585770384
train:6414,4.604869103412206,0.5462848041020825
train:6415,2.816457443502907,5.127977024357954
train:6416,-1.1046990613929402,-0.65416953359357
train:6417,-4.222700490853918,-7.62624006421095
train:6418,-2.6443643646158934,0.024741848361152896
train:6419,11.174926541402264,4.863645374643379
train:6420,-9.265102348145312,-4.218000841471261
train:6421,6.152251555294987,13.566842705903282
train:6422,0.696496174522441,-0.36827826896680776
train:6423,10.793756396367279,4.840690109026902
train:6424,1.4334008839442292,0.10240111487855995
train:6425,-9.821181511808275,-1.8483999368006765
train:6426,-1.5705869848794478,-1.004471155312463
train:6427,5.348320301795922,3.2722298004297765
train:6428,-8.570827690486537,-3.2291357387268387
train:6429,-0.9144738342313549,-0.004074351312810198
train:6430,1.7324028525067572,0.14153918080849687
train:6431,4.10789291224935,0.03559048965807465
train:6432,-1.6212212712289977,0.13283351886908332
train:6433,0.6020065490255189,0.1040716729637326
train:6434,-25.000061155740646,-9.145221609395243
train:6435,-1.0537481669201694,0.40112828588563026
train:6436,0.7994784293686655,0.24699269628738757
train:6437,-6.851093725535012,-3.0810201499892376
train:6438,-0.19242971519228452,-0.1632444408961718
train:6439,0.6779199716275629,-0.4279734009666137
train:6440,-6.955586494026383,-1.8981380575660995
train:6441,3.6240234140465253,1.4027443404980011
train:6442,0.3031408009917776,-0.013993842754161545
train:6443,12.463124564236743,12.960990777968936
train:6444,2.8883853695758606,0.2692791680265567
train:6445,-0.4978528777252452,-0.22965875438645983
train:6446,-0.5645656031781843,-0.41542937860357815
train:6447,-1.6913925103803802,-0.5515770093289487
train:6448,0.19195800057512472,0.19002837751272045
train:6449,-2.297224711204103,0.5160036205701657
train:6450,-5.920553626567167,-11.236742071447713
train:6451,6.6983159530514875,14.772331115601624
train:6452,17.96173083210054,6.916922468035867
train:6453,-1.6684811937630748,-3.093304957660492
train:6454,-1.44671998435442,-5.673849271795409
train:6455,8.324066121636875,0.03367569626617139
train:6456,-0.664011587044602,-0.0033479224682586017
train:6457,-8.176286547472357,-1.6408364472470105
train:6458,-3.5377715842861632,0.23230804847020903
train:6459,0.9008362660320215,0.3803319063069759
train:6460,-9.425459480933624,-2.290183658900908
train:6461,2.1219784550509515,6.323871209261759
train:6462,-0.15947318063904548,-0.025424397495098616
train:6463,-1.215597681610887,-0.050168059025814615
train:6464,19.85234159504466,3.7725740731078345
train:6465,-1.2238108961554088,-3.7993624091864353
train:6466,3.202652638317382,-0.41044480990196147
train:6467,3.887921166374142,0.0032845212497398107
train:6468,1.915571809785546,0.30570275539410063
train:6469,11.456074554822372,2.183463041619071
train:6470,0.931981950893711,0.21692065350293988
train:6471,-1.4064112605785457,-2.5325863448661887
train:6472,-0.5020399155486327,-0.10297595510095098
train:6473,2.7391281177594986,0.07136925016439051
train:6474,11.39543456843773,16.6422114606555
train:6475,0.9899700536735777,4.773262903785569
train:6476,-0.8014993619279732,0.23227694841362767
train:6477,-1.0032707898827886,3.3197775071183644
train:6478,-1.3287743925832864,0.05281050539068347
train:6479,-8.476503575256674,-9.413334341218222
train:6480,-2.5988880941592565,-1.8071484223009027
train:6481,2.4415127626000634,7.041591467327328
train:6482,-1.4693107410584196,0.15775379448258697
train:6483,-17.074421630065327,-8.887234371223265
train:6484,-12.517180111584869,-2.9471966065196784
train:6485,-1.8019559258158862,0.23636817512298558
train:6486,2.1783309816524175,1.109035192152494
train:6487,6.905612913377052,1.2454505972182461
train:6488,27.198611501049864,8.803267011850936
train:6489,0.6559412774701419,4.08637278804882
train:6490,-4.843878189949521,-0.09239223492821075
train:6491,-1.129777121267618,0.09197917206436675
train:6492,-0.7040672800259635,-0.14597520718411083
train:6493,-1.0565292973065237,-0.02513165751296588
train:6494,-1.4917706237731587,-0.14600102879072194
train:6495,12.393409408152731,1.3444160417188646
train:6496,-0.14154274673558265,0.007778764747365247
train:6497,-3.1818226934018496,-1.5489380626220743
train:6498,8.002706551985318,0.3845690750249702
train:6499,-9.599898004083334,-6.685516422446361
train:6500,0.2705968798149827,-0.08538216804612592
train:6501,-3.476425854684122,-0.7106358234805055
train:6502,-5.1594616372473405,-5.588625986470663
train:6503,-0.7942912968142934,-0.10511672321590407
train:6504,1.659315889647916,0.34431775546414983
train:6505,0.8916485865443706,0.31092456902275767
train:6506,7.169221487653797,1.2695348804851134
train:6507,-1.8585755469353993,-0.09438920094667758
train:6508,1.0470357621561313,0.10317319518231352
train:6509,-1.4322624765602958,0.03801001699577987
train:6510,-3.949706182668828,0.03922776966999282
train:6511,0.6198412101339987,-0.16571275823089915
train:6512,22.417756313444194,12.809116362209293
train:6513,0.01535354777188272,-0.9811919069964605
train:6514,-1.6897206707165,0.06640265672483453
train:6515,-0.8220586660704261,0.22300057190378428
train:6516,0.72990786231009,0.4736477687401338
train:6517,1.2545489086451278,0.981428664122195
train:6518,-0.02657494502205504,-0.07644161508303712
train:6519,0.767925012753577,0.3572491019263521
train:6520,-0.700089222160561,0.2848260577794128
train:6521,-7.848702675979859,-0.7278485635118039
train:6522,-7.725821530851733,-2.107269960064974
train:6523,0.04091279620387832,-0.08339447498030947
train:6524,-36.57737044051385,-13.78647764237531
train:6525,5.854158265993597,0.7129170526744386
train:6526,1.6284761198303959,3.1245450473383944
train:6527,-11.940079284339596,-4.129506914416312
train:6528,0.9487066239049959,-0.24318956157230825
train:6529,-0.21861392760319293,-0.4380001733370897
train:6530,14.11685294170217,12.645147733620563
train:6531,-0.09235830243047352,-0.8530769358392996
train:6532,-0.8024515108800382,0.1054700342234134
train:6533,17.649652855065696,5.4903069496117105
train:6534,-0.3690599708601944,0.19486443631112077
train:6535,29.42012006015949,18.540520110640927
train:6536,2.1677964391207567,1.4091983155426817
train:6537,4.2042998533118565,-0.1506630414009147
train:6538,8.128788182165211,13.10893232051833
train:6539,-5.2409959000986355,-0.2513685911315839
train:6540,1.1094810192345563,-0.024296806452809572
train:6541,0.20199636099297144,-0.3581051266052654
train:6542,1.2696103429474221,0.05271321071825924
train:6543,-3.394632168436708,-1.3370177119308189
train:6544,1.717619205801562,0.21966259427125912
train:6545,-2.2674268192193847,0.3690843853852768
train:6546,5.7040981034154115,0.16799569935455236
train:6547,1.9087626430121358,0.1339876448220335
train:6548,-4.130331814341039,-0.24878543184480156
train:6549,3.7600623929475367,0.11662496827941848
train:6550,-0.21801430157246743,0.21056882359822365
train:6551,1.268184211643487,0.020111078468351515
train:6552,-3.8054263266927046,-3.5539709792515244
train:6553,-3.07873397268159,-0.054075823933504547
train:6554,5.69353566589492,0.10837289638541964
train:6555,1.9617487093782975,-0.22193210225571386
train:6556,0.8804166692919589,-0.2600132655747198
train:6557,-0.2682119151177072,0.07503063985319973
train:6558,-40.9080228243939,-15.374873372562703
train:6559,2.698869372505279,6.235823810542129
train:6560,1.036457052558823,-0.18231647926428113
train:6561,-2.1507378966950443,0.0568560806408394
train:6562,0.8440885604221302,-0.17029702069963848
train:6563,-15.175200613902337,-1.0029271373657658
train:6564,-4.906074251794398,-1.671982440609185
train:6565,-2.3315997059393494,0.3497007758081139
train:6566,13.84573410659942,5.946573882465391
train:6567,1.3544631796365296,-0.18052922463652343
train:6568,-0.44644613264334376,-1.2288816739109765
train:6569,-2.7275923182056516,-0.1331818137251845
train:6570,17.900140556429754,5.907178385103799
train:6571,7.266815825407502,8.002543841307556
train:6572,-2.9144199357277394,0.549495813613702
train:6573,7.760269809314085,4.210145306810202
train:6574,1.9554198013292443,8.981002979248505
train:6575,1.0527086730511983,-0.27453299749553123
train:6576,-5.123157239118017,-2.207535971840014
train:6577,15.206957490859072,9.798977836224315
train:6578,-14.798225875187388,-7.925808363353816
train:6579,0.5749202824133195,1.801130644194345
train:6580,10.714436065796127,1.6986710798046496
train:6581,0.7920567351321959,-0.13554513270374727
train:6582,-0.48341478019418205,-0.065492683236681
train:6583,-1.1332944469008441,0.0865903026271924
train:6584,20.442448925748415,14.650271667846797
train:6585,0.1950702677247152,-0.19210129890098665
train:6586,-3.01217792408258,0.25408122661497584
train:6587,-2.9809485542544003,0.3471622693548635
train:6588,2.4211289644289997,3.89481555605623
train:6589,-3.255536131218165,1.4904681845005359
train:6590,-0.03923392341136295,0.20934864569024061
train:6591,0.8746902930016343,-0.29221181039312
train:6592,-6.305918713005709,-0.6433223189047481
train:6593,-15.062056679541813,-8.026260975468345
train:6594,3.612499296786119,2.2177880884714236
train:6595,-7.635174440066147,-2.2013133926291633
train:6596,-7.813069617248379,-2.798112636203755
train:6597,11.602229418964354,11.445915856405852
train:6598,3.2437503253606654,0.08801776669211447
train:6599,8.302055115784059,3.2136384351169887
train:6600,1.8891803608534548,0.13521167457188674
train:6601,14.411604411341722,9.958550229291895
train:6602,-1.4731339817358156,0.040659798880835096
train:6603,1.7198735858155092,-0.12759065125942137
train:6604,0.5936773378191122,-0.07377414325754111
train:6605,-1.6666154839268263,1.544073839825227
train:6606,-2.2042228184447827,0.03409939887188981
train:6607,-0.12743880792487916,-0.03910100402877334
train:6608,-12.462347861874639,-4.718110865099288
train:6609,-3.528699669002157,-2.0877956182126467
train:6610,7.482452457560283,0.11491731838364422
train:6611,0.4281892705228775,-0.41587405234836755
train:6612,1.9005782532894049,1.9348126681403783
train:6613,28.880790907456,14.335495726357268
train:6614,15.76124951557099,16.076422112030333
train:6615,0.9855180134563049,-0.1695914203333478
train:6616,9.718376681980788,17.99095300804319
train:6617,-9.710274755551918,-8.763930350561942
train:6618,10.03675892649122,3.639382231704982
train:6619,1.9075027193499796,4.707405538097546
train:6620,-4.019231652828795,-0.22274398492545916
train:6621,-2.7015597847965065,-9.472753139229045
train:6622,2.1810321464041253,0.9359357724105317
train:6623,1.3958886327985658,-1.896470352697127
train:6624,-0.7518125753656834,2.9348075966382434
train:6625,6.373660125553182,3.5935299060825083
train:6626,-8.359500834107994,-2.3386038791034935
train:6627,0.30670833760489824,0.3910010803049099
train:6628,-1.555654332442252,0.006994700935571155
train:6629,3.2556652049229324,-0.17476230405283266
train:6630,-30.0730252277107,-10.200137811207677
train:6631,-10.568062399068642,-4.053287808775917
train:6632,-0.6335131821528891,-0.2791203985020907
train:6633,-0.9980523348474105,-1.6832155527890735
train:6634,-5.759322915711995,-2.3342253335227827
train:6635,-0.5916565189551887,0.04730836327036421
train:6636,3.0017010905759296,0.09630949829129505
train:6637,-3.248234617891905,-0.8932580662815968
train:6638,0.40183071443178137,0.7015100369671525
train:6639,2.2311798976568316,6.837301187398445
train:6640,-2.3552867357043694,-0.9499828575562634
train:6641,-0.8441684666753483,0.09771014212393596
train:6642,7.255383064235514,2.8130859696815107
train:6643,13.02023026348865,14.49168306372502
train:6644,2.841395795975194,2.5310806428585075
train:6645,-0.5323485182871812,-0.036567062721443166
train:6646,8.319225411241904,5.050117319402489
train:6647,13.824812864976897,1.6345145162935197
train:6648,-0.45448790923568105,0.05485697471022247
train:6649,-0.9483457893346995,-4.26835097711161
train:6650,-0.2812496842095029,-0.12796470790325762
train:6651,4.325787643747923,0.05523088869324872
train:6652,0.8201009621524666,-0.1191910680878761
train:6653,-2.6150046564140466,0.03709812909822021
train:6654,-1.682610702980206,-0.1812391048271143
train:6655,4.079222907646326,-0.21368958863598542
train:6656,-2.834527757885572,0.18630221981616843
train:6657,2.6363843650677707,8.138411143541264
train:6658,2.934435346969435,-0.08087893691747008
train:6659,3.0529153602349037,4.183807838710097
train:6660,7.54314358475778,4.522675767150233
train:6661,-0.3000105751762598,-0.26617949376561795
train:6662,-0.19889856310196852,0.08541335094464123
train:6663,-4.225800553945895,-2.229886926265306
train:6664,-0.9273655033191534,1.4720817739853163
train:6665,0.8999426965564995,-0.20283937807015362
train:6666,-1.5224102470458236,0.1727132070198375
train:6667,-2.1078107633009915,0.13300670909243084
train:6668,-2.8740070706602334,0.2207040181843044
train:6669,-5.856700137469306,-8.187730186665766
train:6670,-2.475216591014279,-0.042258373075830635
train:6671,2.5310993788936273,1.200169485479037
train:6672,11.849120526435263,15.238118660271878
train:6673,0.8897359201435915,-0.10383220528260823
train:6674,7.439510446838854,5.192751309176411
train:6675,0.4270375561715576,-0.21202245441025291
train:6676,0.5205127339080275,-0.35256874589054465
train:6677,2.0444238772727408,-0.02516332821278726
train:6678,1.2751628404740396,-0.13889309659297286
train:6679,1.5015543855702393,0.26475468043720995
train:6680,1.4562120110599865,0.08232930955392712
train:6681,8.647222128569085,2.3573654277301532
train:6682,-0.5040376616653434,-0.029891963421252887
train:6683,-12.233642427454988,-3.9308899695797543
train:6684,-2.7846096753742335,-5.269448103027583
train:6685,0.47773390887125433,1.1799524514498179
train:6686,-2.9940787254966956,-0.04013843343913845
train:6687,-1.6391675122927976,-4.8741874976784745
train:6688,1.1531961860630573,-0.15467965650663934
train:6689,0.021715116203691223,-0.5650914105216462
train:6690,-1.9142365102721208,0.1064887750676677
train:6691,4.341589690003654,2.521972035461231
train:6692,6.218385924646183,0.908373632586928
train:6693,4.813620322488775,3.396367530864775
train:6694,-3.4415310833236763,-0.20303824723930225
train:6695,4.321951152950833,3.2681077589854572
train:6696,-0.24014781291789505,0.07217956356522574
train:6697,14.065202580384486,3.1899678681991395
train:6698,0.6842470200106943,0.6823330002428787
train:6699,5.3914241034525645,0.5667459307772222
train:6700,10.607369519668705,3.25276059436661
train:6701,3.517955740977459,1.4006863156528515
train:6702,-0.23221819742647848,3.2109387219484313
train:6703,1.0403875727140943,3.9377396258925166
train:6704,-0.15014532883252368,0.27834526250245095
train:6705,-0.17077274323936992,-0.11162890387106725
train:6706,36.81331491637457,18.96182373217829
train:6707,1.1290800383865354,2.7940983865129247
train:6708,2.333361101407154,0.10482891654324553
train:6709,-0.4268538547803318,-0.3431431461734348
train:6710,-0.18072683754512592,0.09737374793394132
train:6711,2.3777536515477444,7.115992503605004
train:6712,-27.141066636752726,-12.64538860488673
train:6713,0.07212287199811725,0.3632662495707938
train:6714,-0.619312075797761,0.09255637770165184
train:6715,2.140411231211595,4.286651731321949
train:6716,1.9205661750773229,3.96426198240239
train:6717,5.962918037943002,6.196350705699893
train:6718,-1.350933706793382,-1.2697474335804935
train:6719,-13.036025044157507,-5.049627767321424
train:6720,0.24081804940596457,-0.11756901467810557
train:6721,-15.076677373020592,-3.389290473220863
train:6722,-0.11126413111002642,-0.032273828305116464
train:6723,-2.46950485959309,-9.326533797978048
train:6724,1.4365260525261538,-0.20102387660201465
train:6725,-2.4521014085202744,0.14555115943789634
train:6726,-0.3655125418848554,-0.2955118402501835
train:6727,-8.074810157106473,-2.721436445328101
train:6728,-0.5254246333722074,0.002995062466237222
train:6729,0.6128372433552587,2.4883816917804107
train:6730,0.05143780794768893,-0.32527259714719764
train:6731,4.220040065675681,-0.06253161546419223
train:6732,1.3444949053781183,0.8052712385873446
train:6733,-1.2120582724448368,-1.7961601160709848
train:6734,-7.661421299972803,-8.658911451240735
train:6735,0.6462177817387141,-0.16803427759213008
train:6736,0.41715808096092194,-0.054435471835530186
train:6737,-0.6014718356915153,-5.368911219763908
train:6738,0.6492332300312404,1.3905927780232927
train:6739,25.25805940977038,8.854747591749774
train:6740,-13.344015475495791,-15.20190912393822
train:6741,-8.146771789624262,-0.41382358852614837
train:6742,8.466475618611945,4.288611605529814
train:6743,-5.297082959389735,-12.64563284019346
train:6744,3.514909143280739,-0.2615425894579863
train:6745,-2.057047230169862,-1.387888844849311
train:6746,0.42520996948671014,-0.21989733112259535
train:6747,3.86059128352616,1.0026267765418266
train:6748,6.213234650042238,5.459416889742687
train:6749,-3.4548146770045367,0.14727136348495115
train:6750,33.000858441660384,10.94565118845978
train:6751,-3.379003536028203,-1.7324563579708148
train:6752,31.511042878226135,9.251588308230511
train:6753,1.1384290438929199,4.7178831186276415
train:6754,2.094750156453959,-0.00623537726278417
train:6755,0.9702120330852674,0.14460160908649505
train:6756,-3.2381552285946538,0.10360631340149236
train:6757,3.0883194475997375,-0.04043488260233136
train:6758,-0.5062243963313775,0.2826630345780987
train:6759,-1.4948718491563375,-2.9200904819752598
train:6760,0.9867333051363332,-0.24094465106605062
train:6761,8.628807716609423,15.922690823167647
train:6762,-13.843211177936556,-2.0872689145021037
train:6763,16.470295499648227,5.723998481196393
train:6764,-12.795581398438179,-2.666840438660347
train:6765,-0.22230455085452605,4.411520455747419
train:6766,8.661926507014355,6.8130454258379505
train:6767,-0.10014100431405193,0.14651340660138817
train:6768,3.46017917519622,-0.017004271166912457
train:6769,-0.4757886389354121,-0.7210684658554491
train:6770,-29.240274266501892,-10.039114843023954
train:6771,1.4281561611277032,2.817113854991226
train:6772,-5.871496104461235,-2.4596418754586766
train:6773,-1.381792770644843,0.007187150368269515
train:6774,-1.4044555894033204,-4.99710062772038
train:6775,0.369505536459062,-0.1113101996215134
train:6776,0.6882655256099003,0.1793975792726782
train:6777,-7.103306267041729,-4.1355913979630765
train:6778,1.0961732498967098,2.18964852901932
train:6779,0.2600388590010566,2.3626589997462433
train:6780,24.281241989249995,5.359298103923574
train:6781,25.006498681169322,7.062033620114738
train:6782,5.388857299563721,3.7625761182209794
train:6783,0.5514141051592141,-0.561360259696744
train:6784,4.2713747487031055,0.2920412709062865
train:6785,5.784212976251738,3.591423661883577
train:6786,1.7068505778219691,-0.1972858780582321
train:6787,-2.440482215839606,-5.167404537559865
train:6788,-1.3391541179269408,0.4201361268892368
train:6789,-0.5803323157813978,0.21332617173402357
train:6790,-1.0974854172814945,0.12803569316776467
train:6791,-10.877148173634986,-6.868670076764726
train:6792,3.4634986788669937,0.27382120289553424
train:6793,-23.46719246654613,-9.117729159377328
train:6794,-0.1313017989613578,0.7522347998945782
train:6795,-13.630485852784668,-10.641377424978543
train:6796,-1.4899462915036747,-5.418337483998657
train:6797,-1.8082164911423058,-6.798716633899804
train:6798,3.265302923563708,0.06449727894639168
train:6799,-0.9266734751379283,-1.5790015457579216
train:6800,0.0880636958232782,0.01689193729056153
train:6801,25.90141641448474,20.916050854540227
train:6802,4.531800039837864,0.5446222350222701
train:6803,-3.3870442665584592,-0.03773716668511404
train:6804,2.548261305854823,-0.3017001808666326
train:6805,1.6804326286504891,0.4425133309035699
train:6806,-2.2910159840652593,0.31815504685630214
train:6807,11.466460788996752,2.4935848168429566
train:6808,4.004467127080728,0.29209919119514904
train:6809,6.17792982234599,0.7304472130080009
train:6810,-2.759055076107043,-5.503039201402021
train:6811,-1.6148096080464152,0.1308528161829572
train:6812,14.048164321207103,8.676244679837612
train:6813,-0.14827892162155437,0.13796816674282658
train:6814,-2.0069566636442575,-0.03236170736408028
train:6815,0.005154210022662725,-0.047124818626762266
train:6816,0.5192039940154185,0.7802779206391177
train:6817,1.731553682555123,-0.13857410702179898
train:6818,0.03797289683943339,-0.0560342715332697
train:6819,4.468523512092304,-0.04265668205736797
train:6820,11.42801963472305,9.151433571887276
train:6821,-8.851021695288658,-2.721532313392425
train:6822,-7.880447173268433,-1.4226969412043446
train:6823,-7.494133657209671,-2.683141148133276
train:6824,-7.75418701516003,-6.986902790951947
train:6825,0.47907240341861523,-0.10313231134871778
train:6826,-0.44247504852514874,-0.35579516276964496
train:6827,1.3321987943018412,0.18580775744868694
train:6828,-2.2225328566545746,-0.02479141148110109
train:6829,8.662328194853508,5.068763087270299
train:6830,8.33675090289085,0.70466911794393
train:6831,3.3128383091124816,0.5826265041646828
train:6832,-0.16587298845137516,0.09289248657002645
train:6833,-6.338949634195828,0.1545028399441656
train:6834,-4.093236593278385,-0.6074819289285096
train:6835,2.4188104259407437,-0.17729225085748268
train:6836,-11.241164760205425,-5.875152805006002
train:6837,22.763390102375645,9.196323222363828
train:6838,0.17622697031178963,0.09904073949886381
train:6839,-16.117967551390866,-10.38118236811091
train:6840,3.5634334061835373,11.444823645244446
train:6841,17.93584986146404,8.801871789129075
train:6842,0.9319442926587905,-0.1463381362847666
train:6843,41.775799955250335,16.050702079915936
train:6844,-6.516589107313784,-4.5491667981007815
train:6845,-1.357600376665519,1.8331354556327568
train:6846,-9.660558446793116,-11.098010710792321
train:6847,-0.39457958516222724,0.3247950515972309
train:6848,-7.257859382487472,-13.106967085018562
train:6849,-0.9238240020289407,0.0005588438137612839
train:6850,-1.3213766415455628,0.15434077726399856
train:6851,-6.290125035246626,-3.8753726594009805
train:6852,10.7545397614041,3.968613137107579
train:6853,-0.3341332364917142,0.10700206866207002
train:6854,4.683483225849477,3.4216721347004353
train:6855,0.3909481819144659,1.2211038180609675
train:6856,5.980483047492791,2.7075166849552996
train:6857,-3.121678772901902,0.005589206635390032
train:6858,19.42220644628336,4.600249579842446
train:6859,6.121768841334491,6.547341949774356
train:6860,-4.4606433508246335,-0.03486169539862899
train:6861,-0.8220079901740516,0.19690462855501947
train:6862,6.047361283212788,7.233769844486686
train:6863,6.0321180665666185,7.66711746224801
train:6864,1.6828090492405674,0.3345101100978433
train:6865,11.941196305565425,8.669374705870954
train:6866,0.49409315752886573,-0.04838964936827728
train:6867,4.159763643978791,-0.013405794895315973
train:6868,-3.492996407882121,-0.09171602268878135
train:6869,-3.963742476131619,-0.9330207725681459
train:6870,-13.949078239544287,-10.9117367792375
train:6871,3.5134818496856024,0.04250468847583532
train:6872,-2.8575880802348776,-0.6880616048875536
train:6873,-1.1119705876062085,-0.362649158725583
train:6874,-0.3360797255664497,-0.3820259205838656
train:6875,4.671403300936633,4.725759707269703
train:6876,4.146636262235379,2.1043222425897494
train:6877,11.44927375654561,1.2530763881563176
train:6878,-1.8331004483863746,0.21332560109078355
train:6879,6.479650854944726,8.122108436816996
train:6880,5.968869433809888,4.014281144963525
train:6881,-0.09651093643430403,0.2565872064035448
train:6882,-0.9545194152792656,0.01993203915179373
train:6883,-0.026555999675474645,-0.04301804188911368
train:6884,5.062787196131733,0.16660447113537186
train:6885,1.8315539630954176,0.10003693993513714
train:6886,4.378022869998076,1.892329134885391
train:6887,1.0590078264454998,0.31260297345248067
train:6888,0.3040085676026318,-0.044691881172916476
train:6889,-6.83714902061888,-7.7308264159562174
train:6890,-1.5134108587327755,-4.545310391084693
train:6891,10.752964624368165,5.320308333905638
train:6892,16.796674307623267,22.258434294947563
train:6893,0.97830529917782,-0.33571964826395195
train:6894,1.5239605704314805,0.4210157734437351
train:6895,2.6167658194236108,7.069766406660314
train:6896,6.706995013909471,0.9354553621328356
train:6897,-0.7639485227144281,0.11597500562903021
train:6898,-3.555968415332953,0.2714864160789727
train:6899,-0.02657145814845127,-0.015438426116284362
train:6900,-0.5750774810314206,-0.370053112104095
train:6901,3.0971640187247793,1.7287630951024981
train:6902,-0.08171508567149569,0.18562443830782896
train:6903,3.962431238579795,11.953030525805184
train:6904,13.100986256151588,1.3516346787051785
train:6905,-6.03437494423978,-0.5316420157211117
train:6906,-17.234263635393244,-13.414764059682586
train:6907,-1.053564757368612,-5.446929563540101
train:6908,0.3685050361930249,0.19978366636175468
train:6909,-0.05343247272584828,0.6039167754675787
train:6910,0.019026852884317186,-0.8946477252318672
train:6911,2.698628313310139,-0.1539058642731657
train:6912,-2.448238417483796,-0.11471608379960149
train:6913,0.21263760185690717,0.06453865058129347
train:6914,0.20687496208110345,0.1285970634551391
train:6915,2.204365607185725,0.005059792369457014
train:6916,6.406100137896585,1.7042208706355109
train:6917,-3.1882813131489627,-0.28032217316558294
train:6918,-9.150228924477327,-5.320871047959179
train:6919,-13.044709684013256,-19.987980715798823
train:6920,0.6593902603807349,-0.3271985180822814
train:6921,48.68853896252066,17.410824536082682
train:6922,-1.9360899094380466,0.2175580620020476
train:6923,-4.236446676432877,-0.20776431455318778
train:6924,13.333096738874424,18.22231802713829
train:6925,-0.5656774509413012,-0.14967910979430188
train:6926,4.634141639773959,0.007611566278037968
train:6927,-10.71020968314871,-14.609064438017
train:6928,-2.0355713431861027,-0.29654356322814834
train:6929,6.500589763393507,0.5845541370294867
train:6930,1.1742987451129752,-0.0922992200800867
train:6931,2.0701458464729114,0.21669910126500025
train:6932,-0.35332057210021023,-0.9414932554136042
train:6933,-4.236515948988471,-0.1345182601933226
train:6934,2.4669051060155596,0.5882637460720779
train:6935,0.8788113126847907,0.11547298223861838
train:6936,3.161959428612134,2.1778610369317475
train:6937,-11.82093420804877,-12.866084877966326
train:6938,-5.089771586653276,-6.358567519360624
train:6939,-2.23874705137027,0.49292652262194214
train:6940,-0.30640805840618696,-0.3085109505971388
train:6941,0.8042229020521732,-0.3753337019864746
train:6942,-0.3598984429245715,-0.40293229164703476
train:6943,-28.75852780940727,-11.506292253592315
train:6944,2.14487419696616,-0.22526294684773868
train:6945,3.5804721302774003,0.39169583844964007
train:6946,0.6404439839673784,0.727091973417465
train:6947,-1.9723782679487925,-1.706960588649746
train:6948,1.7754055348288915,0.5279340587893644
train:6949,-0.5341958639224499,0.14604876034319797
train:6950,-8.001102298287924,-11.635542947457935
train:6951,-2.814692096245018,-1.1266221199769098
train:6952,-4.453267915777974,0.04365196670990521
train:6953,-1.1044496337011518,0.1524839041609578
train:6954,-11.830158151021902,-13.916700712321934
train:6955,-1.7399158434502175,0.17517981242484476
train:6956,1.175582379515637,-0.23139094194155518
train:6957,-0.4983089607926162,0.08170959099526016
train:6958,27.3579309402537,13.437863638219914
train:6959,-4.5470452892267685,-0.7955804922433092
train:6960,-2.067345595129429,-1.810738338923899
train:6961,0.2181231514103326,1.1780151176499336
train:6962,2.1601887782920866,1.0425960556812648
train:6963,3.3202748806763274,7.350972547625663
train:6964,7.571270101995099,5.663382473667997
train:6965,-0.5550501575717804,-0.7524290924062778
train:6966,10.760293567766775,2.214124844192084
train:6967,0.7523684423995497,0.30040875539558043
train:6968,3.5335434607356797,2.0480234364937613
train:6969,-8.020619492139335,-4.409669063574035
train:6970,3.7061953098508265,-0.13980897899321268
train:6971,-1.7243657819269171,-0.0010282576975577384
train:6972,0.9056941783367712,0.4859244447452177
train:6973,-4.1974183326443,-0.6259981607808349
train:6974,3.1365903310206633,7.137920040746198
train:6975,1.8475456952751932,-0.047070036875719895
train:6976,0.11735622359369283,-0.2585201775371949
train:6977,1.0642616151333957,0.48489942682532305
train:6978,0.11749383887192097,0.6021193919223105
train:6979,6.66227655731605,10.692331241347963
train:6980,0.15329078066277785,0.31368134651531754
train:6981,-1.5316925370372565,0.5079472793074953
train:6982,1.0627234389576596,-0.11788957351818952
train:6983,-1.0864138962148555,-0.2776164682430053
train:6984,-1.0000519406300432,-1.4341197922615414
train:6985,6.934226663085935,4.500668625277055
train:6986,-0.05293919634003724,0.006799683608292667
train:6987,1.7226105491362156,0.18561316810383846
train:6988,6.034508202192871,5.225425770456992
train:6989,-0.5664424710099647,-0.012819030983760457
train:6990,-1.1727544656415647,0.041761140334082986
train:6991,21.572634854522228,12.392542231845258
train:6992,6.1294906391591235,7.915800933034625
train:6993,9.220387902723402,0.021259925971331486
train:6994,-1.1006408054346513,-0.05508914366697859
train:6995,0.013898359187916154,-0.1963377543149309
train:6996,1.434940687327647,-0.45446266016856557
train:6997,-2.6216211153062896,0.695497454468631
train:6998,-0.7726352546943398,0.3595749011118833
train:6999,0.40497122525756224,0.06089709074507512
train:7000,-35.33924206296336,-18.73620058518319
train:7001,1.0940820555674184,-0.2451802505151348
train:7002,-11.510135681168263,-4.022641128248765
train:7003,3.9139427742459953,5.594169155085387
train:7004,-2.7695068635051747,-2.9997197516180423
train:7005,-5.233622789634378,0.04183418266880616
train:7006,1.1855729697651123,0.15321290090008952
train:7007,1.7295498925241661,0.13255761286253132
train:7008,-5.192739429088605,-0.6266786528445645
train:7009,4.423562834012542,9.87243445793975
train:7010,9.642902140536336,1.4614204463319327
train:7011,0.4412272720729134,1.4232894943902346
train:7012,6.63792144256855,5.244054989670842
train:7013,-0.21620321942267773,-0.10389526136063096
train:7014,3.640869895175701,-0.11222494073527317
train:7015,-0.2053118534922327,0.32843218894833903
train:7016,1.9053338839684448,0.2594411359077189
train:7017,2.2848191716780963,-0.22290890082182635
train:7018,-1.053825575514173,1.566539778863384
train:7019,-13.642696419228534,-3.733887659790848
train:7020,21.813340713136558,11.067202763730984
train:7021,-17.718256568921642,-5.8286647828141405
train:7022,5.900096198515371,9.631552250887514
train:7023,-20.815797953908753,-6.508942855328723
train:7024,0.7341004791312435,-0.2289405998688886
train:7025,3.9371597734492294,-0.08527531509943126
train:7026,23.06606932784069,14.152441363962668
train:7027,3.592366553514525,3.570628566252213
train:7028,2.3163525968845233,-0.1850387328408195
train:7029,0.3667964681271856,-0.23494647730933976
train:7030,-0.456845384479179,-0.04422309775123609
train:7031,-33.87372861379783,-13.92814439185739
train:7032,-1.217266964234124,-0.15795143952332164
train:7033,2.109612606502599,-0.014540518978105321
train:7034,-1.243457104330159,-0.16911721580088718
train:7035,0.3914802788263987,0.6455657429840298
train:7036,-4.652176388045866,-2.6996418680618333
train:7037,6.581117482064519,11.468731314428526
train:7038,6.185967763377364,1.7765347792627955
train:7039,2.34720724402942,0.48355085418833443
train:7040,12.51006811110584,3.3265173744262975
train:7041,-0.6571811503422087,0.30698442011119637
train:7042,3.6038795127793994,9.733639185241474
train:7043,15.302401124973981,9.946386397987526
train:7044,-1.3561133413026383,0.1350938367428216
train:7045,0.16651765453301715,-0.3977006344224872
train:7046,2.4377911061736572,0.1991037449412651
train:7047,5.439692662291088,6.892554289757088
train:7048,0.6049127419451276,0.06875285090887673
train:7049,-10.753242352583836,-2.8992354688036928
train:7050,-0.6230909169512692,0.002559661674098296
train:7051,0.6413626589328474,0.03627169502585428
train:7052,-1.3309376489670552,0.051524846170907565
train:7053,0.5635588859210885,0.010749248133314418
train:7054,0.06488598206264644,-0.0871825474684042
train:7055,1.0763329390913507,0.03632776072418671
train:7056,2.8798446213708258,2.7695005243300352
train:7057,0.5186372608256884,2.9031280518466462
train:7058,-0.45599830665170704,0.2114847059984635
train:7059,-1.5044326241195898,-9.118661590431529
train:7060,1.4420055581653326,0.06903603261673905
train:7061,-0.5534424763822097,0.08609726686781097
train:7062,-0.021671005985735736,-0.11987555465428587
train:7063,-1.233566936040472,-1.4867145530865284
train:7064,-10.066263164337075,-1.3495005328063616
train:7065,-6.142254629291598,-2.2072255419174405
train:7066,4.627449631953635,0.27989270430858826
train:7067,-0.4559718064123185,0.41086688341989375
train:7068,-2.0369495880925466,0.09253783179635104
train:7069,16.17263365284074,10.983029461967885
train:7070,-2.072522440139802,-0.09431473200385435
train:7071,0.8820157495266404,-0.5069618382508485
train:7072,-4.530829467303391,-0.36210219718001924
train:7073,0.03463851584128379,-0.04191056602103552
train:7074,0.14115436839755252,0.241667168249856
train:7075,2.7504223338202975,-0.17530042062817602
train:7076,-1.3785804302228248,0.0015091074692126089
train:7077,0.2836019885240233,0.151637069592761
train:7078,-17.22700535929967,-7.298911683370595
train:7079,4.06404849863927,7.422370859174327
train:7080,1.6844037127686842,-0.07682908184301396
train:7081,1.8844335635875447,0.017230899375136277
train:7082,1.0895388917199678,1.6376210980922148
train:7083,-1.4955975837823985,0.25892256386334633
train:7084,2.3108572840850075,-0.003063456813106241
train:7085,-1.080710765748556,-0.05310915428490251
train:7086,27.65242949532786,10.521680380418543
train:7087,5.580270388332986,8.279748061230611
train:7088,-0.7128832587874543,-0.264271405431785
train:7089,2.0762427611981953,-0.16072134181040204
train:7090,-2.299598574753539,0.6641571570832281
train:7091,3.231332406166497,0.12563585302184033
train:7092,1.2058995832090749,0.013465509955832539
train:7093,2.161230423666648,0.7264230368793458
train:7094,0.034337482420159715,-0.048562554270004776
train:7095,-0.6661345119236873,-0.37119111738551447
train:7096,-6.2331834594643665,-2.4545734222007765
train:7097,-1.7724079264394366,0.26424466804143776
train:7098,-0.4616495989304309,-0.06397890938170517
train:7099,6.348497915795535,6.452156374765257
train:7100,-2.4559079122043723,-3.9058567066047263
train:7101,1.3611893588181707,0.9493950352001619
train:7102,0.4493484331542962,-0.25168929263247786
train:7103,-1.2876174286887396,-3.68426537960315
train:7104,1.2809994019702429,-0.3933058255094361
train:7105,-0.8324862778115719,-4.841679664223982
train:7106,3.542541919215767,1.875430105975296
train:7107,0.15098281902445324,0.4781644099849302
train:7108,-9.975563537989194,-5.1429159535574405
train:7109,9.85002243259931,16.122025637200156
train:7110,-2.482717553510674,-7.543196636063098
train:7111,1.661258310703447,-0.415218525926389
train:7112,0.41937712732235083,-0.17157754413025417
train:7113,-5.570661202674334,-0.36297271344267706
train:7114,7.586085130562728,1.0589912066104177
train:7115,0.5510563519274689,-0.08998697367150615
train:7116,6.913938637709855,11.761440481826293
train:7117,0.5260561655632752,0.2611780312695444
train:7118,-4.010202509860995,-6.880878988885057
train:7119,8.34567729931646,12.901400786986105
train:7120,-12.087130507455981,-2.930360348365986
train:7121,-0.8068342785417165,-0.12929601858223552
train:7122,-1.1010868927976918,0.02497053363959284
train:7123,-2.241733674841005,-3.0497625958736383
train:7124,-3.5488826232536446,-1.0347079713324678
train:7125,-0.8147585474936073,-4.310976600533364
train:7126,11.069792188167803,4.125180522873187
train:7127,4.472301423412851,10.942641616011889
train:7128,-7.799521951006594,-10.843242471137323
train:7129,-0.6237931732950651,-0.4651255570908593
train:7130,-13.53069617941004,-8.949855048453868
train:7131,-3.9365643885145203,-0.21016729323693223
train:7132,8.799712874507328,6.559359696409278
train:7133,0.7503990561881496,0.3182032662100842
train:7134,0.19484513191903285,0.23591009126205564
train:7135,10.635255210169126,3.0066127768170463
train:7136,0.1055229368737538,-0.22021546472890918
train:7137,-1.2402552245289522,-3.068584407180997
train:7138,1.9852841763706746,7.645664700282517
train:7139,-0.22612430465831818,-0.15350755529162838
train:7140,-0.09230565063905685,-0.18882808927620431
train:7141,0.4081091790427004,0.12941279796675456
train:7142,5.645055105141289,5.863742733602829
train:7143,0.2848409909445571,-0.3092503615754009
train:7144,10.033383632842787,2.1169009315296163
train:7145,-1.581254725982772,0.1176626830114036
train:7146,3.6110431783691914,5.145782805376449
train:7147,-0.009456255293546045,0.20784970855950544
train:7148,27.85282151608503,10.477074339632283
train:7149,-3.7736929873996625,0.022921639086283738
train:7150,5.181624497712467,0.06643347145979588
train:7151,0.41024895714420395,0.006904967286077243
train:7152,1.543750437798705,3.14859651861896
train:7153,1.5575582248113298,6.496224298976173
train:7154,8.817269980476949,4.835682143952444
train:7155,1.345315018049721,-0.31828421470823376
train:7156,1.9908469020598631,2.774033428907172
train:7157,5.962445682798813,2.861898507111613
train:7158,0.92221823988672,0.02695180696895899
train:7159,1.671983933908594,0.031242188169085562
train:7160,-4.505689108620327,0.3104761860969082
train:7161,0.3742765093819581,0.2527868650857895
train:7162,-0.2953747767200692,-0.10729600974955883
train:7163,9.610711323426482,2.100081222029885
train:7164,-9.166383842341757,-3.3150743253529558
train:7165,-19.25182263283691,-14.512321006962633
train:7166,-0.022409293356770527,-0.01947173253677975
train:7167,0.5671159619133979,0.061619239765326524
train:7168,1.7678992257929704,0.07021826274926046
train:7169,0.49609578526862164,-0.005615088060877196
train:7170,-3.4202081538620015,-1.302503211522778
train:7171,2.602688613310536,0.18659681438883124
train:7172,-9.508279702769983,-3.626793331005671
train:7173,-3.738925603154874,-1.6053903717496292
train:7174,-1.3278798932748037,0.05228151910718047
train:7175,-0.36865537729303877,-0.1184572208812042
train:7176,-2.5473193256839006,-0.4392240604261329
train:7177,-8.432613599831503,-2.239831811330838
train:7178,1.9337472546742327,-0.23961134313573262
train:7179,2.7962970377007235,-0.03648774331107971
train:7180,0.262064267648357,-0.11404329541961225
train:7181,-3.986036616121059,-0.14404258119095678
train:7182,2.333590770148521,5.1382086576515995
train:7183,-0.6122451128359132,-0.06469820518575645
train:7184,-5.447228201683853,-2.444931834017317
train:7185,6.265870634298582,8.394676751058089
train:7186,-9.020095082253391,-4.950383206946029
train:7187,8.286677538275026,1.8802760083695869
train:7188,-2.302210940457471,-2.2730643617001633
train:7189,1.411596301008756,5.7585132669260535
train:7190,-2.2859779166243155,0.10629889352954944
train:7191,2.2577912520842,7.572468862527774
train:7192,-0.8771112861924125,-3.8628841320930376
train:7193,-5.086118737865983,-7.300554565258627
train:7194,-0.48374614941565874,-0.2461577623852973
train:7195,-0.8298309073331933,2.392390083194776
train:7196,2.124936718616376,2.3713099512650198
train:7197,2.0262877178266567,4.09880539231924
train:7198,-1.574191249894528,0.01649248702254416
train:7199,2.2031621708759492,4.5657054059859234
train:7200,-8.427438149570571,-2.610522230694198
train:7201,-4.780932217821597,0.33543726270207364
train:7202,16.82476642104103,4.8442703247148176
train:7203,-6.020844014991294,-0.22717074985995167
train:7204,1.325956593176401,0.28326748843009497
train:7205,-1.3452673047290418,0.2855059791999024
train:7206,-1.7405671914393985,-4.1184960677784135
train:7207,-8.80329708873232,-7.6683056012926185
train:7208,3.4730066858097093,3.1503732163467775
train:7209,16.42401957284513,20.62560257565944
train:7210,-4.23009638222572,-0.4453753092319804
train:7211,1.6038625115197385,-0.06184869816669253
train:7212,-16.097260171349372,-2.409514290681937
train:7213,0.15437031673050003,0.3803708527081076
train:7214,2.4755690570879265,0.018141503325405872
train:7215,-1.7025467865805481,0.17116234135426006
train:7216,-5.618175202065005,-3.800192124457431
train:7217,-5.306254366800569,-3.7248423937932147
train:7218,-3.923230583853766,-0.7671744423981139
train:7219,-0.4662601756675544,-0.4246615302623196
train:7220,3.7185132720016876,10.389470330710154
train:7221,-2.9488339834473476,-2.4550310780792763
train:7222,-0.4570057806649517,-0.43472139994071707
train:7223,-0.9602836822627511,-0.14116539797475167
train:7224,-1.296018237033143,0.23237053390499174
train:7225,-2.4356782338465943,0.1568778571091489
train:7226,6.758903403873832,-0.004227283701136841
train:7227,-0.659055926049827,-0.0821303575428445
train:7228,0.13271125265342315,1.0884209904282176
train:7229,0.6447217967335837,1.5193604223862323
train:7230,-0.8118958242649255,-0.4095882743986842
train:7231,1.1112862899283398,-0.11837362164654056
train:7232,2.210017364380929,0.3174654245007321
train:7233,-3.3036303463765004,-0.8157233426513251
train:7234,4.4124889883635,-0.12945751061916255
train:7235,0.3730960864379673,-0.09576602042404744
train:7236,0.005961769949292095,-0.08270499528554948
train:7237,-0.2737721999953731,0.023983891477589933
train:7238,-1.4370057869526023,-2.336343275908135
train:7239,-19.727919424860488,-5.325929229638759
train:7240,0.6090602618676726,-0.022698577398310077
train:7241,1.0813512475818734,0.39582758082903974
train:7242,0.8505518293340482,-0.1328397131027896
train:7243,12.272384209614764,3.442064070882722
train:7244,5.373067341136482,2.1596107248292737
train:7245,-0.4457657273741312,-0.11507673032729718
train:7246,-0.03291547598312086,0.12560289837472888
train:7247,2.2044341823665987,-0.34170098804508203
train:7248,5.488388479375191,3.252666723553626
train:7249,-4.810082481148979,-4.845732372514638
train:7250,4.609998526941568,0.5536540909037628
train:7251,-7.588918969588192,-0.2161062627574905
train:7252,14.931237842265288,6.376992959118908
train:7253,0.9640565388834407,1.4809153313409005
train:7254,6.857866920662611,4.374258308138659
train:7255,0.5424377302119506,0.19064895203624743
train:7256,1.266479130451251,-0.22117100683433077
train:7257,-0.09008067659250157,-0.5341368679665002
train:7258,-0.42811424335896864,-0.10936858599732896
train:7259,-17.985207892693186,-6.9826777484028035
train:7260,-7.811981712684008,-1.0062545580983504
train:7261,1.434591535050791,0.6600054421904276
train:7262,1.9550547256629311,3.011330569803951
train:7263,-0.8555010383457883,-0.08304880783766444
train:7264,-8.273913429379697,-5.685909816673333
train:7265,0.2568093166692599,0.06905272393150977
train:7266,-9.429545166964262,-2.497476378237182
train:7267,0.5817901207874352,-0.26424943566704406
train:7268,2.120758281747878,1.2556651112146904
train:7269,6.807867012850704,8.443155176871157
train:7270,7.017391388034346,0.7608167035813114
train:7271,-12.119185568953531,-7.614343293942912
train:7272,1.2131011394920277,-0.3136699934693931
train:7273,-1.6786947114649502,-3.8563539761758134
train:7274,0.4666612255134141,-0.2822843299464083
train:7275,13.905429382695683,3.517578432121686
train:7276,-0.8645792300022813,-0.1573282971052145
train:7277,-0.4259907373342826,-0.1802638755299119
train:7278,34.69829826662247,10.958835329877312
train:7279,-3.201442168878971,-1.5866336137716335
train:7280,1.129621433628078,2.35774832934421
train:7281,-11.71917328879682,-14.026848553084482
train:7282,-9.17816482595764,-6.627971616835779
train:7283,-8.09322642873206,-5.729725516572159
train:7284,-14.294695291482437,-5.419844552795563
train:7285,-0.22366768597535353,0.014959168636597492
train:7286,5.9858044815286,0.6712493965918767
train:7287,2.863586259589483,-0.04985620249514103
train:7288,-0.07646768958520664,-0.31558621346939647
train:7289,1.057850649325534,0.5358351850907481
train:7290,0.7812490541682409,0.6294346572141982
train:7291,0.8721499893521796,0.578076765611965
train:7292,-20.04602457914854,-9.400749945845956
train:7293,1.3737797620266048,5.060234824048129
train:7294,4.896440079408654,0.14819637617703138
train:7295,9.019609071454456,2.3484120352941638
train:7296,-1.7487350766270717,-0.03032622292691177
train:7297,-10.607228823051926,-3.194862905730948
train:7298,-3.651853255187857,-2.33047963129526
train:7299,-0.5302993988993753,-3.721791735032042
train:7300,2.2149364132028646,-0.06440560786443372
train:7301,0.0911551579603663,0.7563107618972655
train:7302,-5.862578076532274,-6.278029215036482
train:7303,1.9162910355808807,0.24181268227606234
train:7304,-1.5241899473331797,2.840966742424263
train:7305,0.43627591155558304,0.695200434662198
train:7306,-3.172188694092918,0.43867832300898313
train:7307,3.1479119771538113,-0.19814284154393935
train:7308,-0.353827563522196,0.2184225865106852
train:7309,-4.231533903983427,0.3947573394323732
train:7310,0.16692329416225382,-0.12248781674630946
train:7311,22.729423304310277,8.595986561344322
train:7312,-3.3448047446390663,-0.30558069755961137
train:7313,24.42839363432617,10.301019487219827
train:7314,2.064670989998538,0.5616255489844795
train:7315,-11.529823964284498,-6.5049774554537905
train:7316,-0.334133933866435,-4.712521414563245
train:7317,-0.144334453971868,-0.16914403603316835
train:7318,7.484499484823927,5.46936605463252
train:7319,-2.6678156817253,-0.734522521525514
train:7320,2.4865771170549773,0.8074547336148945
train:7321,-6.58075409045358,-1.5402868257816782
train:7322,0.38793389591314087,-0.09817798673882233
train:7323,-16.781704634944447,-4.4744832934192935
train:7324,-0.014952033009542481,-0.7795773732200533
train:7325,2.3395844734151336,0.022833474705699908
train:7326,1.7700218019846958,0.3736471060717052
train:7327,14.10578978913218,21.510111010562703
train:7328,-1.3807983142930524,0.11628843142861384
train:7329,2.310427701257025,2.1451577581675454
train:7330,1.7563025815616062,-0.2143991835049563
train:7331,-8.250191530878638,-5.746969213999228
train:7332,-0.3687663761027583,-0.36365791331313685
train:7333,-5.227636989947934,-2.2394320757412007
train:7334,-6.52681308563647,0.1025703105992273
train:7335,4.9799548864668814,-0.10476948680434897
train:7336,-1.4248440367391897,0.3670146623537068
train:7337,0.15978287439648686,0.006636622302455583
train:7338,3.221833697553391,2.0041064474198316
train:7339,-1.009535074541052,-0.10502855883532025
train:7340,-2.2672322516722954,0.6914661452994757
train:7341,-0.7281341465555525,-0.23118108789003605
train:7342,1.4111276651964113,0.44600110238660157
train:7343,0.9998472043018108,-0.011079853048974839
train:7344,0.8241255116659192,-0.2823782007593924
train:7345,0.043194141373694275,-0.022848228588006586
train:7346,-3.529869863783577,-0.006129522941759558
train:7347,3.927726618059874,10.47907501483181
train:7348,5.016666086516643,11.531982552439356
train:7349,-2.2970671045172137,0.6851103208920795
train:7350,-9.242626425811995,-2.9407860003612396
train:7351,0.8501880321880566,0.39144760864022926
train:7352,1.501345173154014,0.16491579512732843
train:7353,2.17824055539696,3.830450137119251
train:7354,-5.35078685680179,-1.6541421356746693
train:7355,0.9377850384033184,0.2174037030056209
train:7356,-0.4391821613228838,-0.0698732260687315
train:7357,-0.4678916838267507,0.07130291288773763
train:7358,-6.805216697072184,-14.239284194621481
train:7359,0.4127128982617365,-0.06777226031977013
train:7360,-7.490075866167863,-1.1996601748757858
train:7361,1.2433932376955181,-0.28226721064920757
train:7362,-0.3940137818054581,-0.3802064246130465
train:7363,-10.095123319780624,-5.655664583665538
train:7364,-0.7062851640961912,0.0734155768231195
train:7365,-0.34940678893823685,-0.27621682303603445
train:7366,-1.5000138254306727,-0.00023392230744319342
train:7367,-0.33404385629833805,0.11042435883330884
train:7368,-0.27848668556588846,-0.15875247997150643
train:7369,-1.941135880459159,-1.6637300833935662
train:7370,-20.30353437903408,-8.721039663355198
train:7371,7.384353220508755,4.91355554434567
train:7372,0.5575498404106194,-0.6409079273562033
train:7373,10.93579581982387,2.228191485380316
train:7374,0.70119555030734,-0.33295545240927177
train:7375,-1.651985027201956,0.00822700501240474
train:7376,3.4845305706118754,-0.35015635159333974
train:7377,-21.669719351973637,-7.7869982539313
train:7378,-1.7823324985486808,-6.98465217401329
train:7379,-0.7967404768335701,-0.19224338906775285
train:7380,12.821437555424401,15.91331287216108
train:7381,-1.401507786458707,-0.09100500121171043
train:7382,2.1749945085301055,-0.15393496707840695
train:7383,-5.274761854244425,-0.6141878429636614
train:7384,6.821324485295271,7.715437819883591
train:7385,0.2025558879772538,1.0869458776527534
train:7386,1.2821010215707886,-0.1383081872719474
train:7387,0.5208582830821595,0.9171479857063596
train:7388,-4.274979419253238,-0.17046878431488593
train:7389,-0.19253745958664054,0.3206178004194392
train:7390,-2.183232304266666,-3.884719795672587
train:7391,-9.097626414207577,-0.5408367902476316
train:7392,1.4115870026791457,-0.11106710560126282
train:7393,-2.5565732557700227,-3.4155235136080435
train:7394,-8.900366070863058,-4.972784377976442
train:7395,-6.744640869161851,-8.603703429698054
train:7396,3.225560235602843,9.19361552018991
train:7397,9.200768427246281,0.6737836232208267
train:7398,0.8454154320574787,-0.21401528326522956
train:7399,1.8986567534754966,0.3057729445126237
train:7400,0.052487938048019434,0.18480827581378345
train:7401,-0.3763045319175934,-0.9788853670202804
train:7402,0.6450973330207079,4.894365382826876
train:7403,6.428052564272858,8.159316087996334
train:7404,1.9026980399822473,-0.33468935189408716
train:7405,23.686697495656343,11.746164362290829
train:7406,0.7246236215927213,-3.876540195470071
train:7407,-10.3762601752052,-13.900203416252817
train:7408,4.285978240272106,-0.07718459258154944
train:7409,1.8910988387102403,-0.31647099581305493
train:7410,1.256333723013769,-0.3183461294997765
train:7411,3.998044305902614,-0.16023772166448103
train:7412,-14.949626856895337,-3.8765196523134304
train:7413,-12.680994363322181,-2.91734568799074
train:7414,-0.3416695326406274,0.2556873020140257
train:7415,-3.0165081561819616,-0.4008965218882462
train:7416,-0.6496615911865936,-0.9384423113308116
train:7417,-1.3560663847381074,0.105874620280591
train:7418,-3.4248759153262265,-1.0122388937564908
train:7419,-0.645707592749057,-0.07708230478077499
train:7420,0.5266031398025841,-0.26505974906787927
train:7421,-7.1778435368614915,-0.27298084788266375
train:7422,-0.9322559597775381,0.09165019623649244
train:7423,-1.828225334171846,-1.9356664102463315
train:7424,1.8556161804602014,0.3323379566046889
train:7425,2.6436510096579937,3.2001384426661015
train:7426,0.7144958809814984,-0.24140658676885068
train:7427,0.00656383679154024,0.4084078390378168
train:7428,-13.1606784509093,-3.6329394440223584
train:7429,-0.5255242417281546,0.49322397041080507
train:7430,9.556277042223561,3.6559191874792814
train:7431,-20.335150559374036,-11.259119275462046
train:7432,1.726037680972225,-0.0009087079387725405
train:7433,-8.12871071418978,-0.4268051515934728
train:7434,3.9554807371963125,-0.1590293846037285
train:7435,-23.122800934450577,-12.125852173438536
train:7436,3.5490791098480847,0.5042426633932542
train:7437,8.238837632431522,0.4172406830893509
train:7438,-1.2909462306891228,0.47546113029612264
train:7439,-5.261654928826156,-0.5071491518943867
train:7440,9.722627878278484,2.2838779912797578
train:7441,-3.9056581356402886,-8.24187567049552
train:7442,1.9695797625758482,-0.30700973089344347
train:7443,-1.7304812933114206,0.2936795876483978
train:7444,0.10965127899147814,0.2702682354223297
train:7445,1.342309797919766,0.012904852972508152
train:7446,5.829467016630696,5.882710914901255
train:7447,4.276897491574971,10.769493620264118
train:7448,0.5612661502975003,2.7470422889756185
train:7449,3.328974630317693,-0.018078507066259172
train:7450,-9.964550596399096,-16.200727671396773
train:7451,0.647221768878355,-1.1727748892652567
train:7452,1.1063358592439703,-0.2872118343240226
train:7453,-21.614273412509146,-4.2540917438298695
train:7454,-4.564328094472894,-8.090968495027719
train:7455,-0.2728955999713894,-0.24045503916610933
train:7456,0.05441652783825564,-0.2352108277902813
train:7457,-6.840830229311483,-0.21484827973485582
train:7458,-0.8840717832802257,0.41916731732848467
train:7459,1.095410786868689,-0.15884306958586036
train:7460,3.909437268633465,0.32926233220176515
train:7461,1.4925591815055155,0.06242470269862155
train:7462,-0.486504266436228,0.2156395594290842
train:7463,-6.941100626326948,-0.25451939778138094
train:7464,1.2774911422083859,-0.3956728536690591
train:7465,0.29211739878087045,0.4489276462430688
train:7466,-3.4315353789929155,-8.180561195641335
train:7467,-0.5423009853852554,0.06989014288624619
train:7468,-12.670825710060674,-4.708586829423274
train:7469,0.15927030397673506,0.10866078590001216
train:7470,7.373708957687696,12.779425794430802
train:7471,1.184615241815281,0.12714277915793584
train:7472,-2.8033234935473397,-0.6243424394199029
train:7473,1.596197898422207,0.9189242554517469
train:7474,5.77959775034981,8.19237801603689
train:7475,0.44923592336601503,0.18866040300557096
train:7476,-1.081898162439754,0.13076208390779323
train:7477,-1.0222458911179362,0.17440002843735086
train:7478,0.9179317099365054,0.1566892595183207
train:7479,-8.632135296937177,-5.605110157745259
train:7480,0.010733207788668736,-0.01316897795070568
train:7481,-6.335428356772517,-0.6152372558820669
train:7482,-0.6018946772305305,0.023089265538041026
train:7483,-0.7154144965655392,0.1139834607213436
train:7484,-4.004979173202572,-3.2080878481401434
train:7485,0.5160902158872664,-1.1408573862425688
train:7486,-0.2198816386163977,0.2294144592608532
train:7487,7.039833371464585,1.7697038943580785
train:7488,0.9266567975260583,-0.2750137644252521
train:7489,3.2750856961463994,4.281722229692995
train:7490,0.17859548732169941,-0.9186563982694311
train:7491,-5.057549155222747,-5.311332175558924
train:7492,2.6140706985861493,0.5608691613698267
train:7493,-4.501675019727686,0.05398232128407443
train:7494,1.0165604868593234,-0.23421819387425813
train:7495,-0.48863951160204666,-0.06250836175216123
train:7496,4.6331732187450765,0.6281030612136003
train:7497,0.37598856432140126,-0.030397125349484855
train:7498,-2.725251928642812,0.2262090135208238
train:7499,-1.3481532737817488,0.5096184080359081
train:7500,-8.346349276707597,-12.601843960526915
train:7501,-12.375547954965196,-0.6027978038927659
train:7502,6.684685996592655,8.330566124327781
train:7503,-25.21283669187243,-10.426185576592227
train:7504,14.215435691893418,1.6539198103138035
train:7505,-0.12388765961769621,0.158812052371213
train:7506,-1.159285835201465,0.06912177176355278
train:7507,-0.2161318547429209,0.05614220594756835
train:7508,10.380570242819108,0.7399525601179042
train:7509,-1.724195622495054,0.6225438547692785
train:7510,1.0005231928644585,0.09049977946460241
train:7511,-0.5076192620019991,0.09535010434400333
train:7512,1.66371330217873,-0.025123953829225554
train:7513,-3.3345180025915124,0.04479097061699474
train:7514,4.605402362615339,1.410885422281815
train:7515,0.40888210269153247,-0.09144810568758968
train:7516,-0.4863950110633103,-0.33906590022345745
train:7517,-1.44485287976873,0.12441710172195733
train:7518,0.31296890293131796,0.41193840876385035
train:7519,-6.549262507730398,-6.105198496930166
train:7520,-3.5219383886262383,-9.400305985405215
train:7521,1.02748114252804,0.5934049563430814
train:7522,-4.643694451775615,-0.6236608060696933
train:7523,-1.1905672756754608,-1.03751624937744
train:7524,22.257752517181064,9.558707358725387
train:7525,-8.319324611529064,-15.783639962116718
train:7526,0.3035259842958723,0.22830698339277503
train:7527,-0.8169417952860376,0.45089864799411455
train:7528,21.361198277854285,7.773730738781846
train:7529,-2.8268691887022874,-8.081035878791846
train:7530,-12.30802162567138,-7.6809544793510085
train:7531,-12.037687569587714,-7.240401920041131
train:7532,4.602146552502394,1.6868290912876547
train:7533,-8.269799848360227,-6.042679394196288
train:7534,-0.030549980930334314,-0.024362715747032443
train:7535,20.082992240018726,6.92248738091259
train:7536,3.2962073167720174,0.07877933795773275
train:7537,8.683772002600113,0.288924132207651
train:7538,0.7654339902510553,-0.18088930052097907
train:7539,-1.5523959652886643,0.13841369645247598
train:7540,-23.10724296934711,-10.335835632399098
train:7541,-0.7511902846565334,0.11033719307839505
train:7542,-6.745826406187128,-0.2504609830583244
train:7543,-2.0609699629740854,0.6077910150849171
train:7544,-5.658954886235625,-3.5535826565266873
train:7545,-1.0634656187373506,-0.1279338931682963
train:7546,-6.182610774548483,-0.6424948862067121
train:7547,2.170430423441032,-0.06928161168963576
train:7548,-0.949538067648943,0.30548505499803114
train:7549,12.722570276347087,3.897087857438009
train:7550,8.382351770964261,-0.05544793560414421
train:7551,-1.8575736519199206,-0.2001236868908755
train:7552,5.274858848712038,0.6707680590189156
train:7553,0.7921029943220056,0.5660898337120037
train:7554,7.428895008839587,1.0927968254535378
train:7555,3.0190603745830975,0.020451895143456342
train:7556,-7.357244578524065,-13.582139428414264
train:7557,3.571228195895609,0.03129754056336797
train:7558,1.6162441672284276,1.4390848992741214
train:7559,35.268553663608856,9.722850604145565
train:7560,-2.5465131605067124,-6.485737647973114
train:7561,1.3730305491182784,-0.5003814657285024
train:7562,-5.91921885135165,-1.594071663083737
train:7563,6.7527948662365365,0.31297474752335686
train:7564,1.8109907071628806,1.791197171993613
train:7565,2.0036754587354335,6.443268606301871
train:7566,1.372984057470228,-0.21965452242396483
train:7567,16.845384537118267,10.206778897416209
train:7568,-5.050739988449337,-4.491962666504493
train:7569,-11.437586394219121,-3.4128195206151863
train:7570,15.592103601635298,6.4066190442112765
train:7571,3.88745508760244,0.09009690533714489
train:7572,15.671329089244427,11.079561755023441
train:7573,4.269021806395292,7.054192981996796
train:7574,2.1236688913740513,0.1793634833390867
train:7575,2.0233957048597033,-0.07731641116999516
train:7576,3.592600406504217,0.6856966568212048
train:7577,-9.13912299959113,-4.361786959946793
train:7578,20.26326639483168,8.944410481481913
train:7579,11.075592486178527,2.1973884486053965
train:7580,-9.59107016995159,-2.1269183481055083
train:7581,0.10067246323269206,-0.1732578031505072
train:7582,-1.8650792635811206,0.11916090683808875
train:7583,-10.00268490579567,-2.149686157417638
train:7584,-0.948900899612417,-0.7038039399501184
train:7585,3.8305841791252164,-0.06689618028552202
train:7586,-0.3269886324776228,0.008820901964460559
train:7587,28.46128374943894,9.068312536258782
train:7588,6.672367104608833,0.554393073899595
train:7589,7.2610806157040475,3.009989558189893
train:7590,-1.2740567447855007,0.05333521184988629
train:7591,0.9663090592314657,0.09456632585382925
train:7592,7.758626794471996,-0.06559796691446557
train:7593,-1.2766667859070306,-5.595393815297357
train:7594,1.432563569362848,-0.1348672085345978
train:7595,-1.1076649960802931,0.1648440367398953
train:7596,-2.4696343388329094,0.1198311273234979
train:7597,2.6352383459433373,1.1875962176499502
train:7598,10.86360172906583,8.541365161052386
train:7599,-7.513887958466137,-1.9988046608956371
train:7600,8.160793032682864,12.340952659087574
train:7601,1.264030182890215,1.0155596209425342
train:7602,7.239944582667533,2.332735324204202
train:7603,-0.6390282539028264,-0.21429332918393168
train:7604,13.92598241046565,13.923195713861018
train:7605,-8.300478757075496,-10.616775853614595
train:7606,5.194043346739596,9.590355232817164
train:7607,-0.46809403872488864,0.5674268508233818
train:7608,-11.158872683490914,-4.477004680575344
train:7609,8.370661910978557,2.2175096145702917
train:7610,1.4468730012579325,0.7275248063150237
train:7611,2.7462701647329477,-0.15080513156768086
train:7612,-2.5510054159995486,-0.2728567329779583
train:7613,-0.4735577372037305,-0.19010162232712968
train:7614,1.1253641934161351,3.28012835883658
train:7615,6.353490653879629,0.958667274546515
train:7616,-6.432085422901532,-3.4615087991054434
train:7617,-0.01471399577152624,0.04866121573165304
train:7618,-2.2007387343399123,0.8277662804307429
train:7619,-26.43754572012976,-9.46343738833564
train:7620,-24.790112311810308,-9.187383014541236
train:7621,-2.8713170639040575,-0.0608379463277986
train:7622,0.5293308047936804,-0.38329874033074096
train:7623,11.019358048363108,0.6475756911362072
train:7624,-9.46877110025705,-1.285465516305357
train:7625,4.158277305990631,0.12294084766001312
train:7626,0.3926214163277872,-0.08021413754284118
train:7627,-11.119643030866282,-9.32339868401735
train:7628,0.4740070221344422,0.3166411303405163
train:7629,-3.540407660730601,-0.3339361028172544
train:7630,1.7493971770767325,-0.3892599649376602
train:7631,1.0450796260644255,5.889542085127592
train:7632,-0.1680030033067882,0.34198225534353827
train:7633,-3.156791125175222,-1.182603077788204
train:7634,10.933153234548705,2.2820921632601
train:7635,-4.927350224691542,-0.1451907153898867
train:7636,1.4462995267792351,0.06338324068105324
train:7637,6.6468041368449935,0.8974525195985232
train:7638,-0.8542664526318192,0.23669715095085989
train:7639,0.5009187126082137,1.3282748270315228
train:7640,-14.108804945585039,-4.245537231018658
train:7641,0.9623743548278698,0.5535368950483428
train:7642,1.2468166501996838,-0.030143331768483814
train:7643,-0.08785523762946579,0.042557758297157626
train:7644,-2.393235543425223,-3.5366973230543532
train:7645,1.5935116109978753,-0.3947531194269491
train:7646,-1.3375724720602782,-0.12185982386066216
train:7647,-10.984770759873086,-13.425963503911314
train:7648,-0.32739822389694373,-0.11574210034516613
train:7649,0.07228071114324718,0.009162717265235432
train:7650,1.3684455427875823,-0.1425363683589113
train:7651,-1.0531786442315565,0.2176681961473724
train:7652,-4.625058274654752,-1.5529220084023077
train:7653,2.6488722541922547,3.217228922383225
train:7654,-0.1258476312703662,0.10224490129160316
train:7655,-16.57173719435489,-8.107932577267176
train:7656,-0.43487366406896544,0.12281202494857753
train:7657,-3.6521438279881697,-0.4524769643540892
train:7658,-4.040484844818395,-1.3060780060999135
train:7659,-2.275923632817012,-0.37507948042304357
train:7660,11.87003804872594,1.1550290372984942
train:7661,-0.3200688155818533,-0.026517464621366144
train:7662,3.8108145356248935,-0.30523417445210627
train:7663,1.1874768027527618,-0.3859114304051946
train:7664,-2.885232479081918,-0.8577526438872529
train:7665,-3.4257062561604004,0.10551254714479524
train:7666,-31.419032825396535,-13.841018581970403
train:7667,31.10574914685094,19.823611435836725
train:7668,2.1597770947486032,3.150217716063871
train:7669,10.567628458915523,2.901786469589348
train:7670,-2.6419119301812533,0.03484950941090243
train:7671,-1.78473797641879,-0.1729468025846937
train:7672,2.261514535718288,7.194526138226939
train:7673,0.9944674232476993,0.3065746982648585
train:7674,-0.47662665089151435,5.99253006515755
train:7675,7.843603763861397,0.7351229210559542
train:7676,0.06966555594043185,-0.25017009766672177
train:7677,4.749019247690269,0.761909770707579
train:7678,1.1950363447257,0.6302196483212574
train:7679,0.79704877584157,0.9034592530038343
train:7680,-1.5035013964091473,-8.038457333437394
train:7681,20.309207581768817,7.897826812260322
train:7682,-0.6824621462606247,-3.2441085613802296
train:7683,-1.3490512599638356,0.13421818469100352
train:7684,3.1779018796449767,-0.17907622428661024
train:7685,7.4834845721469945,1.9416715145638566
train:7686,-3.888481331351717,-12.720018469103655
train:7687,31.316456734477455,11.527106976596583
train:7688,5.749957929968462,4.024619488543054
train:7689,-1.0636250850901625,0.6311873879259344
train:7690,0.17902437277496114,0.004098971814065225
train:7691,2.915123413744165,0.07580029492318319
train:7692,-1.9955278542623542,0.4583503927439786
train:7693,-4.375986243973816,-5.286889243015701
train:7694,8.362587241545224,10.235761867577068
train:7695,-2.1038836137902037,0.2271288904237438
train:7696,0.709985726204163,0.10699051313645952
train:7697,-1.6922288951288005,0.13344681769129998
train:7698,2.5662805388060614,8.507092898699737
train:7699,-4.207973331501104,-2.3835154993447865
train:7700,-1.8776599035434645,-0.06249823283465078
train:7701,-5.88266665273822,-0.3387994098303659
train:7702,-27.72002341058816,-16.97244048090377
train:7703,17.859780226924546,7.281897895350379
train:7704,0.2953257874128044,-0.012411163727952729
train:7705,1.7647956758273895,1.9330496658503218
train:7706,5.261273059318851,0.2895385723163477
train:7707,-0.33123657435995585,-0.6436032180396505
train:7708,-2.0700697732469218,-1.3736356033215913
train:7709,0.9561913143245735,-0.9815342216100704
train:7710,0.5110307622882198,0.034349055289400666
train:7711,12.407217427623596,20.86111388853656
train:7712,0.05419371661497577,0.5812562470845732
train:7713,-1.7561223670439845,0.17747864871728475
train:7714,-9.264490518056974,-3.7939920856545615
train:7715,0.8475605566985079,0.3864885762236036
train:7716,1.8094532283618654,-0.3098558140530673
train:7717,-2.2202531386924402,0.2704213104714664
train:7718,0.7480225193689511,1.1757098616210433
train:7719,2.131429509724806,0.010483756365892868
train:7720,1.7504356842650504,3.0952704784818814
train:7721,-3.615420075193435,-1.0892101071872378
train:7722,-0.7639787422856608,0.32820065045369895
train:7723,-9.7282595846836,-5.626374036798304
train:7724,-0.6717504705498931,0.15416487648526092
train:7725,-3.910303116196969,-0.03039669736705483
train:7726,0.7213589780666467,-0.02052884913892572
train:7727,9.064845445007155,4.039176597596088
train:7728,-0.11184887981337593,0.24845482692914117
train:7729,-0.8241061582505503,0.06356627450029119
train:7730,2.0673265929351565,0.02504500258241607
train:7731,3.170847004511622,3.879442712491582
train:7732,-0.9265937419615226,0.05302449660569278
train:7733,0.9052002045762394,5.855188220791617
train:7734,-0.19385933336982358,0.3068594492416309
train:7735,0.5870106679469753,0.5385875400981978
train:7736,0.7830532787999432,1.9525040351892478
train:7737,7.210625089741249,0.5150517876458043
train:7738,17.89932974208776,10.587706085862374
train:7739,-1.4227949173513834,0.07713759735618135
train:7740,-1.5201326212078516,0.17151171767796525
train:7741,4.096536397380165,-0.1315263776858725
train:7742,-0.49336782843785687,0.09904530464478402
train:7743,-18.21916502367657,-18.199139699833836
train:7744,-4.96491222190062,-0.2110857435317522
train:7745,0.1524444002100267,-0.015036835936116905
train:7746,-5.520181036138069,-0.43444149943148497
train:7747,-2.717002915529292,0.10151319399708134
train:7748,-1.6773622608318357,-1.8675358872116687
train:7749,30.350977697083515,8.58784690616861
train:7750,3.1390688007782113,0.032366070030314435
train:7751,-0.30090867758746664,-0.2088941881684369
train:7752,-1.636742507930507,-0.2745556805643222
train:7753,-2.504936841946754,-8.186100429572255
train:7754,-2.3638370146972543,-6.739336639629302
train:7755,0.5503517710012704,0.09480043224304943
train:7756,0.44503284592405024,0.04059731344605238
train:7757,-0.020464547718836934,-0.04248120926106033
train:7758,-21.585662452299143,-6.681889414012764
train:7759,4.756764756255407,6.85122202923885
train:7760,0.06294216625767385,0.016968546145534863
train:7761,-3.875205176334544,-6.356993114661395
train:7762,-10.046543266900166,-3.992461233891952
train:7763,10.252878141950761,5.766811560922494
train:7764,-0.07811628342506141,0.18936086758270143
train:7765,3.9637330047251966,-0.15346532769186655
train:7766,-9.817067930788806,-0.7049977256082502
train:7767,25.213922098777584,10.78727143976385
train:7768,-4.717400915844723,-6.694700354751321
train:7769,5.230385868020321,8.179621286406137
train:7770,-1.5910953806672858,1.4197689109209015
train:7771,6.724526084556184,3.980837171273771
train:7772,17.262680552354063,4.779811034964854
train:7773,-13.386499543483927,-4.819889652103634
train:7774,-1.0362480132194096,0.03151980610535764
train:7775,4.6564567010050215,-0.12470091389193569
train:7776,-6.330128773811292,-1.433902091865472
train:7777,7.241405815165747,0.6543129905495602
train:7778,-9.890545191033027,-4.494292317531895
train:7779,0.018943167917827103,-0.060901287727441356
train:7780,-2.1879809611984977,0.3482718851350918
train:7781,5.825346926780501,11.964923872213783
train:7782,-3.9512064681514034,-4.4604023861500615
train:7783,9.038062536398481,0.4939551070620869
train:7784,1.8586204707571956,-0.1209298180402317
train:7785,-10.060315952718513,-4.542146459640376
train:7786,0.9265456824872187,-0.27042408084573255
train:7787,-0.3082566825617771,0.11426279058733575
train:7788,1.781202578424252,0.13679121506027542
train:7789,3.3752510220372716,1.7806522555611946
train:7790,2.947819595068324,0.34460207845849217
train:7791,-4.8828437700132294,0.28954527737441804
train:7792,9.550168039669785,6.945543079739312
train:7793,1.8421419710223361,-0.1741243249104849
train:7794,-5.581073007255142,-4.860097745439022
train:7795,0.36497841223018834,-0.2096672670978605
train:7796,-3.72000954631275,0.20696892071852713
train:7797,1.8757547351878014,5.405565857824786
train:7798,6.907984917260565,4.162441243873848
train:7799,-1.199973465908947,-5.827250158222119
train:7800,-0.7763673717415576,-4.372218889017686
train:7801,-0.2886360447934546,-3.535909835383119
train:7802,14.118688431967186,12.57126427076159
train:7803,1.2436949684913632,2.001058927196479
train:7804,-1.7284698321585354,0.45666656720347537
train:7805,-22.015271315604515,-11.51536433982223
train:7806,0.6106553903122698,1.282011424285016
train:7807,-0.2074809213320078,0.015627391870666543
train:7808,-14.990515331522396,-5.730411429746669
train:7809,-1.1374670723133362,-1.851789557646424
train:7810,-0.8523235666598076,-4.929333319107993
train:7811,6.931634288790665,10.662776486660597
train:7812,-0.8202231758054102,0.4743403869727139
train:7813,-1.2770503420034434,0.12762183415793668
train:7814,31.633706442441387,14.060408022211465
train:7815,1.628434277347151,-0.055207409478473746
train:7816,-2.3467350619620433,-1.2184135089943413
train:7817,-10.900938879775158,-2.0078496415716502
train:7818,0.1974948071705253,0.21571887883944763
train:7819,-4.17019142879675,-0.2281168763519128
train:7820,5.517247704985779,5.0537899792952885
train:7821,1.6650290158185466,-0.04578937078429418
train:7822,3.449374051272908,8.703416428354634
train:7823,1.360985492941471,0.5237787773763138
train:7824,-1.8596120782286754,-0.12164155282135267
train:7825,-2.2195613429694556,0.03667870631680197
train:7826,-2.7816458328110425,-0.8438437855548879
train:7827,-0.8621233086940373,-0.08156513541359992
train:7828,-0.34613098741663034,0.1570439142919961
train:7829,13.408842791543487,2.5277418092611224
train:7830,12.14534485148504,3.663336408313124
train:7831,8.40394807131647,4.2310562430192915
train:7832,1.7798131755222766,-0.3884443730868547
train:7833,0.37677450563168735,0.06017608301130377
train:7834,-1.5102229264259832,-0.020553386798246795
train:7835,-0.4486819159980706,0.2945598048461361
train:7836,-1.3240515385161222,-0.5382506350838392
train:7837,-1.8417046576909972,0.13803607328838954
train:7838,-13.772508539247962,-7.990810905468283
train:7839,0.6404484006739433,-0.6237178703936956
train:7840,6.597395602796283,14.59215165385027
train:7841,-8.096482703761485,-0.5067693888181501
train:7842,-3.0643713078494885,-10.37960739276844
train:7843,2.1794505005374627,3.3554698151738163
train:7844,0.8210324223211494,-0.6933287846537928
train:7845,9.800784057982463,6.3163872231688325
train:7846,0.7536962438678592,0.2724197030980333
train:7847,3.1125264864481976,7.915654277721938
train:7848,-1.4408657560319575,0.046184196087515325
train:7849,4.331099314537641,0.2165578670630941
train:7850,-1.0150399181284184,0.6068478844699661
train:7851,-0.020435955355286167,-0.07569806694128478
train:7852,0.131431105124365,-0.1484448084661282
train:7853,-0.22179384010069625,-0.23497486681053104
train:7854,-0.057689131792190734,-1.480656604450425
train:7855,32.76766005437318,10.76329985853689
train:7856,-2.0329947760511686,-0.026308038552277035
train:7857,-4.886845306160898,-9.295485669931537
train:7858,-0.36383489076496933,-1.343319753212843
train:7859,-4.231792397546585,0.043487621456778064
train:7860,0.31805671643567524,3.6881339956300225
train:7861,-0.09318864326464743,-0.1886897082904983
train:7862,-11.582117770011195,-20.39767745383408
train:7863,-0.041472728723213115,-0.4468357279440139
train:7864,4.299779750912244,3.169864392174685
train:7865,-1.888466189757978,0.02963953662947587
train:7866,-4.691975098442631,0.11566143716863658
train:7867,1.50130426050373,3.550764760388569
train:7868,-0.36713045123699717,-0.07068610736414685
train:7869,0.3826212952904616,-0.8320491604268152
train:7870,-0.0951675602638978,0.15410139242480816
train:7871,-5.719056964252328,-4.839215056070314
train:7872,21.639893391923273,14.161481494171142
train:7873,-0.5355977033402791,-1.7872911788345192
train:7874,2.1283496704997305,-0.06476511310564936
train:7875,3.21860020343151,0.8444467529799082
train:7876,-1.925174367850616,-10.296737440165558
train:7877,-0.26366909995761667,-0.008729944186552652
train:7878,-3.827528921092179,-10.435052231255732
train:7879,-16.375170506399275,-6.165457281790307
train:7880,0.10829314172281604,0.5133788043268614
train:7881,-0.9252041066013065,0.05986593841035028
train:7882,3.050453859928894,0.7564100538210299
train:7883,9.162063200411653,0.9939809608122108
train:7884,-3.4886773337782713,-0.2911569763639341
train:7885,-7.297682268541223,-0.06854448328433371
train:7886,-0.11686172553525248,0.11353236724010399
train:7887,1.9546071273213292,7.176302075713506
train:7888,-0.8698148869474377,0.08771675238300139
train:7889,0.384825929240995,-0.3037442249524015
train:7890,-9.429243901084897,-7.066693552631657
train:7891,0.5218847024419845,0.5226230821544535
train:7892,-2.4459036069187223,-9.963629013946992
train:7893,-3.9589849857866573,-0.37869678792156086
train:7894,2.139711764366682,-0.15099529842741913
train:7895,2.1124853254356117,3.0238182411470342
train:7896,1.0280476432595298,0.010452228326881502
train:7897,-0.27877353903435725,-0.2131703032875628
train:7898,-11.975485463828592,-2.2735088927841427
train:7899,3.0736401746444146,-0.07344916193234699
train:7900,-1.4212788247084713,0.18352461384534763
train:7901,0.6101072537817597,0.12178443913410283
train:7902,-1.686597361800498,0.2178296881842994
train:7903,1.2102949036157264,-0.340458840372358
train:7904,-3.2597547833622267,0.1573680396523302
train:7905,0.1001433882778825,-0.05853226231647832
train:7906,7.9271901680576216,2.168394921544596
train:7907,0.512747698850708,-0.1607410290021829
train:7908,2.0524260197351154,0.15791214798169387
train:7909,6.853068517667365,3.3050007004179216
train:7910,-1.2843583641604308,0.30435204284496187
train:7911,-2.168904275712361,-0.21120400934324735
train:7912,1.2956907627540586,-0.22435861997310935
train:7913,1.48775148018066,3.149941524735699
train:7914,1.3642557154653119,-0.021751452280678887
train:7915,4.794894416487176,4.3820184855597555
train:7916,-1.0878416547264727,-0.5398792508908699
train:7917,-0.3676742872900626,0.00705618774468382
train:7918,-5.9613863112165655,0.011533882588348532
train:7919,-0.7362408952260397,0.09530060104293117
train:7920,-23.244454700070182,-7.9852237375051995
train:7921,-7.361546915634616,-1.9054896544273392
train:7922,-7.238422154270707,-5.362243824147458
train:7923,13.499583330541654,15.717448710314402
train:7924,-10.275473720896379,-1.480030038172878
train:7925,-4.1747741105450435,-0.02580758443077527
train:7926,1.663129134620981,0.29499634692475507
train:7927,-0.09724782905589732,-0.20696199015771288
train:7928,-2.3905648307029876,-0.002485395210961097
train:7929,0.06709549763622508,0.37918519871614603
train:7930,14.922690817687768,3.0524979144258215
train:7931,-15.045427546867272,-9.281472954529487
train:7932,-5.453910911174567,-7.7014662506137
train:7933,11.16242772674049,5.074963126073169
train:7934,1.2930151684087785,0.06605998545919964
train:7935,-0.9599424335660637,0.5481659295428243
train:7936,3.8126621137184027,0.4345634146051642
train:7937,-7.0564845282905235,-13.372467982731948
train:7938,-0.5198139050564071,0.04541411303510184
train:7939,0.06506764817740202,0.5187203103751138
train:7940,2.0048913315610624,4.10637896940085
train:7941,-3.2783286616747023,-3.8484631214527503
train:7942,-1.163900596186913,0.010396019967739062
train:7943,0.12378741326845627,-0.17941903821305516
train:7944,26.82452296384586,15.346191642213698
train:7945,0.1248788047064312,-0.061383909247692325
train:7946,-2.87045557366569,0.13884553072436476
train:7947,6.228927440925052,0.4490315033127533
train:7948,0.5863853552807021,2.0260690791202864
train:7949,-12.853160374715205,-4.065878766545445
train:7950,0.7227109551919422,0.10518642453312106
train:7951,-3.667460036521778,-0.2556136061941285
train:7952,-21.597915791059215,-7.81367525475922
train:7953,-8.151541832714198,-5.585428672396803
train:7954,5.907140613027915,12.825832785282579
train:7955,4.760220480454968,1.4984708852986437
train:7956,6.651506302128775,7.667886118692324
train:7957,0.4238268429572211,0.06257677912208817
train:7958,-7.149124716028015,-1.4061791019785863
train:7959,-0.10369610441131916,0.22320058235941298
train:7960,0.09646148221055878,0.2754645127659957
train:7961,1.5786663628590136,0.24783724828262432
train:7962,-0.10285704639313586,0.21837065797584293
train:7963,-8.137274475760599,-6.754072930659703
train:7964,-6.952376710645007,-6.608558904453375
train:7965,7.282739679781124,0.8581614499498547
train:7966,-0.9148267058400549,-0.06828583923579246
train:7967,-6.82583481314942,-0.35418281029495485
train:7968,-6.622521257228784,-0.36600967676608914
train:7969,1.5827399610611592,3.24608463910156
train:7970,-0.4133240878230465,-0.03415409778099823
train:7971,17.695605199998365,10.821766823623351
train:7972,9.315331286705293,9.922676171364493
train:7973,0.142541679175366,-0.24589697842460595
train:7974,2.992656837822513,-0.12132841234338904
train:7975,6.156675235606949,3.3140094452481934
train:7976,-1.322573336566371,0.04030371749905961
train:7977,0.19022025900013398,0.11587057791610567
train:7978,8.927166938137658,2.062366269010165
train:7979,-0.15271364369992857,0.1054240974425914
train:7980,-0.3754315349963335,-3.439953321356746
train:7981,10.234305658387727,1.943522681234497
train:7982,0.37652926218822336,0.03760628690346231
train:7983,13.724623363429039,5.514408637497398
train:7984,6.239174665071763,3.8467645420299403
train:7985,0.5429033440671719,0.2919899130146843
train:7986,1.2659265772141763,3.3551961917402244
train:7987,6.1229464747795985,1.3823980557749163
train:7988,-25.0797366825029,-17.133186116472842
train:7989,10.598508211550365,3.47329337815794
train:7990,0.5634849642006889,-0.2197558115990692
train:7991,-0.8253795644906412,0.10589259554265178
train:7992,-4.629451270479002,0.17626260797279186
train:7993,-0.4083815607188457,0.3319551976514422
train:7994,1.4280906079039526,5.106932842952319
train:7995,-5.3381592602749155,-0.5265527339849505
train:7996,3.266423372281714,7.948102193636229
train:7997,-8.705701821145654,-0.8262451480325228
train:7998,-2.413786711529267,-0.22128970062825593
train:7999,0.6594158307871624,0.28656166919394827
train:8000,1.659727108274919,0.3954723554121243
train:8001,-0.4830313403268892,0.04299786689602676
