row_id,pred_displacement_m,pred_v_final_m_s
train:2,25.788607219990176,9.957358726206722
train:3,2.7344673300424813,-0.144265809693414
train:4,-0.4945645234586652,0.19017521115141933
train:5,-0.3062112825058151,0.18437747583276723
train:6,0.332213888183396,-0.057988403643532166
train:7,0.9937144910075287,-0.23286088326265658
train:8,-0.1442103212715744,0.04849833275182846
train:9,-6.08864092567676,-0.17514331541115674
train:10,-0.8576973037996726,0.1911448766770315
train:11,-2.8401230277283958,-2.2175979814305613
train:12,-0.45531836629897504,-0.08835247310606256
train:13,-6.3325695853339194,-6.587925586180558
train:14,-1.144886906883884,-0.004235379702104691
train:15,28.850216140032366,10.11089942022724
train:16,-2.9234797631832525,-8.829245605171943
train:17,2.306700930749333,5.333305304340443
train:18,-9.862183426056575,-6.919752918325267
train:19,7.353842146642949,10.479166317750213
train:20,1.6870044555606039,3.3616136456175436
train:21,14.274281100663327,2.693357599562184
train:22,-7.478584990435812,-4.944172325921598
train:23,6.105661809867551,2.425287523321397
train:24,-11.555065209843832,-12.071461883658811
train:25,0.8028588370983847,-0.14625164816870034
train:26,-29.362986182031115,-14.525595310012092
train:27,0.9697561824761366,-0.010092604578529396
train:28,-0.8537132020200235,-0.40880460290411763
train:29,-1.5653685298440698,-1.9049174419184043
train:30,-10.425987641959534,-1.3688795772376043
train:31,-0.40242784026955625,0.17172816979194716
train:32,-0.21204151954747746,-0.30795603571141716
train:33,-1.8257759216943295,-0.03786809364349722
train:34,0.03354851915275037,0.17139134761952252
train:35,17.62116835213839,7.404651245285077
train:36,-1.0985326416538217,0.05341542289031228
train:37,25.990072267984342,18.190016195893445
train:38,-2.461207262707357,-0.2655134461089015
train:39,0.1307973077323227,-0.00014122844614165853
train:40,1.0435497021562186,-0.15047840264756415
train:41,-5.656810691427557,-1.8405642918110858
train:42,2.2386211183854825,-0.0032714206088927805
train:43,16.609694197495575,4.418926834359701
train:44,2.583245806096005,0.30636915970284206
train:45,0.9862330550033147,3.469638122883961
train:46,-2.694778977928407,-2.2554965389127593
train:47,3.4634308010608406,9.77564651671266
train:48,-1.2243306727806087,-0.43223121983685636
train:49,-1.3365896386205,0.29640251886378366
train:50,-6.518906251052599,-4.42380703516727
train:51,6.517992517091602,14.680397065774185
train:52,1.3037235897041461,4.3847518666794745
train:53,-1.0829725844261908,-2.0379266774844482
train:54,1.2387366342268251,-0.566280559703453
train:55,14.089517712314661,5.606933303078262
train:56,-5.154652541173043,-0.3086768294539735
train:57,-0.20144630541511127,0.05412630170657319
train:58,-11.095802113746217,-1.0434577154621731
train:59,-0.9903779585037887,-1.1520919250305572
train:60,-0.5157493727256315,0.05336591958924013
train:61,6.671988662593705,9.63927533649801
train:62,-14.66428901615296,-1.5657736074717163
train:63,4.542883183816516,1.6686357008483734
train:64,6.733044284311914,0.30324560126775624
train:65,6.261455322483269,7.171909264051796
train:66,0.38650497511032256,0.4171431387605092
train:67,-34.07518622312831,-13.238178509056908
train:68,-0.6239366000292995,0.33990536360626544
train:69,24.97943682267235,11.086606916464788
train:70,0.09679529224355812,-0.12542916166181486
train:71,-2.469243808989289,-0.19294788381276595
train:72,0.738242884972503,-0.1080726195340301
train:73,0.43801353690145367,0.4504930989764694
train:74,1.081641820382186,4.313501351729976
train:75,0.2355328788556349,-0.001081149192867531
train:76,-3.2274370440531954,-0.38019868526410366
train:77,3.9348430946268955,-0.2919335861484054
train:78,-0.04437822426810101,-0.2821808651939513
train:79,7.7026740960437605,0.5184979378375166
train:80,0.15322069450334241,0.2283799900622957
train:81,-3.1897983356248356,-0.003782360299929996
train:82,6.560351057630003,1.3331886359713765
train:83,6.587133966238675,5.59676444054102
train:84,0.14626426543473353,-0.012931412036842851
train:85,0.6923321500648382,0.16561180155414618
train:86,-2.5033073096825995,-0.01213194085756808
train:87,-4.99509274014879,-4.982501861710825
train:88,20.619766211745386,5.477587882434797
train:89,-2.5198815822124425,0.034387324051684834
train:90,-0.4396097682558241,3.8442183318929497
train:91,3.328222395452243,2.0865753804857876
train:92,0.7581915213178185,3.2384060636637857
train:93,-0.99892498308131,0.17597289953287176
train:94,0.15580446784372395,-0.04346767309705074
train:95,-2.288878995462639,-0.14639630623004662
train:96,1.1132194126542607,2.730219155616447
train:97,4.641906209914798,2.5047705656339234
train:98,-1.4137064975323197,-3.8935718989334718
train:99,0.3794018648921158,0.49190039908077005
train:100,0.4413258343667795,0.09876272924536422
train:101,-0.7666108669400143,0.2468019944496118
train:102,-4.167337306522957,-0.019351933121577042
train:103,13.219960243177587,3.039239874708705
train:104,13.709439191175893,8.08952699038454
train:105,2.1130316023002,4.955809964339788
train:106,-13.45165665839311,-6.393741398032513
train:107,1.5493926642060591,0.3171954745829979
train:108,-0.040812082404421884,-2.352146384475762
train:109,11.562737553444718,7.065754784682939
train:110,1.659921210905528,0.10559860727843148
train:111,7.400625297326273,2.738545411131649
train:112,1.0516928305413047,-0.2503406843302867
train:113,0.10412656022457054,0.06128559179592452
train:114,0.02173045844754773,-0.04094714190586113
train:115,-4.267974987558018,-8.27588771953072
train:116,6.699104916318897,5.975590520577414
train:117,7.42807117683614,4.23517457528255
train:118,0.25853497041575757,0.22299818233521668
train:119,0.10971276419602433,-0.8157286924317004
train:120,0.17014260833147954,-0.04038641359213174
train:121,-0.8352976277691584,0.2647310344079514
train:122,16.265040452505023,6.871628802145378
train:123,-18.272498382653666,-6.8289687146264795
train:124,0.3503832891578361,0.37720139315740225
train:125,2.3250098066679232,0.369353764659771
train:126,-0.1384921972487786,0.12050009952681949
train:127,0.10068385368646432,0.03164409933607554
train:128,0.07568506207171209,-0.05589364363980609
train:129,-3.5962729548605026,0.005984270083499707
train:130,1.7606374628257928,8.83919242766994
train:131,11.246802629287641,4.322051870038508
train:132,0.4734581882292113,-0.3002880171735837
train:133,-1.8733975492502357,-0.170619184473835
train:134,-2.5368849726537874,-9.52182103950906
train:135,-2.481754246563077,-0.5036338112098213
train:136,1.5225132854276824,2.493063819564814
train:137,-1.5218528121857036,-0.06220631315217559
train:138,1.3394454474834023,0.2031440774066533
train:139,-2.7753959605636744,-0.15297325489295263
train:140,9.687643842953783,4.018791509132681
train:141,0.8701341114927293,0.056084749306338354
train:142,-0.556277769538542,-0.2470867339148552
train:143,2.10184757144528,3.4309776140155197
train:144,5.025444639501453,4.080498871857625
train:145,7.945029013414426,0.3689740015835345
train:146,3.356658547065576,-0.03680412932247096
train:147,0.8637291895991142,0.0405265893494918
train:148,0.942107831839012,4.731104922499016
train:149,-23.388863337911406,-20.500187805472137
train:150,20.253471534420495,13.772035743437886
train:151,-2.698970664916599,0.17067162383304124
train:152,-0.0970072347772383,-0.10023098279041912
train:153,2.9370207475174985,6.472822790345996
train:154,-0.004453056588639898,0.47399632476418146
train:155,1.8306424943353963,3.318415952347665
train:156,0.19912224731051734,0.21131468997813863
train:157,18.654807864905546,11.115471192831723
train:158,-13.30076522514779,-10.734168580952499
train:159,0.02968552811627169,-0.04696172165572268
train:160,-0.6001772757515617,0.003751200424472606
train:161,0.06857044517061292,-0.614803495689243
train:162,11.056093888986336,2.460659985840815
train:163,-0.5395749476018408,0.04979255162020473
train:164,-3.2337757153483393,0.06951134277047721
train:165,3.2677318797160826,6.370437980220744
train:166,-7.72351554510845,-4.002830106884823
train:167,-1.144380380378379,-4.346685171921156
train:168,-0.7580726757756225,0.2992976773420496
train:169,1.887294194692064,6.101672432531176
train:170,-33.66849216331385,-13.231408397657253
train:171,-4.121197600248646,-4.101605027873679
train:172,-1.6023651886128585,-4.605612544831076
train:173,-0.6852802375071785,0.23425269363660609
train:174,-2.383468113086388,-4.230744731629114
train:175,3.118444640786729,-0.27220145621239733
train:176,20.28588923077283,8.047752481355282
train:177,-0.1240374789535375,-0.06080524133710466
train:178,-0.588933270670657,-0.1670281978947638
train:179,0.8256423016835521,-0.040678511600619444
train:180,-0.0027185694290126627,0.1996717132911023
train:181,-5.525099852501765,-0.14131458551681567
train:182,3.5927663816877558,0.310161654676047
train:183,31.7272401996544,10.958548866970819
train:184,-0.1060263820407078,0.2512823998486666
train:185,0.38924774988703525,-0.14566317232742476
train:186,-3.708381520218952,-10.786332220809648
train:187,0.3562979566227635,-0.07269787444165182
train:188,0.6230568049713804,-0.5318593594651562
train:189,-0.3352367157581822,0.011547043048071609
train:190,-7.209005028883518,-2.690208564660983
train:191,5.8125366180767895,0.23886919744840682
train:192,8.327603206220523,10.403508154414764
train:193,-17.916002285071805,-16.764655581772978
train:194,-8.461233858371115,-0.279115797690968
train:195,-1.1224126117582496,0.02581604859529711
train:196,0.02273084248446469,0.037179766746746265
train:197,-6.587059287762128,-0.07923573404261613
train:198,-0.4986283584147201,-0.12868232744279134
train:199,-2.0637180842903238,-0.059733145349908034
train:200,0.2573623348228152,0.13089522210873153
train:201,-0.40837830630348215,-0.1715789350731517
train:202,-4.368727967880242,-0.7958236575939648
train:203,-0.5104214298590958,0.250625161496968
train:204,3.80635273216153,0.41575412178388377
train:205,-3.9169611851142165,-2.2187090238188896
train:206,-1.7023822061464506,-0.06402202861152956
train:207,-13.327377044491639,-2.793506974613515
train:208,10.26527839431867,6.066516814442967
train:209,-0.8597062079119152,0.5566403026440152
train:210,-0.831828653449904,0.12315772775642506
train:211,2.797971666863486,9.18303807709281
train:212,-3.758813335441244,-0.17834276939716587
train:213,2.9720803317702815,0.05796573208627015
train:214,0.06568122170254255,0.08954120581696823
train:215,3.854271673806717,0.9747174003066681
train:216,2.2501861482961725,0.2062833285308398
train:217,1.364933098777401,1.454072558651753
train:218,-14.016675236143136,-12.25703050016896
train:219,-1.383134287149327,-0.4247070033955091
train:220,-0.03169414038884605,0.0518061376230373
train:221,0.7487964890798644,-0.2904108246623992
train:222,0.07063095501219115,-0.09732483942978273
train:223,0.4954747730797931,0.012927429045691635
train:224,-3.386078170111979,-0.21966204778169263
train:225,14.213778729556914,3.8495498516845017
train:226,-11.013113928190318,-2.223060463845699
train:227,13.856884663467744,7.136728537661026
train:228,-2.8038316472605267,-5.827092660687873
train:229,-4.0920059593545,-1.9483533787409932
train:230,-0.8822030514868541,0.5012886216656582
train:231,2.9018242453612078,10.029785907517152
train:232,1.3879064817448525,-0.2585050198261317
train:233,-0.062223578455632256,0.07691822069559431
train:234,24.342216715500598,7.877817207048852
train:235,1.2695280527303736,0.009509846681183015
train:236,-7.723363052502846,-1.6890837625478685
train:237,-0.4379874421971176,-0.3262440815981374
train:238,-21.825514724255275,-5.78243925651269
train:239,-22.002257373482347,-5.969242174351014
train:240,9.653228865401214,0.92693087942213
train:241,-1.578928748830828,-1.0441601772906437
train:242,1.1508265067619465,-0.045453582902742096
train:243,-0.47626215637080194,0.06856742752107117
train:244,-0.4785744184865711,0.17038544624816876
train:245,-2.9224946051610723,-5.438550238203576
train:246,-0.7372460446568818,-0.2717751857120988
train:247,0.6152422563088877,1.8976251321352513
train:248,0.34974391276802774,-0.20729392619739478
train:249,-9.927139697046183,-7.909671143169154
train:250,5.332995724765664,-0.00018737921817867098
train:251,0.4040924168802962,0.33483926425173016
train:252,-5.731564612327233,-0.14837914882832287
train:253,3.2193408153849474,0.02423914733189353
train:254,-0.2574245742497742,0.23588780051049218
train:255,6.655920219194647,1.15251899167684
train:256,0.07722811987049326,0.24202692314748914
train:257,1.2647009411424568,0.06530313419691422
train:258,0.619416973845542,5.791418268075605
train:259,3.2307298744077686,0.022840500750592713
train:260,-1.4830376326034371,-0.1937790970222671
train:261,-4.956786411654432,-2.9896547461504848
train:262,-18.965612608777114,-4.394927351432854
train:263,12.38661790820558,2.24966293591192
train:264,0.1614261216968159,0.06503628715179761
train:265,0.7881682899184097,0.04763687545060599
train:266,-10.00221998931517,-4.3131210778293765
train:267,0.7547967011772039,-0.2729457176581997
train:268,-6.1547102067206865,-6.281302995304504
train:269,-0.5709135728029381,-2.9573249533868786
train:270,0.6051605424292343,-0.19634998747938892
train:271,0.9327630105809519,-0.25585994574780674
train:272,-5.417350808980968,-4.7572461491434295
train:273,5.30281241701861,1.1456353222724205
train:274,1.156471987584664,-0.18454794398919566
train:275,-2.232776361469442,-0.8998125458669268
train:276,-2.8830073888062424,-0.20838727864528234
train:277,-0.40373913720280785,0.22246841141725862
train:278,0.34520563054362213,-0.04071546075041105
train:279,-1.3530432653236528,-1.782505051319621
train:280,2.277136659296066,0.004762950889036596
train:281,5.51162825948597,5.693524990892588
train:282,0.2339879613909317,0.001039218426254665
train:283,3.083654940550876,0.22179526638524436
train:284,3.6344824076501046,0.6619683479405054
train:285,1.4862704887320257,3.818530541121613
train:286,2.3041006528738937,-0.07118381526505599
train:287,-2.1518165029298055,-0.37152134149547633
train:288,3.5584562428015394,-0.05489209342315754
train:289,-4.9156980229407585,-5.8567626853097225
train:290,1.4221975590553684,-0.14798561898392074
train:291,-3.7820559050509055,-0.209230118710799
train:292,-3.957920327046311,-0.2557083686371751
train:293,2.7328540698551445,-0.0522534390812828
train:294,-0.411012523081998,-0.20859427948060133
train:295,6.455436144974338,0.10554325488414909
train:296,11.906359183848561,11.704200399705885
train:297,3.412755834519247,0.059604548141216414
train:298,0.146722673084507,0.013245526986802966
train:299,-1.8907166179818407,-0.2605708910158316
train:300,-0.7465562296371446,0.18913414389039906
train:301,1.7319728047622944,-0.0392907072408791
train:302,-4.275776286100816,0.05183631038435361
train:303,-5.45098798126166,-4.522805933627835
train:304,-1.6792809711468615,-0.28042299869305487
train:305,0.32075811364562334,-0.07504307549734379
train:306,15.797167103188537,21.853163465881938
train:307,1.5358717306619036,-0.399361883889807
train:308,-0.23075429165850253,-0.012688817329427296
train:309,2.8476256768139008,0.15001134266713279
train:310,1.7108284032291317,0.18881422702396017
train:311,-0.18009943275469048,-0.05475642299284164
train:312,15.329905583960391,4.027491535970099
train:313,-17.479737677431586,-4.0793510827991915
train:314,-2.7740212025308346,-4.234912139211016
train:315,0.7245444695619161,0.14577916707748875
train:316,8.018679222589395,0.857823843142975
train:317,-13.681442558713446,-14.021818903566905
train:318,0.11438459367945375,-0.01751046738601697
train:319,1.2440043704091361,0.01770135906133423
train:320,-6.355285404571174,-1.485898533253293
train:321,1.427212380672287,1.0694095115739557
train:322,3.1043253597321687,8.254240308401501
train:323,-1.99301591051821,-6.408966159676376
train:324,-5.584817444589094,-0.20671636390808468
train:325,-0.7755491187358767,-1.1116187679101772
train:326,7.33486611557484,13.585657954813382
train:327,1.9954528296321814,0.07559019121524656
train:328,-17.786404026633406,-5.8357356232012885
train:329,9.534963411091496,5.47329436269685
train:330,-2.5029251483356285,-0.024173797169381728
train:331,0.24037428662532684,-0.12696469129031665
train:332,-14.074440179012363,-4.607118472341501
train:333,-5.310237771205497,-2.447692320690937
train:334,0.41280901974407996,0.8669029197525797
train:335,-2.54273036756312,-0.03310208130280998
train:336,0.06732121458750807,0.06608855328640337
train:337,-0.9275384522498994,0.33402624029550476
train:338,4.934415852285376,0.8083261058424125
train:339,-9.806079164855696,-4.609112585143768
train:340,0.49172952214200116,0.08041390985358132
train:341,-6.173408682649936,-14.577106134002651
train:342,-0.952366619516308,0.12801903751819646
train:343,-2.1794994898447273,1.9142605238684547
train:344,0.3781868056703277,0.07137413629713323
train:345,-5.386375283551142,-1.659886230528759
train:346,-2.944086721264957,0.06635204780248483
train:347,-4.74894317446428,-5.410678310431044
train:348,-2.7296179593111924,-0.12962082158141713
train:349,3.5154884292154427,0.04178043520863632
train:350,3.141052366942267,0.05318345641324219
train:351,-1.751072444232788,0.005040497494903665
train:352,-3.5011807976048517,0.15223357010459942
train:353,-2.988177075693222,-1.719883518124158
train:354,11.824675217890546,11.817865685399948
train:355,8.912133398824194,2.8780591236691158
train:356,-2.359173902397834,-0.024069298126052185
train:357,1.797961655255094,-0.3626322890847998
train:358,11.539101199576073,3.958218585168907
train:359,-8.951136810199635,-7.53772416739126
train:360,0.03897734889555472,-1.6407174681314654
train:361,-0.6030025732035632,0.10071275985733903
train:362,-0.7809033293835608,-0.17786029053772484
train:363,-2.7176193947824356,-0.011754175032671649
train:364,0.2587817248377832,-0.042371039450533055
train:365,1.164899761084937,3.4786462970709926
train:366,7.025576707590037,0.2473055871089337
train:367,0.9707036822633966,-0.006872036792639355
train:368,-1.5604906261306586,0.014420731074431578
train:369,-8.95616720651865,-14.757487603460975
train:370,-2.064611886224086,-0.8861477801804827
train:371,1.3206723524590323,0.575076929764357
train:372,-19.233389624218027,-5.277706451997222
train:373,6.161922747922358,4.2913193077037315
train:374,1.3243333372847337,-0.24769917677221187
train:375,-1.2472615158900946,0.022398894213218515
train:376,11.8028222836411,2.7964094916350253
train:377,0.5778264753329281,-0.16070247491827877
train:378,1.8559713766513037,5.978831203537514
train:379,-5.900463655611779,-0.8628772341738906
train:380,-7.181499640064148,-3.503006546163288
train:381,-6.350600906113651,-0.8580859708698323
train:382,-21.160847807740694,-11.589278617416165
train:383,-4.78547677641849,-1.511239800917125
train:384,-0.3161601465011655,-0.06454381052412725
train:385,-0.35663252087817565,0.0702075988537125
train:386,0.5061298452090237,0.13402405899378758
train:387,5.946470687612336,0.2538724068543292
train:388,-5.390427495595184,-2.710888105036242
train:389,-1.8171166197867672,0.06772672736770462
train:390,0.49436164679635475,-0.10813396368233277
train:391,-6.915857521101693,0.14399690557808126
train:392,-3.34786389508076,-0.20554483333631374
train:393,-3.2748352792402216,0.29717866500062246
train:394,0.04097683844906726,0.008989277385470382
train:395,-2.5603613952531408,-0.7948616957520931
train:396,-0.5411935543287032,-0.49384200119342553
train:397,3.543790452424151,2.562660895726341
train:398,-0.21840657485288972,0.05966325306453397
train:399,-0.5212753700128605,-0.03916402444159359
train:400,-37.021745051239925,-14.073766840279323
train:401,12.352967253346954,4.93446961909258
train:402,-2.499713505288331,-0.09966661662603457
train:403,1.140526514594698,-0.18321834523993785
train:404,0.40588873793183,-0.18237143934133604
train:405,0.3278307718343574,0.09153410600234989
train:406,9.293167788246873,8.194892840795681
train:407,-0.07239374269570087,-0.04383737858618181
train:408,4.209428811924738,-0.12179787340391696
train:409,1.3917797009439026,-0.14394724810467013
train:410,5.255549937443891,11.634443828758771
train:411,6.382167167313381,5.197523598592738
train:412,-2.243303697795655,-4.467766822484202
train:413,-1.4456720626073718,-2.2419346316703295
train:414,51.87703660775289,18.901800052333037
train:415,0.7898239737345921,-0.22907095618403178
train:416,-1.591615389750726,1.2087018145342932
train:417,-3.243824420157877,-0.4192808994869232
train:418,1.2508040063946964,2.3683199233481
train:419,-0.26413820068644167,-0.3497998065639317
train:420,0.2861039365638367,-0.06247622740470732
train:421,-6.164439978824601,-0.18361265971879503
train:422,-0.3633549807279727,-0.08380466047427981
train:423,26.082036467159185,9.339402313864971
train:424,-0.2294448543911729,-0.3477268023337316
train:425,-7.946796334033621,-0.29881483031905465
train:426,6.7587369637738135,1.6775079192834694
train:427,0.37006657442190594,-0.042380098411968437
train:428,5.290539551766358,-0.15547409889236138
train:429,2.248915764013205,5.289511288884738
train:430,-5.881966488518587,-0.20392406387383327
train:431,12.412461685523642,5.359796275472115
train:432,0.15972301639962244,0.0954782137513889
train:433,3.944882036190343,6.756191098547798
train:434,-0.009055729745594876,-0.6508369057414201
train:435,-1.9319398324748591,0.3521729806499139
train:436,0.13919416428664227,-0.056505159201897665
train:437,2.0623041001963096,-0.7296598564860477
train:438,0.8813186072641299,4.96277409444105
train:439,9.929710977023019,1.5708350105310507
train:440,6.647788365034213,2.1944423602179586
train:441,-3.4135886730126352,-3.4848509608386586
train:442,-3.446064948841517,-7.5876879775581125
train:443,-4.859890378454439,-9.313586473505124
train:444,-0.7895252055144425,0.21181386015235032
train:445,0.007919533248679694,0.11243905045741895
train:446,0.3221575122519299,0.08955825378376396
train:447,1.612636880256224,-0.1411522375150286
train:448,-25.60960943399301,-8.008537937719653
train:449,-0.7195843324791483,-0.5917910230879524
train:450,6.452965113880477,7.705283794070589
train:451,2.48966369756902,0.18518835987684248
train:452,-33.77541923449712,-10.493976852220694
train:453,-0.18548955820049318,0.11213397031522068
train:454,-1.5707792278441346,0.2554674260406036
train:455,-2.826157401570641,-0.022954475226258708
train:456,-6.115928268666776,-0.3446807087184791
train:457,-3.2694255110731176,0.05531366762825483
train:458,-1.7895036028021605,-0.12771173462191412
train:459,-0.35057291570045224,-0.06151512152769553
train:460,-10.676460465996218,-12.835421934106833
train:461,4.602612863732337,0.4129640329921874
train:462,-2.63766352338244,-0.38843848832844197
train:463,3.2131643999414985,0.3808863218798625
train:464,8.506934510411021,1.9882193116351108
train:465,-35.12104002167118,-12.380380742932726
train:466,2.150686582805377,5.803755004281701
train:467,-7.606574637851678,-4.372977844526919
train:468,3.3988841214905534,3.294571624563228
train:469,-5.827708875578256,-7.317001644722622
train:470,12.140939302915816,4.406531607221502
train:471,-12.012427727369161,-3.405164626871873
train:472,-2.0067063061195083,-0.5545254516197518
train:473,1.9274006797989207,0.23548057522832946
train:474,1.8257027567300783,0.155052262388702
train:475,-2.2764350409455623,0.1674861506064127
train:476,2.8437048036756,0.1797889335397277
train:477,0.4141919138153287,-0.04109037335910737
train:478,-3.1604811672809547,-3.5289080428280144
train:479,-2.3359313327881726,0.14246458581780463
train:480,0.16938316726058197,5.213795490582046
train:481,0.5752910533065185,0.9191107844608299
train:482,-4.387106116354428,-4.142022547278156
train:483,13.135174354461672,19.437628348283937
train:484,-0.8839887956884566,-3.434200096210816
train:485,-10.186994535659368,-3.6723121156543503
train:486,-1.1911844523033253,-0.18079239816578235
train:487,1.173043819302984,1.6581856538546091
train:488,2.0586042948444865,4.767888015107776
train:489,0.1768232256980315,-0.05400759640111907
train:490,-11.467121608392358,-5.725268792867564
train:491,1.175075853010132,-0.042152625750413536
train:492,-2.804518793818706,-0.6862976753022321
train:493,-5.6213580202905105,-1.7745422955483148
train:494,1.3935184885809742,8.47314761492362
train:495,-21.27794167251955,-6.692991848890687
train:496,1.1626481705698728,-0.20037501957290393
train:497,4.9023747382822425,0.36139571669519494
train:498,-0.06730395329630148,0.35992845026428116
train:499,1.779202507725139,-0.18555042150110929
train:500,0.3624787887727774,0.7093885515301501
train:501,-2.627506957949426,-7.386801584555977
train:502,5.277602320863471,-0.03790090562979867
train:503,-7.003631892954266,-0.3023717922949393
train:504,-0.03632796294999455,0.05333738742723888
train:505,0.8711434451718959,0.19343172946143095
train:506,-0.1286083053315782,-0.33504625357552015
train:507,2.981046478554974,0.14959291851138462
train:508,-0.3425633345743896,0.344080688863122
train:509,-8.121764861971101,-2.6002278266441503
train:510,2.8327181298666524,0.024387942556730005
train:511,20.39284047761309,8.763074896526268
train:512,3.163745637730217,3.4774413838696803
train:513,23.655665250415897,7.598847987584401
train:514,17.726126037110262,3.5480248168715898
train:515,5.457785352046245,5.244718647758991
train:516,-0.36040403959711587,-0.480009038411984
train:517,16.038791636768337,7.351968320079505
train:518,4.892525017726359,-0.05216556002231895
train:519,4.113325461323999,11.251207817763467
train:520,2.2050202095902693,6.645021235742364
train:521,2.228627041262403,0.38186354842840503
train:522,-0.01137705773273387,-0.03799506176440276
train:523,0.5160265223294379,0.11534847501668546
train:524,-2.9289769356486905,-4.194884083817855
train:525,-12.636087150637676,-7.53151157443711
train:526,-5.354700988651123,-0.6609728136315507
train:527,1.4365348859392832,0.14980576843991386
train:528,0.3898291279459012,-0.11209144588230988
train:529,1.9045054028001926,0.1297172718005103
train:530,0.8689904169506981,3.519958585075829
train:531,-1.820298973095793,-6.237704139836888
train:532,4.671121096632969,0.20213189895965927
train:533,2.812560513563352,-0.039730958500558244
train:534,-11.495732568602358,-1.8923651452283885
train:535,-0.9451648307751149,-0.1109053639079183
train:536,-1.1080306528922068,0.20109133101147403
train:537,0.24734919612403564,0.07600183898251946
train:538,2.2327459688213973,0.14456298367218587
train:539,-0.4558353534252916,0.20329272997067976
train:540,0.1267850785056034,0.022719167731682435
train:541,0.9518469022725365,0.043814635698514785
train:542,1.0808275191665895,2.3530218340478943
train:543,-9.890496839719056,-7.627234124735073
train:544,-0.7317342273223082,0.0546577132238463
train:545,5.123079889905441,13.89541794222309
train:546,6.874689923509521,5.1050451551143174
train:547,1.0519829384251371,4.515349849234794
train:548,-0.055360481370483855,-0.3135680979858462
train:549,6.5824982840116055,1.5460026139765108
train:550,3.0055408357883833,-0.06363277859142763
train:551,-0.3462138587792795,-0.037753251691442224
train:552,0.40291303999838657,-0.04296564970663891
train:553,-5.699384488296429,-4.902717377106756
train:554,-0.25255689869893394,-4.031120316152294
train:555,0.37184092816973613,-0.2612539509741413
train:556,-0.5940703653219473,0.05633069654278905
train:557,0.8665368202248567,0.10648424558695001
train:558,5.4285402457568415,8.401970712952085
train:559,5.269642950717302,0.13637125730081967
train:560,0.34793248193087767,0.17122407781979027
train:561,28.146157779957935,11.27521249629835
train:562,-0.19040779341858788,-0.02993465466864724
train:563,-4.922105966791497,-4.257438851754236
train:564,0.14000765189839803,-0.03340402290718811
train:565,26.661130856272845,14.509225778209863
train:566,11.356389022739377,13.329608050441287
train:567,-4.640785934273604,-2.3982629179183674
train:568,-0.8879775466329106,0.16328849893279018
train:569,1.417719715973428,0.005017029791657648
train:570,20.50125342186804,14.223009389597097
train:571,-0.1279090709449054,0.013245134669575456
train:572,-0.9648438155617404,0.24555442566610755
train:573,-0.4495929198416114,-1.2221072826870218
train:574,-18.106696148045735,-5.074416509668102
train:575,2.0610007068432266,1.1785401807611615
train:576,-2.7045473381002028,-0.2312770629499677
train:577,0.6623283000792578,-0.05836802405895869
train:578,0.2262491941147606,0.31156479507286305
train:579,2.719051164465565,0.2004490720448261
train:580,-10.750835944880766,-15.242019637279565
train:581,10.214808920861458,5.273096736085425
train:582,3.7407957890791153,0.8945371746156414
train:583,-2.7412683013960546,-0.6636154624761057
train:584,-0.06322872788647435,-0.05424669591868947
train:585,3.2189628382863007,2.2909090293009133
train:586,-0.06886258579717944,-0.7138697300521311
train:587,-11.840382594261067,-5.432940244510893
train:588,10.413192502422866,3.9795478028729345
train:589,-0.07610598456337725,-1.13375886965828
train:590,0.24945375680214127,0.23306960753922462
train:591,0.4136093734652616,-0.004848821185131372
train:592,0.5154195738641445,2.710420688403786
train:593,-1.1029937477424645,0.21437062718928152
train:594,3.884540061269702,0.15904819167697576
train:595,0.9958405540728575,-0.3213211423664433
train:596,4.110727043114482,10.921873625934424
train:597,1.0112139473335677,-0.3412117684623683
train:598,7.962455942769506,0.5489005257187487
train:599,2.6262738263663263,-0.31805178458353117
train:600,-6.500271468681177,-0.5419402002826246
train:601,21.414252686943083,6.135771219338858
train:602,-0.5350566567860966,0.08554977034420966
train:603,-0.9053173041478976,0.31125422248947954
train:604,-7.47007422934377,-0.6350785926681348
train:605,-1.3034968835384744,0.31097845914373756
train:606,3.4062588591624925,0.050029653886435044
train:607,-0.13654733538172487,0.1618038992134606
train:608,7.030613147823299,7.771191376363736
train:609,-1.3015542300247032,-0.1646915564876722
train:610,-0.7558801296535822,0.170919140338402
train:611,16.30829070285302,12.450203448676804
train:612,-0.07398828999469745,-0.169631044373327
train:613,-2.021731941852804,-9.697355465286613
train:614,0.3450353548826388,-0.11578892875605065
train:615,-0.8835094667970605,0.30098956321831816
train:616,6.193492436614265,5.7005621633285735
train:617,1.3851985757041776,-0.10569075465016653
train:618,-1.4193901015064383,-3.174554568783325
train:619,-6.4733676817875745,-5.860871887281141
train:620,9.330223491408685,13.713313130179891
train:621,3.1098504271864367,0.23459022911308075
train:622,17.888149430564685,8.616331134137686
train:623,-0.9641020413171016,0.24572105349219478
train:624,5.704186902463187,4.767910840837376
train:625,0.08452010240890338,-0.2940284174825365
train:626,7.715434193767577,0.2426375827447207
train:627,0.07849176286449362,-0.7341941876712847
train:628,6.2769951558439985,0.0986909708579311
train:629,-6.519080129816306,-0.2589959156733631
train:630,4.423714861701666,7.251759943271708
train:631,-7.167429407698281,-4.914729417309278
train:632,-4.4547561134320555,-4.598230989199735
train:633,-1.1037455176914337,0.058922058826146734
train:634,2.538090792927394,3.895938581952599
train:635,1.1493057649542293,0.10098003488488565
train:636,12.480056822456572,4.157801629010826
train:637,-5.610975970364454,-13.216802213285577
train:638,1.7277167268415523,0.12649513474571017
train:639,-4.557011238902778,-0.24505652792765692
train:640,0.20899707335634798,0.3792714015105923
train:641,0.7634880823219204,-0.0037028268983515383
train:642,1.4462988294045145,-0.2050283298736863
train:643,0.06919343325448359,-0.068815645818953
train:644,-0.033142006538244756,0.002707208616847201
train:645,-0.018835364142043065,-0.0971054984343982
train:646,4.865278587386627,0.3599810921031734
train:647,0.2873085351648135,0.06508093998532956
train:648,-1.8112844749971289,0.07952591764169771
train:649,-8.046115511929983,-6.027142490700132
train:650,11.208748285525715,19.104280251904562
train:651,0.27368008968454194,-0.037872516128607425
train:652,0.4689482659101162,-0.23954939267898745
train:653,-4.054915852373131,-9.165665474112371
train:654,11.634330972109952,10.11067230421771
train:655,1.96681327705863,8.146535391349499
train:656,-2.606502961193374,0.010183348365222306
train:657,2.9983283539681387,3.2054639707036334
train:658,2.3756531588888428,-0.09966390607064446
train:659,0.30352563560851187,0.07821001433020049
train:660,7.050853286801889,1.9644728491663381
train:661,-0.4959932118032432,-0.24963422799913598
train:662,-2.6427580781757642,-0.28691249627942705
train:663,14.930633450840638,8.414692633345199
train:664,-0.09080954940480623,-0.04361939286849234
train:665,27.550629523091544,8.4073473135596
train:666,-8.39574200359597,-3.563928418468337
train:667,-7.501251528526134,-0.5619383926292942
train:668,-0.49298450479968425,0.09038254794397982
train:669,1.832449740924222,0.4763215533064726
train:670,-0.10209528073983579,-0.731759823609339
train:671,2.0055696447061124,0.45448874294312314
train:672,3.314142864756766,0.337273842304891
train:673,0.3377604580248871,-0.06381538442823556
train:674,-6.410400323501547,-9.231939409365614
train:675,4.191953066339204,4.144057401253208
train:676,-13.929032900571027,-6.54841596017096
train:677,-0.3428547209785433,0.12935420003904452
train:678,11.127075477563231,2.138623465086831
train:679,-5.708138400707774,-0.9607876306541083
train:680,-2.437286844869126,-10.083908054792943
train:681,1.5567164935233837,2.1968036819451813
train:682,2.0248218361636385,-0.035999807675656
train:683,3.001426557394194,0.8072448795633755
train:684,3.1804496219581195,1.6797700917477376
train:685,0.10108042744433127,-0.051107587455312964
train:686,-1.448642181543049,-0.17588129978131883
train:687,2.0736908346367278,0.19993763304095385
train:688,1.416920989459928,-0.03232165534167104
train:689,1.81641512019912,0.6129448151724037
train:690,5.305309018518898,0.5556513065786473
train:691,10.151065152052995,1.6253752368220924
train:692,2.6041900610843123,1.7955439042136923
train:693,-1.696189286167944,-0.35187038556036176
train:694,-1.5879351108910837,0.2271177985457658
train:695,-14.3703650978487,-9.435097533106289
train:696,0.6515125993060142,-0.17335306490638885
train:697,-2.547934642645843,-10.560069893566848
train:698,-3.968717547389454,-6.604256254423587
train:699,-0.7801492348521889,0.17520488506220336
train:700,17.881834005093566,4.274231395881189
train:701,22.958480215589187,6.567395494515308
train:702,0.2454726769796155,-0.2136934048126531
train:703,-0.0892189538958939,0.2912265706855436
train:704,1.1347966514307695,2.0289939110470336
train:705,-6.229765393499727,-2.60804192985143
train:706,-7.095354335559248,-2.184589408532946
train:707,-2.023137616831597,-2.2231651768802436
train:708,-5.949637871754318,-8.100232888029522
train:709,0.2965443335081962,-0.3056421487035215
train:710,7.870319724496878,6.590732520459363
train:711,13.527264457790654,19.971538141661878
train:712,-8.23401987602091,-4.584521570679759
train:713,1.1047339895104058,0.1404214690273008
train:714,7.8556595131172555,3.373378882618755
train:715,-0.32955218195110253,0.06726593295138458
train:716,0.29713303400163,-0.11783218820736452
train:717,-1.9040557691821207,0.9563817770398106
train:718,-2.2613124701260823,-0.8838473746191327
train:719,-12.470184494069956,-6.498165116454374
train:720,-1.6660852466808156,-0.18421882550051139
train:721,14.638442741175682,11.901815295012957
train:722,1.0009467317781944,-0.10159981326242865
train:723,-9.292396664882535,-2.075630788282608
train:724,-1.8817667432739658,0.13292820998172494
train:725,0.37436763301213627,3.363585218011829
train:726,-10.107830417025664,-1.428040587164747
train:727,-11.59432833645506,-4.267633107915659
train:728,-6.714102365223695,-0.1000188461659399
train:729,-0.030453045844149956,0.16413248028478689
train:730,3.6432509649305844,9.490371689445935
train:731,-9.672787609896202,-10.532942655222548
train:732,-0.65606767537141,0.01310233119875924
train:733,-7.81210445063486,-3.7480886874621056
train:734,-4.29717267236641,0.013193348795543194
train:735,-0.5358593350896808,0.09496053333707889
train:736,1.2296777366042728,0.028093985079071168
train:737,-15.427944090029786,-11.499449099857937
train:738,3.3552303236374783,12.34407750146995
train:739,0.8129412483527588,-0.033001648092565616
train:740,-1.7050326950017842,-1.9150286694884038
train:741,-15.67288068861667,-6.041044501313617
train:742,0.9821283073969758,2.6478556488890854
train:743,0.646013218487294,-0.06360153587403627
train:744,3.458266508795441,-0.0032515907563019225
train:745,-12.157565354251808,-9.003362553141274
train:746,0.8103495714322089,0.015403949376994325
train:747,-1.1827271566065405,-0.08548684541546797
train:748,-1.7525815631284924,-3.7926676226944642
train:749,5.8738944355073235,0.08782392631651854
train:750,-39.740974597714164,-14.242957995800761
train:751,-0.7619835532095928,-2.5999573417483783
train:752,-0.246252514994227,-0.07253681038715482
train:753,-6.348200077408346,-0.5248942307382234
train:754,25.26447711686721,8.647112771791106
train:755,2.755618240406371,0.10299062501070808
train:756,3.776195692195625,0.3301137675810847
train:757,-6.655815786063347,-4.503409484577771
train:758,-0.3728705425634966,0.13007905961468602
train:759,0.41757255400328813,-0.1326184105212675
train:760,-2.85505428541615,0.2284488952335287
train:761,-0.006052136823321369,-0.046033713086632316
train:762,-4.320189757483029,-0.5423718918937033
train:763,4.703300290830811,9.052782480481506
train:764,-1.1686576216153943,-2.3026008558038478
train:765,-1.6243692207184668,0.27348049321603696
train:766,0.3852216893950211,0.017824831992394596
train:767,0.7938343432953895,0.3005678578639398
train:768,0.33523979709673346,-0.02149591110475528
train:769,0.7465662847229034,6.45521502253179
train:770,-20.93212749599367,-15.402323594980857
train:771,-1.0864768923979633,-0.1032130217019788
train:772,-9.812972946428557,-2.5199622897887397
train:773,3.9449529359536193,-0.1397635771904282
train:774,1.2303899886523997,7.264320942271135
train:775,0.22840966099964644,-0.035693800238192686
train:776,-8.57997910648871,-4.5764886257899295
train:777,4.297687626749992,2.4299040271331975
train:778,-12.791826732941656,-1.077208980536681
train:779,-3.6943038491893967,-2.1673388633869957
train:780,-24.53059965172677,-6.767866519057582
train:781,-0.3207492208510658,-0.004702023211634987
train:782,-0.04869171937418465,-0.4817473603819095
train:783,-8.366392756014934,-14.12269150910609
train:784,-3.926515683704982,-1.1938079431277113
train:785,-0.8709227829204703,-4.742437386421546
train:786,-0.8293948156744838,0.2636655008180151
train:787,9.739284905941856,1.969710640805716
train:788,-4.07575991785989,-6.498428182988026
train:789,1.5545055832003634,4.525172331325341
train:790,-8.383661613766645,-1.6566519673051083
train:791,14.377539050982488,8.291321847424793
train:792,7.208082461509393,0.37600789282089037
train:793,0.7155445001032672,-0.1248917583905215
train:794,0.06175686169063781,0.23133677801048427
train:795,-1.4497814593785159,-0.02288721065434078
train:796,-1.7064776554231798,-1.3636205291375356
train:797,-12.343234399904489,-6.0463754504619285
train:798,-16.081769154219096,-8.636319685368154
train:799,10.677056780763888,1.1918114879336086
train:800,3.9986019732209743,5.537261757973912
train:801,-5.350836602865203,-4.755906278815852
train:802,-4.9853113623155405,-0.16231967786050905
train:803,7.081358316753449,10.874507954439405
train:804,7.878185646430467,3.5477434897542572
train:805,3.8021310580603456,0.08512150259257104
train:806,1.0171362859204232,-0.07254358677563011
train:807,-6.720313649403182,-0.29783574917998207
train:808,9.822623974570455,5.8951172695826335
train:809,-8.083005704824735,-12.011109513307307
train:810,6.155339065641991,0.01576281264456493
train:811,-2.121675270124237,-0.06820248965754633
train:812,0.042467476914671995,0.3096268906297388
train:813,-1.8203301224999868,1.0498646952814858
train:814,8.787245674166227,3.669731321782462
train:815,-15.05265420864017,-7.208358590184018
train:816,-6.006345594546886,-0.21803649918207696
train:817,-3.073442758217014,-0.3508904484564292
train:818,-1.3702272758176721,0.07861231781441798
train:819,4.936525178357408,4.08682816135436
train:820,2.4485527604060424,0.013600645408110915
train:821,-3.690230715903732,-5.394537095743702
train:822,8.388473791179493,8.976866386401564
train:823,-0.8297576829875145,0.19278704526101292
train:824,-10.683382142557909,-16.221068820330697
train:825,-0.9662785478205648,-6.31249321351778
train:826,2.3279776010211983,0.002282935367888761
train:827,-1.1736787196047995,0.14515145951346148
train:828,-2.0164649030452138,-0.026431903800564926
train:829,10.232466448790866,4.608516488460685
train:830,0.6165426277048476,-0.11699947705935831
train:831,3.3619602221509632,0.42422853055027726
train:832,-1.0228823617797413,0.0849760598967697
train:833,-0.06795669603492419,0.8413673480655193
train:834,-0.3535647694815931,-0.007247591374980683
train:835,1.1650449312559732,-0.0001766439922256946
train:836,1.1450341123313907,-0.2528702031525067
train:837,-0.4090775406901549,0.1744813807642569
train:838,5.371424326294394,0.9503724757399195
train:839,2.662862753381716,-0.8990162132254722
train:840,6.382544214579067,0.4068761255859827
train:841,31.805874313500333,13.27403082272231
train:842,1.6672273733965932,-0.8086591359918429
train:843,-6.699314301811935,-8.108626479447047
train:844,-1.8097900009705596,-0.055904628522176564
train:845,2.7995600540191163,-0.07014460259456579
train:846,0.7739177861872285,0.14267871969362395
train:847,-0.8895408282985934,0.263455646766496
train:848,-3.649387803091763,-1.6063246573943597
train:849,-3.706132719202771,0.29842109799496647
train:850,-0.34982068083500245,0.05238098935695729
train:851,0.5768183039449628,-0.19352330618992597
train:852,-0.15242214106665475,0.03034431669610902
train:853,-0.02799108062165956,-0.02139562055532092
train:854,0.07018719223155341,-0.3753560640684431
train:855,2.2477802055095824,0.3815688825253372
train:856,-16.505393612587465,-12.849294271271836
train:857,1.3198534020786306,0.7363872524846342
train:858,-2.3096677358882185,-0.8150708834367617
train:859,9.239912535238501,16.280705544240337
train:860,-15.857718463602215,-7.770592260780586
train:861,-0.27625136712764203,-0.1065592736614843
train:862,8.621052909714674,17.195663502431326
train:863,1.5632708860654798,0.19771761684604233
train:864,4.850686253813158,0.5784746822762747
train:865,-13.345239135672468,-4.333313003556035
train:866,-4.199202217179981,-0.1392089119611241
train:867,0.5477700897850512,-0.08344166004321901
train:868,-0.08726642090691192,-0.018435979390932222
train:869,-7.371442198005589,-2.035628411835248
train:870,-0.34012996171544996,0.16968155781159816
train:871,-1.6420748675036076,0.21136447860083077
train:872,-0.0025055214518233115,0.07822328178553106
train:873,0.28597178405425444,-0.007642690488292872
train:874,-2.300679273112462,-1.5513983909514413
train:875,8.775128091018463,1.5279588747269262
train:876,-0.013892372121361712,-0.09411325927492309
train:877,0.13217869082500983,0.027216906419153017
train:878,-6.276674536549266,-9.00762411685778
train:879,-4.22092822923025,-0.10478000803908694
train:880,7.843286225905215,1.5542134568964179
train:881,10.10962249698118,18.11100835673905
train:882,-6.299466137172842,-1.454854542370273
train:883,-3.9640767510810986,-13.416643758515228
train:884,-0.6674158217439468,0.030425776018622563
train:885,-0.21087062739133694,0.06192749411054743
train:886,0.9294909283911894,-0.28115613259567673
train:887,1.1870379215951692,-0.2139279391843033
train:888,-2.1506835014668257,-2.8920961512277423
train:889,0.073744500682103,0.12204490210797167
train:890,-0.4264492612131763,0.030580135015049276
train:891,1.1340440678779593,0.8813653020277685
train:892,-15.686744498065195,-5.9208921432669515
train:893,-3.9751863952991386,-2.3374571715126633
train:894,-1.5581042098362494,-0.009387788846693751
train:895,3.044961104170021,6.936696397589207
train:896,-20.85955589305346,-5.773738659032032
train:897,-0.7402052380552675,0.10824282539189647
train:898,0.40280401708370916,-0.28235926253686405
train:899,1.505188637698312,4.724253209116038
train:900,0.5355104746524932,0.367100009183293
train:901,0.5582511669214545,-0.308619622469161
train:902,5.536081936527335,0.6594095836522342
train:903,-1.2512467799609448,0.062124009376330974
train:904,-3.0957387578723767,-0.26080856392530194
train:905,0.735926206150169,0.25089707300083985
train:906,-0.846248038092627,0.19558540837968963
train:907,-0.7852389080224682,-1.5327349331431896
train:908,0.006296509815252455,-0.018138602932474282
train:909,-15.44975797129487,-6.512279406353148
train:910,0.3028678950177238,-0.06274200449374889
train:911,0.607548353473085,3.95299834080916
train:912,0.7244652013019908,-0.13318862577886229
train:913,0.5838343585521959,-0.011113841986958806
train:914,-0.8072382909632714,0.24831962014645778
train:915,7.214049664536616,7.546916599525943
train:916,1.6274195971284584,3.8486045811574003
train:917,5.125417025052917,11.68681518275529
train:918,-11.616861908431959,-8.384284256189634
train:919,0.0840765720865059,-0.13483179298851375
train:920,-0.5572415414026196,0.1864008341010852
train:921,1.4587683543280185,0.2781575565416853
train:922,1.7767868016924586,-0.39953122227128435
train:923,0.19841301721951382,-0.04970737160510208
train:924,-1.4248312515359758,0.0691681721920073
train:925,-0.5173747207414613,-0.2970324261588371
train:926,-1.1399687878949094,0.15994281761652468
train:927,31.46392638242629,17.510861719918474
train:928,3.0849037062175007,0.47954483164775275
train:929,-0.5153762772500299,-1.9092507640223428
train:930,13.208513999427666,3.245886055254031
train:931,-2.2315162053490454,-2.485755936730312
train:932,1.9139938832507277,2.7629723656641514
train:933,-0.21117747226846728,0.13099223145953576
train:934,-0.07840615885065347,-0.32867816033846325
train:935,-0.20771024138601468,0.2827574403691203
train:936,23.651771109975222,7.7306106529926115
train:937,0.8160709498703681,-0.2817875493407642
train:938,-0.14828287341163865,0.6876678368982632
train:939,-2.729538458593027,-0.15608268990784785
train:940,31.61959157809339,10.607510830150675
train:941,-0.3315336559909957,0.02916986157773295
train:942,0.1900695098313317,0.05894809442397287
train:943,7.19991480877996,0.2042081843884896
train:944,0.028233593947668625,-0.02661044380428769
train:945,5.209711032132463,4.377107815157722
train:946,0.5725549035896531,0.7488776343831074
train:947,-10.590348635477914,-4.9972010609306245
train:948,-3.118817676880902,-0.32892667546949406
train:949,-0.11460897272898729,0.11385267642377042
train:950,-2.9013032470633786,0.06011976765655382
train:951,-5.984331334278706,-4.415061356870649
train:952,-1.340191811511418,0.21372201981658828
train:953,-0.016829830674284008,-0.5401921773776186
train:954,0.16859629611733487,-0.017091829239053766
train:955,28.96751456806264,18.565554229580815
train:956,-1.4613116205531682,-0.3591228331586472
train:957,6.881990507002821,11.922372147091613
train:958,6.151281739516663,2.5660662092611886
train:959,-1.2771061319811037,-0.8816131636736255
train:960,6.47182352107902,0.2957937138570822
train:961,5.268587590306566,9.08322629733683
train:962,-3.5948200908589385,0.08471277937190326
train:963,0.5963880333586704,-2.72578332020899
train:964,0.5124873456216279,-0.2723451869784786
train:965,-26.48169790844993,-9.958272956496119
train:966,13.967270713265938,4.7842335200750465
train:967,0.493683798567785,0.5483171143362283
train:968,-2.0415731824911236,0.1511245249676112
train:969,0.10244472485635997,-0.3363023820076248
train:970,-25.047573760381876,-17.162772827181648
train:971,0.9271458896635448,-0.25387795911439054
train:972,-0.17706910713478824,-0.3703104365401437
train:973,0.20067088410706452,0.08050992057871549
train:974,-6.216176349691177,-0.9661612353846121
train:975,-7.041471445302202,0.06969523255457521
train:976,-29.081946029234484,-8.703696103361123
train:977,7.371815352862618,6.824682553431776
train:978,-3.774775777882748,-0.05160076587550441
train:979,-0.15596387481510754,-0.1512012649718656
train:980,-0.8526664425641767,0.1965163414953851
train:981,-3.287703702503995,-5.736118432790156
train:982,-6.468207108854019,-9.550980909074328
train:983,-0.2445157032521973,-3.2970322980330913
train:984,1.0431268606172033,0.38193295291247303
train:985,-1.7844729740249048,-2.0916769908704858
train:986,1.147986331982569,-0.20996296729180086
train:987,6.997212618031182,13.067160094062034
train:988,0.23565584926472727,-0.12446891174966312
train:989,1.417682755113228,3.192416213020466
train:990,-4.410455151838124,-11.052282785396173
train:991,-1.0334882689911589,-0.030346873079160175
train:992,-11.390455021091903,-0.7075685447349669
train:993,1.454965105059284,-0.17770871342709327
train:994,-0.08274510813404454,0.13122890574333604
train:995,0.16539999531389393,1.0482450671054855
train:996,-0.31696410332507097,-0.8452098341411023
train:997,1.7653670581819245,0.4849464692274226
train:998,-3.925822493232556,-0.12881464534407208
train:999,0.06259626839618147,-0.029952344609088008
train:1000,-19.10818761601924,-11.48915469580789
train:1001,-0.43924643602631297,-1.8643016239880181
train:1002,2.3945557331530325,-0.1355941723571869
train:1003,14.87139937189303,3.986385535496532
train:1004,5.518871193335687,0.006551632124894388
train:1005,-5.162178609159385,-7.069899996997356
train:1006,0.20059998434378817,-0.02720362745229349
train:1007,-9.062800450486245,-4.354649354300562
train:1008,-0.25633504247772126,-0.3713738302179299
train:1009,-3.0892601467166023,-5.982992393862652
train:1010,-9.937189331688682,-4.25478421940164
train:1011,-0.6064682931074542,0.11542922103514898
train:1012,1.5370437851092453,8.859274504572891
train:1013,11.470994654514593,2.600310510095078
train:1014,-2.270640321932604,-5.962855535208656
train:1015,0.3938460063374255,-0.08984156664090734
train:1016,-20.20554486227195,-7.747135399756126
train:1017,-2.2177816426820995,-4.609213588997252
train:1018,4.300642635900053,2.596238685255881
train:1019,1.5242032568343018,3.4822978431639116
train:1020,-0.82419867663017,0.26387150302766404
train:1021,4.171287063864477,0.23832066663393298
train:1022,-4.747544705690935,-1.6062005424896544
train:1023,2.113738507808801,4.899352234101452
train:1024,-1.4141158564934,-2.5706667948811446
train:1025,2.141183922402187,2.9859047042797857
train:1026,4.239958017533284,-0.08655936938509459
train:1027,0.08637209720897712,-0.34316080044867303
train:1028,0.8570016156680317,0.7173801247850775
train:1029,-10.327207767180553,-4.036659835404834
train:1030,2.0735694914353173,6.482953419786156
train:1031,2.194688603102347,3.9912448480069633
train:1032,3.3282679572673324,1.28727810473842
train:1033,-2.895249569570782,0.17315235265823908
train:1034,-1.5158147093952032,-1.0536051788779146
train:1035,7.994855042462626,9.362659449755421
train:1036,1.0978790284636661,-0.20860612032783188
train:1037,6.818362502398003,7.293626896505849
train:1038,-7.197242641926856,-0.9541996971088318
train:1039,-7.192907760662669,-11.85228352159768
train:1040,4.34297839553091,0.3963557468128852
train:1041,-1.165777928935174,0.1774850327885325
train:1042,11.748036525578922,10.848750259871165
train:1043,7.875266900765884,7.211678532735605
train:1044,-0.8053993138246517,0.28318777670250406
train:1045,0.9465896267110369,1.865217446569382
train:1046,-4.199542536043707,-0.04657154434035571
train:1047,1.9267100463671372,3.2518721028418915
train:1048,-1.9160892024469152,0.08337904345915526
train:1049,0.24686219611071136,0.8863455909050852
train:1050,31.41645655010127,17.829430156381203
train:1051,0.5296435773559371,-0.282128366015869
train:1052,-1.1828526840562756,-0.30134256588114955
train:1053,1.7990239894130378,-0.18670654470539955
train:1054,0.3025006109981284,0.20416667009277778
train:1055,-0.8812718237764116,0.28911148151639166
train:1056,-2.96013145392351,1.5588094175515776
train:1057,-3.478591900566774,-4.265872102876942
train:1058,-16.50887304752753,-4.90672671651117
train:1059,-0.07830771278590751,0.0824188648774085
train:1060,-0.8512772721204412,0.12000706376743805
train:1061,3.55643153152896,4.276140768162311
train:1062,0.10217635181799106,-0.029153372742648273
train:1063,-0.6323304346264959,-0.08959390747473656
train:1064,4.830305245140977,0.006604273963786669
train:1065,-7.122228367798099,-3.973602616095612
train:1066,-1.8725909191565675,-0.26508410840118785
train:1067,-2.57155425952119,0.027016753302714316
train:1068,-3.7626633088162684,-0.16554966125985954
train:1069,-8.575151413755192,-7.383991737242095
train:1070,0.07149360754175982,0.020776198829802944
train:1071,0.7751809642647484,-0.28797688858288334
train:1072,3.4491136980438277,12.320443741041082
train:1073,-0.5393645728944143,0.16840738278702777
train:1074,-0.27722164782244657,-0.3081211655989993
train:1075,9.04041129445797,2.7042697249195586
train:1076,-0.13514293892325296,0.056781504702408656
train:1077,11.989900956062657,6.297986261250993
train:1078,-0.44995020815687603,-2.5872086011229842
train:1079,0.5378741100393577,2.303043187156801
train:1080,6.614781154584599,0.24096659667711803
train:1081,0.3186297259978921,0.030274626890420986
train:1082,5.309436547032782,-0.020417252720298373
train:1083,0.8652671333166099,1.064653770811589
train:1084,4.514824079468869,8.568151154739152
train:1085,-0.09021201549824298,-0.6529442912268317
train:1086,0.7369157808789143,-0.30705263613205286
train:1087,-0.9463117797325097,0.23966567275067147
train:1088,6.518245431656994,6.399072287361949
train:1089,0.24363381607011586,1.9993972140815268
train:1090,2.1408275639198835,-1.2847845962591975
train:1091,0.18408556981080973,-0.026981290579898815
train:1092,3.450576325291482,-0.09108827945955153
train:1093,-2.5609016282034824,-0.1952569916835264
train:1094,0.07363664005862688,0.2737925637379255
train:1095,6.31725459847294,0.07764835872120605
train:1096,-0.3652256884163866,-0.524381365126251
train:1097,-1.7665511410763313,-1.3194898341702166
train:1098,0.08700647574662007,0.13289218812719836
train:1099,10.471619486360325,4.433556700425837
train:1100,-2.7498864581950926,-0.11189821181515647
train:1101,-0.34759675285052827,0.1148226272710026
train:1102,24.80444783840973,11.560746395596047
train:1103,-0.8707019475922327,0.13200490921936478
train:1104,3.9134518224425867,0.4886662785179294
train:1105,-0.10295305164635923,2.3960212287918643
train:1106,-4.597279514944848,0.18335452649461775
train:1107,-0.7877134259899321,-0.21978145487966783
train:1108,1.1448379175766195,0.02096964688817135
train:1109,2.9159935049374215,-0.0681829451265755
train:1110,14.514072003644033,3.1423513990001286
train:1111,-9.966192681408225,-15.796848070550332
train:1112,-10.072785012725536,-7.176839110821247
train:1113,-15.360162986504657,-6.254510724542099
train:1114,-0.7747706160892787,1.9665725309680095
train:1115,-1.0991595815277768,-3.497488426032248
train:1116,-0.038112312402155485,0.18658993100474844
train:1117,0.7584442034249705,-0.326465348514457
train:1118,-3.8279547845883175,0.04948069508953117
train:1119,3.319303902606802,0.31821428675765717
train:1120,0.3168679249950354,-0.005974236650067813
train:1121,-1.4355013172217026,-0.3626030436187485
train:1122,-0.8305087555617631,0.1971394125830872
train:1123,-2.915055941473064,-0.16333784806152335
train:1124,2.5203047155911262,0.058837389635408056
train:1125,20.909145106536272,5.747890172369751
train:1126,17.21179079439848,3.0564521867575736
train:1127,-0.10503518010428073,-0.8276250347173078
train:1128,0.024287847777660868,0.643834447058997
train:1129,-8.469133719207779,-0.09563445149201924
train:1130,-0.12272501972908456,0.005216612264856327
train:1131,3.4943577427184547,0.08875935324772923
train:1132,1.0396626516918739,-0.049307493354654675
train:1133,1.3505671795299352,0.12237352128382095
train:1134,-1.7233536587488674,-0.6383298325281761
train:1135,-0.7409453850922243,-1.4931362867881477
train:1136,13.890693389929739,3.390642267237606
train:1137,4.879592435988276,10.293569169078063
train:1138,8.082581063001227,0.5327779995975176
train:1139,0.12771944440228927,0.09055324160315223
train:1140,-2.058983839769387,-0.6571099868790127
train:1141,0.9230571816757832,-0.22832769336389946
train:1142,1.5425163170012164,0.718033939277336
train:1143,0.3042677585405108,-0.06307533147632838
train:1144,-4.370103190829563,-0.03572646956368411
train:1145,2.8644400787059223,3.6589541535513534
train:1146,5.650807051838041,0.21437918683788187
train:1147,-13.918083187622278,-20.821322995228503
train:1148,3.2062059949778474,1.6260883982113132
train:1149,-0.4172203203878809,-0.16613514122412498
train:1150,5.529124461396645,0.2567243391071633
train:1151,-6.220110937865653,-2.868269798705366
train:1152,-8.821720799021593,-4.4258473700719785
train:1153,2.0757034580808145,0.2958693240863855
train:1154,0.1081592457764319,-0.15114006348437292
train:1155,-2.9538248618655203,-7.278200186973895
train:1156,2.224678273135272,0.9589814849805538
train:1157,0.31075101886109036,-0.07655799063879967
train:1158,5.5471864666640895,0.11387807004795153
train:1159,0.6240682307747092,-0.11944282875233456
train:1160,-8.824813423449882,-2.7160501437855067
train:1161,-2.9968645050478546,-0.7764692934828532
train:1162,-0.6830332961569195,0.08923840824773006
train:1163,4.3676649957290055,4.709859304029652
train:1164,-23.655846276003622,-10.33658659890297
train:1165,0.2892051619470153,-0.007730854868876702
train:1166,18.4945660314044,21.63378081354088
train:1167,-1.071933839971427,0.13671407122726456
train:1168,-0.07975092977050119,0.3364865686248718
train:1169,12.825735243370149,5.245096984227128
train:1170,-0.5469696766824415,-0.7375554190158411
train:1171,-4.8603427421899665,0.04527277183758819
train:1172,-1.3221981489666068,-0.8587161036676296
train:1173,-2.2942376228168877,-0.7918749490338031
train:1174,-1.3469242670655457,-0.11364880261474258
train:1175,-5.049873849046165,0.005607859536298346
train:1176,-0.31423085933620853,-0.645544332351
train:1177,2.142513351078178,6.297282087492802
train:1178,3.796362141912055,0.03440159013268545
train:1179,7.072973083111141,5.156812768562888
train:1180,-17.229573557937954,-7.954063763383646
train:1181,-1.3508953511837407,-0.03434344434107897
train:1182,8.812136372699262,1.7033412240810126
train:1183,-1.2179164525573833,0.0710859614609207
train:1184,1.5071150191352656,-0.16403460345759363
train:1185,6.909149068127738,10.581793080609236
train:1186,-0.31826075538918686,-0.34754562310502374
train:1187,-1.9897184903802603,0.007478499407504682
train:1188,1.9181302451777404,-0.006368586794127454
train:1189,-2.1518983282303736,-6.386865717633454
train:1190,8.247174514759857,5.136200564089952
train:1191,3.4670264651210316,0.3534559293142997
train:1192,0.7126557415516773,2.5506052013159564
train:1193,4.831133726309229,0.20899502520743773
train:1194,2.1407041285943107,-0.03705392840079183
train:1195,2.6893620629372834,6.95560637327715
train:1196,0.8456564912526182,-0.1452662186235825
train:1197,-6.328087790461894,-0.47522005768088565
train:1198,-2.7711773084196127,-0.2297289078397804
train:1199,4.124146392407648,8.068077652278486
train:1200,-0.8541853247059719,1.5300116211221053
train:1201,0.737304683514853,0.2745413903296481
train:1202,0.7178551350113548,-0.28138339126601664
train:1203,16.105376975105617,23.07481477471074
train:1204,-28.857093822605222,-12.92708093389258
train:1205,-6.723987419432097,-6.432866410498335
train:1206,1.4216708086829613,1.07571383542894
train:1207,0.7355168471890883,-0.22791112379868134
train:1208,11.982121973510923,1.605937273476317
train:1209,-1.9677467699700468,-8.6465884104724
train:1210,-2.919159294329962,-0.07819259819985078
train:1211,14.567777295805529,4.448174297662312
train:1212,0.060939770976158186,0.05517172012229865
train:1213,-4.548947262548496,0.053414994907882256
train:1214,4.663813074475981,1.4278579215090632
train:1215,-1.0410110825621373,0.09791318412177728
train:1216,-7.9297060042104235,-1.4446287581698383
train:1217,-1.988379065999938,0.04574226856331861
train:1218,-6.0393021291001245,-0.45124819113230324
train:1219,4.055236936584344,-0.06494197684485456
train:1220,7.351791400047461,6.01737530118499
train:1221,1.3998199665576783,5.02210330146319
train:1222,-13.267047622315971,-5.559785677119809
train:1223,-0.8090772681018912,0.21016084934680843
train:1224,1.2264605145592093,1.8631999373942743
train:1225,-1.792992800988317,-0.0027071971053182486
train:1226,1.853339716913431,-0.00983139263540804
train:1227,-0.4362546984742922,0.09788336801248598
train:1228,-10.010036165185344,-0.3684609817992232
train:1229,0.3328180471498064,2.921263949979495
train:1230,-5.709130067560681,-13.958778803554884
train:1231,0.17375512561408857,0.08828593334972364
train:1232,4.956277155031471,7.955610146745236
train:1233,-0.2853460633191928,-0.007751968668757617
train:1234,2.59783395542115,-0.6558742589427391
train:1235,1.1207006162002346,3.3190995829492147
train:1236,0.4424205964492381,-0.17343809074915256
train:1237,3.921132242700455,2.5880448189723646
train:1238,0.2173830043733758,-0.0857775881462606
train:1239,0.23896896033389398,0.028076152477820387
train:1240,12.929318635225659,10.060043694676228
train:1241,0.8656890450226641,-0.23080200245264704
train:1242,-0.02472550726262404,-0.053777199192959035
train:1243,0.35181767272930026,-0.29164762255474797
train:1244,0.06135889318332938,0.2785661371015431
train:1245,-4.6624970689964975,-0.09773912642204075
train:1246,8.881350348817294,3.4929705836820957
train:1247,2.3123668678971927,0.010748142512036873
train:1248,-0.55548624923049,-0.1356834780242508
train:1249,-1.2911340569472451,-0.1815954358653073
train:1250,0.2845848219638013,-0.9899606250138968
train:1251,-5.792774586316968,-2.0063997797595574
train:1252,-2.9808272110529894,-0.19947540050500479
train:1253,-3.083008414803312,0.1187618488872989
train:1254,-7.370730875790423,-6.493888716013628
train:1255,0.8769493221803862,1.6065378754864432
train:1256,0.12020860243068353,0.45102322654645244
train:1257,-0.4132143675336484,0.009532101767543988
train:1258,2.3078660114494673,0.279898731727811
train:1259,7.422555872627962,1.0957318576282005
train:1260,-0.5257074188214718,-0.05475492505433657
train:1261,-13.840603926313909,-3.151737398830933
train:1262,-4.274541003012127,-0.056481192185816625
train:1263,-0.010609945539908044,-0.5189156015124834
train:1264,-16.00328939264469,-5.238051311961418
train:1265,-3.6304935973242225,-4.700263997767512
train:1266,-2.2549498556321925,-0.25153347136274856
train:1267,-10.099413569062683,-8.228393653306695
train:1268,8.590360983337952,6.210432468933986
train:1269,-0.0614771550461887,-0.7217026644863316
train:1270,-18.06629490589024,-12.277068066899194
train:1271,-1.4410082529332309,0.09236267998686593
train:1272,-14.61574615659094,-9.19138950072945
train:1273,0.6605383716293308,-0.30498476769101296
train:1274,-1.0207072500257195,0.2004584876582865
train:1275,-30.067446229944697,-11.155902467492838
train:1276,-0.13848359629388934,-0.4666431471225027
train:1277,6.775071804316199,1.038761547099513
train:1278,1.3778840447164633,-0.26758167120196646
train:1279,6.093821781858645,3.2382651147834998
train:1280,13.859722513664718,11.013644471795216
train:1281,6.850477538121536,0.31306851134073344
train:1282,7.603565990229547,1.9162044200655992
train:1283,-17.034427654746754,-8.734581027440987
train:1284,-1.6602054479519257,0.12947546172754978
train:1285,-4.024106302126843,-10.307515749683146
train:1286,7.515493606912973,2.842946303823909
train:1287,-2.3194932807871163,-0.01301715118365658
train:1288,4.784097661060513,0.008354722102562787
train:1289,4.592492561784802,1.4045788158538708
train:1290,-0.3515219264662739,-0.16814851323574254
train:1291,0.1161727786925788,-0.010435703826594325
train:1292,0.40384926556099443,-0.03817838090526071
train:1293,1.7072239057558112,-0.06269464110482684
train:1294,-1.0087447165242014,0.07234779632542557
train:1295,0.4084800661650197,2.306838250024586
train:1296,-8.794069426427345,-17.037116044441703
train:1297,11.907223928502292,15.436532456114987
train:1298,2.7167163539004915,4.25723278972571
train:1299,-8.712292477173229,-17.04738077504327
train:1300,14.438796446453235,6.742743319953373
train:1301,0.6185708258510311,-0.18952623561517218
train:1302,1.6092362486596032,2.6649201643387874
train:1303,2.777573688739767,0.5762175029403567
train:1304,-1.213852152684848,-1.5914211678946317
train:1305,-1.6541022568541557,-2.2745812740929594
train:1306,-2.8621256650845623,-9.550381733672301
train:1307,2.0137316022086593,0.792309719363826
train:1308,-4.284837043389291,0.16057958414198736
train:1309,-33.016177147853206,-13.785739230022719
train:1310,-0.39674702579432053,-1.1898185762366977
train:1311,1.7144075627542645,4.013048270243451
train:1312,1.0329632052078614,6.855397996469352
train:1313,9.504135729102469,1.2263508113225905
train:1314,0.36874853619968706,0.012823429315197116
train:1315,-4.778319387201185,-4.915183649328338
train:1316,-0.16987870884736744,-0.053620414962762236
train:1317,18.886027567651745,7.269752324629691
train:1318,-0.07552623371219311,-0.02389660721553967
train:1319,10.901431053251194,14.541857441247442
train:1320,-4.734577255216815,-1.6344162828143014
train:1321,9.392503703136532,13.27406506131671
train:1322,5.487326610133728,0.18189460709541927
train:1323,0.8355791940795295,0.19450831926414278
train:1324,4.285253435479007,2.305819081197902
train:1325,31.033757759678398,10.673356212330658
train:1326,2.2236110573542835,0.024044629317450078
train:1327,-2.729284149278193,-0.03151769034688108
train:1328,-0.48276052647699763,-0.4905635131186729
train:1329,0.014366995000260674,0.11271481380316094
train:1330,-6.231021597830039,-0.25157862350911553
train:1331,0.8553123416361331,0.8399886739976192
train:1332,10.925569516918781,1.2345586583654875
train:1333,1.538872766543534,-0.2522470607343996
train:1334,-12.212912731422431,-5.515865549508058
train:1335,1.224135002323746,-0.2875453396326146
train:1336,2.957619569560794,5.783692899892149
train:1337,1.2187098919127854,0.739833794993574
train:1338,-0.2607292005931718,-0.9874048566026357
train:1339,-0.07447064084321672,0.06788579417086153
train:1340,-3.8493669780142485,-3.1426276501471766
train:1341,-2.3642031364256484,0.18869353597869493
train:1342,-0.6912060629676379,0.023411857294667562
train:1343,1.3183317304379525,-0.35237126766429355
train:1344,1.7763432713700609,7.154636463819484
train:1345,7.4232416244367005,1.1040944916499542
train:1346,0.5038447807073637,-0.1020106763952465
train:1347,-1.1432724844053461,0.09070567467864386
train:1348,-1.796643325193207,-1.930898400654304
train:1349,-4.960490401254579,-0.3071465069450369
train:1350,-5.014768470520052,-0.203872563321421
train:1351,-5.845012602066004,-0.08393997425257069
train:1352,-1.2103394762164266,-0.4181316240015132
train:1353,7.687680539547619,0.35641956498136856
train:1354,-0.855048442152021,-3.051361538232188
train:1355,6.240641011651261,0.28765676923675837
train:1356,0.056347442210894355,-0.03078997755503944
train:1357,-3.6439622277643218,-3.950745215794798
train:1358,-0.05858188766387182,6.569450380822637
train:1359,6.769532789367515,10.171707163884284
train:1360,-1.95896263798747,-0.6411515206892888
train:1361,-5.299686026764057,-1.3341419553227138
train:1362,0.2126538739337247,-0.23818013422454792
train:1363,0.6014068067656733,-0.03504526419590448
train:1364,-9.736231972491222,-19.24394182086007
train:1365,-2.14243867260163,-2.33622629404393
train:1366,-2.1991821939631966,-7.562678966920785
train:1367,11.626315811986123,10.166639851912864
train:1368,20.825566141003737,5.561636783971572
train:1369,-3.421987854149357,-1.4411088880045553
train:1370,6.828649709362037,3.419618675001206
train:1371,1.0336819660867154,0.19540037730911158
train:1372,3.398536363963139,0.23137451179473092
train:1373,-31.253076238517075,-12.805870603278908
train:1374,0.6239345672865654,0.07157115087575179
train:1375,2.915516035711948,3.6826121663179223
train:1376,-1.4464882234888905,0.24801033151036433
train:1377,-4.818575575414762,-0.006841222057678009
train:1378,-0.3096339976352598,-0.3941509124827104
train:1379,5.766248603445199,0.16327737138960968
train:1380,-2.3084394265467365,0.04165204047963074
train:1381,2.9810990141172704,10.738093405338512
train:1382,-8.866486677096026,-7.052638038986606
train:1383,0.03553731562721138,0.2681064605031032
train:1384,1.655906657096406,-0.16798716385962553
train:1385,39.143814775840895,13.222158210917573
train:1386,12.245631055660843,14.792095914863124
train:1387,8.340070406561624,0.5391489460507746
train:1388,-21.91815026282796,-9.759250854959145
train:1389,-0.4983326715331218,0.2748062401234246
train:1390,1.353117711341961,-0.14141815726488016
train:1391,-3.0117846047400767,-0.14432758182414668
train:1392,-3.8613664723759666,-8.600679591169163
train:1393,5.691093459622851,0.3728995990924752
train:1394,-2.09574315867488,0.03529792800195443
train:1395,4.208770490188349,1.6426480370544034
train:1396,-1.6663472271175777,-0.14884151251355296
train:1397,-10.252597970389832,-5.700465213796646
train:1398,-0.9007908772937446,0.16559675083869052
train:1399,5.932201006076333,1.4732637187962176
train:1400,21.068561248368052,13.861951998768596
train:1401,-1.1578617960216921,-0.9317197773112942
train:1402,10.059969416863726,1.325750586659273
train:1403,3.083341586843019,0.25525543207693435
train:1404,8.399581575731611,7.894844060044713
train:1405,-0.04769912268831608,0.017662198668987536
train:1406,-2.261492160345796,-8.563312159882619
train:1407,-0.4785355979604493,-0.09333675648605932
train:1408,-12.617572316718224,-12.509783227900193
train:1409,0.26133121058772785,-0.08287030349914418
train:1410,2.5411473863284444,0.35058502317373486
train:1411,-2.9233151827491555,0.1065142043570513
train:1412,0.19660251621532474,-0.2579114081956959
train:1413,-12.11943476418708,-3.451614130645033
train:1414,-0.5619641630115436,-0.20019612291715616
train:1415,-2.741620708088274,-7.706357804467193
train:1416,-0.5831060075040637,-0.01804366216341516
train:1417,1.0950300202711591,0.11120439247722026
train:1418,4.359722827492615,1.5861064222597847
train:1419,4.298030735112602,10.73342440234863
train:1420,1.9793832239419218,8.172872288806364
train:1421,-4.4382831926949615,-0.4145735920695534
train:1422,25.69600143607224,7.604858002188343
train:1423,-0.6810297385842027,0.20666680078813648
train:1424,3.409819654486646,0.013387224836341638
train:1425,2.1396201758200237,0.0037422127934422095
train:1426,3.2590772269733255,-0.01350890299574796
train:1427,1.948805899477644,4.665076934482225
train:1428,2.067983519922104,-0.2506298577921693
train:1429,0.1417621304666868,-0.03973816287146356
train:1430,-2.8675726265701065,-4.064792547138058
train:1431,1.7520778855032981,0.1850579678964968
train:1432,7.475859941866786,3.6937930646413486
train:1433,5.299942952500961,0.23273635188705014
train:1434,-1.9355513036953869,-0.009615974812298672
train:1435,4.1692228346910545,5.376444221356599
train:1436,27.27034625432517,7.785533352915279
train:1437,-0.6229195952282047,-2.3120972152827206
train:1438,-0.9619859739561037,-6.733048721767468
train:1439,-0.8340174802401004,-0.1698908297083483
train:1440,-3.7334186674433454,-1.767900721538476
train:1441,1.4768598817919747,0.3469062288661049
train:1442,-2.8330293320689193,0.5537990699519317
train:1443,-0.1274329964688729,-0.7708038047350767
train:1444,8.409902721598721,6.995120564432668
train:1445,-9.276364484968957,-4.946955353003199
train:1446,-3.5464255396541997,-4.596137013830464
train:1447,-10.957084053626321,-0.4404775852984549
train:1448,12.577118365923623,19.286919186020423
train:1449,4.988086740627315,1.194671551852613
train:1450,0.3662304323121762,0.1938651330022298
train:1451,0.24417265427101598,-0.06365389239130853
train:1452,-7.784533043675258,-5.557097947459291
train:1453,1.4743214378084422,0.27254727752738134
train:1454,1.1167702122740835,0.4517191259776627
train:1455,-5.93239969849032,-0.21615986755685035
train:1456,-5.749030594666675,-0.760368879787173
train:1457,-9.123349313240709,-0.32196354399390126
train:1458,-0.7331350206780561,0.09023175546780325
train:1459,0.6109334103676091,4.0335791580546845
train:1460,26.507064973298665,10.482739685719249
train:1461,2.975528617306154,0.777361719691376
train:1462,34.396232730911684,10.7184609953087
train:1463,25.958528614615343,8.953444334614746
train:1464,1.215359471296059,-0.12981469762221556
train:1465,3.4780563761626655,-0.08950360318200262
train:1466,-2.9032954141823235,-0.2602616023797381
train:1467,-5.557255335959102,-0.46597135736818357
train:1468,0.19580739280454876,0.13729940853072
train:1469,12.98924079056441,1.5806527848148675
train:1470,-0.46365292404490754,0.05762377412468528
train:1471,6.434000705724381,13.87698844814325
train:1472,-0.00037620397113100057,-2.2252113608781623
train:1473,0.5033797479977431,-0.08958663177342624
train:1474,-11.712822529673184,-6.878814972285888
train:1475,3.0234817303126573,-0.09871150250304303
train:1476,-0.9788775519838883,0.04979996998232506
train:1477,7.473900318901476,0.21537667122144524
train:1478,0.013276765853486971,-1.009235384393025
train:1479,2.374675671988591,3.673938959712785
train:1480,7.133087248956337,5.207131518825037
train:1481,-1.5969254333327623,-0.01713826533271079
train:1482,1.7077936609026647,1.1472647940443115
train:1483,0.9282433250157663,-0.17629102162765664
train:1484,-2.5548753807832347,0.14246315920970457
train:1485,0.36930910924605054,-0.022987501203775143
train:1486,8.163019052791501,4.346437738257729
train:1487,10.489223083977995,2.4248518372076378
train:1488,5.329585562381193,11.08873769832304
train:1489,1.028582064753865,1.0939698539638139
train:1490,2.193719019782263,0.29765914660872334
train:1491,-1.4175594928644673,-0.19741965823281543
train:1492,0.32150953490723233,-0.25150757842573246
train:1493,-0.006956980523495471,0.11189408616319525
train:1494,8.455176288469861,2.3741618835178535
train:1495,-4.1705847481392535,-2.4817523037582983
train:1496,0.9482995895263178,-2.875834816138375
train:1497,-0.7980922215006253,0.23517841963273634
train:1498,-5.958235572228213,-4.452803986087511
train:1499,-2.843759604438871,-2.057233107563398
train:1500,0.08771710058706508,0.12708289728293576
train:1501,6.36385782647831,8.418211219563192
train:1502,-2.0186576816254944,0.26875292796364636
train:1503,0.22257031000456012,0.26640794089916936
train:1504,-22.21456055446994,-4.914853246892363
train:1505,0.38940768115632746,2.2835214819155523
train:1506,-7.018680309595106,-1.171380950490686
train:1507,-2.012177443262038,-3.260167603441008
train:1508,2.599007172159693,0.1910047837616054
train:1509,20.222039461006815,6.421672612883131
train:1510,-9.776787566918243,-7.058008362518479
train:1511,-2.780429146381573,0.06590024101719519
train:1512,-6.089176974378777,-1.0594050541087168
train:1513,-0.3016458026673002,-0.03978046180163039
train:1514,14.047191715929896,3.806073399191871
train:1515,13.677750483864978,4.740589583791468
train:1516,-5.746778539235131,-0.06475180998511629
train:1517,-22.084621977167814,-13.07130987152237
train:1518,-0.8700189852823773,-6.592733826121007
train:1519,0.49132481234572545,-0.7202784816200396
train:1520,0.1692162622440823,0.054320035086561615
train:1521,-6.076112821276713,-0.2680104382664401
train:1522,-1.6198232673721327,-3.0346511069129214
train:1523,-2.7267419859628164,-0.31631503188251564
train:1524,3.693949642212684,-0.14735356026518825
train:1525,0.7664307711852484,0.07875169742579403
train:1526,-0.18770453654271768,0.03284401940903772
train:1527,-0.7657616969883801,0.012266053530502877
train:1528,-11.021969657310892,-7.914834323204898
train:1529,-14.656625332888389,-6.060290015226693
train:1530,11.147987420856143,3.3469666602542065
train:1531,0.05298121443383047,-0.04042322008111335
train:1532,-2.3390576636612983,-0.19852399556307343
train:1533,-4.280978701517617,-1.6091624662270032
train:1534,-1.825582283980201,-0.0007618029696686429
train:1535,2.451515440678032,0.2483134144012225
train:1536,-2.4604159748575456,-1.5204454176652054
train:1537,-1.5350768965570598,-0.3554924008656093
train:1538,8.835065123684586,0.6853545918640125
train:1539,1.435964433417709,0.074036757655089
train:1540,-6.856503493702116,-0.22710851408158644
train:1541,18.910885722031143,4.424060340946964
train:1542,1.7938462145697036,0.6432067394949696
train:1543,-1.6394994626598751,0.029783945034404652
train:1544,-0.6666249988106154,0.06439545479324975
train:1545,14.767349203891095,10.369881289566582
train:1546,25.718583359363112,10.594712443563399
train:1547,-3.963061838404166,-0.339848644422759
train:1548,3.3836157993544362,3.168902287672003
train:1549,7.11199491806899,0.17132729291582974
train:1550,-0.23445409701032555,0.21318261929395482
train:1551,11.88428680902032,4.906837932124098
train:1552,-0.20079356267648857,-0.016332160425770736
train:1553,-2.4498405196756003,0.14624067479785882
train:1554,1.2798961551620152,-0.01893557754757394
train:1555,-13.247125021293565,-3.0726245613203726
train:1556,5.90229711313406,0.08917849070752745
train:1557,-9.406702890444311,-17.104756670254805
train:1558,1.277077831457221,-0.06252330547200938
train:1559,7.800365136425409,7.381872308429766
train:1560,9.804415985528133,2.4144016475530634
train:1561,3.504130287138575,-0.002452119577027151
train:1562,-1.9739162116662885,-0.4926437930501834
train:1563,-1.9338090291847112,-0.017280926142716993
train:1564,-4.212823340225685,-2.504725544636837
train:1565,18.804715534878127,8.369933089527372
train:1566,14.596752750536242,9.38423432937428
train:1567,13.465385933901958,2.903796845723955
train:1568,9.372006465344226,3.3334849283870005
train:1569,5.642418563780371,2.7599953198809417
train:1570,5.473937015495313,2.9941139779307826
train:1571,-1.436174283827227,0.0050355043665534505
train:1572,-0.07191267036750296,0.6812027343104019
train:1573,0.33125255713084106,-0.08463516037973093
train:1574,0.2018922197013393,-0.01677868876109015
train:1575,8.138804342821114,9.270675183322862
train:1576,2.1580731758475693,0.4461861691223821
train:1577,0.09589137837634504,-0.10594939869870779
train:1578,4.1017025493114865,0.16465376288454953
train:1579,-2.25403722458097,-0.2695536715786822
train:1580,9.456703090095885,1.7757164768566
train:1581,-1.9281261225853132,-3.080636677731941
train:1582,3.642630068970876,4.739367265971335
train:1583,-2.3013055156116966,-0.326096142338161
train:1584,1.8056541633414556,-0.1630329819105401
train:1585,-0.012732405502512978,-0.02370658301661141
train:1586,0.01021029297722581,-0.042033931956488385
train:1587,-1.6368564124682297,0.22121592083580915
train:1588,1.2350310174189958,-0.15511045648765556
train:1589,3.7588340836060543,0.14478995702090575
train:1590,-1.6098212866688852,0.37052893308219714
train:1591,-4.259182022162312,-8.190681553503174
train:1592,-2.0404515714819165,1.1293006595267103
train:1593,-9.700585896098287,-0.09717276300631614
train:1594,-1.2991048175471862,-0.02809754008779236
train:1595,4.6211323468165935,1.9008066108591997
train:1596,-0.4916113739745259,-0.0557285137522239
train:1597,-2.2620500601223963,-0.024319596517208067
train:1598,-16.72348593359025,-7.7215255017870525
train:1599,7.145945444057539,1.2490852380051791
train:1600,-1.5688679561927974,-0.1324323808250194
train:1601,0.07634640576522406,-0.08026239256182577
train:1602,-8.65698601265289,-11.581880798452483
train:1603,-2.173239389434788,0.7243105869351789
train:1604,0.42223926940543205,-0.040705831145735644
train:1605,-3.646428609693377,-0.13343985146528323
train:1606,-22.46544808400723,-6.007453586989556
train:1607,-0.894140247040185,-7.086320256229071
train:1608,-7.059125253899767,-2.192781277565122
train:1609,0.38530618796535204,-0.0024046135272950825
train:1610,23.178302025899434,8.221294220938669
train:1611,0.6045993882372702,-0.2427880783877483
train:1612,4.159652993856432,-0.20403569595766313
train:1613,-0.7302130205981106,-1.4339413235882237
train:1614,-1.5379498479483127,-0.03110782583973326
train:1615,-1.847991258340325,-1.2050487589913401
train:1616,0.658146608795396,-0.19200960366535513
train:1617,8.541505699901037,10.484999432949747
train:1618,-9.991160556077023,-0.7297946709515035
train:1619,-0.3433076658596709,-0.8322189981211274
train:1620,3.938634256067137,6.043297341006357
train:1621,3.895291022423036,0.2524937327864293
train:1622,-1.4415287269331514,-0.11948976415882659
train:1623,-0.7957676390981228,0.11633996764622859
train:1624,0.4184157962697959,-0.066308952726334
train:1625,3.048030482774285,0.019544893378639405
train:1626,-4.992606366811073,-3.53409576052308
train:1627,0.7519938359453865,-0.18777364756424597
train:1628,1.5199543851190076,-0.056634980539003316
train:1629,2.9630837329561164,-0.31235034531163325
train:1630,-3.983561865695355,-0.1513347954900314
train:1631,-4.099671502284992,-1.2129490293278637
train:1632,0.9145794296538565,1.9554190235201043
train:1633,1.8389293981420773,0.16943261469813736
train:1634,-0.2958305111000798,0.11001695522513362
train:1635,-0.9346519068597975,-0.1199198865009953
train:1636,0.1679760975323472,-0.1151457424941377
train:1637,-12.610317759956494,-3.91468284559819
train:1638,10.617590243576029,15.091256774732612
train:1639,0.443659715098892,1.675960049494902
train:1640,-0.9571396845633665,0.3306473190105078
train:1641,-3.9012618854006758,-0.0026344400922150846
train:1642,1.1470039634592712,-0.3054740942693342
train:1643,0.8824487029991065,-0.06405348532013591
train:1644,-0.015995770508266116,-6.692218056657213
train:1645,21.410021946970527,12.594311409939712
train:1646,-1.7955877323242304,-0.344102789777144
train:1647,-1.0178150046005259,-0.23426994408308788
train:1648,1.6983035532444481,5.95389067008899
train:1649,-1.8222730084719982,-4.384906570816399
train:1650,-0.808189045165895,0.2839648501346078
train:1651,-2.306169006914212,0.43756396375682216
train:1652,-0.6345629635658593,0.25350034746183303
train:1653,-1.313357064715169,-0.2781633227929616
train:1654,5.070570362931792,5.705101630302971
train:1655,-0.6408186472692338,0.030612661679730688
train:1656,9.881964054475617,6.5555232619065915
train:1657,-1.7316240580204907,0.12443554063165063
train:1658,-5.564844167670311,-7.322116890726204
train:1659,-6.782333507901948,-4.0052513461522485
train:1660,0.006845808636963796,0.29001545173899596
train:1661,-3.5562873480385764,-5.362199884617977
train:1662,-7.5588751367852876,-0.9437132716085159
train:1663,-2.0840098289982487,-3.425920918762916
train:1664,0.5053327459032055,1.0531888348154403
train:1665,-2.004967053565956,0.04005167151298115
train:1666,0.23360591627308042,0.13750919125183414
train:1667,-0.6698166504492513,0.041379415671708886
train:1668,13.7308495249359,6.652313485706641
train:1669,-0.06438590500644009,-0.020118449653740378
train:1670,0.19259249534188777,-0.022569647691266972
train:1671,-4.7934412606459444,-3.6835840315745605
train:1672,-2.451696931182239,-0.24224939116916483
train:1673,2.5311898051490846,-0.2551258132195148
train:1674,1.9221599087724788,5.102031017520506
train:1675,-0.4906324923248322,0.22933332092516215
train:1676,-1.6294533148909798,-0.473271738998631
train:1677,0.49332674271076066,-0.08529853314625976
train:1678,-3.856309110901082,-0.6413294187193666
train:1679,0.20337077033845102,-0.1834077274652211
train:1680,-1.5330586941152071,-3.3191803887865543
train:1681,29.76579104240938,10.764054248900202
train:1682,3.2683671880866867,-0.01361062015328239
train:1683,11.670730213201297,4.200857802757178
train:1684,-0.3615635412994841,0.17951802066152592
train:1685,-15.309293684874214,-4.482414949134019
train:1686,-4.610417589767311,-5.488890102265605
train:1687,-17.754631634356002,-3.2427521423986905
train:1688,5.842231763519318,9.327159733793478
train:1689,2.790341457585512,-0.06466164835319235
train:1690,-0.11844616090079818,0.010538645112542766
train:1691,3.654756950448251,0.045355657768201794
train:1692,0.6766916622860806,-0.06555898484813139
train:1693,6.000641826087293,0.3239756435697577
train:1694,8.777803220447261,7.2075510701805054
train:1695,1.415541582262283,0.4213141128626605
train:1696,0.8927383507746638,-5.829134422200681
train:1697,-3.884356127420236,-1.390210649532162
train:1698,3.7332355497314564,-0.07618022481390324
train:1699,-14.318937896441655,-2.778922474684961
train:1700,0.21451691050021032,0.13294468730528064
train:1701,-0.8543234049006805,0.28037079634812156
train:1702,12.728454259324302,5.549517462839925
train:1703,-0.4091482079951909,-0.00035957081585615003
train:1704,-7.973216607787503,-0.8567533762435644
train:1705,0.45640202976732963,-0.04861088061939439
train:1706,1.0964415067059585,2.9658434558550932
train:1707,0.12181244805929013,-0.016078866157604718
train:1708,1.0326749569899514,-0.20858457854552093
train:1709,-4.5486111279330945,-0.4832511479801849
train:1710,28.847168147586203,12.123434868854915
train:1711,0.37903806774612414,0.5074906577198679
train:1712,0.38117424274490386,0.03459418222619383
train:1713,-3.8961352513701963,-0.44030924554264755
train:1714,0.9268843741432633,1.4971852260788678
train:1715,2.121680676045191,-0.29410088917401966
train:1716,-13.433327791065858,-8.926091752009514
train:1717,0.08286453482184108,-0.14282293826101125
train:1718,-1.8599251994782922,-4.990810997928826
train:1719,14.872252958551229,8.549519652952341
train:1720,2.7446903785322068,9.733270549708418
train:1721,-1.5568194131423865,-0.5588640521736605
train:1722,3.9108366672397716,3.6118372825089846
train:1723,2.2569237179315857,0.09400185269383719
train:1724,0.6905080502535945,0.14648191422757934
train:1725,-1.962939301103431,0.003436562008003921
train:1726,-1.278900012221115,-2.57860758088771
train:1727,0.6130408767737179,0.0530387270214909
train:1728,-0.377644537443516,-0.04769885006102473
train:1729,-6.940946274055422,-0.28807824908839275
train:1730,8.005185486659347,9.278754350315133
train:1731,-0.990734781902573,-4.119546621983299
train:1732,-0.8513995451548129,-0.4270530604160611
train:1733,0.15158058538925676,-0.19615047633659521
train:1734,0.29879220469141615,-0.08992830441339109
train:1735,2.726986591412988,0.7749197946064998
train:1736,-12.167840008470868,-9.87804051694863
train:1737,27.190726517540575,7.490024609781949
train:1738,-1.487553598836779,-0.038949890565774276
train:1739,0.059901844933440807,2.5171683606667026
train:1740,-4.930140188491026,-0.4223795636106629
train:1741,-0.73184743448531,0.17134355624817044
train:1742,34.033601595453135,16.4568574060036
train:1743,-0.5907980506739445,0.21055430786080553
train:1744,0.12294463591842898,-0.15591021298855035
train:1745,-11.185160920964334,-4.004439035500074
train:1746,-0.11248721014110313,0.13678269107687754
train:1747,-3.7490314926915134,-2.945143432142069
train:1748,0.07889554282780831,-0.05116101392866029
train:1749,-0.2562980816175215,0.050931983509724284
train:1750,-2.2100840205144525,0.02003778647721083
train:1751,8.915294830891597,5.815476016431811
train:1752,-4.569595133280484,-5.560137763998904
train:1753,7.6858743390208755,1.3201579975854099
train:1754,1.0030210728850677,0.2756806795583576
train:1755,-8.528051654948646,-3.196465271948938
train:1756,41.704120991952685,17.32020753085322
train:1757,-3.7640603828401726,-1.3377599761252812
train:1758,-0.3297773177567849,-0.6068269018193662
train:1759,-1.2187935174978475,-0.11074508448787632
train:1760,-4.524401067127511,-8.800544532771655
train:1761,0.8707429196239448,-0.09695577591429669
train:1762,4.9971474979157895,7.054085130424432
train:1763,10.558196233359128,3.9807313169527463
train:1764,1.395365136841522,0.022355739318191625
train:1765,8.128658935383632,11.471319752165277
train:1766,0.5904726685190222,-0.3235975809117123
train:1767,-1.8931495259242999,-1.901278164655146
train:1768,0.5705003214332012,0.018593559767113035
train:1769,0.8690278427273784,-0.08627690098128232
train:1770,0.1987224191372869,0.2516466128966125
train:1771,1.0673098400377972,1.6667428772212112
train:1772,0.8918094476466237,-0.16465346605140058
train:1773,0.13983214592700907,-0.23645935953425307
train:1774,-11.938658499575185,-5.521983415684365
train:1775,-1.4011300418183006,0.1590600325242063
train:1776,-5.319278537085309,-0.39535311512863264
train:1777,-0.08740113045713693,-0.0908410482758108
train:1778,-11.775954468393309,-0.42586512385113945
train:1779,-1.7624814946642702,0.12085775017750504
train:1780,0.5731993940607468,-0.1522113035067095
train:1781,-0.12604196635921538,-0.3985965086441237
train:1782,-3.1285190890795063,0.23645951370659204
train:1783,-5.389897490807414,-1.1845662331946993
train:1784,2.132834022412398,-0.0340823037283626
train:1785,-0.3736262643025501,0.006807280296425494
train:1786,-1.137720451795209,-0.6167448239918074
train:1787,0.1275183680244728,0.06653126544505512
train:1788,0.6906168407100316,-0.5134187378421342
train:1789,0.32027924967070787,-0.08432337517946237
train:1790,-0.1974692936117899,0.04213316406137666
train:1791,-0.8539970335313691,0.07638873509925628
train:1792,-4.985593566619204,-0.04651533598121327
train:1793,0.6060181971066376,0.10736246553334819
train:1794,3.5555342427215937,6.684506894735881
train:1795,-2.090441948505973,-10.633287986407952
train:1796,-3.1664939321232675,-1.131089685903064
train:1797,2.9732740048339665,0.1315152259890185
train:1798,-6.113938891046715,-2.5950004492439027
train:1799,-6.733210432572266,-14.350148763293502
train:1800,-2.3563890526796363,0.6371590624371866
train:1801,-1.164964790010779,-6.86668423828944
train:1802,-0.04518927106833412,0.14337754367143932
train:1803,-10.954058377171224,-1.6200590415560872
train:1804,-14.184993598743539,-3.5258168683968
train:1805,1.8483941678521068,-0.0986530829013455
train:1806,-8.21328832032243,-6.971700284394446
train:1807,2.3790635537315543,0.01479885355135302
train:1808,2.5371372492258875,-0.11365293977823276
train:1809,1.3655598061931156,5.67219035207778
train:1810,-0.33466161407180306,-0.7150472523779221
train:1811,0.08158647941694522,0.09390955114976318
train:1812,10.94946808368243,7.490341316780163
train:1813,-0.803154464598555,-0.16169339690458184
train:1814,1.0409360579319649,-0.3364517478757013
train:1815,-1.2430084599264761,2.2036596751524593
train:1816,-0.29235026255617313,-0.0005995262982865929
train:1817,1.9632350473664575,-0.09561804549886851
train:1818,8.0870712263699,1.1254472483876328
train:1819,0.19746272793337077,0.01443535380745721
train:1820,-0.508844433157238,0.3103939064747371
train:1821,-7.385424096240161,-4.453078465485963
train:1822,8.018528589649712,7.89407882745984
train:1823,5.579647865165596,8.932526265365157
train:1824,0.2508509470551654,-1.6494337583012244
train:1825,-11.740498077924418,-4.580721942666053
train:1826,-2.6486411313200175,0.07998614141477772
train:1827,11.540970163827685,12.160407985662603
train:1828,-8.5672069209364,-8.717087388274786
train:1829,-3.730191217235711,-0.07922660375077573
train:1830,-0.5782088097567117,-2.099918505864544
train:1831,-1.8735068046231533,-0.03771715850651067
train:1832,1.9598534773455372,3.903067057306989
train:1833,20.150524148310307,10.776126777286168
train:1834,-0.6726982027953934,-2.478359544374731
train:1835,0.7443177161649628,0.00846086174520741
train:1836,0.021689894484624064,-0.35173956559758607
train:1837,-2.5291538764995445,-0.17586204057196797
train:1838,21.417295100391478,8.135184156018925
train:1839,-1.4044009617168616,-1.0049273132524577
train:1840,-0.8350526167839347,0.2508910812468196
train:1841,-14.767204787942473,-4.434251518389444
train:1842,-14.19437561332004,-4.4211327156228934
train:1843,3.4600531828300043,0.15240119655635673
train:1844,-0.001360432160350561,-0.07805350391009472
train:1845,-0.4597157788297891,0.006005811865810645
train:1846,-16.55323723776281,-9.192843499705035
train:1847,7.704597455523591,0.1962083368065817
train:1848,-0.14385989047439712,-0.6981221165395961
train:1849,0.840173963656316,-0.27235110740209384
train:1850,0.3355240935245596,-0.0330977301481048
train:1851,0.9993460243358313,-0.26411187498099553
train:1852,1.3085112996203407,-0.12189174421690105
train:1853,-2.844024606832756,-2.80718957290121
train:1854,1.5181965359062355,3.350613641201205
train:1855,6.630307970283875,4.071051017054153
train:1856,38.61771900583837,16.235042672173552
train:1857,0.37520355284407614,-0.2834873528919881
train:1858,-0.7024642480011978,0.017807142051953828
train:1859,-0.8587545238763307,0.26892997002886404
train:1860,-1.0014106590443062,-0.17221206374795922
train:1861,-8.118962345426645,-1.8101408754515929
train:1862,40.03362400686857,17.264360959524954
train:1863,-1.607999511440044,-0.03944207036029568
train:1864,-1.0066509651542672,0.0725028686259023
train:1865,-0.9127699153303205,0.04300874478278974
train:1866,4.922892897316172,4.720003058264333
train:1867,3.9487059742424595,0.5096324244604911
train:1868,-30.179081975242475,-9.241331626453182
train:1869,-4.188693709971228,0.09406690602320003
train:1870,0.6603363654185535,-0.24425891133891225
train:1871,0.9193689992359727,1.4388975856305832
train:1872,2.2733352696932534,0.7216792082946146
train:1873,-7.0316328827418495,-3.441928317610472
train:1874,-4.972833003978907,-5.20453914640448
train:1875,0.4757412768358292,-0.1964418610410329
train:1876,8.354763627011362,5.083388673512135
train:1877,-28.84365959598468,-14.851248852942973
train:1878,-0.2234821842996338,-0.39424906311999464
train:1879,0.30510228362300923,0.17354909237086635
train:1880,-1.900336902254597,0.10226733470397663
train:1881,0.9546563925642011,-0.2616934889297704
train:1882,-2.630048656348322,0.032963426507012915
train:1883,-0.012380812414134468,0.076060258584217
train:1884,-0.35179355392000633,0.10527191402351728
train:1885,-0.5792551042960781,0.058580528846991886
train:1886,5.07137652810898,11.809714617359433
train:1887,16.954983948231455,6.318037523418985
train:1888,-6.582134892400667,-11.863026451234388
train:1889,6.149098026807752,0.2852245450869626
train:1890,2.041175505823484,-3.550847848798868
train:1891,-0.19331514862939775,0.10634771919177406
train:1892,-0.443446026594674,0.08784425548194444
train:1893,6.341822644968508,1.5977862054358025
train:1894,-0.01829780446146434,-0.0890382436197624
train:1895,3.148819029207268,2.193970438258458
train:1896,-11.99774008591719,-10.811599162191467
train:1897,0.5365263171623867,0.007826805775134837
train:1898,-0.9843096361420561,1.1217614637003124
train:1899,0.38703637464753465,-0.08792556063211901
train:1900,11.980290202577752,6.086683346545444
train:1901,-13.226315359626362,-15.385838853063019
train:1902,-18.377312873349542,-7.8274551477193395
train:1903,-0.07780641659080784,-0.09468718371357804
train:1904,0.6591454818537513,3.042849478523482
train:1905,-2.7630575420876715,0.05091329494361347
train:1906,7.623321686235455,2.924701219535784
train:1907,-2.689543553441491,-0.1691983541365782
train:1908,-2.540044545055269,0.054139283840283756
train:1909,9.078763184767418,2.416552687246337
train:1910,2.2403705991016056,1.4787495975841962
train:1911,-0.5126718580829585,0.12598105651685282
train:1912,-0.7598691130562766,0.08904410422450161
train:1913,0.5686792435790807,-0.12045686178985865
train:1914,-0.6888294099193193,0.06679622223443915
train:1915,0.9003671653031965,0.32352383678446806
train:1916,-6.924388738518877,-11.293961610411483
train:1917,-10.278655609288924,-7.374729056170012
train:1918,0.14644988333957334,0.14148079687200185
train:1919,-2.9402497655513864,-0.1655699190948804
train:1920,0.9116306968762822,5.666825164335067
train:1921,4.521434261988625,4.727535549032661
train:1922,-2.107240078321177,-0.5132355613620863
train:1923,-21.46498315162267,-10.500945547467877
train:1924,0.4239742214815398,-0.05460620115990511
train:1925,1.3555701457766012,-0.1706382296919708
train:1926,10.81394306995061,1.0251087649211093
train:1927,-0.2869816394975936,-1.8156524331853725
train:1928,-33.82115213885099,-12.31427857129473
train:1929,4.051196347452314,0.34459712099534445
train:1930,-2.5403035035349077,0.8800498266987014
train:1931,1.0481411010885213,-0.5711706869488458
train:1932,-10.505270779212244,-12.136907815570778
train:1933,2.4582295320311798,-0.0364165199016841
train:1934,-8.111679893676085,-3.2258502602723955
train:1935,6.332192829907901,5.530674252411066
train:1936,-1.4732778733865306,1.037377451920833
train:1937,-0.8881762984283245,0.285646678423771
train:1938,-0.743225567970839,0.2265745461812622
train:1939,-7.3757026926328955,-4.924034325981123
train:1940,-0.6271559141985252,-0.16741266877773053
train:1941,7.145179261697675,13.923987766678174
train:1942,-3.4739422708452885,-2.7340944536783316
train:1943,-1.9092663206373301,0.270814804650666
train:1944,12.965626752686827,5.2943611857817094
train:1945,-4.865152768097224,-0.12955234439261418
train:1946,-6.78981215440728,-0.37901880903494733
train:1947,0.5976069281414226,-0.16032313982447227
train:1948,3.1944264061114063,-0.03895588231979455
train:1949,-0.2826710501195131,-0.02505130381172989
train:1950,0.1389148657109816,0.5625617248849428
train:1951,1.14763439020683,-0.20171974036802243
train:1952,1.7319783837600604,0.2826480908582506
train:1953,-2.1798844406905817,-0.08135959685158348
train:1954,0.7430491915479172,-0.2827503671474961
train:1955,-3.1264046489261896,0.05204281190683759
train:1956,-4.36432195439454,-5.470111374522869
train:1957,-1.1411715268299645,-1.4389552804167016
train:1958,11.301675791648155,0.9176717648702974
train:1959,0.8915679235350037,2.035421208520243
train:1960,-4.0163882236340545,-0.1705029872440849
train:1961,13.669487988173522,16.15916994697985
train:1962,-0.045875487793552855,-0.05202646573256292
train:1963,-0.9062824707614167,2.6755401203572693
train:1964,0.41894940416029036,5.285357006097358
train:1965,0.620489768624297,2.40994692109981
train:1966,-15.881817874285439,-5.9720765593242175
train:1967,-0.0026119873258579063,0.15496852049322835
train:1968,-15.356756078535549,-4.317417736105144
train:1969,0.11718513432886864,-0.025804124906132625
train:1970,1.0269825196027031,-0.030241018758135563
train:1971,1.3590930504075938,-0.04843469451903673
train:1972,-2.7429317725632854,-0.11942506748148879
train:1973,-0.42300853057011223,0.0888185574838818
train:1974,0.3627955131251184,0.02266788117048521
train:1975,-8.368648530778323,-1.8357791629218578
train:1976,0.5619704987654585,0.6774245054181975
train:1977,0.21655475566336413,0.1537529077311655
train:1978,1.5937291919107492,0.02360544801384598
train:1979,-0.7900965878689776,0.19836665220116556
train:1980,0.2699913260991308,0.07976401853359806
train:1981,0.5431392891810258,-0.2139394947099138
train:1982,-17.3001367216824,-6.414051161588237
train:1983,5.773960638023741,0.07940893577749261
train:1984,0.9223786360724927,-0.15315956991082075
train:1985,1.4583847982316054,0.046815648497805284
train:1986,-0.13230206676915462,0.07268333455056016
train:1987,0.29544015686700753,1.3931046069050719
train:1988,-8.215443673126032,-4.673842645111123
train:1989,1.1345430394906564,0.11792114873393233
train:1990,-1.9162140325219297,-2.745300174982699
train:1991,0.19063961366554544,-0.021044532301895652
train:1992,-7.235490390944671,-1.4104198372168308
train:1993,-0.9192536405673805,-0.2715050574683521
train:1994,7.201545735793555,1.0497198945593296
train:1995,0.734079557889621,-0.12406239977155042
train:1996,9.964293324508567,18.34790062625703
train:1997,14.510616744360952,16.928609313818594
train:1998,0.9211359143201149,-0.2203927564505444
train:1999,2.1702028468238272,0.6333085045143092
train:2000,-4.126150355515418,-8.21794802879804
train:2001,-4.34644080163801,-2.7588101536902863
train:2002,-0.09433861417916542,-0.2072315120930171
train:2003,-24.58142060204324,-11.730632654402712
train:2004,2.2010361078106206,7.81658433417799
train:2005,0.3509772199616755,-5.030715509060522
train:2006,13.29055874057455,16.370495116771764
train:2007,-0.2898428517477138,0.08068546470542813
train:2008,16.966270260712086,4.321484650657924
train:2009,0.7921592492161462,-0.05117271211508079
train:2010,16.315058027143188,6.153544473692672
train:2011,-6.52998056161812,-4.313993306021755
train:2012,14.576153231118225,2.7745607032609554
train:2013,-1.4392027497812072,-4.994705067398756
train:2014,-0.28753605240059044,-0.7460504422692804
train:2015,0.47300315122392145,-0.14634594696411446
train:2016,1.6440003784890282,2.8697793755779757
train:2017,-3.0642443856503117,0.047079998978746776
train:2018,5.623446716960586,4.674964469902135
train:2019,-3.837384220645829,-2.050588109694119
train:2020,-0.1562896650388183,-0.21596841674982203
train:2021,-3.063125331681747,-0.21783656005685326
train:2022,0.9412458766841642,-0.1508704345534612
train:2023,2.8133627269504555,-0.46061002146734037
train:2024,0.04499081111258847,0.2351847680387816
train:2025,-3.225997662629566,-4.558458011334865
train:2026,-1.0159076847392727,-0.10878449697596107
train:2027,0.07867168554244731,0.765562672078193
train:2028,7.49205391271558,0.3276560071462978
train:2029,-3.337698496234616,-0.5145524632992535
train:2030,0.007097095994674313,-0.12658385825800508
train:2031,-1.0978766444998356,0.09154280831176026
train:2032,-31.223693516949442,-13.734345958539603
train:2033,3.775481348023336,-0.09115447407539443
train:2034,0.6162385723266003,0.14211620811976947
train:2035,0.7440864202159138,1.6441208672569074
train:2036,-0.09826216058722928,0.19574875500714672
train:2037,-3.7903667520563324,-0.2925254145187161
train:2038,-0.7913355902895115,0.27344447136151034
train:2039,0.22863816744981244,0.016639035339623034
train:2040,-2.7660251039827064,0.1135968855914293
train:2041,3.540212222731979,0.2585733658656537
train:2042,-1.5161045848207952,-0.24977688880914217
train:2043,5.540933340001358,0.2415587816994538
train:2044,1.7319432825657826,0.5820842147606466
train:2045,-0.1944527992571825,-0.3762165940744005
train:2046,-3.047193573727956,-0.1322115418911298
train:2047,-10.749160385885043,-12.370680949138784
train:2048,-2.111573564835922,0.12136854720773226
train:2049,0.5999065212830982,4.3595976273375605
train:2050,-3.5915577719152663,-2.7368506605276512
train:2051,15.563805065300194,8.841133185329262
train:2052,-2.131784181618,-8.824892167893793
train:2053,2.0154142511807107,0.09852819487371403
train:2054,-0.5708717303196931,-0.06846313095742768
train:2055,0.32854639452696777,-0.09051235776955649
train:2056,-1.7809600650982431,-0.16888435769375454
train:2057,-3.30358338981197,-0.2680911129544986
train:2058,-18.875614076481824,-7.331792146860825
train:2059,3.6444409186624256,-0.06333932530524486
train:2060,-0.6575286754113828,0.09122310543653636
train:2061,-0.43507195094789897,0.13405230583416883
train:2062,27.51869719954485,12.653861455895742
train:2063,6.3558333680248715,0.4244382419409864
train:2064,2.749740301343403,7.981451725869759
train:2065,-1.088408852832683,0.2404485952759855
train:2066,4.821018073526499,6.88938950234791
train:2067,6.68481152404239,5.01932712210047
train:2068,-4.5389464441364495,-0.39925845480255245
train:2069,0.749139829900714,1.5794290403866342
train:2070,13.06606173013639,10.550318682062427
train:2071,8.342266672015509,0.4046277912202849
train:2072,-8.18911638266825,-0.22165387801099923
train:2073,-11.595059185162407,-4.228703255437925
train:2074,-1.9517968802735157,-2.987316820796103
train:2075,3.0645861586449077,6.223356967677307
train:2076,4.473117351836129,0.38066434165949287
train:2077,-4.186761517078268,0.11946124350835431
train:2078,-2.4935310459306352,0.05061399256422046
train:2079,5.9126582418184945,1.4664462440076411
train:2080,-0.7626823226797851,-0.13862671319548878
train:2081,0.1618276933068482,0.12009287424465678
train:2082,1.8366685092974038,-0.2631882888970154
train:2083,-3.2175505950953522,-1.430340564743667
train:2084,-9.91358459214071,-1.6167065125209412
train:2085,3.4610620515926906,1.7289983427781983
train:2086,3.370697165110769,0.44605877301904656
train:2087,-1.9269452347248421,-0.7991958738208915
train:2088,1.046069665709651,-0.33115218410559083
train:2089,8.808336145387651,17.273549456975832
train:2090,-2.553200751620472,-0.38073266467595684
train:2091,19.237441198268776,16.292876223263587
train:2092,8.831602425737819,2.3590752175380776
train:2093,2.3869371467870706,2.707725255059529
train:2094,-5.630449462066698,-3.3502313700492645
train:2095,-2.485922222810764,-0.5681809443535457
train:2096,-3.4336316874034924,-0.6302024461821227
train:2097,-1.2092232117467447,-2.422847655306737
train:2098,-1.0542695707530507,-2.868197897657123
train:2099,0.8095803671152207,-0.11988835846198392
train:2100,2.231276135368295,1.954807721949228
train:2101,-2.385787581407605,-3.705812583024867
train:2102,-11.685866672133765,-13.690927996979076
train:2103,2.4799515922913646,-0.2644382829142898
train:2104,-0.13384837898329932,0.06368871314047903
train:2105,0.3786813605764602,-0.21810319311075482
train:2106,7.015588441922965,4.124822729561692
train:2107,1.2275051818908942,-2.325025423207103
train:2108,14.3329628588321,21.720103157745914
train:2109,1.2656320526237792,5.157049585507498
train:2110,-10.090126397448204,-9.728163352529073
train:2111,-4.0768529365055475,-0.3489996220806069
train:2112,-1.0360673931667352,-1.8357225265802852
train:2113,2.08614943402294,-0.12678957514603403
train:2114,-1.6019602463583427,0.36055301929048833
train:2115,4.757848011654974,3.070950234235264
train:2116,-1.8147604230635905,-4.10921084629835
train:2117,1.5409435045476836,3.9600840179205483
train:2118,-0.13070972782344042,0.9150523697377735
train:2119,0.1509122679485373,1.1718336960827698
train:2120,-4.209962709121165,-0.40795206190352057
train:2121,-1.157507994580031,0.10232097516853896
train:2122,0.3146953702816566,-0.13809515901740566
train:2123,-0.34482038785809943,-0.05325777118372646
train:2124,2.0018047510470196,3.5066460489292903
train:2125,-1.1710021954265581,-0.021382638421610353
train:2126,14.724258884812388,6.254869028677958
train:2127,-1.9447368910588754,-0.03335387763247094
train:2128,-6.362406065386519,-3.6099733361843196
train:2129,-3.2206487985214074,-0.2610955974750344
train:2130,-16.30862980004412,-7.106728170422078
train:2131,0.839943597540228,0.27473469572720643
train:2132,-7.596737005124288,-1.9562747628773978
train:2133,-2.4865972815404507,-4.166848952078676
train:2134,2.0105500625034742,-0.14604436201176133
train:2135,-30.186736360177438,-12.848937048603581
train:2136,5.331035636883874,2.357109351576192
train:2137,1.9368587082199826,0.06741251693366596
train:2138,4.78835815568782,11.424129838788186
train:2139,3.2666804710954307,0.02770066922588406
train:2140,0.7410635332596995,-0.11313686429803532
train:2141,0.9203683372108086,-0.27912064815850823
train:2142,-0.9574037571242907,0.11756756391633197
train:2143,-2.842983658832915,0.07363202893710141
train:2144,0.9862867528568124,0.748663215185668
train:2145,-12.71088477368652,-4.715801471906907
train:2146,10.770605415304276,14.83779074295135
train:2147,0.17237525349996308,-0.03075367037889286
train:2148,-2.664724452046452,-12.543633784898464
train:2149,1.9068141780423584,0.09619597595173261
train:2150,-0.29769842928961066,-1.7082408267587417
train:2151,1.0073974479451389,-0.31393074176488195
train:2152,-4.385586769296152,0.021796223621347297
train:2153,-0.89880800850441,-5.00470273696399
train:2154,-7.907224502879341,-0.81733105864969
train:2155,0.5046725645008949,-0.09852047967844474
train:2156,-0.5961404059513759,0.08431011923566074
train:2157,2.3097047561298467,-0.3973891702090412
train:2158,10.706259114737085,1.0422243529407937
train:2159,-1.458737145542397,0.0950505523081928
train:2160,-10.317494732069935,-5.181137067131063
train:2161,-0.7054896919980548,-2.246189205007145
train:2162,0.20415427083721452,-0.023828272687546698
train:2163,24.391873514949893,7.4993472083942345
train:2164,2.0520201476476387,0.0032440412449005473
train:2165,0.0733263083078928,0.23793583909894125
train:2166,-9.861037871848621,-9.42225977213545
train:2167,0.2799086920029273,-0.9845764633834528
train:2168,1.1601604024827146,1.1067442735350095
train:2169,-0.8751746765928877,0.18192021471081538
train:2170,-2.7524011914381195,-4.467689215003558
train:2171,-1.075479525509964,0.11803049824480209
train:2172,1.0496420839458172,-0.36308766239033957
train:2173,-0.14618865712522416,-0.025449826784482224
train:2174,-2.5790552220175855,0.1131209691292486
train:2175,-8.521827353107707,-3.020654369521593
train:2176,-22.051387887475716,-10.06451074977802
train:2177,-0.6137863109687723,0.28385728388386317
train:2178,14.806991702350413,9.295369198891695
train:2179,4.360389052809173,0.2500014484356209
train:2180,-15.487643085457895,-9.908682917651483
train:2181,14.910415162936632,2.8751716688745903
train:2182,-0.26551807280056716,-0.17552750097250341
train:2183,-0.10371981515182468,0.19501569243492983
train:2184,15.18096494026725,9.456271190708533
train:2185,-0.6877863697953165,0.17156710573745015
train:2186,-4.422006931629119,-0.745307464770768
train:2187,1.0657170361756023,-0.3864115635398738
train:2188,1.9223547087778083,-0.054256111532149875
train:2189,2.9097903567963437,-0.14852238028156908
train:2190,-6.009504702031887,-0.3245969198858058
train:2191,-0.9447882484259097,0.04207403115562909
train:2192,3.401682221328446,0.49357980213616304
train:2193,-14.921964326305558,-5.211813706428317
train:2194,-2.4609752693835873,-2.282139871789518
train:2195,0.4403182441244148,-0.06238271324374825
train:2196,10.054059398563604,4.212570540580307
train:2197,1.4305648934131763,0.06218364159491357
train:2198,0.22137036056838832,-0.23716909706403394
train:2199,-4.352700437131468,-2.0192585118694666
train:2200,-6.930173229369264,-0.7403034941989906
train:2201,-0.9224392482917699,-2.05429315359079
train:2202,3.2818446519399154,0.3564430326846146
train:2203,0.0013098156454040555,0.17618204028034085
train:2204,11.901213488242382,7.561940494749316
train:2205,-1.9085587177540084,0.3024591122221921
train:2206,-5.241024724920426,-0.599579732671051
train:2207,-1.62178056575504,-0.21383877617804942
train:2208,3.4260787136427093,0.5088296720825862
train:2209,-1.9946524165295716,-3.619302497193865
train:2210,-33.34753242183552,-12.295818262479928
train:2211,0.2530739452066786,0.17353924877497592
train:2212,-5.376963049403409,-3.7180323373667585
train:2213,-1.6723162898107238,0.09815164166570266
train:2214,-8.672186921899334,-8.114855050411917
train:2215,7.454831769453748,0.20174043769700228
train:2216,-0.6425585971975069,-1.741847719093523
train:2217,2.360676339386,10.46824306484966
train:2218,0.5627220362561876,0.20935181989326324
train:2219,0.10736609826069804,-3.485461263783865
train:2220,-1.0053392033045352,0.1838800889186806
train:2221,-15.625481523596683,-5.918150773141872
train:2222,-0.552803681138002,-1.376850179353461
train:2223,-0.5137941664668867,0.10041574005090612
train:2224,-18.752150855920114,-8.853674842277405
train:2225,24.79446143240858,8.672422511415926
train:2226,0.22625616786196812,-0.13128524525175952
train:2227,1.769768422502823,-3.448373733006552
train:2228,-0.1667035617437893,-0.4162380870703008
train:2229,-0.355110384321017,-0.027744454583027003
train:2230,7.685271807262146,14.308560224141617
train:2231,13.778127811670958,9.347579631494526
train:2232,-1.1021290030887334,-0.026435826972840096
train:2233,5.683536242232315,9.053002748772156
train:2234,-0.8422076814188374,0.2855252740744557
train:2235,-0.3486019022813704,-0.13826021757458284
train:2236,-2.7850722672723314,0.17723987018653686
train:2237,-0.13872628269671056,0.007706614042704604
train:2238,-0.9541900219528311,0.1732027119241713
train:2239,0.7387372074203952,-0.287118213167456
train:2240,-1.5083421068041187,-4.515860920075113
train:2241,3.8309235681559817,2.7128105422930098
train:2242,2.4096404132793516,-0.30688914684378577
train:2243,0.30774951806297907,0.522206405593628
train:2244,-0.8074974819011504,0.022386768044367983
train:2245,-1.4913515015659877,-0.20422186831472122
train:2246,5.308966981387476,7.907184790753489
train:2247,-13.736209720116404,-7.111636272929531
train:2248,-0.9094250737113597,0.1361374362332195
train:2249,1.1190515574438993,-0.23494201915902707
train:2250,7.038254980013286,4.040093906604428
train:2251,-1.5636550801551854,0.005610142109258434
train:2252,-9.654893904394699,-3.525333818894119
train:2253,4.7954885797492555,2.8385606252026983
train:2254,-2.897336114735268,-1.4417032129390412
train:2255,-4.581322186584629,-0.6202799588637613
train:2256,-0.8708386330374999,0.1522946289312821
train:2257,-3.00283310282452,-0.16246882973737053
train:2258,-6.84078094816455,-0.502547591802434
train:2259,1.545310697507265,-0.2405688468272918
train:2260,2.8908647691663694,0.16758729712070708
train:2261,30.73145976572736,10.057452974366514
train:2262,1.505720967068485,-3.3862118529409293
train:2263,12.5416508174592,7.503605918894539
train:2264,1.5507839267739572,0.22240685327774096
train:2265,9.32640187793897,2.227911727531894
train:2266,1.2828718530954588,0.024302346070726275
train:2267,10.274944937781237,4.176243391920328
train:2268,4.218416112409293,1.1753300272144018
train:2269,0.2551065600594268,0.34446573038932876
train:2270,-1.641506739564436,-0.04725902678377561
train:2271,-2.0822838265643906,-0.07577735068644573
train:2272,-2.351562987153801,0.27588910700177666
train:2273,0.38531246433783883,-0.42406959489640145
train:2274,1.3929027067025515,0.24689615058421588
train:2275,1.112971612170154,-0.3456955977208633
train:2276,-1.5456114390887206,-7.500639204508528
train:2277,-0.6061251847448448,0.0604137202555716
train:2278,4.532052954403256,2.505405691560071
train:2279,-0.06380568923877547,-0.04853498506847109
train:2280,6.189944658951565,9.856917526956995
train:2281,0.892940124527201,-0.1814549149674512
train:2282,-1.2091862508865452,0.10487660091899009
train:2283,2.581538400321367,0.2597009569079427
train:2284,0.698121754996511,0.036679455286054506
train:2285,10.424748466462187,11.054405518430189
train:2286,0.8348971616026353,-0.08762190709802081
train:2287,-2.303723081310299,-4.504696570405647
train:2288,-17.38676553932702,-16.6051174272998
train:2289,-10.131420279246258,-8.572746604569948
train:2290,3.593046958783738,0.0865809226789345
train:2291,-1.750541277153816,-3.605072652038986
train:2292,-2.837733357018623,-8.8425313210862
train:2293,1.1177160848536616,-0.41991331485768063
train:2294,0.24773507680285106,-0.12552802560314916
train:2295,17.297990029215114,4.434672878603325
train:2296,-5.017983367982713,-0.033052292680117806
train:2297,0.9114089317150834,-0.10475211785073071
train:2298,-3.5382425446809105,0.0038477817928468105
train:2299,-0.3942002133141388,-0.012014887662957996
train:2300,0.5686966779470994,-0.05687222546604365
train:2301,-1.1259743369153639,0.01002399624044538
train:2302,-7.604955798666576,-3.795543093980949
train:2303,6.56313497751524,0.3402164355024839
train:2304,-0.1578391154392063,2.2144288543782076
train:2305,-0.31609796392189854,0.7212866057454774
train:2306,-0.49633120608456704,0.048716746451947956
train:2307,1.4284341811830426,0.6523624249595479
train:2308,-9.42128453093873,-7.630927898427753
train:2309,0.3245409065892157,-0.036503542995787897
train:2310,-1.0142955868431374,-0.16690101578264327
train:2311,-19.116874115540913,-12.222592180633464
train:2312,0.6892440585722337,-0.12478233754924675
train:2313,-23.506556015117145,-8.90024389580935
train:2314,2.334437847975993,0.06539907359164339
train:2315,0.6485418992247362,-0.16805121856331834
train:2316,-6.984337859013495,-13.531839509379036
train:2317,-0.3996067270658792,-0.16439282475151923
train:2318,1.6705187496202965,0.36466571645175216
train:2319,-16.52617723893176,-4.264664907102669
train:2320,5.544919068988689,4.142774024606393
train:2321,0.2376460404886298,-0.05505458408575459
train:2322,-7.838935710557505,-1.7799243172666088
train:2323,-1.8998949991398812,-6.636076462773851
train:2324,0.5856777523973803,0.06376803255084247
train:2325,-1.0924294505560517,0.24546112549636348
train:2326,-0.9101966026107503,0.20222962161451352
train:2327,-0.09074852911674056,-0.01882173422118899
train:2328,-22.565591093907038,-7.067720139820461
train:2329,0.6761086570195329,3.037014936715848
train:2330,0.18959052962729606,-0.34254236583729614
train:2331,-0.21541495352998913,-0.29065149344887964
train:2332,-1.8684159691616729,-9.309255861956576
train:2333,-6.12286203305696,-11.040588022835104
train:2334,-2.9763203106910177,-10.35406197748549
train:2335,0.09868401544559141,-0.230961354577424
train:2336,-3.6245068678048176,-3.2624262093850263
train:2337,0.14629297402740443,-0.014191820293247656
train:2338,-0.015575486009893669,-0.7208350014398739
train:2339,6.021936860560138,4.734499679133924
train:2340,14.639859806608248,5.644819449069989
train:2341,-1.520202358679927,-6.132837031617528
train:2342,8.079970092046736,7.730747036726977
train:2343,-7.503424548155993,-1.865818108398384
train:2344,2.6069265594885382,0.5114066969545383
train:2345,-1.5764488843238382,-7.388122623656635
train:2346,6.638099970497063,6.049451728350025
train:2347,-0.99526516054681,0.2541710672600772
train:2348,0.508372602310958,-0.13310146002394851
train:2349,-1.7975475877477805,-0.10038890830709599
train:2350,-31.072792785374514,-11.449271298476075
train:2351,0.08872992113983542,0.11191199009485103
train:2352,1.1879686843891313,-0.23475584680196898
train:2353,0.8913173335520139,-0.05526229822512363
train:2354,-7.5325394778308565,-1.5994021842496189
train:2355,-1.106354164063522,0.20749202224361737
train:2356,2.2064935299169757,0.07155289029207099
train:2357,0.7264637610225423,-0.31170951295308535
train:2358,0.5213474914487661,2.4477035310760518
train:2359,2.5350453575218754,2.8576047020520465
train:2360,4.546443049307707,8.364464615358214
train:2361,-3.281231135262467,0.15420785305427528
train:2362,0.20351733525892882,0.03791332863179816
train:2363,0.3545215107507711,0.18148103340721128
train:2364,1.5533418972496706,0.21450915083579752
train:2365,-8.933263561023274,-0.4785446251972703
train:2366,0.15915500468957094,-0.0203740264948665
train:2367,22.025258943278295,9.237441491667056
train:2368,-2.411275000243363,-1.910080907275769
train:2369,-2.623266919647261,-0.029061641841814284
train:2370,-33.65781396158971,-13.32745678524527
train:2371,-0.39320087533930304,-0.061809858761168346
train:2372,0.42168555387715595,-0.08460570092246464
train:2373,-6.68791176021118,-0.20629722644828646
train:2374,10.14421414279634,5.5310297631496015
train:2375,0.28591529670187366,-0.02819183888320645
train:2376,3.3003480954055955,3.1957153869126693
train:2377,-13.466431704143417,-13.111886029747575
train:2378,0.11982585993811148,0.061540597993810606
train:2379,1.9628492829167623,0.46713262787316295
train:2380,-1.2899954764864994,0.08975327111104245
train:2381,-9.698521666924865,-0.028825252879634
train:2382,-3.881959947879736,-1.3198536192357324
train:2383,10.612225107391053,17.007492752746664
train:2384,-0.08405349933929307,-0.028085128597321818
train:2385,-0.5461669983788574,-0.5852605818491083
train:2386,-3.837151297489098,0.011009782437588253
train:2387,0.04768105032700462,-0.060270477290796404
train:2388,5.925332329993419,1.0132248341259726
train:2389,-9.925183328496237,-6.464644391248837
train:2390,3.1493202091732475,0.13813326096520628
train:2391,11.568240304907922,8.716771192100936
train:2392,-0.6127569858809442,0.11364710219655148
train:2393,-9.30406792820902,-11.092881769350978
train:2394,10.472993779476685,3.603153804325527
train:2395,-2.0325031268730394,-5.292318342801297
train:2396,6.953034394388102,6.951181605593997
train:2397,1.6424624347715326,-0.12598739341136914
train:2398,-14.433298052315168,-9.558836383916509
train:2399,1.1181161454851323,0.2031308099513227
train:2400,10.308257133442059,10.297231557392543
train:2401,-2.5970033227473075,-0.21125048110210687
train:2402,0.23744415050697243,0.11185114525938339
train:2403,2.8199543128109914,0.35604964550102247
train:2404,-22.68266264269483,-14.242584795121784
train:2405,-6.54257607890784,-0.9606077353726905
train:2406,4.668498967682946,0.9765377522423473
train:2407,0.5556697181634754,0.06760296911502423
train:2408,0.6667572107016257,-0.12414564235418907
train:2409,30.40557376922165,11.145617133915755
train:2410,0.9672302912375774,0.12769961996459256
train:2411,5.288666403266422,6.798580190346561
train:2412,0.002825210913595444,0.14525010946358075
train:2413,-0.34557366878563034,-2.7197290807539467
train:2414,0.31837518422481803,-0.04422719924952376
train:2415,-1.3588958664384334,-4.107866696146471
train:2416,9.016955328183759,8.74768636027252
train:2417,0.14068364046104576,-0.08710205110635819
train:2418,7.2031431888205555,2.2808120678119144
train:2419,-15.531120215048379,-6.751377782637065
train:2420,3.605434425948433,0.6318232628213347
train:2421,0.24214422366659227,0.009024086623111896
train:2422,3.4966197938543297,2.916899955801405
train:2423,0.12064225327787037,-0.04453905578019732
train:2424,-1.9871644716946304,-2.885313200355187
train:2425,0.13938919675021222,-0.1841830176371998
train:2426,0.02130773313765265,0.2749106678363491
train:2427,-0.7306488797985797,-0.12446035210106274
train:2428,-8.422363121269429,-3.0605406200696073
train:2429,-1.5351733667267635,-3.808625946223378
train:2430,-2.089899390973229,0.03522260309427115
train:2431,4.653191127645987,3.249704799816277
train:2432,9.23508112317314,17.39835141614222
train:2433,3.3190305317162676,-0.5461173087996063
train:2434,0.1253298899216368,0.013127011518890314
train:2435,-0.4805956428855471,-0.08627504639075223
train:2436,-15.374389430807973,-4.360197433201704
train:2437,-3.2400813775733677,-3.8194239429327475
train:2438,0.004643964185313404,0.18913378723837404
train:2439,3.81524216772694,1.6937044863650936
train:2440,-1.0263350640221782,-6.0540169340891
train:2441,-7.138788692833527,-0.10081846000602465
train:2442,15.842371862420562,5.699834022554302
train:2443,-12.899830550693768,-11.989638490758134
train:2444,2.4560955653856826,0.5739815800651293
train:2445,-0.3748873502559077,-0.3805790189835802
train:2446,-15.496591797874569,-22.873990641640642
train:2447,-16.160416285726484,-12.117809527613627
train:2448,1.2111615079353792,3.598051683116465
train:2449,-0.529573664273314,0.07694004779952526
train:2450,-0.5672244605301666,0.07067146047744767
train:2451,-1.1989948167174935,-0.053955525205466814
train:2452,1.4593846011229217,-0.12578795359898048
train:2453,-0.3985120812125408,0.16878671788083427
train:2454,-11.832438101442275,-13.625899775918807
train:2455,2.8377713070932122,-1.0899921024172867
train:2456,-1.033763267089375,-1.5509714071470928
train:2457,11.624145581855148,1.6798150299028896
train:2458,16.9180007720406,13.230564927129619
train:2459,3.5383520918934965,2.6296076193595717
train:2460,17.447951629499435,10.547741657190475
train:2461,-33.94992656528594,-12.804454266757167
train:2462,-0.31442891375690174,-0.0494206947073946
train:2463,11.098228339781135,12.094862761826873
train:2464,-11.849093269439726,-14.31192479650368
train:2465,-2.24084707911269,0.13667284225317278
train:2466,-10.675406035418442,-5.718300097620381
train:2467,-0.055645242714790405,0.12627829031450075
train:2468,-7.233998009042264,-5.728120867781208
train:2469,-4.195525192735703,-4.880693971901238
train:2470,-0.8517747327545767,-1.3303808457277102
train:2471,3.5050752298851924,-0.005230438851897973
train:2472,0.5690123562373594,-6.048328762272533
train:2473,7.442239971495873,0.2278420874781673
train:2474,-0.9241148072874937,0.15836456107542604
train:2475,-13.094465045756419,-2.948106211844278
train:2476,-16.856072675165304,-7.433697046021217
train:2477,4.437739067335963,2.942699307326167
train:2478,-1.408233035807387,-0.43515348386902336
train:2479,2.9189315446359445,1.3132756121282805
train:2480,1.720115109927129,1.0125168085259117
train:2481,-4.629132802689859,0.2717741985979577
train:2482,0.18046805467603533,-0.1636132547552403
train:2483,-9.915258291470511,-1.7556490111751433
train:2484,0.40988295164492994,-0.16185916876580903
train:2485,3.3178580123524455,-0.03650454162145794
train:2486,-2.0522620772943108,-1.151096009915904
train:2487,2.3294669609664815,-0.05074337440736712
train:2488,10.882568461804329,4.618223129973507
train:2489,-3.6471896779719564,0.5024628627928194
train:2490,-9.258900362295435,-17.115116127634217
train:2491,2.8376392708127502,0.19688526235006115
train:2492,3.972293976797133,2.650605863984385
train:2493,-0.6835935205159227,-0.2500325369806733
train:2494,5.702007838919081,1.4558699421970214
train:2495,-5.644799109237346,-8.768429872509538
train:2496,10.88125925699524,1.8773219309767883
train:2497,-2.5714687148887783,-2.636265373859817
train:2498,-13.61103560690645,-9.64902198285651
train:2499,1.9941357212429236,3.788600588503931
train:2500,1.7044355691640094,0.0936616066619724
train:2501,-3.0687047943642334,-7.919879950733199
train:2502,-3.220480963671947,0.034978153796325524
train:2503,6.447320097974241,0.5059345136043203
train:2504,2.693852226305957,0.009086144075464597
train:2505,-6.703103371128014,-6.593939595287179
train:2506,-9.66279004589952,-13.335527963232181
train:2507,-1.7619303361766367,-3.4060071816157698
train:2508,3.9528583757880495,1.797172948003153
train:2509,-1.7048516100326294,-0.08218175109964923
train:2510,-5.135305506753495,-4.004884422548913
train:2511,2.2198508128599954,-0.07519615054648046
train:2512,4.688612649378839,8.095943873618618
train:2513,-3.467631959455455,-2.0787219627138223
train:2514,0.8110383451980703,0.2804201569883837
train:2515,1.4084797333817205,-0.2406776970253265
train:2516,-0.7306505070062614,-0.44207724096105444
train:2517,5.5211897318239425,0.3282339260876329
train:2518,-1.078472425353186,0.21313233135842763
train:2519,-2.245560169933764,-0.08361941541248674
train:2520,4.865907619384744,9.313929940916742
train:2521,3.399535004563254,1.6791931714320727
train:2522,-4.659049713293586,-0.13196602263710913
train:2523,-0.610684388210873,-5.240498230174644
train:2524,-0.8936662646883148,0.11786301445385482
train:2525,-7.176301873812152,-3.239811047139603
train:2526,2.0669158392246345,-0.02820517766894204
train:2527,1.9399445913593047,2.4213438078895853
train:2528,2.1293508681404885,0.13373288828056493
train:2529,-1.9885190058605686,-3.2055182416303114
train:2530,-0.28653485475983265,0.29125916868063007
train:2531,-5.294173047138282,-9.625189638580114
train:2532,0.38816833004843326,-0.12996035430923192
train:2533,0.8534761539963963,5.745160785752713
train:2534,1.0259529620566348,2.732567352549149
train:2535,-9.924480374777719,-16.293729965369536
train:2536,2.3821805862750702,6.563141349160923
train:2537,0.6001658284500972,-0.09606036534029275
train:2538,0.4344599477827481,0.047918416559153236
train:2539,-0.6623310301967128,-0.2031088286750528
train:2540,-4.994555761613812,-11.62896685475989
train:2541,0.3311896771768534,-0.006260307239332755
train:2542,3.707208130403597,9.164063618718746
train:2543,-0.8464760796263125,0.2010952541837492
train:2544,17.108551440738538,16.89019246961364
train:2545,-0.5247129624696812,0.1998737209980711
train:2546,-17.95531004366516,-11.458832996605931
train:2547,-4.694726474174233,-0.24411639318971606
train:2548,-3.7023636412953533,0.05320606815162817
train:2549,-25.976969699891207,-8.084222921287385
train:2550,-9.7138992444339,-2.3190219710004216
train:2551,1.6248864996844516,0.06487194189867047
train:2552,-1.565994539885064,0.45820976485051496
train:2553,1.2628402291583738,0.16801399560343566
train:2554,4.430598880028437,-0.06732498301519818
train:2555,-7.6423592593558025,-0.64163885001627
train:2556,-0.5269564169463363,-0.05425989204361503
train:2557,-0.9588789371169187,0.13130587125033438
train:2558,0.5764621779208994,-0.10476217543783617
train:2559,-1.3615365920476763,-2.1101151872597375
train:2560,-0.013755802905214692,-0.03867084602140214
train:2561,-4.900079618694825,-5.060469988881896
train:2562,-0.6776170191590888,-0.317771884074299
train:2563,0.15441727329503058,-0.05832451251190679
train:2564,1.440521312301335,3.74877996192852
train:2565,0.725542993932911,-0.07330760674361833
train:2566,-1.222123946705913,-3.566080028804851
train:2567,-4.151580357165834,-5.339662329853196
train:2568,-0.02707101090674907,0.378551107080871
train:2569,-0.9250897371471033,0.1177107240391732
train:2570,0.6889820781354717,-0.12411582624489775
train:2571,2.0303357456223745,0.01151751226040032
train:2572,-1.1180826121171084,-0.2762478874274133
train:2573,0.9987088562993054,0.1881686868586821
train:2574,8.0739912661075,10.452488746279053
train:2575,0.8867934637385039,0.25089443377585474
train:2576,-1.4255118892634284,0.9807637934171609
train:2577,0.46080304540086753,0.42898141809644397
train:2578,25.1277526186157,13.250548853395289
train:2579,0.24566747698494518,-0.07183263662896419
train:2580,0.5123743709168662,0.36070837691258506
train:2581,2.2824513520429073,0.13371912151239934
train:2582,-1.1588450943779507,0.0364310828158337
train:2583,0.37411146403138046,-0.11215928109746781
train:2584,-2.2817792558889156,0.044335561646252436
train:2585,1.6154356774688372,-0.35729335093112763
train:2586,-16.347963593960387,-10.917329082989744
train:2587,10.666501316990603,7.032264303569123
train:2588,0.2026623538512884,0.019095155175094844
train:2589,-1.1418510022662156,-0.00057477464775052
train:2590,-1.0697285086461732,2.474735471999267
train:2591,-31.57167420427446,-13.699133846770632
train:2592,0.08626353921078025,-0.26444513063317004
train:2593,-3.824478604063615,-0.7807197296561781
train:2594,2.910525389752015,0.5557085848938648
train:2595,-3.0851837590155737,-2.8146424589375543
train:2596,-1.048466018326963,0.062203114795479415
train:2597,-4.46835027132189,-3.8353905407886417
train:2598,2.7185678837840848,-0.03230417939244529
train:2599,1.3568865567911383,3.4156119034913717
train:2600,-0.08631194737244438,-0.04483892880283036
train:2601,-21.510399912769802,-7.385390383823395
train:2602,12.15465247942466,3.7621641138016817
train:2603,-0.18767199238908266,-0.07074869979453707
train:2604,-18.208799245827333,-8.054100376576194
train:2605,-2.5646335127924598,-0.6502993598093165
train:2606,4.461564177295692,0.36995550795637716
train:2607,0.2728117419280871,-0.20326418629714954
train:2608,0.8459940206174615,0.013017733338425569
train:2609,-1.3208043293580665,-1.6613957245594346
train:2610,-0.05467228875022298,0.023271764379241472
train:2611,-1.9529798602581496,-0.018022691024344242
train:2612,-1.7504317893226582,-7.110210235472709
train:2613,14.17030345963235,15.947546901416649
train:2614,-0.7977360954765619,-0.0016652025490329347
train:2615,0.354588342494843,-0.05500579408873246
train:2616,-12.965447003085686,-6.389011906859188
train:2617,5.216986510135816,0.06039253512528568
train:2618,1.6800502348452775,7.72299827217068
train:2619,2.0118192844952407,6.558638973997128
train:2620,-8.360253998806405,-4.42103855948829
train:2621,-4.107019042342822,-1.656207721542749
train:2622,-6.4983681006100085,-4.9301219480657075
train:2623,-0.7767844018245665,0.10756875306461716
train:2624,2.3706178809467824,0.08013778985581431
train:2625,-3.2146276651824457,0.07000230994811357
train:2626,8.218127462891148,0.4118157561324475
train:2627,-1.2014918831342616,-0.329522783664105
train:2628,1.5868767879046524,2.0750908999586684
train:2629,-1.0202688337846078,0.25444704459703427
train:2630,0.10400080031659516,-0.15986519862435233
train:2631,0.9260314848597851,0.8109248151574855
train:2632,-2.1717972185122756,-4.974981354450538
train:2633,0.2797273745755321,-0.2579527798305977
train:2634,0.40142065809597993,0.07853057317028442
train:2635,-14.883530610695543,-11.08304844503887
train:2636,0.06283802496604173,-0.06778320953693812
train:2637,4.200149078973948,0.9349608284349493
train:2638,-1.7414310062601683,-0.011609445640920368
train:2639,-4.4665761500323,-13.216755420539895
train:2640,4.09977314591741,0.040656553347407455
train:2641,-3.9431671323705886,-0.5930771102901582
train:2642,6.188310942439086,0.5302015453688056
train:2643,23.3070522766774,9.642457243204388
train:2644,0.1408003344976514,-0.03428809194679655
train:2645,2.6354480232760427,0.07098338833852623
train:2646,-1.7913411851913388,-4.118190773645
train:2647,0.14129663284058566,-0.005990464317206012
train:2648,-1.9412318857123823,-0.009609697736658401
train:2649,-3.7103662486742084,-1.8961117034207713
train:2650,-3.9497368671565414,-0.19207986411428318
train:2651,0.0574403446274309,0.21630261120879052
train:2652,-12.728750584199192,-6.23222653537589
train:2653,0.14241894122451387,0.014145395711119599
train:2654,0.2898472116065865,-1.1742405864272605
train:2655,-1.2303692404875894,-0.3881795589582807
train:2656,0.7255725161294229,-0.22495690374507288
train:2657,0.008036924660006078,-0.08993201359445127
train:2658,33.17863506514009,13.785304340054942
train:2659,-23.61624283052867,-13.363746271451408
train:2660,-1.2179327246342009,-3.407234635225063
train:2661,2.92249396716778,9.351762446443908
train:2662,-0.199805615155425,0.17637791357247937
train:2663,-0.39883438456264775,-0.026514433079153507
train:2664,3.0865997215383665,0.18210317719964833
train:2665,-10.931403926909395,-6.626545008735717
train:2666,-0.6695304943555033,-4.740936594700281
train:2667,-0.9078655113775208,0.2698454244466738
train:2668,-3.5386014602038567,-2.3464990136508566
train:2669,0.23123123911980398,-0.062222861806136315
train:2670,12.143029567412148,5.291396123506541
train:2671,13.76020249184878,1.755409423856267
train:2672,0.9440214280727521,-0.30686874634795486
train:2673,0.5126652924045394,-0.09384769617709654
train:2674,0.7201601909216763,0.40992920958092544
train:2675,11.986110956913619,2.3905330674309258
train:2676,0.7484152575658539,-0.006818681649697039
train:2677,-1.0623674860104084,-0.18739288586233938
train:2678,-0.8563167343108263,0.14535275391638022
train:2679,10.327287094821905,0.6200039573731306
train:2680,-12.958264973294915,-2.1470096979611117
train:2681,-0.4825766520089597,0.11350815056760544
train:2682,4.042236477040109,-0.02298315004906995
train:2683,17.783411186171612,6.157764951095895
train:2684,38.1250823451045,21.470086093707362
train:2685,0.8645383767334253,-0.025749771137520264
train:2686,0.3457334269781103,-0.06830848663938094
train:2687,-1.0045695340710665,0.25331267716626993
train:2688,-3.5269408899564234,0.14739551405485904
train:2689,2.4356004197175385,0.02127522634320464
train:2690,0.5670569175203742,0.4207478207773409
train:2691,-0.5549620558987256,0.23831096569885254
train:2692,-13.111469830947206,-5.378733131211216
train:2693,-0.36466465045354257,0.10537662705806183
train:2694,-0.12353873979908059,-0.03986641493965912
train:2695,1.0140880610160217,-0.36444379605025856
train:2696,-2.3230113037950635,-9.177845854070702
train:2697,1.8476647138942015,0.0628628497113531
train:2698,-6.082935005711577,-0.2149809186229591
train:2699,-1.8939933493364078,-0.0706411335437924
train:2700,0.5237197277905199,0.33636816015256665
train:2701,-0.2517640998705605,0.07900706027570514
train:2702,0.5505798125349559,0.6940587915301235
train:2703,-0.6037720099787915,-0.593464006406895
train:2704,0.3278708708808006,-0.04688525546155936
train:2705,-12.819197295981683,-8.400022026106278
train:2706,36.86213486615897,12.912479254847947
train:2707,27.303615677669786,16.136053189326446
train:2708,0.3419239013368892,-0.18683572406886018
train:2709,-0.0849996043771116,-0.6448261778334285
train:2710,-0.6692638647539362,0.19584747628767102
train:2711,1.7864528802385444,4.1961879438024345
train:2712,-16.208453316157716,-7.2864653836624145
train:2713,2.215515699137568,-0.07515463625076865
train:2714,-2.1325585000162732,-0.07900619279931614
train:2715,-13.800732688946185,-14.305409191989076
train:2716,4.55667260662816,4.732726119943926
train:2717,4.338976394466761,5.794278902637849
train:2718,0.2992511934867903,0.06598491020793387
train:2719,6.000200155430817,0.5229940359256722
train:2720,-0.12784723705299883,-0.11930237918488346
train:2721,11.426470533010022,4.422295056083947
train:2722,2.94995216696438,2.491426644109183
train:2723,-5.402931889254726,-2.7383608678623768
train:2724,-12.546560973486578,-12.326852124445438
train:2725,-4.403174094837006,-4.910254433021003
train:2726,0.948544135595061,-0.09011283617113411
train:2727,0.21886387959289,-0.0019346531539321532
train:2728,-9.196434183975388,-10.46927256507354
train:2729,8.58618789300898,6.728914351674612
train:2730,0.730850712932545,-0.15053332705941655
train:2731,0.6375805633639758,-0.05786642865097688
train:2732,0.1669495619434021,0.0868386394322107
train:2733,1.1102681228360436,-0.3998245328966571
train:2734,11.134452772275813,4.343744587486431
train:2735,-3.8997406786764777,-8.976432186714783
train:2736,-2.748375014716985,0.0701686524525808
train:2737,-0.2909825944996608,-0.13254850672436447
train:2738,-3.6032109034990114,0.13239023606719152
train:2739,0.02656500869915232,-3.333154585769902
train:2740,-7.900862585760171,-0.5405830679970356
train:2741,5.213074702868884,4.637615299199271
train:2742,12.26321419695337,8.862950588325132
train:2743,-1.1750460389739517,-0.11311624981098944
train:2744,0.5559807472889302,-0.21041349012980043
train:2745,-9.418232819160723,-2.927798730861515
train:2746,0.321342978578093,-0.03507536562681579
train:2747,4.745333854749342,0.3854784306931522
train:2748,-5.2447408023490665,-8.450961636213572
train:2749,-0.7536620131251143,0.0942388122992575
train:2750,-16.695975895606075,-13.578052481529207
train:2751,1.2583849345257376,0.5242026583080447
train:2752,-0.8971194318472321,-0.8296020282223737
train:2753,0.5302484336970683,-0.0638118179079854
train:2754,5.23567150348713,0.6374722029151503
train:2755,-2.0001484267038085,-0.1276973258801035
train:2756,6.309576037880993,2.677416110008851
train:2757,-2.0466086928914247,-10.02822354614484
train:2758,2.7454137885758656,4.1538091235819925
train:2759,-1.07233599272706,0.17475899870052897
train:2760,1.977335266845317,4.1023827547909555
train:2761,-0.2909563267185125,-0.22619434361106672
train:2762,2.0772999812748534,0.32223746426064215
train:2763,-1.7246379905262503,0.47215457370700137
train:2764,-10.75399923661409,-8.897192095761698
train:2765,0.2990365183019192,-0.04097110892194217
train:2766,0.6720755065511911,-0.09010827102521393
train:2767,-0.6983285834489056,0.08066221099339711
train:2768,-14.04941279503406,-4.091113466584202
train:2769,0.17870195319573404,-0.3294208525153556
train:2770,-3.411425881545347,-0.02568329120005737
train:2771,0.006274891198909172,-0.312943386298829
train:2772,0.9018716350340961,0.8673950995471011
train:2773,8.463524328793728,10.333432023253236
train:2774,6.795920518967763,10.079337142621467
train:2775,-12.92303732173443,-2.5535737472694415
train:2776,-2.8333547736052695,-0.06759489726772991
train:2777,-0.602845431433154,0.10330947192107194
train:2778,-0.8618415693068541,0.3493839618142926
train:2779,-2.415974143570022,-1.1281328979548755
train:2780,-0.4446680595636695,0.3328696177783795
train:2781,4.2885148245897176,0.35351384960316223
train:2782,-0.18463539039669363,-0.16823582165146633
train:2783,-11.17843264965853,-0.6262156471856892
train:2784,-0.28847657844064295,-0.4622213753163605
train:2785,-1.93574005978647,-6.18783733902084
train:2786,0.20908238553051983,-0.12023916139378918
train:2787,-1.761065591522906,-0.00785853629383225
train:2788,-3.439060052229816,0.2627780792493715
train:2789,-0.7242565106499381,0.15856892268575995
train:2790,-0.4397089116952908,0.19631055327695113
train:2791,4.5454988039358115,7.194456519751657
train:2792,-1.3960766321335,-0.18708859035459618
train:2793,0.7730493222016536,-0.45081621419960444
train:2794,0.7473109646955451,-0.1494883366261211
train:2795,-0.6064434200757475,0.8262440182575717
train:2796,-6.639332637163682,-1.6066393671412336
train:2797,-3.382591296508225,-0.09592134238094172
train:2798,-15.075410940527709,-14.583844289380865
train:2799,-5.414729609863906,-5.106476958822416
train:2800,-0.35683022661150854,0.08257600575963034
train:2801,7.907645079217381,4.873499242112128
train:2802,-12.11283109049805,-9.321540669627831
train:2803,9.758569641553017,1.3347718856408253
train:2804,1.0250338221746853,-0.2238448627310745
train:2805,10.043749410692024,14.371846842033328
train:2806,0.5396195227362768,-0.05585034608396919
train:2807,1.6504280812901881,-0.0029161951919773332
train:2808,2.2562656286534373,-0.034994334286732265
train:2809,0.857300092048513,-0.024590224073789843
train:2810,0.15232631142397957,0.025190837595444923
train:2811,5.993324970517175,3.1007024314836777
train:2812,-6.169504778963173,-0.23211804842495432
train:2813,0.08674589005929953,-0.015054775532975184
train:2814,38.969883941487886,13.577252379887815
train:2815,0.16078790759820882,0.03154131222246607
train:2816,-23.738807832450053,-6.148104020861152
train:2817,-7.5599630413496595,-2.7849225030322016
train:2818,-0.6375626046980485,-4.440499776546096
train:2819,-8.94513194893749,-4.515995877201378
train:2820,3.757862408161808,0.39984722747697704
train:2821,4.258154383663593,0.055197256407289765
train:2822,0.6413525469993966,0.3387174983717488
train:2823,-4.24129900973986,-0.24591349141336422
train:2824,12.642282919496495,10.505040423539418
train:2825,-11.704563753313574,-7.5936317975462115
train:2826,3.913999029140136,0.527981315182679
train:2827,-0.9993808336904407,-0.010336839885260019
train:2828,-15.789241845022259,-5.900734170813075
train:2829,-14.140489933564108,-6.549448824435404
train:2830,-4.7195367421561425,-2.300196307851193
train:2831,7.728778691507384,9.347044368135382
train:2832,0.26016601365847347,0.33307954316030364
train:2833,-3.425900126332769,-0.03921153049132564
train:2834,-2.6101195464951874,-0.6225685235778806
train:2835,-0.676877801955093,-0.07719482849466738
train:2836,7.179146524679521,1.8318707675520518
train:2837,0.38523319607791345,-0.007713022267625921
train:2838,0.3135218048557532,0.03370526271904517
train:2839,-0.8546430349810246,0.016153132620741903
train:2840,-25.568150041927897,-10.985257312995818
train:2841,-4.437014900536156,-2.7243721194764086
train:2842,-0.9535198448461896,-0.5306775573150648
train:2843,-0.27095155170817653,0.0831614857238958
train:2844,0.6621691824138065,-0.20220193390584335
train:2845,3.1241645082463263,-0.21124548797375664
train:2846,5.706499397037196,6.700557377148058
train:2847,4.175780016732033,9.949556891829102
train:2848,-4.8789589279021675,-11.829416705683407
train:2849,1.97388233214464,1.120876824017464
train:2850,-13.353319384103568,-3.0370780526127468
train:2851,-2.3682634845080996,-0.8509721895788729
train:2852,-0.04731440430070191,0.007587991579184453
train:2853,0.6660427503002165,-0.08314571019286116
train:2854,-5.043993120484314,-0.3905002223546516
train:2855,3.5664902320428284,0.017159889956955693
train:2856,5.791546568815153,3.2735827955518753
train:2857,-2.0754504841339942,-0.03147646137278928
train:2858,0.8137853042231076,0.24861549866641064
train:2859,-3.393899460063439,-0.01035317454800573
train:2860,-0.40240203740488845,0.2583824857018654
train:2861,0.27355095913208294,-0.09724609066265932
train:2862,1.8207713876214098,0.1082481038418667
train:2863,-0.3823522817250641,-2.4682871205450527
train:2864,-38.48469588076493,-12.559286528972345
train:2865,-3.8941110050140977,-3.1066988104687345
train:2866,3.8565062948702424,1.3002794976583354
train:2867,-5.612330736988633,-6.818563035144627
train:2868,-0.15086223004545546,-0.3491093282435017
train:2869,-0.205582434883884,0.030772584447747643
train:2870,0.08268740164277041,-0.03302226257961152
train:2871,2.2700529593409198,6.827684707517547
train:2872,8.438857720004293,1.3146278939463294
train:2873,-2.206454882467666,-1.9879417535177146
train:2874,1.7583231085858615,-0.11196169587560922
train:2875,0.6949354498974007,-0.191753170859369
train:2876,-1.4791337289166746,-0.14858515103797182
train:2877,-28.546033082829712,-12.97931533351149
train:2878,5.8833843107073,1.9671020878947525
train:2879,2.5129499693278485,5.19019825132054
train:2880,2.669576612276624,2.4797131929820035
train:2881,-2.210150038654684,-0.3056936492559338
train:2882,-0.9226858864846755,-0.2029710183325868
train:2883,3.665669005162078,2.064944863151027
train:2884,0.6949660181559937,0.019013196539746285
train:2885,-2.6030802460639295,-6.843528106252473
train:2886,-3.3739833678717583,-0.0652213067108467
train:2887,2.0187714130864047,3.065642966781413
train:2888,0.8509893157421992,0.03490261489742724
train:2889,0.7158497177727158,0.02104325986613456
train:2890,1.4044949342273507,-0.21758405042314227
train:2891,-2.1329950565914633,1.5873596974756892
train:2892,0.48553451003933196,-0.24744581117364084
train:2893,-4.002012076224018,-0.08313408333684566
train:2894,2.613929828892558,0.20701232526997151
train:2895,2.294351121819558,-0.056190449455023994
train:2896,-0.0223475756939841,0.06850080492279828
train:2897,-2.6232213578321724,-0.23948048750775447
train:2898,-7.652526982784348,-1.015670528210785
train:2899,-2.268492640250932,-1.2166062818531826
train:2900,-0.4285512648506392,-0.25219013907120713
train:2901,6.672888740899954,6.030568572894364
train:2902,43.57199176000257,16.754550571459742
train:2903,-13.975868586816647,-2.8461859053164056
train:2904,-1.9951129163035075,-0.250048942973824
train:2905,-3.8559771605340045,-7.139576677890867
train:2906,1.023459847429951,-1.6700442508444406
train:2907,-1.929083385618664,-2.093915909622723
train:2908,1.3398366747017434,0.05941916041861335
train:2909,0.3037723900305376,2.4624886121034746
train:2910,-6.829241721118527,-3.6263385283433713
train:2911,3.1052626313568576,3.998178163373265
train:2912,5.729334234893459,7.338865780645296
train:2913,9.580809755066612,9.02456074840284
train:2914,0.012218151027387353,0.21023232241262152
train:2915,3.47917519767299,0.5895128484592898
train:2916,-5.716152630998641,-3.0767135054567705
train:2917,2.065426711737591,3.5778894308382885
train:2918,2.8906485830029367,1.8278240510154158
train:2919,3.5476313599278058,0.31216974823769433
train:2920,0.1636355210412744,0.027608367681810048
train:2921,2.779507508840409,0.0880755799853695
train:2922,-3.5635930456131613,-0.3316455051865923
train:2923,0.6369429304109694,0.2506489145218341
train:2924,-2.2385731726065625,0.111336425056881
train:2925,-15.044412169273858,-12.565528224731736
train:2926,-3.3733445726275506,0.006993024671053574
train:2927,-26.96218351204943,-8.174635636236916
train:2928,1.186625308218725,-0.02804389962323002
train:2929,1.2869921754038942,-0.10696928082944213
train:2930,6.134762792048,4.1415217480161575
train:2931,11.17816421977247,12.24060276275625
train:2932,-4.258761272747459,-2.6664658113732704
train:2933,-1.698237475722789,0.10330504943596175
train:2934,3.1046700953024597,0.14250096432435622
train:2935,-2.0173714901821898,0.014338915099893018
train:2936,-0.21759889869714022,-0.03608255094545959
train:2937,20.253910415578087,15.897525456282553
train:2938,14.312822676896818,3.7680665621548783
train:2939,-7.186715073142402,-13.839760884269387
train:2940,1.5286989992007416,-0.177404061267325
train:2941,0.20302347772751717,0.10944873721887892
train:2942,0.09194877039258065,0.02485501404869031
train:2943,8.624225499777609,15.200594302094327
train:2944,-0.44890182149334734,-0.3177587592797784
train:2945,2.477066785529859,0.021027709837843883
train:2946,0.033199831792374984,0.0004953240881060139
train:2947,-15.205762363664519,-5.536055477983377
train:2948,-13.997479764496232,-1.335273683528493
train:2949,-4.310630144810978,-0.40146013908337824
train:2950,-6.442055556825865,-0.21442340017745481
train:2951,-0.6593306916898027,0.013138995026930833
train:2952,-14.39527160354207,-19.618614759395562
train:2953,5.421076476578887,10.297104874593256
train:2954,3.8019436967187037,8.172710796769437
train:2955,0.06274457675346112,-0.12623861909779008
train:2956,-0.858033903331555,0.09682075896915478
train:2957,-2.1392437665476303,0.08843144737592996
train:2958,-9.015897816267433,-10.169005798604882
train:2959,0.386563903274226,-0.022295382284030052
train:2960,4.8004669054224545,3.6988201462643473
train:2961,-0.81751991892954,0.12392595621830846
train:2962,-13.5324424057108,-10.700647855746961
train:2963,1.430060459031833,-0.015992913019575977
train:2964,-11.783222042816492,-6.657131486401047
train:2965,0.7203154730261634,-0.1716200213864335
train:2966,-2.3443014566448634,-1.3177189855356097
train:2967,-0.9524881951759588,-0.21708659217865062
train:2968,11.687469066165237,2.7422115086271885
train:2969,-0.32998164854996487,-0.09281490324305663
train:2970,5.092076004570304,0.07395315842042538
train:2971,-4.333552386965574,-12.759718119312181
train:2972,3.7167333392560913,5.7702108827033225
train:2973,-0.7517625968440296,0.1508921305081111
train:2974,21.212889920574625,8.884683536121477
train:2975,-13.997392360197898,-6.9236424226492765
train:2976,-7.4411871087443515,-7.929714416331786
train:2977,0.6366140020010154,-0.13943017887744372
train:2978,-1.779026012539361,0.0963360688671587
train:2979,-7.0869188909370475,-8.10802901597474
train:2980,-1.3851694590427184,-0.013796649849530468
train:2981,-0.5603832145196017,0.20665845513075112
train:2982,-0.18228988675256863,-0.1407126995593995
train:2983,-1.8966726630135327,0.21892100771564438
train:2984,2.8036018054423475,0.20171903857550133
train:2985,0.3565076339554692,0.005078944583200337
train:2986,0.44047364245802206,0.9934693078171235
train:2987,-0.013728256603745048,-0.048443610819662114
train:2988,11.05818787281451,9.144298819457246
train:2989,-15.495706596895696,-6.971061163965619
train:2990,1.6348120016266567,5.379274041183882
train:2991,-7.303780113099467,-3.991651491134357
train:2992,-0.8618043759884141,-4.253139910905508
train:2993,-9.083732850104301,-8.686435857280092
train:2994,3.0845313081166195,0.12448518659353278
train:2995,-2.1593937117290025,0.05293451329978136
train:2996,5.748966728032034,0.05391930087125419
train:2997,16.96860600111012,12.352641715216242
train:2998,-11.247240288772606,-9.632969788514613
train:2999,-21.531536875639276,-18.65046257965594
train:3000,13.954879759227639,2.3789007903046397
train:3001,-0.19003981202427173,-0.5082037719323576
train:3002,3.01151989418586,2.0609266787763922
train:3003,-17.323529459315264,-2.7569803861411466
train:3004,-2.6954177731726148,-9.561467049253023
train:3005,-4.574209429349452,-0.005285006611725346
train:3006,-4.240826189679191,0.16123404060789082
train:3007,3.1984993069388308,-0.10716957660669085
train:3008,1.969578832742887,-0.31549002441824975
train:3009,-19.13776188317684,-4.392127490375672
train:3010,2.2164659884237112,0.3790820906157141
train:3011,-41.3897506848293,-16.97243705704433
train:3012,-1.3555786873500626,0.29341570081508883
train:3013,2.40312763076226,0.15977019803641718
train:3014,2.8186823013203424,-0.1097534491975232
train:3015,-0.42670856838017546,-0.22787674254346985
train:3016,-14.635707810597712,-5.1484705948558425
train:3017,-0.3306894838915269,-0.03284144000292866
train:3018,-6.877450770647546,-6.937135282059663
train:3019,-5.760490785911013,-5.083359059882531
train:3020,-3.9956738698453544,0.1218134349437366
train:3021,3.9279421068485862,0.6158812026247613
train:3022,-2.7970996566228794,-0.22363472335793538
train:3023,0.9343272220795958,-0.2789032330840588
train:3024,-7.815024126132403,-7.373590622906162
train:3025,2.992221211080284,-0.05646578481833597
train:3026,-2.76616783334222,-7.655263550041852
train:3027,0.3158989228205522,-0.028833776863031874
train:3028,0.18949196733342993,0.06034816761337375
train:3029,-5.077652608756069,-4.140864712144146
train:3030,-0.20055017889894655,-0.2104161293547856
train:3031,12.371984197065347,3.5300478428810877
train:3032,0.26337905145521245,-1.992408178157389
train:3033,4.783400751256242,1.8243857828334564
train:3034,-4.534650150940145,-0.10774136113319571
train:3035,0.8849042756199901,-0.1419959335454053
train:3036,10.28439390033093,1.8485874759469587
train:3037,2.0037078866599485,-0.5035057018024358
train:3038,-3.952015422827474,0.0651945693204995
train:3039,-4.434523878033635,-2.8197411562871757
train:3040,1.2127285089329063,0.04446559697457309
train:3041,2.92044136090637,0.18327884493490945
train:3042,-2.28650234241432,-1.9245885130277296
train:3043,-0.42742175026126317,-0.5169692800815686
train:3044,-5.181089551920223,-0.7124345623034687
train:3045,5.534110225733532,0.04219315293198427
train:3046,4.736710583869018,4.935602916567269
train:3047,-0.4155389499361508,0.05646665229472496
train:3048,-1.6025702167807592,-0.14001530218968417
train:3049,-5.166014170123514,-11.935316678167212
train:3050,-0.952432405198299,0.17300826524013285
train:3051,-3.55932836673753,-0.5353809415601594
train:3052,10.212382056833246,4.078663968519325
train:3053,1.4415799271274343,3.882562419084797
train:3054,-20.514297756638257,-5.364086431169499
train:3055,13.251885128060596,7.343873745719754
train:3056,5.142029885650642,8.525452774304295
train:3057,1.0111879120106595,0.11024250196575343
train:3058,6.310564450318537,4.198719887858425
train:3059,-2.011295031782048,-0.08647705409772102
train:3060,-1.6268830241285328,-0.5953809397109484
train:3061,-1.6157136381427484,0.06956961971136474
train:3062,22.20167987030086,9.914243205563407
train:3063,-0.16335430341826368,-0.11713514748967421
train:3064,-0.502562249214475,0.058438652671440716
train:3065,16.57491100609045,5.971692456604804
train:3066,-0.3064734954008174,0.0002541559887905276
train:3067,3.7128371066912567,0.7071735997939939
train:3068,0.5940004547730601,1.224385516003945
train:3069,-0.6085030000843646,0.0871283122069283
train:3070,-30.261189945030708,-11.35140484152534
train:3071,10.520216276234082,16.534251466075204
train:3072,4.478804210225611,0.5279546376112079
train:3073,-21.973248444765037,-8.327927529804782
train:3074,-3.8137232262037166,0.015321990741645766
train:3075,-0.04641153649556995,0.10000216636269812
train:3076,0.15151538085286656,0.052192677087749106
train:3077,-1.0262834582928426,0.04727430300197523
train:3078,4.413090125372788,-0.06396446497469205
train:3079,-6.948809871406607,-3.0960058121155294
train:3080,-0.01929342310445617,-0.10228372918559839
train:3081,-0.012080941284211638,-0.32602395596829786
train:3082,-0.13571269407010633,-0.09413237582346393
train:3083,0.2376087309410696,0.07202638152048159
train:3084,5.699624212123555,0.32088489712097334
train:3085,-0.15045798516566022,-1.0440001118618167
train:3086,23.199916922910862,7.757792673087953
train:3087,-3.374502214663997,-4.398387161397125
train:3088,-2.733838471121176,-0.624435668259242
train:3089,0.9260390397525933,-0.16118937626282992
train:3090,0.40256435263801116,2.448862507496542
train:3091,1.73634394951196,7.9564119004974705
train:3092,-10.118196194874903,-5.400027254355981
train:3093,-0.31506096771214215,-0.12385061979909623
train:3094,-17.28476658283705,-6.298498758699412
train:3095,2.429958425768425,-0.12978602279940432
train:3096,3.5144858368252434,7.001672119471393
train:3097,-0.018636728575749217,0.17083739569426842
train:3098,0.9482909885714285,2.9779450870462996
train:3099,-1.3962983972946992,0.16992921697776894
train:3100,4.576635655384371,5.185234225775564
train:3101,-1.0329568694539466,0.5063246909196872
train:3102,-3.6130238956529355,-3.0707611258200718
train:3103,-22.127673243262162,-6.21704514261827
train:3104,22.019475382260868,8.501813878086267
train:3105,6.08107330704684,2.394434840584595
train:3106,2.77446455977642,0.24436563313632584
train:3107,-0.2440518328337779,0.10008947477842192
train:3108,-0.6009071946259474,0.20690668494016193
train:3109,-10.351935744945413,-4.1068044437551645
train:3110,-4.159374217044944,-0.25849075374513114
train:3111,-2.208481918322648,-0.0576558612954077
train:3112,0.8216874896421745,-0.24580421323289942
train:3113,17.08473655894138,9.434067462239167
train:3114,0.2768102561186317,0.13832785031005473
train:3115,-1.3775285566856925,-0.05500814799209758
train:3116,-8.462364535251691,-2.313506704085582
train:3117,-1.0218223522041998,-0.18163559488332404
train:3118,0.7281797677520696,-0.01937097833971288
train:3119,-0.7082801207140188,-0.1208513189295258
train:3120,4.101522626633533,7.367518348370182
train:3121,2.1524367608962214,0.23985997677389992
train:3122,3.335458355554753,3.515994897130617
train:3123,3.1468989241428007,-0.025175133394815266
train:3124,-0.7866892149833895,0.42650282918339616
train:3125,7.088500828643378,10.017671151531426
train:3126,1.2069544787033304,-0.12373649115109125
train:3127,-4.278765699070434,0.12734938767602733
train:3128,0.9685002106040645,-0.14249196518179685
train:3129,13.629529346507466,8.081515159294591
train:3130,-0.4973661101701612,0.25193435975039496
train:3131,0.15378940358811466,0.35459150936194905
train:3132,-6.820434343311926,-7.032369932387405
train:3133,0.5065345550052993,1.3511693191429384
train:3134,0.9512325151435551,0.004561228503687828
train:3135,8.22079515365626,10.934016914082154
train:3136,-3.4638684605458034,0.0748943631144413
train:3137,-3.1969413124312456,-4.681009638884214
train:3138,1.2215056671682754,-0.006778451301275287
train:3139,0.5700395892010253,0.23555504417115272
train:3140,2.962339401670835,-0.02593294761756823
train:3141,-0.5418337443223524,0.18749161865439265
train:3142,1.0352066596845169,0.30711128123649434
train:3143,-0.5906892602175075,-0.5153301073745975
train:3144,4.421817072628262,4.379873437620502
train:3145,1.9438384993417364,-0.02238868245377411
train:3146,1.3410256986006237,0.019058990659758274
train:3147,9.866192227791117,2.491706544618415
train:3148,0.017859098914420057,-0.0488800102374711
train:3149,2.2180599545771074,0.9363437823271494
train:3150,-4.166806371902226,-0.3665129484385885
train:3151,1.3490092444037782,0.07791898627778783
train:3152,0.13565812576507558,0.04588564267737484
train:3153,-0.92643357823399,-0.08259068831153202
train:3154,0.056543520736545436,0.07611004720690917
train:3155,-3.152440436750698,-5.58141705041943
train:3156,-0.7352406274182429,0.009483953744166898
train:3157,-5.4399336621048,-0.22535121822393
train:3158,1.3778789306351777,6.1214977199761185
train:3159,11.290579165091568,5.4010811726014305
train:3160,-3.5493080218333026,-6.596928053935189
train:3161,-8.140913841969956,-0.28908122591314134
train:3162,0.5334578683910834,-0.007444320631979237
train:3163,-0.9741391232146271,0.20684227358444413
train:3164,1.4596540202233719,0.12331608125553195
train:3165,-0.6268002530909423,0.13205619578056202
train:3166,-0.3687232550991918,-0.13385627836969133
train:3167,-1.5700748793761767,-0.4744340679481565
train:3168,-0.9903674978829776,0.19130957858218367
train:3169,3.6317421899140347,-0.1982493735038115
train:3170,25.62862388005219,8.120910086012943
train:3171,0.4825086011259945,-0.13973062254331678
train:3172,-15.09234505841346,-3.4725541696593636
train:3173,-18.262991770460392,-12.16157558155057
train:3174,-0.06626184300525961,0.040097750954613154
train:3175,-12.46641681091198,-3.457673220567617
train:3176,-0.05857723849906682,0.14394183850541886
train:3177,2.049668600089267,1.1035269869477495
train:3178,6.630781255261024,11.075559263337908
train:3179,3.8523497090763277,-0.15209589091141448
train:3180,-0.5636050857294702,0.13794480603518808
train:3181,-5.572108487678132,-0.10813603226407786
train:3182,1.3172133738441087,-0.045643393110455344
train:3183,1.104609624351872,-0.3930430086322022
train:3184,3.5919778833368268,0.09662652627633134
train:3185,-7.602169089282456,-4.228522361530838
train:3186,0.04529393665787479,0.18193333950533594
train:3187,-4.104282543938596,-0.026109847021975913
train:3188,-2.0804973849880675,0.15109699143128003
train:3189,1.9208676734149273,0.43197501253361414
train:3190,2.408903055741278,-0.2463488922055031
train:3191,0.1564795265734107,-0.023343511255145624
train:3192,-0.3547467034041455,-0.37817019120662543
train:3193,0.5972742803996245,0.13380735722338816
train:3194,1.115761111053157,0.009831974790177028
train:3195,0.6552111261375159,-0.32113996313773546
train:3196,-0.8139144916232586,0.2667111664508376
train:3197,0.44385195806357897,-0.18333482779130794
train:3198,-8.27552390006815,-0.12739017715616013
train:3199,-3.400638889364774,-2.4396776363847885
train:3200,0.805838021905432,-0.06926588333533257
train:3201,0.15069631424334481,-0.9702179381779483
train:3202,0.916595539971547,0.023276186864351664
train:3203,0.2706710339936226,-0.178346763899846
train:3204,3.4218747063677837,0.20460278418896674
train:3205,0.12733716682619772,-0.037038949015741174
train:3206,5.903655599090083,11.467836545828167
train:3207,-2.2290879465713913,-0.1754674407714908
train:3208,-5.652674329500544,-0.03358577277913602
train:3209,0.17814312358617243,0.03144230562032176
train:3210,-18.418288752274936,-4.293691531471392
train:3211,-1.2621369836001888,0.15536918337813077
train:3212,-0.07272162504357385,-0.9494492347964352
train:3213,-13.827878232409649,-6.729465082220113
train:3214,5.043024991295098,-0.060236024705179914
train:3215,5.561746256083923,1.554428018754667
train:3216,3.2725226115894,0.02770295179884416
train:3217,-0.02256771364750107,-0.06375939006030812
train:3218,-1.1974006181058572,-0.2962592758990085
train:3219,-0.21387886947841545,0.008169120388744719
train:3220,-0.3136801657650557,0.38294106552638185
train:3221,-0.5511783331221722,0.9241589798837095
train:3222,-9.597976969185906,-4.052365934621657
train:3223,0.5792886376641022,4.590300985595853
train:3224,4.426085470835738,0.15655191282348724
train:3225,-0.21661757623592376,-0.39126645356519496
train:3226,-1.9237247582644152,-0.002441705337896699
train:3227,0.21018702708818904,-0.19487052354921958
train:3228,-17.83482228857865,-5.233167747113285
train:3229,1.8756561728939354,0.1364782529083243
train:3230,-0.8577410059488396,-0.8473758532194267
train:3231,-1.804628498204043,-0.7306153985914692
train:3232,-1.7973918407268128,-4.263838615691114
train:3233,5.97066308159166,9.371332085717318
train:3234,-1.1877168727335121,0.1456141798507166
train:3235,-2.8024940825461266,0.4905339938425306
train:3236,0.11023753867338926,0.0021290756842970715
train:3237,0.4155190179089174,0.38885556871802407
train:3238,-18.184921135388826,-6.3415737636726845
train:3239,9.925526728698514,18.424754857823572
train:3240,-3.519066134609706,-6.291666447186595
train:3241,2.1360019633105285,0.16472851714899278
train:3242,0.3203531713911074,1.874188528945812
train:3243,-1.3894176333832915,-3.130415884810646
train:3244,0.39833012579185284,0.21033803407283613
train:3245,-0.16207369097272506,-0.6966628391140428
train:3246,-2.101468837590484,0.053450232127953794
train:3247,-4.952488258792204,-0.10308077513110303
train:3248,6.394185258334319,12.341055374870779
train:3249,1.1550784004343635,0.004684630104343196
train:3250,-1.0544931955801715,-0.3542970459385673
train:3251,0.8690373735152287,-0.14114767236910838
train:3252,1.7681770133900696,0.05788541405023666
train:3253,-1.9104844018162415,0.037809756883733656
train:3254,2.298046975381297,3.0197170281809758
train:3255,-0.012575147502983663,-0.010233553458815534
train:3256,1.470714383294479,3.222079675245056
train:3257,0.34320393263682725,-0.018655819699151782
train:3258,-3.418281539966807,0.24010235749010045
train:3259,0.2146709140843761,-0.1308060475909487
train:3260,0.0676715291555652,-0.1217876018255965
train:3261,-7.394961392921148,-11.407449996701137
train:3262,-2.799794777460341,0.23091257609193083
train:3263,4.040864973422632,0.013566834796139446
train:3264,0.32019138045589324,-0.08172074269211418
train:3265,-0.9794719477042081,0.1841152652639758
train:3266,-1.0951162028968637,1.4937733501467596
train:3267,0.5160532550270667,0.055805990083586235
train:3268,1.0172745985733722,-0.230455336684332
train:3269,2.117339750866758,-0.1386707240553757
train:3270,-0.537448884536512,0.24838973793457583
train:3271,-2.3730902474086557,-3.037985090042766
train:3272,-2.648124144193701,-1.0287338359222429
train:3273,-11.350630275372229,-2.417656228430611
train:3274,16.311003955433225,5.842171848486651
train:3275,6.445084779535994,0.34468457207187825
train:3276,-1.2351874024332563,0.2590014909564823
train:3277,-8.391077961463589,-6.605551043935204
train:3278,-1.622615090837538,-0.0020374046023391157
train:3279,-0.04660029258665316,0.025266733146368223
train:3280,28.320062578988033,8.268954344345541
train:3281,0.05862774131862919,0.11836960299018684
train:3282,-0.1889992127117915,-0.09184723496878455
train:3283,2.672910063441812,6.489191121042867
train:3284,8.30301191390093,3.3337659701827125
train:3285,-5.194196942254974,-5.648246221545215
train:3286,-6.3105306844922735,-1.1876703897596244
train:3287,-0.20852396145601065,-0.4441221410116834
train:3288,-0.6690662752497235,0.34654329976544906
train:3289,-4.317306345470965,-4.2459058665517135
train:3290,6.927778736417874,0.2695640973293416
train:3291,-1.1989539040672095,-0.1079666938826005
train:3292,5.9277601238545925,3.4741810137177986
train:3293,-0.6440100664496294,0.18559729708872527
train:3294,2.2304295224573036,0.27680630901450903
train:3295,0.22845452544001474,0.05518869675868939
train:3296,-0.017556611362426422,0.1368712834398914
train:3297,-3.5843692332937676,-1.0036051328653202
train:3298,10.517629480936577,15.119144109872625
train:3299,4.542605628677657,7.674784054177744
train:3300,3.3366431952053084,7.088953144319668
train:3301,-21.864089774475364,-12.062398927720738
train:3302,-1.0303698416982017,0.18470202917553136
train:3303,-0.7945823345310867,0.1043500398692572
train:3304,-0.08517162347489679,-0.1986934766053608
train:3305,-1.879462384738365,-3.946057666899614
train:3306,-0.1204181041528411,0.13033399448216712
train:3307,-0.34327116991595163,-0.03164958026573182
train:3308,-0.5227166111024121,-2.8898928976780063
train:3309,-1.7674598203374696,-6.25936861044443
train:3310,25.486128838444706,8.352391516329009
train:3311,-0.12598629261067545,0.0172476263551095
train:3312,2.3366912981569787,9.720537216450504
train:3313,-3.3308990927072966,-0.08626406150838176
train:3314,-0.12162374881589899,0.0439023720966686
train:3315,0.7418166979581103,-2.4035522101101576
train:3316,3.9144751036161685,0.13199000116471912
train:3317,4.404512416307553,9.159014567331006
train:3318,11.644644679313375,5.882912922608223
train:3319,0.5749893225106738,0.037580643622863695
train:3320,11.67672391646791,5.957826967158681
train:3321,-0.007140738762413307,-0.12147324873074786
train:3322,1.4063838898876244,0.12484640376446848
train:3323,0.8518763763869941,-0.0595735079035111
train:3324,1.6937878194693465,2.6584171139754647
train:3325,-0.40371042861013695,0.2858061732093579
train:3326,7.603504621254121,1.5174059692891473
train:3327,-0.2309891907102754,-0.5022812440701525
train:3328,1.3312180529862254,-0.3422974172265155
train:3329,-0.24081206233941016,-0.19649564416640525
train:3330,-10.78362929374935,-3.803734677691505
train:3331,0.801002193133506,1.775648427650227
train:3332,6.404260928299725,8.668886235257492
train:3333,0.12266649963396956,-2.1858198580192494
train:3334,-10.723281274914463,-8.766255151121804
train:3335,-7.447978608691503,-1.3727896247182545
train:3336,3.0779527399175377,-0.2545119437540581
train:3337,-3.708813427629337,-6.014795482915715
train:3338,0.950631378134268,-0.20789181765213077
train:3339,0.4137398987671621,-0.029801409472101442
train:3340,-0.9190388491533893,-0.6181009576517265
train:3341,1.286680681361959,0.021730171666314427
train:3342,2.488806159120737,6.100583645229208
train:3343,-11.46913004758812,-3.94480653159586
train:3344,1.0171513957060396,-0.29095265041880275
train:3345,-0.04330775407174858,0.19613843300967865
train:3346,-0.3126721106062105,-0.0860281718590365
train:3347,-11.18297395384006,-3.6328535622147347
train:3348,-1.084090243645314,-6.587727002333029
train:3349,-2.7019061475744794,0.1058979096578245
train:3350,0.5441590834810037,-0.5051972310266792
train:3351,4.671267545324326,1.5105046099442871
train:3352,5.4640212767991985,0.17365380540541092
train:3353,14.117567053416218,3.9914805236650936
train:3354,-2.2344833023275994,-8.236678822508615
train:3355,0.7040070164940466,-0.033500782601574824
train:3356,13.031624436592756,10.047198515343268
train:3357,4.751095564692185,0.08140547381352944
train:3358,4.5493590054734065,0.18354091284289087
train:3359,5.73410055865155,0.05046876385963414
train:3360,-10.861593927863362,-5.771699750735424
train:3361,-0.24406589655731303,0.04870347899661737
train:3362,-1.3076783423640959,-6.32419881830041
train:3363,1.4633066365524239,-1.7773531414878672
train:3364,-3.218861194653883,0.08128877727094437
train:3365,-15.367372911284258,-8.846755222348865
train:3366,0.8757361226245202,-0.38084023092670155
train:3367,-19.710879306017183,-11.237501026956947
train:3368,2.892739777332228,-0.7110459019788682
train:3369,-2.6322151671474545,-0.3663306279234006
train:3370,0.9614348748498984,0.14264861826271263
train:3371,-4.22839618265653,-0.08933897260725546
train:3372,0.26523185985912706,-0.104045590189175
train:3373,-1.4714351769160667,0.21963352713122036
train:3374,1.7940293916630208,1.8668420678737325
train:3375,5.059809406074128,11.55576353882415
train:3376,4.222776564079907,0.43995046511701097
train:3377,2.755335571186227,5.362545634602554
train:3378,7.896384337143178,4.717946460027284
train:3379,2.8585093716224175,-0.13128638653823957
train:3380,0.8391832266363695,-0.25334098382552717
train:3381,-8.890954301631806,-0.4195896174797766
train:3382,0.36965663431522466,-0.291924741178185
train:3383,15.002137605541614,7.217762730960749
train:3384,-2.4854043058514863,0.030879152072822276
train:3385,37.592760413595116,11.906083706448344
train:3386,0.05198687431116002,-0.008336877989783054
train:3387,2.6848760838169343,0.43985074521081663
train:3388,-3.4651883584339442,-0.2978709864000536
train:3389,-17.669871780962993,-7.431490939255281
train:3390,-3.4434074862389763,-0.3522036412125363
train:3391,0.6259991451473479,0.022020914397107072
train:3392,16.62475563179787,11.946206773940968
train:3393,-19.28321937259807,-7.6066721368672585
train:3394,-0.32179284212066933,-0.3751721742843451
train:3395,0.787845289193582,0.12191429613641099
train:3396,-0.09210817736396426,-0.592102736957816
train:3397,0.8246592357855338,-0.21343033827900165
train:3398,-4.717260046151132,-7.5521922560988495
train:3399,4.636136596391786,2.7827913760334533
train:3400,2.0565140303481564,-0.11572737061653299
train:3401,2.8635676629302633,-0.022456446338527045
train:3402,3.193708342607273,0.21445208651179504
train:3403,5.680637952892876,9.325849536914381
train:3404,-0.6858871859724719,0.12145036318227082
train:3405,12.029513699867223,2.393210525513122
train:3406,-11.6518068907723,-2.2149908551276978
train:3407,31.91229555555282,12.684318968188826
train:3408,0.15666723660241275,-0.08195442109890436
train:3409,-1.7490407592130008,-3.896040216268199
train:3410,-0.48231908827876246,-0.024322877715838215
train:3411,-2.7056673219017284,-3.160018002886933
train:3412,5.370886417926455,0.5824604826470381
train:3413,-2.220454447528497,-3.6964546045317004
train:3414,-5.3683844105052145,-0.11115016985788895
train:3415,-0.15137712504760975,-0.017323581724908846
train:3416,16.466077777337127,10.875594459168413
train:3417,0.0872212671606113,0.09825193221513702
train:3418,-0.09983369452044111,0.03107787858116092
train:3419,0.6510443121810301,2.002792684020484
train:3420,0.8615159546936916,-0.041760736505326496
train:3421,1.845323162040161,-0.17317844807494126
train:3422,-0.11781794250652189,0.12381139958787349
train:3423,8.377336251972622,1.492729073017514
train:3424,-12.183643449476042,-3.9392236434570775
train:3425,-0.7140418306568616,0.2689440934490547
train:3426,0.8667399887268354,3.1268652827523353
train:3427,-8.692180190226777,-11.228010088588855
train:3428,-1.4344113205331692,0.5951404607620094
train:3429,2.181294591757368,2.7464941861435745
train:3430,-8.501331974981321,-3.436915502068474
train:3431,2.1260553076684605,0.09449117927215847
train:3432,2.060494645254202,3.779261726559305
train:3433,4.055417789095259,1.0448844064041694
train:3434,1.316670351394884,0.023628487734661974
train:3435,-21.07191300435279,-8.531569559012999
train:3436,1.3932495343970048,0.07728007984017504
train:3437,0.3218379984007059,-0.14698085889904705
train:3438,0.21571651124902175,0.36664948634529343
train:3439,12.386815032793312,2.212040141775464
train:3440,2.0110582162166613,3.2675453900724127
train:3441,0.011567267954686627,-0.15587625971576888
train:3442,0.6087861936024175,0.22348066119465765
train:3443,-2.314860388058929,-0.1523722249003965
train:3444,-0.31535502738605875,-3.3760635335603277
train:3445,-2.6698385333319576,-0.10749484325350497
train:3446,-0.14174080115627585,-2.6460667421504835
train:3447,-2.896993471289139,0.11424613493776753
train:3448,10.385444427200675,5.250603120850127
train:3449,-0.016146170989708025,1.1107962685216155
train:3450,-1.9065767787976347,0.04670765426463059
train:3451,-0.563983062828117,-0.21567268089067915
train:3452,-4.861317207133095,-0.04247261394725746
train:3453,1.8443084818214683,-0.030966734298637125
train:3454,2.7620624477425886,1.6685192896274084
train:3455,0.667379850098136,0.07910242902719429
train:3456,0.5007505290713927,1.47055858451688
train:3457,-0.06152225194479724,0.3932072227360483
train:3458,-0.6159842036303385,-0.5938015418833698
train:3459,-0.06153387485680975,-0.05561203120085384
train:3460,3.4262746759392404,2.825513152841151
train:3461,-3.228165103261659,-7.217034650005354
train:3462,4.564416720443857,0.7683435592476437
train:3463,0.5928124769362612,-0.22727414328200363
train:3464,-3.5473665306107325,0.025027419637582815
train:3465,-10.092592314460779,-5.061569618405423
train:3466,-2.0441183677636237,-0.28677040611266086
train:3467,1.3607762805252461,0.08930874002706311
train:3468,5.004443432244284,3.7135678501595484
train:3469,27.854270195838268,12.001788566805866
train:3470,1.0870920362830936,-0.3018379555438961
train:3471,1.3320232883304524,0.3253139446284259
train:3472,0.8154294813563976,-0.24630267010306112
train:3473,5.2032017364889755,0.8035218604046435
train:3474,-3.1363045804619674,-1.013925073200359
train:3475,-0.28621940892781306,0.06564801670510421
train:3476,2.7659035877044835,-0.06621550989577993
train:3477,-3.9625857639281334,-7.530452460583624
train:3478,4.68369987692939,-0.04793695095292508
train:3479,17.76723953131388,9.700560137903715
train:3480,0.0050979551285221525,-0.1339589941528958
train:3481,0.25587855387529784,-0.116578984321865
train:3482,-0.6327760570730556,-0.30342363044711507
train:3483,1.0243978164293606,0.5233695191776084
train:3484,2.14635123662471,-0.01581144846924809
train:3485,0.6315438553229171,-0.19784264753448383
train:3486,-1.8810177628238791,-0.44931328256618913
train:3487,-0.6339618265565721,-5.117699228780745
train:3488,7.7065612627372255,4.494909979020345
train:3489,21.360469288812862,11.126639822325489
train:3490,4.146750631689582,-0.2974828063360267
train:3491,0.9307968787849153,-0.26430674964746403
train:3492,-1.309793712350373,-7.49287503258475
train:3493,9.239434601096548,12.451649458647028
train:3494,1.1156732418383424,-0.1717833680138906
train:3495,0.3268099314722984,0.07536657039556183
train:3496,-4.461884212911089,-3.9381260111848895
train:3497,2.1879245332275454,0.18049410592358836
train:3498,-0.1569607719784208,-0.05671123274195164
train:3499,1.2974762744974209,1.1384422215710979
train:3500,-0.061785627131000775,0.1480940527110544
train:3501,-0.054772594480890974,0.8690436878675327
train:3502,0.41061903066268235,-0.21226622606935103
train:3503,1.1611869380716597,0.008749464563849951
train:3504,-8.104220773662934,-6.701472748723935
train:3505,-0.06261852500581744,0.28260315270309866
train:3506,0.5061705254010676,-0.029657964027640205
train:3507,0.3669673249337695,0.05927692759103717
train:3508,-2.709376425583162,-2.835131404470645
train:3509,-3.106406731433941,-0.16060603621071456
train:3510,0.8039386056243472,-0.059654396582784625
train:3511,4.297544432473998,4.8131331763228635
train:3512,13.251922321379036,1.5987378956993539
train:3513,15.609599338629494,3.548331822934723
train:3514,1.6526580531889086,0.5173709174384676
train:3515,-8.067791777916838,-7.176035074496052
train:3516,-1.6354021537172239,-0.04540008509898977
train:3517,2.1097783492278976,-0.330350287692546
train:3518,0.8458840678698232,3.1355593178357335
train:3519,0.6460631970089478,0.2097962083164326
train:3520,-4.328647053179814,-4.241773268207454
train:3521,3.8938748868234314,7.321176981491007
train:3522,4.273344599830986,4.221954768662515
train:3523,1.86873100945864,-0.1848976056345209
train:3524,3.941189204585727,0.2861879335369345
train:3525,0.17098945370071122,-3.7617744242876205
train:3526,2.761798375181664,0.41587146030011385
train:3527,4.165771294739819,0.38639659566635215
train:3528,20.177991413978276,8.38345961688892
train:3529,0.24768997990424252,-1.3085086609807992
train:3530,-0.5386293074805028,-0.11075507074457677
train:3531,-2.270008500435604,0.0019738607230103122
train:3532,2.733784367732626,0.20555290518360805
train:3533,-6.121972182913282,-11.824546836273035
train:3534,-0.8427902217689045,0.23303907812588331
train:3535,3.6949271291129357,0.8276251175592417
train:3536,2.976301540954986,-0.1542831664504296
train:3537,0.4684007105252067,0.7564520674295767
train:3538,6.188347205924566,1.2235684975450396
train:3539,-9.536243499239127,-8.750864902938334
train:3540,-2.139846298306359,-0.09595993213004839
train:3541,2.5515643049905385,-0.03585871613455985
train:3542,-27.774777554329663,-9.312062856054258
train:3543,-0.4901738522168184,-0.39486364588950135
train:3544,-0.39515817372221007,-0.2961078414491869
train:3545,-3.0107245951645356,-0.17514688193140687
train:3546,17.61136047406575,14.2111274560533
train:3547,0.7559910716156096,-1.160939605806332
train:3548,-13.962506887167063,-9.065248812521965
train:3549,1.7616172743084477,-0.0707796571903084
train:3550,-1.8283041375152909,-0.24149585677071211
train:3551,0.967629422036087,-0.23939317909203067
train:3552,-0.7196026966801281,-0.4179768370226565
train:3553,-2.073241433476896,0.11963728694790196
train:3554,0.7431612364197178,0.07736360774443368
train:3555,4.5297162841722605,0.05739680077596541
train:3556,-0.29599648628361847,-0.04323592061119566
train:3557,-5.496115564357922,-0.20855918492133985
train:3558,-17.507744246216937,-11.614416593425737
train:3559,-7.6306907855282,-3.5370505512199286
train:3560,-0.5711864787769919,-3.08981575956936
train:3561,-1.7985413467248503,-9.721507369777424
train:3562,-0.0076047254099528006,-0.016939752815587156
train:3563,0.04240296975300255,0.15199511256067405
train:3564,-23.789431658178792,-10.890643522513223
train:3565,-1.8522743014169358,-0.11667121453553403
train:3566,-0.33046992708361056,-1.5527637975640107
train:3567,-1.6665046013462272,0.934313576339951
train:3568,-1.8396297354385234,0.1437864095529171
train:3569,0.5027948830652735,-0.1836257131829106
train:3570,-0.7454885489396752,-1.7092512932760155
train:3571,-2.5356134260796184,0.04111107068808722
train:3572,-1.8645836626129073,-0.9440941759712325
train:3573,-2.2203268279545996,-0.24038723961615388
train:3574,-1.340049779526625,-1.9921685079965785
train:3575,2.5101204876275225,-0.12612092392953494
train:3576,-7.8492549967586935,-8.355510141454621
train:3577,-0.7006973329170556,-0.17000724092931335
train:3578,-2.8102437753595897,-0.0991680170950629
train:3579,-0.9429553152015363,-0.07391662574153482
train:3580,5.408666460964887,0.4576432587739803
train:3581,4.356344744345299,1.7040563827215738
train:3582,-10.329841054126108,-2.15685671771098
train:3583,1.6106572658822533,0.4142489789079133
train:3584,1.1668633358403304,0.1121364668793958
train:3585,1.1140972911985658,0.29790659178367906
train:3586,-1.4276270267914657,0.1387959204276851
train:3587,-4.408095235783103,-3.9498130700622176
train:3588,1.0119169010520843,-0.32909900972798156
train:3589,0.1261126930456795,-0.2368609497144205
train:3590,17.856929359066118,6.625905257844773
train:3591,10.673501099521019,4.376251279654445
train:3592,1.4739448554592367,9.221628396842728
train:3593,-4.818793621244117,-0.17503603448203203
train:3594,2.024103075284785,6.7400276287740954
train:3595,37.593775791188534,18.891172392630814
train:3596,23.999054422579487,6.222447362352708
train:3597,-9.67053741413058,-3.86501063412699
train:3598,-6.043192085292472,-1.6461194623631603
train:3599,5.781845621533029,1.1155982313864243
train:3600,-8.840985078307613,-0.6991524129094611
train:3601,0.3480995031764975,-0.10054112739137261
train:3602,-0.45649042074631685,0.18043147782799562
train:3603,-1.2105121926889324,-1.6072408251162196
train:3604,5.801839354776954,3.430477730537258
train:3605,-0.3530999692302127,-0.3572749476866368
train:3606,2.757220342598176,-0.004101207210293861
train:3607,0.49435920598483213,0.15466122910847502
train:3608,1.939933665822013,4.842600622594505
train:3609,1.4577532091928456,-0.031139353878744627
train:3610,-3.1186424033677533,0.1931632418169993
train:3611,-2.5670854823106195,-0.6872489375833535
train:3612,-3.9247434220813147,-0.5154500851158126
train:3613,-1.0759576921101588,-0.2697244365682596
train:3614,7.145497729486817,2.583761000169498
train:3615,2.884405684502776,1.9919995377786552
train:3616,1.0437506623049146,-0.22741223894608964
train:3617,-0.6591881947885293,-0.10031287009536269
train:3618,0.5705770326524837,-0.0969420804765361
train:3619,16.956804561169093,6.568256595164506
train:3620,-2.0129438580801433,-2.6813222228056968
train:3621,0.030429394485072495,-0.09715906756855552
train:3622,11.660996721765539,18.256694717203864
train:3623,1.5565688825408248,3.111887038988164
train:3624,-7.048826424023719,-4.108290113430569
train:3625,9.614514340236976,9.31180372420441
train:3626,17.556548680680663,4.197363468876886
train:3627,0.31688326723889193,0.010226717251464193
train:3628,0.787359451471459,1.6905482586045164
train:3629,-1.9675324434725359,-0.05513319019206803
train:3630,-0.2776312392417675,-0.29569469574340895
train:3631,-0.668117380713022,0.13510471462958457
train:3632,-0.21019324407924772,0.05886078600824907
train:3633,22.173753267150158,10.843682947899744
train:3634,0.7381250286446961,0.3446743004935578
train:3635,9.350588692920528,4.992732293899113
train:3636,-28.62394564629791,-18.645815261109178
train:3637,0.8669140999487829,-0.009272162260183722
train:3638,-1.8009644914212188,-0.21450200628376825
train:3639,23.054459433489633,9.473969120154662
train:3640,-0.7479395886248739,-0.38379901612623024
train:3641,-3.6086360139099716,-0.1261538785766464
train:3642,-1.7319443854755558,-0.0800401270198361
train:3643,-5.029289671872005,-0.031436872998012566
train:3644,5.342618101162583,0.3124271083389455
train:3645,1.098155653769564,3.8712294443379043
train:3646,-0.6261007862460294,-0.9309963443437528
train:3647,2.492307212677146,0.012680055201140877
train:3648,0.3636224833148086,-0.06125077104675403
train:3649,8.659715364233096,4.823058944839855
train:3650,10.283955019173337,10.516993116844978
train:3651,3.2115748504946673,0.22222653001389311
train:3652,0.10968847230991817,0.1550411348455215
train:3653,0.17114845513704238,0.003749274503537514
train:3654,-4.683646584610946,-0.44296715909387313
train:3655,2.3983355041395016,0.09169174619740675
train:3656,0.36681762182704836,0.16236049036369982
train:3657,-0.2260105163497157,0.18795198508828267
train:3658,5.76359300050858,0.11508997362895423
train:3659,-13.986669526491635,-7.74262731815993
train:3660,11.901126083944048,8.201614447519933
train:3661,-0.8785836766861576,0.1810636078771331
train:3662,5.357008660983515,0.8664780758603812
train:3663,-0.28858292808555747,0.08872340272360767
train:3664,0.48094462208559075,-0.062446839277846056
train:3665,-1.4082344305568286,0.09166963377185579
train:3666,6.606451710919952,13.470741819137183
train:3667,-14.80753536279293,-6.773616890987313
train:3668,7.160025439669497,12.019667960802323
train:3669,-1.152822333831307,0.21736693218184178
train:3670,-0.7541759782943076,0.20101828867675087
train:3671,-4.40705196320086,-2.4451532435944467
train:3672,-7.074763184637882,-0.3087184150800903
train:3673,3.8387588056018567,2.168191629890337
train:3674,4.471215843430882,0.38884180194985846
train:3675,-0.030273588082676772,0.2563091248196402
train:3676,5.748736594374186,5.455391572327552
train:3677,6.89147340845559,0.11808185613640433
train:3678,0.0742533517700108,0.049759596973093304
train:3679,0.044466617780824155,-0.08893609847979794
train:3680,13.798515329173865,4.308550450979521
train:3681,-16.35219433393294,-8.283875583604587
train:3682,1.6834696955593587,0.18431327846826445
train:3683,5.639911269201031,5.075254724768822
train:3684,1.046217974066931,0.16307008523267066
train:3685,1.6429075923016119,3.8466575464224357
train:3686,28.425057457278342,9.182777863775359
train:3687,-1.1544223438989496,-0.397569208151269
train:3688,-3.075387038938467,0.2960400890759629
train:3689,9.63769321628881,0.6724763152231326
train:3690,-4.056158109209028,-0.4917879708509562
train:3691,-3.61835974209964,-2.0234914007631604
train:3692,-0.09745587918092127,0.06996964062262215
train:3693,-2.79944097601868,-1.913649710098884
train:3694,-1.9452936285442748,0.28639536235468355
train:3695,-1.2965277854957717,-0.8784874653263894
train:3696,20.76970735570456,18.34464453592945
train:3697,-0.22955283124376913,-0.13596109596052286
train:3698,-0.7988188859596476,0.2870112290714803
train:3699,-0.4438491091832679,0.15774741041133922
train:3700,-3.375335344997054,-0.3524546529077422
train:3701,6.995796482431578,6.66196192160898
train:3702,-0.07036170898855329,0.1634434999028619
train:3703,2.134895229628697,-0.26124696059445096
train:3704,-12.663556275971569,-5.15785425229481
train:3705,0.8221542657885971,-0.20151473678404347
train:3706,1.0539690616298354,-0.36076628568991864
train:3707,3.874966501103236,1.0183569141051358
train:3708,3.428593679343977,-0.1641299008786778
train:3709,-1.0342191176985058,0.07137891543426843
train:3710,-0.6673195840324831,-0.3207359477237979
train:3711,-0.6607916917297756,-1.939910712004826
train:3712,-1.887128625043578,-1.8895075065431541
train:3713,-2.7610481730589482,-3.4237459120535614
train:3714,-1.0795568430439535,-4.5065077920494865
train:3715,-1.0613390907555416,0.14874016351957253
train:3716,-9.581429661811931,-4.433208097225059
train:3717,0.3625733992765593,-0.2570715640071894
train:3718,8.367506057908919,10.50208220898313
train:3719,3.6552988106062743,-0.13415515276665432
train:3720,-5.174535624294608,0.25706173192282794
train:3721,0.18406848413015134,-0.23439049246754312
train:3722,1.0386365810194094,-0.1843968661913991
train:3723,-3.68870578984769,0.30499048563494213
train:3724,-0.6924008983225242,0.1466060291322847
train:3725,0.6711479981725925,0.11615236868107043
train:3726,-9.425797940131428,-5.578579812230026
train:3727,0.014301674234750344,-0.011206072200627817
train:3728,-0.10541222736996664,-0.14025989414843978
train:3729,11.203329219029001,19.945268009464094
train:3730,4.094053278457811,9.865909723133306
train:3731,0.07217831328841694,-0.06988282000820442
train:3732,-1.0513831367838633,-0.09737933585920511
train:3733,8.196439109075799,1.7202422502424477
train:3734,3.795926515169826,0.16548690201498578
train:3735,-11.827549039733332,-3.001556937529302
train:3736,0.5266877546020352,-0.2020067739177549
train:3737,-16.33846628009672,-5.400403308251158
train:3738,2.2437884326080053,0.4254362969677898
train:3739,1.3560264613022124,0.31057251780886486
train:3740,1.0613530976313845,-0.25174418137912774
train:3741,11.837586878387006,8.24433793625735
train:3742,-7.7145519553644,-10.753387845276535
train:3743,5.136038042049951,-0.0019346888191346528
train:3744,7.379314455693091,2.082278294227591
train:3745,-7.809718499256931,-6.661250959950786
train:3746,0.4892820855595264,-0.24586741197173217
train:3747,-1.9776532103365514,-0.059573650564321096
train:3748,-0.7242255937039848,0.16485662655637834
train:3749,6.858559181302076,2.744197061780855
train:3750,7.344278814639053,0.34243295650755035
train:3751,0.20124854283408639,0.4204759806038741
train:3752,-4.43099004786535,-0.24687559591604602
train:3753,1.2863180465071684,5.730533487581157
train:3754,-12.434469610037906,-2.2570344224446264
train:3755,3.782585736761864,6.9011441824491815
train:3756,8.82412470906545,3.1001991241459756
train:3757,-7.478134021449727,-3.4005960570922347
train:3758,-13.237863885001994,-4.262430553496352
train:3759,-0.02943011335792875,-0.07339955163566733
train:3760,4.269188246495311,0.4770465555429241
train:3761,-0.6295088565063384,0.26362255991420325
train:3762,-0.857009459866772,0.17669091138963297
train:3763,1.4763080259296206,1.9953975756121929
train:3764,-0.6924262362707114,-4.939035966118135
train:3765,1.4185709780492242,0.10459491714963284
train:3766,-0.5904316964873101,0.190903137934476
train:3767,3.260191631777085,0.44010881861611784
train:3768,6.526817561724463,5.322707888729942
train:3769,-3.3037670318217676,-9.956697981153651
train:3770,-4.843364457238568,-2.1585301290123526
train:3771,0.4680490012077081,3.893687679692321
train:3772,-1.1510419361692303,0.2199314029025133
train:3773,0.42120122713359454,-0.1337013487300246
train:3774,-12.712969459185084,-17.095805560391778
train:3775,8.892711047934805,6.199351718499184
train:3776,-1.4432612381977363,-0.25259030264327453
train:3777,2.690608968937986,-0.08609358184042434
train:3778,3.57998861713768,1.5338501955369424
train:3779,-0.6392539708541093,-0.1338649806791017
train:3780,-0.09142719094915117,-0.0034379057741700247
train:3781,-16.797807482163062,-5.031084715236818
train:3782,-1.7038759827982988,-0.04995888261314302
train:3783,1.0730380759940439,-0.34563767743200075
train:3784,-0.2911703045286629,0.11356179103216778
train:3785,0.7552448806644063,-0.22772316818149818
train:3786,-30.310270248044187,-13.977458239373854
train:3787,3.146228514577919,0.016317049891439034
train:3788,0.616382231519075,2.9140230579068196
train:3789,-33.579782379502504,-16.369043460188013
train:3790,0.5343896772471266,-0.021768749903892146
train:3791,0.302125888314845,-0.17548520204233659
train:3792,0.6922961190375994,1.8630002122602656
train:3793,2.0911868040891632,4.113070332033381
train:3794,23.314851715554276,9.156272626562687
train:3795,-1.3337020423601116,-8.437312420555418
train:3796,-6.008684589360284,-11.373219391305009
train:3797,-0.31304892541365614,-0.13974217806892728
train:3798,10.37914201939101,5.599970314263479
train:3799,2.6667522446575833,4.941991838282586
train:3800,24.57346059390378,6.917420639584409
train:3801,0.06879918407901917,0.08225159507767624
train:3802,-1.8000634832820088,0.009007252647531161
train:3803,0.3052390852973965,-0.006056587602643895
train:3804,-3.1980059711715914,0.10938967564353635
train:3805,1.0201712607051305,-0.05516343428378934
train:3806,5.2771843609475,1.7079321916078223
train:3807,-3.7082927211711763,-0.2602631716486482
train:3808,-8.694305788375626,-3.8645837929834514
train:3809,2.6104331920427133,-0.01576936353029626
train:3810,-1.0301613266566974,0.31269260010636707
train:3811,-2.200257545782594,-9.75798973339869
train:3812,0.29101043264079873,-0.06788720926743264
train:3813,17.3514070731587,23.475960994437468
train:3814,-4.482457697006198,-0.7629342064727045
train:3815,5.473074130507504,4.406636605577666
train:3816,0.5218300747555257,0.9104384338205529
train:3817,-2.235741366323834,-0.9951265156050315
train:3818,-2.3834007001967152,-6.372556267746592
train:3819,-21.526335390055436,-12.453015638382524
train:3820,-0.895385060916725,0.09154266565095026
train:3821,-2.5599439002536513,-0.24959663687569933
train:3822,-0.42336163463705234,0.2747106573807204
train:3823,-0.06988970253172516,0.06865530658003499
train:3824,-1.1347438240288046,-0.5186658024341624
train:3825,3.426265842526111,4.851911237698749
train:3826,0.1353810355426973,-0.16780256077147748
train:3827,0.6091000122267554,-0.27291276301108824
train:3828,1.2673794412157404,0.018383063741948882
train:3829,8.325849541256074,0.3269880692338487
train:3830,8.766165431107373,11.810214500837695
train:3831,0.3881889026026954,0.02879587626430169
train:3832,2.9895632835612624,-0.027888684661943275
train:3833,20.5729082095087,5.916923830356942
train:3834,-11.570147100471267,-9.567472498711044
train:3835,-1.9124854023483153,-0.6667052102992201
train:3836,0.6055712961397566,0.025132061341722356
train:3837,-3.2669405324848424,-11.007518105789186
train:3838,0.012862757727601287,-0.006525656345944292
train:3839,2.342418139363784,-0.2037632138105513
train:3840,-11.026139028308021,-4.583909841126452
train:3841,14.592231902679854,6.514407845819564
train:3842,-2.2017469057278776,0.5670224430922167
train:3843,1.4860768510178972,-0.04936684025161725
train:3844,3.102445469943265,3.3118997771898218
train:3845,0.26321772543647876,-0.019170468571249155
train:3846,-0.454910518316456,0.5586259984584916
train:3847,20.521350831487116,19.984927714645817
train:3848,2.381862118485927,5.64206666608011
train:3849,4.419326515042221,0.19920136060051186
train:3850,-0.7654027814654337,0.12286085061080215
train:3851,3.154470553944232,-0.27831176136577307
train:3852,-7.762326772900632,-4.77589248765448
train:3853,17.23343544606466,7.369980103307649
train:3854,3.152196647438104,0.13814610043810682
train:3855,1.3461939426561074,0.29776300367840786
train:3856,0.00859935737229156,-0.043775035812209095
train:3857,0.781968977338296,-0.051680655929107866
train:3858,-1.410967442087451,-0.4881131710460063
train:3859,-0.12701829096826645,-0.0484038797840754
train:3860,0.25519338321216023,0.01735547792747419
train:3861,0.6107332638227536,-0.09980984807928081
train:3862,0.03401180842556911,-0.27078212381364564
train:3863,-4.872525878561482,-13.74783482344731
train:3864,0.0993130474437086,-0.08342211551224818
train:3865,-1.2403598307370647,-1.7614697148842065
train:3866,9.822822958824108,10.614236431377607
train:3867,-1.358622263089659,-0.9161056943169252
train:3868,-1.4583870634325802,-2.8450314940418355
train:3869,0.1503169423952564,0.03718832639534663
train:3870,5.874978620739851,0.08889373973075507
train:3871,-5.42701316819521,-0.5452888774759002
train:3872,-0.9760134340057648,0.3206336714345524
train:3873,16.448844253237933,8.685357281737568
train:3874,-0.9989740317700028,0.18301634904449804
train:3875,-5.892320643455813,-0.2251688977087421
train:3876,0.295436902451644,2.26829044319605
train:3877,-1.2019237905446465,0.08034578931680336
train:3878,8.629878884180496,4.030377849478145
train:3879,1.4674936743758118,0.5558336984242402
train:3880,-16.53812187314878,-1.893532681297479
train:3881,6.75620735320341,3.5198547280061447
train:3882,6.4593209870854,5.125335516799879
train:3883,-8.327834442788145,-3.9421387744487437
train:3884,2.0786166247476308,0.2570003877745253
train:3885,-0.9490994189495908,-4.03999923964546
train:3886,-1.4059974849109005,-9.612976731957104
train:3887,-7.930615380846282,-3.169658449783912
train:3888,0.3117447778381601,-0.04020373642491881
train:3889,-0.08668818103428941,0.06396490446865102
train:3890,14.000259327056332,2.5516785812504432
train:3891,0.6228829262076732,-0.24574985946428707
train:3892,-2.3863178186536156,0.02291404239815091
train:3893,-2.194030919359251,-10.983190443180447
train:3894,21.55751577057635,9.243356208849914
train:3895,-5.002285927935094,-3.0807687816420066
train:3896,8.757260420839867,3.4622260378392786
train:3897,-0.2742482744714056,0.17861797361119677
train:3898,0.39501794455564715,-0.1518479464236237
train:3899,20.866964164093424,6.551371832335412
train:3900,-10.143184525868843,-11.395499585968537
train:3901,2.0876053199816273,4.07096941507083
train:3902,0.48335707370290787,-0.12790625263635758
train:3903,-3.9402460621236037,-0.06975956106835904
train:3904,9.01698322317259,2.400846302707894
train:3905,1.2525562766097025,6.3879909662839065
train:3906,0.5559468083858536,-0.1319678772276392
train:3907,3.5779922657704106,-0.05469322425400888
train:3908,-0.9158434781829093,-0.9647504626344607
train:3909,-0.8186461791035524,-0.05437109614501487
train:3910,1.524031702652997,-0.32960203174406344
train:3911,2.8710946607495664,1.3990479989107403
train:3912,4.056932486988729,0.23365480218187007
train:3913,-0.16146279071734737,-0.2035246849362209
train:3914,-0.10391159320003113,-0.015443240918622078
train:3915,-7.464329721310706,-3.9015026986833368
train:3916,3.4294544722076234,0.1687856479247592
train:3917,6.37134577131325,0.07061047298117001
train:3918,8.00222582834448,14.357471197530623
train:3919,1.0409081629431347,0.9866000471545149
train:3920,-2.4890641283859862,-2.19273619674916
train:3921,0.9480636444124637,-0.09180087020553251
train:3922,2.0316623847994824,1.1279192749034201
train:3923,13.591713039983555,5.015076400605524
train:3924,-9.656764728312233,-9.353842500872675
train:3925,4.63419882450106,0.24729631415628328
train:3926,2.2692746891525624,1.793215109151151
train:3927,0.7823778713828962,-0.2061534956822052
train:3928,-3.367209534750866,-3.0717323606145936
train:3929,-19.859403384543796,-8.103505527011064
train:3930,3.8486868645847045,-0.004445519075243834
train:3931,-0.26935595834709886,0.02119098513489598
train:3932,-13.262642073746749,-1.4166969128571036
train:3933,0.4171143788117549,-0.07374543276952739
train:3934,0.9975149507773801,2.1720009588391225
train:3935,-0.5531347016721184,0.2590885140505861
train:3936,7.282527677866016,2.8235752483980265
train:3937,-3.877166194049295,-1.3704632548894833
train:3938,-3.94561212814154,-0.07639000753501737
train:3939,-1.4447987169987515,-0.14291024667673505
train:3940,-1.0230490343380008,-0.30544292288234787
train:3941,-4.971996154314006,0.19989754535334214
train:3942,-23.99424410483256,-6.883336749319843
train:3943,-0.5777722531815217,0.05423600786946796
train:3944,1.468623653881668,-0.20267927697612415
train:3945,-3.2098604115913933,-0.818961101064821
train:3946,-0.043476518754170274,0.1145397308847603
train:3947,-5.43437883999578,-0.9412212725793274
train:3948,-5.354600566691335,-0.1665013515234109
train:3949,0.20379930710435237,0.23771500016505165
train:3950,0.14117947388749955,-3.738281327417419
train:3951,0.9520484435668335,1.031357879042621
train:3952,1.799906865809508,0.03597556684948389
train:3953,0.7617009433708766,-0.36031619083434907
train:3954,-18.783800510246664,-9.868151269599
train:3955,-1.8340502727560368,-8.843232070984952
train:3956,10.25241322547026,0.4888590132722478
train:3957,1.4325993679318465,-0.04871801888770905
train:3958,1.3120697703620912,0.42770931165361864
train:3959,-6.2864591687978795,-5.223238554736853
train:3960,2.1783523678105206,-0.14485285892658953
train:3961,-0.05243685408285645,-0.6552023265276099
train:3962,3.4104740244329506,9.635214639201994
train:3963,11.729233443441558,4.410539520017816
train:3964,-0.773244760200276,-0.004763224699127655
train:3965,0.7946921142019129,-0.10336367151734535
train:3966,3.239655108542177,0.3497795602404398
train:3967,3.2437419568640165,1.9064943546933368
train:3968,-0.6616201728980274,-0.5900014858872344
train:3969,-4.7874085043949695,-0.42471470707924946
train:3970,0.1385868671339885,0.12025843211466898
train:3971,0.7399208847797494,-0.12564258223358415
train:3972,0.04192236234128516,-0.1080632039205697
train:3973,-0.11860423250416835,0.2833360012841005
train:3974,-4.551645637801321,-3.222868934664886
train:3975,6.492075282969621,0.0608988383399977
train:3976,0.7094334054253284,2.267899552576633
train:3977,9.880654849666527,0.7136465487264052
train:3978,-14.865406306619711,-8.248033481698629
train:3979,-11.544972802885127,-10.931001695020738
train:3980,-1.569887750492775,0.03277696882833481
train:3981,-2.3208224770048673,-0.061950950302264496
train:3982,-6.7068152643083305,-6.66066490934328
train:3983,1.8276375066636814,2.389432296620918
train:3984,2.6360756605247184,-0.5425477926724409
train:3985,-0.3110887213027459,-0.25792553161588655
train:3986,0.16104419280808474,0.050934979386734414
train:3987,-30.159536886402236,-8.70708058841771
train:3988,-2.3694355389554413,-11.444347788601142
train:3989,-10.236915407669589,-1.1056039028386957
train:3990,1.7451362175329455,-0.009199405247080558
train:3991,-3.1457502885962962,-0.06591620751638691
train:3992,0.39018176709636077,0.0037135379706309674
train:3993,17.904581438651498,10.661636341467029
train:3994,11.18481624477547,2.204251146870745
train:3995,-1.567725191483727,-0.5529036835316012
train:3996,-0.8662094596411564,0.05779539507912274
train:3997,6.218015386211224,13.54837326679664
train:3998,8.696382397217208,3.7992941575003765
train:3999,0.9447308906219959,0.8331878905238135
train:4000,7.2535805830406135,0.7898161510657276
train:4001,-2.4940117695714727,-1.4300063104658225
train:4002,-3.937185052015989,-3.295334349072397
train:4003,-3.902864917425441,-6.159008442534786
train:4004,1.401457634860241,4.048708907599082
train:4005,1.392136059426206,0.28673143555785563
train:4006,4.295270990884351,0.22205562236350568
train:4007,1.8800145324403874,2.6971683551190697
train:4008,3.4489188980384977,0.08412102233199753
train:4009,-0.11419612689430286,-0.0794328912820447
train:4010,3.6514469775653278,-0.09324003245687512
train:4011,6.970336261209929,3.7589354143496214
train:4012,7.157969114076243,0.5827781882709219
train:4013,-0.772169175922638,0.17603538496765447
train:4014,-1.9427370528180026,-0.598774697720186
train:4015,-0.33773145759254786,0.5365214192520804
train:4016,-0.8976557130074895,0.022235761576976418
train:4017,-3.030908014332504,-9.641976821415165
train:4018,-2.325498142049261,-0.9541039717053177
train:4019,-0.4363203679271629,0.14938684497133065
train:4020,0.2964597187087451,1.4074157687216542
train:4021,0.5723646365200081,0.01734741759170884
train:4022,-0.10560028608632907,2.71625893939248
train:4023,6.63778150270792,0.4572816136206146
train:4024,0.2379800829798694,-0.20343109944485682
train:4025,32.856410750834804,11.678737157049497
train:4026,4.2309074884073805,6.49890974606373
train:4027,22.59959072796571,7.286688445350387
train:4028,3.274698885634623,-0.061766917857356496
train:4029,7.995924350367777,5.428149634692008
train:4030,1.0873912100382956,-0.5734743737088259
train:4031,-1.4765206658380214,-0.02442045770988245
train:4032,-6.1689357211910405,-0.2843844753957121
train:4033,-0.18536472812547877,0.01148305967478383
train:4034,1.041469549593339,0.7978140013962953
train:4035,-2.8089792025326283,-1.4394538799476733
train:4036,1.3926658317557363,0.14256994082599422
train:4037,-11.868309197411772,-1.6556259507595437
train:4038,14.97031686195024,12.311780235371026
train:4039,0.32424591708233813,-0.028752067884100813
train:4040,-0.07748004522149649,0.014569597629673053
train:4041,1.4821118108139486,0.6373242636551739
train:4042,2.210355358662253,0.23237056957019422
train:4043,1.8505862490576668,-0.7556381046665572
train:4044,2.1100066232198236,-0.000305288377648788
train:4045,-1.8522922007014353,-1.1595743418545725
train:4046,0.22800425382865,-0.23916156926698556
train:4047,-4.425328294965815,-4.023584116202906
train:4048,-0.08543871799294431,0.038192658497790306
train:4049,0.2532078411530627,-0.2995957555930286
train:4050,-0.6219783718134314,-1.6426375399733388
train:4051,0.3719339114658362,-0.07559766939624293
train:4052,-3.279751306105034,0.011637703992830553
train:4053,-1.0756078424585822,0.09410271388651159
train:4054,0.688267152817582,1.5091732992653093
train:4055,-0.16396590104836206,-0.36395832131380745
train:4056,-0.25334934883994703,-1.1944751677361103
train:4057,5.173705575300102,8.898926791392496
train:4058,-8.381396540673647,-2.5341638881032376
train:4059,-5.184277949143496,0.06048612061664975
train:4060,2.1022241537944852,0.2265862443676827
train:4061,-3.2052326329444916,-7.290654475687436
train:4062,-2.21204178381384,-0.09257822895925633
train:4063,-1.4573398390602526,-3.8550409260805165
train:4064,4.367927673540488,1.401845292073342
train:4065,0.026403217763938155,-0.02970846595438241
train:4066,-2.064246229412172,2.143536418061825
train:4067,-2.0074483128223872,0.025371731502532788
train:4068,2.2340763273303494,-0.10859675534999291
train:4069,4.782022738808039,0.2085805955543697
train:4070,-0.13570397688609692,0.2253119266823023
train:4071,-2.8364729684399865,0.1364298908937322
train:4072,0.09476244493256969,0.21853375494688254
train:4073,4.939774944556105,1.838288221429371
train:4074,11.968795607513856,1.8707536846232926
train:4075,-1.4090629117250804,1.788503593239886
train:4076,-7.659031629263031,-3.9041493420305717
train:4077,5.734832802108338,1.7961246763712275
train:4078,0.8622549394394471,-0.1160864478753186
train:4079,6.443406431041387,2.828780656033533
train:4080,-6.314255595334044,-2.101360236010467
train:4081,1.4694695694179387,0.07348408967712497
train:4082,8.353280543438565,0.753747931775909
train:4083,0.848283269367446,-0.8065553170266815
train:4084,0.4597323427462749,-0.24537437621235075
train:4085,0.5970225281254334,-0.05922784076086607
train:4086,15.522868239359163,5.841944161833881
train:4087,-4.312288036980442,-0.10882073282170265
train:4088,1.16742030578397,-0.2160263370386845
train:4089,-6.830429117809726,-3.7434442221315436
train:4090,3.232025131722443,-0.1885679829543605
train:4091,1.0682309558147889,-0.2658400680334107
train:4092,11.435716791974215,8.003116767120542
train:4093,10.485226661911614,2.742178981962507
train:4094,6.355862657763143,3.7137618688611567
train:4095,11.346279878787373,1.927101138055493
train:4096,24.69679177818503,15.619811651946158
train:4097,-0.14879893070499423,-0.15451641687478973
train:4098,0.22475379025523073,0.059677091163104566
train:4099,-3.1089084470155144,-11.179543075640586
train:4100,2.61756408102063,0.049180679406088126
train:4101,0.48405444842365863,-0.06516823688952439
train:4102,-0.04265036216832088,-0.24755936917840576
train:4103,-0.750540563875034,-0.2685220912615273
train:4104,2.000693368200383,0.03914035425866152
train:4105,2.4249696394744142,0.10627681676920098
train:4106,0.4672102918768852,-0.12707789264305658
train:4107,-0.48579922059354896,0.2957338676472846
train:4108,-0.7558266642583247,0.1833416870217172
train:4109,-2.0810280871505586,-2.141101400514705
train:4110,0.20599371289231475,-0.14881982807043204
train:4111,-0.07291503029946206,-0.05733701438504385
train:4112,13.35900002550199,4.896214266924556
train:4113,-0.5090538780317035,0.2610438944429361
train:4114,10.346651796067713,10.304930675986956
train:4115,2.005716790772191,3.3677999889826524
train:4116,-2.9013092909776255,-2.8199899567398266
train:4117,3.275881633161016,-0.020996740930543573
train:4118,7.724356870861343,6.481565044783176
train:4119,1.501391664802064,2.5007754923105097
train:4120,2.1547027638221805,-8.323682687413902e-05
train:4121,7.650886584364329,7.246831868250854
train:4122,-3.734533072247105,-0.3540254910867205
train:4123,-5.769633368500055,-12.329546701824835
train:4124,-0.7739170294310797,0.2811478697802253
train:4125,-4.618504347029138,-5.157855393581291
train:4126,-29.105809262345613,-10.527656216246958
train:4127,0.22718518721912823,0.046607078393576216
train:4128,2.9606468732235727,7.9984089603903366
train:4129,-5.534025319094414,-0.36248056931335815
train:4130,-6.77160602503088,-2.7250369188510377
train:4131,-0.5365295121963222,-2.040999020688742
train:4132,-2.9577334147170884,-0.2673367939215908
train:4133,-15.290352987458624,-2.9550891731724613
train:4134,-1.5555876169273004,-0.04141977716941167
train:4135,-9.139878023955463,-2.5164842192407884
train:4136,2.1978895530705933,0.44579142666109495
train:4137,-13.907933131019991,-1.143620155489149
train:4138,-5.193539550351546,-1.3077604050323166
train:4139,-2.6707451204689336,0.06807952755084995
train:4140,-0.2536821128108653,-0.36869080836414325
train:4141,-5.312719495378409,-11.74534954356295
train:4142,-0.05843776355491667,0.008515429505034783
train:4143,0.5834133766791026,0.48089968136038164
train:4144,2.7569211688429736,3.162359862925119
train:4145,3.0655071581927795,8.081510594148671
train:4146,6.650938174189603,6.250390620530243
train:4147,-2.3710569351811865,0.014825959105254194
train:4148,4.15207067097595,0.2794780963295077
train:4149,0.445976393921226,-0.043161950981207425
train:4150,0.5819189026525338,-0.10834260511696686
train:4151,-2.246144337491513,-0.2575637438017108
train:4152,-2.3514448983677534,-3.121297291156669
train:4153,-0.6589566663812401,-4.448952714860583
train:4154,4.209738446300751,7.694856430145617
train:4155,-5.236490859402585,-15.195984705820283
train:4156,0.12226667146073912,-0.020763633166993437
train:4157,-0.7542259568159614,0.19414795805806712
train:4158,6.942193471895792,6.69414334713018
train:4159,6.170590185868329,0.19780784980837124
train:4160,14.84186973671756,7.404550812074833
train:4161,-0.10446867937279086,0.05353482998828747
train:4162,3.166659269313514,-0.03264956121347029
train:4163,-13.502944384856004,-6.76183367872404
train:4164,-3.4456772084967797,-0.2782437121594001
train:4165,-1.334695801337181,0.08196306358943868
train:4166,6.144356808539608,0.1621510642946107
train:4167,-1.936192191063757,0.015810176033487
train:4168,10.213747051619995,1.670901725154512
train:4169,-1.8489408502517475,-0.0027713944698210397
train:4170,-2.9165009018944597,-2.436554791253753
train:4171,5.153048406238503,6.465450650328115
train:4172,1.6017424923686558,0.053498665472950895
train:4173,2.5926798913183213,-0.8271795050076582
train:4174,-0.5691766448317882,0.03752693182789636
train:4175,-5.586453020767494,-2.8494662479816886
train:4176,0.3083056744027778,-0.014161790192741358
train:4177,-2.2076534371543963,-2.431057499600974
train:4178,4.852578463888795,7.097935068917659
train:4179,-1.3473285119453409,0.12067985214742731
train:4180,6.828158292642148,0.3274428718961485
train:4181,7.34156323747645,1.3894998535578351
train:4182,-7.248114733056181,-10.937508169243502
train:4183,4.219718343471175,1.1962760579827527
train:4184,0.49519849646125563,0.3838588738475568
train:4185,1.3806024113779496,0.8232079108990196
train:4186,4.530083568191856,8.542727286466327
train:4187,0.8944416885300974,-0.27360709317338844
train:4188,-0.655451893492987,0.942726569627637
train:4189,-0.7037051100876537,-0.18546503900632055
train:4190,0.8438860892948723,0.17885964102334728
train:4191,19.874733832411486,8.225863932004787
train:4192,6.942441272379899,2.452993679232702
train:4193,-6.18458666959061,-5.209461514992935
train:4194,0.35151512832961457,-0.2511169017975305
train:4195,1.8528220324123934,-0.30618026527886494
train:4196,3.1028973687623114,0.03670256633727551
train:4197,21.9199274654561,4.623284735512527
train:4198,-0.8116612739005129,0.21094077599511235
train:4199,-1.1239796127557766,0.251429483143783
train:4200,-7.176492489569157,-3.8710945470305145
train:4201,-17.18409914714724,-4.350366106140936
train:4202,-0.9880673235957013,0.7296589407023115
train:4203,-0.8685270682964513,0.17060407393950328
train:4204,2.059073860489792,-0.02984256711578824
train:4205,-0.6526363592870761,-0.2262312927608583
train:4206,-3.7327026960633747,-2.2188812154165674
train:4207,8.766108711296752,2.836945134190188
train:4208,-6.714648177171803,-4.853509098589695
train:4209,0.26395915099375694,0.15325698309038144
train:4210,3.550643088888488,0.23629145927240475
train:4211,0.22760163615653656,0.06347942973219992
train:4212,-42.776559352843854,-16.574895020021604
train:4213,8.608368128460699,5.3471257129706045
train:4214,-4.023375453419496,0.17397807342655502
train:4215,4.0554354559215176,0.06893706167979724
train:4216,36.74588343004278,14.989124188919451
train:4217,-0.10388892852160672,-0.06641637631626868
train:4218,24.414723230133532,7.444209375970077
train:4219,0.029146224998891107,-2.5690313313552338
train:4220,5.012996500736052,0.2518840004844628
train:4221,0.3045646077133104,-0.0014636228244941651
train:4222,-0.8332138721035552,-0.07889120818645115
train:4223,-0.04276333687308251,-0.030217907706914557
train:4224,-0.2936027475546415,0.009713708978681887
train:4225,0.7987275892526573,0.6880187824908783
train:4226,-20.43110932094934,-9.48548361927076
train:4227,4.998525045447512,8.82199209912911
train:4228,3.520058558218763,0.04150866636557451
train:4229,0.16681473616405695,0.035339299636856225
train:4230,-0.749669310390576,2.3415553287828357
train:4231,11.752204036910127,1.4364458169498167
train:4232,-7.617223084921062,-5.011857461907422
train:4233,0.6597352284092662,0.06595923126213275
train:4234,-1.55065462061095,-0.03513999097374859
train:4235,-5.582923374847534,-13.8138399857345
train:4236,1.9168821768858368,2.9797448958253376
train:4237,-0.08207760429716593,-0.08589385670641567
train:4238,-5.586820304787089,-0.4473274440909028
train:4239,-4.8629011775821605,-0.01992714150752206
train:4240,1.9962627141412135,1.3674567611605366
train:4241,-6.520493475917027,-1.5436811544341558
train:4242,-2.73388868210107,-1.406467704797229
train:4243,15.112157301153175,5.322469930498852
train:4244,2.0948368633775725,4.47066277710845
train:4245,0.030422653196105237,-0.04221910568787643
train:4246,-9.137585055873634,-0.07765605089341743
train:4247,-9.403528440715453,-5.629292306327791
train:4248,1.0195473427882988,5.872606535050135
train:4249,-2.265868651634987,-0.15119099339354514
train:4250,3.215000355122995,0.1593434995536886
train:4251,3.6215072860540563,4.181189156881623
train:4252,2.903644858298848,1.8771383265143105
train:4253,0.05125742035325473,0.49555936353580915
train:4254,-4.924840140613321,-5.713283002254084
train:4255,-38.04106141707582,-13.478924903018017
train:4256,4.97944301342185,0.9517123460674977
train:4257,3.0728263383452985,6.36714023293664
train:4258,10.740056683203548,17.925276536262253
train:4259,-6.014838223896189,-0.02980918448624678
train:4260,6.302209901163943,9.902534747564578
train:4261,4.598670836894173,9.868579192210142
train:4262,-0.13701934183855297,-0.9843714597994739
train:4263,0.018531019457863396,-0.20446610362145184
train:4264,21.736341245636062,10.238941491710488
train:4265,-3.2438481308983826,-0.1781483940435324
train:4266,0.2095065055898564,0.0906926925449333
train:4267,-0.30660471807743866,-0.2643031831272139
train:4268,2.5741269342474684,6.537897233508706
train:4269,0.2625187235080463,-0.02534789563573278
train:4270,8.423187245112542,7.723825704868716
train:4271,7.837611920260707,12.959785579446004
train:4272,2.116503133660097,1.2925966423962612
train:4273,-23.162748418121105,-9.820693153899096
train:4274,-2.299574399096553,-1.2016467266551223
train:4275,11.595471393003798,12.583964506711581
train:4276,1.761447579793065,2.219128957424672
train:4277,-9.601532650428773,-2.4111825661941495
train:4278,-4.646150140625619,-1.5351514646038849
train:4279,-3.5846100600306667,-9.467879275315994
train:4280,-0.42492944923842013,0.07150602621598395
train:4281,1.9917885903911166,-0.07585410220222907
train:4282,2.606460480716837,-0.1605444067407919
train:4283,0.3485450093939371,-0.0392148830203608
train:4284,1.4285476208042844,0.2992739243171836
train:4285,1.354508276535138,-0.1523772180287467
train:4286,0.11174026496748701,0.026056788712182574
train:4287,3.904843196431399,6.8799510631578995
train:4288,-0.8521245824061533,0.0910861510589304
train:4289,-0.7542545491795122,-0.43296292713137813
train:4290,-6.963644426466417,-0.25607008512094587
train:4291,0.48714358597834423,-0.5500272136194462
train:4292,-0.15598316884904834,-0.12380225778450413
train:4293,-3.097703959835452,0.06210089832510997
train:4294,-7.450772756739311,-12.34874656427871
train:4295,-34.66108884918242,-12.057797260633178
train:4296,2.0057560762147935,0.5332339435462974
train:4297,0.4430423060127874,1.0260982602993123
train:4298,-0.9242480058591572,0.23356941968708136
train:4299,8.16809966009041,7.982519970015086
train:4300,-0.13157191543652863,0.3695579122788899
train:4301,-3.543300835988756,-7.412538735967576
train:4302,13.561450696434816,1.3999740102284906
train:4303,9.988169575281152,3.101490204476532
train:4304,6.664284066678851,1.9268193829557307
train:4305,1.5778427633138068,3.649486040912862
train:4306,-0.18552907610133573,-0.054796225358833356
train:4307,-1.764119860341554,-0.1797146670765905
train:4308,0.004111402356900079,0.36369747753424003
train:4309,-0.622722005723992,-0.34189896558416816
train:4310,0.8191430017443954,-0.22906182589219137
train:4311,1.7478248295396797,0.12841263869300357
train:4312,-0.8253195902646566,0.1067072957633947
train:4313,-0.876601737729784,-2.1482051955489636
train:4314,-1.4448324234435876,-0.08519553204143529
train:4315,-4.792115783760037,-4.564924540530827
train:4316,35.14308572318322,14.573350100377931
train:4317,-5.7526313728081515,-4.964514616142003
train:4318,-5.773068171457993,-0.007293599486207683
train:4319,-0.5331418982611553,0.09157462167239165
train:4320,-0.016340389849437115,0.003180557184447791
train:4321,1.226809434377825,0.1022850246444174
train:4322,0.8704483950335477,-0.006716750500947596
train:4323,5.197235928211193,12.002072747139398
train:4324,12.066835335255881,1.4826336807974252
train:4325,-0.1459926948286932,0.2005274641599245
train:4326,0.6475076925138628,0.5007758987144959
train:4327,-1.0213781245070819,-1.0984022424887725
train:4328,36.00913958172325,16.726434979023722
train:4329,0.13454395341955613,-0.264651132842819
train:4330,0.8491352288179632,-0.2054607347888151
train:4331,0.2770124947876494,-0.18025941737959922
train:4332,-7.683711255713919,-12.883555691402927
train:4333,-4.737783319266346,-4.7042733371719265
train:4334,0.059560131320272935,0.6105563878912799
train:4335,16.216240959045766,5.576368509856053
train:4336,-3.1448795000283187,0.05049601207434533
train:4337,0.9890532383740307,0.45128472381119383
train:4338,-0.16150091386874843,0.21947652890980854
train:4339,-0.24880060599473014,-0.36144934564822834
train:4340,9.062223316057132,3.635346642711527
train:4341,4.8288900393743335,4.751050615667603
train:4342,0.20942793470465182,-0.20637404929447478
train:4343,3.3778522297456717,0.3627919380427257
train:4344,-0.6052183651496286,-0.1727451871949524
train:4345,-0.48319824534338884,0.14415047994005292
train:4346,-3.1353784668328104,-0.4413355474098322
train:4347,0.5729433413091112,-0.06483084407385972
train:4348,-4.223144486092796,-5.705249486721014
train:4349,3.8801614778563485,0.3931046496136538
train:4350,19.835413056156675,5.736757493400107
train:4351,3.343236175815286,0.17032895256740632
train:4352,2.27500431985825,8.436475227103426
train:4353,0.7301705401215728,-0.2637636399437704
train:4354,-3.030662073514319,-5.923273437507575
train:4355,2.00453590291172,-0.10344384689256883
train:4356,-1.7218066491600021,-0.07327265484516682
train:4357,-0.28557642943528083,0.03636082236690565
train:4358,7.7887547771578705,10.433012692497007
train:4359,8.734778919508784,9.294154870076923
train:4360,-2.24245359801106,-0.008823708003929218
train:4361,-1.2979476404272203,-0.20872295953122694
train:4362,-1.940520795955457,-5.60812372469583
train:4363,5.3111623170083995,0.6819910779464962
train:4364,12.947863223799864,19.0848738165978
train:4365,-9.965008074215909,-6.919303251452128
train:4366,-1.9945175907502266,-2.3044340472124274
train:4367,-0.10743391668542307,-0.12970342219041073
train:4368,1.8103944517766384,0.48426176866979787
train:4369,2.0676078674058593,0.2175304214701089
train:4370,-0.9570067184499432,0.1884912429501061
train:4371,-3.6918132916033555,-11.141845241918068
train:4372,-1.2112118919920856,-0.11593808063291214
train:4373,2.2795458564980193,-0.204929751253972
train:4374,1.7518377561411196,0.08882069739603189
train:4375,37.92788709006726,13.575681969691267
train:4376,-3.260977513705943,-4.366652549532865
train:4377,-0.08419436903288471,-0.9130016804128103
train:4378,6.49145182996927,1.8500354831685217
train:4379,-0.8905478373953576,0.6485446790229719
train:4380,3.7093069958548166,0.024046412577575157
train:4381,1.912904583936915,0.21895296373708575
train:4382,-0.21212497205572733,-4.040349329273215
train:4383,-4.435974417452797,-0.4544626245033631
train:4384,-1.0322385734915733,-4.067677148716383
train:4385,-0.08439056378765594,-0.1072333459887636
train:4386,-0.519460800989467,0.26921935748196163
train:4387,-9.7566083319986,-11.263638769923043
train:4388,1.2649941872125328,4.201684379490354
train:4389,0.967236335151824,-0.08581161274944707
train:4390,0.3979551706503292,3.029170874738467
train:4391,-16.631017764950546,-9.053441633242612
train:4392,-0.39792070744934405,-0.06902150536779195
train:4393,-0.3082638887672248,0.07260508509627175
train:4394,3.9902648584343994,1.8602022057936138
train:4395,6.727001764814849,2.1524726912006136
train:4396,2.7080356658348266,2.142326083749732
train:4397,0.3463072501441681,-0.0767585717376684
train:4398,-4.041374694962073,-7.215381496539003
train:4399,-2.3540874836429184,0.08979221751217414
train:4400,13.762510337257986,2.42375534622193
train:4401,-11.769821290182545,-8.224185159411512
train:4402,0.7144010380194763,0.0866980472039496
train:4403,11.681585083188024,2.5147559663694974
train:4404,-8.48849284145582,-2.809143170033435
train:4405,-4.641681828331529,-6.441524780379232
train:4406,-4.433341595423722,-0.04206317742253965
train:4407,-0.3488989839124102,-0.40810585025670726
train:4408,-1.4239957966205163,-1.77443059213408
train:4409,31.086737782130314,13.198963845783526
train:4410,6.858327652894787,13.426583162651104
train:4411,0.28469314750375796,0.032501704795427834
train:4412,1.5985289896554367,4.281221775571493
train:4413,-4.420002676681682,-1.2375771356024747
train:4414,-4.419547523447272,-8.333002830781563
train:4415,-15.420075843513796,-3.638655292036067
train:4416,-36.179967271645715,-12.347747938608666
train:4417,5.2905660520057465,1.619275488568657
train:4418,-28.195246159628393,-13.244974870045603
train:4419,0.1983709422780285,-0.10752701326616138
train:4420,23.059517724797477,11.68893911689466
train:4421,-0.0554425391292922,-0.39772370980850574
train:4422,-2.9829895376037974,0.07652233694782709
train:4423,-2.439663033000964,0.08678378635076332
train:4424,0.622319796120667,0.48936503116533975
train:4425,1.6342875758366522,-0.0026484208515956814
train:4426,-1.923762648957576,-4.957346766404052
train:4427,3.119835438438146,0.0505184098215163
train:4428,-1.7543782328673867,-0.1716434177592745
train:4429,-9.781985333170239,-0.34444189452252877
train:4430,-8.486778229475734,-8.663572465225258
train:4431,-3.3997834430406533,-10.57116776329885
train:4432,0.34453673195730206,-0.05835818046306826
train:4433,0.9375930278968717,-0.1561758474167819
train:4434,-1.4092969971730125,-6.961303735204434
train:4435,-2.8851427502011813,0.08804947305713835
train:4436,-2.9356452327285094,-0.03219775442818065
train:4437,0.24726597607402606,-0.32122769953588926
train:4438,2.394380459639884,3.5137936408322212
train:4439,0.5618200982840166,-0.19954245108570773
train:4440,-23.26002010383734,-8.205829848952874
train:4441,4.511114975787436,10.012293409637431
train:4442,-5.372921065521938,-0.09519213165059501
train:4443,5.041477749247993,0.4231671341238311
train:4444,-0.13225162333102036,4.356042519952206
train:4445,-0.8100403425912479,0.07886525543055897
train:4446,-2.928969496985003,0.19309191141199616
train:4447,1.3873695032098747,0.48513342621893574
train:4448,2.1984018910321046,0.21056486476074598
train:4449,-0.0515665304313595,-0.30455464534884424
train:4450,-1.2923360985075791,-4.254452675679185
train:4451,-19.60652415280404,-14.905139259244436
train:4452,0.05945366544623833,-0.06293152937984212
train:4453,-0.08456792942496688,1.2173490568720091
train:4454,2.4861249857776904,0.1463781284882998
train:4455,7.568143073747253,12.830822489773356
train:4456,9.994343666142198,2.233661528818384
train:4457,-2.3118505187641687,-0.06427717747022565
train:4458,1.6977688992918725,2.4402766093071286
train:4459,-0.6608618941183312,-0.010448115317064854
train:4460,2.0321833237158833,0.10495699028542858
train:4461,-2.384736172786953,0.26831403198166226
train:4462,-1.1360225768084211,2.698847472852843
train:4463,2.8352328631096797,-0.2115898711691116
train:4464,-0.1109166060408523,-0.018918030267943184
train:4465,-3.8543606459313047,-0.14191447422289175
train:4466,3.9316347059949615,12.872707703591178
train:4467,-1.1470062286602456,-2.999124000075456
train:4468,-2.89088214415296,-2.6201267270670554
train:4469,-2.8921234711558963,0.003392123165686989
train:4470,-0.583076485307552,1.8428740531670202
train:4471,-2.77767684081701,-12.073560709495624
train:4472,1.9581702472278852,0.1926376793929364
train:4473,4.042140936703365,-0.04572371114648885
train:4474,-12.812820501535137,-9.508386956352396
train:4475,7.996387407182356,14.155573054063924
train:4476,2.8810945493286515,0.3635263558926376
train:4477,2.628105132383018,2.6426625100832397
train:4478,1.5837065224241194,5.352358511481632
train:4479,3.191449080970281,0.32991603969841604
train:4480,1.5359844729084249,-0.2443584885842966
train:4481,-1.4545231425631404,-0.2684727306212652
train:4482,0.9562580298395253,1.0453501939488397
train:4483,0.9154420821834253,-0.10510691528521615
train:4484,11.871464412488116,4.101829801491371
train:4485,4.240744656218291,1.4039115912454718
train:4486,-2.5605227212718744,-1.3015007340108644
train:4487,0.17181258832943735,-0.17069343942544318
train:4488,1.8001005035236366,7.602394535321156
train:4489,-7.493717092043143,-0.25674037693676
train:4490,2.9725559413298335,4.961120370331458
train:4491,-3.9009694529344405,-8.09468851830944
train:4492,-1.6176711689838958,0.11282523327010574
train:4493,9.345826088494283,1.4896831220630717
train:4494,10.726838177829958,7.801292807275045
train:4495,-0.5400863557303913,-0.9856786608015606
train:4496,4.649248635891342,0.6962397899934982
train:4497,-5.975265927825427,-0.036326072948140165
train:4498,0.8781016176773067,-0.1436034355525552
train:4499,2.340001038581662,0.031659649364366216
train:4500,-3.694400551817341,0.0016667833294719686
train:4501,2.8023786101821506,-0.13935599525624048
train:4502,-4.924920106247966,-8.4028352972796
train:4503,21.771758583120594,7.165847891556252
train:4504,-6.291119956514897,-2.2703128626575735
train:4505,17.553634584180887,13.606140623270832
train:4506,-0.5460054399018834,-0.059697979460241524
train:4507,-1.6855861684554094,-0.46807267976916994
train:4508,-6.927838418804191,-0.25069319919181204
train:4509,-1.5258473745861636,-0.044565876012478495
train:4510,0.3172070815675605,0.30158688402981415
train:4511,3.3889628037966726,5.316563772964595
train:4512,-1.9881665991683493,0.34720710051440795
train:4513,1.0600808536824948,2.145014384053489
train:4514,1.221835990327671,0.03643835851714402
train:4515,-2.086711226208197,0.28361162196903245
train:4516,8.738319723424276,13.482713914312905
train:4517,0.858868952711962,-0.13074584472912607
train:4518,3.4181191110383007,3.3610153261803775
train:4519,2.5168803732539997,11.18621840044352
train:4520,-0.3894248236846779,0.01425731311656947
train:4521,-2.97581169206135,0.14602497165312944
train:4522,-5.8357607641040445,0.16944502618860788
train:4523,0.8801381843201391,-0.15063547219938098
train:4524,2.9218974793232975,0.7095792890331285
train:4525,-0.24022417544981728,-0.035671973134261736
train:4526,5.118908659242391,12.072841639194316
train:4527,-30.212466697874255,-9.308155661789808
train:4528,0.025555558790865615,0.024050977723495348
train:4529,20.29721087690598,8.191260125929682
train:4530,7.8923437480111485,3.0908402896879488
train:4531,4.3769089301107975,3.5556460426637413
train:4532,5.350471470351198,11.101974338918657
train:4533,-7.691036479780685,-3.6617985846001333
train:4534,-8.303593697494849,-3.21720843904546
train:4535,7.917001988303934,0.6829282168074269
train:4536,-0.8772168222334863,0.1683234269003391
train:4537,13.860166973820077,3.010544794062437
train:4538,-0.9649739921762804,0.4021828702583986
train:4539,1.6592707927493078,-0.8804356413478343
train:4540,-2.936202202672149,0.06703332450066946
train:4541,2.0565502938336353,0.19841658348466773
train:4542,-6.43623573232296,-5.858291438549749
train:4543,1.188130707782586,0.15479554426109585
train:4544,1.3967752285268804,3.662029349971847
train:4545,-0.8954022628265036,0.26516443794875033
train:4546,2.2203868615620124,0.10993050277426986
train:4547,-0.3174615639592065,-0.16093258680481876
train:4548,-33.12783520914205,-15.310083680376765
train:4549,1.8757977399622479,-0.07482480445803433
train:4550,0.053304215158658186,-0.1216813195221419
train:4551,-1.152049410182475,0.042321832982609865
train:4552,-0.42439305184904264,0.3753230496024556
train:4553,0.7308510616199054,0.3890225531961363
train:4554,11.76797028459686,6.357446145575098
train:4555,0.4694830360918119,0.10403319021023341
train:4556,-2.850924432319864,-0.24349246613715392
train:4557,-32.674296164752356,-10.532780592542382
train:4558,2.4982974290701545,0.027148001247920023
train:4559,-13.582136398478537,-4.795149985075598
train:4560,-24.90928528308996,-7.178642914102966
train:4561,2.7984003198585077,2.7047661845383804
train:4562,-4.131700993376113,-0.07058085935156477
train:4563,2.4282142915918272,-0.1508039546159983
train:4564,-3.3112405642458134,-1.4650828944652878
train:4565,-0.630433807844294,-0.017197612229673365
train:4566,-7.763769873656106,-4.974459215885915
train:4567,0.4284574111030061,-0.12326899167670094
train:4568,-5.792151598233097,-11.99599773902497
train:4569,0.5634818260144454,-0.0984044964399097
train:4570,-4.303477869674958,-0.16698383038285192
train:4571,0.43438625852058876,1.9389270059009573
train:4572,-1.6526607833063638,-4.159246557513446
train:4573,-5.159889825325881,-0.07613250477295619
train:4574,5.78789325511138,2.1074707666665864
train:4575,-4.339730662074945,-6.122570589086242
train:4576,1.6424182677058852,-0.06352093251638277
train:4577,-0.7992052315549435,0.1418843843035094
train:4578,1.6412083225653826,-1.486446493424527
train:4579,7.668487392483118,3.980495641294616
train:4580,-23.960723626588475,-7.727049328350493
train:4581,2.9240942096936626,-0.06874816725582006
train:4582,0.4374419220886783,-0.22780541213846678
train:4583,12.027888351851393,3.50388071178813
train:4584,-30.521435313487512,-11.383065269768396
train:4585,1.2054432676834637,2.8463410604588164
train:4586,-12.90000907862228,-4.35803526596525
train:4587,3.4327435238489246,0.08573965188232792
train:4588,10.879064851207277,2.4305357291999052
train:4589,-0.2704041125523872,0.04485819952371016
train:4590,-0.5917564759984963,0.19105614165320767
train:4591,0.42958762306710285,1.1940835039937674
train:4592,-21.89685150902327,-7.651687328856616
train:4593,-0.7978530219714077,0.30149108729589497
train:4594,0.2981693328366656,-0.17384902521237544
train:4595,-0.06924916385071558,0.16315760763960946
train:4596,16.124498060115645,3.6930109980808945
train:4597,-3.3738894547426974,-0.7178659446620248
train:4598,-0.06307670019735068,-1.3946084543222232
train:4599,-0.4649781684725742,0.079096080621149
train:4600,6.935444744264847,0.5820790076410816
train:4601,-2.977714595216039,-2.50133677975595
train:4602,0.5685307027635609,-3.6590540759372336
train:4603,1.5871317945942072,0.02531431052650529
train:4604,-0.23378624448608654,0.0794958162107864
train:4605,14.96091811038044,16.827275628541464
train:4606,0.32299041012674656,-0.04448627128049504
train:4607,-5.576894337928404,-14.909649623413593
train:4608,0.24649072784279147,0.032752823486241256
train:4609,4.36059965997484,2.749857842721901
train:4610,-9.786984115168579,-4.3100284767900625
train:4611,-2.6310435776165932,0.9098589456103077
train:4612,-0.8746458340963185,-3.4036267433400065
train:4613,-0.8435364127201078,0.28006421826741823
train:4614,-15.296333673063781,-9.093045415386815
train:4615,-13.981375057611695,-2.5422590331062294
train:4616,0.6722670521411572,-0.018434552782832153
train:4617,0.5303143356081793,-0.20820667005981447
train:4618,9.132931533743491,0.9837950503081727
train:4619,2.087800584903438,0.25140708539661205
train:4620,-1.9263194571420885,-7.325732486295002
train:4621,0.6157442498787081,0.6103943252111128
train:4622,6.303535842966331,10.760443218477326
train:4623,-1.6294963196654262,0.04079807287093361
train:4624,-7.661021471799573,-6.169262901558032
train:4625,-0.9787576035319191,-0.42775580756615167
train:4626,6.343455431648025,0.7386327336341318
train:4627,-0.9446868966331604,0.16054349095705578
train:4628,6.337209743648982,13.258447697123712
train:4629,-10.314389089980192,-7.607244492037004
train:4630,0.34492493721851997,0.005643738730014905
train:4631,-3.779987491629159,-1.291421747783926
train:4632,-9.395810827139146,-5.910978358258
train:4633,-1.393887805343304,0.29138392555898046
train:4634,-11.750895470094331,-6.436587575066537
train:4635,8.36573193661933,0.3299013456349854
train:4636,-0.4738259940129793,-0.3007962463092308
train:4637,1.980249130886854,0.17555376207307352
train:4638,-2.670302519979497,-0.25492466147740606
train:4639,10.883252818863625,9.621518060154918
train:4640,0.08702553732232059,-0.07891845640116232
train:4641,2.248519190255338,0.737647375419419
train:4642,-3.867711652501838,-2.7911094170405506
train:4643,5.166530984173018,11.233966402909356
train:4644,3.8961945876028885,5.979949664287963
train:4645,33.21120153476619,9.807335477117718
train:4646,-1.0467230464415667,0.17002893688396326
train:4647,-2.0268385844746213,1.804969361269992
train:4648,-7.977908544908715,-0.14844520078335574
train:4649,0.43586132228409674,0.070863196606096
train:4650,-1.2363424874290598,-1.2765830262919409
train:4651,-2.050176461962786,-2.9760434782677927
train:4652,-6.98167667707911,-0.4719096135846918
train:4653,9.341892895069247,8.603426037264526
train:4654,-1.4781432243549681,-3.0716033952423483
train:4655,0.9568535878510465,-0.19208072007914323
train:4656,-1.2784104551671476,0.11047889092793371
train:4657,2.8904744717809896,5.774902140779566
train:4658,-37.627445680699665,-16.434780420152393
train:4659,6.71699815690392,10.932440797453204
train:4660,-2.3494592400795358,0.05880200975452651
train:4661,7.990964621353798,6.182650132150138
train:4662,0.31061317112462195,-3.042043219444203
train:4663,-12.230536785365246,-5.280405023879299
train:4664,-35.444335503547535,-15.468579840293657
train:4665,4.840476222984886,0.1080687792036889
train:4666,8.137952615828837,4.697271484797945
train:4667,0.2738122421941242,4.692607617597222
train:4668,-6.405838562994877,-9.915360584846253
train:4669,0.17094458926034292,-0.3601984956660939
train:4670,-9.233328096201985,-9.36224351065232
train:4671,1.9898496562091896,0.10122562546931133
train:4672,1.0321788911052572,-0.37437384439155036
train:4673,0.6653311956268105,-0.1963184594403775
train:4674,7.911042688856878,0.8455234854434299
train:4675,-0.5470842785948848,-0.06530547658875036
train:4676,3.61689415227629,9.134133380779444
train:4677,0.32581036103922234,-0.04653359656489406
train:4678,-0.024754099626174808,-0.047293122717367075
train:4679,3.2328364109809162,0.43534195031057055
train:4680,-1.9818776739366193,-0.11462488787680505
train:4681,0.7067489776669185,3.334674719542452
train:4682,-12.285757705253172,-6.14577465515537
train:4683,-1.9159550740422908,-9.465191545655477
train:4684,-0.4782454900766171,-0.0657550721314849
train:4685,1.41083848714554,-0.11024391706232453
train:4686,-1.9265991044051094,-4.640364432826967
train:4687,3.396126934302945,0.1021910111706233
train:4688,1.806251116102418,0.004620932052675428
train:4689,-6.795082447630233,-9.56113493488733
train:4690,-4.3066281437468295,-0.008020955626024312
train:4691,-5.3453529129777,0.055039259560207894
train:4692,15.838983551110674,11.437404141837643
train:4693,6.280251430873424,0.2033418052893219
train:4694,-0.4386806326695438,-0.012973068993364659
train:4695,4.1328542780874225,0.5555289036036619
train:4696,1.7163613742635682,-0.19699310241089685
train:4697,1.3744629567947002,0.02864665305703519
train:4698,1.0987279659570601,-0.20263961727094243
train:4699,-15.734143663085183,-4.2050740601549785
train:4700,30.603749068199797,11.154128848483964
train:4701,2.484856461160645,0.29589157917274644
train:4702,-0.5074443371762108,0.19746253931775123
train:4703,-2.51935901608836,-2.6265167900688535
train:4704,-1.206965344859194,-0.005844878960594685
train:4705,-5.543246937485141,-0.15008301821263195
train:4706,13.070738789930225,3.6030970253231445
train:4707,-4.704270744602428,-10.70541843323357
train:4708,22.343237640283654,5.6465382265089445
train:4709,33.58438813399802,13.980143626642535
train:4710,-2.455666853009233,-1.947724387229676
train:4711,4.436330835316527,7.205843134963112
train:4712,-1.9963196070286466,-4.686210196052181
train:4713,-0.4310013747028768,-2.5891111256852266
train:4714,-1.0795991504436793,-0.37042049935506344
train:4715,0.22714973733749008,0.4907800837397913
train:4716,-3.0396293825902125,-0.12142709795871084
train:4717,0.49161003860651253,0.08591804922524067
train:4718,-0.6827978159595461,0.17458794838933153
train:4719,-0.07974511831449493,0.1302763595149246
train:4720,-0.4456046338136378,0.25422656231516966
train:4721,-0.3177168031070013,-0.7551904350447578
train:4722,-1.504881268523273,-0.5610307845560347
train:4723,0.0009311411720364093,-0.21898405228213813
train:4724,3.156374851848362,10.868492233403064
train:4725,-8.91026135323403,-7.479520268838449
train:4726,0.0686064761978517,0.08709450159495682
train:4727,-0.3607126279110481,-0.1648839345899656
train:4728,-10.982626565065019,-7.590102939749898
train:4729,-2.141843579506589,-0.13489299447600642
train:4730,0.9880536679409546,-0.007287251080162413
train:4731,2.1096995458844527,1.7527704841927723
train:4732,-9.9625644731944,-8.079951085992558
train:4733,-2.5877273091283612,-1.43546964884582
train:4734,1.3279262118460413,-0.042063534074564674
train:4735,14.559351149512937,7.481883813319755
train:4736,-13.350626587848508,-5.006607544099193
train:4737,0.48480621837262794,4.822295424184701
train:4738,8.339939300114123,2.6052402970456523
train:4739,-0.8148754739884532,-0.7417756110974445
train:4740,12.993372968243097,18.195280950425914
train:4741,6.4221671865462024,4.777448001307912
train:4742,3.785941968834597,0.33909084171153503
train:4743,-0.04746922148870858,0.3459732271686643
train:4744,-0.07851866863893459,0.05981047902046037
train:4745,-0.08332695110939092,-0.03872412983393947
train:4746,-11.477522719894115,-4.975675256630408
train:4747,19.50030497634376,7.428528670377435
train:4748,7.573627228551237,0.22419039872443852
train:4749,-9.663894687457189,-5.472836195993987
train:4750,-3.0413811878887387,-0.4782925435459893
train:4751,-3.1115421988775496,-9.815862088229046
train:4752,-0.07155514959399809,-0.17588001583402874
train:4753,11.697925967644654,3.9001918713421238
train:4754,-1.3687200165878899,0.18649156637624914
train:4755,-7.1120950481891105,-0.3621222053586226
train:4756,0.6916866135316633,2.8493007016232053
train:4757,-3.437659723790549,-7.562993391346039
train:4758,-0.12727399503254172,-0.4280274337484035
train:4759,-7.81982392387709,-9.234214563963594
train:4760,4.7509765460731765,8.808653313393531
train:4761,0.24406944281234483,2.098970322302367
train:4762,2.49737340756516,0.2693362680157617
train:4763,7.723258273217921,0.2664419655023559
train:4764,0.2192153564521484,0.23245188623189778
train:4765,8.962087744821012,1.7765513279167562
train:4766,-22.440612245618894,-14.478099531858346
train:4767,-0.8974818342437824,0.04398725527862229
train:4768,-3.172839112249138,-9.460307410164104
train:4769,-0.08169462934635366,0.042970226364088066
train:4770,0.3294289222360779,-0.07120564236898694
train:4771,0.022259649631477432,-0.4658936072267302
train:4772,1.696750499741336,0.30887185829278097
train:4773,-8.013087845155226,-3.3741767016871855
train:4774,1.089094199106369,0.052564023176195254
train:4775,-1.4172731043124793,-0.17595391413361194
train:4776,1.5936401604047337,0.7269856197836053
train:4777,9.182294505977113,2.027964327981219
train:4778,-0.4184336361728671,0.04621896965995433
train:4779,0.9861226373391958,1.7838534214769237
train:4780,7.907539078259826,0.9047959134631876
train:4781,11.298458569603092,2.142329507609172
train:4782,11.789756270873113,1.9923222365308892
train:4783,0.5424442390426776,-0.032226429250991895
train:4784,0.884923802112171,-0.06634483192005056
train:4785,1.3800758934637827,4.599399892058049
train:4786,-4.314458267111419,-1.3618789259689799
train:4787,-1.6565491122910294,0.12733340966530665
train:4788,3.6672480939880985,5.599609667735783
train:4789,-5.981555782890118,-3.3602324634739396
train:4790,6.5948892380499045,0.16361176832826424
train:4791,11.766722448763197,2.3911442263409923
train:4792,4.549270671342112,1.8641195289755743
train:4793,11.30195102220461,10.90337679595226
train:4794,2.6306814670597114,2.327416215903121
train:4795,2.8246990179527396,0.20539911683042136
train:4796,-2.8271309366808093,0.05989593284565409
train:4797,3.103543370211967,2.4268619280206254
train:4798,-18.22541536084042,-4.4769807135592625
train:4799,-0.014208864015462425,-0.11818741362427995
train:4800,0.5224642208349284,0.5692339709689329
train:4801,-7.79576542584415,-4.593034426534449
train:4802,7.4184725111797265,9.8685472361887
train:4803,-0.02215033487713175,-0.09640881436873291
train:4804,26.541943007665814,12.715775106151954
train:4805,11.593390426837077,5.70093992915347
train:4806,2.8557496273941667,1.1269788548438593
train:4807,0.695493930819602,1.5128135751542375
train:4808,0.49086965911131547,-0.008442874971617664
train:4809,0.10379646952341519,0.016294723474673062
train:4810,5.023544990762128,7.708805804148023
train:4811,2.902503255880979,4.8501188472818315
train:4812,0.06278269990486217,0.02344566790663903
train:4813,2.519577121299143,0.08840184525785368
train:4814,0.021378400442688725,-0.21192212819561607
train:4815,0.6069466353181971,-0.1008403584403606
train:4816,0.6416503260051571,-0.2310167069717064
train:4817,-15.650263431673283,-5.201869677327644
train:4818,3.1420310161337204,0.18534157758678915
train:4819,-2.2115571083829186,0.06693310528164009
train:4820,-0.5873244271898851,0.31355605465892966
train:4821,-4.842337921649623,-7.469750285925985
train:4822,0.03268726137262319,-0.0314329498257374
train:4823,1.5952815480391407,0.22362417796952389
train:4824,7.328542786523553,9.399300452197416
train:4825,2.545599194087477,-0.16487216507314006
train:4826,2.2175685378572183,1.0754252326102973
train:4827,1.3568254202739527,-0.0005559434208296937
train:4828,-6.171337014812826,-2.4714527639190904
train:4829,-5.4766471867369635,-1.9675633701123783
train:4830,1.2964904191005195,5.410588659623484
train:4831,-0.8161872358381853,0.21645304703294205
train:4832,2.035616267007899,-0.009984253693329684
train:4833,-3.1828655010676123,-5.378175612765711
train:4834,0.32449929656421095,-0.14073973378289567
train:4835,-2.384664808107196,-0.34452463779233233
train:4836,-10.79304850164429,-5.715852038120675
train:4837,0.10272623178530303,0.0810919766835408
train:4838,2.4906618732526544,-0.2289127453457349
train:4839,1.0493479080427806,0.2945079119764963
train:4840,19.273027765352204,8.903210039552123
train:4841,0.9121890615693632,0.011444755247297156
train:4842,-0.038765984973739176,-0.2698994813821372
train:4843,2.248825802674228,-1.5923982517823643
train:4844,1.2825243280262844,-0.08032865850807366
train:4845,2.0369005987852815,0.276999864068485
train:4846,7.35431682636954,2.4201060827019716
train:4847,-6.336632955373494,-1.1102669140745585
train:4848,-0.9206839561196404,0.2599680892746793
train:4849,-0.0630873932764022,0.04243824420357493
train:4850,1.3593836232079068,0.0330689955064175
train:4851,-21.91391208419172,-14.371793261387642
train:4852,9.40485560419047,3.051865641715874
train:4853,-0.15189155513328356,0.2209545662318778
train:4854,-0.16554684954030402,0.08236451110879614
train:4855,-6.154529819126252,-2.879283783881085
train:4856,0.02971958324846835,0.3127585094005899
train:4857,-5.74928583381447,-2.150448251464691
train:4858,-1.5866087041722157,0.12662738131658594
train:4859,0.6402264030545042,-0.06516367174360418
train:4860,4.674342502926357,0.1955509557940731
train:4861,-8.365940857195888,-8.591718780371053
train:4862,-1.7553882639212741,-0.0037272932272676
train:4863,-0.4645471908951503,0.038507225583853985
train:4864,0.0737615863627614,0.6102552309213567
train:4865,0.009177364786673803,0.04296323598439776
train:4866,9.703464020952254,6.422440128040964
train:4867,-1.1254785034889103,-4.459302471304913
train:4868,-1.1961220977844809,-3.0844417268564266
train:4869,0.18034706016198507,0.17172010945618182
train:4870,3.2591281353279404,5.415170354197643
train:4871,16.042449599636914,8.985647444579067
train:4872,-0.4261440435437277,-0.3383853724945254
train:4873,-3.840001235514566,0.1337848168154072
train:4874,-2.7217659848720195,-2.0326818954653803
train:4875,4.07976500026259,0.4622165363603492
train:4876,-0.5614525224247529,-0.20215770905474145
train:4877,-3.460882301991549,-0.1620694507997582
train:4878,-0.15762769466969873,-0.11005945663498651
train:4879,2.380798622036782,4.414814493850462
train:4880,-0.142593690439754,0.07034027340701826
train:4881,-8.424789985297641,-8.921009032670613
train:4882,4.086269646741272,5.106193859956487
train:4883,-5.292081852808991,-9.584717337424594
train:4884,-10.159335724401432,-1.8745911775705255
train:4885,4.152826160256763,7.924469003850601
train:4886,-11.10647845580443,-3.5048759734176094
train:4887,0.24781550735397764,-0.052050860731073983
train:4888,-7.935037666408803,0.07338636702227072
train:4889,0.3923127117847348,0.0737006487867144
train:4890,-0.7111732959721735,-0.031165032824545746
train:4891,-7.551288629656481,-6.112152355453109
train:4892,-2.8315527573268495,-4.418618176185724
train:4893,-1.3359596767894217,0.13189220717945987
train:4894,-0.8712180048855883,0.12158503498691667
train:4895,-1.012174637859094,4.549554775685121
train:4896,0.7196401818382364,0.010290771955156985
train:4897,6.71897684144493,2.1125774530215686
train:4898,0.32859079405085556,-0.10822512393992675
train:4899,-1.9120070032898804,0.05190079307047641
train:4900,11.093506648005173,5.497836587163838
train:4901,-1.631802770325189,0.18440707795084352
train:4902,7.651585818751002,5.638570905591718
train:4903,0.17404616333088188,-0.01566814568559685
train:4904,14.396773575613755,5.429313746901658
train:4905,9.918554841156928,1.8698465045324633
train:4906,-0.22948971883154118,-0.40770625732787985
train:4907,-2.9957403369980042,-0.019777704309040564
train:4908,-4.7314511568019295,0.008269410938179081
train:4909,-0.0453094519785435,0.11468125040828644
train:4910,-0.15009558276911011,8.981073566338704e-05
train:4911,3.2031435901207908,0.28670850283264715
train:4912,-3.1205820349244013,-2.9959161291016567
train:4913,-9.727707263904765,-1.212126019114938
train:4914,-6.7039030274744755,-4.317452545342785
train:4915,-0.9642863807016201,0.23213874575393414
train:4916,-1.1547645224285978,-0.2642469747680714
train:4917,-4.777398852569794,-0.26415995167396766
train:4918,1.8640992790216537,-0.07054783337404832
train:4919,0.1014521281704914,-0.027577398774509737
train:4920,2.8756010961950578,10.422797037214082
train:4921,-0.4207187006745271,0.2056735962288733
train:4922,0.037157433332635506,0.4300318296405196
train:4923,-6.964257186387717,-1.9632370383881304
train:4924,-4.791503953671699,-0.3048074403041752
train:4925,-0.19484030714367967,0.07639636745259162
train:4926,7.356008192525601,3.214384551153321
train:4927,2.0159135714807683,1.3899650704592654
train:4928,3.845901782408266,2.343170534473726
train:4929,2.9866938190436136,0.008294947223170188
train:4930,0.6731645734067635,-0.13516918580417842
train:4931,28.254924060738066,10.65570393434373
train:4932,2.9845184748313516,5.855296072363982
train:4933,0.2822717462441912,-0.26187217159430315
train:4934,-3.3623730086042194,0.05884509331914839
train:4935,1.8240288249420367,-0.0428208489844826
train:4936,-6.574635789570194,-1.1347089906529213
train:4937,-2.2694027142615116,0.05005875669167631
train:4938,0.9190647113994852,-0.971149655928099
train:4939,-2.4172684710517354,-0.07142027555764127
train:4940,0.1617938706328918,-0.045065188847500215
train:4941,-1.619213064491476,0.08969042902423471
train:4942,0.9125365866385373,-0.2531879087763905
train:4943,6.334750800383615,7.9212112015933
train:4944,-1.9566255028399944,0.23022323905798087
train:4945,0.25669262263265424,0.09419016496304539
train:4946,5.549814174611878,0.5032045563440416
train:4947,-0.2693203922363405,-0.7125967676444456
train:4948,-0.31793368664515476,-0.31316237064218855
train:4949,-5.768733290193806,-0.1294312253649189
train:4950,3.0549375144668405,9.292223242709438
train:4951,-3.1242967176036003,-0.36810946556336793
train:4952,7.275006723960959,12.563290102125483
train:4953,13.772227091700445,9.936782472257908
train:4954,-9.826807001222331,-3.0320780765436495
train:4955,1.639782888636168,-0.23420303616319493
train:4956,-3.9508996232742724,0.10104651482234854
train:4957,10.473968244419813,2.2055213987230404
train:4958,0.21895186503682473,-0.40048348317807575
train:4959,-3.034682206321207,-0.19293889618173554
train:4960,0.6179915399163274,0.042139869119446956
train:4961,-0.31929554324566084,0.12283531432581103
train:4962,2.5837077006193825,0.07149653927211855
train:4963,0.7187360355127831,-0.11868315993905151
train:4964,0.6540114091595843,0.45640153908368636
train:4965,-0.04931865924813958,-0.9346374761975411
train:4966,1.1298445935387185,-0.022827863757378206
train:4967,-13.900345694058224,-6.263925196716029
train:4968,-7.901853787696599,-2.976694867526281
train:4969,0.5312563726267934,-0.11800730435164714
train:4970,-0.14148556200848106,0.03270463979766166
train:4971,0.8975469819324804,1.0154738817957203
train:4972,11.92685828130679,2.7676142631001333
train:4973,-4.14900332511442,-0.11899351853122
train:4974,-0.5301213358873436,0.08659732867208521
train:4975,-0.5928078846191482,0.11341406576340635
train:4976,6.885181228808496,0.5796260976738348
train:4977,-12.76984176241175,-8.58153850496901
train:4978,0.778095525681006,-0.28544508718770323
train:4979,-2.393025866092517,-0.0955394393925551
train:4980,3.469235283319889,0.0715276393286999
train:4981,7.389729514689263,2.2857980631216313
train:4982,-1.5974984428949792,-1.1771367435311964
train:4983,0.21783629794186377,-0.05794453544445527
train:4984,-2.852906836192718,-2.894227503729235
train:4985,-0.04887303680157984,-0.6563263510496486
train:4986,1.7711106363820277,1.6477032228569732
train:4987,-1.026962003896133,0.05017245735725125
train:4988,-4.030007022097355,-3.120692979965483
train:4989,-0.3654497781599878,-0.4206515845494628
train:4990,-1.041060596167311,0.1928074457568438
train:4991,-0.772864923435707,0.17143100732470423
train:4992,-5.043128840747063,-0.3959296074618677
train:4993,19.19806091270446,5.6800178654012
train:4994,-12.474188354800026,-13.565088608402323
train:4995,2.1665499980365346,-0.0034527424984106686
train:4996,-1.250107037208998,-0.12824400210404727
train:4997,-3.022621342984063,-4.591071128467143
train:4998,6.739339253457891,11.066467775237832
train:4999,-14.067542678107658,-3.6500401953178017
train:5000,1.2533094413081134,-0.006895005183050348
train:5001,-11.123697102576246,-0.31838090307221545
train:5002,3.6810644819556124,4.093197681199516
train:5003,-1.315227656174463,0.23831581616639277
train:5004,-0.6759330916667159,0.09971227959676551
train:5005,3.9018865600736565,1.3378527884937192
train:5006,0.8329084813572945,0.08559256858721152
train:5007,0.9841255885972059,-0.2667013113434182
train:5008,2.7836141161126697,-0.22392803398330813
train:5009,5.68861220036642,0.36790675606387807
train:5010,0.285684349440185,-0.025762895932040827
train:5011,-0.250391666420123,0.22382811159742777
train:5012,-1.8580685555134133,-1.9585122550215348
train:5013,0.6017915251532875,-0.12243613786788471
train:5014,0.1967369933073095,0.05521779956393066
train:5015,7.38031681562505,1.849054404778109
train:5016,0.2488081040398462,-0.12848495621214776
train:5017,6.440008356485409,5.5059431450316305
train:5018,-0.9186973679984617,0.2733421835607359
train:5019,0.15855909799068943,0.12219776316589331
train:5020,-4.187601156242052,-2.108076136302319
train:5021,8.989946470165563,5.065152056847422
train:5022,4.427683853695698,0.11493276141632738
train:5023,13.072023819082327,3.4287709366063437
train:5024,-9.47200505929541,-2.3656814714859107
train:5025,29.06867295555586,9.53966955895168
train:5026,0.3577709282621092,-0.04366211978108919
train:5027,-1.8376856871753104,0.224247605709251
train:5028,-20.844622775699786,-8.554670909298922
train:5029,0.25386964976305515,0.028439937543336208
train:5030,-17.679095723936125,-9.24932462631621
train:5031,-1.4516234584742587,-0.07789543573260785
train:5032,-0.037996548198510866,0.15793871855755753
train:5033,-0.11317191588776027,4.057686552372773
train:5034,1.0953933525006703,0.684309102117882
train:5035,-0.21481974420582833,-0.5278464535404916
train:5036,-1.2748784846647854,-0.014484132292950369
train:5037,-0.8588089191045493,-0.2440874330452848
train:5038,-10.181320694931339,-15.908139480365891
train:5039,-10.045221044429622,-6.699538838783491
train:5040,1.1707274891680104,3.5192626856446187
train:5041,26.500282771681125,7.410163658983716
train:5042,-6.967293091005385,-15.707537838340528
train:5043,0.6381082435693439,-0.16046929582432362
train:5044,16.639579028862148,9.075227020398163
train:5045,6.5751191296331015,12.52322524024334
train:5046,-0.48880699776414693,-1.066884760377342
train:5047,-2.60176174292523,-4.18763263484524
train:5048,6.66634550635339,0.44740406445740505
train:5049,4.123657300270161,0.8677125198493649
train:5050,-1.1345480941905137,-0.29526457340124024
train:5051,6.645102077609881,2.3989648919455324
train:5052,3.441022524075437,-0.14763545802576053
train:5053,2.191342599192185,0.34046430865986976
train:5054,0.6122895717412291,0.20227106457982036
train:5055,2.772118126299334,-0.2791182229247381
train:5056,1.621900806046677,-0.16123338712271684
train:5057,-3.4003032196658527,-4.426075056724748
train:5058,-12.658921988493939,-6.458839237568064
train:5059,-0.5029497571009722,0.14089160772667622
train:5060,-0.10128516377256366,0.061392587403429164
train:5061,-0.1899282320689516,0.06824273151749705
train:5062,-0.39059443732049703,0.051929824545312676
train:5063,2.991380642083539,0.010127140006079866
train:5064,1.077796031255486,0.22054331078183242
train:5065,10.502558748304672,13.33198763275219
train:5066,1.0554739962772155,0.0869005542237534
train:5067,-6.06639374225185,-6.8622269439416055
train:5068,3.9996398992636917,0.07743365420214672
train:5069,0.021748473961167122,0.1343417646176714
train:5070,-2.5232080596304236,-2.741702554675962
train:5071,0.3949771481344832,0.0817817416999208
train:5072,-0.860568860441484,0.26172816701813084
train:5073,7.371124486972594,0.26475485876322247
train:5074,22.67755722174564,11.24991474018157
train:5075,14.316631272705079,4.45776196005959
train:5076,3.852674220779717,0.28181637833591444
train:5077,-0.9545979861644701,-0.016256978178897458
train:5078,6.716443046626202,1.1780502835396
train:5079,13.894719566650874,5.007775590992647
train:5080,9.865245657836818,5.833044409862454
train:5081,3.5900508045251525,0.8222587885300483
train:5082,-1.370582472008775,1.4054701605947897
train:5083,-5.142419193821633,-4.141673028293641
train:5084,-2.966036823058827,-0.26871311408612564
train:5085,10.702389149953397,6.12614218530668
train:5086,3.6102842022147743,1.9074282123556374
train:5087,2.0676715609636878,4.0962209490851675
train:5088,7.211476816733526,2.194753931427012
train:5089,1.9881613120102517,6.91146369480179
train:5090,34.12262752247122,14.822942605845904
train:5091,0.8318656736915317,-0.4507214874217604
train:5092,1.844852666561894,0.04341732534264751
train:5093,0.7215084487151276,-0.1301097201773084
train:5094,2.940324676486175,0.31020987402982914
train:5095,-0.0983076061731982,-0.03966754577051049
train:5096,0.8566259631517873,-0.15556953897425554
train:5097,-0.4293386009103668,-4.4733074830232225
train:5098,1.9016466313615954,7.463890290675293
train:5099,-20.56649485973701,-10.93587270571759
train:5100,-3.9353356142565574,0.023233103299729788
train:5101,0.0400652534599259,-0.21143551217268491
train:5102,13.603094195426207,2.2081783136485957
train:5103,-10.949314369404195,-12.086236978429534
train:5104,-8.975282712530909,-7.085852899415491
train:5105,-9.222597823832034,-5.227339767702912
train:5106,3.456539808986862,0.42064945614884164
train:5107,-0.6624986325879332,-1.9866316992994277
train:5108,1.438903402949193,-0.3416765573813685
train:5109,1.4942356703342003,0.09851293016704336
train:5110,-6.7791460405116375,-3.1722477434855247
train:5111,2.049823882193754,0.16252141175738682
train:5112,-0.8971801034479375,0.1032163144121379
train:5113,-4.299268050944026,-0.1425431804125891
train:5114,0.4657846254894304,-0.07848733543332359
train:5115,4.5266441160691135,8.223117996733787
train:5116,-0.06590920385479998,-0.198789629991305
train:5117,-2.467101473847143,0.1809554709831484
train:5118,1.326910601794388,0.5109053155377714
train:5119,-4.563403840509659,-4.96814390714856
train:5120,-0.2998654050052235,0.14442488800809988
train:5121,-0.020066579211528518,0.2107167985234026
train:5122,-9.881187352113512,-5.800171995196462
train:5123,-0.9800372861444967,-0.5380395684154349
train:5124,-2.849883019403543,-0.1368432390791962
train:5125,-0.5221389523753902,0.22695145604129857
train:5126,-0.177577028389735,-0.4927834579831794
train:5127,9.569804252140203,0.5528090039304887
train:5128,7.147096112346778,0.1472009247100106
train:5129,4.038434854979056,7.989820779627963
train:5130,3.347172391197444,8.03687487991393
train:5131,-4.020440435678097,-0.7511987855807842
train:5132,-24.63287197910727,-10.612266630731918
train:5133,0.4080256103053304,-0.04599476668550062
train:5134,-4.459744202351345,-0.3887265205038445
train:5135,12.290292792443642,2.737801292346657
train:5136,-1.074833756518549,-2.641359220741899
train:5137,1.8474197029089776,8.469102324995085
train:5138,-27.5557405230385,-18.41906332196644
train:5139,-0.4100703698342637,0.0412186369388319
train:5140,19.588345280423177,6.713039627380361
train:5141,0.06750439168082527,0.029354821317905996
train:5142,-0.311921154261082,-0.1731610434561205
train:5143,10.549915141008453,1.5881798544724148
train:5144,1.5687678260726776,5.052141390974857
train:5145,2.872721868431318,8.709499485293298
train:5146,-1.128410034356706,-0.14816515761331356
train:5147,4.9232206634349245,10.70766100134799
train:5148,-2.6632543861351095,0.046522337872432526
train:5149,-0.4708633137409899,-0.3972028551911731
train:5150,-2.991536562181319,0.03013645989592998
train:5151,-14.77161591550946,-14.04106099362054
train:5152,-0.5898054539880759,-3.2708737265887335
train:5153,4.188109136878427,0.6186384080997513
train:5154,0.39756789522207225,-0.050716268853465946
train:5155,3.9572769420187264,2.4054006064065323
train:5156,-1.4919049846360233,-0.2085566170267597
train:5157,-4.213842437150942,0.09043312120112701
train:5158,0.1864469968443919,0.06419030854846083
train:5159,-2.508166616736791,-0.6890187875922904
train:5160,-8.622946687616565,-0.40255755736435095
train:5161,3.6929389137840753,0.5090156304484292
train:5162,11.691322293955626,18.258811803624358
train:5163,1.0049231624359152,0.9847388942271738
train:5164,-0.09774889279275673,0.308252995698974
train:5165,-1.973931786368385,-5.426048586101113
train:5166,0.041939099334583174,0.6923211828642479
train:5167,2.6578230587330904,-0.5700492303213869
train:5168,-21.082414537814337,-5.952317466495118
train:5169,-0.8554192130452202,0.27571120897169893
train:5170,-2.818351918779518,-0.2655093089454113
train:5171,-1.1489725929145225,0.1107636419047061
train:5172,-0.5995514981688079,-1.286382967974507
train:5173,11.077688329672624,6.33518307020877
train:5174,7.746114962148766,3.8480459214254163
train:5175,0.04836447755334036,-0.11370172977525489
train:5176,4.458786766241182,0.10008034448658153
train:5177,-0.8789346886289356,-2.46638459598281
train:5178,1.325566528249261,-0.041531765905266554
train:5179,-9.416399188561629,-0.2852021358282627
train:5180,-4.444229474480563,0.07370335934210451
train:5181,0.06114747241382178,0.4762830348877709
train:5182,-0.6478800312333156,0.08427409738113419
train:5183,3.0716503321078727,11.482851310759699
train:5184,-0.805163601169038,-2.295709625376498
train:5185,3.0820072765439823,0.06306143355888175
train:5186,-1.2069121119221768,-0.7816540153009086
train:5187,-1.4816854230199015,-7.758685789577469
train:5188,-4.220498646402268,-9.04165842097934
train:5189,-0.6326428585013922,0.19276265026250186
train:5190,-0.9507508022883285,0.032432728293789834
train:5191,0.2669954042987856,-0.01927896211725888
train:5192,-6.903516778043287,-0.658124447898967
train:5193,-0.40311115126677177,0.025496987693718234
train:5194,-13.763053997700503,-6.452227194345896
train:5195,1.582326650309994,0.16037179867221335
train:5196,-8.938016867119911,-9.345889446036448
train:5197,11.121180336590484,7.128495296993948
train:5198,-18.17193694792141,-10.031491049337223
train:5199,-0.2689273053520774,0.0075275747261468184
train:5200,-8.870356641879711,-15.282559274337409
train:5201,16.526574569445774,11.746754407401015
train:5202,-2.092236526120705,-5.564811332134707
train:5203,-22.46372045436569,-7.101647163012897
train:5204,-0.6194389979969377,0.21098300359487418
train:5205,1.2459609714173223,0.4627101427629707
train:5206,12.081591784346967,4.4022009956729535
train:5207,1.4134613134702834,0.010012583375644882
train:5208,0.909160595615383,-1.7939249064998077
train:5209,0.18161256282190744,0.059556114796219306
train:5210,0.5194569085808108,-2.544002062882885
train:5211,-0.384204508983378,-0.26008213508075034
train:5212,1.0600545859013466,-0.12153323760135545
train:5213,6.327765430264095,0.455082782555989
train:5214,-0.232337564732847,0.0628972309665646
train:5215,-7.84409628349106,-0.10076767275766246
train:5216,4.398773487272255,8.451684581379807
train:5217,2.1200516086975174,3.861979032095482
train:5218,-8.084017363086305,-7.113345349433406
train:5219,3.531161926064316,4.620028645184946
train:5220,-5.5867524269809365,-1.9208147066206354
train:5221,0.13838532583969151,0.06159901759550815
train:5222,-1.4123640511948743,0.32723729766892956
train:5223,-2.7662510533922293,-6.043982172713264
train:5224,2.870198301775161,0.18832604173211892
train:5225,-9.069281386224423,-14.583157234919874
train:5226,0.8299897356927123,0.2987049216764738
train:5227,4.45388933603559,0.4474137653924855
train:5228,-8.38947121010698,-12.421213690615941
train:5229,-0.02336365066211793,-0.13124458692090776
train:5230,-1.407954550835567,3.9585207407645004
train:5231,-0.3997679368554927,-0.30336114501233236
train:5232,0.34769560698406266,0.4826161762263763
train:5233,5.462003539273827,4.973047955334457
train:5234,1.1685370351701323,5.483912892107233
train:5235,0.8701536379849104,4.6370543568943265
train:5236,-9.055281821163591,-0.6447608391824458
train:5237,14.629190903213722,2.3732405800068337
train:5238,0.0265936010627031,0.44758552900773296
train:5239,1.385200202911859,0.06584688587425286
train:5240,-7.361896532827952,-0.6347052493283485
train:5241,2.688024033306403,0.11432616765218101
train:5242,1.5599795098417766,4.310318303737118
train:5243,0.5578920189402679,0.279231721110627
train:5244,2.190519464563459,0.29404226709263603
train:5245,-18.860428044562756,-10.404701999891772
train:5246,0.794081911321256,-0.22672361521618972
train:5247,0.30557254664303546,-0.12443524379850165
train:5248,-2.5452692764631335,-0.2034025672828556
train:5249,-0.523083430205527,0.11646650778470409
train:5250,0.8211942132563635,-0.06889439458607644
train:5251,7.392278186835367,1.0934512819194413
train:5252,-4.83823875304105,-7.708857792501742
train:5253,4.0188653580235885,7.800798630229183
train:5254,-1.2373099786249813,-1.4786201213875865
train:5255,-0.025814922805556834,0.08873930940392336
train:5256,-4.798803607332037,-6.838614297312619
train:5257,2.977220215920455,-0.07984090119866244
train:5258,-4.824695735964071,0.08560540806011208
train:5259,-0.17979096066987843,-0.004965089745286422
train:5260,-7.749210549152752,-0.1510384176572435
train:5261,-14.27137322115461,-7.8423438004948265
train:5262,8.824797908129213,0.500524673028075
train:5263,3.7253749743373943,1.3112663772801532
train:5264,-0.6692592155891313,0.08026775385372996
train:5265,6.645754820348504,2.478088571677653
train:5266,0.8796830310857292,-0.18223027646983492
train:5267,-1.6806947821640636,0.04280374119881082
train:5268,-1.8155570574529283,-0.007194022240823356
train:5269,-3.698445790114176,0.1365700551395633
train:5270,2.3305934535987345,0.14901671149976956
train:5271,-0.25749419549272917,-0.06297340032757895
train:5272,0.1982700554017599,-0.0346018743984052
train:5273,0.4310088727479929,3.5158413940990503
train:5274,-8.650955116067838,-15.758892306083322
train:5275,-1.6618819367806106,-1.6598265983101763
train:5276,-0.6413095990726423,0.0816918653896169
train:5277,-0.06817334711483744,0.0975595279737719
train:5278,4.821443472106157,11.30646092012211
train:5279,-1.3403980019705197,-2.287060528448252
train:5280,9.428945716544083,0.4038177631410697
train:5281,0.025844969299977177,-0.2857973880580136
train:5282,-3.634006506250884,-7.805506496778265
train:5283,-1.121111542987569,0.16468108242966573
train:5284,-2.372064176736191,0.2407037441346816
train:5285,11.945614871796103,1.0919162516037746
train:5286,-1.3008677808412439,-0.11723800593368866
train:5287,-2.493508265023091,0.04961871942321218
train:5288,-10.076437396596347,-16.532342153612955
train:5289,7.099772728713113,3.0178256311619136
train:5290,0.0928816253107049,0.023287599729152147
train:5291,-0.17446673713518668,-0.2534478367722218
train:5292,10.812613408816379,1.2475072667857006
train:5293,-3.355218873802278,-9.88542464047455
train:5294,10.117131827974225,16.160425362107908
train:5295,0.3770164946597878,-0.19000414932869297
train:5296,-0.8483901407765331,-0.18557025135370014
train:5297,0.31787539900828,0.06090718399738306
train:5298,11.305331894850811,9.389165828254574
train:5299,-2.2967760668004202,-6.132281225101743
train:5300,0.08544691341278113,-0.29855090782054317
train:5301,-0.505089767660716,-0.13228158834884285
train:5302,-4.343323071719773,-4.218783193353334
train:5303,1.6293850315497744,-0.15867583545133063
train:5304,-1.506168854716019,-1.147992423994219
train:5305,7.70674165033166,0.23742775262410415
train:5306,-0.9912138783357288,0.05790353197310744
train:5307,0.11379008173001373,0.5111842887517386
train:5308,1.5354072790978832,0.16783638289497793
train:5309,2.1905499165929316,-0.327660132798259
train:5310,0.7595355948629454,-0.14093681969191924
train:5311,-4.536424737146215,-3.0271508574876553
train:5312,-1.736616331188105,-0.1901704918331602
train:5313,-3.242799744234854,-0.8111759580019724
train:5314,-6.704857965925423,-1.1457998700052336
train:5315,-9.271060717759406,-0.0887875885765815
train:5316,19.94028147716429,4.904537098580318
train:5317,0.3637356904778105,-0.013025996153876965
train:5318,0.2380402896640942,0.6130936817276451
train:5319,15.249501068156713,5.512319512595668
train:5320,4.454823353244915,1.1870113796593298
train:5321,-1.3343575745976173,0.03055645332058824
train:5322,0.0324736322498332,0.012980284875798942
train:5323,4.844662330975313,1.321956665077968
train:5324,4.289238234633376,10.028935649089515
train:5325,-2.2761881702944167,-4.12234020596484
train:5326,0.9408223377704281,-0.2396911975241336
train:5327,-2.6077080247108313,0.060251443584189546
train:5328,8.971614813339428,9.049117809594067
train:5329,2.4158972592739274,-0.1504953792839549
train:5330,-0.3392137275615036,0.010029132029605606
train:5331,-1.5301924840129213,-0.016003113267491417
train:5332,-1.7551186123625837,-0.07749776872471556
train:5333,-0.19298622021944367,0.19673889235899478
train:5334,-1.4364634618780983,0.2387764679219028
train:5335,-2.993106120219488,0.050419688540992005
train:5336,-2.423042268823071,0.0029463081344175968
train:5337,-1.7379050796720525,-4.989985847803751
train:5338,-5.931292732350248,-2.4063503592376194
train:5339,17.241874610018705,5.107128002940407
train:5340,11.09082872907749,2.977931391608539
train:5341,-3.0010780431106303,-5.304247069090776
train:5342,-15.6187718489501,-6.710999637616149
train:5343,0.7099657347955015,-0.1165921804467906
train:5344,0.6731738717363736,-0.07421400219999275
train:5345,-1.4439430382163905,0.04500785071340667
train:5346,0.6646747335563439,-0.21599038651456298
train:5347,0.19665447063202066,0.03252346056895378
train:5348,0.3581061330445501,-0.11057945528745913
train:5349,4.317890572410142,-0.06640810198928832
train:5350,0.4178805611716197,-0.11213267485640166
train:5351,-11.389590276438172,-13.305579464709199
train:5352,-2.0984185205619204,-6.730662291737684
train:5353,-4.661855949169887,-9.690747416567126
train:5354,32.25485717638112,13.01947143849316
train:5355,9.529910698781416,3.913027920383242
train:5356,-1.694384480390641,1.931609790294929
train:5357,2.211261945799229,3.624193991228482
train:5358,-1.871769411735523,-0.07403389292735993
train:5359,-16.311300280308117,-5.885497425661172
train:5360,1.2092088587172771,0.09239991445827754
train:5361,-0.4951800728788478,-1.1820455593426997
train:5362,0.5688782278327349,-0.15753540493614102
train:5363,8.729205500740544,4.225444822718507
train:5364,7.763630225635143,4.616023870926452
train:5365,-2.858786634921608,0.01900863139382608
train:5366,-0.8435398995937116,-2.674548972868222
train:5367,-0.16129216636900368,-0.01739398483464691
train:5368,15.40914780856282,4.485005894946474
train:5369,-4.504101418839418,-0.25381319110664774
train:5370,2.656945528876146,0.21685092803204936
train:5371,-4.857181775039043,-3.4413910569999886
train:5372,-0.6383889937421382,0.07173620943292897
train:5373,4.087577921717401,0.3304950999262312
train:5374,3.7904474744471277,0.05745957153236814
train:5375,-15.967875774492004,-13.4753332744653
train:5376,20.43050801086324,10.126616076344003
train:5377,0.08049090373064578,-0.39760629996187064
train:5378,-4.986043140855848,-2.2196544370068008
train:5379,-0.13736826165716864,-0.018844274629169974
train:5380,-2.791144076507668,-0.3364378384467257
train:5381,-2.0176943746778973,0.31495577119630547
train:5382,0.2775204160425962,0.021553628913931755
train:5383,-8.323996092325132,-1.5196612111926011
train:5384,-0.18835844157254167,-0.5893091529762744
train:5385,8.758221868121542,4.673865981665087
train:5386,6.446358650692566,6.801276479655678
train:5387,-15.696239952262937,-5.011690834081334
train:5388,10.528419262616032,1.4055854305292745
train:5389,-2.72290874958109,-0.6156423412520795
train:5390,-3.9704851598483173,-8.10941453776152
train:5391,-15.052907123205562,-3.233928856621427
train:5392,-1.6860376023579753,-0.7227941623436891
train:5393,0.7046419761772902,1.1785115059383502
train:5394,0.5394994580551875,-0.2788786954247377
train:5395,2.5323230390703046,4.541142923683916
train:5396,-9.550838157394999,-2.143083957791361
train:5397,-6.605633630991084,-4.335783318142102
train:5398,0.40464497011737105,0.14089881209758154
train:5399,6.757437057294334,12.813613030940688
train:5400,1.7290877655425483,-0.0741689927144358
train:5401,-2.694176446169678,-0.17206084328935267
train:5402,4.325922934443748,-0.09044773242262369
train:5403,1.6419142982410224,0.2986008506155743
train:5404,-2.975677796114966,-3.905530013349812
train:5405,1.687227383013004,0.08920345634927854
train:5406,4.19109436559972,8.651856529045432
train:5407,-2.687372858394034,-0.0003712690022766585
train:5408,-5.183018025481339,-0.3281985346952224
train:5409,-0.6664585587105962,0.2377898257598999
train:5410,0.6050547739299205,-0.023867718401513416
train:5411,0.35427440764138507,0.03604304541261683
train:5412,-2.9830332397529644,-0.17825617428549206
train:5413,-12.117097164123123,-5.221817653069192
train:5414,1.465424331121104,-0.03650639621198801
train:5415,8.2288577352611,14.42385869078863
train:5416,-8.568112578240413,-4.106431528397809
train:5417,-4.1179222636435195,0.1010918096295255
train:5418,2.011866241059771,0.09552846602171358
train:5419,-1.3298162704160883,0.15033775060042698
train:5420,-0.021884286421165355,-0.129295554934603
train:5421,-0.8080326007702066,0.15183362052374705
train:5422,-2.092607994388625,-9.127353628263586
train:5423,13.699640611432864,4.786078409670047
train:5424,4.509035869286637,1.65820776628016
train:5425,0.9886458553079921,0.35691859249477026
train:5426,-7.062022613406246,-2.6116640878174877
train:5427,7.606342936367576,6.076864288314337
train:5428,0.15169216534457688,0.05441732975898585
train:5429,6.614269746456048,3.8920584932420503
train:5430,-16.09455435743286,-9.554819055506735
train:5431,2.1114843602530944,0.16980467409063352
train:5432,0.6506010143168729,-0.28266063349800213
train:5433,-0.24139681104275967,-0.16831571170506981
train:5434,25.50172027753477,10.056326524610705
train:5435,6.998387926893888,2.5198298407381783
train:5436,-13.026992646774342,-3.1557704199298082
train:5437,15.147258495430965,13.330671729440693
train:5438,0.22087766532817793,-0.21035663979701297
train:5439,3.160676724042433,6.406380515336946
train:5440,-0.25158882635741175,-0.04730189635718246
train:5441,-12.690809680058507,-11.459792818535654
train:5442,1.1670830088773672,-0.18520546766251428
train:5443,7.867583691009133,5.639530727521439
train:5444,-20.4100764993715,-14.116826437885116
train:5445,-0.5906832163032609,0.21652858593184032
train:5446,0.7419787213515647,0.012946688255042471
train:5447,0.41665539001638074,-0.04642474636685931
train:5448,-0.9068213089623166,0.14315221092203453
train:5449,-4.63252436841511,-1.7291887121176226
train:5450,-0.010062855071479082,0.007115998289278919
train:5451,9.17547325137521,2.9396303879813135
train:5452,-1.9432638031904097,-0.03078177455846408
train:5453,-4.944757627554442,-0.30222913148493313
train:5454,4.816282434256121,4.114127163313906
train:5455,2.8343495217967285,0.5794725946422681
train:5456,0.34258431519744015,0.12036100523706345
train:5457,-0.6457939509853099,0.14383741079249432
train:5458,-0.6160555683100953,-0.02364231432170362
train:5459,0.42314876227041115,-0.13021257862132288
train:5460,-0.7020620952455648,-2.2546107579434307
train:5461,0.23478831511211334,-0.18775581496299515
train:5462,6.946843566533758,1.275761525529049
train:5463,3.361543656984435,7.003465080531551
train:5464,-9.945079894195736,-2.1762090845707514
train:5465,-2.7513802348469403,0.03548702490561765
train:5466,6.241834917173187,1.10032453708473
train:5467,-6.270180583149635,-0.266329109290112
train:5468,-4.45633961896464,-1.9805952924456354
train:5469,-1.6117455759816766,-0.13123010684869213
train:5470,1.8524129059095529,0.34215191471183815
train:5471,-0.04720747351018681,-2.6481784074601955
train:5472,0.1905205950465373,-0.38631555281473967
train:5473,6.988753462668476,0.4635335809583265
train:5474,-3.7733196594658205,-0.29130730519247816
train:5475,3.7923629303467896,-0.08561067499855335
train:5476,-3.2056120047925796,-0.3153542113271239
train:5477,-10.524124072329501,-6.094500648109421
train:5478,-0.6439603203862159,0.30186050746340604
train:5479,2.951763016655929,0.2062945987348303
train:5480,5.240151438693234,0.3782316895272671
train:5481,0.4546800953526759,0.08432887913217657
train:5482,4.2489271862750995,5.010479298663885
train:5483,-0.0689054743425056,-0.0058075731587780705
train:5484,3.2768646990590344,1.360936876821633
train:5485,0.4233265928242026,3.9162081151599004
train:5486,0.28018578222530555,0.0013982956850402822
train:5487,-0.016023200580615654,0.35235487318267183
train:5488,-0.8631963359310325,1.1278108526878154
train:5489,-0.249122793115717,-0.8355528385901625
train:5490,-0.5305299974737034,0.37754128253724206
train:5491,-0.09882819640223864,0.12073534720251972
train:5492,7.018167798556782,0.3504920083256108
train:5493,-0.10479551565858272,-1.886535739209915
train:5494,-1.2058174660688383,-4.14324429445505
train:5495,1.9110291108545758,-0.40912387779691145
train:5496,-0.2955034423560477,0.158938271522866
train:5497,0.21140929251542484,0.06334161938973393
train:5498,0.4044333168896232,0.42312911501796446
train:5499,0.024901537531921536,-0.020897092354754246
train:5500,1.3783882466395658,-1.8861134632122967
train:5501,-3.4724698803515435,-0.019568848883191478
train:5502,43.818962833108124,18.890667944006633
train:5503,-0.3503427820426045,0.08012409441805372
train:5504,0.9123366725519222,0.18521097161522848
train:5505,0.5402100828956324,-0.2044424219269908
train:5506,0.11481173569591357,0.18751251846305855
train:5507,-2.6661470964767835,0.029200604982289283
train:5508,2.708351111666846,0.19261257109037533
train:5509,4.133416827028828,1.241952054844059
train:5510,-2.0834244991492987,0.15823752162411553
train:5511,0.03238924990862237,-0.14557572125089097
train:5512,-16.339083689182825,-5.162645943581299
train:5513,-1.6626230136505282,-1.1102352433747371
train:5514,-0.8801783402142743,0.07222560734165524
train:5515,34.6524054309993,19.137925377336426
train:5516,-28.437577366258555,-19.282206873963172
train:5517,10.938536967392901,4.197556346292014
train:5518,-0.15983906990919938,-3.14753461136815
train:5519,-0.24521424026414929,-0.2565766736572779
train:5520,-0.3829491182569066,-0.05430725543253709
train:5521,0.8098886067417925,-0.24766408221295033
train:5522,-0.2447918636416146,-0.02416837605860149
train:5523,1.0080129973653218,-0.2970479761871278
train:5524,-14.566124690794162,-5.203270606481905
train:5525,-6.212859635519287,-6.836865846425183
train:5526,-9.014586751792422,-2.7746241044794737
train:5527,0.8232338018563192,1.7414208181311086
train:5528,-0.11887016473101464,-4.157525212179911
train:5529,14.158433212052213,6.005997816265375
train:5530,-2.751088732213667,0.04250229890726771
train:5531,-2.9318236192587954,-10.816798863394572
train:5532,-8.815003685711321,-13.870332525210477
train:5533,1.024847623124245,0.10374152018417573
train:5534,-0.6782572091527379,-4.152591430726656
train:5535,4.264320570944471,6.484539237350185
train:5536,-4.343028779587616,0.0487339370795537
train:5537,-18.99697029555391,-13.18676241184419
train:5538,-3.564002637032482,0.07970674021838056
train:5539,-5.924621645771547,-1.765857105435137
train:5540,-5.742622185899457,-4.928383768756592
train:5541,-1.2019207685875233,-0.04451223554791617
train:5542,-3.4532065308984854,-1.2392526868159974
train:5543,3.466896985881212,0.26877168786016215
train:5544,-0.23089190693673067,0.027711654108254533
train:5545,-4.414364634522652,-5.360808656398796
train:5546,-0.9991381472876196,0.24425842353760618
train:5547,-0.07882051566389955,-0.030782773184134124
train:5548,-0.19184833713341864,-0.05643368613608457
train:5549,3.148268103177875,0.04371634240042051
train:5550,-0.4967635784114325,0.11790574136645167
train:5551,-6.866916693032366,-0.24944991023260799
train:5552,-6.572396751800103,-0.3241304903674905
train:5553,-1.7208810004473256,-0.03771373464707051
train:5554,2.5107576556640487,0.027997546371506962
train:5555,4.103468767020908,3.312710090590657
train:5556,-10.594330180216922,-2.819007309080504
train:5557,-1.401321819866507,0.7711790855073271
train:5558,-0.38881462080402107,-0.27657343939584744
train:5559,-5.429312180191285,0.16146129927823072
train:5560,0.24803262335037138,-0.02936080156039729
train:5561,6.061944318456647,2.2121037684967266
train:5562,0.08059248798163514,-0.1517808958429208
train:5563,0.8085949766348,-0.20268255817475428
train:5564,1.1180240920219933,-0.2506867794553618
train:5565,-0.21934628728910133,0.11403856345920851
train:5566,-1.5900776784914705,0.007099592296128207
train:5567,-0.028991348429456387,5.572227922506433
train:5568,0.025761633020847455,-0.10917410364808802
train:5569,-5.030118153040257,0.10905927320756198
train:5570,-1.115274516574885,-5.533484159543825
train:5571,0.2526230924497132,-0.020746014556957668
train:5572,-0.05571567756158624,-0.045189589073825615
train:5573,-2.75011612693646,0.057739472041600313
train:5574,7.012308921069514,0.1111639481375835
train:5575,0.5821587995564721,2.4570195672910766
train:5576,6.9396461944991295,0.32026289598934626
train:5577,-22.088839699478914,-6.231514372612339
train:5578,2.5255617586943857,0.03932481468599954
train:5579,3.5472889489399173,0.5425472692059324
train:5580,-4.416367029804168,0.07040090425127091
train:5581,-0.028960431483503107,-0.050087134681338574
train:5582,0.5213460966993246,-0.15433409635960182
train:5583,-15.510632275585683,-4.43553603632274
train:5584,-4.885722997776969,-0.4281867145427754
train:5585,-16.73249787464827,-3.269024557169433
train:5586,-1.4997755557344163,0.24155649912649368
train:5587,0.28689336474772653,0.036391494441056986
train:5588,-3.031000997628604,-5.0037543278990695
train:5589,-0.09470357361635831,-0.018037527748584886
train:5590,1.1776407972330531,0.21556298623931336
train:5591,-1.5935603678468997,-0.23457994602323134
train:5592,-0.16498674141042108,-0.3062687149810688
train:5593,0.31179498881805423,-0.042639241773344716
train:5594,-6.993340501741907,-0.5682411472153683
train:5595,6.048219519035792,8.358753047168806
train:5596,2.875739176389766,-0.1483941282133735
train:5597,0.7613506288028195,-0.0860601278804779
train:5598,-0.5145640681585955,0.03927887790517754
train:5599,0.2935665434505905,3.4271525923776336
train:5600,-2.3536009485460747,0.06660042027270563
train:5601,-2.09068068311871,-0.0010038270338441763
train:5602,-1.0087561069779736,0.255154071571425
train:5603,2.383941922361446,-0.2464132322308159
train:5604,0.76557764944353,-1.8029861505081617
train:5605,3.5228055172437998,0.25012641930518636
train:5606,-0.5012463031164184,-0.008796531119623044
train:5607,-8.390890135205467,-6.75195184973653
train:5608,0.4915819111594423,0.1850826482166279
train:5609,-1.4653710388026586,-9.88654766637092
train:5610,-4.589109072716532,-0.019512141211214015
train:5611,-4.262586605549017,-0.32144326001980866
train:5612,-1.474646587505124,-0.0049678003006765475
train:5613,-7.9579766455566965,-5.039042335218964
train:5614,0.4394617517382127,-0.09487250010577611
train:5615,0.5575468184534962,-0.1828153284516703
train:5616,0.5416673636037613,-0.0990924068657596
train:5617,3.2268668833712897,-0.08895264713375867
train:5618,5.454329627846685,4.449775522593822
train:5619,3.0889659139658736,0.2239881056958497
train:5620,-8.642980868594293,-12.488898826601764
train:5621,3.305023760449989,5.8935251749429645
train:5622,-0.21820445241299213,-0.017577446636314886
train:5623,-2.95045235771597,-0.18531745639836916
train:5624,-21.96980620314341,-4.616643649303995
train:5625,2.0423868457134278,2.470563784593066
train:5626,17.233922678536224,6.964343491925169
train:5627,1.0949463353046691,0.31945301057094105
train:5628,1.918247869047307,2.1811948774007823
train:5629,-1.9683158277421793,0.17946352423210354
train:5630,-6.369869834564475,-2.190409684259579
train:5631,0.6837558357490454,-0.1440385510230741
train:5632,-8.888508840944374,-16.277939125631573
train:5633,-1.9434971912636212,-1.6133832289518468
train:5634,0.8401990691462631,-0.23922797787404348
train:5635,2.005240251379678,0.2461309179993426
train:5636,-11.588916708622035,-19.448946546125462
train:5637,-0.5390937590445227,-1.9925673876213557
train:5638,9.703051175117569,16.491728273115033
train:5639,-6.799420118393304,-3.3550832641975754
train:5640,-0.4507761322844851,-0.1207500297544214
train:5641,-8.445798631218498,-16.663445155435696
train:5642,0.24547639631145948,0.34862507763546463
train:5643,-0.39706130933513895,0.26496635341405667
train:5644,-2.833570959768702,-8.061469663377876
train:5645,1.2527552608633568,-0.22044711021915675
train:5646,0.049344289035995165,0.03706877663656143
train:5647,-1.6101423114986706,-8.25566868825016
train:5648,5.211218291362246,7.493506674832581
train:5649,9.307059492684228,0.4510804335312649
train:5650,9.548821641542254,2.3552958473593932
train:5651,-3.6410230257745977,-0.5173708702617361
train:5652,0.5535111109445117,-0.11455897858258218
train:5653,-5.1444592473380695,-0.15177304949837045
train:5654,17.873666352364136,8.275542991194868
train:5655,-22.758512836655527,-9.91232704538228
train:5656,-6.151302833835098,-0.20380401480221305
train:5657,-32.32593238624741,-15.662339469871123
train:5658,-1.7456729042282553,0.12350068434367997
train:5659,9.394179262132257,3.2512723567966253
train:5660,-3.3047373125165724,-6.396542685697796
train:5661,6.617579486880731,0.9456251519653429
train:5662,-1.0153658245812491,0.24953352097880058
train:5663,3.343971673687438,0.3424423007906058
train:5664,-26.668004819513857,-7.9830883905010275
train:5665,3.635216510772815,0.17282808463709498
train:5666,-2.4179523631945514,0.009656074011439378
train:5667,-1.059292528408378,0.30307305301805376
train:5668,-1.6646540012955948,-0.16713419487659842
train:5669,-9.488874088873892,-2.902603119884699
train:5670,4.887180337866526,0.5382819963083669
train:5671,18.84445659563131,13.931310260734172
train:5672,3.1895889501317987,5.368157910868199
train:5673,14.37283967519759,2.73741097237048
train:5674,-1.1840565852825318,-0.0769538030561619
train:5675,-1.845217566617659,-3.7318082358241975
train:5676,0.28337731763482144,-0.19508173287843372
train:5677,16.989809911952786,9.652779038129957
train:5678,-0.23458810918582979,-0.03924962092759732
train:5679,-15.02134859250919,-9.86195408401233
train:5680,-2.2329002617114955,-1.3570768204433612
train:5681,7.257779708692493,2.2295591745658454
train:5682,2.2964834612573735,-0.015355504520468258
train:5683,5.109797226057542,0.6109147518460154
train:5684,2.634939404646375,-0.12099041321928186
train:5685,-0.1886824883594505,-0.0318055085310686
train:5686,-0.37330105522444,0.07226448241238194
train:5687,0.2732026204590679,-0.03166177776498735
train:5688,1.3758553816537993,0.11425526522960792
train:5689,-15.05120366922101,-4.550806826772613
train:5690,6.45264246184301,0.16867480047538438
train:5691,1.2019966093552732,3.3046440483929063
train:5692,2.180012584562388,-0.13406641774283046
train:5693,1.4110630418056216,-0.3436264453325333
train:5694,6.65213300954449,1.6247656471809357
train:5695,-19.66899033112409,-9.724471290766113
train:5696,-4.982853348883134,-1.3337186806994255
train:5697,0.4460182364044711,0.08562395396541288
train:5698,1.2303811552392703,0.3069748975021285
train:5699,-12.759163560687613,-9.432565018407058
train:5700,0.5921751926706151,-0.07979253918407034
train:5701,-8.221513622695445,-3.259662584173586
train:5702,2.0893315548737257,2.621635447974805
train:5703,-6.30989514366343,-1.2256128867713043
train:5704,0.4679032498910712,-0.15626130124197563
train:5705,-0.5315523488143241,0.27806546898882634
train:5706,2.3616215145908575,0.5691786185746506
train:5707,3.336972588531743,0.08205186994366755
train:5708,6.069668905780163,3.9469332591325563
train:5709,1.2267708463099436,1.4857469676541906
train:5710,0.7955294287832944,1.229693211440226
train:5711,-3.424434244669751,-9.041281796440924
train:5712,6.693338557211249,0.31635398979517626
train:5713,-9.779965735978944,-7.100371775371442
train:5714,1.294117485384045,0.14548706906900105
train:5715,-0.3958055699213071,-2.5699052714773316
train:5716,-0.005094408873490358,-0.10687455405159801
train:5717,-8.137603636628793,-4.763831372133316
train:5718,-2.1286794693612174,0.08156974773625159
train:5719,-5.01390326094984,-0.29539895988426607
train:5720,-0.06370387252954585,-0.048201872077106606
train:5721,-0.7040489158249837,-1.8569264880931273
train:5722,-0.06458430811449367,0.15576763502047813
train:5723,-1.4490271323889035,-0.46911845483692033
train:5724,6.476872978973735,2.664812312766423
train:5725,-1.6043062149189482,1.299260756814081
train:5726,1.0292289960364815,-0.3259199562378033
train:5727,-2.393624678519402,-8.289943233175771
train:5728,2.0469500009695403,4.636293689455373
train:5729,-0.8486528185880159,-0.0007715752351540733
train:5730,-0.7537271014323844,0.23924874653342834
train:5731,-0.37233054207139527,-2.1877771643325348
train:5732,-0.3835589724502031,-0.3209710527386881
train:5733,-0.07770715692222097,-0.23632911021471742
train:5734,5.168423194248655,3.709426977488308
train:5735,0.36714794498644393,0.10197430940022388
train:5736,2.7185734627818507,0.32395438710906677
train:5737,-33.023310826330004,-12.002084219823075
train:5738,-4.6321780056371376,-0.3553692845865739
train:5739,0.227536082932786,-0.08311282687615473
train:5740,-2.484228996988781,0.11085879666498023
train:5741,-0.2679693449440061,0.014806985217523369
train:5742,0.013694493311216693,-0.06178546376265728
train:5743,-0.6021610743738574,0.03144358956761182
train:5744,-0.2192655080506144,0.22193935380335061
train:5745,7.185803663763808,12.7563718075338
train:5746,0.0390910209750371,0.033131552271605226
train:5747,-0.6452095509693208,0.20905579871250038
train:5748,-11.431434619349139,-0.47148990548165354
train:5749,-12.00192061490985,-2.8852695461473252
train:5750,-9.618513259962574,-9.94750948370277
train:5751,6.750580469039913,0.8260602711342837
train:5752,13.58003247832746,4.3544892290528585
train:5753,-2.134681076207998,-1.2856897790986868
train:5754,0.052127744004751675,0.0595628198542896
train:5755,-0.4577203572954809,0.27157097827410387
train:5756,-13.241242897982271,-1.8920849593975362
train:5757,4.37474660355999,10.17968247380687
train:5758,-0.10898278594021049,0.03497851044835054
train:5759,-6.549735792707548,-5.278014599346836
train:5760,0.5491511241903779,0.13794423539194806
train:5761,-14.492716238189054,-8.048400791894828
train:5762,16.232857074058856,6.124738973579459
train:5763,0.12291197553567382,0.41050698586145057
train:5764,8.31734528899476,3.1968623798251192
train:5765,0.46813570813132144,-3.7203092038944576
train:5766,15.574228492793015,2.7255570003454443
train:5767,-3.578474557237502,-0.39945518405955105
train:5768,-3.3437261384043055,-7.263394277468211
train:5769,-0.41007792472707183,0.1661412871504842
train:5770,0.2690720699880612,-0.003620297619762944
train:5771,-0.08195114701446979,-2.210926591311431
train:5772,-1.418047887627233,0.04740726287690101
train:5773,1.6536685491592764,-0.3405458278012593
train:5774,0.04500824548060724,0.22793995279383156
train:5775,-0.2148902952817443,-0.14964512085631793
train:5776,-5.339641878931231,-4.4240335805335596
train:5777,2.057117259481606,-0.1772728133221193
train:5778,12.164769062040351,5.094432902779576
train:5779,0.3970983295767668,-0.2968279932180982
train:5780,-4.362215417821392,0.20995720104052457
train:5781,-3.031129314577222,0.1711789256734233
train:5782,4.776526496175562,3.035489892656882
train:5783,-2.329214684394382,-11.138162310446948
train:5784,-0.5191225742499029,0.17787150092283932
train:5785,-2.396636407480084,-0.18303752266325501
train:5786,1.4064843118474126,0.14709150386873582
train:5787,-3.0047908661239076,-1.1562881500960798
train:5788,1.3695148506927333,0.00837555058082369
train:5789,-1.4425468940254476,-6.529492859688497
train:5790,3.1062210566814095,0.0930958138894878
train:5791,-9.897113531069538,-6.156284762350148
train:5792,-0.3101433136396481,-0.2796509183893013
train:5793,-15.164001705720041,-3.912398846029991
train:5794,-8.251682982948084,-1.1607465857303936
train:5795,-0.5461544456338838,0.2331059860457762
train:5796,-1.3609926397654908,-1.4523354377871835
train:5797,-0.2911496157452806,0.006357256771260936
train:5798,-8.736122236297764,-13.80188272728302
train:5799,28.25104107829293,12.240458960659764
train:5800,7.1688328174760985,14.15340004460591
train:5801,-0.41046578130092937,-2.5130149936630577
train:5802,-0.6361764562114363,0.14684455800661508
train:5803,-0.08191813794435426,-0.3193201818452963
train:5804,3.1422451101729907,0.7002011953657505
train:5805,-1.4203671234902098,-0.340492615319127
train:5806,0.35284699781712836,0.3057759760548363
train:5807,2.7571596709974706,7.118019999036813
train:5808,-0.035203678671024224,-0.2282896029276278
train:5809,19.853236094353143,4.7472096160189965
train:5810,6.678649056093356,0.18320565993937626
train:5811,18.7289304292247,3.68831460421549
train:5812,0.03437700032100226,-0.25989824529665234
train:5813,-2.9553446738402767,-8.713180764653575
train:5814,4.372711199208358,0.17392628755252276
train:5815,2.0112850954591455,-0.116256356900036
train:5816,-1.8248602686859834,-9.154468883099845
train:5817,-2.3104408919952912,-9.257215481039273
train:5818,17.691967693454927,12.06284511091556
train:5819,0.46943421986135936,0.16838947885537198
train:5820,-13.444872597109647,-1.8635448083909352
train:5821,-4.212361678160548,-1.650619126971566
train:5822,-3.4307701264660118,-0.3128899598254817
train:5823,-0.3830454721974903,-0.23345121369446226
train:5824,16.3170367116842,5.199237240242533
train:5825,-10.541636546316994,-16.102507415637223
train:5826,1.1029903202502886,0.1020022709189851
train:5827,-3.378189932187327,-10.081871999712535
train:5828,2.0779150657785554,3.684307547384036
train:5829,0.30504998051895293,-0.020217670247099695
train:5830,-4.859366417580915,-5.208285419275243
train:5831,-5.492943904127948,-0.020781537098649216
train:5832,-9.543531529987453,-15.802190432563444
train:5833,-3.6533577249187568,-8.02293241344928
train:5834,-0.022313288103547185,0.009715920221236976
train:5835,-0.42024285865673483,1.1203344276178204
train:5836,-8.84827496872186,-1.131439490209199
train:5837,-2.3203398936981077,-0.12921152771750935
train:5838,-4.617153764653283,-12.999632515429335
train:5839,18.242168453138444,5.964097765723314
train:5840,-4.044020534652602,-7.958417200661794
train:5841,9.051015109545226,6.492438081078609
train:5842,0.8225324753454842,-0.1341090733250223
train:5843,0.15926193548008605,0.08954762555341851
train:5844,-0.32207981181825823,-0.20382156208184382
train:5845,12.055141755938331,2.168982256099391
train:5846,4.647658621528031,3.1373905119929733
train:5847,0.895970217688863,1.079076921364026
train:5848,-0.9228423308803638,-0.35422400360384415
train:5849,0.146926074044726,-0.13895283580716294
train:5850,-2.3442226533014185,-0.22501211347854527
train:5851,7.345952978885336,13.612827420757442
train:5852,-1.6542517275026363,-0.1081920266320053
train:5853,-0.5672521230607563,-0.28568468601810865
train:5854,-0.062108744084948625,0.3695563430099798
train:5855,-7.576912036562786,-0.9260796821876991
train:5856,3.597466687305616,9.669740837796455
train:5857,0.7873824648372438,-0.3104732143735716
train:5858,13.071943853447682,11.514434131522112
train:5859,-1.4360045893118443,-2.8927412634105902
train:5860,1.1575196768734717,-0.20935994004790465
train:5861,-0.2900435794381699,-0.2800378145060381
train:5862,-0.22018453170344376,0.3065161716675535
train:5863,-2.922367218045415,-5.125779537059495
train:5864,-5.032513402747795,-1.2970007840808386
train:5865,-0.07570266951654306,0.23995741410713414
train:5866,-4.933118443465112,-3.2125976416660595
train:5867,2.054228733388256,-0.009445923126771283
train:5868,-24.016069144093176,-10.242563994817042
train:5869,1.2078285216866713,2.9500001169390444
train:5870,1.6095758701486091,-0.1592412715717902
train:5871,-9.11712687106569,-1.1788259901824798
train:5872,-1.6863391006955797,-0.005086636755411711
train:5873,-1.745242856483792,-0.10782767092324946
train:5874,2.0392251811877844,7.099445561574004
train:5875,-0.3596226312225146,0.3778993611703576
train:5876,2.8121402290649793,-0.09541011736828447
train:5877,4.9941613393615345,2.681053675342389
train:5878,3.3913936196149694,-0.01977727632661054
train:5879,-20.012697506160343,-5.965045093320631
train:5880,-1.830308857379209,-1.3541753848894549
train:5881,5.079322880593695,4.038203080228605
train:5882,0.06176976312297171,0.07621561620631376
train:5883,2.994116210654804,0.08223119458184534
train:5884,-6.043289717753377,-0.13088279910673203
train:5885,-39.68888907457073,-13.218292733428523
train:5886,-0.18491434028499393,-0.1981410939490168
train:5887,-5.5455408353999305,-0.5381250222406286
train:5888,0.016884633971291002,-0.04882579912966872
train:5889,6.479361676893855,0.1112994759070894
train:5890,2.1497448944741233,6.461807093240557
train:5891,-10.54196756685111,-1.1105856183241123
train:5892,-9.075003578266424,-3.8341411174146076
train:5893,0.4903558101712423,-0.20004796966596472
train:5894,-1.0715963106065836,0.1190010197352743
train:5895,1.36416133741977,8.373237113887116
train:5896,0.06051541845858134,0.09153745853138504
train:5897,1.367407616744865,-0.05282072979227245
train:5898,14.582626728192714,2.9885387934757404
train:5899,-0.7028615191337855,0.09476908253005056
train:5900,-0.5836648371136254,-0.1612736174711386
train:5901,-8.296212683450422,-5.665065360401707
train:5902,-0.015984031367133472,0.19522091001012376
train:5903,1.9065745135966603,-0.07662161736006246
train:5904,-1.5545292345594408,-0.14017087380299592
train:5905,0.06561845797767497,0.04991038944926986
train:5906,-2.813986817944099,-2.8534248001377405
train:5907,-14.209598838557547,-6.006740853582764
train:5908,-8.293696555457954,-3.1549957717314747
train:5909,-1.1848483380488242,0.006016796748181119
train:5910,0.2663438238513641,-0.09457177111828302
train:5911,4.128361790136346,7.596843317882194
train:5912,-2.432994271004665,-0.5256237981205951
train:5913,0.3230396912736796,-1.824745347893548
train:5914,-3.407812550658897,-6.750895018456005
train:5915,3.703492285433197,0.36492485981312844
train:5916,3.0929830248156382,0.2901243732674357
train:5917,-3.084960134188453,0.05998067336679777
train:5918,-0.5651774332665229,-0.3317408026076764
train:5919,0.056022116903664126,0.01010780946632403
train:5920,-2.872453784698881,0.08961553209898146
train:5921,1.1996685400791667,4.906190252046669
train:5922,-2.3195751060876844,0.16133169193234007
train:5923,-0.034566045718017774,0.022822596818936933
train:5924,0.1649571623662172,-0.11183972088305394
train:5925,2.606827997194672,0.7848201694993102
train:5926,-2.366568863936675,-4.006213450654931
train:5927,14.892545633092114,3.806485688932789
train:5928,-35.04005529009983,-12.893608142719204
train:5929,-0.19831555783542087,0.7498848197017511
train:5930,0.10528280751157529,3.2718371978806395
train:5931,-2.094056209225384,-0.106736101735487
train:5932,-5.97114444322579,-0.2385832936736254
train:5933,-0.8809266232896399,0.03884839891098382
train:5934,-4.2817262872182615,-0.011156782890770683
train:5935,-2.46713634258318,0.15063334379875984
train:5936,-4.117619138098234,0.08874337523700854
train:5937,-1.1895570121633332,-0.13511697194771616
train:5938,2.536184867815582,7.643618373623788
train:5939,7.385427177578712,1.8569566723659727
train:5940,8.832682891638502,7.979000813153853
train:5941,3.4927516887365657,0.13581060031749528
train:5942,1.3291410386095892,0.7397486264900004
train:5943,13.275792993153853,9.264172132959539
train:5944,17.901062950727066,6.625290104432025
train:5945,-23.79013461189731,-17.558614347349103
train:5946,0.5600197092132784,0.05521152248829038
train:5947,-17.672789596794615,-4.049529837718734
train:5948,-1.8396030027408945,-0.03418701676290717
train:5949,11.529244970189463,2.629631015732413
train:5950,1.4522181460342467,0.03492387135811816
train:5951,1.0686464749192361,-0.11017130271003137
train:5952,-4.868036180109288,0.23538627643291538
train:5953,-2.340462873723611,-7.769109158999762
train:5954,2.705126450958095,2.428830361877091
train:5955,-9.620051203680068,-5.799983112284013
train:5956,-4.122918256142978,-3.8351040778821495
train:5957,5.491886975890957,1.7190737155476867
train:5958,6.968612350900233,0.3280824203074063
train:5959,-2.2672938531059614,-3.312825135022398
train:5960,-7.629906006509116,-6.735207465144482
train:5961,-5.064717702435584,-0.20599899402496846
train:5962,-4.878878962267521,-0.078497107698809
train:5963,-4.376932813928115,-7.037418413131904
train:5964,-0.14610706428289633,-0.13083557837861998
train:5965,3.4256449465664027,6.249094689732146
train:5966,-0.7282647880865731,0.0007747252845031749
train:5967,-0.06929890991412915,0.042554726754944996
train:5968,-10.099733431601267,-13.618547608414328
train:5969,0.07660141245477858,-0.15255518738922946
train:5970,2.049247850674414,0.8354015583126799
train:5971,2.954808916977928,0.21376175085217503
train:5972,0.007492042544859495,0.04850218459369862
train:5973,-10.517568749954444,-10.990235604621795
train:5974,-0.39963787647007265,0.1512969305565037
train:5975,0.3464256876175756,0.8104859905059063
train:5976,-18.741679077113318,-5.484976630925515
train:5977,0.8079696639685268,-0.02836745434032409
train:5978,6.788693857194863,13.976625040424542
train:5979,3.602039140891338,8.981724272303897
train:5980,-0.07653301035071694,-0.5288115539201836
train:5981,-0.6398502262403513,0.1981587240705815
train:5982,-5.352749734182463,-7.883573915873099
train:5983,2.199322890579976,-0.18899468143708903
train:5984,-0.977405161490143,0.22734833841473584
train:5985,-1.853322223163984,-2.132777570233273
train:5986,0.5636792992895381,0.1443795218705179
train:5987,-0.016796821604168483,-0.013589506353401462
train:5988,7.090204282627932,1.8100930242613649
train:5989,-1.9434235020014619,0.06974609113334243
train:5990,5.9469965081517815,1.777626990424203
train:5991,3.4938977078609996,0.05542323113033959
train:5992,0.7721436648976385,-0.2288616727757527
train:5993,4.0912600602429645,-0.08220578944613527
train:5994,-0.19439491715536017,0.09154865740497052
train:5995,2.0858883834191393,-0.1869746043674012
train:5996,-8.828930723801195,-6.623315167997177
train:5997,19.287213297005238,11.726958793404554
train:5998,5.305421063390699,3.563623064516048
train:5999,0.658966721466999,0.0425134264504482
train:6000,-0.27907375885164043,0.06168746729771199
train:6001,-16.892241317682323,-4.43162342094751
train:6002,5.198025821311563,7.236103775338387
train:6003,0.49223511881454546,0.21046471687212165
train:6004,-1.3836819587633569,-0.05188252097526666
train:6005,-1.2186933279963,1.6936345825681907
train:6006,11.466373384698418,4.213334061235461
train:6007,0.6095474943392372,0.5799195509600176
train:6008,21.674087069231124,9.162041829719337
train:6009,-7.876076958351728,-0.9842469169123385
train:6010,-27.517751267583844,-17.495716908147088
train:6011,5.3267421331864515,0.33610181242028503
train:6012,-3.282118195907262,0.4413508949584368
train:6013,-0.3894602735663161,-0.38337074837459156
train:6014,0.24358918408798783,-0.09273586915431317
train:6015,-0.6390714911355129,0.17827430371989184
train:6016,2.3974977246416396,6.569560514967963
train:6017,0.11345650415525461,-0.8174578841097855
train:6018,0.0892650400088915,-0.040248674580070753
train:6019,-3.628558614932379,-0.18905117511785152
train:6020,2.4540873586481604,-0.037591046350465174
train:6021,-1.6754456426409727,-0.2676358823097688
train:6022,3.935895200622268,-0.132561203536455
train:6023,1.8428305123299573,0.19692278214309278
train:6024,1.9232433966302849,3.8070951359131353
train:6025,0.9441388194840785,-0.48589622205850996
train:6026,0.05139108384139862,0.11670453734619944
train:6027,0.4712450695529088,-0.12120568838158122
train:6028,0.8920525989659255,-0.03681860939468659
train:6029,1.9700428193904265,-0.21456420639693097
train:6030,-7.264310563570897,-11.28516115036382
train:6031,-2.236532654173646,-2.59608666865129
train:6032,-4.185479277425048,-0.027664778520638533
train:6033,-3.1492729607690486,-10.088142227633927
train:6034,-0.5093632799494766,0.038411000867504805
train:6035,-22.334393707151904,-9.265920643665853
train:6036,1.3422781835990918,1.5611193813871982
train:6037,8.019853601619138,12.968346369332856
train:6038,-1.4372240652401973,-2.8723036757691016
train:6039,-0.8991348447902018,0.03014031173780015
train:6040,10.435069612329297,2.289194817007879
train:6041,1.4578889648051518,0.3096569207302451
train:6042,1.9346905702131685,0.398374825256903
train:6043,0.8746735560083363,-0.15865315238253963
train:6044,-16.8223308966765,-5.508100236297801
train:6045,0.07963824690540787,-0.027425037029423116
train:6046,-6.24911707708408,-5.118212807696766
train:6047,-2.5319136207277957,-2.5279980878947694
train:6048,13.993246526864462,5.404139249724723
train:6049,3.5540234966182074,-0.1830582798111109
train:6050,4.132085771145155,5.112632998276927
train:6051,0.05035873679644726,0.005660358714380628
train:6052,0.3993022661525794,-0.07367581429424436
train:6053,0.6539967642904485,0.28003076430747176
train:6054,19.31493533690452,7.888994966834458
train:6055,-1.6129327402146347,0.2778243008895108
train:6056,0.32942578404983447,-0.04069078043027999
train:6057,3.1290256749664396,0.14425269641042238
train:6058,-16.07501112825854,-4.9915790837299
train:6059,0.03805634934768323,-0.08137693013999925
train:6060,-9.35685640507097,-5.481351905064877
train:6061,2.098506216699923,-0.21122095031443555
train:6062,-0.06432104915741027,0.07997073404729704
train:6063,-12.292887664398128,-2.43649858289461
train:6064,4.455325927960336,-0.02423428535282436
train:6065,0.029849178717407873,0.11768012329542686
train:6066,-9.629849783423097,-1.2538376147269816
train:6067,-7.0945072577317765,-5.958694975345635
train:6068,-10.189326556725558,-8.475065036028981
train:6069,-2.2149465819840075,-8.19474396272891
train:6070,3.715071495296542,0.33378157700634414
train:6071,4.251818966783812,0.22699396896268043
train:6072,-3.487848387693539,-0.42773697633923086
train:6073,0.4243835804426205,-0.2082047441388794
train:6074,0.2419338489591658,-0.008051057056935623
train:6075,2.1856243589402693,-0.06492771076385392
train:6076,5.737926821286069,9.28743212206619
train:6077,-5.2041270933619845,0.38522370981688614
train:6078,-6.886246060625655,-3.8718509346451673
train:6079,4.191223612381299,6.851890823116159
train:6080,-0.848808100692503,-0.009239207613072287
train:6081,1.6455780725656068,0.18757008209989606
train:6082,-0.28503387190253676,0.10966365572915326
train:6083,-0.5771367123526775,-2.1737011075308423
train:6084,1.1977754001705687,0.015699613905732185
train:6085,23.92655720627616,12.361019899266287
train:6086,5.850180440586435,0.1429171059071443
train:6087,7.163634121391142,4.492650517111467
train:6088,0.8068778076140714,-0.11848229351856279
train:6089,0.8731109717173741,-0.11691231130444452
train:6090,0.29441920027582846,-0.00715857102953682
train:6091,-2.107786355185765,-0.013240415351316287
train:6092,3.737219883969346,5.803568974585453
train:6093,0.20372829111195592,-0.13403902686730929
train:6094,-3.728083285913122,-2.502999634157382
train:6095,0.19382987055473988,2.843913829437371
train:6096,3.104366504840693,9.360295845455239
train:6097,1.7573458541438494,5.186631160427145
train:6098,-1.57854937698274,-2.574906388832909
train:6099,2.3136335328483164,-0.09241245709802912
train:6100,1.2714955792758516,3.882047128239055
train:6101,-8.335992797187968,-2.49720047223063
train:6102,-0.9134203334865408,-5.835266554457988
train:6103,-0.18200721753242433,-0.016613558873507975
train:6104,3.756215673987876,0.1412820703636632
train:6105,-17.465901762971892,-12.244719442908666
train:6106,-22.738194126791733,-9.527376822093942
train:6107,1.655165580226488,-0.10576964607809997
train:6108,0.1232796082426296,0.039511700347107666
train:6109,-5.489645321698797,-2.419856914085767
train:6110,-4.701736019950739,-8.640532173766017
train:6111,-3.062992365568324,-9.660119852588513
train:6112,-16.994995298536622,-22.904362557447726
train:6113,3.865481739984545,0.10339549638950568
train:6114,-2.0611745262255057,-5.977138164863237
train:6115,1.6985236911979649,5.059702984548426
train:6116,0.06093326214543117,0.6182149194852478
train:6117,5.705919646186012,0.8058242632173336
train:6118,0.6062973794531782,0.01447158965319878
train:6119,-8.572533004137012,-10.432450098081219
train:6120,3.5167999586069345,0.4131794508152968
train:6121,-1.452068616004338,-0.04698297811641361
train:6122,0.22282252719523166,-0.09059117786708493
train:6123,6.886019938139319,1.050327914931576
train:6124,0.42027092925611303,-0.19162777200737358
train:6125,-0.3891651678303184,-0.08457838137734847
train:6126,2.190480179120857,0.33455693850872786
train:6127,2.107480267064784,2.745625381810637
train:6128,-2.1117374478952984,-7.0241977505470095
train:6129,1.214937094673524,-0.19502181533823115
train:6130,-0.04773492125731463,0.18784855600102818
train:6131,-1.7391589594199623,-0.15987803809725287
train:6132,-0.9971875901936796,0.2403858245195828
train:6133,7.213747468824291,0.3571582626555807
train:6134,-4.137375299020622,-11.417753531043026
train:6135,5.765246243513239,6.722965966540593
train:6136,0.5510386851012099,-0.0972181291438981
train:6137,5.08181762242806,0.5456351624385167
train:6138,-1.1649613031371748,-1.1155840251242997
train:6139,0.3361395267156221,-0.06805797425701005
train:6140,1.3673680988440222,-0.04852599743744071
train:6141,-0.640289339856184,0.11119561883740488
train:6142,-3.5917567561689205,-2.6316791141397378
train:6143,0.571879612401726,0.02122258450431236
train:6144,1.0474081602570122,0.14324422714448853
train:6145,3.061376142805292,10.500090664075444
train:6146,-6.32981170077159,-2.417815437894578
train:6147,-3.297447422102324,-7.387989093138469
train:6148,-0.34716961083406844,0.006918769719445342
train:6149,0.8826396674434721,-0.33171683559159537
train:6150,-0.44536566674266054,0.4234784200112647
train:6151,7.552506537758579,1.10423358593971
train:6152,-6.141342928073336,-2.7969987405992267
train:6153,1.181602815479878,2.2389074521239323
train:6154,-0.8875272750215458,0.2877542065699926
train:6155,-1.3364464443445057,-0.6049979902350866
train:6156,-4.993891860879658,-0.039035772373398
train:6157,-8.57732350355209,-7.206736822095867
train:6158,-1.1917291019602319,0.044967335043364906
train:6159,-9.844609583093655,-12.643594502540092
train:6160,15.111262801844694,10.781333326208154
train:6161,1.7688764802349826,-0.051654121018446714
train:6162,1.3610847526100582,1.2091964195625846
train:6163,0.16238303604280604,-0.036995223477474276
train:6164,0.3853812719769529,-0.20076576753151093
train:6165,15.347577989217177,6.6966473296674085
train:6166,-0.07211281691235844,-0.007026538449876066
train:6167,2.146809179358003,1.321130088344792
train:6168,0.09652505953926721,-0.10616567248667719
train:6169,9.457482290117204,9.543769059988017
train:6170,2.180152989339499,0.5437657351841954
train:6171,-3.5303840614110102,-7.383956357361214
train:6172,-1.50198948801456,0.10662269790306102
train:6173,1.6847837819914933,3.24677911192467
train:6174,-0.28173598684810647,0.03899241499868509
train:6175,5.250818017505356,1.5562018632662842
train:6176,5.702946505293212,0.06906103392369263
train:6177,4.087378007630785,1.9902644970073597
train:6178,7.3404390694265995,8.508375704703314
train:6179,3.192732947831183,3.34359016420298
train:6180,5.158624149589146,0.9679043480032017
train:6181,-1.6993944203845142,-2.537099847573165
train:6182,1.1945581781255052,0.8872118273434428
train:6183,-0.12047924067002691,-0.26268298430797343
train:6184,-2.9049774820087744,0.17236729022077496
train:6185,-0.3721333012545429,-0.1940156286452574
train:6186,0.7722057312477854,-0.0780670566870453
train:6187,-0.0875241008662293,0.11560554979631665
train:6188,-1.0301645810720608,0.2579311068990058
train:6189,2.3636978315927726,-0.13610361410971905
train:6190,9.152208830690965,0.7405834775501565
train:6191,-2.929857952379239,-1.8309703523381686
train:6192,4.128929453159037,0.33209147439020065
train:6193,4.215841869856762,0.3577103599903047
train:6194,0.4040465063778468,0.06777837058092685
train:6195,0.37056903290820686,-0.285002696015874
train:6196,9.747132696132706,4.071246747685482
train:6197,5.366725415425975,-0.10458598933747851
train:6198,-0.4804663961039679,0.16657026820617288
train:6199,2.9653948327806843,0.4713247157751953
train:6200,1.6957301242957574,0.3047045933716897
train:6201,0.7286281796975124,0.005911370409586544
train:6202,-0.8973119072701593,0.28908195072872034
train:6203,-13.260895847445989,-7.005727170153886
train:6204,11.751199817312246,1.5586513493740908
train:6205,0.16484674470209834,0.5787532988382169
train:6206,7.795771761598064,10.14958218418204
train:6207,0.19844230695778534,-0.23800737198363037
train:6208,1.6327731104014216,0.30848168097741396
train:6209,-1.976586691930283,0.591449968267959
train:6210,6.583919998608976,0.5317489871749428
train:6211,-5.794096343871031,-5.782912319758672
train:6212,-7.212394270026367,-0.3510954520404081
train:6213,-2.183439657016969,-1.1599220062485578
train:6214,-1.3511852266093327,-2.0139716449114466
train:6215,-6.739737859958493,-2.3689361352053924
train:6216,-0.11536388086419996,0.5025202124384418
train:6217,-2.648915432043513,0.056451815570484315
train:6218,-35.80414366613648,-12.040957578620045
train:6219,0.2554415323836274,0.149831875368145
train:6220,-1.1981428572669763,2.125510511413491
train:6221,1.1654067525069225,-0.04781469063874977
train:6222,-6.121007481216244,-2.9325108174160195
train:6223,2.339099100609491,0.10420552446872092
train:6224,-6.6158032140855525,-0.07187286697738596
train:6225,9.221431175305646,2.465922457800324
train:6226,-1.8701819544128542,-1.1067972605143976
train:6227,1.9317304469818217,4.265528515827571
train:6228,0.288452462165085,-0.059185898482724236
train:6229,0.4207965173373188,0.5960349440407484
train:6230,25.85617818126612,8.985742171356911
train:6231,-1.1449863990107114,-6.628634704280688
train:6232,0.869773336303861,0.1379152752475168
train:6233,-3.733777118049811,-0.2977027893050563
train:6234,-1.1409718452015896,-0.4456744332853609
train:6235,0.20026780151847057,-0.4388622369467547
train:6236,0.13600460477216858,0.18393094749744782
train:6237,6.841791503516345,0.4572750512233543
train:6238,-0.7724455687702956,0.20183723305659146
train:6239,1.6612592405364084,0.18360739278035376
train:6240,-3.3836745519077915,0.15800805171122054
train:6241,-0.91369835354188,0.2669394237468475
train:6242,-6.784326139937374,-0.17962571806155164
train:6243,-1.6953503443788809,-0.5233877325845577
train:6244,6.671361025345029,0.0830186822530796
train:6245,-0.11275256122234878,0.014819111386373901
train:6246,-0.18917901916062502,0.5351185641768843
train:6247,-0.23751778038770371,-0.10264038121061389
train:6248,-19.025058689639827,-11.950848445874207
train:6249,2.1064716307603377,-0.1342718493092394
train:6250,-0.11646085129994094,-0.060300650052112714
train:6251,-6.424932682849032,0.2931021323546952
train:6252,6.2910942130316565,0.14485115850839841
train:6253,-3.5650993750099826,-5.330949178221258
train:6254,-0.9343859746329511,0.19918581057222118
train:6255,8.363368301232466,1.7211638390750876
train:6256,2.7898551549469084,-0.5343061350175726
train:6257,0.6555760855747088,1.4252656319304404
train:6258,-0.15131203674033966,0.18868133847943938
train:6259,0.05211507503065803,-0.04133624926515306
train:6260,0.14593231506765617,-4.001184086458972
train:6261,-1.8523944823271452,0.13000623127117786
train:6262,1.3731837390986033,0.11473432022960876
train:6263,11.51816879995802,4.34001143941019
train:6264,-4.692543691298284,-11.916520831127274
train:6265,3.2940410384311254,0.11827002574480251
train:6266,-1.8916380824461925,-0.24817972971071772
train:6267,-0.9782850159294904,0.13812327470850583
train:6268,39.32704393980391,16.79221530787434
train:6269,0.3447371109603977,-0.1009484240039403
train:6270,-0.21529500507801996,0.09971085298866546
train:6271,-7.07068400743797,-1.1118421747386469
train:6272,-6.414381868240554,-5.018075190650732
train:6273,2.2768342311255,-0.10907395575946366
train:6274,-1.0751350223979133,-0.27346229245123216
train:6275,-0.232447168793125,-0.09240860525615896
train:6276,-2.679676166059348,-6.0827134413434685
train:6277,-8.309684103389404,-2.1537589808825053
train:6278,1.794979913407404,-1.7026680675374692
train:6279,-2.7615470284425254,-0.17336062592931917
train:6280,17.245917523733137,11.14158953392766
train:6281,-0.3131617838892976,-0.015291307155965467
train:6282,-34.77776056979698,-11.295222731971936
train:6283,-0.5114419215337944,0.0916241249734638
train:6284,0.48478692433868714,-0.11350079202436117
train:6285,-33.15233816733035,-13.859308839099677
train:6286,1.4691608648748864,-0.2600092354068371
train:6287,4.43226467577807,0.21559009179321453
train:6288,-0.3694607288663857,-0.43876323034461034
train:6289,-1.7863219468678553,-0.019284026576014093
train:6290,-0.09694144909524749,0.08532693415897996
train:6291,-4.534514395327839,-2.7846463117040297
train:6292,2.349002983935353,0.15030451063169553
train:6293,-20.057454085905164,-8.440925162908016
train:6294,7.949114699445064,3.2552252025202773
train:6295,6.743708073625155,1.8184968872572103
train:6296,-0.7686353457543538,0.05890693678028608
train:6297,4.793101698538366,10.60605340731565
train:6298,-0.4791711387892935,0.5634055635761295
train:6299,9.072261792704099,4.512650992031096
train:6300,0.23064451452141235,0.3688180733181977
train:6301,-11.132485883723628,-2.6063348505988957
train:6302,0.6229768393367343,0.4238795822090021
train:6303,-0.5200535695021051,-0.10843825919007602
train:6304,14.366739970973423,3.8107075929441128
train:6305,-5.84221287502043,-7.822899132090981
train:6306,-14.9456341541608,-8.97796093995481
train:6307,-4.996826878621057,-6.648548441427834
train:6308,10.024148531874124,9.107413581708522
train:6309,2.727739988569639,-0.15576141776371388
train:6310,0.3653071081819022,0.021683521581442405
train:6311,0.32328272636386124,-0.03017796268011283
train:6312,1.3036185185795532,0.31219970700779565
train:6313,-2.214236422060043,0.08442246462354064
train:6314,1.6554642890652098,0.7162616640346289
train:6315,0.5428069901265882,-0.11896484370840876
train:6316,-7.299209984096148,-0.6079536368967953
train:6317,-0.10203414422264998,-0.012611851822428952
train:6318,40.655834750383846,12.577646344758026
train:6319,1.3745626813797678,0.8447541156950666
train:6320,1.971830423257951,-0.2516394683445832
train:6321,-0.4693102602378779,0.1255042840898121
train:6322,-0.8718014750686164,0.18928015722944042
train:6323,-0.7858226106637365,0.021321662436861663
train:6324,6.872141716279899,2.24115435988153
train:6325,-4.759585577619417,-0.14305461941646133
train:6326,-1.0746784744140618,-5.097529843462067
train:6327,-0.18773894036227473,0.05782000406884881
train:6328,-14.544457723136917,-7.584639601369901
train:6329,-5.93265028847331,-0.7095931869505749
train:6330,-0.5416061677051475,-0.02542949761905633
train:6331,-14.470543441401025,-2.505916191757149
train:6332,-5.489211554622489,-1.1238669117532598
train:6333,0.11068397472378988,0.03523672651446177
train:6334,-9.751187405835962,-1.6142263543389834
train:6335,-9.967319638956958,-4.072832054425148
train:6336,-2.754713686012129,-2.052014147150941
train:6337,0.294495911495111,0.356406511517253
train:6338,0.2513852523203806,-0.15249962100373204
train:6339,-9.312611233454698,-1.43155617750573
train:6340,0.8895271726438467,1.6239034052452583
train:6341,1.2707844895189262,0.03200695710632632
train:6342,0.19936272536005623,0.23341784257644976
train:6343,3.527737118810709,0.2978664327656624
train:6344,-3.9024032553603045,-5.387997524213018
train:6345,0.9757205960044776,-0.35980261191832674
train:6346,26.115302171171955,9.589686438939854
train:6347,0.958475913909753,-0.38434212582992383
train:6348,22.75200522760115,6.581155414962026
train:6349,8.53607361574287,0.5696107381681592
train:6350,0.30205638330101015,0.8078383485330012
train:6351,-0.5077065500712131,-0.23085792549016948
train:6352,-0.3745556323470707,0.1455339331450881
train:6353,2.4404783234309497,1.442065226255961
train:6354,0.18771377802463562,-0.052574782555821764
train:6355,6.3069515843485675,9.539757438010643
train:6356,4.806481065014209,3.60506317660665
train:6357,-0.7991308449180634,0.2342486991339259
train:6358,-2.432481933043153,0.11077705202084667
train:6359,-3.8301705765343828,-0.01483379393827558
train:6360,0.8618818439638455,-0.10869219543188705
train:6361,11.9229288072136,3.9385168419854306
train:6362,5.329296384330322,0.13518631661290814
train:6363,2.6049590329430603,0.060563300114863106
train:6364,32.29206537214854,12.256807889486476
train:6365,0.07437144055605793,-0.04378566404255457
train:6366,6.34909812297186,0.7563256699519112
train:6367,4.471378099282577,0.6524915329926033
train:6368,-0.152981551821817,-0.0870331459351252
train:6369,-0.23346138409533684,1.3108409627447146
train:6370,-0.13636915614057304,0.18495361151397727
train:6371,2.0465634229160043,0.1872286947815512
train:6372,16.62672501800927,17.641095061443416
train:6373,0.1458625775955811,-0.0983402990754069
train:6374,-1.903723586356803,0.13196689011349813
train:6375,-1.8585034848809219,-3.70220297921009
train:6376,-0.1486042469287846,-0.07290359132968077
train:6377,-0.8245501534894283,0.28062744314532273
train:6378,1.5794160406838205,4.069748809180417
train:6379,2.8722550922848953,4.1319728893592025
train:6380,-9.876387554368826,-1.331545385919791
train:6381,-0.019815291853817973,-0.2417600645908436
train:6382,1.4445821253002662,0.6875745367285191
train:6383,1.123733033944299,-0.1503097775701368
train:6384,7.276788748830717,0.26744829485613963
train:6385,-0.6159202776142696,0.010220511506228921
train:6386,20.20399512256563,8.185544563237594
train:6387,0.003268392548632565,-0.08917163147711818
train:6388,0.6347706081558309,-0.19446443955353693
train:6389,2.8186750951148944,0.15756009676780106
train:6390,13.586801662283548,5.863764988689191
train:6391,-3.324107592760145,0.08853437715034944
train:6392,-2.9142600044584475,-6.503898939730144
train:6393,2.8871238187060224,8.68147005998652
train:6394,1.9610748129398123,0.09096503203123514
train:6395,17.324864061453965,4.394555517543101
train:6396,0.6317760811049271,2.7887842713401936
train:6397,2.512062443766573,0.3976065967950196
train:6398,-0.2713994987371388,0.09208092488710366
train:6399,-1.3613218006336854,-9.564417274803953
train:6400,-10.18585456044918,-0.3067062556853578
train:6401,5.430573790442551,0.20297445370355593
train:6402,26.319108538561924,7.332466587351657
train:6403,-3.4489186061988293,0.03908542984680913
train:6404,2.573579495091679,8.414694345274919
train:6405,-0.5833226585839769,-2.1573155148759597
train:6406,11.768001898917534,4.480902970050696
train:6407,-0.03304565259766101,-4.094819223784924
train:6408,0.04365440868938977,-0.03368064221779013
train:6409,-12.888105357055545,-9.56713125405351
train:6410,4.305895727213229,-0.006165723122298641
train:6411,0.500533413074999,-0.3777574734832775
train:6412,-17.268966861163722,-4.626576836183108
train:6413,-0.37572582712849034,-0.43949479497832217
train:6414,4.500924936367825,0.29126851296368544
train:6415,2.889667841687321,5.122761915787367
train:6416,-0.5976962489533707,-0.31269344455969816
train:6417,-4.584346003373804,-7.591971225717739
train:6418,-3.535846830056891,0.09919135364902787
train:6419,10.785863974194303,4.648385619711499
train:6420,-8.646153458657228,-4.959204780793572
train:6421,5.560046986347694,12.930299301947443
train:6422,0.2722308287857017,-0.22138753027871766
train:6423,10.227590404743378,4.5532856411884035
train:6424,0.5151312094171141,0.08052696854551124
train:6425,-9.749193843967577,-1.4916818598301345
train:6426,-1.4244772176360745,-1.6084106437582706
train:6427,6.434306620768551,2.9513862093690646
train:6428,-7.649594289625351,-3.109747757300187
train:6429,-0.4126637901916156,0.010971549340506578
train:6430,1.3434830146583092,0.5449909062205287
train:6431,3.37920676391161,0.19023199015380182
train:6432,-1.1019811596479343,0.24089184241267478
train:6433,1.0375417027078306,0.010852570224961416
train:6434,-24.151108785019353,-8.83702404317672
train:6435,-2.191769798056337,-0.11096963260282608
train:6436,0.05709863101426303,-0.17066362331615192
train:6437,-6.234363882408357,-2.581065056000877
train:6438,0.8955441217344843,-0.0420088236539273
train:6439,0.8687798097850313,0.08482355549087307
train:6440,-6.305182285300596,-1.684700794482048
train:6441,5.7176890068898825,1.8499846959201596
train:6442,0.9826692377220381,-0.1385055228373885
train:6443,12.673318884068786,12.715524023126342
train:6444,3.15254579971496,0.3678297192264747
train:6445,-0.17218190509176695,-0.008195643787876905
train:6446,-0.9340068352431029,-0.003979874191383584
train:6447,-2.1833436517637455,-0.7827569260230667
train:6448,0.12629865963787973,0.18451100635093304
train:6449,-2.036697835818355,1.3617807155128197
train:6450,-4.980466467672245,-10.763064813340876
train:6451,6.666129785106438,14.703091547429972
train:6452,16.838963110689594,6.8893090416510665
train:6453,-1.3096435443271712,-3.742378545880797
train:6454,-1.2630296232427498,-6.19244014739488
train:6455,8.793468116341245,0.2844554606602192
train:6456,-0.19272888894748663,0.14834770363124544
train:6457,-8.339169106582746,-1.6278397621338254
train:6458,-3.0117195164328066,0.04497546670953526
train:6459,0.35115679395226884,-0.17380487169167852
train:6460,-8.526422587600972,-1.637420291490602
train:6461,1.7755222288654973,6.087101628040382
train:6462,0.3794189505727742,-0.03503385133110398
train:6463,-1.481028960949435,-0.17864578095761902
train:6464,20.431941813289104,4.089584653525299
train:6465,-1.4069661383980234,-3.8941533843950573
train:6466,3.9756804284410987,0.002747438965268953
train:6467,3.460575516495847,0.27781624055374543
train:6468,2.5681980868298857,-0.07842014219181065
train:6469,11.325669201373826,2.554188840863312
train:6470,0.7816901436791157,-0.14569455770562612
train:6471,-0.5624427945282189,-2.0687008967757463
train:6472,-0.4880933509665787,0.004650819492371727
train:6473,3.469872916272896,-0.020807858018095357
train:6474,10.680461829067072,17.085981306552636
train:6475,1.1997989491519472,5.330987922142702
train:6476,-2.265839129438475,-0.13533139114515547
train:6477,-0.03852213627971668,3.9241651644988065
train:6478,-1.0518638604247008,0.08584786010671762
train:6479,-8.256203830804472,-9.078053476184882
train:6480,-1.9473848228735662,-1.0137105113421097
train:6481,2.9992767835883596,7.2109298488046925
train:6482,-0.8255745969542112,0.28664416280733435
train:6483,-17.11970821459792,-8.506935460984367
train:6484,-13.381441252176081,-2.875740945325391
train:6485,-2.0699907374452367,0.01319605935093332
train:6486,1.9420676324675101,1.122555799090427
train:6487,7.445360955829472,0.9686611636002846
train:6488,27.148508381779287,9.359727484788174
train:6489,1.181467757242293,4.645535256727575
train:6490,-4.326034222559401,0.0014201227889712315
train:6491,-1.7376305464903172,-0.12300877835924962
train:6492,-0.7584980743552805,0.15912801040017424
train:6493,-0.589551842047963,0.2217822842515338
train:6494,-2.003414464979324,-0.4248709919966112
train:6495,14.339131370695382,3.043421833693227
train:6496,0.053980668637786416,-0.04018162399936784
train:6497,-2.661858706860647,-1.8613352777655592
train:6498,8.584661107287017,0.7484395230355783
train:6499,-9.964531999739878,-6.33893739190377
train:6500,0.0405273804415434,-0.22711536180046676
train:6501,-3.0109617025695905,-0.7338733435095808
train:6502,-6.3054672791031425,-5.4461295217175865
train:6503,-0.47763830915308336,-0.003180403012108826
train:6504,1.8406328521266313,0.1028459669493618
train:6505,-0.043418869110588204,0.10138932874879344
train:6506,8.475959914814155,1.712753556342792
train:6507,-1.2238025276587599,0.054752582662500424
train:6508,1.8020894162272176,0.025894726032015522
train:6509,-0.6874848714577119,0.1356850588046898
train:6510,-2.5656707414604565,0.26899958850414707
train:6511,0.9132332639845674,-0.03202213897106301
train:6512,22.750764830431173,13.187536144258788
train:6513,0.8032154280389286,-0.6962966288147567
train:6514,-0.8165868315531755,0.2724415658671667
train:6515,-1.8445599422559908,-0.10567934178536603
train:6516,0.01807121705864842,-0.015456151721927644
train:6517,1.0071831214476283,0.6580852633529466
train:6518,-0.14691729747928856,0.02690932971277965
train:6519,0.8035830607458844,0.32820575057765666
train:6520,-0.6763868501516844,0.10642982048793263
train:6521,-6.562208572046416,-0.009948231838803126
train:6522,-7.121089322420874,-1.1865282473147147
train:6523,-0.03253587167679223,-0.03861057182917452
train:6524,-36.570117743418045,-13.660979498456093
train:6525,5.575534284146127,0.3561122735966152
train:6526,1.8533076376762763,3.3647410558944997
train:6527,-11.116572722429057,-4.051178426039166
train:6528,0.5156397118176614,-0.18481800090253742
train:6529,-0.2491372055266125,-0.29240764802005603
train:6530,14.4429435014593,12.661241014275742
train:6531,-0.09985415084558313,-0.3794000700496889
train:6532,-0.5694762835034708,0.10170439514769215
train:6533,16.306079560071762,5.865718300499795
train:6534,-0.7038861950568086,-0.012996964679040698
train:6535,29.325896366889413,19.36797563440651
train:6536,2.8737516584356264,1.3066133523009908
train:6537,4.382384716418132,0.08826631748834779
train:6538,8.084138533210904,13.26137966209096
train:6539,-4.030405920437625,0.310368084868126
train:6540,0.7382068539452642,-0.13491011377320716
train:6541,-0.4679345723720769,0.06840365291118405
train:6542,1.5974392254251435,-0.22587820725609292
train:6543,-3.700430983485913,-1.1047908788824703
train:6544,2.0537291806299582,-0.08704826798098586
train:6545,-1.6631251234494688,0.21981178181332311
train:6546,5.257996792880765,0.29680204046220604
train:6547,1.8915632902742603,-0.10992977795869088
train:6548,-5.473794459212613,-0.5273796673701514
train:6549,2.5682380696472085,0.2077040875376916
train:6550,0.05481217176316157,0.041254016819713434
train:6551,1.252263146768747,-0.2397555375494464
train:6552,-2.878804543822518,-3.3696215420236877
train:6553,-3.063166244332031,-0.013460826302775869
train:6554,6.603719861680531,0.30960884403727296
train:6555,2.3642496874551266,-0.17731076109758098
train:6556,1.3551045319213801,0.04846609140876705
train:6557,0.19016377164775317,-0.014071913882437448
train:6558,-39.25557575674873,-14.904486443377847
train:6559,2.782780055946652,6.633903964140201
train:6560,0.20957728912401263,-0.030869011643782876
train:6561,-1.484406346722031,0.011889286331276491
train:6562,0.9343235027477519,-0.15997119560618694
train:6563,-15.053745832536386,-1.4604536938413966
train:6564,-3.8120657989507323,-1.5007878993328305
train:6565,-1.4363346800129997,0.2359890183551916
train:6566,14.247784580606643,5.938297843555311
train:6567,1.6046733258617314,-0.2325457455333529
train:6568,-0.5713929016943341,-0.6532043618834729
train:6569,-2.4283144217119466,-0.15752841455645072
train:6570,17.1141099821794,5.864077701184724
train:6571,6.888226896672255,7.679675037387996
train:6572,-3.7358729615439077,0.1393736253778052
train:6573,8.416095409118988,4.5499473782342585
train:6574,2.2616365762944195,9.80300315363945
train:6575,1.1743426797203824,-0.006544772894485115
train:6576,-5.58065318767325,-2.606060085878824
train:6577,14.108490024050926,9.114698983953918
train:6578,-15.046595417066289,-7.928922363514632
train:6579,0.31685188537645814,1.7152586801665008
train:6580,9.821446806041827,1.5514272912769966
train:6581,0.8167289229193965,-0.0810422478797247
train:6582,-0.6546134166204044,-0.15489874784560637
train:6583,-0.5742811953294434,0.2488489630819858
train:6584,20.911393442635973,14.972727326060578
train:6585,0.015804981674448715,-0.1652543533831467
train:6586,-2.339380548157006,0.11962088095475126
train:6587,-2.274752740660871,-0.07792582248513916
train:6588,2.5987107879033737,3.535478654596404
train:6589,-2.592141691110714,2.232032913011353
train:6590,-0.08131711716418724,0.0578449697105999
train:6591,1.0211459581064999,-0.07360191599466115
train:6592,-5.461365382022912,-0.2516504532269537
train:6593,-15.384623172376749,-7.985682534670181
train:6594,4.382722710699456,2.2328569218499488
train:6595,-8.405278370443996,-2.6138739037644836
train:6596,-7.866635434465724,-3.0781469612757126
train:6597,11.78121482529336,11.345669817144215
train:6598,2.835059681720693,0.1422273408907643
train:6599,9.530005541743439,3.2335886934314964
train:6600,1.3653715150185128,-0.01793010415865022
train:6601,14.266198992566308,9.519805467766416
train:6602,-2.220087628425382,-0.018930655749628725
train:6603,2.9352324462752533,0.37228287641081836
train:6604,-0.348584816600712,-0.08587274290653474
train:6605,-1.6870885460621468,0.9233376816005039
train:6606,-1.8148027304633163,0.0021081045452261554
train:6607,-0.11803959143860049,-0.04295794602289857
train:6608,-12.916866950205227,-4.753897614610964
train:6609,-3.6465959796263574,-2.229186461688175
train:6610,7.342655326289146,0.25644172804254095
train:6611,-0.42220968782749224,-0.9569384993393308
train:6612,1.63066262203819,1.8769167742763706
train:6613,28.989919823090922,14.442573506488484
train:6614,16.541141332612817,16.60678706960124
train:6615,1.2305429461744843,-0.13270514829375127
train:6616,9.56395746248143,17.31532510729157
train:6617,-8.575209063398773,-8.824904722045074
train:6618,9.948586586131338,3.2483763423534993
train:6619,2.9940618154265857,4.820816887549797
train:6620,-2.8450562565029864,0.035903523140430764
train:6621,-2.450110636150771,-9.37075237200433
train:6622,1.3265690044103402,0.21634319820923728
train:6623,1.7942076871332926,-2.2673827522808563
train:6624,0.02861482546167904,3.4233849203853697
train:6625,6.272929461222022,3.363740432973116
train:6626,-7.209599192145598,-1.709191946379053
train:6627,0.38940814607280794,-0.3092884163464701
train:6628,-1.5815134520041707,0.04379837236617407
train:6629,2.946672413652689,0.11643184120787257
train:6630,-29.3537548003943,-10.063296420963246
train:6631,-10.541696055626499,-3.859820633858964
train:6632,-0.21894552928290995,-0.09878005102225101
train:6633,-1.3629150694123604,-1.8177679503369546
train:6634,-5.680548862005432,-1.8217757204724587
train:6635,0.09390513894252676,-0.007767447366643296
train:6636,2.62474471606196,0.35543163887207563
train:6637,-2.636241808785069,-0.44345063657898415
train:6638,0.0924115947489189,0.05664126912617255
train:6639,2.3655770240069556,7.04207993794079
train:6640,-2.9066144529366165,-0.9225026050376035
train:6641,-0.9347788290589741,0.0017799846822118826
train:6642,7.087018209987062,2.662523177409063
train:6643,13.38007747906196,15.006577883058851
train:6644,2.5163117803983477,2.909724973022953
train:6645,-0.08769135457008936,-0.04282427284392276
train:6646,7.234829106632587,4.535371437954304
train:6647,14.513078942041684,2.502295685901936
train:6648,0.10160403963049494,0.0026599878887351575
train:6649,-1.5814932281372687,-4.086233325595511
train:6650,-0.09320259075906245,-0.1554793773423316
train:6651,4.66685827742326,0.39375789346267226
train:6652,0.5577846232332722,0.0851735737882233
train:6653,-2.797784943515137,-0.2694211396861864
train:6654,-0.22343313561094102,-0.09314430705336094
train:6655,4.348717789482688,-0.08637704886990666
train:6656,-3.365242008205388,-0.412377257569103
train:6657,2.8694079437583104,8.040932723993746
train:6658,2.2512161707587213,-0.3430510942857783
train:6659,2.546667339701427,4.520163795607643
train:6660,8.402410127598976,5.065393438937953
train:6661,-0.3707342513355968,0.3641975036733118
train:6662,0.002795688717083661,0.052687995420090644
train:6663,-3.8906469123178877,-2.3791572115990967
train:6664,-0.8150904978606847,1.437789824440885
train:6665,0.6085049191317147,-0.2905797350614465
train:6666,-1.446666286500922,0.27367900573316056
train:6667,-2.8059525962445697,-0.1772400013358179
train:6668,-2.5069587637204505,0.0596318676863326
train:6669,-4.962894019458767,-8.219526427999948
train:6670,-2.3880326630919417,0.08587874617208396
train:6671,2.994556486561838,1.8944823144908145
train:6672,12.168702255465385,15.477436163559966
train:6673,0.9637427202591029,-0.04483357902245513
train:6674,7.745769994120235,5.61426378613962
train:6675,0.40879865018328265,-0.019508574690963856
train:6676,-0.11787361625506182,-0.3277130599587713
train:6677,3.0232385789933556,0.312851524248714
train:6678,0.5466900888008485,-0.2535165992826448
train:6679,2.218430028095586,0.214842263827162
train:6680,1.102879205211449,-0.06863888907535531
train:6681,8.535651471578575,2.5284402765869127
train:6682,-0.5776213877835993,0.1271465240041985
train:6683,-10.992923535275143,-4.112823018007707
train:6684,-2.600997420231287,-4.5163736430262755
train:6685,0.7247140478481786,0.9231363871975851
train:6686,-2.7265309138806693,-0.14372227200729035
train:6687,-1.622241297987216,-5.464008345070804
train:6688,0.9265875249704638,-0.12463867811357049
train:6689,-0.3224515125444184,-0.413345068504185
train:6690,-1.4943223178763856,0.24353770112545484
train:6691,5.294734958086395,2.483904567579986
train:6692,4.760869038945266,0.11892326959382092
train:6693,4.801770996150259,3.122908442526003
train:6694,-3.9143720652343093,-0.26596832010160626
train:6695,3.753347604219668,2.553797094279035
train:6696,-0.20973855576131822,-0.06614817399345702
train:6697,14.35918600799825,3.200586968252761
train:6698,0.0033460336008761526,0.3837913239540188
train:6699,5.456761141039703,0.3656463668597348
train:6700,9.578048151172439,3.3644874049743083
train:6701,4.250429796340077,0.9964623316110537
train:6702,0.42370526729757024,3.4367411107397703
train:6703,0.6403398426757463,3.4313302715378553
train:6704,-0.0314654014804398,-0.02265503018605569
train:6705,-0.19413468015540003,0.032914779170800795
train:6706,38.03491086387847,19.044287386794274
train:6707,1.7499090501217633,3.664682841037963
train:6708,3.012033626896813,0.09525940773404189
train:6709,-0.8910766798919268,-0.08683199419301646
train:6710,-0.39996052850754005,0.09864046893118891
train:6711,2.8039716465025855,7.32791970201514
train:6712,-27.458851928502195,-12.647173576941528
train:6713,0.3501454843780601,0.11757170107982215
train:6714,0.09529837740546665,0.12108015838030471
train:6715,2.4360565027849095,4.577065486286718
train:6716,2.411676979922184,4.396055453299506
train:6717,6.804644211807875,6.715267989232658
train:6718,-1.1752782647559616,-1.1650061521955588
train:6719,-12.211584929954123,-5.3146909816697105
train:6720,0.8873151000296254,0.11779567855153189
train:6721,-13.729198779590456,-2.5329686758370054
train:6722,0.03305965947350409,-0.04628807731087339
train:6723,-1.9213322980557597,-9.691377406704113
train:6724,1.0502739054428174,-0.26070399355156737
train:6725,-2.0895060716307254,-0.13523823363622142
train:6726,-0.5056062898705521,0.04257077609607069
train:6727,-10.059583244345244,-2.966993361802619
train:6728,0.4235108159796009,0.059044105149107046
train:6729,1.123574032507968,3.1789747115016813
train:6730,-0.3022426391991427,0.08297631199250775
train:6731,4.446540401228318,0.29899430912957137
train:6732,1.1134056117047013,0.45934056576102916
train:6733,-1.1199799362740306,-1.6920946189430495
train:6734,-8.365604257664005,-8.62267161099648
train:6735,0.8901013444972649,-0.14855661887597058
train:6736,-0.1529975914403942,-0.3382522699587896
train:6737,-0.26395200163600124,-4.802366910132192
train:6738,0.5181702522210256,0.8774130269473568
train:6739,24.62616724546516,9.142862510422104
train:6740,-13.174404645079598,-15.17382548752364
train:6741,-5.9621362214996125,0.32299656243068514
train:6742,8.506681595845627,4.571935403558895
train:6743,-4.319636506871234,-13.226257771772788
train:6744,4.095198832665765,0.0036741635870692485
train:6745,-1.9776376356344545,-1.533133670107157
train:6746,0.191399984569404,0.028949521956678367
train:6747,4.633320132352915,1.2998072903772149
train:6748,5.5253242340850335,5.529233378230003
train:6749,-3.0152022057882357,-0.06925175991514196
train:6750,32.65251325981466,11.31180099956226
train:6751,-3.056654624106141,-0.7452773633398568
train:6752,32.81027987797362,9.77632444088181
train:6753,1.3848826649556774,5.28425566464411
train:6754,1.097776746837956,-0.4076697361605182
train:6755,0.30517783255109054,-0.12465536942834121
train:6756,-2.2881681381639534,0.10461581695829875
train:6757,1.9650417128096827,-0.2596560072412618
train:6758,-0.411465816650486,0.13027707281897466
train:6759,-1.9145435876074912,-3.0660082382739047
train:6760,0.9029860398378559,-0.23119303573287409
train:6761,8.176449560080199,15.38372284811013
train:6762,-13.904057587238539,-2.0933542540137284
train:6763,16.43563132686211,5.7262941789510124
train:6764,-14.186886738652136,-2.812341340072154
train:6765,0.48934171109815056,4.779795627597373
train:6766,9.515862782406613,7.145898203884984
train:6767,-0.5668162638602872,0.07088723495258205
train:6768,3.9978534576873686,-0.05441189713667666
train:6769,-0.3233557750989919,-0.23383910843686911
train:6770,-29.117647895605078,-9.592950578091672
train:6771,1.9348205143694681,3.1131658504890596
train:6772,-6.0223512742210765,-2.8127641867130126
train:6773,-0.37946398808995463,0.1437307718370147
train:6774,-1.4725333096430089,-5.50601795911495
train:6775,0.6195515671666469,-0.1510476192794889
train:6776,0.3407646320927612,0.006738589116407512
train:6777,-6.402542305148128,-3.9448430527632214
train:6778,1.4752175643246068,2.6244992210748697
train:6779,0.7046726606650032,3.1569461705070037
train:6780,25.565400817701885,6.293735539756048
train:6781,25.07416634507321,7.462762699633004
train:6782,6.048814612130832,4.032131721476361
train:6783,-0.19788190698823405,-0.7650582832728869
train:6784,3.894577840541948,0.2605934429353415
train:6785,7.10928213040527,4.026856124722332
train:6786,1.149299256123502,-0.11545574443428117
train:6787,-2.193647363262838,-5.2546541770299395
train:6788,-0.6539155769831732,0.1985927695850254
train:6789,-0.23386167718504774,0.2060161248336982
train:6790,-1.518169278910698,-0.060925575730344905
train:6791,-11.162458119388534,-6.883220908742119
train:6792,2.685857987423751,0.29165847628783736
train:6793,-23.755163594234062,-8.525133844551998
train:6794,0.3169833405113197,0.32842601886830625
train:6795,-12.951027153526482,-10.147493689742427
train:6796,-1.217910408643137,-5.463257378566931
train:6797,-2.062306597855524,-7.182815457474026
train:6798,2.5707999919130065,0.14618746231572652
train:6799,-1.3350563440678092,-1.4473861063056384
train:6800,-0.36574337291742387,-0.13625326529941556
train:6801,25.54152270726338,21.508027021450133
train:6802,4.85355850782969,0.33083620192295604
train:6803,-2.4524942629462974,0.05209409846803482
train:6804,2.5940625529313297,-0.10269459231841624
train:6805,2.3263927007391723,0.33890352806799684
train:6806,-2.3603069038608138,-0.15651908932565683
train:6807,10.539528906834072,2.619717801366702
train:6808,2.62300755563257,-0.08327160835769162
train:6809,5.864503122601214,0.5112838659971229
train:6810,-2.865937515308186,-5.857271128436585
train:6811,-1.1559658666142112,0.21273944348767054
train:6812,13.217617064115865,7.976071701402805
train:6813,0.24098541933894477,-0.015214270318562123
train:6814,-1.6566995127724717,0.08909731670663393
train:6815,0.1423787259489506,-0.017394983460316954
train:6816,0.5021424890140112,0.2080148027818851
train:6817,0.9500167585470464,-0.17949304350824585
train:6818,-0.09624779370634073,-0.00017667965742820813
train:6819,4.489164409077085,-0.08034720441337445
train:6820,12.042257990430702,9.70087741554517
train:6821,-6.804883816872145,-1.933974025057228
train:6822,-7.234745594742909,-0.951765903690126
train:6823,-6.041966100533393,-1.9291896094720498
train:6824,-7.132994903653531,-6.809546301308995
train:6825,0.9385321591874827,0.06248850774589683
train:6826,0.014974640840274805,-0.3284742980409644
train:6827,2.0186263591444886,0.027436604066562578
train:6828,-3.5079165075743433,-0.20087376176468563
train:6829,9.331430414592065,5.655049370433915
train:6830,9.124066506293309,1.1307255556970521
train:6831,3.033723375461603,0.12416733830883897
train:6832,0.07041081705867415,0.11129605204764925
train:6833,-5.055223642987284,0.2413935804814666
train:6834,-4.28402762379674,-0.05875292292435541
train:6835,0.9679488196581909,-0.1757042577161011
train:6836,-9.448413337408894,-6.068014242123669
train:6837,20.646684875966365,8.807353958735995
train:6838,0.11615964480200466,-0.09988060784104388
train:6839,-16.692081755165404,-10.275677280749202
train:6840,2.501030440600777,11.088137381634535
train:6841,16.11929471486588,8.188030855834382
train:6842,0.6249022909407271,-0.15011739946784344
train:6843,41.58476019441491,16.687161028672254
train:6844,-6.031966676870788,-4.868204303306815
train:6845,-1.3969292889587384,1.4542015240239987
train:6846,-9.810010498614808,-10.475886320225428
train:6847,0.637783150720354,0.345046502546864
train:6848,-6.080175726399807,-13.593562564793082
train:6849,-0.7656354721639242,0.011430845818321558
train:6850,-0.4250051143956216,0.14359488741548376
train:6851,-6.4995052863213125,-4.8291511918892365
train:6852,10.570819645637679,3.764493479507463
train:6853,-0.19713420505846913,0.4081985912947402
train:6854,5.32162247290318,3.3556298806026432
train:6855,-0.04147435593089485,0.9724318314695586
train:6856,4.704619723802471,2.0571386062882975
train:6857,-2.7112635215775134,0.13959781684072997
train:6858,19.69515147332152,4.872636429533211
train:6859,6.7219206925994595,6.655482267618499
train:6860,-4.251690822912007,-0.029248955485352418
train:6861,-0.9428151428826655,0.22332644485904093
train:6862,6.143818435255188,8.006929805250387
train:6863,5.726842747474457,7.753658362813973
train:6864,1.693016174340836,-0.004389096724886382
train:6865,12.638706781928484,9.192954144674722
train:6866,0.7674833420971016,-0.11107691353195076
train:6867,3.800708181171774,-0.018521433216125927
train:6868,-2.864794750599116,-0.19001599017592347
train:6869,-4.322953221043124,-1.3593862136357415
train:6870,-13.305256318349425,-10.579478611446572
train:6871,3.818982885729047,0.10632104162030291
train:6872,-2.6376946727866333,-0.7331667445176202
train:6873,-1.6424235548639827,-0.41140074432461043
train:6874,0.16613003041739985,-0.116716366681901
train:6875,5.0298864515561545,4.664662647489966
train:6876,5.126062794044333,2.021435883993715
train:6877,11.856304415891955,1.7151558217224865
train:6878,-1.898139706967752,-0.005442147493947169
train:6879,6.625190169666525,8.427646805537002
train:6880,5.77456363469895,4.285154934103364
train:6881,-0.07633170151466023,-0.06485181521293062
train:6882,-0.1863305921137186,0.003631650665687408
train:6883,0.09738271421667052,0.10579804709082016
train:6884,4.544846526113669,0.03272375634620249
train:6885,1.9293426359379713,-0.09324702283656541
train:6886,3.809069471615335,1.3133547888778339
train:6887,1.7689090243886176,0.23613538834625794
train:6888,-0.0695420612334309,0.013348706417639952
train:6889,-5.96575652613327,-8.05054641047732
train:6890,-1.0233061331517175,-4.022592052930123
train:6891,9.804600092454411,5.086604248169675
train:6892,16.377700873725825,22.78684993521054
train:6893,1.5041337422040564,-0.05262364388324889
train:6894,1.6833801991368622,-0.09075816234519718
train:6895,3.086771275719671,7.464435825612757
train:6896,4.227076111691576,0.4318598852599391
train:6897,-0.3002224608622479,0.1475619992201363
train:6898,-3.0805848051904627,-0.08309984474244417
train:6899,0.21863223495648065,-0.041773361987012064
train:6900,-0.4452389770017242,-0.12787950373448143
train:6901,3.7647045840053344,1.6540309430847984
train:6902,-0.7255127149802505,0.07260822363409189
train:6903,2.972455286911805,11.50997740781752
train:6904,13.448987399801744,1.7316153126769522
train:6905,-6.619538353089893,-0.6122333185361712
train:6906,-16.6885316529203,-13.431297876919066
train:6907,-1.0528817950587568,-5.573862304564741
train:6908,0.5936035323278328,-0.026763590183829344
train:6909,-0.5290964275060802,0.7626558154135064
train:6910,-0.38194327145134377,-0.9452534377133428
train:6911,2.3100197370453857,-0.029470507723292058
train:6912,-3.1132744776838948,-0.4297121152537668
train:6913,0.05939531842793551,0.09371596043058476
train:6914,0.3189556324507229,-0.06993710244641177
train:6915,1.487682672541546,-0.07379964387732973
train:6916,6.535932714241156,1.8896255698749633
train:6917,-2.332091587575719,0.047448349190182794
train:6918,-10.324847851125533,-5.309564893444567
train:6919,-13.796849706501046,-20.783941297860956
train:6920,0.3126592685553046,-0.21608853715184723
train:6921,49.24532293956806,17.399177707553775
train:6922,-1.5859480578534249,0.05600229135815477
train:6923,-3.242649111295172,0.03571663747932264
train:6924,13.444864520452667,18.148834014547333
train:6925,0.06796884324484527,-0.002774746998856187
train:6926,4.9970266196308595,-0.033376846022881934
train:6927,-10.788378880514143,-14.582922129904984
train:6928,-3.7620398558159174,-0.7218590207340985
train:6929,5.460206637076692,0.27303061235168236
train:6930,0.46768067112603157,-0.07727871305095102
train:6931,1.7338345628084584,0.21725365949869685
train:6932,-0.19028668267541748,-0.79686451086377
train:6933,-4.777381185743534,-0.43097723131690174
train:6934,3.2610977539975807,0.5403938042788887
train:6935,0.34410435963043656,-0.28338228320541853
train:6936,3.88660033865304,2.6081197628348174
train:6937,-12.764671891148584,-13.017081644422813
train:6938,-5.664875132698318,-6.076064306310699
train:6939,-2.4204898773451236,0.022791140110330566
train:6940,-0.14311253723199258,0.02606969951548814
train:6941,0.04443918770847462,-0.17718136774290533
train:6942,-0.6909340868265451,-0.11075877992563693
train:6943,-29.09144520276407,-11.024754955497375
train:6944,2.797391916012302,-0.32494144574197076
train:6945,3.7389128773330884,-0.02133427640701825
train:6946,0.0311223524992585,0.6086197673954457
train:6947,-2.288093519068833,-1.5341636811554018
train:6948,2.4481094625418853,0.40759770396299405
train:6949,-0.06040273305975205,0.05984272036352177
train:6950,-8.938208412709876,-11.890270100799652
train:6951,-4.04357328499836,-1.1937929637426608
train:6952,-3.6222208734701966,0.08767049461535688
train:6953,-1.5623930643688668,-0.19634000122268846
train:6954,-12.227088964745853,-13.616405413691275
train:6955,-1.8087648601310562,0.0015204133384055935
train:6956,0.41020444139119605,-0.08654353403518392
train:6957,-0.8892837294848767,-0.1066880963729199
train:6958,27.00178260019925,13.497905578648846
train:6959,-4.878417765118865,-0.865229568270083
train:6960,-2.3078180656705474,-1.632479947640087
train:6961,-0.32301010969573973,1.3046694561038463
train:6962,1.731979081134781,1.4532030410147654
train:6963,3.493413264888318,7.532562068823119
train:6964,6.942494272858676,5.526784177443816
train:6965,-0.3040984695601806,-1.1113117618470438
train:6966,10.51788239550197,2.3083590142592523
train:6967,0.42753594663865413,-0.0028556356781297004
train:6968,3.9535299476441326,1.8813732126593445
train:6969,-7.114366630112836,-4.844451849084022
train:6970,4.164246833600258,0.12076202477399088
train:6971,-1.0090757370583177,0.1426225113344815
train:6972,-0.050465143289053827,0.1851951362653178
train:6973,-3.818818245913522,-0.5034892958092849
train:6974,2.2229629637804655,6.985699244539858
train:6975,1.0009290649519356,-0.34579488964462757
train:6976,-0.016469752860136383,-0.15014129515351948
train:6977,0.5591066132455753,-0.2296190590160756
train:6978,0.12109694159579987,0.1930969045403464
train:6979,6.610099445625959,11.002540895630812
train:6980,0.15376964463769338,0.02503662125982821
train:6981,-0.6759421575380857,-0.10069056458985409
train:6982,0.583307840638029,-0.2107681449034759
train:6983,-1.0383880237791536,0.10179056227693589
train:6984,-2.231760751417789,-2.257941317213836
train:6985,7.965352372443025,4.485293213817827
train:6986,0.01768963685727762,-0.07717342937316646
train:6987,1.859533566724899,0.22705017732182287
train:6988,6.527054204213037,5.503487096526563
train:6989,-0.5679862261834666,-0.03550256342237937
train:6990,-0.4795570194681089,0.09466793601575617
train:6991,21.752328793567514,12.682472366664106
train:6992,5.983173984081928,8.313921602302736
train:6993,9.694491132878595,0.3988197843233124
train:6994,-1.0679518303159403,-0.037006493681464775
train:6995,-0.2799560541025103,0.010458113085294263
train:6996,0.8204350046437062,-1.0531627877060852
train:6997,-3.2469602818188528,0.11294549633294097
train:6998,-0.7754312624080698,0.10892032157861593
train:6999,-0.18696078640303704,-0.28552105406903155
train:7000,-34.112866774039915,-18.893256441562258
train:7001,0.28233532357289964,-0.1146679714414269
train:7002,-10.578749899122387,-3.8046411444782846
train:7003,4.001604868768527,6.018448110476237
train:7004,-3.1601403835007478,-2.985265358348214
train:7005,-4.678632925285228,0.19006707425743463
train:7006,1.1460697137917055,0.10048963835048932
train:7007,1.091558721369502,-0.1004609520161491
train:7008,-5.74820815741267,-0.17773118250466924
train:7009,4.606147623733582,10.153074520810993
train:7010,10.59584516995006,2.1348563637378075
train:7011,0.4978515423572318,0.9083454570769518
train:7012,6.404977829512657,4.689439406328605
train:7013,0.3912064430193839,-0.10669808262962033
train:7014,4.10734384588588,0.1168073244598089
train:7015,-0.02230003798385291,0.07396257403388579
train:7016,1.961669208660132,0.6188638121795611
train:7017,1.3060737425130764,-0.36666973266878533
train:7018,-0.9039825289323805,1.3276532538823258
train:7019,-12.53420907243264,-3.9534746024118372
train:7020,21.988839245861808,11.906633806531728
train:7021,-18.09440189663538,-5.550211995481912
train:7022,5.929079556826253,9.75746011665307
train:7023,-20.488613910589486,-5.615494152783991
train:7024,0.1535120809074961,-0.04587978207263563
train:7025,4.06224648236085,0.17442481575308943
train:7026,24.766425108968473,13.906935805379751
train:7027,4.219260865654363,3.409545395206668
train:7028,2.156781637864739,-0.22360661917836416
train:7029,0.24620340945784214,-0.33220273831047653
train:7030,-0.4543137980137336,0.2434834900176525
train:7031,-33.182732547159546,-13.575525673262376
train:7032,-1.0533411325414912,-0.25541698393273743
train:7033,1.9532549177377936,0.022515733416613587
train:7034,-0.06565721912236872,0.02223433496887635
train:7035,0.42423689929302255,0.58894341783615
train:7036,-4.385548181228271,-1.981035829026934
train:7037,6.676207779654248,11.665551874345484
train:7038,6.1299383537298455,1.6108539356323708
train:7039,3.447633171511674,0.5230080166850528
train:7040,11.927918290882332,3.6143891990783756
train:7041,-0.44857335799987375,0.07582700815985685
train:7042,3.3644751878522308,9.662988986980482
train:7043,15.264713135398688,9.942612163598001
train:7044,-0.2970310416818522,0.13744477989611634
train:7045,0.12942824492636884,-0.05788839841571783
train:7046,1.7299085755888721,-0.25441236650867377
train:7047,5.918871385663904,7.066968542854473
train:7048,0.4691575945554615,-0.07320874280228404
train:7049,-10.471253770166983,-3.153679868419977
train:7050,-0.25216416050203116,0.16845738540093494
train:7051,0.20902183015893464,-0.10593762918188226
train:7052,-0.2368792176017363,0.06488050154727085
train:7053,0.41346187871182283,-0.05163842832934604
train:7054,-0.27044688486859325,-0.0018371088250904027
train:7055,0.12737494129023838,-0.2602955556525196
train:7056,2.885110032970734,3.2791873681337793
train:7057,0.9289390725288353,3.5663290547602458
train:7058,0.20982741419052187,0.137207392308266
train:7059,-1.2794249029276,-9.12124717495208
train:7060,1.6550860795083224,0.1886057995805411
train:7061,-0.13430957613195582,0.24825057231441477
train:7062,0.2079049845436523,0.05520282017888
train:7063,-0.5495474061085766,-1.6757173006151473
train:7064,-8.884443611238877,-0.7752404132654598
train:7065,-5.888695224740871,-2.178309479676473
train:7066,3.7581792487432693,0.03480774545877311
train:7067,-0.6709703406956133,0.2830085947251363
train:7068,-1.1276575670330158,0.2878402310384264
train:7069,16.75958327080894,10.422318838178942
train:7070,-1.982957907379062,-0.14652755417525234
train:7071,1.3483509226673895,-0.5464768140408218
train:7072,-3.3404921793659437,0.010028276064745559
train:7073,-0.12659358976332924,-0.0528424142353934
train:7074,0.4468453228232815,0.027530332218736644
train:7075,1.8671784208720088,-0.24936616833713432
train:7076,-1.213161054336584,0.11834264009709566
train:7077,0.2741911491257321,-0.09963565923026321
train:7078,-17.30952059592482,-7.292407491720793
train:7079,4.595726055906683,7.4607003949635535
train:7080,1.8943546488231853,-0.09123036962631773
train:7081,2.526173356324484,0.576273425977879
train:7082,0.9588550532996011,1.8913740207623995
train:7083,-1.245085474303112,0.12854103342200915
train:7084,3.2527706349153362,0.014794145744622816
train:7085,-0.7027127458600253,0.21502929214908012
train:7086,28.463061590060377,10.341507766386068
train:7087,6.282452810408594,8.52347492483437
train:7088,-1.2645666371272841,-0.3187746469078326
train:7089,3.3033563374926738,0.3038266587469115
train:7090,-1.8658438187333037,0.9095731960078652
train:7091,3.4628596511645457,0.23516657878550581
train:7092,1.1232430119738517,-0.08739065392500076
train:7093,2.0536873381467133,0.7705443875636095
train:7094,-0.00021836482600107177,0.016782552114489285
train:7095,-1.1062230576160208,0.06302676698205023
train:7096,-5.1130690164076364,-2.6179365983118403
train:7097,-1.8256901446036768,0.23370416282213222
train:7098,-0.03800677636108188,0.1323708341970307
train:7099,6.150503934244785,5.926438735741116
train:7100,-1.389641955585133,-3.3710444409426894
train:7101,1.2902289239411386,0.8087873282411626
train:7102,0.3177847402945824,-0.09119427644138614
train:7103,-1.341340155218254,-3.2593481597483325
train:7104,0.5506197953522789,-0.20981845189126458
train:7105,-0.5065798249807202,-4.214221185970956
train:7106,2.916755503048962,2.27105121519129
train:7107,0.2037277099663553,0.4276686533227669
train:7108,-8.976709076293085,-4.882153677309221
train:7109,9.422966890604847,16.337261995759196
train:7110,-1.9721123357219463,-7.252512681524178
train:7111,0.840237192297664,-0.3373148457762388
train:7112,0.5248006586076837,-0.07951021344106807
train:7113,-5.672492324314839,-0.4222551633843375
train:7114,8.374735509180702,1.5014343783049027
train:7115,0.8542509373111504,-0.02495115592310554
train:7116,6.998725456258731,11.957627627746826
train:7117,0.3428433899061991,-0.2119460952116971
train:7118,-5.130894379186507,-7.004700582965081
train:7119,8.152592835799798,13.279314979124939
train:7120,-11.783138357850001,-2.0998807007498925
train:7121,0.32031504823970636,0.0969293238455695
train:7122,-1.6118006685846162,-0.3301029138479952
train:7123,-2.077008186801911,-3.231402618997837
train:7124,-4.296798879516088,-1.4516813379733051
train:7125,-1.600693581407219,-4.338368332019415
train:7126,12.195704604652853,4.692316589544809
train:7127,3.0777016850180674,10.683386979203814
train:7128,-7.590574072258773,-10.449931183096139
train:7129,-1.2963448408606948,-0.3614102565862866
train:7130,-13.814682043027123,-9.204107426619883
train:7131,-2.884261733470633,-0.015681056488902417
train:7132,9.463673117971549,6.571538935081128
train:7133,0.5156714423674555,-0.07002412554051554
train:7134,0.394216196085024,0.01118946372779106
train:7135,9.495586844859025,3.278010416451228
train:7136,-0.18133459961426018,-0.06592105798392714
train:7137,-1.639041519926582,-2.905582733562489
train:7138,3.000143155449772,7.734048778513761
train:7139,-0.25515113266012673,0.062207608610994614
train:7140,-0.28968954553826876,0.00028768127914198527
train:7141,0.7874336056500988,0.007039318103900585
train:7142,5.7339610837074,5.521679203018555
train:7143,-0.1149397608048634,-0.282978767104316
train:7144,10.163344526135974,2.4093628677436443
train:7145,-0.5054940125405112,0.3882723713267187
train:7146,3.784658101973695,5.4229670527861025
train:7147,-0.20312814078332186,0.4589350524085865
train:7148,28.451914752523898,9.731399981167616
train:7149,-2.7892662788429265,0.09515326809139726
train:7150,5.512796594601467,0.07283041784567655
train:7151,0.8179893114980333,0.016814008823095652
train:7152,1.2593191841933034,3.3340113467759234
train:7153,2.0571151673574435,6.979439288196786
train:7154,9.153231646948067,4.816244893910718
train:7155,1.028655289099544,-0.3815612386604729
train:7156,2.038464345367445,2.7329822101846473
train:7157,7.5024959368676205,2.8275215317244182
train:7158,0.6040710106571814,-0.09600936410071553
train:7159,1.5913390562844962,0.008790265555511725
train:7160,-4.099043400119836,0.197916414684786
train:7161,0.48425761692563735,0.406056111250067
train:7162,0.16057392978805848,0.2812259052432987
train:7163,9.946444250989192,2.211515720637881
train:7164,-7.4528025820931765,-2.5057458547500016
train:7165,-19.222826721781054,-14.797970176194816
train:7166,-0.30523716625004643,-0.06261788958904349
train:7167,0.5549116718420193,-0.18905459897729165
train:7168,1.4892903537311168,-0.09254605894659992
train:7169,0.5687785032476675,0.3616562153342663
train:7170,-3.6142205906737437,-1.451748816536438
train:7171,3.6907714731519823,0.5460851146332762
train:7172,-8.667974778586,-3.525656802967973
train:7173,-2.6738289114840934,-1.812304611956957
train:7174,-0.6969842774455384,-0.02678434733168525
train:7175,0.03365847190038873,-0.020542936893913843
train:7176,-1.2289863464163404,-0.26897846319273716
train:7177,-7.9606303888273935,-1.5990452469029832
train:7178,1.3426015330112802,-0.19747600925276787
train:7179,2.386071704758619,-0.26808326660994825
train:7180,0.19544603647007974,-0.021454824791473495
train:7181,-3.1282638499317112,0.05261680767589755
train:7182,2.644110347140728,5.2961170550312655
train:7183,0.4066743305547557,0.09409565217641627
train:7184,-4.433329972511709,-1.881545892058328
train:7185,6.045065525632077,8.645197122434343
train:7186,-8.360904881879106,-4.0775892217956144
train:7187,8.205867615300349,1.8341365065365705
train:7188,-1.8384425712055656,-2.451848600729658
train:7189,1.671428823630876,6.119760111310242
train:7190,-2.863491589704273,-0.17778910279353177
train:7191,2.588903839663696,8.184669196507397
train:7192,-0.7452144806744202,-3.93377685373104
train:7193,-6.2792469194358755,-7.326939967390894
train:7194,-1.071014932547718,-0.3613307945151132
train:7195,-1.3054723136641209,1.6513577648269022
train:7196,2.111583619921681,2.7153984093865224
train:7197,2.1987463941441554,4.0849447533406575
train:7198,-0.6793627805433682,0.19279489160556326
train:7199,1.8511171836783982,5.118844449944597
train:7200,-7.924673748225485,-2.5042005528560143
train:7201,-4.595893598916476,-0.10016749872996636
train:7202,15.922569955306898,5.15637965034371
train:7203,-6.180742275213351,-0.16777231667975617
train:7204,1.403420279782674,0.05810111719496604
train:7205,-0.81523485442788,0.10645870930195889
train:7206,-1.4327290202484781,-3.9383867951455804
train:7207,-8.648712358965902,-7.7583262843362535
train:7208,3.5377467706358847,3.206153878380823
train:7209,16.008274518988284,21.084219417375543
train:7210,-4.033868618384393,-0.6352794590886235
train:7211,0.7897816663348666,0.02635972894223075
train:7212,-16.497839649612292,-2.716332326867699
train:7213,-0.18315881565462405,0.1121368948618258
train:7214,2.146740371718889,-0.10087053120167694
train:7215,-1.6629812317987542,-0.08227348200048323
train:7216,-5.317915866880963,-3.8776289827720385
train:7217,-5.599691517549746,-3.962169208138475
train:7218,-3.4172545394613816,-0.3081522656555807
train:7219,-0.8679819537230645,-0.10704489105874543
train:7220,3.727253701835097,10.684111696118645
train:7221,-2.761666511978014,-2.2332167722316605
train:7222,-0.08140254556747922,-0.12754353752691683
train:7223,-0.4300957173988619,0.05316733574171149
train:7224,-1.3149373158323905,0.08404498412026422
train:7225,-1.9963891120424813,-0.06846669747767783
train:7226,5.553931939879671,-0.0449710327128961
train:7227,-0.25745200432212373,0.19745362301712585
train:7228,0.4569377297819864,0.8807087769801201
train:7229,-0.09547335907894702,0.5210268860164966
train:7230,-1.4479329514520458,-0.5463505592239664
train:7231,0.9535099085232869,-0.0950588151236442
train:7232,2.839267408327463,0.40472950837781935
train:7233,-3.2784765051155014,-0.2889218737883644
train:7234,4.8785194087512815,-0.0031578626041278424
train:7235,-0.07821252113652502,-0.1269750341990421
train:7236,-0.35206343793693684,0.0027164815694976086
train:7237,0.2414740465599508,-0.005391930888824989
train:7238,-0.9127706127050413,-1.9897264402508923
train:7239,-19.063955462064424,-5.370305871842529
train:7240,0.8219889879797792,-0.08056233691486381
train:7241,0.8377519812511487,0.3604281910817329
train:7242,1.0084432775680248,-0.2582018656048686
train:7243,13.415303270956523,3.3815136873269287
train:7244,5.580313160649191,1.7268127791689034
train:7245,-0.21283152887696793,-0.2377104948380075
train:7246,-0.12433886106202191,-0.003285615359488389
train:7247,2.299208104291347,-0.26653325690923085
train:7248,5.584807043349709,3.540404447044298
train:7249,-4.640825452174447,-4.642228438970508
train:7250,4.188273252396043,0.25201082594455826
train:7251,-7.638518119393907,-0.39917713814084893
train:7252,14.586476236651258,6.715931076677567
train:7253,1.274069821828383,2.0782505515786855
train:7254,6.44218323578119,3.8790817806422657
train:7255,0.3262659791901128,-0.15779747284412243
train:7256,2.288625442903954,-0.030719360454086367
train:7257,-0.5065265920437029,-0.38298313895380476
train:7258,0.12268114450310533,-0.03618316248171646
train:7259,-18.152250524471096,-7.162221513584771
train:7260,-9.017344636354752,-1.1750382030160051
train:7261,1.1100326426386702,0.37677112815442354
train:7262,2.149646099722017,2.454512446216028
train:7263,-0.4715293065993068,0.045183894152954325
train:7264,-8.610042465783794,-5.533007101795164
train:7265,0.7414368611935415,0.22006621736796916
train:7266,-9.14081343591423,-2.2976967477990744
train:7267,0.5024444522680962,-0.18469616857079213
train:7268,4.075886202065774,2.453971761746104
train:7269,6.382756216494174,9.055723575740595
train:7270,5.802315894169467,0.16386499126602522
train:7271,-11.765056826090376,-7.465602280214244
train:7272,0.6022329633515227,-0.26912469052299354
train:7273,-1.666893736440406,-4.3223723460366585
train:7274,-0.12420996296780318,-0.10875981665582998
train:7275,13.213577869733276,3.8968419102015583
train:7276,-1.382751428427635,-0.3863788942143824
train:7277,0.11926005658134238,-0.0779104151176585
train:7278,36.44639911063173,10.992713277751106
train:7279,-2.4819913539681324,-1.708727870764103
train:7280,1.4512913350303691,2.9590830453905195
train:7281,-11.528910868316796,-14.520885220708927
train:7282,-9.420012519448079,-6.434410571105842
train:7283,-7.4594341507710356,-5.514196988674226
train:7284,-13.27910383648831,-5.4855438503061
train:7285,0.20630636922545134,0.017124438745669143
train:7286,6.242228701432171,0.5894592793251324
train:7287,2.1988133421173477,-0.013708485468946638
train:7288,0.06052367072611023,-0.12679442561357424
train:7289,1.6780464448143202,0.3366684611576297
train:7290,-0.043894478670140236,0.16475883257111912
train:7291,0.07673042677811748,0.35710490751263835
train:7292,-19.96292354775796,-9.428285194106872
train:7293,1.6013524274415163,4.786325498192977
train:7294,5.012707787601661,0.12056458221294229
train:7295,8.850396209545572,2.304420719938221
train:7296,-2.300272238733784,-0.3480967218140777
train:7297,-9.747505267310398,-3.529932918087099
train:7298,-4.0171874150640345,-2.950614188884187
train:7299,-1.0870810513643736,-3.811272018927373
train:7300,1.8805773138400332,-0.07401384908355405
train:7301,7.127814135071686e-05,0.19743315119088994
train:7302,-5.349437204258897,-5.924200732772615
train:7303,1.9932356429366744,0.23651700601302456
train:7304,-0.7534109582256441,2.914969755042021
train:7305,0.16627055142363112,0.717089382054285
train:7306,-3.256776993304621,0.26160062825398533
train:7307,3.3311253339564884,-0.4138348230649363
train:7308,0.10007155868164516,-0.24871349513135593
train:7309,-4.472767442803126,-0.21859537290527625
train:7310,0.7876151555357342,0.04720225929292209
train:7311,23.559866420109884,8.828594441416197
train:7312,-5.007150349070571,-0.9368487187526373
train:7313,25.084232716709007,9.905087805420449
train:7314,1.7334603050416555,0.8391904867656346
train:7315,-11.620562643616742,-6.328713176972245
train:7316,-0.8772126379851616,-5.047126638000395
train:7317,-0.15702911470105435,-0.026519711529123746
train:7318,7.708721729622112,5.719074971321459
train:7319,-2.2224438251485585,-0.16886352921549364
train:7320,2.1019940201366376,0.3819138363639322
train:7321,-5.66278579803495,-1.1531319223355025
train:7322,0.3795037978304655,-0.15332619773690798
train:7323,-16.842876485782778,-4.483811027820739
train:7324,0.7293529844906126,-0.33731085127355864
train:7325,2.2151184280049807,0.02343140182563841
train:7326,1.537946652914377,-0.046378666925227324
train:7327,13.372279899851005,21.094671318959836
train:7328,-2.4443042942258004,-0.05169556398375352
train:7329,2.7113107699817123,2.0992545026358993
train:7330,0.9760095415971086,-0.2588184456257154
train:7331,-8.091915364257048,-5.816889559556229
train:7332,0.22038601615004866,-0.11709812700947758
train:7333,-5.36224007429892,-2.606274362415453
train:7334,-5.771484201008928,0.06364762682719723
train:7335,5.885241187130419,0.06437291438526876
train:7336,-0.836146332804312,0.17500708584912977
train:7337,0.4633296340141475,-0.0035896968760166237
train:7338,3.375883308450752,1.6360137387458749
train:7339,-1.5709970412152492,-0.5171040945470247
train:7340,-1.6829505569274517,0.4090281639049263
train:7341,-0.4701894173025043,0.05275497467038856
train:7342,2.2457857138082353,0.9946656613698355
train:7343,1.0228798641205263,-0.10285950821478343
train:7344,0.3607708018525387,-0.025006793639007957
train:7345,0.01501462365759787,-0.01872386890552473
train:7346,-2.334811348986647,0.08450078540823404
train:7347,4.132543248961968,10.435794007648887
train:7348,5.414250107895698,12.088178246913222
train:7349,-2.579473646850036,0.6394727354538672
train:7350,-8.647520313109899,-2.723575216191714
train:7351,0.1836079843562156,-0.18600907600527922
train:7352,1.2196845893141548,0.042216691965635295
train:7353,1.6930955588298815,3.9642046327567675
train:7354,-5.587058806941586,-1.864371242463301
train:7355,0.6301900185316995,-0.10592043855427652
train:7356,-0.7203460981324483,-0.0729409684619024
train:7357,-0.24567659970400701,0.14032852550958175
train:7358,-5.846300885633471,-13.684563042279839
train:7359,0.4949918410856732,-0.11136801291476842
train:7360,-8.146838737597456,-0.663208023202728
train:7361,0.17485314211191064,-0.33919454460888054
train:7362,-0.7986287351191229,-0.13413204171543333
train:7363,-10.066073478413031,-5.238852495070413
train:7364,-0.642421214377519,0.018499617623723943
train:7365,-0.20141748059332026,-0.37156071587903805
train:7366,-1.4138708455081765,0.0029715590977887063
train:7367,0.12383901899779182,-0.033243315504716126
train:7368,-0.020653420039040277,-0.004571417240074316
train:7369,-2.221148335375644,-1.4599455360361544
train:7370,-23.6143013393061,-8.441894115129578
train:7371,8.30739793597797,4.921115996632759
train:7372,1.5996243328834958,-0.2075529982283661
train:7373,12.264577332074198,2.777293228415814
train:7374,0.9444840199708501,-0.1788034211526759
train:7375,-0.8804347416532704,0.03618527824019302
train:7376,4.169474354507005,0.04176402921548561
train:7377,-20.4657772130673,-7.9392452997266805
train:7378,-1.451446325295188,-6.792828166305988
train:7379,-1.0982478803095153,-0.37663872741120885
train:7380,12.68555548583556,15.69876128549007
train:7381,-0.6987867586404388,0.1844204167365791
train:7382,1.6806683413061028,-0.10076453421984233
train:7383,-3.717967633130392,-0.17969077139091444
train:7384,6.691528172436181,7.275833669638635
train:7385,-0.48140785197698144,0.9218200559036578
train:7386,0.7480584341670699,-0.07011763970147461
train:7387,0.8382481633649628,0.7072275255801761
train:7388,-3.5063618268635492,-0.09186378362274525
train:7389,0.053148351908570396,0.00980030409035565
train:7390,-2.1750362916319226,-3.913020276518378
train:7391,-7.528343141677859,-0.11593722466805212
train:7392,0.7703932543485542,-0.12470530071184338
train:7393,-1.4925435474219908,-3.3457307068151887
train:7394,-7.786043092403924,-5.139122317297756
train:7395,-6.374402770249355,-8.414810245671521
train:7396,3.8776702228955866,9.50910590701595
train:7397,7.724435906663028,0.22827720294868623
train:7398,1.228257649214584,-0.10058535224247453
train:7399,2.7581520352250988,-0.03130826427779197
train:7400,0.14009656717529376,0.18428089446439302
train:7401,0.6509520262596508,-0.23348145778618357
train:7402,1.1288252641552212,5.156145686615299
train:7403,6.34148976476847,8.685929066264073
train:7404,1.8131125859798845,-0.04663959354672867
train:7405,24.66209785074416,11.30991901815666
train:7406,0.9841093165203884,-4.02736434234645
train:7407,-10.539204103291015,-14.63570777089376
train:7408,3.6114374275446557,-0.08264447143690434
train:7409,1.8675884772078102,0.11445955550953682
train:7410,0.6597931105110886,-0.2031547654558748
train:7411,2.995361256989584,-0.16178469982298582
train:7412,-15.037395649750145,-4.180923867593888
train:7413,-14.816515689530279,-3.3879645836526655
train:7414,-0.3674626340623147,0.21353627544196022
train:7415,-3.0336500917344957,-0.7240143402516721
train:7416,-0.03013202101436438,-0.6660926247810535
train:7417,-0.822417116676892,0.1692839621341109
train:7418,-3.0944769745442984,-0.6572067109081969
train:7419,0.4114523934539795,0.0006295679103218571
train:7420,0.6878647676037088,0.0021993361332251216
train:7421,-7.000978149683569,-0.19012598166043826
train:7422,-1.9894974225937823,-0.08232462590087045
train:7423,-2.318179426813222,-2.049203871854629
train:7424,2.180716700572106,0.31013968491130606
train:7425,3.3546343007094768,2.4872655136029223
train:7426,1.2381452604636287,-0.04167756525309288
train:7427,0.01682198647554356,0.27132381842076814
train:7428,-12.618316183087025,-2.866848897037704
train:7429,-0.8076506718814753,0.2984783763101839
train:7430,9.735985858596225,3.8311463218720814
train:7431,-20.534304042627152,-11.130989324919835
train:7432,1.2205163248977704,0.013850159164811762
train:7433,-5.7994042953289044,0.3111826780932614
train:7434,3.5239094614267485,-0.09529049627909428
train:7435,-23.395028130442842,-11.99117123850084
train:7436,2.949344288666125,0.03875260217706466
train:7437,7.830608883314928,0.34303598375144656
train:7438,-3.0174882001228567,0.023359001464560256
train:7439,-4.815392292272775,-0.4606028884268401
train:7440,9.12370573110444,1.7336479438979207
train:7441,-4.7057040821118115,-8.752897534159302
train:7442,1.520391406610678,-0.26391928288748717
train:7443,-2.3285031297209757,-0.24302047284724837
train:7444,0.12439970827327543,0.27342214494474437
train:7445,0.9763649702464513,0.03382944895415557
train:7446,6.103398596440474,6.93215407739861
train:7447,4.248728666937926,10.58143699922746
train:7448,0.5418110227962359,2.9299990713761743
train:7449,4.40381225208792,0.06518551035906411
train:7450,-10.287976254889998,-16.33532985756735
train:7451,-0.036312155789657546,-1.701210644702446
train:7452,0.6235782088042617,-0.10819473718739542
train:7453,-22.24329983162856,-5.080027074004026
train:7454,-3.833980102175604,-7.7856309927282
train:7455,-0.2037453174111863,-0.04097752865839244
train:7456,-0.15837144480937942,-0.0034041664926035553
train:7457,-6.095522154504648,-0.0012079746529630453
train:7458,-2.0182494849556147,0.12843924493406972
train:7459,0.5463997484587759,-0.09901265947296614
train:7460,4.585717333914468,0.046449438198519356
train:7461,1.441376991083696,0.15621394936458252
train:7462,-0.0455138990008436,0.09949900168580625
train:7463,-7.164406520742066,-0.3334194923590194
train:7464,0.5213809654353622,-0.20423884495111194
train:7465,1.1581494062463098,0.2966883397966311
train:7466,-3.086975082214942,-7.856195023859949
train:7467,-0.5625962169667841,-0.05400288859438887
train:7468,-12.313727080720083,-4.99963884885201
train:7469,0.3071676750876327,-0.02717010216194203
train:7470,6.789385188001368,12.260318486699108
train:7471,1.1329734814524868,-0.2572722877668681
train:7472,-2.873941517436483,-0.37858661811103356
train:7473,1.3819690333723806,0.7402192645022108
train:7474,5.722242863816385,8.144798353326863
train:7475,0.1892253377318629,0.0883239524555903
train:7476,-1.0974147499764584,-0.09462947741593053
train:7477,-0.9677885965492304,-0.0656307432355645
train:7478,0.9860696368604187,0.42310336474175836
train:7479,-9.176963481772027,-5.463505037733102
train:7480,0.6331831508331618,-0.03139036557395054
train:7481,-6.42146533573746,-0.1643737795333834
train:7482,-0.608328656404177,-0.379356273181017
train:7483,-0.30153375779549957,0.14591519415982968
train:7484,-3.827643290546382,-3.498520434331833
train:7485,0.8637354659716009,-0.9436416558818927
train:7486,-0.4450138411960418,0.18699751293893616
train:7487,5.241002235852549,1.0218301341855467
train:7488,0.8588301321858401,-0.1912953723200591
train:7489,3.759862013944441,4.335208049937281
train:7490,-0.022806099572877714,-0.6626945869475156
train:7491,-3.8807646476083693,-5.498245798185812
train:7492,1.537334357909558,0.1140660969955397
train:7493,-4.183690743724562,0.09004943495261533
train:7494,0.8769827961669823,-0.2657830037094082
train:7495,0.14348278636101916,0.07281212159679326
train:7496,3.289522282698901,0.2040525414447728
train:7497,1.6264060792009674,-0.037819160985665096
train:7498,-3.084023792396725,-0.3624926241518037
train:7499,-1.2796120318110011,0.2707086650080214
train:7500,-7.994714345845846,-13.068599316132254
train:7501,-12.453767363310522,-0.8239898946175397
train:7502,6.937178882737114,8.556743996371056
train:7503,-24.880110844105594,-10.542416474293441
train:7504,15.988679219168148,3.113724795542664
train:7505,-0.09932728424405593,-0.029983515996074364
train:7506,-0.08944164889005363,0.05838686679740846
train:7507,-0.06494101528415769,0.27155664086269826
train:7508,10.889237223800627,1.3350767517918085
train:7509,-1.990668547208163,0.0751792567520237
train:7510,0.30799987558772857,-0.2534354252817513
train:7511,-0.198893449020683,-0.11038821847164582
train:7512,1.5914522634474983,-0.11576838559940977
train:7513,-3.2877041674204754,-0.15955305677205878
train:7514,3.8294288616711727,1.3536802920598574
train:7515,0.4001963005445819,-0.08551887276731435
train:7516,0.01900244476909091,-0.2457226112495759
train:7517,-0.9604443109067641,0.222982489646116
train:7518,-0.04369014787696027,-0.10572784646076816
train:7519,-6.292365467766158,-6.097416064422708
train:7520,-3.2607273886394337,-9.67429577195721
train:7521,0.6357936568711722,-0.1620681668524681
train:7522,-2.6985480558358246,-0.03735323078018485
train:7523,-0.5797314112303509,-0.44608401247088875
train:7524,22.171253876150985,9.368492564954956
train:7525,-7.8969684453195,-15.561499961639859
train:7526,0.7118856074017282,-0.02808741117028192
train:7527,-1.4324640178545929,0.20488140075090885
train:7528,22.1871707567774,8.09555983071808
train:7529,-2.309505480036524,-8.581711409870739
train:7530,-11.74113222400382,-7.412818351155188
train:7531,-12.30526188144313,-7.047127907860927
train:7532,5.1554231996209,1.6236607392074378
train:7533,-7.990189778657616,-6.075281954428625
train:7534,0.16046281474921886,0.22375792247890472
train:7535,19.590935795052527,7.250631210942939
train:7536,3.71652784617171,-0.1635021933146505
train:7537,8.301513953000757,0.35096450092835135
train:7538,0.9081979860425067,-0.21373791498537503
train:7539,-1.4141386374009448,-0.08434791283878343
train:7540,-23.414666202579184,-10.430780395960905
train:7541,-0.6959217108293545,0.0219663466372797
train:7542,-6.229934623098629,0.03148517519372863
train:7543,-2.2490114774267598,0.08508954657112965
train:7544,-5.243432062456458,-3.5171151296296617
train:7545,-1.517651594409661,-0.14790587159112728
train:7546,-6.5363517770668995,-0.6309194594132139
train:7547,1.1228307472847678,0.2789369482119517
train:7548,-0.23617289323873591,0.054720269989034016
train:7549,12.513856250588958,3.8732951728667944
train:7550,8.121139376228017,0.21436691800822133
train:7551,-3.0750034828420545,-0.238458536795275
train:7552,5.0885087004154235,0.17927250140750522
train:7553,0.045587298957070616,0.04132320731256644
train:7554,6.946553923566406,0.6757833354598863
train:7555,2.2263040860675827,0.024036426320874715
train:7556,-6.307404121160908,-13.84142373867082
train:7557,3.742480413946209,0.2619682651613713
train:7558,1.554559978428582,1.3578696694064998
train:7559,37.04898665933804,10.310884767553375
train:7560,-2.341224871835151,-6.340599675661963
train:7561,0.9807014787183197,-0.4442987550944711
train:7562,-6.4807905383152455,-1.616929776688601
train:7563,7.060355249830358,0.3361272060444661
train:7564,1.491594479808477,1.7841421669563764
train:7565,1.8459419658757068,6.100446690851602
train:7566,1.0673326209453418,-0.38206540196303485
train:7567,16.8340275573326,10.640876340394925
train:7568,-5.104149128812754,-4.697107770006935
train:7569,-11.12913476573218,-2.2881397574759488
train:7570,14.622042347409547,6.9607039293402915
train:7571,4.995263191420321,0.2747057355827752
train:7572,15.638868620575883,10.816960866255863
train:7573,4.3547937829663494,7.527892495189996
train:7574,2.777923073474863,0.012006410856291588
train:7575,1.4988339267845907,-0.020099975078844576
train:7576,2.7769944028050633,0.15236788525722028
train:7577,-8.818836457176568,-4.426428284890324
train:7578,19.981753886890857,8.685067965614877
train:7579,10.050697122576624,2.1812699169868455
train:7580,-9.339237930125922,-1.8681688732256663
train:7581,-0.14628919531413237,-0.025497689486239303
train:7582,-0.8539342698065016,0.20689748331791652
train:7583,-11.008760450266912,-1.6679167501848182
train:7584,-1.4435966754384175,-0.7322709772915912
train:7585,3.8571146380849775,-0.014489981386160616
train:7586,0.5204705427374221,0.06290457799827992
train:7587,29.935016921979717,9.231796118093492
train:7588,7.238234154935772,0.3750262437872377
train:7589,7.610034838139231,2.972095423192805
train:7590,-0.3526788711279994,0.21174381369463727
train:7591,1.4154313970564045,0.25536927540331933
train:7592,7.274976039473247,0.19507347006298237
train:7593,-1.3334733034517052,-5.967492582177098
train:7594,1.7377091767569497,-0.11960146757306145
train:7595,-1.3780662325953914,0.023512718487341946
train:7596,-3.007381845669737,0.06586721503967875
train:7597,2.4506964902976303,1.0103995794446097
train:7598,10.009247028841122,8.304901444607664
train:7599,-6.687806689086587,-1.8850981462274825
train:7600,7.6498986368432655,12.143133473500573
train:7601,0.7575479606796857,0.4182782194953235
train:7602,7.162859105618148,1.9374215063729618
train:7603,-0.8388770197525318,-0.03174166781859082
train:7604,13.53622432820286,14.233137165821057
train:7605,-8.037209571829514,-11.106588619976375
train:7606,5.024165654263596,9.09886819918915
train:7607,-0.723253220885018,-0.03587112762503039
train:7608,-10.927626945421808,-4.6257887778686335
train:7609,10.46186181926758,2.6257537802380644
train:7610,1.020981842588883,0.3707358625871111
train:7611,2.5527128811556152,0.24087258320332394
train:7612,-2.8727717875715437,-0.7937764749703757
train:7613,-0.3812137012643183,-0.09139200432405475
train:7614,1.76201872968936,4.114824489353217
train:7615,4.5170296432523624,0.0762280276967843
train:7616,-5.09720653100944,-3.1527023565498147
train:7617,-0.17892505372494621,-0.13192736155759743
train:7618,-2.0045235232435585,0.943554715629723
train:7619,-25.667911820313694,-9.438864349133691
train:7620,-24.357420122406257,-9.402344323058584
train:7621,-2.901225141094655,0.10631904436896282
train:7622,2.0935502070177874,0.07623016760893439
train:7623,9.937475082247376,0.4263595977301499
train:7624,-8.349447480133652,-0.13554010391019455
train:7625,3.9058392799908717,-0.03716976897851687
train:7626,0.12061203370663784,-0.08794346456377478
train:7627,-12.690015602709813,-8.98350302710193
train:7628,0.0747649923568016,0.6365280736745291
train:7629,-3.6879958623819658,-0.3796291833105589
train:7630,1.2336009343249765,-0.016144490130207564
train:7631,0.7741400162649077,5.710905642697263
train:7632,-0.24893473439935454,-0.012344220142857312
train:7633,-4.583186036754956,-1.635694523671957
train:7634,10.58657473532888,2.456290285230325
train:7635,-5.817622977450278,-0.3815712249171733
train:7636,0.7926297446944127,-0.09265961695136488
train:7637,5.3910200910310095,0.7574957739155821
train:7638,-1.6731310559428008,0.14142301924394934
train:7639,0.10791748920657163,0.4413701541677877
train:7640,-13.66801577075659,-3.885545231119283
train:7641,0.11286850103654161,-0.18046156774737798
train:7642,1.6660032483034355,0.10293555793804568
train:7643,0.22344528282086207,0.015399098909454123
train:7644,-2.990075794599586,-3.3807867476580133
train:7645,2.4508631628558897,-0.3840221376330799
train:7646,-0.70524375117987,0.0690142411780106
train:7647,-10.156946053691659,-13.40335576002801
train:7648,0.1418380280821285,-0.018724154227144754
train:7649,-0.04891139241122114,0.11921201507327348
train:7650,0.7812153477234046,-0.28965714760313643
train:7651,-1.2675951030812644,0.00507095557784
train:7652,-2.9109828081873994,-1.2825787748148816
train:7653,2.1252147386717155,3.6028370973273134
train:7654,0.3796641940162382,0.10133005318223587
train:7655,-16.55699934192302,-7.9167996185235445
train:7656,0.002440724984221543,0.2112870137809974
train:7657,-3.632920461352435,-0.017175143152097394
train:7658,-5.499819553958069,-1.505562471322118
train:7659,-1.1520212827354044,-0.27773783692711806
train:7660,13.87448454175357,2.4585605893607636
train:7661,0.09214752218799462,0.05399162990192734
train:7662,4.418554753684591,-0.0031366061434369152
train:7663,2.2194860858810426,0.011097661496552072
train:7664,-1.6559172907940294,-0.7521382070146752
train:7665,-2.998027726082067,-0.0699034344952503
train:7666,-30.729044697687975,-13.91065531783711
train:7667,31.85030917104065,20.798034984784216
train:7668,2.753771592145823,3.2816117459390246
train:7669,11.772165690916896,2.849459055122312
train:7670,-1.955876754848148,-0.001285582133606425
train:7671,-1.1500200497450903,0.014239623176128702
train:7672,2.7823058411365413,7.06806132465912
train:7673,0.9753549391925639,-0.016993678601769494
train:7674,-0.1933695438576163,5.660208555966979
train:7675,8.567552180804597,0.9082306151248969
train:7676,0.1885791038239672,0.025905496923170998
train:7677,3.693710442683466,0.07681179573132968
train:7678,1.2375276189192839,0.6616966504278488
train:7679,0.8037070772170579,0.7408961900456903
train:7680,-1.647618764075336,-8.462928024956893
train:7681,20.372529206412985,7.286501845010899
train:7682,-0.6752624496435939,-3.8799923017506015
train:7683,-0.36766254814892996,0.17918776088636157
train:7684,3.5943898700376633,-0.012723555236663811
train:7685,6.733154934434273,2.158169707987401
train:7686,-2.6883505777525265,-12.731888989782652
train:7687,31.56387226773837,11.443917463779286
train:7688,6.415701593051882,3.728112405061301
train:7689,-0.9667202184770404,0.2267518735680999
train:7690,-0.10253253468974652,-0.09142025116443597
train:7691,2.1163975976190237,0.5484605597806895
train:7692,-1.4792150893007623,0.12461600655630847
train:7693,-3.0813881808687675,-4.940101927690502
train:7694,7.510826310365228,10.072785016939502
train:7695,-1.607143135282962,0.13927625937497598
train:7696,0.5976692269498096,-0.08146309726924297
train:7697,-0.7988911804723654,-0.15115882338088873
train:7698,3.0548798648232585,8.98915861243494
train:7699,-5.188615619906566,-3.085398980891568
train:7700,-1.0624195566562245,0.18172933454702705
train:7701,-5.43272513207464,-0.10709039985713739
train:7702,-26.690279897927596,-16.63432408961075
train:7703,17.680361518435713,6.800912979911783
train:7704,1.1532029273520248,-0.024264030131710648
train:7705,2.1217380932305328,2.406661727966987
train:7706,5.316693428376914,0.5312163630407847
train:7707,0.01149311377604681,-0.5745962583187145
train:7708,-2.443632489911477,-1.1578519978953676
train:7709,0.6802647778969672,-1.2235749771003657
train:7710,0.4613086420734118,0.12373750128829027
train:7711,12.00261921130323,20.162320154812893
train:7712,0.16618663399890077,0.35069915182173983
train:7713,-0.86952896331193,0.2725371486098709
train:7714,-8.598733837312098,-3.865855186122227
train:7715,0.4676605634882499,0.05613767646685065
train:7716,1.4066723705637751,-0.24814071197918103
train:7717,-2.061219623124114,0.07972920929595655
train:7718,0.8871870155392475,1.5224718546524676
train:7719,1.7537276416343541,-0.03313446530668138
train:7720,2.37081988715756,3.2265777705845515
train:7721,-3.7682636927403776,-1.0849885598279392
train:7722,-0.9056353070205599,-0.5886554811448259
train:7723,-10.40031867323814,-5.61500339959757
train:7724,-1.1165539667292226,-0.04916611649193853
train:7725,-3.503570003398144,-0.08292465726775655
train:7726,0.6794913893316545,-0.2260011808743183
train:7727,10.209741331224002,4.146521153442015
train:7728,-0.02931330309220298,0.15071894028476357
train:7729,-0.43752206080013656,0.04111877437182755
train:7730,2.9974531486935962,0.3243613984000145
train:7731,3.018097765010221,3.852313476895942
train:7732,-0.18751333964011185,0.19786327353305866
train:7733,1.1406657570806078,5.795267827372812
train:7734,-0.135141079257331,0.003998431608213351
train:7735,0.8836824751092347,0.6928143612844393
train:7736,0.46578811236303413,1.6914765524952267
train:7737,7.621647986905653,0.5596124979596846
train:7738,18.71192936336576,11.07720613972862
train:7739,-0.9057194569035304,0.22749556437066223
train:7740,-0.7403705158640855,0.2846164533843112
train:7741,3.7302268427278977,-0.09542131624186997
train:7742,-0.20726322419001342,0.03268794848289093
train:7743,-17.33292635121914,-18.729616503479782
train:7744,-4.764687106159949,-0.08207568278740962
train:7745,0.3729685830931901,-0.00727655151941195
train:7746,-5.507414429583526,-0.4899659069855569
train:7747,-2.3787905883760723,0.019180537669883563
train:7748,-1.736854600884362,-2.713641173347742
train:7749,31.730963250830246,9.20624328444842
train:7750,3.982665333644138,0.36312176983546
train:7751,-0.39053434686539235,-0.06489304418702244
train:7752,-1.451470500952174,-0.2815704195879348
train:7753,-2.2811279078997346,-8.752184230109272
train:7754,-1.9499813814171616,-6.4707536977765425
train:7755,0.3201964945371788,-0.15261781548482217
train:7756,0.23319760337408085,0.03898856315681492
train:7757,0.19995863205893774,0.025127210874182154
train:7758,-21.426772595923293,-6.376089690688826
train:7759,5.681967614027107,7.712799165541717
train:7760,0.004075255100541186,0.04966451354322417
train:7761,-3.405173219799096,-6.809538312303634
train:7762,-8.86979874210311,-3.815630877316303
train:7763,9.775408916476746,5.4231684898498305
train:7764,0.1891837277068581,0.0004117961838473877
train:7765,2.818567234491418,-0.17991574748829425
train:7766,-9.36480833655345,-0.22688111275043654
train:7767,25.474342275831056,10.919555673093445
train:7768,-4.314457802194939,-7.348724843722081
train:7769,4.6441294405245515,8.442484100420888
train:7770,-0.9665951559437856,1.3101564761783049
train:7771,6.121667489541742,3.380911373387083
train:7772,16.881283528076594,5.220895433774435
train:7773,-12.491697109455675,-5.031098981317818
train:7774,-0.4558827749063027,0.007932731426564435
train:7775,3.3424042077734306,-0.13244778819250008
train:7776,-6.225368213427153,-0.9266712965667947
train:7777,7.474615825364967,0.6951588490360814
train:7778,-9.89967057171229,-4.519964986257372
train:7779,0.026356144970287473,-0.001911863089533658
train:7780,-2.44715562700071,-0.7222965614383874
train:7781,5.703773126795541,11.796399227996694
train:7782,-3.6397844882705446,-4.647776232550029
train:7783,7.757947086577505,0.1942764241174777
train:7784,1.6939577464429694,0.005725483374148452
train:7785,-9.471463896512109,-3.8058608944038377
train:7786,0.49307150356296586,-0.06475052603782622
train:7787,0.39090471222353906,0.15337129006439892
train:7788,1.7001486905264342,0.19543925237983825
train:7789,3.6304153182786862,1.958900660588306
train:7790,1.9810916757786412,0.3064018290283335
train:7791,-4.8247631488537435,-0.04813410819235364
train:7792,10.126093558052352,6.504722318106623
train:7793,1.0847058524469246,-0.21540590517596753
train:7794,-4.7712791569369655,-4.647145957091422
train:7795,-0.24463751137008838,-0.008171248789365856
train:7796,-3.361609150826757,-0.23353138906968574
train:7797,1.948956997333807,5.147921005596822
train:7798,8.356803680527799,4.751727969193513
train:7799,-1.3642103267270347,-6.026198076137891
train:7800,-1.5831027689927617,-4.385942573618664
train:7801,-0.843309998394104,-3.1984325645189235
train:7802,13.31815618285706,12.78446457424022
train:7803,1.5468172593623266,2.014164034525269
train:7804,-3.5965342379225436,-0.0924744432199768
train:7805,-21.777899837988336,-11.646290442240563
train:7806,-0.07386857400096858,1.179012388042282
train:7807,-0.09111302363745294,-0.0732124519833442
train:7808,-14.579830428639317,-5.9263446394253885
train:7809,-1.0635709223201841,-1.3083635749370228
train:7810,-0.8849074706539254,-5.113397149394197
train:7811,6.975638633670037,11.116353407280801
train:7812,-0.9217348998238116,0.2199676387482549
train:7813,-1.4647229452288406,-0.11584720569693818
train:7814,31.14249056647193,13.897790676815115
train:7815,1.0275329807156157,-0.3707536836768329
train:7816,-2.744021071877098,-1.288248400726148
train:7817,-9.74586132263535,-0.9864735668349152
train:7818,0.5516212254512771,0.623598867124477
train:7819,-5.083605864288878,-0.052787632484351005
train:7820,4.971009428465571,4.992802483017636
train:7821,0.35008829965095856,-0.16591123508282024
train:7822,3.7967196626855597,8.993805930981702
train:7823,0.7543961756292527,0.4619199445363463
train:7824,-2.291135235142508,0.28308249302471944
train:7825,-2.1364882065677038,-0.02186761384522644
train:7826,-3.072096825005965,-0.4331055879413844
train:7827,-0.9342876447973253,0.061818429921297685
train:7828,0.00035685308949817696,-0.06879403270623707
train:7829,14.487488079289013,3.4892910760704154
train:7830,13.251533651201338,3.6261901012820887
train:7831,10.32584213440051,4.30439730947862
train:7832,2.0411073955590906,0.13321916670373257
train:7833,0.07311384147630406,-0.024694223804284363
train:7834,-1.48706218211689,-0.04729540529032719
train:7835,-0.011566743656778095,0.08997182747197195
train:7836,-1.1492557270511474,-1.2451806714541853
train:7837,-1.1868900187729423,0.27805833594832596
train:7838,-13.976653365835732,-7.758761685128392
train:7839,0.019814886318765546,-1.0567748167546323
train:7840,6.48615736108933,14.433145338876795
train:7841,-7.846404128900264,-0.4115287110711861
train:7842,-2.250710747162989,-10.871132088850295
train:7843,2.5200762091409605,4.162338528090643
train:7844,1.036156251595939,-0.2606446466546048
train:7845,9.9481607226352,5.6574671858419
train:7846,0.6783267735480009,0.40468414224023735
train:7847,3.957161410273322,8.657057942178259
train:7848,-1.1984768997582158,-0.03924748101544723
train:7849,3.74010329598141,0.042690468515665894
train:7850,-1.0019160232586102,0.051343559946592184
train:7851,-0.0061332647491687264,0.007660534601072605
train:7852,0.0006191822136205616,-0.055639065424350015
train:7853,0.1813987012408772,-0.45072077411771033
train:7854,-0.22137611264296653,-1.7409754909011452
train:7855,33.838478008253,11.358179458252037
train:7856,-1.1985647689730303,0.14680646757034344
train:7857,-4.90285331041749,-9.444473201539896
train:7858,-0.9107212608589951,-1.8479900722935287
train:7859,-3.0879607051536033,0.13995796405559063
train:7860,0.6700491680709296,4.091264912545553
train:7861,-0.07353057971964472,-0.13279388331757513
train:7862,-11.48108583980067,-20.705623937026992
train:7863,0.2809001263975946,-0.20210963236176938
train:7864,4.730752679171404,3.6703521816276092
train:7865,-1.4187947759531574,0.01852900575058522
train:7866,-4.964908967485256,-0.35419033565268265
train:7867,1.7389591047147754,3.654387010379815
train:7868,0.15331658352744565,0.13180682468467117
train:7869,1.0741896741162436,-0.43997213804860297
train:7870,-0.8112149540792325,0.10169947334974694
train:7871,-6.576439665514536,-5.140476453706334
train:7872,21.794731036255083,14.63424344052098
train:7873,-0.6810053304689764,-1.2775131747731814
train:7874,0.8332832040405779,-0.31640219763742944
train:7875,3.3544808782709117,1.4578610591222778
train:7876,-1.3635636279026588,-10.000089693125137
train:7877,0.16394794491617073,0.10692635143715923
train:7878,-3.1776077605896322,-10.836023834151009
train:7879,-16.44222262088298,-6.133617671569882
train:7880,0.8316320531600803,0.2041304342470362
train:7881,-0.7052735058346221,-0.06614346618672681
train:7882,3.6562944292492663,0.43239721720082747
train:7883,7.90388251014069,0.3744100917488209
train:7884,-2.981350707010033,0.33846256350426773
train:7885,-6.445308112523447,0.22895098995434554
train:7886,-0.13182994408320636,0.0666872293755944
train:7887,2.252230850977414,7.40173183446911
train:7888,-1.3448088970792682,0.044420373497801126
train:7889,-0.106945289464417,-0.3038213687854123
train:7890,-8.70487055047852,-6.9129554160500915
train:7891,0.26868595685100555,0.17420012497732967
train:7892,-2.806580698409726,-10.371507682619528
train:7893,-4.97476845128723,-0.05932863062313545
train:7894,2.7989879742898602,-0.19687697651155184
train:7895,2.259538408217921,2.8317674027518227
train:7896,0.5106430219434823,-0.18347399341146897
train:7897,-0.016907239268287355,0.002450704480456048
train:7898,-10.937814195342536,-1.5575406521262585
train:7899,1.9619532726297177,-0.3551930984862163
train:7900,-0.7695405381418882,0.15090004818306646
train:7901,1.1109443438569315,0.21268794293525833
train:7902,-1.0609913332281269,0.23492177283553517
train:7903,0.2299596925456351,-0.125386078097193
train:7904,-2.3283504046571313,0.004518073608660952
train:7905,-0.008826061004227614,-0.1141499700402944
train:7906,8.905812394355308,2.970456535807454
train:7907,0.5143617726418857,-0.19418011655919454
train:7908,1.6651306000695358,-0.010913046896875084
train:7909,8.47712592534725,3.8378048725183107
train:7910,-1.2697667279616822,-0.004843756726376158
train:7911,-0.8177042583140585,0.08102328550352282
train:7912,1.0365886239228046,-0.32471161917705077
train:7913,1.1148394141305649,2.4762122967044515
train:7914,1.4029739599613933,0.016195360220503746
train:7915,4.689429972551559,4.5429786829870755
train:7916,-0.7856331571979326,-0.27308509726957575
train:7917,0.35205210686459265,0.06476323436144574
train:7918,-5.376518124331571,0.12217408147143229
train:7919,-0.4370979407408,0.1692887412712461
train:7920,-23.523092164495587,-8.247397785129241
train:7921,-6.653097884318341,-1.2412263991224333
train:7922,-8.12258869397455,-5.2646335860114934
train:7923,13.78112931246907,16.156453685157334
train:7924,-9.327581544126813,-0.9460814410546188
train:7925,-4.500989267918947,-0.47898687370828946
train:7926,2.1559110817550016,0.23105359630262196
train:7927,0.03049982933186833,-0.056776785384149486
train:7928,-2.22110719026712,-0.051464239480328466
train:7929,0.26367241375440825,0.07757060857975268
train:7930,14.542563945235026,3.000977960143421
train:7931,-14.82738543684438,-9.394559607978165
train:7932,-6.071457147640981,-7.384550396974079
train:7933,11.366001635890205,5.527305745365199
train:7934,1.1665341749721363,-0.20834633499281058
train:7935,-1.023685504999806,0.052856763158327984
train:7936,2.7365027343941124,0.15411740610073135
train:7937,-6.4983346266234125,-13.720316123840353
train:7938,-0.520385984785663,0.23410075987394946
train:7939,0.23698365073303668,0.2803325632510399
train:7940,2.6645434264587253,4.304455229767483
train:7941,-3.509208510473654,-3.8159992275277386
train:7942,-1.2689514969131248,-0.008467127309318714
train:7943,-0.15930941380878916,-0.014514947027911715
train:7944,27.889594550026697,15.897285786121744
train:7945,0.2831498572467365,-0.02677272047566974
train:7946,-2.2266462052158027,-0.013624386921447976
train:7947,5.846836296342195,0.306252035177827
train:7948,0.057791589028449025,1.6550041751306608
train:7949,-11.82401753414745,-3.7634452676944132
train:7950,0.714321769759551,-0.1216586364533509
train:7951,-3.2757018835598744,-0.2401537038701737
train:7952,-20.726225285109606,-7.762663743603682
train:7953,-7.526041805099381,-5.547483750151353
train:7954,6.185300143311365,13.300856761435876
train:7955,5.259492894115016,1.7454943549000257
train:7956,6.030077083217221,7.354532790800177
train:7957,0.619483921818734,0.019642901355113665
train:7958,-6.58318839314548,-1.2415496685179075
train:7959,0.08795850846956496,0.17893382464455052
train:7960,-0.36852601428233944,0.05628418911872703
train:7961,1.089543773343013,-0.03572946544069422
train:7962,-0.11900196855323653,-0.021632722821551223
train:7963,-8.370956376187527,-6.388015563762105
train:7964,-7.4173787357779215,-6.549190323047673
train:7965,5.926904677530471,0.216061300448665
train:7966,-0.9474991764237081,-0.3788231497340238
train:7967,-6.797129009977397,-0.27818736113944764
train:7968,-6.494030429846939,-0.08107106536334593
train:7969,2.053075972974855,3.427581145450892
train:7970,-0.5113389425333635,-0.24798792225166438
train:7971,17.617523406931266,11.18622068301648
train:7972,8.74476997467474,9.757745438273082
train:7973,-0.04104012393810738,-0.13819202570739986
train:7974,1.757373516674439,-0.08593294576835736
train:7975,6.509960155057995,2.992001741977831
train:7976,-1.3512991311470555,0.005177523202914633
train:7977,0.16088565628823406,0.11295006147886116
train:7978,8.813478121661987,1.8030116269742769
train:7979,0.029714236708942604,0.1803367510501515
train:7980,-0.07056580732349302,-3.4730791614401864
train:7981,9.762062094154537,1.9494027318405227
train:7982,0.8489404288126334,0.02507299976637979
train:7983,12.439265050457458,5.01243261047449
train:7984,6.8223538103831,3.7170559069642
train:7985,0.43799772974111667,0.15488349465046466
train:7986,1.5812166622127992,4.0232436676913546
train:7987,4.58087987793486,1.3616864167174056
train:7988,-24.08040614633076,-17.225058536830357
train:7989,11.805358867958711,3.3878723649505256
train:7990,1.1580812959819164,0.029236840828030866
train:7991,-0.3817513771740172,0.08830412260299943
train:7992,-4.199735941299596,0.07144289880755621
train:7993,-0.2747259761551199,0.05801495006572229
train:7994,1.765217587533444,4.791476694720681
train:7995,-5.78559627585804,-0.21361950651306988
train:7996,2.395040176125714,7.748449531319027
train:7997,-8.836828724971937,-0.6537342041318359
train:7998,-1.855914829917495,-0.21057640877482753
train:7999,0.8213769254332002,0.21043932324794054
train:8000,1.360804175514076,0.024236222785288405
train:8001,0.16637864450534748,-0.01579504247609738
