row_id,pred_displacement_m,pred_v_final_m_s
train:2,24.987195348898943,9.563230847689063
train:3,1.9255262527786625,-0.030613541798264268
train:4,-0.5318056120670768,0.27943091126659814
train:5,-0.5632018869117561,0.11945450278508152
train:6,1.1240723067459442,0.05734854575698081
train:7,1.1095692371367312,-0.2082253942911278
train:8,-0.23362282634319065,-0.14783250826958158
train:9,-6.532985781748076,-0.04716533429680403
train:10,-0.11432758202916438,-0.13058652826955164
train:11,-3.0071307907702667,-2.3690816492315987
train:12,-0.4481278517824342,0.026579462254842798
train:13,-6.324277799904193,-6.342319023744158
train:14,-0.8728330085097268,0.28912271605517964
train:15,28.87234058550642,10.099665737404111
train:16,-3.241865262109048,-9.521036975697266
train:17,2.6799781886948613,5.045147016781872
train:18,-9.311965929379763,-6.5902338380864585
train:19,8.046121382767417,10.30524110590953
train:20,2.194776007400681,3.003790090030263
train:21,14.448542955550447,2.369567206809984
train:22,-7.9430472475348655,-4.635633800367161
train:23,5.780862788093252,2.038161009376412
train:24,-10.88906863219502,-12.065999686565295
train:25,0.7195786966336902,-0.02724845861183793
train:26,-29.33083999690339,-14.925325193217073
train:27,0.6186489318197552,-0.2584833710482133
train:28,-0.27785265571560586,-0.7794449839883675
train:29,-1.3462628071429137,-2.1509629716671936
train:30,-10.409481247235844,-0.9822236299744254
train:31,0.31672600923936267,0.37015205888736324
train:32,0.0035071271613695554,-0.4586630223975782
train:33,-1.6292781576069513,-0.26329246695352243
train:34,-0.23864438924907655,0.007444653130330714
train:35,18.274582430158937,7.806490796548431
train:36,-0.793511515647374,-0.12281094348097352
train:37,26.251321856039027,18.420405415048105
train:38,-2.773484688912337,-0.27859940122394805
train:39,0.16597288864699067,0.11860338839258451
train:40,1.8335211409535352,0.29528880158526777
train:41,-6.719069532901362,-1.9456469605143654
train:42,2.4801780066173684,0.11300281031336096
train:43,18.299650726787526,4.730773378776561
train:44,1.7427259742689105,0.15392791687984061
train:45,1.2375828277513432,3.2969529188038518
train:46,-3.2325962222373095,-2.5830360577519227
train:47,2.826364116327652,10.005296182228246
train:48,-0.2458068925476673,-0.5320916825942512
train:49,-0.7734784969608476,0.1634228497506135
train:50,-7.290291956167187,-4.483185602829672
train:51,5.371027752536527,14.266538055946189
train:52,1.871046642218893,4.262424216601835
train:53,-1.79843918132826,-1.7447017912585072
train:54,1.2437613353189545,-0.715062731075808
train:55,14.378509796593773,5.788085711553859
train:56,-4.386728139255781,-0.4395202242677058
train:57,-0.4792116446376572,0.19841069872625497
train:58,-11.771442918866532,-1.7560170760649592
train:59,-1.6290598793193563,-0.9196080885329825
train:60,0.08693836548222675,-0.09047858282278753
train:61,6.241895356315652,9.739501973889489
train:62,-14.064977268968256,-1.7049199684234173
train:63,4.469667671550816,1.2434313761134184
train:64,5.84448102945198,0.32782316995042254
train:65,6.3425534936758545,6.926114389346187
train:66,0.45479760299312244,0.7502218558653908
train:67,-34.39258656403192,-12.581362433355945
train:68,-0.5023590807124964,0.1334677888303709
train:69,24.33293884221573,11.404805576107986
train:70,0.4355167029429257,-0.20240568920773472
train:71,-2.704589180583448,-0.0007543489423458283
train:72,0.6108489117972782,-0.162766812504271
train:73,0.6380978991776527,0.5387112270204731
train:74,0.49200603121877884,4.260494301164071
train:75,-0.1009124169843224,0.05102867187370599
train:76,-3.6602026902611655,0.01676782238585614
train:77,4.609758630037629,0.0006397324930347975
train:78,-0.32853692058680956,-0.4591212489193181
train:79,7.990209596989465,0.7118295493197613
train:80,-0.1817248969996404,0.06249175327932446
train:81,-3.0286159760836364,0.001750774881363118
train:82,6.728578296600227,1.0892974984448955
train:83,6.136531334339823,5.029479435983751
train:84,0.08296745570771188,0.004829680482917001
train:85,0.4421039883260172,0.12712680114721514
train:86,-2.5878372618759995,0.3391823942863565
train:87,-5.115096517179099,-4.785447338065456
train:88,20.365970164706084,5.040644641618076
train:89,-2.6232422790737946,-0.2176238884543365
train:90,-0.3921951447628603,3.8924060149752253
train:91,2.875565297626059,1.5085336081932414
train:92,0.43545114971917515,3.5020994489143926
train:93,-0.7399166411499969,0.30968242135003365
train:94,-0.028742966799748998,0.03883887630191591
train:95,-2.0756376130173955,-0.1114294640586786
train:96,1.4765891841712033,2.546001536977056
train:97,3.6357697613846107,2.272734184766933
train:98,-2.1583839131333553,-4.033712748391727
train:99,0.12221820391764694,0.8203273751537794
train:100,0.9413659413652533,0.004304403380474164
train:101,-1.0282259955774937,0.2997070068711599
train:102,-3.7571094165402097,0.4931022807398698
train:103,13.556721565995165,3.3560629988218222
train:104,14.15779069747616,8.695307017270641
train:105,2.3638624120268696,4.976374234780562
train:106,-12.778101468604321,-6.135695954250052
train:107,1.0515716035690144,0.4445650786730791
train:108,0.2789313213317951,-2.1235661043919825
train:109,11.21853384760729,6.887984008047729
train:110,1.7441025919676725,-0.020796195496877348
train:111,7.244189270134503,2.599716470482212
train:112,1.2299400657283952,-0.19108498329050244
train:113,-0.07197996702805542,0.3035437266954667
train:114,0.4813604898773985,-0.17823067366570344
train:115,-4.3469410517710285,-8.678027429138327
train:116,8.130130860960897,6.017798718469089
train:117,8.53577606919535,4.745248315203031
train:118,-0.016156980297879653,-0.0548547519561384
train:119,-0.23161624681335047,-0.25034114797791923
train:120,0.22014728153731167,0.34924169332151395
train:121,-0.8399292419770246,0.18675274265416802
train:122,17.203059662894677,7.137858981919515
train:123,-18.00166407643698,-7.363022310100903
train:124,-0.25237825454130164,0.6408304027174938
train:125,2.1573971872849214,0.10517929149262076
train:126,-0.18988999268843043,0.2972227115257119
train:127,0.36229177611849606,0.310011397177908
train:128,0.11850631073733094,0.006529056051710905
train:129,-3.565638213210883,0.15087754344028798
train:130,2.180054427045633,8.703620147991323
train:131,12.50931680607335,4.809941568681404
train:132,0.7304265928732084,-0.1322779148329852
train:133,-1.5198621560453205,-0.09067602538383612
train:134,-2.578782780960012,-9.4823062777103
train:135,-2.4337990414324113,-0.5200277138568867
train:136,1.2828175740963603,2.031183754480629
train:137,-2.1075906253474743,-0.315185336593279
train:138,1.4706438322185629,0.5354468623659112
train:139,-2.398565345957681,-0.26120733655447176
train:140,11.100681239132257,4.4300164297647235
train:141,1.3396317627629628,0.2279685919514403
train:142,-0.7849649559863332,-0.474041857716247
train:143,2.2920890706836827,2.976005470673455
train:144,4.799296710641035,3.72418352635373
train:145,6.703312875383907,0.6157126845429415
train:146,3.1239957435639045,-0.24544103447582616
train:147,1.2531951880830303,-0.060255890222973285
train:148,0.7336889118168805,4.808607975429466
train:149,-24.71599718615484,-20.70126650524616
train:150,19.702247958479877,13.31706417073906
train:151,-2.211489927951486,0.30743123376813575
train:152,-0.7604889629539038,-0.08650947376679494
train:153,2.5833727282951817,5.948120325645859
train:154,-0.06047537625983024,0.24524624265129163
train:155,2.4241281406447084,3.250707705310621
train:156,-0.32198438771063553,0.06101664050386032
train:157,18.38829170295975,10.665140090960781
train:158,-12.774525331036312,-10.536615315115348
train:159,-0.06489801050971139,-0.1476718721975146
train:160,-0.5103220539613887,0.07997369425910468
train:161,-0.21743303974272166,-0.31437644980054386
train:162,10.936664283809446,3.122282732213316
train:163,-0.013694550158908747,-0.0870376040854379
train:164,-2.9126495337699936,0.07074896096248354
train:165,3.196146597089258,6.043608341572171
train:166,-6.9439170903658205,-3.6669603380277778
train:167,-1.2470710163622094,-3.880166347938809
train:168,-0.3498640342968091,0.5195453178393796
train:169,2.1696579647086804,6.505434480870174
train:170,-33.55624272826181,-13.555040722231967
train:171,-3.099923936029842,-3.62515330233384
train:172,-1.2456395385187484,-4.721880534342891
train:173,-0.7085591868314393,0.3237362230653648
train:174,-2.492791363810159,-4.916451618607673
train:175,3.4570698137746327,-0.3026503018612739
train:176,20.82998098790257,7.694159104106306
train:177,-0.18552123063572729,-0.18278041221842134
train:178,-0.2044916245915097,-0.07663335121168546
train:179,1.109083399414608,-0.096261766738819
train:180,-0.09851170450813793,0.07703145771353673
train:181,-5.228027984708034,-0.035923091825075165
train:182,3.3553856057419655,0.3480130984257405
train:183,33.09999351263047,11.06733629424915
train:184,-1.408416794046305,-0.023447118668412634
train:185,0.2882201201539549,0.0286720110160138
train:186,-4.119951624080905,-10.587799731172614
train:187,0.48649886304901013,0.10086351666831309
train:188,0.9664725936034817,-0.4040981157864054
train:189,0.16071073146244574,-0.07378412951424157
train:190,-7.795240070221185,-2.2997656148657843
train:191,5.7806159174421055,0.4491285126635576
train:192,7.858136588125363,10.04009400700496
train:193,-18.02981755883017,-16.66606783176685
train:194,-7.191399106683445,-0.472938804333279
train:195,-0.93561114578819,0.03988286810954131
train:196,-0.1055536782091589,-0.17847319704271403
train:197,-6.147556536835225,0.14076859844324838
train:198,-0.813978068951967,0.011336440027299957
train:199,-1.6657529476263777,-0.20633656516664567
train:200,0.33399114765922927,0.03704049413097771
train:201,0.4094624346883172,-0.013734200079950257
train:202,-5.197970669327197,-0.9840702314991459
train:203,-0.322447444525214,0.31813963948882146
train:204,3.4317857958990934,0.5997218343493462
train:205,-3.994157777202442,-2.1249310830221217
train:206,-1.4191138248879005,-0.3576312073944248
train:207,-13.163406580816877,-3.2046280381758727
train:208,10.745775155913705,6.479056497100027
train:209,-0.19874804639140647,0.8002216165563649
train:210,-1.0556816383334509,0.28323938425052375
train:211,2.535028388070337,8.838410646431104
train:212,-3.7839341676321276,-0.23962817711131335
train:213,2.6937434358495205,0.40816231978379613
train:214,0.35690292919301475,0.12950495685001856
train:215,2.946622667589275,0.6535683011213278
train:216,2.3491580335816,-0.06716124407051355
train:217,1.7548133378454431,1.3395119337140915
train:218,-13.88980882694416,-12.335733615833185
train:219,-2.6082189679229013,-0.3753154414027938
train:220,0.036071272205066215,-0.1847676773018077
train:221,0.9672143678481202,-0.2354142621053501
train:222,0.4048387240606196,-0.16681039050308688
train:223,0.623221734092838,-0.06878358280190411
train:224,-3.801847399625812,-0.13389169391577538
train:225,13.80020948482881,3.9754491578014566
train:226,-10.81491445355519,-2.168154169916181
train:227,13.714395200858027,7.613871882807775
train:228,-2.36399136696878,-5.822990877078574
train:229,-4.719269415179855,-2.4162233432549085
train:230,-0.1983696043762791,0.48741268231520235
train:231,2.7306443218233256,9.709281849184254
train:232,1.2868158558286646,-0.18878129653052228
train:233,-0.1096212324970578,0.04392416353539705
train:234,25.90134016818194,8.141089172266701
train:235,0.3784590142696608,-0.17203919451143423
train:236,-7.69454287987662,-1.6741254912970982
train:237,-0.2906915567828675,-0.5621894043245002
train:238,-21.631404654982628,-6.085190603648416
train:239,-22.27578261628817,-5.982614628037755
train:240,8.849918275403617,0.9762870258687613
train:241,-1.3066268175143239,-0.56034537069436
train:242,1.2274720565916586,-0.11180152345117478
train:243,-0.9561602217680719,-0.0861225776500581
train:244,-0.1992803757615796,-0.02796946634560929
train:245,-2.764308167420218,-5.819470578930861
train:246,-0.5466668998245156,-0.605325468124456
train:247,0.5988704549063029,1.756560839253827
train:248,0.9816721081004847,-0.29604853021742683
train:249,-9.64093432215119,-7.783846020673403
train:250,6.467125075127081,-0.005668157882199501
train:251,-0.15491502323509843,0.10921573645093628
train:252,-5.53761726382276,0.02734098565865592
train:253,2.6570578062061867,0.013379057504968775
train:254,-0.19398474459043863,-0.035826938439130984
train:255,6.156003896209106,1.2193034386386892
train:256,-0.2993043670423795,0.2932079510105173
train:257,1.4085109990150344,0.28457240685922175
train:258,0.6818972158891246,6.009059317248108
train:259,3.0350009659500183,-0.09005430957382907
train:260,-1.6733706041593788,-0.0966866106310175
train:261,-5.961759639150407,-3.6665543253625
train:262,-19.42400166189139,-4.83498316580229
train:263,11.743317623301841,2.3785434249755744
train:264,0.5381413207865253,0.3133779069724344
train:265,0.09605781847636422,0.34167382267230484
train:266,-10.06305431078866,-4.310728085402332
train:267,0.9707898080414094,-0.23465587723935716
train:268,-6.541044179104591,-6.751740141094481
train:269,-0.49484916857385164,-2.8819138785743594
train:270,0.8412180498424,-0.1410926409616485
train:271,1.1532169910755599,-0.25498047751932096
train:272,-6.025350915353266,-4.750227237291124
train:273,5.595597754862126,1.1877163380519755
train:274,1.1896094908779378,-0.2812363436361027
train:275,-1.6081642081032612,-0.6532854645539614
train:276,-3.6266770979357936,-0.6068085699052803
train:277,-0.3009757417897788,0.1578482359388111
train:278,0.2635587416749259,-0.06300581999665286
train:279,-0.8304058927904523,-1.389887808119118
train:280,2.5422099529446283,0.10659619865760236
train:281,5.702553185950708,5.723364496556725
train:282,0.17039191979414794,0.06510986446455831
train:283,2.7789826181339237,0.16715171800255565
train:284,3.409511182401834,0.3343507579730664
train:285,1.6424867266576388,3.9007822017739295
train:286,2.637506673451699,0.05191288357412444
train:287,-2.3046382694021643,-0.19986147632208412
train:288,3.6346725584906294,-0.12517740099735641
train:289,-4.988602041164523,-5.7718361344697895
train:290,2.052714151723906,0.19331428394959335
train:291,-4.463448656867973,-0.28647484857953054
train:292,-4.1510661595384,-0.34076927029493154
train:293,2.4846742139002886,-0.1555710012475581
train:294,-0.14876673523871953,-0.16586968512190592
train:295,6.637561132296162,0.2741162254506271
train:296,12.145183060549826,11.578201231021925
train:297,3.2619094981725345,0.16133144227592255
train:298,0.07503859570557615,0.09380351850272607
train:299,-1.5973268887136745,-0.1898050305031268
train:300,-0.11204902635823144,-0.13827451932078597
train:301,0.4977379865068695,-0.21408989486886282
train:302,-3.798764538443613,0.2645222859777099
train:303,-5.423625786718284,-4.8784513439679404
train:304,-1.2288337375816165,-0.09675251992524034
train:305,-0.2925091477633842,0.06901820001548828
train:306,15.540150114772327,21.73264589616166
train:307,1.533028650154523,-0.5367230231302926
train:308,0.44529680225585444,0.18587309609966976
train:309,2.467132450174524,0.09752639500064797
train:310,1.591919155823041,0.20939130127243247
train:311,-0.11020173883752271,-0.10431668139338929
train:312,13.991688126821824,4.11419364325137
train:313,-17.394933192056452,-4.5013851276837835
train:314,-2.1384069168827295,-4.070025630970705
train:315,0.20395912214452444,-0.08572911913606099
train:316,7.823076306497859,1.1633798304730172
train:317,-13.318957407029774,-14.501510741423603
train:318,0.006714934647702897,-0.17660034592895257
train:319,0.7646044630207223,0.23874404825282888
train:320,-6.5257312249863455,-1.6811966170058656
train:321,1.19149728424701,0.8280550259101953
train:322,3.089591459090387,8.188812066429977
train:323,-2.2258209784629144,-6.4277483112785525
train:324,-4.964876423331621,-0.09818997024686285
train:325,-0.4815665047259523,-1.0673490499835072
train:326,7.558919130774123,13.824439053455844
train:327,1.4845415805701645,-0.08325880454999357
train:328,-17.19926844207301,-5.677610381390412
train:329,10.780787086227237,5.567508132268188
train:330,-2.475126397217062,-0.08103529316523689
train:331,0.6084882983675368,-0.037041267253903776
train:332,-14.063638309504414,-4.706975332913443
train:333,-5.166513490423572,-2.3277308428080605
train:334,0.35482056827685304,0.7321792579022861
train:335,-3.007249344472794,0.1925150980919386
train:336,-0.07556633275863628,-0.038171996834012956
train:337,-0.8157201110044024,0.7724672412912781
train:338,4.840606399599427,0.6575362688908404
train:339,-10.559375899546971,-4.35988158216835
train:340,-0.18770023606527309,0.11453527273444761
train:341,-6.320312527242004,-14.272688508606054
train:342,-0.7156412595789035,0.42953747426864564
train:343,-2.1521977344438157,1.9624551973304203
train:344,0.24151449429375432,-0.046696550875123644
train:345,-5.987759163489437,-1.6922779380839075
train:346,-3.7610811980331254,-0.20342514335603906
train:347,-4.259944950106814,-5.10221197124647
train:348,-2.6139095456442276,-0.11479911239102511
train:349,3.330470266635463,-0.12009867616113556
train:350,3.059478353731889,-0.06014062028848827
train:351,-2.2078672987354264,-0.021639035562394007
train:352,-3.757319558789396,-0.0057691617356838976
train:353,-3.3669784712600572,-1.417324335099511
train:354,12.325362372400756,11.930026755513305
train:355,8.186822776593127,3.1215993869333865
train:356,-2.337546917557912,0.20412711738320355
train:357,1.7832336822984387,-0.11496117507119216
train:358,11.071618380103208,4.3577042330671585
train:359,-8.123966706422753,-7.772434867802627
train:360,-0.04076896140085548,-2.0099062398086995
train:361,-0.5401845693368971,0.1618293285028442
train:362,-0.2457315760778262,-0.1792934967002497
train:363,-2.338341924739568,-0.09156480223017477
train:364,0.40292501159775945,-0.1637757097526349
train:365,1.118789460778017,3.4325160681906266
train:366,6.692123730447702,0.3988731038010522
train:367,1.0828121313927261,0.24809774692169564
train:368,-1.2418927766023948,-0.2427544461017893
train:369,-9.051382101725153,-14.740649062734324
train:370,-1.2081165942940335,-1.0423771311567813
train:371,0.14314502453793554,0.49678720946233
train:372,-19.17150180199972,-5.064384601508466
train:373,5.99532597104925,3.934672989120623
train:374,0.6851855701557046,-0.563726431891507
train:375,-1.6820954592906912,0.055432040435357474
train:376,11.204169788025746,2.974440196266067
train:377,0.6838596283533172,-0.2227431289605991
train:378,1.9872013757071385,6.055611822126093
train:379,-5.997254152770698,-0.6929400339465259
train:380,-7.855714546338769,-3.3993991328962827
train:381,-5.580967936130549,-0.771887384917479
train:382,-21.41308731440328,-11.716005926874395
train:383,-4.78595935972525,-1.6380953624435515
train:384,0.019702608988724668,-0.02810955926103538
train:385,-0.8417052229325365,-0.07364432192043549
train:386,1.368801087666045,0.15074629549508226
train:387,5.5269393539382925,0.001317086018944258
train:388,-4.992140055581132,-2.373681604389439
train:389,-1.28634530096897,0.04913984274922385
train:390,0.5596683485831402,-0.18078259023509446
train:391,-6.851700441542065,-0.14795576720942696
train:392,-3.7922849974548773,-0.08632287342730682
train:393,-2.9826352712456563,0.3704085630237544
train:394,0.013237364181764577,0.06384075389874314
train:395,-3.6968255561796313,-1.0192421129196951
train:396,0.1638793697352969,-0.07958871255177397
train:397,3.904599347737377,2.6649415634602884
train:398,-0.1413206328870235,0.3330656693965305
train:399,-0.43346519959128926,-0.30952284372251276
train:400,-37.40809436586768,-14.03160315256037
train:401,12.556639724790536,4.649500656602507
train:402,-2.6935223086816142,0.035825594672964874
train:403,0.791248826518206,0.06306496441392939
train:404,0.7049991482634347,-0.21177365395760211
train:405,-0.11090277477555743,0.26626788364894577
train:406,9.361181350012252,7.903068741063191
train:407,-0.08445826725012881,-0.2189135421767926
train:408,3.987399578165075,0.3899197113650628
train:409,1.0378693525974634,-0.2335442642077888
train:410,5.308944665396412,12.064115362767856
train:411,6.12062561170894,4.7861885438153715
train:412,-2.5774796200651693,-4.3486536057776215
train:413,-1.8881172699393622,-2.0165448179415284
train:414,51.30356398872144,19.224887983256767
train:415,1.2597521376657692,-0.1961483007592426
train:416,-1.986237893148993,0.9545629230426367
train:417,-3.7120427375028933,-0.6636169604146107
train:418,1.5504816148325116,2.6345850550206884
train:419,-0.17686303290480637,-0.42483044066136694
train:420,0.001629097038387789,-0.05284608775125105
train:421,-5.583359466506244,0.2908988431397569
train:422,-0.12345203287546724,-0.03939716787034622
train:423,25.95024938193059,9.138658011029602
train:424,-0.19949237767668782,-0.2410251117628941
train:425,-7.7570174266933165,-0.19787563784679774
train:426,7.0511940705820955,2.188219353024678
train:427,0.3750113098793892,-0.03261906746533147
train:428,5.170625038700305,-0.022401985574307184
train:429,2.3101845499377234,5.589283307664294
train:430,-5.665286118867081,-0.4406877603367965
train:431,12.613430202716632,5.076918149813494
train:432,0.2129055099787956,0.13206001195722966
train:433,4.420910020574806,6.558035233449181
train:434,-0.025023402497504732,-0.6568594031662369
train:435,-1.5143081475401412,0.2691447815435309
train:436,-0.038330009544149835,-0.0537762362324915
train:437,2.018890547934533,-0.6417636068946204
train:438,1.4984193375131043,4.8728492794617395
train:439,10.06609422657784,1.7363603538785686
train:440,7.006871722830061,2.15124480960889
train:441,-2.258336307276158,-2.960759084405348
train:442,-3.6914343846717474,-8.089036297016994
train:443,-4.953133097950659,-9.449074297984216
train:444,-0.3245112087821557,-0.010857587506985164
train:445,0.36026915697007866,0.11895918445273998
train:446,0.02393061757695629,-0.055406849290862425
train:447,1.7443729409010835,0.018549370581213614
train:448,-25.94123621919994,-8.10965192534937
train:449,-0.8647395099589338,-0.6226151023323478
train:450,5.641173052529109,7.68736445504733
train:451,2.5973151086289112,0.20655577501274916
train:452,-34.14660855252872,-10.271718157949909
train:453,0.19958948837342033,-0.05013068189359299
train:454,-1.1353832004186128,0.1502549716654209
train:455,-2.7785704102925317,0.056216960212011606
train:456,-5.556199045715404,-0.6732745266087907
train:457,-3.6148259119313555,-0.15104009392176107
train:458,-1.6403089984815464,0.053176858350779406
train:459,-0.9438817775180538,0.05465710691540377
train:460,-10.072711555921616,-12.849819263052659
train:461,5.232000522957098,0.6679505080212931
train:462,-2.7904513509517224,-0.13442467470195854
train:463,2.7336072345535554,0.43757213108819504
train:464,8.397265361825758,1.911231692211213
train:465,-36.28414947592811,-12.307670522575243
train:466,2.449583712701552,6.03163738768293
train:467,-8.323512579185412,-4.6530752256769
train:468,3.2531239714405165,3.3745912141821877
train:469,-6.05702102600496,-7.593971900917266
train:470,11.994403207259825,4.868005659640409
train:471,-11.89156710926529,-3.2952758581402946
train:472,-1.7480715245802774,-0.4927954771564225
train:473,2.068257936874719,0.0047380922428930244
train:474,1.396428284603307,0.31412459365200684
train:475,-2.4026068649226717,0.1426089228923284
train:476,2.7047782285141997,-0.011269021283043051
train:477,-0.05911317097196378,-0.07796751510686348
train:478,-2.5044152056556324,-3.013025154724081
train:479,-2.3064302899762534,0.05709803337460992
train:480,-0.0380666343579463,5.156409894435431
train:481,0.325405070097346,1.0246955478849264
train:482,-4.600816599528495,-4.023415205803858
train:483,12.987394142303861,19.39416131140477
train:484,-0.28089785866288414,-3.4523311438761244
train:485,-10.384103316231243,-3.474817911392542
train:486,-1.2650564266394917,0.03240059394633594
train:487,1.3153336002843252,1.380068690069135
train:488,2.141888038411905,5.082258799896886
train:489,0.10861126082459852,-0.027331201881641537
train:490,-11.17713088351313,-4.998659625052127
train:491,1.3008791144473242,-0.039346380621984006
train:492,-3.3507528860905897,-1.4816814797095097
train:493,-6.128883631312403,-1.498501189209241
train:494,1.9282232332820461,8.607156902767809
train:495,-21.429433777857678,-6.812052566419184
train:496,1.0447952134074794,-0.4356310052653167
train:497,4.743471399328457,0.8105474059846141
train:498,0.19420122259353964,0.347196222627645
train:499,2.261081001100221,0.34171890348826683
train:500,0.5395137542369628,1.034116582456116
train:501,-3.660845204837217,-7.934006224140013
train:502,4.922487490145175,-0.2094071964412192
train:503,-6.566053896256635,-0.5044092083774074
train:504,-0.665288015241816,0.040809592731341604
train:505,0.764339460626837,0.07812566612628431
train:506,-0.25678357065228413,-0.3658073837375003
train:507,3.3969682006744106,0.026870490307255454
train:508,-0.6770634198599328,0.6855457216842182
train:509,-7.592619704772975,-2.499893337680307
train:510,2.9848257846249626,0.007149059931997867
train:511,20.112828720071324,8.65548353747903
train:512,3.7724440486562263,3.3465923182887503
train:513,23.826655952946215,7.558007050895825
train:514,17.12147797856237,3.401064780695039
train:515,4.996155831062882,4.629724444476207
train:516,-0.12208285384039325,-0.6565715136516443
train:517,16.318946588586094,7.072082647571575
train:518,3.565091763269483,-0.27003290490469556
train:519,3.2669208329158494,11.148578772331483
train:520,1.680174948691172,6.753195221537668
train:521,1.946360787477572,0.41941768705004556
train:522,0.10588475812470333,0.00021232070625620825
train:523,0.11601342856888724,0.4229579577111595
train:524,-2.9586172209465196,-4.346721407766898
train:525,-11.88368956441969,-7.058342188813894
train:526,-5.411607695697346,-0.7209723124695049
train:527,0.855503538538739,0.16809299402697658
train:528,0.6210710304540427,-0.06297814379951167
train:529,1.3868426366083475,-0.15488680000276836
train:530,0.6464982426055761,3.3011782466746156
train:531,-2.0453469095633463,-6.383896660855606
train:532,3.657334447416146,0.2531921644470172
train:533,3.0469916268986066,0.08112211377965461
train:534,-11.417833952628577,-2.3433031261850976
train:535,-1.3614334968181256,-0.2699883947319736
train:536,-0.6252452236927883,-0.023960697584434962
train:537,-0.003630503105514382,0.5506998708501545
train:538,2.3255426009545768,0.05533132190349309
train:539,-0.7157275015860363,0.23853661943507987
train:540,0.4191508292254672,0.06537835210898998
train:541,0.7784378204397745,0.02077573518217042
train:542,0.4693636687854434,2.4591516330966194
train:543,-9.496248594087591,-7.708698012394535
train:544,-0.2898565667838886,0.05706893056936865
train:545,4.6669317342271786,14.127102521532606
train:546,6.7617231223280685,5.4267726725538274
train:547,0.8026983246834919,4.491971166334217
train:548,-0.1826084707708316,-0.5532180366264501
train:549,6.476388536001053,1.948835940442368
train:550,2.533551348411787,-0.41946154373759353
train:551,-0.3387860043994431,0.26204569431600216
train:552,0.6695406656703822,-0.044748089532058916
train:553,-5.827167247878473,-5.231634999370579
train:554,-0.26226354120794354,-4.003187614874699
train:555,1.0492765433630236,-0.17175415821304185
train:556,-1.1026470362771312,-0.05242095853743256
train:557,0.9563749563343712,-0.007345849007872454
train:558,5.066365193365665,8.20084293785942
train:559,4.72748757072885,0.31540654369072263
train:560,0.1837647774392644,0.07569272867243852
train:561,27.297597798746185,10.973142497191214
train:562,-0.18039500340716869,0.1032556531304971
train:563,-5.185522530561796,-4.655366358285599
train:564,0.05277380356896717,-0.17895225204271487
train:565,26.830302805531446,14.46985139464815
train:566,12.546924830013998,13.113473499422447
train:567,-4.812179254476036,-2.254861983629852
train:568,-0.689300951459667,0.3194912080028202
train:569,1.405764969822958,0.24466761040590648
train:570,19.859060568020855,13.949134872979586
train:571,-0.18602130642506565,-0.18687506278721938
train:572,-0.619089032116241,0.09747104260636556
train:573,-0.6463989235555612,-1.2440410969038558
train:574,-17.858746890665206,-5.612885742533837
train:575,2.1204725905706105,1.3482633184431119
train:576,-2.445339663227875,-0.19325884871337695
train:577,0.6315693095002245,0.21237462413128222
train:578,0.040502391180716496,0.04657337477721225
train:579,2.419231640272077,0.2452961739347938
train:580,-10.982825549318672,-15.124429467380612
train:581,10.139709102100289,5.191559235448
train:582,4.437885516027321,0.7315720934948997
train:583,-2.2683873366680984,-0.837866012294008
train:584,0.23952221094568957,0.11704125252301659
train:585,3.108490778939213,2.348596923703932
train:586,-0.5878524560826135,-0.5316146248455906
train:587,-11.01951489829385,-5.713058739460753
train:588,10.273891437036422,3.8004288815831657
train:589,-0.187638867089847,-1.1571521039614774
train:590,-0.1963239718620769,0.06517976826146135
train:591,-0.27434276874606733,-0.03376606037778135
train:592,0.18757686012112823,2.7150531702263074
train:593,-1.2896806118000805,0.3374385085448407
train:594,3.6092011792734486,-0.15848356434464478
train:595,0.9014951689140108,-0.16135389984196957
train:596,3.534597891313455,10.965356640824316
train:597,0.9159912647760164,-0.2148505623078159
train:598,8.105310829732897,0.6213848783487883
train:599,2.5964387410631677,-0.2108657605627226
train:600,-7.097308844443273,-0.3688277984069517
train:601,21.610467898039435,6.253349405729772
train:602,-0.6248937468335299,0.12562372685298978
train:603,-0.6725035190191838,0.19485245280308022
train:604,-7.200353863014365,-0.7194635317428792
train:605,-1.1059045898268782,0.3096564570826126
train:606,3.3580063399425466,-0.08053027389781492
train:607,0.011052024265171961,0.09138113794882073
train:608,6.723518145626459,7.2480912778815885
train:609,-0.9130000489881683,-0.30909999708165437
train:610,-0.8558205521970123,0.18298250276732408
train:611,17.198516499047226,12.119564766401068
train:612,-0.0026766107166474873,-0.011158887137718274
train:613,-2.118619141639667,-9.25760922487489
train:614,0.47517233529281666,0.0850838044735269
train:615,-1.1165309533634376,0.12308094057543922
train:616,6.783041402624939,6.087937049743779
train:617,1.584435395236424,0.0023824769480705887
train:618,-1.0944956556245158,-2.9978899840689026
train:619,-6.622658872507013,-6.027811855220681
train:620,9.70442639806689,13.778898299042424
train:621,2.9041943895787994,-0.04821931236112986
train:622,17.263870738544146,8.10242124503614
train:623,-0.9573943425655606,0.4594728479971074
train:624,5.326525947023019,4.416172339440101
train:625,0.36757787650178675,-0.27171658778438873
train:626,7.818199332617408,0.4849363759751147
train:627,-0.2680433828935258,-0.3142754459470595
train:628,7.383397352224846,0.09648725366056278
train:629,-7.244479551095148,-0.44312412165008247
train:630,3.640410092776486,6.827231046141727
train:631,-8.053735493045385,-5.218450287309805
train:632,-4.477202281110619,-4.966680207237897
train:633,-0.46955910678406576,-0.24082995177480565
train:634,2.4713617953976375,3.8040604551626833
train:635,0.6618476926675404,0.48889977859870704
train:636,13.087675697314857,4.441706341858252
train:637,-5.5938707632138795,-12.909233495917563
train:638,1.6043965843267132,0.1667916421181
train:639,-4.862053634838208,-0.2336914901637152
train:640,-0.15597944951720433,0.5222786989590985
train:641,1.7375049621928897,0.383576441108947
train:642,1.2616057596735248,-0.18422242768596403
train:643,0.4090536568728372,-0.2522630744103228
train:644,-0.07291793602746519,-0.14850700857929092
train:645,0.26479367607625537,-0.027295536679139976
train:646,3.6805519115358605,0.35343164131139615
train:647,0.12587116893405953,0.05262390505119536
train:648,-2.279801966097347,0.15925230363089216
train:649,-7.9992175268759755,-6.181583659753407
train:650,10.72288266841386,19.274766767580857
train:651,0.8529158134082732,-0.06858214573817534
train:652,0.7146912621324287,-0.15204899117012494
train:653,-4.903063917583157,-9.642981153517608
train:654,11.898825677198532,9.98837090372911
train:655,2.029084306685987,8.21489217442883
train:656,-2.4668618094014447,0.3168682463500462
train:657,2.9975031272152504,3.4007537801292256
train:658,1.6406112535752997,-0.2131534693119821
train:659,0.3429950689079624,0.0065381863435513
train:660,7.003515955673808,1.5250951016268615
train:661,-1.0743722106825322,-0.015472379389065843
train:662,-2.7728338058396362,-0.247392634356711
train:663,13.852672520154409,8.149516431635387
train:664,-0.09524531754526153,0.020795993017191303
train:665,27.28497438646764,8.719100557806716
train:666,-8.739034473131618,-3.8259489630608114
train:667,-7.69210020868807,-1.3660235078212801
train:668,-1.1120774021676034,0.010782345441235852
train:669,2.008105880336363,0.3488593623506973
train:670,0.4179181031774201,-0.8470810446555488
train:671,1.2911467853027667,0.2126830568025156
train:672,3.4195770891211503,0.2553412068889506
train:673,0.4749359252624822,-0.11447327510097094
train:674,-6.557427370960948,-9.415695662945446
train:675,4.0321631316571045,4.155503078040006
train:676,-14.198467808181404,-6.648826915328966
train:677,-0.3018697761817813,0.0843639380262356
train:678,11.040746995965014,2.241408153462531
train:679,-5.895727551424921,-0.853825477109402
train:680,-2.8400542200892818,-9.278420583838596
train:681,1.3849966857225202,2.5425143361372644
train:682,2.262667296131689,-0.1633922374953382
train:683,3.125287281546735,0.3580341643638163
train:684,3.14112001229018,1.8564248328662696
train:685,0.1785093615436867,0.11154025168917736
train:686,-2.105256047240641,-0.43626869908604443
train:687,1.9124879025412662,-0.053201027846546484
train:688,1.6265121963876417,-0.21038470831138173
train:689,1.181343508312879,0.7628327861483191
train:690,5.599112058538229,0.7854596465801631
train:691,10.645107720223892,1.9177701224554173
train:692,2.7972575551494376,1.8669266657340662
train:693,-0.9815758110075931,-0.33138703946406356
train:694,-1.3115823622799785,0.4552609302424842
train:695,-14.439054648176725,-9.246470839472845
train:696,1.164965198079567,0.03161909802912195
train:697,-2.2330546139830214,-10.510057578724593
train:698,-3.383655490332091,-6.350273219866863
train:699,-0.3648115640613807,-0.21229978702490498
train:700,17.83121947769444,4.322045022319628
train:701,23.14390936433793,6.163781242775476
train:702,0.7971161887312426,-0.001049086175818642
train:703,0.28954164524977755,0.48996231631163323
train:704,0.9379195154953032,1.3926074339822003
train:705,-6.751563010640023,-3.240738342404643
train:706,-7.214609132139471,-2.9621933961891505
train:707,-1.5863168528515819,-1.802788422625493
train:708,-5.965854623510656,-8.181769818023707
train:709,-0.13585600457522062,-0.6176556419332921
train:710,8.18039670099965,6.9568720599835245
train:711,13.646395586587063,19.85203631690884
train:712,-8.043216292757581,-4.3952360694257075
train:713,1.2668416490769214,0.48090449616271935
train:714,7.552912409846056,3.1148506746552327
train:715,-0.553361929601963,0.05916547383321982
train:716,0.2639626378673607,-0.14741765063408355
train:717,-1.8708772370094424,0.6958612395341468
train:718,-1.9922032365102949,-0.682344900908985
train:719,-12.281864494645461,-6.007273263725708
train:720,-2.2529906975833636,-0.15612053068770199
train:721,14.247914757221183,11.783960346650634
train:722,0.7683898130049575,0.00805980654307746
train:723,-9.070919751901707,-1.7930184397130282
train:724,-2.206537637601195,0.10647322503937702
train:725,0.4133884219079037,3.7257371025746977
train:726,-9.494153680426455,-1.9450272419556986
train:727,-11.449251148714879,-3.674302233953937
train:728,-5.633721544256461,-0.5539923995031637
train:729,0.19150889125496123,0.20819751561430055
train:730,3.3139899072346815,9.440947707784145
train:731,-9.810993332054586,-10.56791623811719
train:732,-0.06413217683720696,-0.056774395815581885
train:733,-7.494462818077865,-3.258301600046127
train:734,-4.258665964868956,-0.19257550343344726
train:735,-0.8958368435066514,0.18592987510205222
train:736,1.3851656828631822,-0.23787544639957714
train:737,-16.326674138485306,-11.679376337297201
train:738,3.5334137490376203,12.759985120529636
train:739,1.2061670264144828,0.10834065504235824
train:740,-1.7334833752551324,-1.8597046647071882
train:741,-15.475213078435234,-5.993599510408233
train:742,0.646904114693053,2.3624290305205133
train:743,0.24911018352305142,0.12162408838365586
train:744,3.943815982700555,-0.030193263051985983
train:745,-12.111003038896722,-9.022814069264
train:746,1.1254968108421979,-0.03923168133073904
train:747,-0.820583369848678,0.16961004908058255
train:748,-1.8631219651982138,-3.9115756931562546
train:749,5.761379068228436,0.1873895805100357
train:750,-40.477904412625904,-14.181478034406966
train:751,-0.5466873561496576,-2.539492554678589
train:752,-0.3398483385573868,0.15566923472677635
train:753,-5.625877473397456,-0.05556634407644934
train:754,25.334569785133386,8.47797297416127
train:755,3.2700464664142546,0.003892969604416263
train:756,2.7933271512232865,0.3243593654834719
train:757,-8.3383833977307,-4.821482888029783
train:758,-0.6350639110735986,0.1777131830889349
train:759,0.40892243419621593,-0.1194367300027068
train:760,-2.282583096483701,0.047827933940406804
train:761,-0.07006491793031377,-0.21815629859727964
train:762,-3.7573999893405223,0.07990379046220164
train:763,4.208423197577416,8.926306254048887
train:764,-0.7784723973361437,-1.9849751219736356
train:765,-1.573365674454279,0.15377298724017388
train:766,0.2003585764612883,-0.11773621314743285
train:767,1.0617272391690673,0.3673684611625222
train:768,0.26599687992779064,0.062052357984505355
train:769,1.300252174573369,7.201849773569418
train:770,-22.187794382854566,-15.681511941449477
train:771,-1.181198394989535,-0.43405745653094824
train:772,-9.667849267040326,-2.3447656848092815
train:773,4.057130541409423,0.23484313106401924
train:774,1.3795880798466178,6.999738209530949
train:775,-0.19612173319305914,0.09505351252000044
train:776,-9.794066652832525,-4.663772218532785
train:777,4.590910451001658,2.6346606652499918
train:778,-11.820779855777245,-1.1416060701734814
train:779,-3.4374133180558837,-1.9689688644125596
train:780,-25.54962033068107,-6.9823051183670675
train:781,-0.5691668815856977,-0.210529366372728
train:782,-0.13377457349201988,-0.21566715278429144
train:783,-8.12426239330435,-13.587398476514334
train:784,-4.1229689320393526,-1.213396413628043
train:785,-0.7517448137886504,-5.071246586469764
train:786,-0.9730041458566051,0.22154657292820104
train:787,9.263461484808813,2.176722033024658
train:788,-4.164096838653869,-6.8038917974435895
train:789,1.7885476776705596,4.195234398948354
train:790,-8.158404929799346,-1.4900439710704534
train:791,14.76869002302086,8.39652905901521
train:792,7.907373103076288,0.7436001117081428
train:793,0.3183743706209772,-0.017175749460539916
train:794,-0.07742855572128104,0.3151043880951294
train:795,-0.8619123528410103,0.03877011379149292
train:796,-1.5687653258797267,-1.2752472931278527
train:797,-11.900658086124997,-6.107765820867038
train:798,-15.6077923813466,-8.603011239447905
train:799,10.650701595317274,1.1586346466105908
train:800,3.976032835133318,5.603750255085403
train:801,-5.2396225368152365,-4.933570345165177
train:802,-4.7075553795371645,0.14251362547124424
train:803,7.502828817067659,11.091158366947226
train:804,7.321738268914948,3.574217341588729
train:805,4.123079409084899,0.48734791430745955
train:806,1.0838003113720298,-0.11225176096755435
train:807,-6.103909247812877,0.1235177679756782
train:808,8.637706218046201,6.091763212668145
train:809,-7.77331367916782,-11.785382449423652
train:810,6.237724590569082,0.22599816084363464
train:811,-1.6677241935037,-0.2110306764590898
train:812,-0.22599959081242393,0.032506733588980555
train:813,-2.095929822641801,0.8963185088197838
train:814,8.603129449558418,3.464073210007239
train:815,-13.623939828739221,-7.165467902977272
train:816,-6.799487996199456,-0.18154725217672768
train:817,-3.1910289695487206,-0.5904057152923872
train:818,-1.3694816660120694,0.1310899184491875
train:819,4.529912478927032,3.8613116648262733
train:820,2.6228171723338054,0.055354718276334106
train:821,-4.5039433472360475,-5.514128511485423
train:822,9.026749258761983,8.942630074573037
train:823,-0.3031785160743902,-0.02556078122946455
train:824,-10.476843925928522,-15.90231207159876
train:825,-0.9536612956853817,-5.9838711844522905
train:826,2.3963544950160887,0.01197498981288772
train:827,-0.7954702087797225,0.20592293165956166
train:828,-2.341748600250435,-0.322772894434269
train:829,10.791117530423957,4.653353069115915
train:830,0.6598971355736005,-0.2943020765813309
train:831,2.932398082951882,0.3730095549117875
train:832,-0.4572230128904655,0.02893850140910538
train:833,0.14528782459656234,0.6458375118270916
train:834,-0.12726690505621407,-0.2428894032280552
train:835,1.0936246939797263,-0.004673241393216232
train:836,1.0688147746851773,-0.3230453765813808
train:837,-0.31027500123274987,-0.044671623337895594
train:838,5.605980269704663,0.9157272266995078
train:839,3.2798589936516978,-0.9406271616360566
train:840,6.789166212339052,0.687771230320315
train:841,31.45947434220902,13.292835800054087
train:842,2.307593570391894,-0.3095179932549726
train:843,-6.612334937141019,-8.124895518220153
train:844,-2.281136741312864,0.09541073518825596
train:845,2.750008558152652,0.3071436295751633
train:846,1.1695118488006218,0.5947275647126491
train:847,-0.7077490698641672,0.199998513541624
train:848,-4.372934532195811,-1.5875614796799138
train:849,-3.884291039112966,0.2346211508436496
train:850,-0.3871313906863689,0.31231508393788815
train:851,0.7946284206440843,-0.16436061907366034
train:852,0.25472033069325095,0.004804286858735893
train:853,-0.012450201198849153,0.1371407340447906
train:854,-0.35274326206054873,-0.08148467471675641
train:855,2.464113282550154,0.19152731464345563
train:856,-16.217766523095104,-12.640483355595476
train:857,1.3830272995111201,0.8418531794539954
train:858,-2.5084627685348697,-0.543653485280394
train:859,9.360344500347352,16.54150776551536
train:860,-15.892799201554862,-7.758204166682888
train:861,-1.2777013413052645,-0.22939140802850821
train:862,7.490454600022658,17.196074365564144
train:863,1.3488677935645859,0.3333093340600211
train:864,5.367901654121642,0.893978300892442
train:865,-13.267768242860747,-4.54959306860108
train:866,-4.126365611845889,-0.14187156898428238
train:867,0.38007948066244523,0.1967949223921247
train:868,0.31269402106222205,-0.06315475788229932
train:869,-7.499920472642461,-1.5387124210824497
train:870,-0.35151193076194315,0.1364385575379401
train:871,-1.3531331104335096,0.45066154572788425
train:872,0.04820024580660355,-0.00814817340334735
train:873,0.45487605764920686,-0.15988135496108552
train:874,-2.452044688709653,-1.3662380696795295
train:875,9.070675497672632,1.5287232513469393
train:876,0.1851678953774149,-0.142461043451228
train:877,0.12661050236717544,0.08887259026567165
train:878,-6.1752269710051735,-9.051022105904906
train:879,-3.865566062944328,-0.05560115331409085
train:880,7.5348755100685585,1.6136783343488736
train:881,9.446242469284623,18.225902807972126
train:882,-5.477725792971724,-1.1611123680472495
train:883,-4.099812371978584,-13.296025755584703
train:884,-0.8258888804950295,-0.11914113680437394
train:885,-0.08024316009423108,-0.09144097264708936
train:886,0.8293266485623985,-0.21584291090221908
train:887,1.2985735936205223,-0.2720643948391839
train:888,-2.2831595929195214,-2.552673272236682
train:889,0.19407360301964227,0.0084766614299156
train:890,-0.2536131889426311,-0.09902282405567908
train:891,1.1809125307354553,1.1208883082126695
train:892,-14.535836311922516,-5.947322626215181
train:893,-3.6300086894350603,-2.325134701387568
train:894,-1.5823394923608998,0.33664759701416624
train:895,3.5204081754120993,6.602337692031748
train:896,-21.527142485065585,-5.8362434956849105
train:897,-0.6225356904444315,0.11606773515553424
train:898,0.7381125921288427,0.0854473042174227
train:899,1.39639411324199,4.79260371511973
train:900,0.27150567530524106,0.7777921986855696
train:901,0.935028664819551,0.27862487769006317
train:902,4.38597759097944,0.9509490394035596
train:903,-0.7362640248209447,-0.03222304105675425
train:904,-3.6011703850660948,-0.17397139252215826
train:905,0.7984131894827188,0.31843665929525433
train:906,-0.5531255195716285,0.4179482807069817
train:907,-0.3304719029786527,-1.9626681070778256
train:908,0.2396509928107882,-0.062362990386764905
train:909,-15.179024087037973,-6.6504743623629174
train:910,0.19656020881559919,0.26344776475674314
train:911,0.5012904133343739,4.1497812382722765
train:912,0.5415656631236518,-0.09661841876383451
train:913,0.4701907552042538,-0.00181060957963175
train:914,-1.092746639824873,0.287084378401811
train:915,7.23498113432171,7.251372476511731
train:916,1.8420660734068943,3.767597493411578
train:917,5.1433525730376655,12.243514184566857
train:918,-11.62105266558719,-8.164429681889073
train:919,0.33587382694701606,-0.2018045165543686
train:920,-0.5748336323373981,0.34342455613270095
train:921,0.9450778345455694,0.069563734952952
train:922,1.651843635744192,-0.3739185067512131
train:923,0.010927484762957879,-0.1863266746335555
train:924,-1.4440965768840757,0.029408711438885834
train:925,-0.37644191473758126,-0.33862621960701833
train:926,-0.5548475702154023,0.6894774536079893
train:927,31.351148802252403,17.843269396238288
train:928,3.6084442952431934,0.6841893027026793
train:929,-0.7079468918266201,-1.4545936157487718
train:930,13.472146749361396,2.841037216864406
train:931,-2.5340345697118387,-2.44752283964865
train:932,1.861144386100713,2.5413373844547134
train:933,-0.005047568538079916,0.1080847215492071
train:934,-0.12189828199763453,-0.20917037949660888
train:935,-0.2947421416192281,-0.00566616063085941
train:936,24.070430260331847,7.573355642122773
train:937,0.7289609436684306,-0.1485041553630908
train:938,-0.06517568187769032,0.5821092160676002
train:939,-2.6168668793766914,-0.25812329516375765
train:940,31.261975961626483,10.020890720691645
train:941,-0.2573561152980205,0.19405155501570542
train:942,0.041792766872345635,-0.09812234902291991
train:943,6.1347242039801175,0.08099600162360913
train:944,0.03120406157070646,0.043953551662258325
train:945,5.645327081282382,4.195196736494512
train:946,0.5110301811426191,0.759769573235866
train:947,-10.392078493537749,-5.247815017798242
train:948,-3.498405246216264,-0.2674775644758644
train:949,0.4881240948357198,0.05311037841331651
train:950,-3.3413243798660397,-0.1733351253095306
train:951,-7.65669960819684,-4.72552466207369
train:952,-1.3210746782914775,0.15988257908949954
train:953,-0.23000670595785772,-0.20747243053591508
train:954,-0.12938529699961465,0.07170650031924518
train:955,28.354362257253438,18.263738737358732
train:956,-1.1913612367950357,-0.42534687279358946
train:957,6.480289650188934,11.870675293404805
train:958,6.127544033855268,2.4964306146809605
train:959,-1.4685674558352195,-1.38027617870576
train:960,6.356875710774153,0.5302608566005657
train:961,4.497649599762699,8.935441111035203
train:962,-4.065461087983843,0.18408327357733195
train:963,0.6506127534580055,-2.379828573370986
train:964,0.3218882093806,-0.05834366472565011
train:965,-26.37059588727176,-9.570175065095802
train:966,14.042757342538883,4.964186436460111
train:967,0.6042119965798932,0.518289046746465
train:968,-2.135152501519226,0.3602231518325515
train:969,0.5185913503232391,-0.35134386017583136
train:970,-25.358742360780862,-17.608638075056156
train:971,0.9208259312567412,-0.28071477571472003
train:972,-0.03002660120241088,-0.8059590661712606
train:973,0.17851773004033572,-0.07717860082752917
train:974,-5.287332730960679,-0.9049733719993063
train:975,-5.936490963518724,-0.5016199042201661
train:976,-29.42678760048316,-9.019238418722004
train:977,7.093131396789163,6.752589198416762
train:978,-3.2683004131903064,0.03568293386295867
train:979,-0.17107063847425064,-0.2984883153901529
train:980,-1.1750624272798893,0.2566805065732889
train:981,-2.9422675030767587,-6.1135943709206515
train:982,-7.457402000834768,-9.845751239855066
train:983,-0.34449331911406733,-2.851131670277701
train:984,0.4576585827850024,1.0194031171553162
train:985,-1.4016292458892377,-2.1534187348506406
train:986,1.5394872699016355,-0.09006572243862956
train:987,6.615714241960964,13.200528549547673
train:988,0.9078010635972794,-0.09781962278408676
train:989,1.0370118141491802,3.4535525459125216
train:990,-4.379408029270301,-11.16119118904139
train:991,-1.3800543316951317,-0.0482706702527321
train:992,-11.539132522057079,-0.7199782519453817
train:993,1.5123672968445998,-0.1507767420664896
train:994,-0.5692162789617509,-0.0581245377214806
train:995,0.5955485104240066,0.8483750610442391
train:996,-0.05590780429715306,0.07642229605481024
train:997,1.2982988279805463,0.442952440876769
train:998,-3.647745718082635,-0.20349704440428218
train:999,0.18631310089800776,-0.0608864510032007
train:1000,-19.08593857292841,-11.359108525265675
train:1001,-0.3287200976801268,-1.5375380372944787
train:1002,2.034983631907058,0.07041570531030905
train:1003,13.841873440145342,4.259256861298078
train:1004,5.037161929559507,-0.17940562809691457
train:1005,-4.9509898329755515,-7.163707468581796
train:1006,0.6653308469394502,0.061708830754010416
train:1007,-9.806515256514405,-4.140242140369279
train:1008,-0.19799348694355418,-0.43141566365125333
train:1009,-3.764349095974563,-5.840740164416306
train:1010,-9.673507300608017,-4.197648850315775
train:1011,-1.3257079197070256,0.021945268502601284
train:1012,1.79040618130136,9.42997652085143
train:1013,11.881013796997596,2.3723887523102865
train:1014,-2.7672245885023976,-6.497806181856399
train:1015,0.4157577525216544,0.011724477430516828
train:1016,-20.01618809909594,-7.574080989499721
train:1017,-2.03419402811262,-4.418161661593705
train:1018,4.122846021011688,2.3452766360118478
train:1019,1.710865247860211,3.1627145176987943
train:1020,-0.8574891374455286,0.18880648767501734
train:1021,4.153206926854293,0.6423434632684195
train:1022,-5.497189986344359,-2.210484200139602
train:1023,2.7062459698431396,4.764645620217955
train:1024,-0.9786045297807143,-2.9386415230652263
train:1025,1.8784595030422335,3.6411595000760397
train:1026,4.421441885028499,-0.06307429718545585
train:1027,-0.19403983719337792,-0.13805054184907622
train:1028,1.0641731647729804,0.6250698070712484
train:1029,-9.4671652787334,-3.5924040867888154
train:1030,2.7577675492957248,6.450692674854594
train:1031,2.166449576076747,3.445162093032817
train:1032,3.7604013170618216,1.8270501161211323
train:1033,-2.783301400398105,0.27817949064122377
train:1034,-1.8322124579086183,-1.0063024921305126
train:1035,7.151543503399246,9.280146149177554
train:1036,1.0137022965663265,-0.3205314077874515
train:1037,7.718211604822088,7.035823405457158
train:1038,-7.038227258101269,-1.6879536036109994
train:1039,-7.200982430096001,-11.873091456701946
train:1040,4.0816088590242545,0.39079650470336097
train:1041,-0.7984949554018589,0.38603163364915377
train:1042,12.358160370434144,10.798098824600082
train:1043,8.71950362362546,7.505839416535997
train:1044,-0.4040007689522095,0.3587423326246871
train:1045,0.7464522639560607,1.4769102717607863
train:1046,-4.142423362165896,-0.2895237954109831
train:1047,1.9461092676616212,3.2759252860521775
train:1048,-1.543537562898328,0.36210627452463334
train:1049,-0.22238579500949351,0.640170168488785
train:1050,31.231916321663242,18.060610287066538
train:1051,0.4919530307400018,-0.31703479133419943
train:1052,-2.2442349255060976,-0.46970040394613816
train:1053,1.6721330558697143,-0.023967545303315255
train:1054,-0.29703789919993956,0.029193578937396478
train:1055,-1.0651122366821633,0.4545327894682126
train:1056,-2.633634092245942,1.3389818061441083
train:1057,-3.845628584594544,-3.747228442777768
train:1058,-16.607506008698675,-5.43585851404038
train:1059,-0.024420696395095892,-0.11214818921948985
train:1060,-1.018548759035876,0.2539973420586922
train:1061,2.8774616919500207,4.169482410812513
train:1062,0.20138952875679816,-0.052245771062744945
train:1063,-0.5347106426954841,-0.21421400977356825
train:1064,4.6788596314509,-0.08157283909734026
train:1065,-7.470174651303558,-3.812764251000038
train:1066,-1.6905392724095414,-0.12951200704858493
train:1067,-2.4715895450916543,0.2898069172999694
train:1068,-3.7262775503028576,-0.27875518682847483
train:1069,-8.972179859940049,-7.337124237295617
train:1070,-0.2336823356526947,-0.015309175422418747
train:1071,0.8174970811743034,-0.23125027838288903
train:1072,3.27487276439833,12.853047902685843
train:1073,0.08092594932727412,-0.08868533644100954
train:1074,-0.3215957175329371,-0.5403454664179703
train:1075,9.769102789335237,2.724402303749254
train:1076,-0.7648405812113885,-0.014422966470660215
train:1077,11.63811818176011,6.536243509399114
train:1078,-0.14178113266095926,-2.6649247893035835
train:1079,0.2944369833312076,2.009956111273326
train:1080,6.854137360656036,0.4865050742419429
train:1081,0.39528538776105504,-0.17601828982412726
train:1082,5.056176083779016,0.0029434192530149728
train:1083,1.0465883962727696,1.338903628020225
train:1084,3.6054279171177064,9.16990015777772
train:1085,0.42576263895290506,-1.0455039707904972
train:1086,1.3938733360847162,-0.15290666795988225
train:1087,-0.5810058635325228,0.07677381229066553
train:1088,6.164557429617354,6.599721863419473
train:1089,0.6648310617229122,2.179856576342114
train:1090,2.1605549000204807,-1.1210994346999494
train:1091,0.07979039082365165,-0.14370875489554227
train:1092,3.793503835389938,-0.19709043274852361
train:1093,-2.7373095375645926,0.01793307588198681
train:1094,0.02252720906600547,-0.06946721340345383
train:1095,6.059542095001901,-0.3068120030107749
train:1096,-0.41054609562293587,0.0019296715371108913
train:1097,-2.084926179381315,-0.8340338576156214
train:1098,-0.9617085350463651,-0.3753613781836158
train:1099,10.595588536052823,4.134583582182316
train:1100,-3.2937848100689413,0.0656245846670607
train:1101,-0.29748979801898606,0.12333259424429016
train:1102,23.78377577611669,11.622197824827838
train:1103,-0.8388049576980542,0.2701091686191728
train:1104,4.267730268412461,0.5747191007876589
train:1105,0.1559720702349444,2.2355319546983754
train:1106,-4.65901623930699,0.3345556188962353
train:1107,-0.6429043788298792,-0.06704597413602856
train:1108,1.0511706131045826,-0.08939122212892023
train:1109,2.0627840102333064,-0.24568983492847696
train:1110,15.197144033788668,3.1660544925826595
train:1111,-9.614050061749769,-15.500355538471199
train:1112,-9.817935464941419,-7.405320669624502
train:1113,-15.725871869064118,-6.439593153011748
train:1114,-0.23296125019143843,2.5493583458365023
train:1115,-1.136912310722979,-3.2278281097423216
train:1116,-0.43126858545004443,-0.20407282343346722
train:1117,0.9163176361453278,-0.2645199205628158
train:1118,-3.9275673247838747,-0.004155097331273699
train:1119,3.5332831075065996,0.30710425519160156
train:1120,0.021373751277883726,0.12697215682916843
train:1121,-1.6131685690993685,-0.13039878664358348
train:1122,-0.9728091133930353,0.17792831559042427
train:1123,-2.926781600027767,-0.1202259296036611
train:1124,2.465171432459773,-0.1718745639366871
train:1125,21.036015235067094,5.484008189528317
train:1126,16.75771988555509,3.081241214425871
train:1127,0.30047555103818835,-0.7864113966625905
train:1128,-0.2791804571839153,0.4961449504956821
train:1129,-8.493984434923492,-0.11519628008608238
train:1130,0.0636816159199099,-0.11791996027072082
train:1131,3.527083911155606,0.31106680185033386
train:1132,1.315311516751501,-0.18273704333217944
train:1133,1.1962740686259123,-0.017591177739277986
train:1134,-1.6596351116594716,-0.39790435405917607
train:1135,-0.24989490316070823,-1.9651290060504327
train:1136,14.968832848544482,3.5095996983396587
train:1137,4.460058312815351,10.284021166385967
train:1138,7.704524463636153,0.802153814567089
train:1139,-0.20632014110931818,0.0041446232732672145
train:1140,-2.2114810945383567,-0.914740501695571
train:1141,0.8568456361888237,-0.24760091913932009
train:1142,1.4138161609740254,0.9646290697966744
train:1143,-0.0995412620542063,0.07924184430377285
train:1144,-4.096249716988509,-0.013929930711278765
train:1145,3.1546342045453684,3.5749480502575803
train:1146,5.505345378168486,0.490324960090669
train:1147,-13.21222281126943,-20.525193392250024
train:1148,3.3817207997799166,1.554172798565566
train:1149,-0.14281743149599485,-0.0754612499966745
train:1150,4.554338725896048,0.3446985171660564
train:1151,-7.609902510019101,-3.073670835700958
train:1152,-9.464345095362685,-4.612194058639902
train:1153,2.221617960402378,0.409194613405001
train:1154,0.4587824021474922,-0.2699190615783106
train:1155,-3.2690075511571477,-7.808133167612099
train:1156,2.8155204043364583,1.0279231060505067
train:1157,0.3097529594065759,-0.1236383761790095
train:1158,5.068755793908399,0.09707244830320823
train:1159,0.6959249083970259,-0.2781331856968478
train:1160,-9.617745217936786,-2.9567257779848526
train:1161,-2.706419091850698,-0.593208144244149
train:1162,-1.0088589697492845,0.1303332455129146
train:1163,4.66644078242377,4.7675581833150416
train:1164,-23.76672699693707,-9.818054499557222
train:1165,0.12525178395291273,0.04396981499459903
train:1166,18.60776203641074,21.699888691611275
train:1167,-1.399995529376759,0.07297104573914016
train:1168,0.30536554258009263,0.13024336920261068
train:1169,13.917764546756322,5.462033859641441
train:1170,-0.07406209548597692,-0.7452899888215423
train:1171,-4.991942466076919,0.11056616367845501
train:1172,-0.6920216427035559,-0.918262226451384
train:1173,-2.568306352988414,-0.8781023524697777
train:1174,-1.6717447912270682,-0.20213434834710292
train:1175,-5.081339861362919,0.30383389878301936
train:1176,-0.37080247782911024,-0.9703451202900688
train:1177,2.8005152249283047,6.220957412853003
train:1178,4.35098565207457,-0.23867891208153208
train:1179,7.248040638258969,5.601776400118157
train:1180,-17.290622670825435,-7.760059898499448
train:1181,-1.9871402960376447,0.033170391677129415
train:1182,8.481226488705264,1.7787488750340918
train:1183,-1.2475029237725943,0.2530877367340926
train:1184,1.4754747793674436,-0.31557194738839583
train:1185,7.066304786031323,10.594007128518728
train:1186,-0.24658423290306414,-0.4913754314536208
train:1187,-2.395259789781322,-0.24035888578016512
train:1188,1.2394380769667803,-0.20268558971696693
train:1189,-2.6123097680348253,-6.889262879367502
train:1190,8.57620334667375,5.089540778282843
train:1191,3.3503872886601047,0.3273652287503026
train:1192,0.4094533688169475,1.8465355855166397
train:1193,4.554478200840197,-0.2576733429689981
train:1194,2.5271554923895416,-0.1809058491749398
train:1195,2.6857584952969242,6.883128404718358
train:1196,0.7713699276449656,0.07850542920252084
train:1197,-5.566621078458784,-0.19350508127144767
train:1198,-2.007697043139455,0.32107873749656923
train:1199,3.615674211431457,8.09737675879432
train:1200,-0.3264192260181298,1.6365117676336065
train:1201,1.5455862767510817,0.3700599000040992
train:1202,0.7270578080555018,-0.13025327261737715
train:1203,16.11118471178003,23.125729847158716
train:1204,-28.40868559649433,-12.843255724505894
train:1205,-6.677494376632605,-6.812959889170823
train:1206,0.9711878927778379,1.2962143778772086
train:1207,0.7021640875653427,-0.20579416876700207
train:1208,11.860306416956105,1.5621132992505113
train:1209,-2.0734050840780323,-8.5601410953978
train:1210,-2.824544606299785,0.20389258301155336
train:1211,13.573982985083187,4.396580730401949
train:1212,0.11092631243925076,0.010419986983820101
train:1213,-4.6635882279762315,0.09930908448248549
train:1214,4.604078745395355,0.8539037380752195
train:1215,-1.107678827345588,-0.19089267651861408
train:1216,-7.744706438289663,-1.3027736964185497
train:1217,-1.7417849239309495,-0.0008673363038707305
train:1218,-5.768983880176796,-0.752207040855503
train:1219,4.221746309159118,-0.30316901656645645
train:1220,7.298497094054728,6.330874143103343
train:1221,1.3160930413552228,5.213669378426001
train:1222,-13.21904034653949,-5.338816065928239
train:1223,-1.1678227478455354,0.33445062054007074
train:1224,1.657465173368164,1.779716115325934
train:1225,-1.1339879860606308,0.32732842226132103
train:1226,2.0072964607438117,-0.06784658660178336
train:1227,-0.4416438940871339,0.33250586837806617
train:1228,-9.633146971102807,-0.3641713495683492
train:1229,0.3892913358070822,2.6752947437640584
train:1230,-6.243928609161694,-13.606331277931877
train:1231,0.01889307316705316,0.15485178828544077
train:1232,5.279339248834621,7.8968875334872415
train:1233,-0.19566134964824355,-0.22101407994332395
train:1234,2.589712794339767,-0.23688480973489406
train:1235,1.2618461214939436,2.7937602803932102
train:1236,0.326817951281587,-0.17988354181043537
train:1237,4.000694794757948,1.8645439448853427
train:1238,0.19148727263861798,0.016966406233384773
train:1239,0.10086435751001865,-0.29282896105720685
train:1240,13.952549597827371,10.595651722336479
train:1241,0.8331568629870018,-0.21771690330246057
train:1242,0.1877866536829541,0.06894572832400513
train:1243,0.5472220694836611,0.21191839486088238
train:1244,-0.48597995687534357,-0.016466154591569054
train:1245,-4.148263178077463,-0.16780388038397004
train:1246,8.975558234927034,2.9866813497294595
train:1247,2.123032420712246,-0.09026202371319811
train:1248,-0.22346254157833267,-0.2825947598689818
train:1249,-0.5312222581131687,0.09292758112928798
train:1250,0.18721585247401962,-0.8994872078897076
train:1251,-5.936201320551373,-1.6715302058414654
train:1252,-3.2941795241608864,-0.322773465077509
train:1253,-3.304219860473775,0.1388928941132868
train:1254,-7.438604962611652,-6.34215182527483
train:1255,0.648685674646331,1.4260956325230565
train:1256,0.180385067084266,0.015971204422781493
train:1257,-0.12514246919856703,0.16559386195728792
train:1258,2.5862101135756763,0.1076961135027502
train:1259,6.773873249629468,1.6279612493250748
train:1260,-0.6348176215680534,0.28016190525706997
train:1261,-13.818393936207439,-3.0192791193131328
train:1262,-4.209006375920776,0.26195267946787815
train:1263,-0.7293288656813187,-0.7560982571092323
train:1264,-15.568021565938665,-5.189800572801119
train:1265,-3.9124305740117395,-4.716147281710363
train:1266,-2.2012859410374612,-0.31263769984818823
train:1267,-9.603844215169822,-8.14136028762459
train:1268,8.023984849464865,5.760747335210751
train:1269,-0.6751972451072038,-0.7837807313260761
train:1270,-16.924532556751966,-11.740022018274079
train:1271,-1.558360030129645,0.24566652139756992
train:1272,-13.819201961050549,-8.90829338935314
train:1273,1.0867076665828397,-0.23140492270093577
train:1274,-0.7601095911058154,0.30821073243400965
train:1275,-30.61539121486482,-11.501470318214105
train:1276,-0.06753931726455487,-0.5430217832136865
train:1277,6.740034303596239,1.367927399172747
train:1278,1.138927085672656,-0.32024979534849923
train:1279,6.685222045294672,3.2868519628121726
train:1280,14.844895413172658,11.11424887501159
train:1281,6.097151048775509,0.3931709512251042
train:1282,7.9802129628257426,2.241595609766879
train:1283,-16.617518450022732,-8.71604995886442
train:1284,-1.3745248475342988,0.09374531289224354
train:1285,-4.990978694212841,-10.45249108867089
train:1286,8.402728130471639,2.597524344475657
train:1287,-2.406758569093541,0.0459582213644655
train:1288,4.009617471851713,-0.22595642104517882
train:1289,4.4007889002152245,1.0087463546478528
train:1290,-0.9697927352675481,-0.46363903145059465
train:1291,0.1052134187268606,-0.16316055633988813
train:1292,0.34588301385571135,-0.03044834058027708
train:1293,1.7592312067013993,-0.06518425056544758
train:1294,-1.631549971988917,0.19490038683524233
train:1295,0.4166130826166552,2.3544291829386057
train:1296,-7.883537008197839,-16.96890591667506
train:1297,12.185871621090268,15.731707943596144
train:1298,3.3741245294050186,3.9223516602820077
train:1299,-8.216295400118309,-16.73161419688906
train:1300,15.190293024532012,6.623669477630355
train:1301,0.6234648854121397,-0.24781919017862958
train:1302,1.9411383806521099,2.3019068938051017
train:1303,2.4740727233954356,0.6496282948705765
train:1304,-1.912214820956664,-1.6074284240813779
train:1305,-1.4887429714230196,-2.7216036437974283
train:1306,-3.2085935141820294,-9.43630330227246
train:1307,2.8763607697241955,0.7819481934026704
train:1308,-4.142873866235502,0.23277397867568927
train:1309,-32.77519047968465,-13.776969584710017
train:1310,-0.6671337336694031,-0.9212250061535929
train:1311,1.5634153588617954,4.039194287536528
train:1312,1.5155554616096323,7.314874226904933
train:1313,9.513819939391293,1.4813053659954574
train:1314,0.042373447556490765,0.053340918282286535
train:1315,-5.048920305344658,-4.562743542067452
train:1316,0.03229190802051757,0.007318540974285234
train:1317,19.49578040915553,7.56087795703639
train:1318,0.0618363624088034,0.09332703139730536
train:1319,12.323346494541306,14.713419048787943
train:1320,-5.060606910914999,-1.396808569334139
train:1321,9.862171630067749,13.521524502353472
train:1322,4.4086785328893185,0.39794980303869204
train:1323,0.7029607219546803,0.25463275330645985
train:1324,4.038920692701179,2.072669518030433
train:1325,31.596048207520845,10.7607707676971
train:1326,2.7195597830952325,0.8123106935962907
train:1327,-3.222966872093183,-0.2439567914085216
train:1328,-0.3635474561508999,-0.4962227604560115
train:1329,-0.26512091789709963,0.27741796723741063
train:1330,-6.604323031432553,-0.21694767621490713
train:1331,0.8074799906854396,0.6718499986020028
train:1332,11.033299963780358,1.3562603128088198
train:1333,2.0264891428918332,-0.3244662782490426
train:1334,-11.558182009929107,-5.183885284975022
train:1335,1.3777909451912431,-0.2302390985615651
train:1336,3.11548265788946,6.079611935515056
train:1337,0.726344626174414,0.968850403164758
train:1338,-0.25467935866153885,-0.9840559654181451
train:1339,-0.3628615299984814,0.07381188855331673
train:1340,-4.358594183354773,-3.3093322277502057
train:1341,-2.6254959617130207,0.06933034186778185
train:1342,-0.7183470734954164,-0.24688333526498885
train:1343,1.5700257738397916,-0.6008205250660801
train:1344,1.9665209608215153,6.815770247309069
train:1345,6.860452786127155,1.0091549352077105
train:1346,0.62719932704176,-0.17805719812073595
train:1347,-1.8673740913288714,-0.5635466792708992
train:1348,-2.604762778806861,-1.9614001377984907
train:1349,-5.078771662724634,-0.1925030317419641
train:1350,-4.647112517740255,-0.2922029654228996
train:1351,-4.954640357180441,-0.24202116953835745
train:1352,-0.9175163639088703,-0.7102456461651383
train:1353,7.469602166039249,0.2914646359122415
train:1354,-0.8486859438872515,-2.919747810709625
train:1355,6.064573886070359,0.6145936531492528
train:1356,0.11642267130084782,-0.07783512587517771
train:1357,-4.028271488875647,-3.6348148630307
train:1358,-0.21933036389964422,6.812542118500248
train:1359,7.198782737149941,9.818676440869972
train:1360,-1.3001389080289392,-0.27832777504169626
train:1361,-4.8018836790153525,-1.2317639929163418
train:1362,0.5103232756340181,0.36482795745793173
train:1363,0.23042147083989223,0.1737181097655212
train:1364,-8.149926712860939,-18.95967018440931
train:1365,-1.6314518746115314,-2.276348984189746
train:1366,-2.4181922600984898,-7.887397796224506
train:1367,10.179864868354079,10.437404362872238
train:1368,20.77248197726019,5.591662319331958
train:1369,-3.1234449906113237,-1.4306551318297307
train:1370,6.360412795357801,3.3826469848016183
train:1371,1.1568282298378474,-0.046216639910262786
train:1372,3.1003835653522454,0.13202177886014801
train:1373,-31.328262531743615,-12.648693770532953
train:1374,0.4314191615420346,-0.05876080493410826
train:1375,2.6405727976406,3.3969353208885993
train:1376,-1.8110415561360673,0.28014478595986925
train:1377,-4.234136041524789,-0.10129255754287778
train:1378,-0.5348769665663832,-0.44623070344877763
train:1379,5.60038499986184,0.11101269201377442
train:1380,-2.5165420871330073,0.25612983584666493
train:1381,2.3824153690977226,10.932181725422232
train:1382,-9.373482748246628,-6.7182154213862635
train:1383,-0.09653987748521517,0.057438992710524744
train:1384,1.9415486694461515,0.05407933063487865
train:1385,39.86675990301917,13.41708880042357
train:1386,13.271363268927646,14.744950511658754
train:1387,7.4629947730183765,0.6415536930242252
train:1388,-21.65613263274749,-9.893803965811076
train:1389,-0.21721964307817193,0.24900021920579488
train:1390,1.1628214681879796,-0.07036340861191281
train:1391,-3.178584085198683,-0.023681653040062825
train:1392,-4.0216710696019815,-8.855281773641314
train:1393,4.687639114268671,0.4538805442448642
train:1394,-2.536136922036662,-0.1904333087103941
train:1395,3.4812347776816073,1.4156488667279223
train:1396,-1.869162160112876,-0.34866868466659506
train:1397,-9.595352050736999,-5.938184916012664
train:1398,-0.6943494795214219,0.3470652600040593
train:1399,5.066845452090022,1.3262975482048367
train:1400,20.948923360607896,13.85650806225876
train:1401,-1.1205514348576862,-0.9152406704954528
train:1402,9.692354376734214,1.2890611508722825
train:1403,2.884380579012829,0.7045224626312434
train:1404,9.028153306533094,7.9438817162330055
train:1405,0.2829498269310012,-0.037338287060336706
train:1406,-2.0275271257822425,-8.598697747196557
train:1407,-0.16770231857302448,-0.3434353155123275
train:1408,-12.343391541674897,-12.589132311712124
train:1409,-0.06337877968055589,0.08256955035797756
train:1410,2.8889641905940837,0.33400837202905154
train:1411,-3.1046674788803887,0.5882981273272894
train:1412,0.597531146755101,-0.26503378480045814
train:1413,-12.269485628435655,-3.5347314570924677
train:1414,-0.40652944968965177,-0.6103157432584729
train:1415,-3.163229288597193,-8.148298168136812
train:1416,-1.2152537596444368,-0.24379244615539447
train:1417,0.9864091421203042,0.25465244049824065
train:1418,3.423382895430527,1.1850870993235612
train:1419,3.5358252708219764,10.817788298953898
train:1420,2.0807056107236397,8.185491493416272
train:1421,-4.925385952561428,-0.6340759011650061
train:1422,25.658226042198613,7.3909712148919615
train:1423,-0.8866426551882735,0.18822043706751185
train:1424,3.9011445533707776,0.07636922623348794
train:1425,1.7532354113106243,-0.061088173388549466
train:1426,3.251748748491196,0.15006979793403286
train:1427,2.738947265248584,4.47020226801375
train:1428,2.4083786299512733,-0.2754523037552112
train:1429,-0.48894658893741727,0.011259973833136622
train:1430,-3.0123922505800906,-4.0895798628766356
train:1431,1.7657588665458666,0.14450716763027094
train:1432,6.238156962895948,3.2814026051915555
train:1433,5.518588989032023,0.43500937229724357
train:1434,-2.2639515685276432,-0.13295869221833478
train:1435,4.259744398026904,5.2131409627857375
train:1436,27.47751117837027,7.947554376125805
train:1437,-0.26962758580083124,-2.5087365959709715
train:1438,-0.9722421477450648,-6.615321026847669
train:1439,-0.5983167962257188,0.011823198711041122
train:1440,-3.5116102690119195,-1.9799528908181774
train:1441,0.8726849919921155,0.1476696724664885
train:1442,-2.2875423605811998,0.61039086568647
train:1443,-0.7601691004153195,-0.6620431263586224
train:1444,8.493282702877604,7.573204421664166
train:1445,-8.942308976067892,-4.8803829713354245
train:1446,-3.8534205848077323,-4.607072535560679
train:1447,-10.665031889072553,-0.3953775457923462
train:1448,12.366482375435103,19.217250494132276
train:1449,4.679539804261871,1.2007295718191213
train:1450,0.24266830076923646,0.19994316114734162
train:1451,-0.006627587197060886,-0.35794049603051825
train:1452,-7.236820052078903,-5.203322535016747
train:1453,1.4518746889842773,0.6297893119878737
train:1454,2.136317409142548,0.14887458566780087
train:1455,-5.657538750636021,-0.4104796191396029
train:1456,-6.905338320813889,-0.5974913924037752
train:1457,-8.743148054151087,-0.30628644058671206
train:1458,-0.9279174754106275,-0.05236332357019005
train:1459,0.5207625102871764,4.142879593605797
train:1460,25.289314814921468,10.578920462538951
train:1461,3.4198393020161526,0.7047256116246923
train:1462,34.845877634860706,11.042490487578469
train:1463,25.920637921454553,9.096583343656091
train:1464,1.3684682074660066,-0.07393649125932819
train:1465,3.543735359821212,-0.5017397393005714
train:1466,-3.6716438199298023,-0.0822085356667279
train:1467,-5.544734205306262,-0.33518609683452877
train:1468,0.2970381910396079,0.09197089773738638
train:1469,12.875114952597068,1.1667235145379427
train:1470,-0.6514905726208825,0.1837534417845976
train:1471,6.5432184204070785,14.168976322485626
train:1472,0.07067430847399782,-2.2854792760301432
train:1473,0.4756828135884062,0.16358862161184073
train:1474,-12.114195155451839,-6.945163091160333
train:1475,3.2023532321039396,-0.05654842109253205
train:1476,-0.6521029838548218,0.0235116841964694
train:1477,7.333415111239198,0.4074164890690837
train:1478,0.7326112354150803,-0.8613014741969671
train:1479,2.8143818238757126,3.3850984681607645
train:1480,7.2441251116601935,5.406651791910552
train:1481,-1.1699171965901902,0.012349331778343992
train:1482,2.875616438438914,1.6104573385805536
train:1483,1.2974480308212306,-0.012553539216338921
train:1484,-2.072612401478779,0.28425512921776797
train:1485,0.390468039419229,-0.028702172265801143
train:1486,9.51797722255993,3.978401951246965
train:1487,9.488121216015148,2.3021320125632916
train:1488,4.755232391535678,11.35157825725143
train:1489,1.2510182166630868,1.1335331917683793
train:1490,1.9068442813844708,0.34171804752340673
train:1491,-1.4922293801102926,-0.20035907722738572
train:1492,0.48363172311376357,0.08307057512271934
train:1493,-0.1635015657134622,0.08377360759442992
train:1494,8.662137579096504,2.661968512179759
train:1495,-4.028049723714449,-2.570125539767981
train:1496,1.2082951816039738,-2.1356229400888465
train:1497,-0.9816153289084354,0.24703834774658956
train:1498,-6.879941793150068,-4.8262021076247885
train:1499,-2.7551283915127356,-2.1374858049459076
train:1500,-0.2037377625183781,-0.0061457862741002706
train:1501,6.942649090046682,8.24663420465521
train:1502,-2.459466150487883,0.4050882646497824
train:1503,-0.32134745213234983,0.12732909417580396
train:1504,-21.621312248023923,-4.735343720304797
train:1505,0.1564411709637694,2.1447931171371692
train:1506,-5.731585998485335,-1.5008356907041827
train:1507,-1.567593271432385,-2.9103404715761956
train:1508,2.711647834430075,0.04732747981890504
train:1509,20.931051971097457,6.48672537160272
train:1510,-9.236914461932567,-7.11919101878422
train:1511,-3.3866318856402553,0.14232388659393602
train:1512,-5.556526811834157,-0.34701353394890305
train:1513,0.10343860006254993,-0.05612414784357361
train:1514,13.129836183432566,3.51468812411096
train:1515,13.823449729856069,4.589933491349277
train:1516,-5.078759574896141,-0.33223758321332053
train:1517,-21.957169773203407,-12.706467974726026
train:1518,-0.9138365499657087,-6.488457333655072
train:1519,0.6640137385501922,-1.1816974669662847
train:1520,0.3473407594803207,-0.08286563135761646
train:1521,-6.341711703006482,-0.29042198787078216
train:1522,-1.249930717633768,-3.0879152322584575
train:1523,-2.600480898021451,-0.5268457592887033
train:1524,3.80288770963236,-0.2568419157682819
train:1525,0.09757856028408135,0.5045188547214262
train:1526,-0.36832958706932806,-0.01621706881729823
train:1527,-0.9046704890944012,0.05776739789515903
train:1528,-11.03255673540485,-7.761812343889565
train:1529,-14.014229775455703,-5.659697890086033
train:1530,11.46089294922628,3.2557256566417787
train:1531,-0.05360983836315922,-0.2102623053363964
train:1532,-2.5535380485270753,0.060569256203680866
train:1533,-4.395678711338376,-1.3231162719605742
train:1534,-2.5363126604662916,-0.010592238400373627
train:1535,2.825950805576487,0.25240410613254294
train:1536,-3.7164352684106623,-1.551090528923448
train:1537,-1.3116432663389244,-0.2840598863877455
train:1538,8.870613567616616,1.0454121800707872
train:1539,2.0262253027891495,0.03494509215360658
train:1540,-6.494861235597593,-0.490829611194537
train:1541,18.12051468751884,3.974257369394665
train:1542,2.1669995722731787,0.9071935423665567
train:1543,-2.048756142114857,-0.01721055869818143
train:1544,-0.09743670137610064,-0.0937115620991481
train:1545,15.431556782922943,10.22565691708271
train:1546,25.401289019417053,10.907620099085085
train:1547,-3.753825246521954,-0.2436577743507486
train:1548,3.0250861570868643,2.73327437952354
train:1549,7.267018528993,0.4061473785032685
train:1550,-0.20426881336822983,0.10048346827045655
train:1551,11.674329596593331,4.677887304577542
train:1552,0.36616174090218223,-0.01931166710795279
train:1553,-2.0785800694224834,0.4175277166390834
train:1554,1.2718236940819647,0.009520082594300969
train:1555,-12.505775710318192,-3.5188846943169785
train:1556,4.858536368586409,0.05026458057531276
train:1557,-9.189735667324337,-16.864592332398523
train:1558,2.2862962113366465,-0.02415642821576347
train:1559,7.787917462576488,7.384852778072416
train:1560,9.640058711341595,2.3713342036027205
train:1561,3.4153798231351917,0.17583576682925328
train:1562,-1.4015102272702298,-0.4002750913998592
train:1563,-1.6573021607603202,-0.27283647514293746
train:1564,-4.381482951522774,-2.126781679049522
train:1565,18.10753235971734,8.168773358413265
train:1566,14.98582089674197,9.699712162049039
train:1567,12.772645500628835,2.689473516348955
train:1568,10.140764462511026,3.034670448964206
train:1569,4.851010300600067,3.0229009321386946
train:1570,6.000758055207418,3.271342164869918
train:1571,-1.66451929174537,0.19013665706751517
train:1572,0.45895000453871265,0.40340515241332925
train:1573,0.6927028047289172,-0.016931514153809293
train:1574,0.017760304162313695,0.08354335304707991
train:1575,8.2241583594762,9.658021537576065
train:1576,2.307889722189973,0.2611406541373228
train:1577,0.4426183021825709,-0.2929176960810307
train:1578,3.8024943902898567,0.348437942317939
train:1579,-1.4288817201432162,0.2713448965554466
train:1580,9.387053952152105,1.7647860909155446
train:1581,-1.4739567676771812,-3.2439747455404437
train:1582,3.440024580850043,4.505258023534955
train:1583,-2.1587916448867546,0.015933541968939854
train:1584,1.653013365609131,-0.0016633836237053556
train:1585,-0.1398953151869291,-0.014999030821465253
train:1586,-0.024943611206538818,-0.19786936077115747
train:1587,-1.8711148093309782,0.313829856418534
train:1588,1.1468376395883721,-0.359980830935227
train:1589,4.3701304478251,0.1871821516922867
train:1590,-1.3034291219614413,0.3347875853733054
train:1591,-5.033710097768603,-8.652311962169849
train:1592,-2.0330205789158367,0.4912071745397474
train:1593,-9.514832235646157,-0.33400087082499724
train:1594,-1.486171285911131,-0.1709969146335289
train:1595,4.465661486238343,1.8775032528663063
train:1596,-0.35134740844240603,-0.027296677965620034
train:1597,-2.321842038846605,-0.011284999293763753
train:1598,-15.665488516576712,-7.165144918903418
train:1599,6.372433210961142,1.428771378675533
train:1600,-1.7235323029065,0.13430206924728716
train:1601,0.17717133191280626,-0.019092825425403276
train:1602,-8.243140607535368,-11.42427712456299
train:1603,-2.8693811516792533,0.4682162437207676
train:1604,0.45725770854969083,-0.2504424371530236
train:1605,-4.022172714484442,-0.02537931667913665
train:1606,-22.457451520542623,-5.88269613799589
train:1607,-1.1152657993908757,-6.240241790325278
train:1608,-7.699435660917407,-2.126636165023316
train:1609,0.5421205409431291,-0.02594910395430143
train:1610,23.23803635498006,8.037408431343353
train:1611,0.6879521719020429,-0.06728364704549888
train:1612,3.308303048845199,-0.2193050034394496
train:1613,-0.08793427343115087,-1.7165830602846643
train:1614,-1.8912084996182101,-0.2660869068999239
train:1615,-2.3871609446910034,-1.03659708577857
train:1616,0.6020901177628889,0.1010041802269792
train:1617,8.449105409067485,10.495962630877104
train:1618,-10.53973875724359,-0.753953209169979
train:1619,-0.71434693209719,-1.1564930110192486
train:1620,4.166858269471229,5.759655124049343
train:1621,3.3624462923313265,0.19476742696031654
train:1622,-1.4687741112108021,0.22361116017061083
train:1623,-0.9390328148555537,-0.07750015829328316
train:1624,0.7324798965093389,-0.08841228365065767
train:1625,3.2351707566295094,-0.07478760565182518
train:1626,-5.459674480783332,-3.4030272826163603
train:1627,1.3451284703119204,-0.08682104497584847
train:1628,1.5557928207057494,-0.08009943825159618
train:1629,3.0249657437184148,-0.06718036061905439
train:1630,-3.702630968271641,-0.4431412409472832
train:1631,-4.455796131598935,-1.5846283734261863
train:1632,1.3992412617685752,1.809177569843555
train:1633,2.2658119912057946,0.2618608059062341
train:1634,-0.47820469365545315,0.059043926823094534
train:1635,-0.45880849431809234,-0.17997513005045934
train:1636,0.32087015851742395,-0.16457090110760947
train:1637,-11.534848781605747,-3.5545986868155515
train:1638,10.990633648531865,15.356957397580008
train:1639,0.31410922682886555,1.2586607029032006
train:1640,-0.8424847716412157,0.2321377114630616
train:1641,-3.656568438133093,-0.608983576614635
train:1642,1.4845527385656965,-0.5263076427133597
train:1643,0.8146782925530288,-0.13397729040177908
train:1644,0.5608143677075739,-6.663474186013923
train:1645,21.723766184671486,12.77961638927297
train:1646,-2.6503864277878164,-0.5141757674304321
train:1647,-0.951066131891228,-0.33965166550934295
train:1648,1.8653216606780099,5.972967844246259
train:1649,-1.8424582873058886,-4.251319558969829
train:1650,-0.982341295992737,0.3577151747926424
train:1651,-1.1728928945236339,0.9881863640313788
train:1652,-0.43691499610572304,0.5589353940901925
train:1653,-1.0477594615057222,-0.15362910230175367
train:1654,5.16838135176541,5.646027500809122
train:1655,-0.9093194214411661,0.17506197459577966
train:1656,9.382853896667264,6.0254265066585
train:1657,-1.7792473127840793,0.45604299680293825
train:1658,-5.962391925563888,-7.462646918874156
train:1659,-8.212583506937992,-4.313559331837716
train:1660,0.006252226520484766,0.04657594267179236
train:1661,-3.4016338106330455,-5.327606350121192
train:1662,-7.075343865322027,-1.1771594265999874
train:1663,-2.2827899843175237,-3.348331413381602
train:1664,0.12985561940106893,1.0272103726437158
train:1665,-2.3389830445661777,0.1338592500930279
train:1666,0.16374989049547753,-0.10239275770964562
train:1667,-0.6614448993848788,0.13354168712995412
train:1668,14.122441237797785,6.716843535218367
train:1669,0.3381963172253563,-0.007515330050159821
train:1670,0.057558142840677715,-0.1695568964173263
train:1671,-4.39192079142649,-3.5148616594748034
train:1672,-2.4327534442677656,-0.5440697695239922
train:1673,2.1936541639332336,-0.41700635119738677
train:1674,2.013412901961276,5.034683702332777
train:1675,-0.36601988199420155,0.19968494508123039
train:1676,-1.0947880880907506,-0.16930752532143545
train:1677,0.5153770340061787,-0.09723043363876113
train:1678,-3.762394122174059,-0.4979064433357047
train:1679,0.6398143708236605,0.06353717169504992
train:1680,-1.401755703171934,-3.567119455466556
train:1681,29.940290934534517,10.546277386636572
train:1682,3.1633830028754266,-0.099181748198026
train:1683,11.157400119920355,4.447283523564634
train:1684,-0.5179576097788888,0.25599915854469923
train:1685,-14.735548624785194,-4.597248626862032
train:1686,-4.7108358302235755,-5.134726652419845
train:1687,-16.9751898564673,-3.115818830730811
train:1688,5.33713441127508,9.22626030802201
train:1689,2.7791021016694124,0.040760517412699475
train:1690,-0.21095582333638868,0.14122682496498828
train:1691,3.046651772951361,0.19615066617413668
train:1692,0.10338676187497411,-0.13842203059833239
train:1693,6.062335778133229,0.8343620603205697
train:1694,8.155570160940922,7.60501378779287
train:1695,1.087708399307117,0.4355172447808657
train:1696,1.6005289441254296,-5.598526646685094
train:1697,-4.668874328359522,-1.7755758731168099
train:1698,4.141541242525574,-0.05777016826942519
train:1699,-14.457932116950968,-2.926094790146801
train:1700,-0.03215150197653843,0.48220328017701586
train:1701,-1.020025566236186,0.4588057660495184
train:1702,12.876818406581622,5.236622932112759
train:1703,0.24297537810460704,0.16712090326759432
train:1704,-7.9453987950932365,-0.6783252899262504
train:1705,0.3751555502174645,0.06779673816021516
train:1706,1.0228458089883299,3.1272353448934913
train:1707,-0.06910469105440006,0.059664786668241536
train:1708,0.6281098659688202,-0.156787612635291
train:1709,-4.156847860889905,-0.5357529296222505
train:1710,28.569875221622407,11.791406099646476
train:1711,1.1837450343929046,0.7324902584680997
train:1712,0.4382754011090956,-0.17739182810286697
train:1713,-3.635207385520017,-0.4473796936125675
train:1714,2.6634541271449126,1.2175507079269527
train:1715,1.9052180035356798,-0.1825935265573132
train:1716,-13.357599405223054,-8.979069129126938
train:1717,0.46459176602958624,0.03432537359493964
train:1718,-1.8846787476495805,-4.684433498324363
train:1719,15.214267837598461,8.65456822572203
train:1720,2.5004906725669156,9.459524427819915
train:1721,-1.7857274349184156,-0.6609089729190729
train:1722,3.4436611575605176,3.2364687298639017
train:1723,2.2785502378550277,0.17020408869344839
train:1724,1.1139589785456168,0.06171111332697052
train:1725,-2.0756999118257826,0.031702697263785586
train:1726,-1.0071769019228336,-2.3394301705150493
train:1727,0.3084107455273709,-0.3489522943568874
train:1728,-0.0902639699149389,0.0491569620464246
train:1729,-7.229041069527168,-0.0008165490555085281
train:1730,7.825578486995912,8.85001752993321
train:1731,-1.142316499892317,-3.638781689513732
train:1732,-0.5034054914809828,-0.29717269740027574
train:1733,0.4315768844580444,0.010906460345941255
train:1734,0.09206418590886489,-0.055727265470136345
train:1735,2.4678572549676243,0.796842552610558
train:1736,-11.944870713587633,-9.681799730563537
train:1737,26.458678325674096,6.596972504289035
train:1738,-1.311730205720778,0.3800327465883929
train:1739,-0.011380195918977265,2.3252407812113365
train:1740,-5.0482898785970995,-0.5485464657419867
train:1741,-0.7868450782334773,0.29902394691285017
train:1742,32.96612732090107,16.40683824344246
train:1743,0.01617331175612524,-0.10823728577397979
train:1744,0.5205784033608982,-0.27179533655151217
train:1745,-10.465066661644483,-3.881057122036488
train:1746,-0.379705744659815,0.03150953452703719
train:1747,-5.032403682458397,-3.2686621987120175
train:1748,-0.5470333702402701,0.30593586315765076
train:1749,-0.5466050659326089,0.12156816534613343
train:1750,-2.612170293090675,-0.21534473935367737
train:1751,7.188132430414636,5.386443602851553
train:1752,-4.665380945925042,-5.341103774677499
train:1753,6.381967253226765,1.3655415397862034
train:1754,0.898352798422308,0.098631160313336
train:1755,-8.574758094412688,-3.315927436996793
train:1756,41.68244844529767,17.771894481062464
train:1757,-4.104967365914374,-1.2042324538364846
train:1758,-0.29804258371430115,-0.6509238575051188
train:1759,-1.7207601221623956,-0.024320773468890625
train:1760,-4.470900803133916,-9.24840760262949
train:1761,1.007447542695913,-0.03526514016932655
train:1762,5.197353087164279,6.779754099214903
train:1763,9.359504861183568,4.219425677822725
train:1764,0.9614938030138018,-0.19519389994030112
train:1765,8.62208967346619,11.554679316668103
train:1766,0.6118003633746224,-0.21586687791830012
train:1767,-1.7369697839424059,-2.121795398418185
train:1768,0.8673355467383566,0.006444030208947196
train:1769,0.881767367896933,0.09409112269569858
train:1770,-0.31517940518554965,0.1280035944855133
train:1771,1.0324454044777043,1.2179547233408905
train:1772,0.691628847658961,-0.10488618334693406
train:1773,0.05808437018204422,-0.27111084998510243
train:1774,-12.350911100830514,-5.604790597530846
train:1775,-1.7531577108769527,0.2693927260313217
train:1776,-5.102601886765648,-0.3326441665218382
train:1777,-0.16991067185540187,-0.15798653408258312
train:1778,-11.657703891410966,-0.5808491529516915
train:1779,-1.889598958762717,0.22860885366674816
train:1780,0.29067255458859503,-0.023043673897715083
train:1781,-0.09221011030231399,-0.7784783143397656
train:1782,-3.301235096668962,0.19221950489360573
train:1783,-5.474960934662188,-1.0899878939233916
train:1784,1.7028912328449066,-0.011322947069225403
train:1785,-0.5011637804411295,-0.2508949572423633
train:1786,0.005837753478118574,-0.22101778912438408
train:1787,0.1589009278329774,0.10954785081663072
train:1788,1.8192516918757735,-0.8670746718562983
train:1789,0.2616122526001904,0.2682631377376925
train:1790,-0.1839621913329289,-0.1585232240498265
train:1791,-0.7181766816053129,0.20821606151960137
train:1792,-4.138306526731064,0.10570085941400344
train:1793,0.473161571514652,-0.03763987201268981
train:1794,3.1604456605516247,6.626128379351623
train:1795,-2.852881730702771,-11.059209253043594
train:1796,-2.9813809265812656,-1.2932020120319936
train:1797,2.7867118546222445,0.10645011398815601
train:1798,-4.881229579992932,-2.3417846445233916
train:1799,-7.054231078109538,-14.196908227617238
train:1800,-2.900577977353798,0.44693467472728216
train:1801,-1.1425643003764239,-6.538177479158434
train:1802,0.4408835825647034,0.5779486562045794
train:1803,-11.552551871350246,-1.4494175962401266
train:1804,-13.288958206209,-3.184281468131168
train:1805,1.7514259563685166,-0.057856050077048915
train:1806,-8.160248788561011,-7.20312236781355
train:1807,2.40850555215045,-0.008793570907815407
train:1808,2.086517299188136,0.09620935040267069
train:1809,1.7802068435521403,5.6690170050200015
train:1810,-0.11506679923316016,-0.8565072150158988
train:1811,0.2857088737845314,0.07854195036988242
train:1812,11.527891133398246,7.6085557703837035
train:1813,-0.3160567025842541,-0.20122474302250337
train:1814,1.066088155756162,-0.2353081224627055
train:1815,-1.1590976602559824,2.538152624532135
train:1816,-0.37635404552276674,-0.40824184167384564
train:1817,1.8100054329115798,0.13174729946169608
train:1818,7.468095836642427,1.2797707936030585
train:1819,-0.08584935547434638,0.03540160674562644
train:1820,-0.5674684254533092,0.12160525715673505
train:1821,-7.845125608578888,-4.405373831906369
train:1822,8.646857634048374,7.806676255601439
train:1823,5.124308199246923,8.628969169974516
train:1824,0.8748668450351044,-1.1873225827048293
train:1825,-12.21105399533339,-4.847495089483075
train:1826,-1.9738539128579013,0.39695602783618883
train:1827,12.720426081539019,12.724859746533149
train:1828,-7.874164291950949,-8.221819843181608
train:1829,-3.37967905967437,0.1475181666862619
train:1830,-0.5823720206104736,-1.982226048164816
train:1831,-1.8924942261450344,-0.18205883384140992
train:1832,3.221267894196622,3.923900386035435
train:1833,19.64908010976984,10.963001025529493
train:1834,-0.4750706916603993,-2.21503165611936
train:1835,0.5519857199719895,-0.26564037856460454
train:1836,-0.43519108579602717,-0.23847348051512318
train:1837,-2.078585183503769,-0.01206620988935772
train:1838,21.008486600423698,8.02560752913964
train:1839,-1.4113948165621508,-0.8689149963053782
train:1840,-0.8628019705264479,0.3539323807545179
train:1841,-12.882995924934844,-4.160433495452697
train:1842,-13.893371017017754,-4.532048642186517
train:1843,3.7573933074329835,0.4435804337624163
train:1844,0.29584893468248763,-0.047882062206275194
train:1845,-0.2244198046116832,-0.1821498514381939
train:1846,-17.497774577209086,-9.685851297567712
train:1847,7.287326080861262,0.0657877886337078
train:1848,-0.7115081520672539,-0.6775189710280953
train:1849,0.602151486738315,-0.1839365354227116
train:1850,-0.10224184566031358,0.1254816366862236
train:1851,1.1573668355805071,-0.2730076681149449
train:1852,1.4832560865015805,-0.14455188028267893
train:1853,-2.5792476974405125,-2.6344735540861395
train:1854,1.3899387479102407,3.322854130146958
train:1855,7.594422942724024,3.897673052080654
train:1856,38.357931115198376,16.420243794437127
train:1857,0.9791083261687646,-0.3233384018851336
train:1858,-0.6918440446080047,0.23320823818134817
train:1859,-1.062862970749502,0.4732401868059461
train:1860,-1.3995017880744673,-0.2571061235884134
train:1861,-7.88673191425184,-1.5094866422229587
train:1862,39.580810232188455,17.493465090103076
train:1863,-2.338876578692143,-0.033682746464737734
train:1864,-1.0725267247131853,0.2743887075977389
train:1865,-0.8252332320284037,-0.13105074654531182
train:1866,5.659448919377584,4.7399419037140404
train:1867,3.6300791836632844,0.5852788539443181
train:1868,-30.386795500734568,-9.204187887316728
train:1869,-4.8102377632534665,-0.3117377954586691
train:1870,0.8353460384645586,-0.3216538630405803
train:1871,0.8378474053587713,1.6217848922166662
train:1872,2.4777093001059107,0.6861306310052437
train:1873,-6.92813503551875,-3.741884939478176
train:1874,-5.63908063652719,-5.470442347602083
train:1875,0.45288377430114213,-0.04358797182508847
train:1876,8.011874704980789,5.090745406162536
train:1877,-28.623612766097867,-14.599492468308824
train:1878,-0.18118303684161702,-0.5769528009088021
train:1879,-0.2929629062483527,-0.0016639542669453777
train:1880,-2.622844310566486,-0.04261045995492596
train:1881,0.9636535725239669,-0.3189958068285447
train:1882,-2.6328786029651288,0.3429814516568217
train:1883,0.06488516845880557,0.639848611023031
train:1884,-0.9958478171259973,-0.008838081080537352
train:1885,-0.2881640383366265,-0.11433118493420477
train:1886,5.1649795578775874,12.171206838336833
train:1887,18.050397843595672,6.238861915152022
train:1888,-7.048257366251587,-12.28252798141975
train:1889,7.273621272849068,0.20697177393472727
train:1890,2.324137158434024,-3.8772977243712043
train:1891,0.5189263226474397,-0.2582479807117031
train:1892,-0.17052994060742854,-0.08621958700086232
train:1893,6.722066676374336,2.146555834105606
train:1894,0.22043994646178672,-0.12850510705156112
train:1895,3.4681506331708816,1.9915739805824066
train:1896,-11.985339833549281,-10.939349064335822
train:1897,0.5252243137505397,-0.13443608756675904
train:1898,-1.0253509520620785,0.8670368069227705
train:1899,0.25593841187216226,0.13216329838367416
train:1900,12.837086644158049,5.692070991917004
train:1901,-12.296396853992945,-15.300288018518499
train:1902,-18.453882758022054,-8.063283738237914
train:1903,0.2890923034713738,0.18393833019436562
train:1904,0.49244375008517005,3.265688516969372
train:1905,-3.235614924945199,-0.2891620075968074
train:1906,6.564601324094738,2.8261283062538975
train:1907,-2.382835826672907,-0.1285459080432229
train:1908,-3.100545064447791,-0.008353604969756276
train:1909,9.903437616876973,2.724375198195353
train:1910,2.3252404052422517,1.7874768633902713
train:1911,-0.1694908522735099,-0.07144677480309991
train:1912,-0.24086250577754448,-0.13490487098843942
train:1913,0.6358815260859867,-0.1040436286030374
train:1914,0.07677517498936565,-0.07946659489840865
train:1915,0.9332677936496554,0.6121381752874262
train:1916,-7.756474404244091,-11.852062112020551
train:1917,-9.662492499351998,-7.5074024681893015
train:1918,0.11129592104124866,0.06178472630493372
train:1919,-2.9155408493622263,-0.24512147426141223
train:1920,0.8730678507138077,5.589166896443329
train:1921,4.536488257627231,4.887649482535023
train:1922,-2.2760440461854614,-0.7675359448906698
train:1923,-22.218780136446963,-10.453546778664936
train:1924,0.7724694551213493,-0.3068234158755754
train:1925,1.5043651543822252,-0.30962127968141706
train:1926,10.90306105043183,1.1193920816373244
train:1927,-0.1867076393794045,-1.7196382841917572
train:1928,-34.69799949840231,-12.535584291354674
train:1929,3.65472812562646,0.9805214840313654
train:1930,-2.5624093523497455,0.4549544948225909
train:1931,1.0943283450729637,-0.24820123582782616
train:1932,-9.87244413278122,-12.135872668733374
train:1933,1.9340767642297876,-0.2232995061196233
train:1934,-8.542311573238559,-3.178092556871479
train:1935,6.199719063037608,5.572972611934665
train:1936,-1.0596390074154711,0.9630637953892862
train:1937,-1.0917282402743367,0.4613999102186712
train:1938,-0.9671150487981054,0.23810892232668127
train:1939,-7.555166033103855,-5.138854685618184
train:1940,-1.8486821242303488,-0.43594428840409033
train:1941,6.513283842977093,13.924157818363701
train:1942,-4.776700083099602,-3.0903767018743045
train:1943,-1.4308606371424668,0.2094309609776142
train:1944,12.845360297845035,5.958015850071129
train:1945,-4.549181115538188,-0.18019882220054906
train:1946,-6.391500538736241,-0.16641693198908974
train:1947,0.6385323636286805,-0.2834772596396802
train:1948,2.546301682889513,-0.4548285851462314
train:1949,0.06398201008087327,-0.010734328567139809
train:1950,0.2132521052150087,0.16843680657909155
train:1951,1.3347043454443783,-0.27787068980643637
train:1952,1.1620206495503171,0.13873026078987974
train:1953,-2.4990602976332275,0.13466271577498284
train:1954,0.6517090265190257,-0.12578057090206266
train:1955,-3.078442005131836,0.003795674931992038
train:1956,-4.350274967852697,-5.419740695725879
train:1957,-1.1585434798112262,-1.502592130596979
train:1958,11.349998280798417,0.7795052696921241
train:1959,2.2051055217644415,1.9640472919700895
train:1960,-4.092715421903744,-0.3417581950298946
train:1961,14.510933817400653,16.041332117914727
train:1962,-0.12006749901198366,-0.21687748709638405
train:1963,-0.6876872263558498,2.332199490201819
train:1964,1.1038070622774079,5.970317206396344
train:1965,0.6725612280441939,2.468285348796457
train:1966,-14.77653659153908,-6.031265388109311
train:1967,0.03355049504779249,0.2818059284315815
train:1968,-14.703668371884314,-4.909235264194319
train:1969,0.3121029959863858,-0.043962313790544744
train:1970,0.8127991001388458,-0.12418162854351311
train:1971,1.240797492755764,-0.09595875517836583
train:1972,-3.3455272248497643,-0.6929097898548044
train:1973,-0.4927769195911408,-0.01723024588996229
train:1974,0.486599052550558,-0.06422300202762579
train:1975,-7.034582312894145,-2.0203863882333755
train:1976,0.6975730373204002,0.7003102595550004
train:1977,-0.30918453962773595,-0.02908336195013772
train:1978,2.286911760756829,0.18667798838972477
train:1979,-0.43510182183177115,0.11984767597745861
train:1980,0.04005060859079013,-0.06711958711399174
train:1981,0.8711835442183391,-0.15771833175977146
train:1982,-16.96950485774374,-6.5614123599625245
train:1983,6.125741552660368,0.547561903673258
train:1984,0.837256264053815,-0.262361747829042
train:1985,1.2751517987076277,0.011926770459105618
train:1986,-0.06092704262063647,-0.13281317819212846
train:1987,0.08281560236226843,1.457078992561824
train:1988,-8.64655514649638,-4.988022835058065
train:1989,0.7054575559132082,0.04410277486952481
train:1990,-2.11073555287982,-2.6641829530915513
train:1991,-0.20204825602823928,0.08070896807387665
train:1992,-7.243891896663795,-1.4876175960138678
train:1993,-0.1608880377183286,-0.3561697900567212
train:1994,6.51388497998638,1.0145963038229673
train:1995,0.9610560841474106,0.01635239410711807
train:1996,10.961780931752005,18.626680392165795
train:1997,14.619485306766794,16.323938617391097
train:1998,0.5660688537701906,-0.14664499968708994
train:1999,1.882541934657508,0.6928482432268159
train:2000,-4.738052970825036,-8.208924447243527
train:2001,-5.643755371738623,-2.8360915117219867
train:2002,0.011977440519608196,-0.16875200412727126
train:2003,-24.761797038481905,-11.822055407887087
train:2004,2.7198698823877265,7.863791366852283
train:2005,0.19348385646412736,-5.419962105303008
train:2006,13.567570856984124,16.471455601369914
train:2007,-0.9577790609531748,0.0438288661143129
train:2008,16.848371160589004,4.275887117242121
train:2009,0.9932589890857584,-0.25100680331740816
train:2010,15.811579514084054,5.7862585118993
train:2011,-6.095813192221441,-4.112926589755771
train:2012,14.543103248352406,2.4088599883883726
train:2013,-1.6390988208828037,-5.412495809150523
train:2014,-0.13353374675512059,-1.0756422081907877
train:2015,0.74231799415321,-0.34534012264753033
train:2016,1.6029130358374362,2.2992208760743047
train:2017,-2.924260357954013,-0.06797897583346912
train:2018,5.260299059292203,4.640067923844898
train:2019,-5.636061003986339,-2.2318542188352914
train:2020,0.12656517301032663,-0.8581289831040493
train:2021,-3.397508141785084,-0.4608069290503514
train:2022,0.20242327055119103,-0.3382090793985602
train:2023,3.2175997031654733,-0.20500696641738786
train:2024,0.3097803894789254,-0.05829829858806815
train:2025,-3.0965402738847594,-5.052936356827088
train:2026,-1.9661579178979363,-0.11134329692943484
train:2027,0.6485924588919906,0.6575539588312811
train:2028,8.555451334650131,0.4565428802812
train:2029,-2.6783260485999745,-0.14672603102717346
train:2030,-0.1376554638129978,0.3558608695841818
train:2031,-1.0884526712109701,-0.24408461549428717
train:2032,-31.693515796152187,-13.930286586580443
train:2033,3.8333746078411806,-0.17441592360613756
train:2034,-0.20239880305453667,0.3502571529671381
train:2035,1.3078470501988253,1.6122303271273106
train:2036,0.16241906707004483,-0.04587596589596796
train:2037,-3.8079024718678505,-0.36454512089056545
train:2038,-0.9816106797436305,0.30619921501292224
train:2039,0.1539982673169795,0.05632538242761632
train:2040,-2.9114207595120307,0.30450041008736833
train:2041,4.223130365521568,0.5899897992123431
train:2042,-2.0257832240638853,-0.4411682419448974
train:2043,5.212909657518306,0.2733758158466949
train:2044,2.2973761008999345,0.7117881776848594
train:2045,-0.21598784686308586,-0.5478206075406753
train:2046,-2.483110407936697,-0.31303429690000545
train:2047,-10.510907426621833,-12.229461583956883
train:2048,-1.987921820641366,-0.03609999122948285
train:2049,0.7739929864279494,3.8174819841680674
train:2050,-4.639172674086268,-2.9308978942980897
train:2051,15.869675477487396,8.902890479337708
train:2052,-2.495301447888381,-8.92026377259914
train:2053,1.9240508403277943,-0.17857305960971837
train:2054,-0.39481669256728247,0.023407256483544858
train:2055,0.1296338542398702,0.042053024351355675
train:2056,-1.749258688813235,-0.23668907910356557
train:2057,-3.708699523091614,-0.904027245507345
train:2058,-18.63302623595443,-6.945612758033472
train:2059,3.800187474713613,-0.20128408991946595
train:2060,0.010592105636836824,-0.1350883327901074
train:2061,-0.2726725562898693,-0.3675618263789566
train:2062,27.296602877477916,12.634401380124414
train:2063,6.70970640682375,0.7686288095372511
train:2064,2.657640811472734,8.00721740944336
train:2065,-1.1663261816948043,0.4132507455550974
train:2066,4.9681883152618935,6.558989348946502
train:2067,6.47669166154634,4.744022573523458
train:2068,-4.521471163467397,-0.267560307745668
train:2069,0.7758768280069375,1.838429027648847
train:2070,13.20477514109148,10.630365091913669
train:2071,8.849581675871734,0.5044623610406638
train:2072,-8.113215047894698,-0.516586164476297
train:2073,-12.228180588642068,-4.208533584797629
train:2074,-2.1684846885887095,-2.5477854275642495
train:2075,3.659520484707459,5.953918060964511
train:2076,4.018110566117496,0.22685469634691188
train:2077,-3.969344254805169,-0.1365480381980909
train:2078,-2.635785725717698,-0.17852569622079628
train:2079,4.982864798718333,1.7473794748434477
train:2080,-0.9781340343024477,-0.5340284457508955
train:2081,0.19540593742363657,0.09495792977729628
train:2082,2.065522368303454,-0.42173498640585233
train:2083,-3.876881665163229,-1.3265649543816642
train:2084,-10.019689690986457,-1.4707085808470726
train:2085,3.297035333023789,1.4012038890715541
train:2086,3.007077152298197,0.33106128501594334
train:2087,-2.9874327444079407,-0.8446518163827632
train:2088,0.9361121526773575,-0.16780958681637032
train:2089,7.713929724036678,17.236214552353967
train:2090,-2.5416136381769583,-0.4181969983176986
train:2091,19.647884344581993,16.242907277307573
train:2092,8.826451151133874,2.313459851521024
train:2093,2.6750505389180366,2.6220557267210833
train:2094,-5.543875504566778,-3.3205450820950735
train:2095,-2.0937042674496453,-0.1972253898747895
train:2096,-3.5952589720165307,-0.2985296870250547
train:2097,-0.6243418909711759,-2.605393574574475
train:2098,-0.8901123268822487,-2.9781248994857834
train:2099,0.5883799632111694,-0.12110700276625941
train:2100,3.0290128416811717,1.4834675332319114
train:2101,-2.7138442729607717,-3.6042626239597713
train:2102,-11.54168863286687,-13.663401308366758
train:2103,2.5238634187911173,-0.3474748990084631
train:2104,-0.3437159787586705,0.0850886549410671
train:2105,0.6548553488008129,-0.1488904808365876
train:2106,7.879576676540124,4.132718720073915
train:2107,2.373693071007053,-2.559495597492799
train:2108,14.331952130403494,21.92396659653126
train:2109,1.581718423324379,5.180487615305037
train:2110,-9.526135285120084,-9.647958303857104
train:2111,-3.897406333027885,-0.15367275650961557
train:2112,-0.6554457333496204,-1.552725707127739
train:2113,1.6846606953532808,-0.15713399308198608
train:2114,-1.3131887649492282,0.2433508511295492
train:2115,5.116245152725603,2.4422457564676443
train:2116,-1.5775657299391206,-4.240802604056172
train:2117,1.3239220024286107,3.6997220479052064
train:2118,0.0816881798970547,0.7551145510053636
train:2119,0.10110588162163867,1.6456859990034856
train:2120,-3.97764022448322,-0.6142215109148228
train:2121,-0.757445154756067,-0.008261731408112288
train:2122,0.31257802440033716,0.00868694346386474
train:2123,0.02925059874876347,-0.03066604097634655
train:2124,2.2320706776334704,3.0063385827402143
train:2125,-0.9170606295288596,0.2729481187382963
train:2126,15.84322544907876,5.86582044563976
train:2127,-1.3382206818632159,0.12705604138545207
train:2128,-6.156323931824503,-3.3700318345132656
train:2129,-3.472352256481977,-0.0843147798656595
train:2130,-15.51773619940773,-6.522290200712903
train:2131,0.9483236489541836,0.6092952306656225
train:2132,-7.533363309834304,-1.9995499209671093
train:2133,-1.98029021661395,-3.8381652935432626
train:2134,1.705548230530967,-0.05579346008597921
train:2135,-29.57947919034098,-13.264812711641826
train:2136,4.770099025832643,1.888788578902657
train:2137,1.5969672189683153,-0.16622833439826157
train:2138,4.103678444353614,11.384939202349761
train:2139,3.60976000888301,0.07803436320788035
train:2140,0.9816897749267436,-0.31314557233181034
train:2141,0.8920873514728429,-0.2354028492405496
train:2142,-0.7119944547058574,0.03607040062293552
train:2143,-2.621030206459573,0.19720578552494256
train:2144,0.7595736017852264,0.32393081241021326
train:2145,-11.753658003821466,-4.768845043640174
train:2146,10.653135898009175,14.415543277494988
train:2147,-0.10101400123531176,-0.07956874003837311
train:2148,-2.9205238242002305,-12.495971378918632
train:2149,1.2408941953837078,-0.07052547129207987
train:2150,0.030507849141156965,-1.381059957195934
train:2151,0.949610537772209,-0.18033235271871484
train:2152,-3.9359409355141692,0.07983417198691861
train:2153,-0.5296114387373546,-4.999052798244505
train:2154,-7.920583413030043,-0.5342709691279062
train:2155,0.6687461234052069,-0.15901026805518764
train:2156,-0.6080349454176207,-0.10456291395146
train:2157,2.7435820176426935,-0.5507403036782623
train:2158,10.063640397393758,1.128763755568252
train:2159,-0.990391092394363,0.24985104827667187
train:2160,-10.20603100586994,-5.210198786059046
train:2161,-0.49303785396582167,-2.016298014740218
train:2162,0.5501031569133228,-0.005009635583210867
train:2163,25.223633274222276,7.32216818879893
train:2164,2.027151183960066,-0.06715354038677324
train:2165,-0.13816431490090558,-0.023911622265792826
train:2166,-9.06507203240997,-9.302357926471156
train:2167,0.7545631968748725,-1.3948969144800558
train:2168,0.656428974858187,1.1406488276498687
train:2169,-0.4309999799534353,-0.01489774164636086
train:2170,-2.9677946722715998,-5.4127098003655325
train:2171,-1.2335912279265782,0.2328738412426936
train:2172,0.8394058054014091,-0.12699261714387536
train:2173,-0.1594326166761218,-0.22205921303742937
train:2174,-2.166501354882894,0.06372434267777807
train:2175,-8.749151055747308,-2.5517787889579435
train:2176,-22.50724779493607,-10.25748859811665
train:2177,-0.4724520495839801,0.1087586512156764
train:2178,15.187155768121595,9.171698825270278
train:2179,4.620492621739425,0.4629163946290371
train:2180,-15.523428636794979,-10.115954237866255
train:2181,14.723624738732985,3.0027863285710596
train:2182,-0.01850364623320594,-0.12536485730170457
train:2183,-0.09973652697601651,0.04004321885998828
train:2184,14.659417913109943,9.861836471686008
train:2185,-0.6794698275630033,0.14767851743670884
train:2186,-4.494021099709206,-0.7607004948400324
train:2187,1.0161558932921677,-0.17907864952038033
train:2188,1.83288467029173,-0.036954244159800004
train:2189,2.8653943197821494,-0.03754029476730547
train:2190,-5.627865921184557,-0.7832146532319715
train:2191,-1.1842640542619551,0.12055184973564924
train:2192,3.416677869948749,0.1790690314272339
train:2193,-14.737677942265886,-5.37492522887053
train:2194,-3.018655140488913,-2.2085839581503195
train:2195,0.5650225592308242,-0.3528435106106166
train:2196,9.870620092351404,4.737026487400754
train:2197,1.177952872420589,0.025953181298915565
train:2198,0.523146718228303,-0.22322018670925986
train:2199,-4.4535608131606885,-2.3644029453066353
train:2200,-6.4105537459401125,-1.404904284980371
train:2201,-0.8081122177174922,-2.3865359140142375
train:2202,3.9592056480380826,0.5480883220621808
train:2203,-0.010881340535400214,0.2939246789199884
train:2204,11.306178042845321,7.3204208791979735
train:2205,-2.0345310925609827,0.30311945344650826
train:2206,-4.876607845260276,-0.5585387141964413
train:2207,-1.4882355150845532,-0.35088306575951134
train:2208,3.3612133338250394,0.16848588189773367
train:2209,-2.3718452010738753,-3.2751130352188778
train:2210,-34.15027953305875,-12.671243308805774
train:2211,-0.3315179650597788,-0.11759754684010681
train:2212,-6.334621726678849,-3.5810468597042218
train:2213,-1.7908496522423296,0.2779475241641537
train:2214,-8.470304378905679,-8.019651214819136
train:2215,6.5175522411845686,0.08003560905064737
train:2216,-0.441048568533853,-1.9273872327984312
train:2217,2.9076463944465156,10.500294954355372
train:2218,0.778910175583963,0.644491935067113
train:2219,0.15703765880825152,-3.205890871666048
train:2220,-0.5019888909648978,0.0668158024306125
train:2221,-15.027810931588146,-5.882093538734424
train:2222,-0.2614824815207027,-1.2984165499593403
train:2223,-0.5583693125551936,0.09399810784757454
train:2224,-17.86871841933898,-8.86296833808445
train:2225,25.04862941263228,8.459449323946824
train:2226,0.5325502351920264,-0.2530146115574355
train:2227,1.916324858254837,-3.5072267382448916
train:2228,-0.39930046333434943,-0.08957896375488841
train:2229,0.3396921860013667,-0.08668152270366242
train:2230,7.686236508959185,14.52712685664944
train:2231,14.184207251898199,9.526423217420984
train:2232,-0.8751594505781514,-0.2068290302827871
train:2233,5.548696515392755,9.191189715776565
train:2234,-1.0294466337970478,0.40854750397081285
train:2235,0.09535068050952294,-0.04154849288523976
train:2236,-2.9970230415677053,0.214554481308177
train:2237,0.00020284950533236423,0.02572606528938569
train:2238,-1.2378705516713446,0.4079868469874885
train:2239,0.7362268908839327,-0.13500844273650392
train:2240,-1.7441267082432304,-4.932205366535038
train:2241,3.470730454721179,2.8673567097024506
train:2242,2.302688236606133,-0.23831255912143617
train:2243,0.05230569078766324,0.3259839867878226
train:2244,-0.6428716022180039,-0.08970507591093388
train:2245,-1.3918278766473264,0.0935007922638929
train:2246,5.245033526654969,8.380943650843651
train:2247,-13.629471405024216,-7.285168311577838
train:2248,-0.6972545101498293,0.3880054886163996
train:2249,0.762702722157235,-0.30524758456824685
train:2250,6.154394820270094,3.6539424792958357
train:2251,-2.006566831175358,-0.08787302578883421
train:2252,-10.191609296644815,-3.8273581665420524
train:2253,5.03527901781348,2.746738992093545
train:2254,-2.726904241814511,-1.2600008470408697
train:2255,-4.928755667212096,-0.7453416320347646
train:2256,-0.9322284134760684,0.4178449942805372
train:2257,-3.420021722353321,0.02880211767473946
train:2258,-6.377802239554774,-0.3334290862984923
train:2259,1.9565726779717654,-0.09149546907651174
train:2260,2.4109063808557547,0.04976127323761088
train:2261,30.52510193669241,9.888143125051153
train:2262,1.650294069114684,-4.155610704109627
train:2263,13.99684869975538,7.1277854168033565
train:2264,1.8857817051518762,-0.021350575404561464
train:2265,9.514683754212065,2.4264252432811966
train:2266,0.9440671061169613,0.5734810902784251
train:2267,10.506367344112933,4.033179137143427
train:2268,3.6312479836952627,1.127870698897613
train:2269,-0.3112280800177759,0.28118678051615453
train:2270,-1.984907767098281,0.03308878969380586
train:2271,-1.9168788630890452,-0.3478426785766591
train:2272,-1.7990286954255348,0.2773882937889294
train:2273,0.5285180145566455,-0.4653190051492277
train:2274,1.8272940496137116,0.33428684593018365
train:2275,1.2455968255839704,-0.22789946127746336
train:2276,-1.4894868377918202,-7.267775105621881
train:2277,-0.6463598705711991,-0.09749093227783245
train:2278,3.7051139141171823,2.365728204412717
train:2279,0.32829499094013714,-0.06542192347491793
train:2280,5.840511572541466,9.811342533949173
train:2281,0.9559592047716836,-0.1423275129330622
train:2282,-0.9666315356583849,0.05027941729955341
train:2283,1.7386909641346469,0.14959587872319224
train:2284,0.12667431215412414,0.028451457403744204
train:2285,11.206715670672967,11.472378866018763
train:2286,0.28503869667788995,0.13380446834198553
train:2287,-3.227681125205458,-5.211993459048925
train:2288,-18.586010162114373,-17.05635128677646
train:2289,-10.059730157953082,-8.74889218925757
train:2290,2.967445346917932,-0.11746087778412087
train:2291,-0.9986140701849754,-3.163988538551026
train:2292,-3.830323998972948,-9.297986228609327
train:2293,1.0130223562135945,-0.19160598056864508
train:2294,0.1275623026318801,0.0537723245717453
train:2295,17.595398961457207,4.753379410730145
train:2296,-4.614045333064657,0.32105106129942806
train:2297,1.1928088136385022,-0.2302941656342275
train:2298,-2.7191661719130606,-0.25949141233171713
train:2299,-0.25153727874263626,-0.04760130573218299
train:2300,0.6756946488936473,-0.16666944162280073
train:2301,-1.1604310407220582,0.12056098002748963
train:2302,-8.175180046248766,-3.756286262926682
train:2303,5.651894026569451,0.2692423615375751
train:2304,0.13481000187552253,1.9861688478128916
train:2305,-0.194573096396512,0.9961882088646268
train:2306,-0.7805652188731167,-0.17241210986879046
train:2307,1.8761444514275811,0.7260357127801791
train:2308,-8.979586909307383,-7.995959819423026
train:2309,0.02249640834917231,0.06360564888385291
train:2310,-0.8711944103742028,0.0011504581928570151
train:2311,-18.296036174228444,-11.937919952628205
train:2312,0.42411009332296606,-0.07029864060416999
train:2313,-23.710548349099312,-8.888947442229819
train:2314,2.0511720237580855,0.07682459953902773
train:2315,0.6978388533181263,-0.24472259463663493
train:2316,-7.346116337646804,-13.911182592190894
train:2317,-0.3815261251392147,-0.32078990917518274
train:2318,1.7083705060258456,0.5575199135333111
train:2319,-16.718779119141665,-4.440042976632456
train:2320,5.431207936521954,4.2630567746334025
train:2321,0.5175204152104061,0.007886901641349947
train:2322,-8.138484188442861,-1.590163327532807
train:2323,-2.285604123773993,-7.1007649485638185
train:2324,0.5056501676302674,-0.22636129242397646
train:2325,-0.7811305573134053,0.15868907875298766
train:2326,-0.9430023879951871,0.4075340415765288
train:2327,0.03938589425279454,-0.021695243921536447
train:2328,-22.408045775992793,-7.714705744425516
train:2329,0.4547608745911629,2.5950591656787494
train:2330,-0.5512774765616391,-0.40529817852017763
train:2331,-0.14560948741964064,-0.42603991900859955
train:2332,-1.494054177296257,-9.10443203059827
train:2333,-6.652794758773055,-11.164125436581596
train:2334,-2.739181291315088,-10.082281721558871
train:2335,0.3534988107227901,-0.04230174196207254
train:2336,-3.197861382146156,-2.8732577912664232
train:2337,-0.015195881703565006,-0.18388945735540957
train:2338,-0.3110425783420562,-0.4498939477281169
train:2339,6.469539851326801,4.6077655219568125
train:2340,15.25655850033071,5.4137277680868605
train:2341,-1.7801419283216826,-6.332338473476123
train:2342,7.0414019996697945,7.448926312992122
train:2343,-8.00903191377934,-1.9316619213094572
train:2344,2.3783124811573058,0.36800786691297
train:2345,-1.6702063825930922,-7.057635161839503
train:2346,6.232811818119633,5.508420307336578
train:2347,-0.671279393926026,0.11173084653134566
train:2348,0.4964506327723636,0.186660298449284
train:2349,-2.08099205612332,-0.26870901258783797
train:2350,-30.55160281407423,-11.287797522132735
train:2351,-0.08533027622386757,0.09293585545626834
train:2352,1.4939491655530919,-0.04578837215862416
train:2353,0.2845570432040914,-0.031590768346806755
train:2354,-6.728191194248782,-1.5363804874820883
train:2355,-0.856187371300127,0.22795489651367973
train:2356,2.281901820762956,0.023978470366809695
train:2357,1.4301768043810785,-0.14893955615522972
train:2358,0.38324858385177696,2.6226534755150093
train:2359,2.4289195698927464,3.005002992236936
train:2360,4.202085456115232,8.45220786123091
train:2361,-3.5129310967330216,0.04492564242164059
train:2362,0.043261205576006476,0.05237367799044448
train:2363,0.3009069935320928,0.34516958316069685
train:2364,1.0727659836238308,0.0003056208760002649
train:2365,-9.193729299891837,-1.1075928798518022
train:2366,0.5512510357036785,0.6168131700313295
train:2367,21.815735962844094,9.21336091758125
train:2368,-2.487456447196416,-2.1039394007945686
train:2369,-2.906522864389958,-0.003541941169867044
train:2370,-34.02994427057784,-12.634724424017145
train:2371,0.03978060834473947,-0.1597141564917583
train:2372,0.7459452725340749,-0.02362202082148024
train:2373,-6.692338230022025,0.08267597532224219
train:2374,9.247340970763938,5.8717990748655
train:2375,0.04393940249193658,0.18681351615923064
train:2376,3.4132002946746054,3.0061902154978077
train:2377,-12.744921309223962,-12.848866288841817
train:2378,0.3393096759670349,0.1337054617398412
train:2379,1.7330919749599794,0.4929573373569035
train:2380,-1.510577425242365,-0.020427274642201315
train:2381,-10.105325447028727,-0.43895186360064103
train:2382,-3.9932976817135164,-1.0553798080239867
train:2383,10.992707176034898,17.362399750734177
train:2384,-0.4170877029618182,-0.10181983189666072
train:2385,0.07236056054877313,-0.734495986614853
train:2386,-3.7556639912023333,0.01978195997966721
train:2387,0.39587920233577434,0.11851065886608048
train:2388,5.312848104166695,0.955813487703151
train:2389,-9.862045810778346,-6.314972658395688
train:2390,3.450848301432575,0.13171648472673475
train:2391,11.553190028601161,8.868349444019007
train:2392,0.014398493091814568,-0.061346674776280724
train:2393,-8.76205434774712,-11.035824293067376
train:2394,10.45267506961289,3.230894116052099
train:2395,-2.568001832693686,-5.1956684972382945
train:2396,6.486001614068362,7.361574528382083
train:2397,1.1494999838139583,-0.09815059586330116
train:2398,-14.14794161491357,-9.712379360509987
train:2399,0.6005263711807255,0.5125209848762942
train:2400,9.404453916351317,10.239560068982675
train:2401,-2.229789040623986,-0.10717645999077363
train:2402,-0.2990161188244692,0.01937822988734965
train:2403,2.661242054530691,0.19260354779414246
train:2404,-23.223778934349365,-14.617401535753764
train:2405,-7.5850708558790885,-0.776303592952031
train:2406,5.199662327322925,1.4589093307542034
train:2407,0.8586772908928756,-0.017111266774417114
train:2408,0.4205497629152932,-0.07308994201275137
train:2409,30.584503385572997,10.837677498441723
train:2410,0.17709950231656893,0.48680551790781595
train:2411,5.151715490688908,6.1550264341870164
train:2412,-0.49177514080478224,-0.2213173768253971
train:2413,0.17596487364590746,-2.624798583273139
train:2414,-0.06879447553278611,0.08894848581659495
train:2415,-1.3579354652188398,-4.0231084850623455
train:2416,8.436359258838083,9.256710401952974
train:2417,0.6657957634199506,0.015851939985616306
train:2418,7.302436796310489,2.2136674736352044
train:2419,-15.04269569762785,-6.4447677459122925
train:2420,3.3578789528268898,0.4854368300966164
train:2421,0.1590785259285286,0.07904839624540444
train:2422,3.0005534442438138,2.932745577290414
train:2423,0.19628707038330515,-0.06597031162858177
train:2424,-1.3231704055564535,-2.3846017187521737
train:2425,0.48126692543569777,0.42461310842885147
train:2426,0.1828814361263134,0.23729917956908606
train:2427,-0.6584429336702871,-0.22380366942218521
train:2428,-9.214789086625547,-3.319367559769282
train:2429,-1.2628656239542533,-3.573445035782231
train:2430,-1.274452737397767,0.3403088440421655
train:2431,4.647766017235026,2.835769323794117
train:2432,8.552761327893954,17.521491662193654
train:2433,3.9549372498306075,-0.25176319093206107
train:2434,-0.06884433782531979,-0.12549753185501034
train:2435,-0.36428109435712963,-0.07507378323669764
train:2436,-14.855721166497924,-4.293951744788843
train:2437,-3.518276241509336,-3.225165203062746
train:2438,-0.5575055558489838,0.09414704573322101
train:2439,4.274893701544014,1.6874667851083824
train:2440,-1.1727652749497364,-5.650906560330211
train:2441,-7.689878837744239,-0.7503279126661013
train:2442,16.794849975353785,5.538982247342587
train:2443,-12.72618424522683,-12.300528351783093
train:2444,3.003458242413981,0.41979488223170197
train:2445,-0.19158368342689375,-0.2412313992941631
train:2446,-15.877096182509476,-22.792299637971652
train:2447,-16.537004213929656,-12.081034994653468
train:2448,1.5783333664298551,3.378762616266769
train:2449,-0.010372721905732657,-0.07153807772150389
train:2450,-0.42071963050748806,0.1242578922579904
train:2451,-1.8468926606969025,-0.13490972145597963
train:2452,2.4401566012264437,0.005308164839677804
train:2453,-0.21568448885955926,0.5317339721246896
train:2454,-11.696957719692586,-13.223107821087853
train:2455,3.357775276451738,-0.6933737228089447
train:2456,-0.575415940229225,-0.9120519160701941
train:2457,10.898948399245322,1.7449368364545215
train:2458,16.579177079715524,13.118796459565399
train:2459,3.467662935782837,2.537471561825165
train:2460,17.459407171578967,10.052863861430236
train:2461,-34.719664606393636,-12.577616731128423
train:2462,0.2271428798194027,0.017592116546071984
train:2463,12.287924507891972,12.050780571534956
train:2464,-11.758492205385709,-14.356640400792024
train:2465,-2.4557040463276727,-0.015788801065659608
train:2466,-10.294789140995253,-5.733376492021837
train:2467,0.3014100331639944,0.18745834302045872
train:2468,-7.230790550243292,-5.631762050270618
train:2469,-4.454029448973033,-5.069372023426283
train:2470,-0.4271294340241485,-1.6496648688134345
train:2471,4.028395913415609,-0.15416037115821676
train:2472,1.1193110970691387,-6.324255882624412
train:2473,6.899834001524431,0.32703511163594823
train:2474,-0.5719244174606662,-0.056975262236070606
train:2475,-12.538505830545427,-2.6856708096163056
train:2476,-16.64007061865885,-7.49240539319821
train:2477,4.916362215514581,2.3658985414198646
train:2478,-1.503729554171953,-0.9303293337265688
train:2479,2.3447840993330513,1.4447887637797894
train:2480,1.8050912657126892,0.7283148618808382
train:2481,-4.600704554656695,0.2838990478359925
train:2482,0.6401986242947943,0.03261315855324518
train:2483,-9.99854157012145,-1.715583578649761
train:2484,0.3088410257300741,-0.06548925937724084
train:2485,3.7315048981327936,-0.05372887284356945
train:2486,-2.798165710112667,-1.0429771625236675
train:2487,2.083636909133195,-0.04918255815029174
train:2488,10.666676125587271,4.52538004546471
train:2489,-4.2492369937279255,0.2729038938871944
train:2490,-8.961256182314209,-17.224582620368178
train:2491,2.8905597839551613,0.07560998540263492
train:2492,3.575346426079882,2.433911226625462
train:2493,-0.9094879536653474,-0.5232726766412878
train:2494,6.103170322448549,1.052719266759305
train:2495,-5.426728174392664,-8.758250167750735
train:2496,11.34499391980231,1.7567862433336368
train:2497,-2.776436908563515,-2.023385689102946
train:2498,-13.342367811488897,-9.742639430242022
train:2499,2.3130298387983865,3.755361190415726
train:2500,0.9347921385600964,-0.24304490351096197
train:2501,-3.3947349149788986,-8.155514522550165
train:2502,-3.1855494639095414,-0.06210791285847381
train:2503,5.805395036019822,0.7472679211334023
train:2504,2.977746966292862,0.04641616256458541
train:2505,-6.354790733435921,-6.3612221517132195
train:2506,-10.203539983367419,-13.64596016837864
train:2507,-1.544620818297894,-3.7721704028343925
train:2508,3.4608621375060755,1.5135546980622197
train:2509,-2.038824596258405,0.02828910940195714
train:2510,-5.215207912758233,-4.1112831372245
train:2511,2.161735787880952,0.07290713369625738
train:2512,4.778104887626861,7.9852995732372465
train:2513,-3.3463254864467835,-1.5810960917704326
train:2514,0.16944930162993319,-0.05460937536292773
train:2515,1.4607366944773377,-0.2378092517837343
train:2516,-1.2941582224237806,-0.7881298887799253
train:2517,5.632992382138223,0.5577672873778619
train:2518,-0.5312195848434058,0.7476225759070778
train:2519,-2.2901844809398844,0.08064990649853408
train:2520,5.029216506907753,9.86647808380037
train:2521,3.230860515938789,1.5048412611086608
train:2522,-4.599300971802064,-0.09711801692047625
train:2523,-0.42352679621675016,-5.485004592444277
train:2524,-0.6171817122549876,0.21460812177273933
train:2525,-7.078484376147808,-3.1274462573895567
train:2526,2.4563305806665756,0.2672071624220266
train:2527,1.862457077783406,2.695452145574695
train:2528,1.7368080523886196,-0.053294898659530576
train:2529,-1.4125464146843507,-2.58435367299314
train:2530,-0.5188851181574873,0.039811252382918196
train:2531,-5.067067855244514,-9.994653745620662
train:2532,0.7314399945715794,-0.06579540947551415
train:2533,0.9723758706146368,5.854803607247841
train:2534,0.371730278047377,2.8855459629782416
train:2535,-9.571547397102412,-15.953049103355847
train:2536,2.275414376194052,6.62698263228194
train:2537,0.5172900490943182,-0.018350989213371027
train:2538,-0.16455064975171158,0.3719433080178011
train:2539,-0.14371989249920641,-0.15300767181336664
train:2540,-5.262145880629564,-12.14387080438556
train:2541,0.710582097819525,-0.021255563305097327
train:2542,3.4001565978976833,9.092575716181397
train:2543,-0.8346054833588133,0.2038015654147694
train:2544,17.24147106251363,16.210113551589828
train:2545,-0.18609348470866333,-0.004531151226450064
train:2546,-17.10309209958483,-11.032775916879164
train:2547,-4.60824224555505,-0.2226832114203965
train:2548,-3.5812566174568166,0.01981562793082868
train:2549,-25.873555537634598,-8.017202584676191
train:2550,-10.03309602261817,-2.2833405051665303
train:2551,1.192049837484085,-0.02745988193226713
train:2552,-2.0872428582036493,0.5972757721009798
train:2553,0.9825933401065964,0.3492026042595722
train:2554,4.827207971547883,0.0032067711082864325
train:2555,-7.421754529692392,-0.5308539574066375
train:2556,0.0014566130241220887,-0.07945432606874814
train:2557,-0.49842856055722495,-0.06118775063393381
train:2558,0.5305134360909536,-0.10990698789429237
train:2559,-0.9681415843870506,-2.419956776652771
train:2560,0.35579596305294303,0.010784057370955932
train:2561,-4.783862121481712,-4.4408464423144105
train:2562,-1.726910153595576,-0.6988921282616047
train:2563,0.5093662450589078,-0.07930282028852154
train:2564,1.4059293177988152,3.5833641820830864
train:2565,0.7455363784894747,-0.13254326393959673
train:2566,-1.800035704522299,-3.8677271812711282
train:2567,-5.111235385808542,-5.2568631370120755
train:2568,-0.14126856224120743,-0.45746438627190605
train:2569,-0.34816243997817725,-0.13679740929398174
train:2570,0.5450060450793555,-0.08426684583349742
train:2571,2.3461002778893483,-0.18487638483903246
train:2572,-1.024702858488261,-0.15302621771866745
train:2573,1.747517403516949,0.2792871091701119
train:2574,8.186145858197518,10.10237629279423
train:2575,0.7173529089832941,0.19739210054281067
train:2576,-1.573698089737837,0.8317981602431381
train:2577,0.6084529647150188,0.4174404082233596
train:2578,23.978224304587144,12.403948248926874
train:2579,0.6371852681264303,-0.15007599216773915
train:2580,0.5660567659416975,0.35290094309817305
train:2581,1.9253637644687278,-0.13745764352269044
train:2582,-0.8604340346621387,0.19806460360117992
train:2583,0.15211884244455623,0.010932424613362385
train:2584,-2.165071504247115,0.27655629594497316
train:2585,1.7570312219156707,-0.2632228484782394
train:2586,-16.036207339130048,-10.96756851384153
train:2587,10.085166030440933,7.295066629400432
train:2588,0.2804274225660457,0.13519369930982594
train:2589,-1.2604334133865147,0.007327671266125629
train:2590,-0.34867849727153283,2.7785680454140294
train:2591,-31.829263969794646,-14.313150538183253
train:2592,-0.2052568771184135,-0.417196090074695
train:2593,-2.862433439794654,-0.6639784629071666
train:2594,2.690151026204693,0.369342030808148
train:2595,-3.137925744229473,-2.572949367841244
train:2596,-1.113988673818941,0.21057595663872397
train:2597,-4.708955243059951,-3.7708296765419544
train:2598,2.2316080857353726,-0.13680083315342187
train:2599,1.5721527667380815,3.869586847771493
train:2600,0.3366520971353739,-0.00016744236998030015
train:2601,-22.11986822538752,-7.770058709351163
train:2602,12.687222676334633,4.14225844843903
train:2603,-0.05988365380927324,-0.27118988407384587
train:2604,-17.381392964478355,-7.55817659175699
train:2605,-2.8850990480520142,-0.836027114453028
train:2606,4.2421659058991805,0.4643087641346977
train:2607,0.745707467754299,-0.0038672078166811924
train:2608,0.9649232594322138,0.10236031388689817
train:2609,-1.94117400361056,-1.6953956474257832
train:2610,-0.012411729360087748,-0.14470852185206573
train:2611,-2.4498033263571606,-0.21855118371937682
train:2612,-1.553244554094698,-7.606229317712999
train:2613,14.485584711217845,15.969515524871124
train:2614,-0.7632562620749629,0.08502616950628439
train:2615,0.6620878220297189,-0.00918731474343254
train:2616,-11.659647242299458,-6.607007896126987
train:2617,4.626967978479836,-0.08343713056250132
train:2618,1.2410015910907037,8.047047736953852
train:2619,2.4104837717749796,6.693305072210584
train:2620,-8.271550723825793,-3.596092439370716
train:2621,-3.7333480001383093,-1.4114897932918773
train:2622,-6.640448436716883,-4.729999075718725
train:2623,-0.21348264440790887,-0.1317375156846817
train:2624,2.8648062004343164,0.6003897722617952
train:2625,-4.004487756482683,-0.1414698361433049
train:2626,9.190315245098708,0.523416561579708
train:2627,-0.77042469305868,-0.18845203538102795
train:2628,1.1317352926357938,1.8062758489680288
train:2629,-0.8656453997211891,0.2506322588722658
train:2630,0.4785486750033314,-0.2776121884187051
train:2631,1.39412764539955,1.2081248228882229
train:2632,-2.6199776355477202,-4.988441687196243
train:2633,0.5507139409395803,-0.26879318246574163
train:2634,0.10192204250315728,0.042614537299540095
train:2635,-15.005217850301744,-11.230790262454255
train:2636,0.5217279093589356,-0.10988701538089152
train:2637,4.354733343823884,1.7830914700906806
train:2638,-1.6728210728794273,0.14415308349983555
train:2639,-4.832705782006614,-13.028598366292993
train:2640,3.120003040829366,-0.2389208648153026
train:2641,-4.370110629493251,-0.9683324615825013
train:2642,5.926056204953558,0.027689933999931096
train:2643,23.93980360663858,9.248055455931517
train:2644,-0.17762665822402846,0.06819704439309257
train:2645,2.70070044606373,0.20300694470303485
train:2646,-1.8697163405576327,-4.081544635413846
train:2647,-0.0501477215619921,-0.19537136998794885
train:2648,-1.9926855873588143,-0.3068699232996374
train:2649,-3.328478737509811,-1.4699111069191377
train:2650,-3.495951881948663,-0.5420984824513264
train:2651,-0.26081416407998326,0.058948914723630404
train:2652,-12.486484465876304,-5.779075885255985
train:2653,0.2604119544766582,-0.02794350207818816
train:2654,0.616710113866948,-1.4703365214545763
train:2655,-1.1292165482212542,-0.3272490200090236
train:2656,0.9900609448455155,-0.16240588065495531
train:2657,0.34928306430673167,0.05811948477425433
train:2658,32.84244837909241,13.781889610906633
train:2659,-23.584516929899316,-13.011364940444244
train:2660,-1.269092715294077,-3.5377638552699593
train:2661,2.9298215158169483,9.38125500101811
train:2662,-0.09047085774876162,-0.14124100820405497
train:2663,-0.0012443192693455674,-0.07932792859108265
train:2664,3.042723693607612,-0.0895487196631671
train:2665,-12.000587234443774,-6.805083300528761
train:2666,-0.406223999561963,-4.658091750399958
train:2667,-1.1662355229811068,0.4219701742626766
train:2668,-3.711423003834386,-2.1229115765956736
train:2669,-0.12262448154017636,0.15110637137953792
train:2670,12.729128388221026,5.852431443299057
train:2671,13.208247137367858,1.281823682659048
train:2672,0.7385231133811246,-0.1434408378943506
train:2673,0.5996418675765733,-0.10095873124746327
train:2674,1.6842050772023902,0.44287740129070574
train:2675,11.022579919572976,2.2055309569973107
train:2676,0.6913805822583737,0.24539232732073799
train:2677,-1.0295003316505458,-0.031146522584447445
train:2678,-0.4756191768782697,0.28716112991759435
train:2679,11.240319833883543,0.6632038975507668
train:2680,-13.593751871827362,-2.2014046955475672
train:2681,0.07330352740034828,-0.11468726631598025
train:2682,3.4068458162191244,-0.11440879241484814
train:2683,19.78024234724864,6.420854310476936
train:2684,37.769934505316094,21.608206866095927
train:2685,1.4533928737513517,-0.05654442658985187
train:2686,0.0799844934542606,0.1457754222312261
train:2687,-0.7042638234680951,0.1289140557749729
train:2688,-3.198926970719463,0.06632076941989097
train:2689,1.7261465876577824,0.10741878088809814
train:2690,0.10365780818310591,0.4276435093550033
train:2691,-0.6048994324440052,0.33473793941142327
train:2692,-12.768259186712125,-5.137125065957669
train:2693,-0.40368741524435214,-0.049641355315271696
train:2694,-0.15403946927319584,-0.06826800663454169
train:2695,0.7921470451585331,-0.1132486747078777
train:2696,-2.689781590679507,-8.638868748721343
train:2697,1.4731590303780706,0.3721059413412082
train:2698,-5.272768292376039,-0.36506725945518814
train:2699,-2.3801067669323692,-0.1849206096901344
train:2700,0.503573850628352,0.31184316197838763
train:2701,-0.19412700903347174,-0.11805206418078656
train:2702,0.5565729346559678,0.36391521359551204
train:2703,-0.7281795921415214,-0.6867842199947582
train:2704,0.2446730206331546,0.17616388669226757
train:2705,-12.517149427097156,-8.206957439995161
train:2706,37.431664993435774,12.996875107474658
train:2707,27.301835977382428,16.185420677307473
train:2708,-0.20352971239335416,-0.22119154999097163
train:2709,-0.34074655719771374,-0.13981382946075288
train:2710,-0.43567157697862446,0.01674357004815509
train:2711,1.7866229234412874,4.5625429011497065
train:2712,-15.783978990462993,-7.062801195091448
train:2713,2.0942993036969937,-0.08517759244457701
train:2714,-1.716487888393956,0.0895887475319028
train:2715,-13.91396867676985,-14.32438193843342
train:2716,4.660120242871366,4.548899677245573
train:2717,5.1893309532932435,6.441496759041593
train:2718,0.5138919745383399,-0.11859902572635037
train:2719,5.808280307697808,0.12413720121272515
train:2720,-0.18491678109651655,-0.2228235896574426
train:2721,11.462981354056687,4.570561009315295
train:2722,3.360030586298646,2.5874698959080393
train:2723,-5.842535991974378,-2.278024107420839
train:2724,-12.013878266788323,-12.292070277679445
train:2725,-4.4457283652136965,-5.095098332616321
train:2726,0.8148655376655505,-0.20379463485395516
train:2727,0.04513412161770275,0.09887767819302673
train:2728,-8.88335849617339,-10.475647791351097
train:2729,8.075795142051842,7.033034671943157
train:2730,0.712201169462868,-0.16368897198015114
train:2731,0.26452402451756507,0.11373095108763263
train:2732,0.08371323985699476,-0.01952965282564227
train:2733,0.9167260652734475,-0.16691196499981126
train:2734,11.352688287554592,5.091401075245324
train:2735,-4.423049274378402,-9.021346374850657
train:2736,-2.4882644720395253,0.46459579768443016
train:2737,-0.07803062256352919,-0.1484325396364677
train:2738,-3.8864194267606975,0.27925287057571047
train:2739,0.2495541787619294,-3.47959704852775
train:2740,-7.533056464957173,0.043551533499660844
train:2741,5.814417670156895,4.4775427373318095
train:2742,13.422348615302027,9.329412062661856
train:2743,-0.5719183735464198,-0.003503137429545361
train:2744,0.8730029948647778,-0.14244335351078724
train:2745,-10.032313103265006,-2.5134090228202948
train:2746,0.06826214742948102,0.06123805008098995
train:2747,4.941864279219475,0.6864085342631359
train:2748,-5.080564845589924,-8.463954612145697
train:2749,-1.2308166063709511,0.03691523793979226
train:2750,-17.406548665405275,-14.02952829373964
train:2751,1.3505724098403409,0.7415720456330945
train:2752,-0.8398455570105344,-1.0453767173479718
train:2753,0.30670310729449257,-0.00647904192627477
train:2754,5.404576125769443,0.8895809240848109
train:2755,-2.2952827550650525,-0.1304892335971274
train:2756,6.021306433812579,2.787349103591531
train:2757,-2.6620646648615085,-10.28598081509109
train:2758,3.0492534455762415,4.042896335556189
train:2759,-0.7720421374943413,0.35380227409579224
train:2760,1.9307993355004993,4.4975066910840775
train:2761,-0.013406069482758187,-0.356439418987633
train:2762,2.6449011700740597,0.369202793857582
train:2763,-2.230223737533254,0.5694455012849696
train:2764,-9.32992007402373,-8.872984268233365
train:2765,0.16752663952482336,0.0011105131660552742
train:2766,0.6430092768776601,-0.19038879853767215
train:2767,0.006088459690228476,-0.14021784487469047
train:2768,-13.725265586165422,-3.7293755836919718
train:2769,-0.32554146370294484,-0.07590435447255375
train:2770,-3.3251564443401542,-0.11224377196219398
train:2771,0.1767501175814728,-0.2814797229779733
train:2772,1.0337185782595548,0.8226085215057786
train:2773,8.44844057850037,10.396828204647033
train:2774,7.314390728857118,10.368857555593976
train:2775,-12.865281677194814,-2.5227427489757606
train:2776,-2.857520667345205,0.0991025116295965
train:2777,-0.8348621172560496,0.1452852396880448
train:2778,-0.5503715867993838,0.15973449716871313
train:2779,-3.0790380280598377,-1.5040244451294413
train:2780,-0.07750387219112212,0.2888821899295092
train:2781,4.267780944308837,0.429292953640295
train:2782,0.28213645554836553,-0.05390406031825706
train:2783,-11.009537790622309,-0.9553651645961776
train:2784,-0.18853708573017397,-0.5704802799588207
train:2785,-1.7708477829599967,-6.9282903118392785
train:2786,0.26754737639025983,-0.12874392124751152
train:2787,-2.4095011114120135,-0.05146313385905091
train:2788,-3.5499556504906398,0.2787783807216298
train:2789,0.09194005320857127,-0.10691967053276247
train:2790,-0.12165443330361203,-0.023507606851855253
train:2791,4.874224045387938,6.85466928505184
train:2792,-1.3400027067329745,-0.19945375172708635
train:2793,1.690265031067474,-0.5293916841040738
train:2794,0.5846892237307162,-0.1249194702528652
train:2795,-0.08795263763213065,0.14165366610852687
train:2796,-7.95618578727381,-1.7181295034651316
train:2797,-3.1970928752038885,0.1414425281097177
train:2798,-14.653789342357337,-14.748684860840353
train:2799,-5.516152534834533,-5.5261017479476235
train:2800,-0.8494825782765891,0.29474811711534427
train:2801,7.0722157341644065,4.540136879651752
train:2802,-11.09151465396304,-9.218662823743196
train:2803,9.78072663118071,1.6958863407933285
train:2804,0.8974020442196844,-0.24968662018161075
train:2805,9.9530841881637,14.49283233921043
train:2806,0.4613426972056085,0.0029816523500966335
train:2807,1.6521309541291411,-0.029743025535606413
train:2808,2.1816332834134124,0.0003912173620039955
train:2809,0.22820486528998596,-0.2601990099493479
train:2810,0.7265917292838,-0.01506379882920808
train:2811,5.988987299754106,3.269530943226079
train:2812,-5.752278501199452,-0.44700877550655144
train:2813,-0.06848443435485232,-0.17128737204270156
train:2814,38.91863526800936,13.32669206348476
train:2815,-0.10181621462241536,0.014102918454940258
train:2816,-23.927290552642724,-6.189284490277543
train:2817,-7.962830373613123,-2.771360881111392
train:2818,-0.5085535116695649,-4.488598439282927
train:2819,-9.840064559580282,-4.319080590506576
train:2820,3.0423210759354986,0.4794562036195364
train:2821,4.651154328544914,-0.29483420140265404
train:2822,0.8062509839692366,0.016240833353693224
train:2823,-4.362387901835658,-0.1300295804672874
train:2824,13.009526026441605,10.502135849447692
train:2825,-10.953857533251647,-7.214293279880276
train:2826,3.7289701734811045,1.246575335044335
train:2827,-0.7570443967498756,-0.1658848071677666
train:2828,-15.315320862127422,-5.377602116309486
train:2829,-13.329232991081797,-6.362023905465454
train:2830,-5.286097447871989,-2.0362049041684833
train:2831,7.397581024211956,9.118500038575725
train:2832,0.09871016699761957,0.06404333224895194
train:2833,-3.5332126132783754,0.03397442800232438
train:2834,-2.660800092034547,-0.32831612286787
train:2835,0.30302747759965565,-0.5598546175079386
train:2836,6.538393052255964,2.242419618605475
train:2837,0.32606955197710136,-0.17840899967821122
train:2838,0.8712074874170849,0.0040966892411051226
train:2839,-0.6502264647104017,-0.1551244729122387
train:2840,-25.79620831260669,-10.84270834906466
train:2841,-6.282838864164222,-3.072594887871891
train:2842,-0.9733956055331866,-0.7581708333570025
train:2843,-0.44715338683930517,0.09850618944377057
train:2844,0.6428323761568296,-0.221660048091032
train:2845,2.295095220646599,-0.04892462740580053
train:2846,5.541441958631025,6.215271523609395
train:2847,3.602443153312893,9.955377452877356
train:2848,-5.55260059215633,-11.826441371829917
train:2849,1.6788143706109873,1.3151837004621134
train:2850,-13.56067120457383,-3.143965808545035
train:2851,-2.35838028996562,-1.3255260983631991
train:2852,-0.06660646234643061,0.08316786979514358
train:2853,0.8771134376980029,-0.14562640150364567
train:2854,-4.534326569069717,-0.19275810927025522
train:2855,3.2846843618028125,-0.16788177318623343
train:2856,7.111250121867228,2.566581214785311
train:2857,-2.0304500556951495,0.06027138043238791
train:2858,0.39982820292114557,0.24657042028976922
train:2859,-3.34196549969265,-0.04002801397219366
train:2860,-0.3162995052161955,0.015242207683649797
train:2861,0.7897590016564422,-0.27237197154555726
train:2862,1.8762341803083178,0.16502264807402306
train:2863,-0.14403388546722445,-1.9492651239777428
train:2864,-38.9232385791596,-12.490112014130057
train:2865,-3.8312217526967944,-2.7552781573561527
train:2866,3.4423942601511537,1.3136700692679477
train:2867,-4.752439811314124,-7.144363804031435
train:2868,-0.4921275474970016,-0.29483762526209417
train:2869,-0.3206182306326848,0.102494415048304
train:2870,-0.13509702842080357,0.1001165446671206
train:2871,2.7823365256242543,6.883017699929793
train:2872,8.366348415872473,1.7318999209929147
train:2873,-2.0448638613401062,-2.18629491851657
train:2874,1.9821258824895143,-0.24294104644127745
train:2875,0.8927524144981989,0.21796550127542533
train:2876,-0.7936393676795116,-0.1406943319801112
train:2877,-28.337181441793355,-13.028345000694422
train:2878,5.882036052913849,2.2837461726913117
train:2879,3.3133687788167325,4.655004510652547
train:2880,3.03146388136637,2.6179696358008857
train:2881,-1.8557516442328392,-0.36353051720980134
train:2882,-0.3951745620281477,-0.08215460988054554
train:2883,3.9304338267258285,1.5052273012605375
train:2884,0.6890936580907918,-0.05885068124441217
train:2885,-2.968181482783376,-7.326506278528475
train:2886,-2.977291056302303,0.013833574845648539
train:2887,1.8825682024386565,3.170771144283085
train:2888,0.8879393666338175,0.049542716876681374
train:2889,0.3743976201251285,-0.3676913623944423
train:2890,0.9811266448397374,0.011716203103536466
train:2891,-2.4737534988501437,1.0507026135490574
train:2892,0.6097791389756464,-0.33921940325502414
train:2893,-3.6460269218542245,0.027849714107138046
train:2894,2.650319771654293,0.006553308389411955
train:2895,2.463248537896423,-0.030079419725601034
train:2896,-0.6307702911470563,0.07121175263014366
train:2897,-2.2268963302823117,-0.0803893250175288
train:2898,-7.524877189315728,-1.2791487809599025
train:2899,-1.0928298598748825,-0.6477410948338804
train:2900,-0.714782558839419,-0.5870891367813629
train:2901,6.443314842494728,5.596121896252752
train:2902,43.47378652199349,17.046823767422133
train:2903,-13.968126797583352,-3.165425988872648
train:2904,-1.6461378888558214,0.25647735757984
train:2905,-4.541132946344244,-6.962209916669593
train:2906,1.2849977999316673,-1.0564608916422138
train:2907,-1.7720588903917007,-2.1589984844516033
train:2908,1.2256054169224488,-0.22320592062825922
train:2909,0.18425270728554966,2.7130955785914024
train:2910,-7.547928213335423,-3.557581724352781
train:2911,4.008804797843798,3.979552653340475
train:2912,5.800754704627946,6.892627902735051
train:2913,8.634837683361514,8.869085003155398
train:2914,-0.17903349549402298,-0.10712139291811124
train:2915,4.23381461115995,0.7748479648886617
train:2916,-6.089938972490318,-2.5637357620878034
train:2917,1.640745846896405,3.330873664920647
train:2918,1.9229234178625805,0.7910468145432461
train:2919,2.7407013951295123,0.09390594896431052
train:2920,0.34561963866950784,-0.14221424024991727
train:2921,2.8380786168868233,0.08588070775822154
train:2922,-3.171223527479399,-0.3666416641544166
train:2923,0.6927037345618782,0.6719364510528665
train:2924,-2.3014875304138123,0.11492473674576453
train:2925,-15.280566495544088,-12.806492604410534
train:2926,-3.9451267553358984,-0.3777669247619404
train:2927,-27.084940059560783,-8.913765287381738
train:2928,1.1778161869753219,0.24927755182044695
train:2929,1.1160606334957195,-0.07200828775128434
train:2930,5.720737929169005,4.553084204124675
train:2931,12.18819527365981,12.160700155001496
train:2932,-4.81574981304628,-2.654545644732392
train:2933,-1.746059249823551,0.4001176767075463
train:2934,2.2966824455110277,-0.1783299655894678
train:2935,-2.2607162147398405,0.04621187228465653
train:2936,-0.3229077118409095,-0.22792685215298453
train:2937,19.84818896104083,15.663691834531106
train:2938,12.942743563516592,4.016874147846198
train:2939,-7.131308186662275,-13.566993415537526
train:2940,1.4769106739174696,-0.027366296440903062
train:2941,0.08807125071608635,0.05101668836566547
train:2942,-0.13206705148826164,-0.03550509565175697
train:2943,9.11139846203263,15.515332581130014
train:2944,0.34746442726413385,-0.33465026283214544
train:2945,2.1784527897703088,-0.028303007319403786
train:2946,0.21640726090992535,-0.07368854677153741
train:2947,-14.86910332247265,-5.596733114981695
train:2948,-12.54282862398112,-1.3474051308289905
train:2949,-4.834583579671356,-0.16283643097955403
train:2950,-5.737747071684928,0.2121383778299119
train:2951,-0.3957564050034942,-0.34607996160822246
train:2952,-12.883543596548874,-19.38311485938324
train:2953,5.381237318448318,10.371294202228883
train:2954,3.7494158055440754,8.08749949495273
train:2955,0.15329938161766712,-0.2296969874835415
train:2956,-0.3664536490705085,-0.31285739749559777
train:2957,-2.175495629114657,0.16392473048021533
train:2958,-8.61240889066954,-10.133722927074148
train:2959,0.41360367823837546,0.10283280648963872
train:2960,4.6160489500188016,3.6520570740307936
train:2961,-0.3712210188906808,-0.1340925603362641
train:2962,-13.97256489030621,-10.857590724764506
train:2963,1.3406794520517709,-0.007252834159748409
train:2964,-12.161464143857286,-6.578514537866068
train:2965,0.6825458906085429,-0.2813413419922673
train:2966,-3.4175502263429802,-1.308227333863467
train:2967,-1.1029734076464424,-0.16370837385031195
train:2968,12.300822220894018,2.6359146537699463
train:2969,0.40167299151577157,-0.16052932036013373
train:2970,4.873317458250962,0.3288611700040277
train:2971,-4.673318464996627,-12.487710747376033
train:2972,3.9395461897436386,5.527868970243103
train:2973,-0.9280583451042191,0.2645068786102292
train:2974,21.208382090379693,9.07632950313789
train:2975,-13.398963954326145,-6.515130910623552
train:2976,-7.237402127512489,-7.970472039107319
train:2977,0.20970711705119238,-0.17684800509512333
train:2978,-1.982344682541282,0.45837264783033954
train:2979,-7.60367774326168,-8.337166814504025
train:2980,-1.1140011103347942,0.012677736962978275
train:2981,-0.16344391606988012,0.8092731596296385
train:2982,-0.2882728287930636,-0.2411971606997616
train:2983,-1.9354611098981698,0.13093099430684058
train:2984,2.5754063844018056,0.2935015469575101
train:2985,0.19603334221407198,-0.1882140771499376
train:2986,-0.14903220254908534,0.7584916176998304
train:2987,-0.06787568433819699,-0.2172369923375997
train:2988,10.427648615467549,8.824395077812856
train:2989,-15.253860763071177,-6.432928039968258
train:2990,1.5835978481968027,5.368090004322636
train:2991,-8.222883266647,-3.9494578446453024
train:2992,-0.6340251714270403,-3.763408746527052
train:2993,-8.656468095693612,-8.769701265648314
train:2994,2.302789123482402,-0.163708944493552
train:2995,-2.2405518571475724,-0.00836244993997666
train:2996,5.0655306682831664,0.2541662524577395
train:2997,16.896437945674986,11.80000112812773
train:2998,-10.857156764973464,-9.488186185655517
train:2999,-22.815833319369393,-18.922976682789233
train:3000,14.079750746892307,2.8402035070907297
train:3001,-0.017647734992604525,-0.593735418597932
train:3002,3.4254926864190387,2.1068022581108976
train:3003,-17.479272760951087,-2.6673822644167506
train:3004,-2.4801191353011567,-9.957721715126254
train:3005,-4.325558148083369,0.032767802871291905
train:3006,-4.681112789792218,-0.22170684083671405
train:3007,3.6135978944295415,-0.09940544034811571
train:3008,2.274600772353176,-0.6314321110339711
train:3009,-18.56552222265168,-4.312013173978868
train:3010,1.417016646025791,0.1642368723325089
train:3011,-41.33511370004088,-17.638469021071696
train:3012,-1.1582624377987636,0.49784803524553617
train:3013,2.4395675520456495,-0.11509812944879813
train:3014,2.7510290498273506,0.12590847782976217
train:3015,-0.555491944457376,-0.17134928683424422
train:3016,-14.241783146836674,-4.680240697118281
train:3017,0.04835035571524515,-0.02406854915679965
train:3018,-6.959560135185221,-7.014345595007981
train:3019,-6.274687483511607,-5.4627146968456675
train:3020,-3.8359783132087952,0.06472953074508178
train:3021,3.7072051084464737,0.47930840702037
train:3022,-2.275549375050209,-0.14170294390685503
train:3023,0.8967734771380478,-0.1854498812952574
train:3024,-7.030718392024705,-7.582474010274006
train:3025,2.820232797782811,0.22659619495918062
train:3026,-2.920327164528979,-8.43985235361677
train:3027,-0.046064825030236706,0.0997165237558632
train:3028,-0.19525373412396474,-0.016708392646959586
train:3029,-5.508574861118855,-4.349263908722828
train:3030,-0.4332422721388892,-0.14203249037796936
train:3031,12.673728010571626,3.2902335946525594
train:3032,0.5135258528099458,-2.1398796533378115
train:3033,4.746240441886318,1.4099732490626355
train:3034,-5.066369550690803,-0.07520959632782354
train:3035,0.7001721529046383,-0.15927333458883908
train:3036,9.690515167137354,1.7833125943461903
train:3037,1.6328494729333438,-0.7418487247625727
train:3038,-4.168554922785388,0.1675163590329315
train:3039,-5.075500510367832,-2.977083475572738
train:3040,1.5833284290963525,0.06226749048599471
train:3041,2.9716309899918776,-0.004657548704115555
train:3042,-2.2936411349724053,-1.804302053819659
train:3043,-0.860801202452614,-0.729527395923957
train:3044,-5.728077738723479,-0.9048843516538623
train:3045,5.323523516391947,0.09716260993513215
train:3046,4.375162703810037,4.7256723988539795
train:3047,-1.3151184008015453,-0.2885223165247396
train:3048,-1.9567603286193394,0.14601395110555648
train:3049,-5.674087917675917,-11.989006218048186
train:3050,-0.7185806940268679,0.3179430528926329
train:3051,-3.338192702453388,-0.3133290341334783
train:3052,10.013633980751125,4.438236830958901
train:3053,1.7212440433709042,4.1689111969292485
train:3054,-21.895181529025315,-5.560944082897059
train:3055,13.15931467779518,7.569800534737418
train:3056,5.944028016423785,8.460139231624016
train:3057,0.828769911076999,0.27462238600452904
train:3058,6.743942856447807,4.441426726670639
train:3059,-2.6310761217702283,-0.43156659878823994
train:3060,-1.154058895440318,-0.5836207671684921
train:3061,-1.389028730747353,-0.2109550662297865
train:3062,21.951465539827336,10.457869912032487
train:3063,0.08369353902113355,-0.2176655454108583
train:3064,-0.6286127299901736,0.13751821454806704
train:3065,17.61214897241668,5.919652075687501
train:3066,0.0274896113497477,0.19206086607287884
train:3067,3.293556363000204,0.31596805663890704
train:3068,0.45675583120899055,1.3674232358701852
train:3069,-0.6045028586861383,-0.15283248433867902
train:3070,-30.932698572472336,-11.121286107266453
train:3071,10.237899462781996,16.20715990217946
train:3072,3.841345135982881,0.3927247082114048
train:3073,-22.528699041346364,-8.536852574129147
train:3074,-3.6484556455483594,-0.1523793936060993
train:3075,0.09209603268777919,-0.11580715367452896
train:3076,0.504182193843087,-0.176909349243426
train:3077,-0.9814821303367721,0.1671411611026152
train:3078,4.365643538871789,-0.1846726652023436
train:3079,-6.3285280663689285,-2.6286373003487857
train:3080,0.15985993430312984,-0.41365610473520104
train:3081,-0.16539121874845647,-0.4919777453934669
train:3082,-0.021950537019636673,-0.015353685595140679
train:3083,-0.13402400118380836,0.1341993534640827
train:3084,5.666147436028636,0.4715576452127329
train:3085,-0.38737535560951164,-0.38828616224855783
train:3086,23.54738806177325,7.301899511556488
train:3087,-4.133291007739425,-4.324251759547681
train:3088,-1.8880703133748318,-0.31287822597385867
train:3089,1.222023467898433,0.2171877145392715
train:3090,0.5410993518937098,1.884557259277873
train:3091,1.8649711136517126,7.970335024910836
train:3092,-10.657460259271122,-5.278854015552912
train:3093,-0.36256148452487846,-0.32600986821330974
train:3094,-16.78069669601472,-6.0393091752207
train:3095,2.7715276823690984,0.07140006489935186
train:3096,3.5754217425497234,7.191167332116153
train:3097,0.46886481340186636,0.15280489098347178
train:3098,1.00292111584176,2.3668908900142673
train:3099,-1.6886768169886563,0.019843589449589888
train:3100,4.694674695368085,5.0251060261922005
train:3101,-0.8393476314599184,0.8523926747756336
train:3102,-4.196179330223767,-2.9269393421420373
train:3103,-22.18894179672844,-6.0546988527609304
train:3104,21.927883116270426,8.538256867323971
train:3105,6.412534581986712,2.30853206182179
train:3106,2.378843880694518,0.1533869470882971
train:3107,0.1723553783204217,-0.07436276175962672
train:3108,-0.18528383265787168,0.052927201933268546
train:3109,-10.16111728435471,-3.542792648822678
train:3110,-4.212109228511636,-0.19305826761450828
train:3111,-1.863896051138247,0.13613155147480674
train:3112,0.6859624455946209,-0.11278959222127774
train:3113,17.182434108153753,9.36445754660474
train:3114,-0.28790298773282547,0.00618067835367575
train:3115,-1.7779254390008963,-0.008177561530208627
train:3116,-8.791904775294135,-2.3051011291600165
train:3117,-2.030394265717489,-0.4349482306286269
train:3118,0.6302746333311506,0.7080924067408387
train:3119,-0.6580297391482423,-0.3701066099078473
train:3120,4.4927456607263805,7.116044432139846
train:3121,3.147004925100355,0.45263425940865
train:3122,3.5251717096713073,3.1410566094885124
train:3123,3.209809097701726,0.21586467818727395
train:3124,-1.2047187521962957,-0.06835845358808562
train:3125,7.511084803928387,9.637411045032849
train:3126,1.2014055842794367,-0.17733590506534458
train:3127,-4.399832740091648,0.441273323142996
train:3128,0.6047837276217887,0.0011704307062578717
train:3129,13.751996715967946,7.889461182361559
train:3130,-0.42038675030744976,0.1024276497892211
train:3131,-0.3554630234714766,0.27408170153460554
train:3132,-7.029316668835996,-7.164361425734865
train:3133,0.29021600660474356,1.2232665559406615
train:3134,0.29441699192254606,0.48376313347362365
train:3135,7.933122967265288,10.483115168971185
train:3136,-3.744702190425093,0.2828125431069852
train:3137,-2.698723329348973,-5.529422320961328
train:3138,1.3782677170419961,-0.12389944546132084
train:3139,0.5489831731117971,0.042531223386496474
train:3140,3.252881285037695,0.040680627359096
train:3141,-0.13729585091533064,-0.00977308002931801
train:3142,2.420290255098177,0.16629404121279837
train:3143,-0.07901508321098902,-0.4100433623826039
train:3144,4.021381253557817,4.60677887979481
train:3145,2.3283395385012677,0.06077354648360975
train:3146,2.1518023823585786,0.13644026946766016
train:3147,9.67730317059449,2.7688671103336078
train:3148,0.19469705601999343,-0.11314139377875304
train:3149,2.609387129961587,0.8923305685368705
train:3150,-4.6561486344552625,-0.5811184965609832
train:3151,2.0504446619243426,0.40064124188026906
train:3152,0.03286137259457063,-0.09560809490737057
train:3153,-1.3567861916790425,0.08833247643898816
train:3154,0.08291951119566028,0.06577837302024739
train:3155,-3.9019476372094135,-5.442730199936758
train:3156,-0.6445029941480801,0.011381806164881922
train:3157,-5.879116550493118,-0.15805558191462615
train:3158,1.2710823847538069,6.042750094139174
train:3159,11.61715230815546,5.140682396097107
train:3160,-3.1286976170080183,-6.078083812737147
train:3161,-7.625566011163643,-0.25990284610777503
train:3162,0.29851616053111896,0.02233615912201828
train:3163,-1.1814331778121878,0.35070425194569754
train:3164,1.4501438049273738,-0.2555939190023476
train:3165,-0.9823136334621473,0.1047296246194812
train:3166,-0.14339875144030068,-0.13185392690564676
train:3167,-2.0982283697213955,-0.7182058340418647
train:3168,-1.3440207474157,0.030993387716434742
train:3169,3.721121918373776,0.24794795307118914
train:3170,24.925592055566703,7.360460632777555
train:3171,0.5670645886423025,-0.2892829839636926
train:3172,-14.347663226105858,-3.622130034448188
train:3173,-19.118324654960073,-12.251673301431609
train:3174,-0.21370045777902336,0.22846533689188192
train:3175,-12.340692236589112,-3.44947393317332
train:3176,-0.4877869710059288,0.08189790326446836
train:3177,1.2383250669124624,0.8921385470866021
train:3178,6.307046892227071,10.869573031699671
train:3179,2.969324539332115,-0.10697473760542486
train:3180,-0.3863360348173527,0.08623108270759679
train:3181,-5.4502757292135335,0.2125957483867918
train:3182,0.5078359724633404,-0.25289192326083015
train:3183,0.8734576831827073,-0.1398532038443146
train:3184,3.535120922354018,0.2049148903760578
train:3185,-9.354001817880697,-4.569705104274134
train:3186,-0.2349682946377591,-0.0010744797999997502
train:3187,-3.7357985749070277,-0.030666611619586573
train:3188,-2.338292178676154,0.3244198536669145
train:3189,1.7773443527816988,0.4433938334229282
train:3190,2.495185975524405,-0.17722862413621987
train:3191,-0.012359310026911319,-0.16445534585150445
train:3192,-0.2630287937348474,-0.2739138495801043
train:3193,0.24522720107791124,-0.11948837321592903
train:3194,1.0698554902267776,-0.09455211959170468
train:3195,1.520008664118106,-0.06152043564286827
train:3196,-1.0599160976378497,0.3579656871750133
train:3197,-0.15871525054670954,-0.06621283500559233
train:3198,-8.390161146164042,-0.5273119748158035
train:3199,-3.070110701801267,-2.144873352331269
train:3200,0.7327414120296204,-0.2517132596485589
train:3201,0.5781208836942051,-0.7129981438333981
train:3202,0.9166182046499713,0.32222544508739914
train:3203,0.6986372311442659,-0.1750122457919635
train:3204,3.483107926181544,0.1930857413319634
train:3205,-0.18050263157240454,0.07017803240083871
train:3206,5.412846989957547,11.302466417441934
train:3207,-1.5936067432658296,-0.051601514844756946
train:3208,-5.9165618536655895,0.07902728244552353
train:3209,-0.12929580057711826,0.026138925673543645
train:3210,-18.966256053186125,-4.528066978979243
train:3211,-1.1100738445948863,0.10915153908643349
train:3212,0.4866715795215161,-1.2583425577853575
train:3213,-14.44074973366463,-7.205967024365074
train:3214,5.442719268579146,-0.06982700396628949
train:3215,5.328395841107592,1.5845227446079058
train:3216,3.0796998960512583,0.06727830877665261
train:3217,0.13470411714708855,-0.07385717184896473
train:3218,-1.5460127782405126,-0.640694792106054
train:3219,-0.1381796571447621,0.06975832429780046
train:3220,-0.6294773584147844,0.3328334175978404
train:3221,-0.8989768894159519,0.7281100009576693
train:3222,-9.977875102730241,-4.438081105173251
train:3223,0.7773257402184173,4.646834040741871
train:3224,4.211380531309879,0.3568945898134867
train:3225,-0.15274827997772583,-0.29035037214415904
train:3226,-2.1901484018305912,-0.13659368965729288
train:3227,0.176240336660604,-0.3333337888774082
train:3228,-17.835571733945216,-5.220892640377111
train:3229,2.5176684066884483,0.42255822212152216
train:3230,-0.5369264346415495,-0.9625313024044091
train:3231,-1.4632455568829306,-0.442767754946687
train:3232,-1.7613746447533187,-4.070994012549027
train:3233,6.539790591196349,9.093849391893132
train:3234,-1.6342927467656296,0.2509715062784606
train:3235,-2.137783463882378,0.7624147899750009
train:3236,-0.10272977550659884,0.13230795644502047
train:3237,0.14453558973111252,0.3244441060046156
train:3238,-18.082453543086515,-6.812689404275051
train:3239,8.699400635008619,18.381304940241602
train:3240,-3.0683389050940795,-6.091865417626987
train:3241,2.321066385080318,0.10286704508404021
train:3242,0.03809389135348365,1.6443058983274854
train:3243,-1.4151885350430349,-3.0086023842922685
train:3244,0.6524475463483007,0.3479226514721966
train:3245,-1.3390779878532588,-0.44561925921709095
train:3246,-1.9724889180711518,-0.20729667241798744
train:3247,-4.660460269895425,-0.13343860318319567
train:3248,6.09326062766668,12.32683608661584
train:3249,0.19850716280681516,-0.10548849728678025
train:3250,-0.43195201267638017,-0.3853647541812508
train:3251,0.761683625231978,-0.18536827931193384
train:3252,1.902519628282855,-0.18612038710228657
train:3253,-1.8496263696022455,0.3466190169903599
train:3254,1.9540307471146288,3.2719750082231056
train:3255,0.4133456495916977,0.5275388883456473
train:3256,1.6584159275707875,2.818182099136552
train:3257,0.4049404245407291,0.08484869945863667
train:3258,-2.9922841478819637,0.18324556930097552
train:3259,-0.19037769007647548,0.008631591069582334
train:3260,-0.2489562367865777,-0.214669097757488
train:3261,-7.237352846365556,-11.315778442764111
train:3262,-2.959803687804757,0.08537625913403961
train:3263,4.003849253078143,0.40693743406908284
train:3264,0.5286937529862747,-0.21703555527387092
train:3265,-0.7328043488313002,0.2462457242861951
train:3266,-1.0314506562862453,1.1691809896511094
train:3267,0.5095322202424465,-0.0957761493415579
train:3268,0.8109289735960326,-0.2565999630345114
train:3269,2.1073665949853013,-0.041261744657127314
train:3270,-0.4415595117459231,0.10055879317813983
train:3271,-1.0499924553615663,-2.942453705230212
train:3272,-2.3615105726288297,-0.6439451760012354
train:3273,-10.137182454105583,-2.4442111116051657
train:3274,17.55480617371175,5.782044311571717
train:3275,5.720816035137728,0.2725338317460383
train:3276,-1.3753501905163072,0.11453213419662747
train:3277,-7.995403352069948,-6.416036429420283
train:3278,-2.440635638278171,-0.26646353143834034
train:3279,0.08096012068859092,0.00551702026552689
train:3280,28.39329250366463,7.852179347561018
train:3281,-0.34357569021067946,0.1996210330383476
train:3282,-0.5189755444129447,-0.3688295103366718
train:3283,2.7388380098756664,6.020151480547711
train:3284,8.168344206159153,3.100506130209109
train:3285,-5.381878146435261,-5.773970910830722
train:3286,-6.798370336980333,-0.9886901591703867
train:3287,-0.7177185064137797,-0.5121899289551459
train:3288,-0.5568095177631145,0.11931070068859527
train:3289,-4.132360244945463,-3.9067937028048467
train:3290,6.179899673473871,0.15559162724613296
train:3291,-2.152901153078813,-0.11485788864474766
train:3292,5.700769766331508,3.2467619926274693
train:3293,-0.5233085660112093,0.07927950675761448
train:3294,2.3883909406215955,0.04171349162354091
train:3295,0.3148795934370549,-0.10368640593478187
train:3296,-0.2685320101145318,0.07051956237999356
train:3297,-4.995805457113398,-1.1944932856589812
train:3298,9.952429585759155,14.700132191587205
train:3299,4.0505017622304464,7.7089427585256285
train:3300,2.597999465688208,6.9661067795368465
train:3301,-21.66141222430005,-12.018651134367476
train:3302,-0.7566845513939682,0.2628736976572782
train:3303,-0.6472446066335916,0.1076296335652873
train:3304,0.31148570312940127,-0.23783578669439542
train:3305,-1.2751970686830485,-3.7020069632571415
train:3306,0.010802480344263315,-0.1532065409825153
train:3307,-0.658663885227645,0.08351139702563852
train:3308,-0.14389301577363278,-2.320266543906916
train:3309,-2.0508064237938637,-6.372177931278456
train:3310,25.54286910539091,8.125075211021885
train:3311,0.25187992345563315,-0.008101951300905338
train:3312,2.0275277663092717,9.82506536258529
train:3313,-3.004042350590302,0.15177345332712694
train:3314,-0.13574837640998472,-0.1108205877215721
train:3315,1.2538983742597876,-2.083315783456832
train:3316,3.7964258354698837,0.22868446389605143
train:3317,4.04640817261964,9.228190794103014
train:3318,12.434495007367522,5.462375104298975
train:3319,0.733311399634714,0.3596465168385064
train:3320,11.349342748560911,6.096553762668154
train:3321,0.40194543257334486,-0.0010933110269205626
train:3322,0.8147057226253784,-0.05763492582153931
train:3323,1.1666898057639838,-0.2507842524537985
train:3324,1.7447850893610473,2.5456625748924813
train:3325,-0.4095432126599362,-0.04779789232837153
train:3326,8.26017171988873,1.491830595236095
train:3327,-0.4769805685622953,-0.3921876500806075
train:3328,2.0806574918679077,-0.06395993549397436
train:3329,0.01528183440476552,-0.2577386816199809
train:3330,-11.290004236482003,-3.9099827425517257
train:3331,0.45252032584251084,2.3053744074531126
train:3332,6.292610305674569,8.468393586090974
train:3333,0.40512197442636455,-2.3328557897467235
train:3334,-10.335134593173086,-8.894869007131556
train:3335,-7.5498306515736315,-1.3776495078719257
train:3336,3.434669672827638,-0.6033102415223082
train:3337,-3.520886747547346,-6.085925021498328
train:3338,0.8200192530810186,0.0896050108642435
train:3339,0.5925481719170966,-0.049988306405206795
train:3340,-1.8157218703452656,-0.7379923177464849
train:3341,1.0772819498571726,0.5059945381401304
train:3342,2.4569117262672013,6.179432845562878
train:3343,-11.779941592130081,-3.9565886025726527
train:3344,0.8790406327387976,-0.13934419007421248
train:3345,0.32529279276730516,0.029282599282840355
train:3346,-0.11995097931905818,-0.024433190187175505
train:3347,-10.87124466416559,-3.6778385101123705
train:3348,-1.1037368005074244,-6.296140290188389
train:3349,-2.0546963799862117,-0.15516013811474025
train:3350,-0.1690956732650845,-0.5372314662571549
train:3351,4.563012207756265,1.8087567204540367
train:3352,5.856893834564862,0.37093355480457724
train:3353,13.879917555744699,4.475495554708221
train:3354,-2.187923776471396,-8.600020498226934
train:3355,1.6409841165926613,0.40564663906014675
train:3356,14.289297902983494,10.536232924325654
train:3357,4.187410832324715,-0.04739216498471388
train:3358,3.8176725186287563,-0.2248236942137296
train:3359,6.030212838829527,0.02889399123638345
train:3360,-11.380685266170664,-5.5129404322596915
train:3361,-0.2636960651134857,0.0486028674603605
train:3362,-1.3495595299061427,-7.016965988766175
train:3363,2.2097360899102263,-1.042833931070421
train:3364,-3.112221441855561,0.11340054865165826
train:3365,-15.618838796923292,-9.11016357130108
train:3366,1.4463786788100403,-0.5388928940504871
train:3367,-19.611909745314158,-11.171977487564337
train:3368,3.2372498631303075,-0.02497929576787926
train:3369,-3.112161002713096,-0.3936599096398715
train:3370,0.9873438567043504,0.33742195989088
train:3371,-3.862172637553155,-0.06417677992518378
train:3372,0.4896303080034213,-0.29225603524422195
train:3373,-1.623542947903497,0.4323775656742491
train:3374,1.6004896586828274,1.6760527790214061
train:3375,4.4867073254776395,11.631073609783185
train:3376,3.402504426124211,0.340780766001666
train:3377,3.505373241349193,5.466196131434182
train:3378,7.61341571078543,5.223680743428996
train:3379,2.6798508015792044,0.04427282655505221
train:3380,0.8702366255766797,-0.14509456200394252
train:3381,-7.355636897334493,-0.5351691615877052
train:3382,0.6135012603185335,0.0410877813108537
train:3383,15.266688100607855,7.086591822592446
train:3384,-2.9752296166277636,0.140184830408703
train:3385,38.16634833191373,12.130240360135451
train:3386,0.09725997626581839,0.09611348233834652
train:3387,2.604889063012745,0.5459164538906465
train:3388,-3.584230223266098,-0.4880323180319353
train:3389,-18.32165865130179,-7.3746446009704885
train:3390,-3.268504046608766,-0.31221856238839
train:3391,0.7888417214404148,0.019974552073175583
train:3392,16.489760622853822,11.679937790426509
train:3393,-19.160377280454306,-7.345067591196762
train:3394,-0.25400801926369615,-0.2837859776325336
train:3395,1.2180986429700478,0.7067376996890198
train:3396,-0.12817697906679382,-0.37651436285008594
train:3397,0.895666510997976,-0.19257949793612744
train:3398,-4.566295156101892,-7.351401731161038
train:3399,4.709268423690996,3.56343617885494
train:3400,1.9610289024373628,-0.11729567656613368
train:3401,2.7712259515732534,0.12303985426215744
train:3402,3.180119996173445,0.03029035524472417
train:3403,4.830970540624573,9.718820721584509
train:3404,-1.3613446977703498,0.03180313047402995
train:3405,11.753358889447691,2.326116718584774
train:3406,-11.999716910792278,-2.7472472097176635
train:3407,31.87373724232603,12.472097888510078
train:3408,-0.22157777016638364,0.4592057869607758
train:3409,-2.3844002706297913,-3.9342316563933397
train:3410,-0.09569500801102562,-0.13792528565789078
train:3411,-2.6539369949493987,-3.855466911259195
train:3412,5.345190948965673,1.152569564933987
train:3413,-2.4090059753602806,-3.745911683501411
train:3414,-5.075991462171241,-0.17588647123568152
train:3415,-0.12590981384963312,0.5731090308859289
train:3416,16.218165713275038,10.685869277297922
train:3417,0.2640197063653421,0.11645406062903105
train:3418,-0.2345094220715051,-0.25501043628942227
train:3419,0.6349406513585738,2.1702044312587145
train:3420,0.5553785642175619,0.07112958000358008
train:3421,1.6510337512351603,-0.3999541045773452
train:3422,-0.519534141564266,0.07783520871711168
train:3423,8.4621611936729,1.6622597612667662
train:3424,-12.067149326957031,-3.9485388237072425
train:3425,-1.045247052845098,0.38677404050442604
train:3426,0.32700554508146895,3.136720291507564
train:3427,-8.297792469651164,-11.11937901755829
train:3428,-1.0960805559065419,0.8723104064254599
train:3429,2.5309882638547876,2.6657727053393847
train:3430,-9.566180401251515,-3.6887415051779047
train:3431,1.7637064927426969,0.06802471013460507
train:3432,2.066200216532024,3.377446712955272
train:3433,4.313685867760495,0.7539433057552125
train:3434,1.5846297303252732,0.363041558795034
train:3435,-21.453185431013488,-8.435783096672152
train:3436,1.0993915180038543,0.2794933967013809
train:3437,0.20924359532013337,0.001100241587734821
train:3438,-0.1737955139664641,0.4002629054121326
train:3439,12.417752435071737,2.248639059278505
train:3440,2.510109794548471,3.5919198361807787
train:3441,-0.033630633759250766,0.03929510557231575
train:3442,1.3138616747070606,-0.1501093747972806
train:3443,-2.8290975333933264,-0.5117294198604458
train:3444,-0.2796500228292208,-2.99069445813381
train:3445,-2.4621468589144486,-0.17798187321305264
train:3446,-0.2085596437958891,-2.202735435583305
train:3447,-2.492005887416353,-0.067953011566048
train:3448,10.122943283980481,5.320308904548878
train:3449,0.8309857030230645,1.2165703428405903
train:3450,-1.8361819148191318,0.07820099103396759
train:3451,-0.457688859203927,-0.5611887814031167
train:3452,-4.298208506284966,0.2536889093874588
train:3453,2.053153497797979,-0.10191227610154471
train:3454,3.361201245996546,1.3600208517605832
train:3455,1.2499272901415925,0.41139843759797684
train:3456,0.21201473000215662,1.1357703985908967
train:3457,-0.03285980223458093,0.3611036543519098
train:3458,-0.5917438070244027,-0.5160648818765343
train:3459,-0.09610262353530444,0.04932758437519202
train:3460,3.553492561997476,2.4614895584510013
train:3461,-4.0454348105862845,-7.616700621167454
train:3462,5.1907870717101705,0.6967491604156255
train:3463,0.6391372199698117,-0.19573715230480476
train:3464,-3.1261415061982265,0.07114784058726088
train:3465,-9.976524055437906,-4.917838281680933
train:3466,-1.8981506325050437,-0.40942792364823716
train:3467,1.3865299802752107,0.0958875076152967
train:3468,5.129962978399251,3.499491609307479
train:3469,26.757117512836977,11.538344083279153
train:3470,0.7932491296755595,-0.22616185261158778
train:3471,0.4761193701635962,0.3938271909511328
train:3472,0.7616647961145177,-0.2230295918670916
train:3473,4.3209692493440155,1.368159650971437
train:3474,-3.0564723768457847,-0.6281840097117499
train:3475,-0.8350759788370798,-0.049619670872150745
train:3476,2.5449678375069573,0.043463083797456996
train:3477,-4.040218912591549,-7.6403623431150836
train:3478,4.655877415070318,-0.045648564564818084
train:3479,17.514555564495936,9.383925611381427
train:3480,0.1327457727021003,-0.01914560992510557
train:3481,0.3332805228187843,0.340688321796782
train:3482,-0.09288656378144222,-0.19837609196829953
train:3483,0.6840440839669557,0.8314269568155019
train:3484,2.307796738893873,-0.1299668097108847
train:3485,0.11687375651605343,-0.18273533140245934
train:3486,-1.6728252571277515,-0.6653617021209866
train:3487,-0.14208495558096634,-4.420495877767026
train:3488,6.972878889441786,4.578122888210483
train:3489,20.081519384608498,11.186609861706177
train:3490,4.620489367324062,-0.16277194829343122
train:3491,0.8449957287047068,-0.20683530735842737
train:3492,-1.2798006716729642,-7.5359557439904234
train:3493,9.212956677699083,12.764423583650549
train:3494,1.0713849492185044,-0.22345700365387017
train:3495,0.16765112091247736,-0.11518458189966188
train:3496,-4.939664002594079,-3.976861274317774
train:3497,2.5589278846669457,0.16738339915800574
train:3498,0.4148626720675708,0.059739826254304795
train:3499,0.845841179324497,1.4970402826959015
train:3500,0.31084272363686904,0.38798209224355856
train:3501,-0.17057689717195906,0.6703121150701359
train:3502,0.6193781533194203,-0.2597136778737068
train:3503,0.6806591433015518,-0.0899122194070629
train:3504,-8.002263659656213,-6.652784896841778
train:3505,-0.24882931458740104,0.10241053049202035
train:3506,0.22100226294495207,0.40863195917033657
train:3507,0.1986035167473989,-0.09643895146484671
train:3508,-2.896393264112813,-3.0920064589678153
train:3509,-3.322744922555798,0.08453684292796311
train:3510,0.4519932267827434,0.01909262294571723
train:3511,4.019346314122666,4.842841434041795
train:3512,13.302137020604935,1.2705103951039358
train:3513,15.626146646003466,3.4898183504241986
train:3514,1.528733519249419,0.47600295605252624
train:3515,-8.065245895269618,-7.123224895847955
train:3516,-1.6764939130753809,0.32843604079020916
train:3517,2.1755479916001415,-0.1773301986329443
train:3518,1.0551934191812333,3.0397166471357457
train:3519,0.5101935639359585,0.29645177250843835
train:3520,-4.336076883454693,-4.469822279434771
train:3521,4.405922507992911,7.1093827429557965
train:3522,4.178799649272884,4.173067191646349
train:3523,1.7786986544893968,-0.12222489287346802
train:3524,3.5350056230668536,0.3488565091344972
train:3525,0.23320353105920724,-3.850571933546262
train:3526,1.9200672034646256,0.09499159772845774
train:3527,3.60610948467812,0.32252531811003216
train:3528,19.67102788698131,9.1828069665806
train:3529,0.5145663358933059,-1.1704195592920543
train:3530,-0.42292286970857995,-0.15735140815643553
train:3531,-2.7302572194718806,0.20230847737724447
train:3532,2.2048047208015578,0.20581508008719696
train:3533,-6.242368349453134,-11.953820355868256
train:3534,-0.6045104135789464,0.5462280250997
train:3535,3.574725762578414,1.4094950500274945
train:3536,3.1357274460328544,0.3793494013084632
train:3537,0.577638765303926,0.7874817209011911
train:3538,5.7769123927584385,1.08548560160153
train:3539,-9.704993304333433,-8.927058992301356
train:3540,-2.7765894011691192,-0.05059917999365335
train:3541,2.9597728302402317,-0.07724793398119217
train:3542,-28.266577365398625,-9.376877656542757
train:3543,-0.1570299283048952,-0.050970098099669486
train:3544,-0.23582653046076302,-0.17227829402900463
train:3545,-3.2925383689847196,-0.4690407403606695
train:3546,17.138209392862624,14.241841757804396
train:3547,1.5045260154844784,-0.8233200307841555
train:3548,-13.912629717306007,-9.100701735738227
train:3549,0.5645135919137962,-0.22930238768306432
train:3550,-1.2612481795185917,-0.24026244707260097
train:3551,1.1674094964757984,-0.1219367180372555
train:3552,-0.09770728276775192,-0.16502427716180917
train:3553,-1.5315596871529533,0.176036062606502
train:3554,1.0356131129175943,0.048396009285851506
train:3555,4.100184597002652,-0.2398978060422251
train:3556,-0.15112781358494132,-0.08735859090795184
train:3557,-5.004068882637814,-0.0204224241746611
train:3558,-17.144642615280123,-11.249007477248806
train:3559,-7.77177201611848,-3.2363429628483518
train:3560,-0.9001856722652531,-2.835035251084701
train:3561,-1.4881381150818882,-9.658559713970286
train:3562,0.5004070720214229,0.17113024267200866
train:3563,0.438209847885345,0.15108126307697683
train:3564,-22.59912458981258,-10.72567170310853
train:3565,-2.0476719568823296,-0.10854115329929298
train:3566,-0.5959145727709727,-1.0253574112014212
train:3567,-1.6739568638412896,0.9498962026257136
train:3568,-1.5748438764040307,0.34543835612674856
train:3569,0.47784142080737,0.10924312732645747
train:3570,-0.5667159581296192,-1.8140024182568408
train:3571,-2.626886526906198,0.03812642821674493
train:3572,-1.9046143663334418,-0.9180553682768751
train:3573,-2.9228874595870953,-0.03621126666128768
train:3574,-2.1385017598447513,-2.116800558138248
train:3575,1.9672234496235514,0.015668192862328317
train:3576,-7.838176966861328,-8.738453983111034
train:3577,-0.6252261621170878,-0.35217642866302756
train:3578,-2.859142760945671,-0.02550143433250196
train:3579,-0.9856373213812454,0.11360655086130722
train:3580,4.8261702779634055,0.4280378238338604
train:3581,3.4804816129831964,1.4844362001318534
train:3582,-10.08901710672573,-2.069175243969017
train:3583,1.917939513191615,0.5967833069848385
train:3584,1.242348919051194,0.07302383023884246
train:3585,1.144607900147892,0.4032545025979627
train:3586,-1.095491506725748,0.6392328869670443
train:3587,-5.234639561977232,-3.8016906336057366
train:3588,0.81338814931964,-0.1198487344220047
train:3589,0.13984342015166124,-0.2507930974240189
train:3590,18.075146277685675,6.51707845618288
train:3591,11.276745110297796,4.6692517604262465
train:3592,1.897351151769131,10.312457460322884
train:3593,-5.168180680922647,-0.17053326700100874
train:3594,2.2901024825625043,6.832842181120891
train:3595,37.83643243935504,19.492512815109524
train:3596,22.861632533703165,5.368773634924185
train:3597,-10.094539384681115,-3.9928983466138113
train:3598,-6.68745614206029,-2.056573729299549
train:3599,4.835123639544884,1.2584367254314908
train:3600,-9.162348367291013,-1.2807414462428117
train:3601,0.463886487728667,-0.030443775434356876
train:3602,-0.7003702641730235,0.18364673149871297
train:3603,-1.7779628647775767,-1.527313537041334
train:3604,5.961072319515415,3.8438842202759154
train:3605,-0.18050867548665106,-0.2951249441334467
train:3606,2.5280183773773506,-0.023677373215762645
train:3607,0.24109339619154102,0.4249666219160469
train:3608,2.833475013896907,4.397147949782534
train:3609,1.1458255164103224,0.023915128967166938
train:3610,-3.2578486257921746,0.3787285414633162
train:3611,-2.1016394619388277,-0.8626099591463441
train:3612,-3.927668211660143,-0.5846037001494349
train:3613,-1.1239768232568936,-0.4349579315637074
train:3614,7.27250826279475,2.7354279871113936
train:3615,2.652942365520796,1.9290483154512676
train:3616,0.9852856714451748,-0.11463391117303792
train:3617,-0.8033812276119191,0.16024351093881525
train:3618,0.7959833034973829,-0.15855803328746798
train:3619,17.681702337565476,6.69668442147801
train:3620,-2.4329347616951607,-2.9638357074339416
train:3621,-0.043696772936807377,-0.13105845022905216
train:3622,11.3444099847028,18.496772317287665
train:3623,2.116092612407815,2.8290916565993465
train:3624,-6.955839873508255,-3.7790443713037316
train:3625,11.146697742539235,9.50637994425835
train:3626,17.515827575986588,4.393408524630651
train:3627,0.7406061716720072,-0.023029693138334473
train:3628,1.0038893044124024,1.7053835562370616
train:3629,-2.136861534501546,-0.18400586857637463
train:3630,0.4076973792700971,-0.20441720662882218
train:3631,-0.4756748506268097,0.15296267383933865
train:3632,-0.4940467227285077,0.1422271625647518
train:3633,21.64692292910844,10.74283887452256
train:3634,0.6398055374105311,0.22848331215394269
train:3635,8.560626784911062,4.777424034291831
train:3636,-28.74124221466226,-19.087028625291005
train:3637,0.8397277600641556,-0.05932146191743265
train:3638,-1.0715097199120907,-0.13741028013376838
train:3639,23.35286514666592,9.343557167295591
train:3640,-0.1384686027373932,-0.10927414454110487
train:3641,-3.944281072257868,-0.3485131843836883
train:3642,-2.1565893355186234,0.1768577888721377
train:3643,-4.531076802871018,0.14422241665349855
train:3644,4.352567297941232,0.32785312872052386
train:3645,0.7999853045615313,3.7190640005258473
train:3646,-0.5852428798775642,-0.8349708538157421
train:3647,3.4092303728476114,0.17217566108773413
train:3648,0.9199530505646015,-0.13146817207538997
train:3649,8.9285607577462,5.154192374804694
train:3650,10.807488169535342,10.592327154820094
train:3651,2.73185589417151,-0.03159019770356673
train:3652,0.3600304223573416,0.133861247344368
train:3653,-0.1761786758455096,0.08525984791307455
train:3654,-4.410437949928345,-0.1886489072988365
train:3655,2.224879814429569,0.05268724645083811
train:3656,0.19505887727094295,0.009751763749751036
train:3657,-0.18081156857369712,-0.1540091506996102
train:3658,4.609094729303474,-0.0589753667923576
train:3659,-13.180541542622205,-7.73251038415753
train:3660,11.557997265009536,8.152172775917704
train:3661,-0.8601291656800506,0.4257141645604794
train:3662,5.650131528191874,0.5193749808322323
train:3663,-0.8740452782326319,0.06213510125430896
train:3664,0.3859462617298811,0.008960281575836629
train:3665,-0.7991533933673677,-0.03650429196504043
train:3666,6.481892217297219,13.4908775365047
train:3667,-14.927543324071564,-6.823674286645529
train:3668,7.305101697576718,11.738960562028756
train:3669,-0.8475366703474543,0.3161112880921533
train:3670,-1.0598361320032033,0.2318181512486477
train:3671,-4.720034667706758,-2.7785909309625065
train:3672,-6.475813142475007,-0.49751469675142773
train:3673,3.9404667243750295,2.7315416213252046
train:3674,4.058791687994251,0.34259883536438507
train:3675,-0.13940076028079668,0.14130528841049173
train:3676,6.821104114883514,5.44406544529954
train:3677,6.9331480568511745,0.2512123177257511
train:3678,-0.20242274625328244,-0.03373410435633997
train:3679,0.49823672566132643,-0.19377242762939934
train:3680,14.11502396026788,3.7247747127503956
train:3681,-17.05903289456076,-8.12414797557572
train:3682,0.9973974431369336,-0.10901564315337361
train:3683,5.340059665770388,5.236022044781013
train:3684,0.7983171842294955,-0.23373628565805715
train:3685,1.5954543807407666,3.83065556868566
train:3686,28.724536197691624,8.733164060457128
train:3687,-1.5879728853551245,-0.3510767991394998
train:3688,-2.9083048892597163,0.3280548511058726
train:3689,8.851445990958542,1.1008170735312766
train:3690,-4.078070087851497,-0.5167673437050049
train:3691,-3.2936978706870876,-1.7653065773693233
train:3692,0.320998359236922,0.12230857495006563
train:3693,-2.0461200656704186,-1.4051162789440401
train:3694,-1.7871117237391059,0.4195763258707725
train:3695,-0.7565878487660241,-1.0896954392628788
train:3696,20.31375446494811,17.789415511104185
train:3697,0.3721275491799647,-0.21091768909756486
train:3698,-0.9375033558638272,0.32172470564427735
train:3699,0.2170490781112563,0.3815868934526005
train:3700,-2.8788542898859317,-0.22411238741503864
train:3701,6.838000574534344,6.582548925754167
train:3702,-0.4373975794124826,-0.009538545657667805
train:3703,1.5596007191392887,-0.06875647724800293
train:3704,-11.923557082455568,-4.618206641138423
train:3705,0.6438059112669976,-0.10474837300446804
train:3706,0.8766137687105849,-0.20558388673305295
train:3707,3.7799705815590485,0.9889010946895098
train:3708,3.450055618833322,-0.27728121533949074
train:3709,-0.9924276590371953,0.1404199354235932
train:3710,-1.2908312800893191,-0.5877262599588506
train:3711,-0.3663634552732914,-1.8523767495404095
train:3712,-1.7044219109755265,-2.142048953614766
train:3713,-2.6347192073114303,-3.1206447606117007
train:3714,-0.9651089341847457,-4.402937470593082
train:3715,-0.9019609558460443,0.12138384757960542
train:3716,-9.52534027793843,-4.675580824420239
train:3717,-0.22070977109728918,-0.2329365291571624
train:3718,9.508189800812433,10.464301061347568
train:3719,3.6219701104103947,0.03224195512560904
train:3720,-5.0939995371269475,-0.13389283520225542
train:3721,-0.24935048596204212,-0.34806437347540875
train:3722,0.8631156160739737,-0.30009210821624266
train:3723,-3.5772843710474205,0.3076863112964269
train:3724,-0.9538142532074664,0.37990007203508713
train:3725,0.3545590527565715,-0.10044971747736112
train:3726,-9.016175836322773,-5.690981123147433
train:3727,0.4442537621318515,-0.016256443200859935
train:3728,-0.0366579374220298,0.01738383176346292
train:3729,9.823012644748154,19.845709024663446
train:3730,3.7085631294860155,9.939246509768335
train:3731,0.6075152281738493,0.053161736304918744
train:3732,-0.43101939021649616,-0.13051262996996843
train:3733,7.734033642486481,1.5274581352838044
train:3734,3.624084550563711,-0.17202778164663374
train:3735,-10.939226611610296,-2.7641516597385385
train:3736,0.8393167738953932,-0.14375069717368408
train:3737,-16.93563848163816,-5.385411369049225
train:3738,2.6552664830068182,0.6676954304930021
train:3739,1.1844203255808314,0.16504918298468424
train:3740,0.9491065683073464,-0.10918398290918094
train:3741,11.819432819656422,8.50046887196953
train:3742,-7.89378376742807,-10.5759988289689
train:3743,5.497751897292471,0.08122853874391925
train:3744,7.586781575450518,2.3375292980636506
train:3745,-7.596014989830071,-6.687909700195026
train:3746,0.6970515172583988,-0.33462686645930445
train:3747,-1.5597157265867843,0.06727659684693255
train:3748,-0.615944801958616,0.28248613517369103
train:3749,6.251672549900578,3.328446719220821
train:3750,7.978568088317732,0.6100459118478752
train:3751,-0.07039041758122419,0.8209225560531253
train:3752,-4.835417639837373,-0.6348165960905583
train:3753,1.3899050414654042,5.072513354643743
train:3754,-12.616587623612524,-2.226743823299249
train:3755,3.8910749273196172,6.716017814450051
train:3756,8.080174655298157,3.2823935271778586
train:3757,-8.04656927041495,-3.203442812166341
train:3758,-12.771303459826443,-4.2143666999971625
train:3759,-0.10073877067885545,0.06665630764502556
train:3760,3.9563566398455756,0.9183022543201198
train:3761,-0.43941531693785474,0.4660212644980122
train:3762,-1.094428707651324,0.2034583235058945
train:3763,3.5144144721454866,2.1336692831377455
train:3764,-0.3202042225067991,-4.80140423498627
train:3765,1.0181352752078987,0.021074181596703406
train:3766,-0.7195621327172044,0.11085633576600762
train:3767,2.587153894031092,0.24347125685319446
train:3768,6.323198090759658,5.351136193661499
train:3769,-3.2900571097282882,-10.271788917711673
train:3770,-4.931233207136683,-2.175301761819112
train:3771,0.6443073236912175,3.7691111246057436
train:3772,-0.8741085068739799,0.35168290510234007
train:3773,0.25547349539166175,-0.14317548878773909
train:3774,-12.930228649854811,-16.85624382179696
train:3775,8.458479055147336,6.257524802317033
train:3776,-1.5798531190231833,-0.1570429754852021
train:3777,3.167262265988723,0.03515908336861589
train:3778,3.652100417678671,1.54598435339283
train:3779,-0.0784570672052683,-0.14202992248338928
train:3780,-0.5495986631505517,0.002494893666355469
train:3781,-16.060330925470257,-4.798245724652732
train:3782,-1.1397915384867185,0.16309900971189942
train:3783,0.9021990524654886,-0.14751637191460784
train:3784,0.005511033421446848,-0.013624351256245476
train:3785,0.42929251733110513,-0.2493516525997162
train:3786,-30.15661535123877,-13.578950673989006
train:3787,3.72201734751522,-0.18081226368357572
train:3788,1.9394883920628136,3.406533540185817
train:3789,-33.69958577752972,-16.433265932993365
train:3790,0.39993908550174495,-0.018326451554049952
train:3791,0.6402078063952842,-0.036469482727398916
train:3792,1.4395534724180528,1.5993954193726725
train:3793,2.670806781284028,4.123122498028038
train:3794,22.584101570501353,9.183535107354873
train:3795,-1.2003166905006766,-8.27980518537349
train:3796,-6.4975981989183,-11.507206424062835
train:3797,0.3731139857224666,-0.17097808340660808
train:3798,11.623087431945528,5.292638984483315
train:3799,2.538460866445872,4.9361010881158105
train:3800,24.613852537729663,6.5560927638601365
train:3801,-0.2120242014085788,-0.17422818198016943
train:3802,-2.0873191045064514,-0.2721385784603871
train:3803,0.540015399119423,-0.012318434201448694
train:3804,-4.427721685007432,-0.10929297576802569
train:3805,1.1462299937483578,-0.0631330734391784
train:3806,5.0261313211431515,1.7092040127290276
train:3807,-3.9525807612677624,-0.4511259664833304
train:3808,-9.590749377580044,-4.1165433266110485
train:3809,2.7401137406981597,-0.030317092635071374
train:3810,-0.7909179790609019,0.23094963223732995
train:3811,-2.087117330753914,-9.608832720748044
train:3812,-0.22964418733218744,-0.13150868774543173
train:3813,17.356186414578247,23.346201286801744
train:3814,-4.403467922052681,-0.5441162769480541
train:3815,5.376708102095282,4.732983480045178
train:3816,1.1605970752870247,0.959788873834784
train:3817,-2.2190029782763743,-0.5635649398545799
train:3818,-2.526230946586638,-7.138387457378655
train:3819,-21.647613503158798,-12.239139693307704
train:3820,-0.2384885259989888,0.2898619843726318
train:3821,-3.189869467846352,0.02306544118277
train:3822,-0.4399237031092821,0.165825543112738
train:3823,0.3553075682901773,0.10068747322876542
train:3824,-1.775145935822224,-0.8767413683423186
train:3825,3.031449933871955,4.576982172373674
train:3826,0.5560545527802097,0.27651863349113154
train:3827,0.7084539426300339,-0.1762582453065577
train:3828,1.2075692145196721,-0.23398480078908795
train:3829,7.807018091261371,-0.15087004223623368
train:3830,9.073083765041623,11.80091758117121
train:3831,0.07792700556980564,0.07642372266291031
train:3832,3.0882576137078313,-0.03739763395729928
train:3833,20.3468695360212,5.909646417116906
train:3834,-11.292102869474983,-9.454146175101556
train:3835,-1.4544135385028625,-0.5677488960904418
train:3836,0.2760195494144204,0.2101719412247864
train:3837,-3.8508384386750327,-10.653146371160815
train:3838,0.02390696495101083,-0.023758689877466183
train:3839,1.9861501995447268,0.12265352878866063
train:3840,-10.80687232827549,-5.010766962675734
train:3841,14.610509629194251,6.60331577454515
train:3842,-2.5183329454158954,0.38545357204700864
train:3843,0.606948378754999,-0.35815676981848765
train:3844,2.959158675569491,2.947786877132608
train:3845,-0.04197652384439546,0.1224275540656108
train:3846,-0.07944768799609472,0.5000963696112339
train:3847,20.947656928115013,19.829710470786107
train:3848,1.8661682735890013,5.202213144739263
train:3849,3.6124342084788488,-0.2095435801755851
train:3850,-0.9922800480546364,0.2294197377108234
train:3851,2.936866395245972,0.03792784436921629
train:3852,-7.360794680769166,-4.7418638899653205
train:3853,18.46429624919197,7.733921525071235
train:3854,2.8607935062911167,-0.08897236999074204
train:3855,0.905761707455564,0.07343298144194026
train:3856,0.22995074290338546,-0.09802676628021575
train:3857,0.8243829591669963,-0.1627359977693097
train:3858,-0.8211177913430132,-0.2941328808606635
train:3859,0.2179214938869155,-0.10303073685199338
train:3860,0.06531172932966478,0.12129796577198168
train:3861,0.7085380925130046,-0.16852174957992128
train:3862,0.21661507857670909,-0.5284144575555314
train:3863,-4.645793084768595,-13.224812903089045
train:3864,-0.24400069202092284,0.0755589128326527
train:3865,-0.7448064002336608,-1.2799844879849187
train:3866,9.981129809933412,10.312689141478334
train:3867,-1.918234094629704,-0.40069023435697726
train:3868,-1.2561582738900725,-3.1035246074460963
train:3869,0.1763791142300334,0.02458677606067615
train:3870,6.104870522017739,0.361131615870671
train:3871,-4.382361178754439,-0.6665375125170578
train:3872,-0.6341748745337614,0.14735638932771483
train:3873,15.840798585050548,8.373160077049713
train:3874,-0.7409145843753911,0.27335470204681395
train:3875,-5.39587538691369,-0.17053098442804865
train:3876,0.1985839902552179,2.4559554603092404
train:3877,-0.6520151146400073,0.02070697267174744
train:3878,9.858164979838795,3.613924124837755
train:3879,1.2907237113055112,0.9620663110057228
train:3880,-15.244868348505337,-1.7075740301327726
train:3881,6.681452967387254,3.770541156565246
train:3882,6.310634652707093,5.453583203899913
train:3883,-9.43102918037002,-4.108189394898705
train:3884,2.081499920530575,0.02842406652822302
train:3885,-0.6407487935680386,-3.8632901447583152
train:3886,-1.533771992225415,-9.676517856733867
train:3887,-8.142718647747259,-3.068312210355505
train:3888,0.15327032433763585,0.09922776782078195
train:3889,0.15032124287270104,-0.03851095891858769
train:3890,13.281723467779118,2.4223836625337207
train:3891,0.6673781066613341,-0.15988962928806588
train:3892,-3.085662622990489,-0.17661632393967325
train:3893,-2.6562945864220167,-11.192536622215952
train:3894,21.393867029106097,9.21385680655683
train:3895,-5.17014448813628,-3.3282949879378507
train:3896,9.118033750042335,3.6978885711750067
train:3897,-0.20159473000151107,0.3251913633274281
train:3898,0.3146237731436595,-0.1277798194934896
train:3899,21.95697758962015,6.428589379595472
train:3900,-10.136757520442405,-11.19826131519988
train:3901,2.5947934016386767,4.116236260729038
train:3902,0.07314417727665673,-0.027049874764309298
train:3903,-3.905642793396432,-0.022674753043039036
train:3904,8.904445539902637,2.414962732518818
train:3905,1.419225464224649,6.726413792996823
train:3906,0.29068975649837353,0.23309268292524313
train:3907,3.8483458483462574,-0.18731873790633868
train:3908,-0.16033525202301352,-0.4499863919330009
train:3909,-0.3651329375785267,-0.22915487640551796
train:3910,1.1804894567381998,-0.42300695018786766
train:3911,3.0910294457645753,1.7874628826308907
train:3912,3.8833680068223604,-0.17669678463651678
train:3913,-0.7755027433169468,0.0772605709744067
train:3914,0.4304565519691583,-0.13084588562214292
train:3915,-8.866250499523932,-4.224060787358704
train:3916,2.9303947578374054,-0.08762336937132337
train:3917,6.698040722495032,0.22309244546542828
train:3918,8.192414792020587,14.689716811170271
train:3919,1.0642184941298292,0.8675038784147309
train:3920,-3.154452130361824,-2.084521267301384
train:3921,1.0433049236292349,-0.15584519532439003
train:3922,2.1320903885018376,1.2285655490675318
train:3923,14.818560684051187,5.201996870951293
train:3924,-9.183359802710752,-9.556206859866474
train:3925,4.440542513713381,0.44699858677016496
train:3926,1.727893743791503,1.9316863991499025
train:3927,0.3270608701426485,-0.13406631074722297
train:3928,-4.414205633086321,-3.539363082950129
train:3929,-20.818632084773885,-8.37892135101988
train:3930,4.143423689355121,-0.15909928840063153
train:3931,-0.2343181089397791,0.1507054945034205
train:3932,-13.77986444780244,-1.2557906412159667
train:3933,0.18510141232070332,-0.07115289353448714
train:3934,1.2915817146702753,1.860644168983013
train:3935,-0.536173502401379,0.16258885465531725
train:3936,7.26583857096549,2.6900855312238816
train:3937,-4.706960751358604,-1.4431465123538738
train:3938,-4.015859148679245,-0.23019515903208315
train:3939,-1.8165419830168688,-0.3239113276981185
train:3940,-1.1044664869235699,-0.2505691199523091
train:3941,-5.178822619161303,0.14224199928899245
train:3942,-24.043796762990226,-6.7648580878961715
train:3943,-0.7689437016100457,0.19838787299665397
train:3944,1.725375523674872,0.09150753542648624
train:3945,-3.441164729137042,-0.7141405715999278
train:3946,-0.41603443467524426,0.2180659344856697
train:3947,-5.689851375863767,-1.2343823894231958
train:3948,-5.4044977279610515,-0.8304037106442035
train:3949,-0.14060140709168922,0.015264748091630781
train:3950,0.20164825477819667,-3.700012279811635
train:3951,0.9060247339544071,0.7865957972710524
train:3952,1.2099019329605833,-0.04655360474349743
train:3953,1.1572529310427848,-0.4857879781689178
train:3954,-19.29187797713091,-10.313335169444919
train:3955,-1.807460769403252,-8.847422304296453
train:3956,10.253943730524067,0.3587936905162893
train:3957,1.3675895153178605,-0.16382763828747715
train:3958,1.958269623125592,0.19571811859819788
train:3959,-6.258009534606613,-5.1752634362614875
train:3960,1.6906060473059212,0.06325983908039787
train:3961,-0.3202070120056821,-0.13389797099141565
train:3962,3.6310183149538955,9.406682863793616
train:3963,12.723042631491275,4.417702519288228
train:3964,-0.9118206721062586,-0.005356586673145952
train:3965,0.745061931221124,-0.23695271628045705
train:3966,2.6965078292425764,0.04119106773729819
train:3967,4.521752729777767,2.439086675490867
train:3968,-1.1613622684325007,-0.32437126614957845
train:3969,-4.41958285709979,-0.6446915773591877
train:3970,0.27817513467626104,0.1266568764390547
train:3971,0.5471992885761167,-0.026327725744057895
train:3972,0.22315703460295178,-0.1639043898032605
train:3973,-0.018767253877649714,0.04569629611729411
train:3974,-5.025514550050341,-2.935417103437466
train:3975,7.011465097657406,0.10946111304414695
train:3976,0.4173230100823795,1.8480560644296857
train:3977,9.681850983606747,0.6464355459426376
train:3978,-14.194452789455802,-7.771177170101612
train:3979,-10.694819087978221,-10.667644133316886
train:3980,-1.654967815111727,-0.021474975630886864
train:3981,-2.536374494358198,0.24979284266618934
train:3982,-6.630581979167702,-7.061585724990195
train:3983,2.2597810946207417,2.1844331351271133
train:3984,2.795117079673213,-0.8362382524518372
train:3985,-0.10872185156552955,-0.4171912396071548
train:3986,0.06191074904568347,-0.03510193620267946
train:3987,-30.427388288480028,-8.898320257447226
train:3988,-2.40727788080226,-11.30815693165034
train:3989,-10.583802611432468,-1.363217655010078
train:3990,1.62806222793363,-0.19546809401713305
train:3991,-3.391278260946377,0.0055963396758903355
train:3992,0.1802709300883031,-0.07791815446660133
train:3993,18.814949276446903,11.057492698358722
train:3994,10.310849507737329,2.069637119852941
train:3995,-1.0261471215349358,-0.9592635138904071
train:3996,-0.5404439927330164,-0.04559207088405562
train:3997,6.084898174931918,13.676835331704545
train:3998,7.913388192501003,4.3104387094607635
train:3999,0.3005135579604693,0.6469417064965395
train:4000,6.6044139819859184,0.8990661560205033
train:4001,-3.1797975172127892,-1.7434577889952532
train:4002,-4.935677808690268,-3.114069238556895
train:4003,-4.210157044210015,-6.9106562944360315
train:4004,1.2840837741310032,4.146689778519442
train:4005,1.4099343408200866,0.3478450439915532
train:4006,4.372379713757761,0.4692742162877736
train:4007,1.9359527022286072,2.868406407942476
train:4008,3.834774006447487,0.09631491940207529
train:4009,-0.019309578952153572,-0.10934946944878812
train:4010,3.6431024241150647,-0.11038918143211335
train:4011,6.995855991741082,3.503258710656503
train:4012,6.552732936180521,0.7318254590934707
train:4013,-1.0872541165242402,0.19036890886620528
train:4014,-1.6459554091372253,-0.6223411935771359
train:4015,-0.15480414065449905,0.45301430780650653
train:4016,-0.7431375825269043,-0.009088593462908245
train:4017,-3.0960986032282842,-9.615306097662884
train:4018,-2.439474276909881,-1.4098086783067643
train:4019,-0.055858290691979756,-0.049234486685134
train:4020,0.40764716829020303,1.1151416454639995
train:4021,0.4861540112495989,-0.18581737554183336
train:4022,-0.20474453915690194,2.2435383646775433
train:4023,6.190986071867886,0.447758683565878
train:4024,0.7351322450305943,0.012952216361430208
train:4025,33.246929436459695,11.29242766156342
train:4026,4.027656231295133,6.57732297496202
train:4027,23.08241765096101,7.113248850906965
train:4028,3.6793905501675703,-0.099158922468425
train:4029,8.264978026464144,5.236471141010912
train:4030,1.2146766252153238,-0.613189217293618
train:4031,-1.7941497456500426,-0.17041571449356363
train:4032,-6.612384218287952,-0.417862886700664
train:4033,-0.24589487799160203,-0.13488946362095874
train:4034,0.754097350561411,0.6279872206358754
train:4035,-2.9429388424746015,-1.4117725470173097
train:4036,1.6629937276960356,0.2216238950872244
train:4037,-12.374806878095278,-1.3408495812875856
train:4038,15.1115845240492,12.434405761219958
train:4039,0.19719342506204088,-0.025934552551680798
train:4040,0.012351233369930603,-0.13736177545836625
train:4041,1.863880884504939,0.6856855292780244
train:4042,1.0203030645273525,0.00862873785338221
train:4043,1.779320480282066,-0.751492024875752
train:4044,1.6226273542765792,-0.03298970024972758
train:4045,-1.6379421086793182,-1.2912672461266894
train:4046,0.46312053782704243,-0.0033048389036367254
train:4047,-4.583742076865634,-4.515212954676064
train:4048,-0.33293514672146446,0.013854973967149478
train:4049,0.6154884295853127,-0.3903527467423077
train:4050,-0.23639419348345414,-1.8120396908327754
train:4051,0.34510195416847056,0.20885289937546905
train:4052,-3.283887203115566,-0.1309303408216666
train:4053,-0.9744221411221318,0.43443872905721875
train:4054,0.36196447491622374,1.6585229040094638
train:4055,-0.13626838549342457,-0.38702874986916314
train:4056,-0.37311218290423664,-1.0626369634290023
train:4057,5.4438504103762035,8.518095471010655
train:4058,-7.9903608679224405,-2.462613214809486
train:4059,-5.2120534544380375,0.08145194557238897
train:4060,1.7959656525751853,0.4069656809094641
train:4061,-2.7372830373252044,-7.058271999695371
train:4062,-3.2615130974914797,-0.5331017211290952
train:4063,-2.1631009557445133,-4.257619175018083
train:4064,3.4304872841690557,0.9944086579206093
train:4065,0.2464696903720488,0.05274744931266073
train:4066,-2.7376870497467594,1.780777797074
train:4067,-2.135887534474897,0.07488241527160328
train:4068,2.310436069753674,-0.07612262551186325
train:4069,4.080951002204347,0.09374331564090346
train:4070,-0.40610288881879253,0.06647141923525753
train:4071,-2.6158435982031096,0.0403565019987619
train:4072,-0.22300041459671516,0.09035283883029602
train:4073,5.064035031965397,1.8915293783844962
train:4074,11.330489455443654,1.8731406852963166
train:4075,-1.3785289407226093,1.3812122591221447
train:4076,-7.967757558473467,-3.67345739663708
train:4077,5.3457288573336115,1.7556800514128488
train:4078,0.6766466816165921,-0.30400158505365266
train:4079,7.334588560435981,2.464203252378939
train:4080,-6.463481697746212,-2.1623652795677497
train:4081,1.1340794015304774,0.21369223937249948
train:4082,7.955298088635721,0.8565058712497327
train:4083,0.9077443437866584,-0.4134692190740929
train:4084,0.2824584102111122,-0.10740243471382346
train:4085,0.3109659265042017,0.19103085502463407
train:4086,15.410332415755134,5.658245543221294
train:4087,-3.994942556221527,-0.11792966120580126
train:4088,1.1366462054193205,-0.11522138838864349
train:4089,-6.86803528208445,-3.350934117199355
train:4090,3.7724249870805258,0.011567550539510002
train:4091,1.0619534210368307,-0.2818215382787482
train:4092,11.483381889221048,8.270636600617134
train:4093,10.585941519082438,2.390388552030389
train:4094,6.979551370769929,3.7451657929678226
train:4095,11.219615243340934,1.8785295547334908
train:4096,24.059262966470225,15.116464369217468
train:4097,0.16265919643222335,-0.18833419755196285
train:4098,-0.04304100824106144,0.1289348842532338
train:4099,-3.1540030210416607,-11.287282801930232
train:4100,2.5643883287304243,0.26366632111767263
train:4101,0.5684560836684405,-0.11769997730169127
train:4102,-0.049857671792719854,-0.18386235180150834
train:4103,-0.31621500664586455,-0.39214713441056576
train:4104,2.196045694308928,0.043983510432359624
train:4105,2.7889067253266875,0.09966602182912102
train:4106,0.5545603112118811,-0.04320621149751186
train:4107,-0.4920915164697629,0.06884130061108058
train:4108,-0.35406966877941665,-0.2347768536062424
train:4109,-2.564591670309215,-2.196449514972812
train:4110,0.5314214179773711,-0.3363895834277411
train:4111,-0.17612939469857658,-0.22455577721253794
train:4112,13.95194520640272,4.758681257073215
train:4113,-0.5546269673454048,0.1413552196939939
train:4114,11.86453901659458,10.435060160442216
train:4115,2.067031487199159,2.824481429863186
train:4116,-3.2690749640468204,-2.958066218955671
train:4117,3.128156281147904,0.12463537276126682
train:4118,7.500546077148401,6.035709497843747
train:4119,1.9814066566941801,2.407675047700461
train:4120,1.6145991764912968,-0.18253218240901053
train:4121,7.162328635913896,7.572866030222832
train:4122,-4.192877493379252,-0.41350431363335444
train:4123,-6.424592828901786,-12.505905136440983
train:4124,-0.4807933486188799,0.30483452170440284
train:4125,-3.979775585878159,-5.299386329972245
train:4126,-29.330518274698882,-10.188548047002772
train:4127,-0.06499947853158064,0.028189246834952802
train:4128,2.543147224569317,8.131263836959954
train:4129,-5.941188014721221,-0.049330925392698205
train:4130,-7.368437907708595,-2.290031867799061
train:4131,-0.4144558107657048,-1.7899161377386335
train:4132,-2.9290801471073618,-0.43013770811521773
train:4133,-15.264444121833291,-3.214883638485599
train:4134,-1.388275566048942,0.17942140362794923
train:4135,-9.300085453637053,-2.658132993460808
train:4136,2.0221961041108916,0.5158135963712374
train:4137,-13.738499898699349,-0.7600265651735632
train:4138,-4.681515407464331,-0.9529541969070727
train:4139,-2.6259690142319303,-0.10204238276027039
train:4140,-0.15887030019295645,-0.515434891739547
train:4141,-5.233319199172611,-11.702228316487236
train:4142,-0.2272485889372885,-0.08896238373404158
train:4143,0.5263078016083461,0.5036891394504301
train:4144,2.848463456311763,3.0826449967963323
train:4145,3.0313564856593747,8.618399145239538
train:4146,6.439389087733383,5.716202923894413
train:4147,-2.597514730875858,0.13441220339261195
train:4148,4.874308195270908,0.8091344933223126
train:4149,0.4991166963297938,0.18362561769883204
train:4150,0.754368629327783,0.10288644695420104
train:4151,-1.928800251482039,-0.14918835660788055
train:4152,-2.2747794733585,-3.1406429529583706
train:4153,-0.46487832765838677,-4.3489038328383725
train:4154,4.089705844448651,7.932225186769019
train:4155,-5.124206090698026,-14.828539534562944
train:4156,-0.03861872267854066,-0.048073798334923534
train:4157,-0.8252462496898577,0.1950926936071307
train:4158,6.860459759874362,6.314654750292117
train:4159,6.055838105401754,0.45358495104653135
train:4160,14.601679005563625,7.476577972474004
train:4161,0.1481551969900492,-0.03520978777504413
train:4162,2.2454914216760784,-0.22130396670925656
train:4163,-12.158806681254745,-6.870096114221548
train:4164,-3.546941132031075,-0.22863045526793513
train:4165,-0.8814811524217568,0.09038650678145749
train:4166,6.329129495217884,0.26920441376211346
train:4167,-2.147771729549451,-0.27959945350209153
train:4168,10.142973745626364,1.9076206617883358
train:4169,-1.8268782386695959,-0.08641303505923073
train:4170,-3.094657827055213,-2.3921436251339614
train:4171,5.009391538346251,6.102006829469831
train:4172,1.5886661352089786,0.1662809164182778
train:4173,3.1108795198160246,-0.3630100905748987
train:4174,-0.02805593647068938,-0.09247497819801434
train:4175,-5.965500357152514,-2.7040926000124066
train:4176,-0.1598623157332244,0.02214841749605012
train:4177,-3.137005209598082,-2.906831586293283
train:4178,4.438136570926791,6.792218088863525
train:4179,-1.0344085711643096,0.24890720435767083
train:4180,7.430638445641463,0.8342893033074665
train:4181,6.30985219827041,1.891874902866331
train:4182,-6.716937425921787,-10.417105501356952
train:4183,3.8907783106050577,1.305147227156557
train:4184,0.44089427564375494,0.3378884607396002
train:4185,0.5552332778174056,0.85851453545462
train:4186,4.43077833778991,8.543253990176868
train:4187,0.7327602411470807,-0.11469126081866043
train:4188,-0.01346999549882702,1.343023101569964
train:4189,-1.6323728741594028,-0.3858015815814898
train:4190,0.1673431137441458,-0.03811949765593067
train:4191,19.69185614530773,8.310864666465923
train:4192,6.884977595390037,2.6611293812953027
train:4193,-6.019541319012932,-5.510500932408585
train:4194,0.21130015337162733,0.07776387831210858
train:4195,1.7138379238365316,0.09980953860398725
train:4196,2.8215554851698355,-0.04923505732837402
train:4197,21.614817656630997,4.75235168225486
train:4198,-1.170178944568712,0.3357750835001683
train:4199,-1.2138645892007016,0.4818232317791593
train:4200,-7.147893152271169,-3.772404366562803
train:4201,-17.52217339410575,-4.366451683112376
train:4202,-0.8217342705961569,0.6101186688609783
train:4203,-1.015644425782189,0.22594765891689242
train:4204,2.0105253057008876,0.04540954788918164
train:4205,-0.14134387871104853,-0.4655546808073579
train:4206,-4.425831799514198,-2.3061531099730024
train:4207,8.918662685876344,2.798035824869096
train:4208,-7.310187592033725,-5.20385095065701
train:4209,-0.0492798387220178,0.041558276662254166
train:4210,3.079612491752924,0.3298209919337494
train:4211,-0.11876881293826552,-0.1221256009497037
train:4212,-42.73410317984455,-17.22995465582977
train:4213,7.925183123611301,5.164074203792204
train:4214,-3.546614295745283,-0.13964720163466565
train:4215,3.6236986698848956,0.25073098015279016
train:4216,36.327410246278355,15.003108372159499
train:4217,0.018124798683026105,0.012519383463871395
train:4218,24.204130941794183,7.522903931985699
train:4219,-0.1917301321182514,-2.459229585717759
train:4220,5.323212952182972,0.24397998530167658
train:4221,0.027843761478768964,-0.03602181310559946
train:4222,-0.3035748573740169,-0.14490025798071407
train:4223,-0.07339935704302344,0.0024746358313345873
train:4224,0.17290432845477266,0.07965841386899097
train:4225,0.9000597392804656,0.6966039317110391
train:4226,-19.65869336091396,-9.30888494385056
train:4227,5.375417029028933,8.945589430415804
train:4228,3.8348758231567164,0.07046135676951103
train:4229,0.1148571812818825,-0.07839150303420192
train:4230,-0.9782144648535743,1.7710808564962583
train:4231,11.314559557155786,1.7722329851978684
train:4232,-7.2369483690275205,-4.942847862961501
train:4233,0.6994416528846519,-0.08850872235822185
train:4234,-1.6594491450672715,0.043212856736706114
train:4235,-5.4614546459871685,-13.998110959516833
train:4236,1.8736078671099703,2.5461929877840843
train:4237,0.27978560536471475,-0.10446133945473557
train:4238,-5.610697020476153,-0.7258005249233548
train:4239,-5.244856566552711,-0.00022593330208284246
train:4240,2.597372293356013,1.2662944828466325
train:4241,-7.371221827593831,-2.101397185160258
train:4242,-2.0267070131106397,-1.3819364652126123
train:4243,15.325568843030283,5.211159689456371
train:4244,2.0297145009753055,4.585592037579168
train:4245,0.03368915638810177,-0.09975381804615086
train:4246,-8.752618402858882,-0.211908896405488
train:4247,-8.443221134250603,-5.834651971688481
train:4248,1.0078252873363196,5.924428359606508
train:4249,-2.017212953662339,-0.10337711729868843
train:4250,3.0244710725831623,0.1434112472878033
train:4251,3.5944735550041536,4.146026976396153
train:4252,3.072735447173361,1.44686733178158
train:4253,0.09000553573320869,0.08564902660277147
train:4254,-5.266506797216659,-5.479133244147661
train:4255,-39.04391230083831,-13.779684705246055
train:4256,5.080227143148268,0.83667259479943
train:4257,2.8340524401656886,6.240131025717837
train:4258,11.52083649072313,18.19082650929428
train:4259,-5.069006092051721,-0.29285692257596807
train:4260,6.824336214255954,9.791301543359502
train:4261,4.109892518031983,9.932619059178686
train:4262,-0.076457810109996,-0.8019962341909082
train:4263,-0.176063841474826,-0.3764316195802823
train:4264,20.695543878735123,10.117417307314803
train:4265,-3.5868188782295247,-0.07110324757260497
train:4266,0.27230440181874094,-0.06056118435638655
train:4267,-0.090120078264224,-0.2595316426801389
train:4268,2.6591262196279333,6.71230635081693
train:4269,0.1580547798384665,-0.11567134058340306
train:4270,8.266974377831414,7.818246047292942
train:4271,8.234822613705921,12.780961966032947
train:4272,2.195915517694388,1.4117744844497737
train:4273,-23.296979104371207,-9.00050020664931
train:4274,-2.7879063981374625,-1.4751658751949064
train:4275,11.402722599186056,12.589825012786637
train:4276,2.252248052887192,2.1772042265624787
train:4277,-9.656230074359657,-2.3933687961702947
train:4278,-4.794179083100499,-1.830014382250317
train:4279,-3.7257456858491653,-9.830329035650156
train:4280,0.048325540798098435,-0.0844922499133072
train:4281,2.022654279302425,-0.2622961238564391
train:4282,2.889353790604743,-0.27802248090828297
train:4283,0.4438564909992639,-0.03253232969284771
train:4284,1.0871616575260483,0.13490552447361343
train:4285,1.5392215701330296,-0.3154418407296702
train:4286,-0.3527204811530042,0.1061023069333609
train:4287,3.5557083539435412,6.840527604277545
train:4288,-1.3152626411396207,0.0665789854860022
train:4289,-0.8060856467789905,-0.406709949895999
train:4290,-7.156826057527505,0.09450369775823653
train:4291,0.6033781688721156,-0.4003763805749636
train:4292,-0.09847021071225326,-0.25449714269501994
train:4293,-3.081238012845566,-0.22162866271283066
train:4294,-7.148997328912357,-11.896022184659103
train:4295,-35.51736086497271,-12.55479328410039
train:4296,2.360817673996072,0.636536312336307
train:4297,1.128939517380304,1.0499670544126654
train:4298,-0.5880918880700713,0.5167819779495595
train:4299,8.896559626560387,8.042803292534547
train:4300,0.22268061143955886,0.6806125108742038
train:4301,-3.7747390494807886,-8.161760783455478
train:4302,13.87348032215569,1.2607016084511493
train:4303,10.506317133133038,3.2445841327019145
train:4304,5.711324300271831,1.6782805702304628
train:4305,1.5782966380278958,3.5420550326160702
train:4306,0.01654559362788602,-0.0734423142134667
train:4307,-2.1358349989126006,-0.15371612539585744
train:4308,-0.01802245767588792,0.5063945590513879
train:4309,-0.524840930730939,-0.5768977338361396
train:4310,0.6580790796766033,-0.08446371775130596
train:4311,1.8016276379329605,0.12570304626335324
train:4312,-0.34813745071735036,-0.11709766336184507
train:4313,-0.5868394030716029,-2.3106163960748565
train:4314,-0.8142875870988603,-0.11692276120877745
train:4315,-5.070422227651325,-5.179847984051847
train:4316,35.45978311036832,14.818124094327136
train:4317,-5.229896019126685,-4.709859363848529
train:4318,-5.298153662044328,0.47144380188634794
train:4319,-0.8809446388032592,0.21899579764529012
train:4320,-0.4246467800182758,0.18237904754099782
train:4321,1.1755664561261798,-0.15483886597060625
train:4322,1.2263395200451592,-0.04553700381139322
train:4323,4.460259156734927,12.126701230760817
train:4324,12.17157636914784,1.47745780394959
train:4325,-0.02351777047540385,0.012109376295913563
train:4326,0.8835170810712967,0.613099138503628
train:4327,-0.18867423609192163,-0.46677813991397116
train:4328,35.610843773212544,16.79475809415189
train:4329,-0.23420304211085524,-0.10449443676265702
train:4330,0.5687008621954239,-0.23075267747758743
train:4331,0.6451597480582152,-0.21925507215594742
train:4332,-7.484339726631448,-13.033158947067271
train:4333,-3.5819967644937734,-4.657080570578634
train:4334,-0.0779270624174977,0.09167844307687366
train:4335,17.30540637691206,5.563862863250909
train:4336,-3.1699152525032708,-0.2238701493596481
train:4337,0.9352132366623097,0.25733788758579745
train:4338,-0.3984924384912396,0.2008076856559792
train:4339,-0.16287881008783178,-0.5331445193720972
train:4340,9.360232920392031,3.395382600632492
train:4341,5.090246093303054,4.971778844768642
train:4342,0.8880738437258022,-0.29920361669152407
train:4343,2.8964372581016486,0.15677970647186462
train:4344,-0.2342190817294325,-0.09520379417181302
train:4345,-0.3201358797841655,-0.19457646395459427
train:4346,-2.8443500483691064,-0.3421910279274534
train:4347,0.23878996748890127,0.11224214287440788
train:4348,-4.9515170482644395,-5.697378604511352
train:4349,3.6209686803113965,0.5719463452843784
train:4350,19.967923551428928,5.441445051541345
train:4351,2.7182533677850262,-0.07385717184896473
train:4352,2.2104441577100284,8.046648857329075
train:4353,0.744598409490065,-0.16207005710820072
train:4354,-2.1807835891638696,-5.8563900552739865
train:4355,1.6061804688623935,-0.18497881530061694
train:4356,-1.33758351382669,-0.34080835935687326
train:4357,0.1328821094600071,-0.06542591797759809
train:4358,8.777819027607599,10.738338781931724
train:4359,10.35175100002584,9.39666008592582
train:4360,-2.422482044464068,0.1345229081811768
train:4361,-0.8466506557647404,0.21157229973580732
train:4362,-1.8815819389729667,-5.692378057799014
train:4363,4.782586682498886,1.4131785521418547
train:4364,12.616499581320896,19.2867662536321
train:4365,-9.730700396206228,-6.611930264715442
train:4366,-1.5755517117455926,-1.821618793581452
train:4367,0.40798690600832876,-0.2615716922632276
train:4368,1.4053249263741643,0.5738674157519219
train:4369,1.5730853891979653,0.3372262292595514
train:4370,-0.9927986623886348,0.45984661931932364
train:4371,-3.416131766160973,-11.00208786471711
train:4372,-0.5465583418263187,-0.07104989242966267
train:4373,1.8310438334871884,-0.3924766808816801
train:4374,1.6662097874498976,-0.18303320717375232
train:4375,38.01480415592979,13.373466548583114
train:4376,-3.6491748713436936,-4.320389075455953
train:4377,-0.6066076518224842,-1.105678086459899
train:4378,7.154710514464416,1.638038808943913
train:4379,-0.4442337113417619,1.0841639918576325
train:4380,2.7896152580429705,-0.3202808954050806
train:4381,1.5073991993339715,0.07581313439608375
train:4382,0.03274084299700086,-3.747562554394803
train:4383,-4.027135697913784,-0.40052560378223007
train:4384,-1.2502501152558718,-4.074699769749749
train:4385,-0.18513883683051563,-0.1039768633439545
train:4386,-0.11221593137473107,0.09166645956883314
train:4387,-10.269128540770508,-11.28653640057228
train:4388,0.9652722954799495,4.148563485598064
train:4389,0.7700460779667404,0.11741331191551276
train:4390,0.3179275858832162,2.915320985956256
train:4391,-17.274144171090576,-9.070766362009765
train:4392,-0.3759374803562382,-0.4270941823945454
train:4393,-0.4003139812618406,0.10555705731751719
train:4394,4.16488051476318,1.3552120411768942
train:4395,6.384044035145161,1.9363066121427632
train:4396,2.408011345931678,1.616610299316121
train:4397,0.5759306621545672,0.03477817900589933
train:4398,-4.946631240970859,-7.942794130036395
train:4399,-2.09122858719098,0.028593262248890375
train:4400,13.531909903263815,2.1741375897905857
train:4401,-11.300465787126225,-8.256804838941049
train:4402,0.2471418433737324,-0.07397015921048966
train:4403,11.335542167753733,2.300541344531722
train:4404,-9.359313023753934,-2.911640967520212
train:4405,-4.776736811501561,-6.035068154660836
train:4406,-4.203206542826532,-0.03260052156003067
train:4407,-0.09861898398601343,-0.5147746575108383
train:4408,-1.2107331442462903,-1.8423716616130543
train:4409,30.46841931938979,13.079182405842877
train:4410,6.929348759372524,13.443667079970966
train:4411,0.3391956552001921,0.33918382089445653
train:4412,2.0482507210528604,4.170583752265761
train:4413,-4.388199135000084,-1.3850610222733681
train:4414,-4.010890586252136,-8.467652950984299
train:4415,-15.950859831305685,-3.8956330623164415
train:4416,-36.810806865039076,-12.942037493213629
train:4417,5.169809575193508,1.3694684212424342
train:4418,-27.974844133550484,-12.71463616206374
train:4419,0.6831376130590999,0.013183612195260277
train:4420,21.82411747715456,11.9437393125711
train:4421,-0.14499207833353595,-0.6724485205188548
train:4422,-2.330167763179408,-0.21741160916904728
train:4423,-2.1940411475218218,-0.19617226777532365
train:4424,0.22404049214502286,0.5473536188906489
train:4425,1.8455413240986354,-0.15085805872819316
train:4426,-2.0251667448107415,-5.019524624480395
train:4427,2.9028047542185833,0.13466756624252307
train:4428,-2.4407909203826583,0.0060134798843484855
train:4429,-9.39584337129278,-0.49357041067637614
train:4430,-8.095423624018904,-8.622729245963722
train:4431,-3.782084264956216,-9.985106884215046
train:4432,0.22473217163888748,0.16782992749332515
train:4433,0.8628008676166748,-0.30545672531571594
train:4434,-1.5356521144725588,-7.433811745312462
train:4435,-2.409149634552755,0.24911834235648
train:4436,-2.688219936221506,-0.07852417758750768
train:4437,-0.17078355254754157,-0.552875650682435
train:4438,2.433949966211762,3.8146119339923623
train:4439,0.740657080026622,-0.3486589837315146
train:4440,-23.14907987359439,-8.078785832496429
train:4441,3.402654129230932,10.327506463848819
train:4442,-5.725247792106672,0.09487975165341288
train:4443,4.85630802389537,0.5421684690901635
train:4444,-0.5137243127656914,4.2984186802528805
train:4445,-0.7694850968515885,0.23138845688890902
train:4446,-2.6654920291557582,-0.021941191157987136
train:4447,1.2120603077213072,0.16872669334502416
train:4448,2.0510541674302787,0.13190765021214307
train:4449,0.49185295746757407,-0.3456388543836833
train:4450,-1.3451800166598278,-4.293018457769782
train:4451,-20.274878786841953,-15.216214008679163
train:4452,0.014147438192344292,0.06063145631684357
train:4453,-0.1126194788798055,1.6253337225263804
train:4454,2.622475923637118,0.0727764563942917
train:4455,7.460163431652128,12.611599617539504
train:4456,9.213342558377898,2.189712726383823
train:4457,-2.210056590442103,-0.0692115652319227
train:4458,2.3024822786052717,2.4210449334926225
train:4459,-1.1196906419940391,0.05601552314828284
train:4460,1.9369797027340327,-0.06821008634567918
train:4461,-1.5368787966063597,0.2221018088007452
train:4462,-1.1506547769700934,2.306197845648468
train:4463,3.028424257416858,-0.27138989452947454
train:4464,-0.07866139799844826,0.12222440507216198
train:4465,-3.62157370972934,0.07258586155212342
train:4466,3.4796270964920364,13.070893242138276
train:4467,-0.7399419790981842,-3.1378194102067276
train:4468,-2.9119247289768935,-2.3714013140022994
train:4469,-2.892020724613706,0.07433060325849929
train:4470,-0.3144801707988769,1.542719988738268
train:4471,-2.862908119521245,-11.837003978202777
train:4472,2.5871529641981312,0.05050139751992306
train:4473,4.029232298164029,0.09415731731154146
train:4474,-12.262016280259934,-9.412478947001425
train:4475,8.409322505831057,14.411021500461032
train:4476,2.792517731630735,0.588865632029494
train:4477,2.413023610507954,2.381190924287669
train:4478,2.018772459148486,5.196331524864327
train:4479,2.970577024330583,0.41837768974510037
train:4480,1.915401534124563,-0.2082798907205502
train:4481,-1.2005114905060061,-0.3302859833324357
train:4482,2.0161077903404974,0.8961946792366984
train:4483,0.5388345112589517,0.1526376925141445
train:4484,13.617951066477081,4.3481185679212215
train:4485,4.177199406747001,1.0783411482364191
train:4486,-2.3185969218127114,-0.9223836972524633
train:4487,-0.27295755009241607,-0.4521862216232965
train:4488,1.5395955954415923,7.9833799293778025
train:4489,-7.6159608366765035,-0.1951239961433981
train:4490,3.042689289788055,4.73741452480397
train:4491,-3.974059437750405,-8.17886638521846
train:4492,-1.1586318139425211,-0.039474204707749566
train:4493,8.617271279062283,1.3459550665372115
train:4494,11.313089491244442,8.303310491254475
train:4495,-0.18313382639379716,-0.9495668586342854
train:4496,4.493400263130924,0.7656229462704205
train:4497,-5.691416284737131,-0.05614041117591431
train:4498,1.008953290947134,-0.18162343304927103
train:4499,2.2514762915295616,-0.054865308856078876
train:4500,-3.228926636456719,0.1406932735355651
train:4501,3.025472967598641,-0.34831260328481956
train:4502,-4.82659910403524,-8.053910923020506
train:4503,22.916100288892682,7.1347683781315405
train:4504,-6.7066920614409975,-2.2322471067060485
train:4505,17.23929525338489,13.110215126521906
train:4506,-0.011262339591170373,-0.06583820771851603
train:4507,-2.980376706983385,-0.7485326690329834
train:4508,-6.979070355289424,-0.8190567551379302
train:4509,-1.694473628125777,0.2866563959717924
train:4510,-0.002691604273143633,0.3918670314216475
train:4511,3.5456099030705897,5.1529420954658
train:4512,-1.724596264272125,0.32235697835422483
train:4513,1.0875410293741368,1.9408649103440816
train:4514,1.0880638279564598,0.15684190658502734
train:4515,-1.8899234704661065,0.0017487776300230268
train:4516,9.229306860485325,13.831381499113986
train:4517,0.801779649718023,-0.21124752089029925
train:4518,3.656166112300648,3.6266232195012678
train:4519,2.8179998039269676,11.509563120825261
train:4520,-0.9476466711771468,-0.09950701484484012
train:4521,-2.707908219337741,0.09325113584638206
train:4522,-5.613614371391295,-0.03155082332000503
train:4523,0.7777669459584122,-0.27567428397558086
train:4524,2.6385462267020983,0.4355646081697877
train:4525,-0.15226773068056854,-0.2408958610690285
train:4526,5.17472560205832,12.418699376681515
train:4527,-29.994469219833494,-8.867776007381659
train:4528,0.10602318700677235,0.07255875599822223
train:4529,19.896311536104477,7.950745983767264
train:4530,8.175900028800248,3.379659096796848
train:4531,4.441504890828018,3.1084703125885156
train:4532,4.973412581753278,11.08066309647669
train:4533,-7.672296626284671,-3.5412362193855103
train:4534,-7.366582890951397,-2.723415721406127
train:4535,7.638688570665438,0.8045933144181951
train:4536,-0.9971802677591118,0.419771485858861
train:4537,12.790185869605157,2.7829614277189805
train:4538,-0.833297208382685,0.5735980721426301
train:4539,2.80595428283368,-0.11170223152741043
train:4540,-3.141927745293621,0.3349236837860513
train:4541,1.70767801292814,0.2885192608288534
train:4542,-6.460512741101735,-5.946465520068664
train:4543,1.2995894361304159,0.13012866991136568
train:4544,1.830995947089697,4.346681402921219
train:4545,-0.9482561766830829,0.22722104930700782
train:4546,1.6934608669544344,0.00780558497964641
train:4547,-0.16238256985945754,-0.31967972275171447
train:4548,-33.12039654545404,-15.594397544427288
train:4549,1.9336230057448192,-0.02985030646473108
train:4550,0.2759679436850849,-0.32112630336517733
train:4551,-1.323313599832448,0.12255537815137636
train:4552,-0.2299833439047126,0.24159869106105303
train:4553,0.9333431101194964,0.3234748684614335
train:4554,12.574049917152319,6.303247021280781
train:4555,0.03957790475924125,0.011812356489480647
train:4556,-3.4622826304308165,-0.43541701405030736
train:4557,-33.20172345555503,-10.356438135936953
train:4558,1.8794328056941612,-0.11241953008012165
train:4559,-13.389621922566969,-5.022491398685284
train:4560,-25.41970406937001,-8.140088894485814
train:4561,2.276074092679882,2.7162966018463215
train:4562,-4.346707198781337,-0.32124699441044263
train:4563,2.2524591249693393,-0.23136155381469392
train:4564,-3.567172902513015,-1.029676609885169
train:4565,-1.5319732303623583,-0.26504491234363864
train:4566,-7.660385466054248,-5.014778584653109
train:4567,0.4012450358954709,0.03492683156992579
train:4568,-5.835971836186191,-12.37013541420132
train:4569,0.30916716464114524,-0.09432272100921468
train:4570,-4.563474042898215,-0.33257140950873504
train:4571,0.698754390097352,1.7203578054985527
train:4572,-2.1820132932547933,-4.616743511870999
train:4573,-5.552578276165266,0.07083912259440746
train:4574,5.050665428735644,2.4169314516969034
train:4575,-4.5736408364938,-6.395365448693624
train:4576,1.4543764045658505,-0.261351138650958
train:4577,-0.8776899909815156,0.32843775271992925
train:4578,2.619071805166893,-0.7483483512664553
train:4579,7.411893942980644,3.864569467083575
train:4580,-24.565914707585588,-7.902818288499696
train:4581,2.2729796085856706,0.133884073073969
train:4582,-0.03939327353505448,-0.15053621594081917
train:4583,12.069980030329987,4.104727242542598
train:4584,-30.153580376454062,-11.175605637284415
train:4585,1.1153788334770653,2.4831651566017237
train:4586,-13.151903617256334,-4.161658381167411
train:4587,3.9687731642903024,0.07138066302919101
train:4588,10.20228035154493,2.5439184038293456
train:4589,-0.40817339436470157,0.10004350233239742
train:4590,-0.8191033082330046,0.17756082134384832
train:4591,-0.17679724722281553,1.1133794991388029
train:4592,-22.140432411153018,-7.772166094836575
train:4593,-0.5952820538992517,0.22950989934274735
train:4594,0.380264052505204,0.31737240965260805
train:4595,0.02352154918867591,0.2271539987263049
train:4596,16.137047085757313,3.763557909915442
train:4597,-3.251928844245962,-0.3730639684992759
train:4598,-0.25555200689543833,-1.5476555419401186
train:4599,-0.3067049075789865,-0.33264701973803834
train:4600,6.736989100648961,0.6580686790337835
train:4601,-3.0687020048653504,-2.461276483019728
train:4602,0.5373862964221925,-3.7513433511815872
train:4603,1.3193339741407915,0.30490784936074605
train:4604,-0.326137951547427,-0.06837100773936616
train:4605,15.388488779835297,16.791702870244798
train:4606,0.33177268244340097,0.05236083851754392
train:4607,-5.341707967770576,-14.763886796754614
train:4608,-0.053463273442681425,0.045387863446060696
train:4609,4.184730588814629,2.5906988806817197
train:4610,-9.186799254833495,-4.0560676973196985
train:4611,-2.202572364939006,0.6966812538700624
train:4612,-0.8455031256617451,-3.6544906419467553
train:4613,-1.0328384319805393,0.42390408420312065
train:4614,-15.390395575398644,-9.218017996881969
train:4615,-14.67081830320511,-2.6766797547264747
train:4616,0.675609917865076,-0.24731902137874784
train:4617,0.7016815042585831,-0.23173075999098997
train:4618,9.144246671045913,0.9069687089299869
train:4619,1.7016696647923917,0.15809132995906167
train:4620,-2.0623312384289907,-7.055934074340989
train:4621,0.8214137700642798,0.41639955495355435
train:4622,6.398969248918669,10.872621407887882
train:4623,-1.2786804554131983,-0.1674871733857563
train:4624,-8.41210892337551,-6.273017826102584
train:4625,0.24160922102665633,-0.5356399422607256
train:4626,6.220712831631088,0.7638017383698812
train:4627,-0.3118631559301396,-0.12475569564297809
train:4628,6.8261531078617494,13.582474906820522
train:4629,-9.97731720295364,-7.315686312054365
train:4630,0.02365776971746257,0.04185843500650722
train:4631,-3.7141980903064935,-0.8143615025590059
train:4632,-8.83418428003085,-5.608252690068076
train:4633,-1.1935819103641463,0.4975592897660836
train:4634,-11.787479747944916,-5.972570736370079
train:4635,8.625970796245408,0.6656870516097346
train:4636,-0.22218797304704052,-0.19007123557459837
train:4637,1.2852802366935712,0.06477974735020396
train:4638,-2.261173692556653,-0.0017019020424070275
train:4639,11.591872939444725,10.122299730876454
train:4640,-0.1707768112585743,-0.007046831950099461
train:4641,2.200780403746345,0.8825991040431072
train:4642,-4.675470563384864,-3.032269812672298
train:4643,5.206666294101665,11.906333648187475
train:4644,4.844270871298732,6.025068713347005
train:4645,33.45345649509355,9.773915185122425
train:4646,-0.7592929653078163,0.3947716055133738
train:4647,-1.610714739915287,2.252719729087923
train:4648,-8.142408083538285,-0.5998487196283178
train:4649,0.1199975303485363,0.044954174583641836
train:4650,-1.7808095483876811,-1.1378392541460776
train:4651,-2.084838775082981,-2.8029679542115065
train:4652,-6.868237055836987,-0.33700759005668796
train:4653,8.102633840638175,7.9240027883235005
train:4654,-1.1246301471411169,-2.942930192335633
train:4655,1.035554417211931,-0.3729792279781322
train:4656,-1.3854789771896114,0.050300531099434324
train:4657,2.1648274824762805,5.361378098533464
train:4658,-37.08247430158882,-16.172041435720725
train:4659,6.777461475025971,11.002336605350884
train:4660,-2.1978939103957296,0.264456662005107
train:4661,8.236630208982106,6.016141570500056
train:4662,0.3011659520117316,-2.8234106776421553
train:4663,-11.64094086279004,-5.444388489192271
train:4664,-35.190353489916035,-15.79080381735199
train:4665,4.636601512872287,0.1803932090657115
train:4666,8.62450444966591,4.645284173701964
train:4667,0.5356433245367962,4.450674856340101
train:4668,-6.288702855732775,-9.910098112886745
train:4669,-0.18029876569570508,-0.29011669373736887
train:4670,-8.756042977654248,-9.270535435547933
train:4671,1.8544554002375118,0.06075471525668893
train:4672,0.849097919270403,-0.2039820911583033
train:4673,0.3649841074570745,-0.14823138789435894
train:4674,7.658749716799035,1.0296801165865432
train:4675,-0.028611569779447538,0.04799627369621412
train:4676,3.0142052517772306,9.25431255905839
train:4677,0.24618179084149888,0.1754103522938148
train:4678,0.5355459245341314,0.019310893985026722
train:4679,3.015019320534587,0.5270330131133653
train:4680,-1.7406151940660104,0.002920878845034003
train:4681,0.4248167663733268,3.3600095674698336
train:4682,-11.197967510336202,-6.038320250485738
train:4683,-1.6256380940228725,-9.470883141331484
train:4684,-0.4752417809252234,0.00875057018512751
train:4685,1.8164786975278284,-0.2304804806520956
train:4686,-1.9135853947411796,-4.37596402060197
train:4687,3.376532331857531,0.16203647199897322
train:4688,1.720108484867282,-0.031918317566581006
train:4689,-6.920828408111205,-9.31738068040805
train:4690,-4.198788906428816,0.2876438940986553
train:4691,-5.554862410833965,0.23626859787760124
train:4692,16.32845506044529,10.981161176000043
train:4693,6.214399265825891,0.15768446132892397
train:4694,-0.23682493860263787,-0.2012207485198232
train:4695,4.4197063518067905,0.6403005604691308
train:4696,0.9253925733864574,-0.27611282330553993
train:4697,1.6194761503717472,-0.019820680878054928
train:4698,1.2372141489823063,-0.35944299968150356
train:4699,-15.864792632769511,-4.885136429524831
train:4700,30.68472450144153,11.486676903040825
train:4701,1.771231398437838,0.31685369494742555
train:4702,0.022228151539923524,-0.09191517717955
train:4703,-2.5569093903854245,-2.8388893755278284
train:4704,-1.5058165642529198,0.16604695268986763
train:4705,-5.904636281024271,-0.12213986703070434
train:4706,12.034648237477871,3.706134651314985
train:4707,-4.753341749286295,-10.815534317974677
train:4708,22.091937264911678,5.417949386776564
train:4709,33.85967076110013,14.526535670252775
train:4710,-1.952228787683901,-1.7072188047158572
train:4711,4.030035208925853,6.879614954289525
train:4712,-2.4075903046771563,-4.5730564920228005
train:4713,0.05077448835913484,-2.6669699746758324
train:4714,-1.606580237654196,-0.9085547289737019
train:4715,-0.14914052808904193,0.9823429772535246
train:4716,-2.599770970555727,0.1009054589464549
train:4717,0.2147707548985636,0.3990371637325593
train:4718,-1.0120585249680887,0.16364454464936315
train:4719,0.2893184853391373,0.35339569078727456
train:4720,-0.5382200647485421,0.24757589367869295
train:4721,-0.7410535944030608,-1.0470544084736446
train:4722,-0.7616307978300131,-0.5535712647920255
train:4723,-0.4089732831694026,-0.3329109422365498
train:4724,4.149844650867313,12.012863610808267
train:4725,-8.664734310716911,-7.2699914839661375
train:4726,0.3700773837300776,0.1398929463914303
train:4727,-0.22404205997127652,-0.0008439399310297135
train:4728,-10.380851690366622,-7.503271581774762
train:4729,-2.6665687757245973,-0.3205479564414122
train:4730,0.6261439666310238,-0.37084844611987955
train:4731,2.4039349582306495,1.5947515246853505
train:4732,-10.144690855265665,-8.13630381787473
train:4733,-3.8853212940337545,-1.459682612163313
train:4734,1.3148182403656903,-0.12037172895148746
train:4735,15.055880091021551,7.072917498631731
train:4736,-13.187305147580526,-4.883663599322327
train:4737,0.9498908824099508,4.5366861999793215
train:4738,8.530821919179136,2.5834976483142267
train:4739,-0.6547878765297123,-0.841105268646009
train:4740,12.905023959620626,18.113967712581818
train:4741,6.218957307000719,4.509129837918524
train:4742,3.7000839827146477,0.33420296137389993
train:4743,0.021629804029519376,0.3191502486669054
train:4744,-0.6086578172723713,0.15510943370831198
train:4745,-0.12998131992761625,0.006323053842061943
train:4746,-12.312921845375856,-4.802877635832014
train:4747,20.388663667952272,7.2758473650763955
train:4748,6.930986195216847,0.10852782602508637
train:4749,-8.476032149945446,-5.277946122158032
train:4750,-2.8613306579029065,0.058853902624166274
train:4751,-4.165133137488905,-9.876998522392345
train:4752,-0.07042970302382648,-0.2994763841602559
train:4753,11.939384061124434,3.848961233182416
train:4754,-1.3688117213636684,0.39300660597197706
train:4755,-7.487321236020898,-0.09946535788831831
train:4756,0.7723513663353022,2.7785243912061675
train:4757,-3.606796804313112,-8.066133530578599
train:4758,-0.05884351941327348,-0.5385684833685329
train:4759,-8.161988506031044,-9.427574743273041
train:4760,4.833168665744379,8.707644894763218
train:4761,0.8031716096606415,1.84677439971259
train:4762,2.42972155082161,0.4027189539171994
train:4763,8.55537508834733,0.43228626275584514
train:4764,-0.3999197320863761,0.4365281392805696
train:4765,8.951582492027622,1.9274428106954578
train:4766,-23.560086498681972,-14.962452383699569
train:4767,-1.1784718922896396,0.0578241768975415
train:4768,-3.296215393428998,-9.762885852398103
train:4769,0.35872145000649247,0.01047591002134253
train:4770,0.8258637181573905,-0.12606189801939488
train:4771,-0.372471527994107,-0.23592099330249217
train:4772,0.9185050681860827,0.08144281528054856
train:4773,-8.480369820708516,-3.573459016541612
train:4774,1.5253473000636935,0.08265286427102118
train:4775,-1.1847587253972076,-0.257625123615216
train:4776,2.170188434412932,1.1226530224324462
train:4777,9.14884097570622,2.9524467498306506
train:4778,-0.20204465292551543,-0.03168720705437095
train:4779,1.2450549654259473,2.2154866842844037
train:4780,7.8661154847637125,0.8973616446625492
train:4781,11.47061900199835,2.2535648517263995
train:4782,11.66999936449395,1.8019498025654008
train:4783,0.536346278255313,0.24003313133204493
train:4784,1.0051460898883153,-0.17913685513086286
train:4785,1.1264608151645157,4.224926963978184
train:4786,-4.481012271668321,-1.461500110882792
train:4787,-1.1247814774555196,0.4744522330477588
train:4788,4.192281297374437,5.219562411165737
train:4789,-7.702554320668605,-3.4923067000912025
train:4790,5.028226234804287,-0.006693603784524091
train:4791,11.757206538240313,2.240219218271939
train:4792,4.433675697296389,1.4275824434849411
train:4793,11.703809950621869,10.60165374793506
train:4794,2.9787562999720283,2.697425144577081
train:4795,2.9179577770675365,0.13046449345812028
train:4796,-2.8479582651742708,-0.16784496669725185
train:4797,3.088425913473772,1.6371697192893553
train:4798,-18.197406932389146,-4.737104725343514
train:4799,0.289259673404354,-0.14753263524694854
train:4800,0.4547322822276121,0.6328197129140254
train:4801,-7.7579072768369945,-4.663769935959825
train:4802,8.394499108766778,9.855062936426915
train:4803,0.5499990156216907,0.3506874179701168
train:4804,26.199161946258716,12.599531654299458
train:4805,11.274563722171287,5.5621691941145155
train:4806,2.536147906955382,1.622124995587721
train:4807,1.0493377961093295,1.5362828476691681
train:4808,0.14993512973564535,0.22782935500087426
train:4809,0.3280094159919897,0.5153975974492593
train:4810,4.745477049025336,7.33183431464171
train:4811,2.9086808336156293,4.412418933528838
train:4812,-0.2848610392009107,-0.029303344919167293
train:4813,1.7956646191540613,-0.21795143767411074
train:4814,-0.17333495607796823,-0.03377861452906189
train:4815,0.6269994129551448,-0.07091721787635688
train:4816,0.6467265165975018,-0.1930736749819889
train:4817,-15.320146695195017,-5.116127106654476
train:4818,3.658867277052356,0.1303058546373934
train:4819,-2.126736118472725,0.3202233432797721
train:4820,-0.6197524679339151,0.07698894479215489
train:4821,-4.887714699979433,-7.647148432525459
train:4822,-0.1587080443412618,0.005929024684824813
train:4823,1.2685702085514223,0.2874182046972255
train:4824,6.260971809343549,8.931755326347883
train:4825,2.0709016844410852,-0.08611230607173764
train:4826,1.939703648393285,0.8964078144868477
train:4827,1.5008069160987145,0.016044817400744704
train:4828,-6.10337319911086,-2.5041106765457104
train:4829,-5.98092582105904,-2.601074661212347
train:4830,1.2853604347864578,5.33966169939108
train:4831,-0.6056847926086907,0.19249227236233762
train:4832,2.155208360494725,0.0060534249111502125
train:4833,-2.3437944652228775,-4.823513236677791
train:4834,0.39941896018918505,-0.010734043245519798
train:4835,-3.3591209178231183,-0.28894230994939785
train:4836,-10.433335182017363,-5.213560445386033
train:4837,0.175438704419101,0.036909246185772
train:4838,2.081192610736964,-0.15595162028865464
train:4839,0.9902723656150232,0.04547802507798462
train:4840,18.56637145198474,8.8622116053293
train:4841,0.7665933757243034,-0.05155757531527502
train:4842,0.15648347836349494,-0.2621417648600124
train:4843,2.5625235487271367,-2.00852385655974
train:4844,1.175165465661748,-0.1643580511790802
train:4845,2.598009693850779,0.25498569615041516
train:4846,8.03270203347425,2.2754124988139894
train:4847,-6.1256905849243255,-1.078310821302764
train:4848,-0.7586757886799519,0.1346755552478834
train:4849,0.2588996973947102,0.16850842230571467
train:4850,1.6700844013983889,0.13557574495902255
train:4851,-22.865605418105854,-14.855896171489734
train:4852,9.97581395489537,2.935937184931873
train:4853,-0.46636699022894934,0.36070848390819255
train:4854,-0.42309070455804065,-0.1824229042285458
train:4855,-6.094459820346704,-2.3327733317985397
train:4856,0.28497570049478216,0.5701511016512604
train:4857,-5.170708431827128,-1.8246534743319038
train:4858,-1.181807668037231,0.040690613615796435
train:4859,0.49496871149076827,-0.07044986106277656
train:4860,3.9222945339017063,0.21489087549817162
train:4861,-7.584903950862589,-8.57232318728585
train:4862,-1.5715585440945739,0.22983973113548167
train:4863,-0.6640559865684897,0.233802277794214
train:4864,0.054506489177232484,0.07065708740083954
train:4865,-0.18454275578795393,0.20718975965241673
train:4866,10.561195874491318,6.862618916028626
train:4867,-1.0982275402134936,-4.566704662118084
train:4868,-1.2017225979377102,-2.793637081272241
train:4869,-0.3283979105591399,-0.009725431318775929
train:4870,3.33057859217542,5.451633886591988
train:4871,16.342635013100555,8.597284204072139
train:4872,-0.30899857303553574,-0.19467119073243838
train:4873,-3.2096367867642726,0.21843884984302592
train:4874,-1.6628095613883294,-1.536466083968092
train:4875,3.5914092904811747,0.9506560140998068
train:4876,-0.7982996904800487,-0.43057253826411673
train:4877,-3.517829921688055,0.10839030100424038
train:4878,-0.08622878543699486,-0.05700978615209212
train:4879,2.4545820297834133,3.889197288036566
train:4880,-0.6575341381800287,-0.06795044367146788
train:4881,-7.859358561712931,-8.874868532211927
train:4882,4.226372693056579,4.693929797984359
train:4883,-5.526755885005308,-9.673704585560545
train:4884,-8.946132449203528,-1.5572489107697958
train:4885,3.6429424928457723,7.885306899574178
train:4886,-10.1450953326037,-3.1154795833246163
train:4887,0.04312591488018083,-0.12011408352861624
train:4888,-8.457094242028738,-0.262822827566982
train:4889,0.11648717846251726,-0.09043492861492564
train:4890,-0.43257267617784834,-0.08522210261729896
train:4891,-7.741584059206621,-5.839891047275149
train:4892,-2.643468470557969,-4.158495305687953
train:4893,-1.2510974255415843,0.31497085757696364
train:4894,-0.47621671078483296,-0.02514763552368658
train:4895,-1.3780424056257656,4.562928370658343
train:4896,0.26297283068037514,0.2429251512724907
train:4897,6.963447593718353,2.51297270624442
train:4898,-0.12853769614110216,-0.038430498221744186
train:4899,-1.7890336884694946,0.25266431944999423
train:4900,10.614472513657793,5.676064449034308
train:4901,-1.4371293385072952,0.16343511858027404
train:4902,7.84413516339861,5.446886134834982
train:4903,0.0590494786810032,-0.16629509965734446
train:4904,14.541664796761737,5.618771867735817
train:4905,10.22840121908537,2.1021985937719974
train:4906,-0.06708183944774238,-0.4301887806852
train:4907,-3.295159103185301,0.19946382082572078
train:4908,-4.676505002553977,-0.07052775386503995
train:4909,0.21051049272949723,-0.05112788095553633
train:4910,0.015647200643878867,0.031049025432337167
train:4911,2.5599414025944367,0.2378909366089918
train:4912,-3.6428631652044188,-2.8837499231991393
train:4913,-10.268031337876527,-1.0043417619577872
train:4914,-7.202743533724138,-4.085423582837915
train:4915,-1.1655953329874578,0.3871786265616036
train:4916,-0.9021508742283287,-0.28766406909174225
train:4917,-4.436933075235588,-0.18725140200401574
train:4918,2.619085752661308,-0.07419670457677949
train:4919,-0.15745927867463744,0.09905258034609433
train:4920,2.3407272381242037,10.61132957471292
train:4921,-0.49709285550874704,0.1616016418500743
train:4922,0.10423198003652404,0.36255879461397306
train:4923,-6.812436850014357,-1.7851949208922882
train:4924,-4.701163242846763,-0.037173371163969515
train:4925,0.14640711102336731,-0.04132965120269025
train:4926,8.072499814038054,3.488356362443255
train:4927,2.485017322262898,1.841441167991318
train:4928,3.49128813165595,2.2702364793053444
train:4929,2.457287843699926,-0.32718824650396094
train:4930,0.0413850351189467,-0.6254409276569506
train:4931,28.15191158632061,10.983365000193018
train:4932,2.8189147595605926,5.793342477080968
train:4933,0.5698093393140573,0.20749876296689018
train:4934,-3.5009139355450447,-0.17280785095574763
train:4935,1.4924428361562705,-0.2535224840410576
train:4936,-6.800825560913856,-0.9991991250786836
train:4937,-1.917830082208149,0.0353063093245423
train:4938,1.2500463087606004,-0.6442887032317302
train:4939,-2.607282161214693,0.12421994448252874
train:4940,0.4602416587506632,-0.12909914666442696
train:4941,-1.1488936733419575,0.2697342560104765
train:4942,0.8927677567420554,-0.1712676848509207
train:4943,6.081813454083798,8.35837471070067
train:4944,-2.0484204724159354,0.37340900517980485
train:4945,-0.3060127631686414,-0.006664500979282825
train:4946,5.2162463630988585,0.40058988398866685
train:4947,-0.12047005856953702,-1.0110665072198597
train:4948,-0.1567251755519271,-0.6316292682733997
train:4949,-5.220716243219203,-0.3987380638328523
train:4950,2.7003722150284966,8.930631729808274
train:4951,-2.411516524354983,0.3106736286579568
train:4952,7.500335005066255,12.849338721625681
train:4953,14.049653913610626,9.734602431030636
train:4954,-9.283085317611071,-2.7469293614329695
train:4955,2.0706685288261144,-0.36614235131939493
train:4956,-3.669856216062278,0.06498175505717274
train:4957,10.698011496373006,2.2263066507585143
train:4958,-0.32980567766209545,-0.400477384428448
train:4959,-3.499000804227785,-0.5126281829634849
train:4960,0.7866821843884899,-0.12308028709026522
train:4961,-0.2854758912463726,-0.087476714058637
train:4962,2.315618493761813,-0.27201760209350184
train:4963,0.5393366210578922,-0.013587830088883895
train:4964,0.5750389523449673,-0.04995520909728535
train:4965,-0.1897681845705393,-0.5740596396818762
train:4966,1.4352867014182595,0.08730817182314363
train:4967,-14.84245152031148,-6.4307544598670034
train:4968,-9.103721469266938,-3.4803888160232845
train:4969,0.7171416044429065,-0.21384623020537225
train:4970,-0.4588034964659269,0.1258260198815786
train:4971,0.570413730738708,1.1232872923937338
train:4972,12.120760067996173,2.4789278452229193
train:4973,-4.221142090811281,-0.24766254860924275
train:4974,-0.9180068507957982,0.1457292001287841
train:4975,-0.2636926944690021,-0.049486710997224986
train:4976,7.370960836371458,1.0320271722327652
train:4977,-12.503398127436911,-8.17862443248469
train:4978,1.132236240143533,-0.20496131495818587
train:4979,-2.9371947993580174,-0.10678385744163657
train:4980,3.6679196658441815,-0.20371674205169177
train:4981,7.310802503460615,2.7795267260572714
train:4982,-1.4846847154647307,-1.033222586978683
train:4983,0.3478888960108308,-0.053279491292049896
train:4984,-3.3184639716033497,-2.79315688498576
train:4985,-0.11679117445933651,-0.6538692325885069
train:4986,1.6897227059929705,1.345876888413328
train:4987,-0.7907246900341338,0.1351509010668241
train:4988,-4.732105294289993,-3.0394584908885105
train:4989,-0.09132026015863604,-0.6871845262276355
train:4990,-0.8550942364253503,0.33082475339295303
train:4991,-0.906542010386656,0.4287043351382094
train:4992,-4.614358686772515,-0.5263270445835206
train:4993,18.910991722988697,5.83984875985651
train:4994,-12.426682258989524,-13.675758017086256
train:4995,2.6431665666853124,-0.06286915094066692
train:4996,-2.1166613783402792,-0.3974056118673944
train:4997,-2.7129283874941854,-4.359696979080202
train:4998,6.608456895700351,11.099791057882321
train:4999,-13.599848786552647,-3.343325445558484
train:5000,0.47872638932800277,-0.2939925026236174
train:5001,-11.05706992175572,-0.5686562188420814
train:5002,3.8570104967933454,4.080312842161376
train:5003,-1.2426436167184032,0.4322662902424443
train:5004,-0.8167640809613663,0.08452856860098275
train:5005,3.1506782302127894,0.754757613658728
train:5006,0.21793520892309026,0.1956268156797939
train:5007,1.0882556060046662,-0.2432965571798129
train:5008,2.410648817125557,0.11640042016446872
train:5009,6.182631522713292,0.7337034459963925
train:5010,-0.0906803026232271,0.07044509343717031
train:5011,0.03153531456306306,0.11566086652539656
train:5012,-2.1736503756035503,-1.907022972813286
train:5013,0.7238089716897643,-0.22155048458894727
train:5014,-0.17146395781675405,0.1433858536636222
train:5015,6.6841676147168965,1.9780657138045392
train:5016,-0.013127352052698132,0.12438029523297572
train:5017,6.986261975249474,5.816680644311503
train:5018,-0.9055243082108403,0.24738701076624472
train:5019,0.19856597474159848,0.06129397311851238
train:5020,-4.679022990212368,-2.3381690489545943
train:5021,9.25640963163258,5.355724735954538
train:5022,4.457469192935443,-0.1429089983946475
train:5023,12.016551828390869,3.3632000338248127
train:5024,-9.929279242689447,-2.4757805222514384
train:5025,28.651875330787163,9.35849204217352
train:5026,0.4230298598805231,0.07098206872603367
train:5027,-1.77877414403605,-0.174655023123708
train:5028,-21.586201755416525,-8.355785762139554
train:5029,0.5506264204121261,0.17617587020030806
train:5030,-17.049152489517162,-8.560511442860577
train:5031,-2.1265887399484065,0.028157861456751435
train:5032,-0.3287526418337618,0.22694656990855586
train:5033,-0.38154018886274976,4.057802107628877
train:5034,1.0282444191599016,0.8202412080245356
train:5035,-0.275182175451611,-0.4970898528592292
train:5036,-1.4436611826000871,-0.14843653413914787
train:5037,-0.2680526812231358,-0.4108522491753392
train:5038,-10.047289922767849,-15.622901174266529
train:5039,-10.710988883170028,-6.6506335718268845
train:5040,1.0473311003503691,3.9054591937691727
train:5041,26.64982408746707,7.359157283617338
train:5042,-6.532299565022857,-15.685754103295821
train:5043,-0.024688895089784613,0.06145204129599925
train:5044,15.683385303416767,8.752370199986643
train:5045,5.9892006964186555,12.50067798454348
train:5046,-0.4285799734433101,-0.788191518249848
train:5047,-2.532087034575022,-4.318900552564348
train:5048,5.433620853055751,0.47257767000427725
train:5049,3.8384305745666234,0.87001214077626
train:5050,-1.2352086723622393,-0.5467189807658073
train:5051,6.258142327643223,2.5025028293980647
train:5052,3.701852060089991,-0.09635478158694305
train:5053,2.730842376244019,0.5380447157161241
train:5054,-0.015075352105995254,0.11855459839556239
train:5055,3.473285170781529,-0.18697578131908377
train:5056,2.081773291421109,0.2337035565136897
train:5057,-4.223625209733633,-4.787714503658075
train:5058,-13.188936074594121,-6.810999158998098
train:5059,-0.5705352470169308,0.11752059284463742
train:5060,-0.7632617248436088,0.01668964426197274
train:5061,-0.190194280524918,-0.04273685743259145
train:5062,0.08542581782747842,-0.12139746017543204
train:5063,3.609404347775427,-0.12453656863880855
train:5064,1.0319102856086482,0.19909489997104474
train:5065,9.849263688903132,12.906704345258897
train:5066,1.1436397115772494,0.36007621119824507
train:5067,-6.173098583357442,-6.673734922112809
train:5068,3.3870989536263463,-0.3701088924808074
train:5069,-0.3335251257352196,-0.007890242658856128
train:5070,-2.9792265036106262,-2.831841646191902
train:5071,0.1335269486184613,-0.08413987771259188
train:5072,-1.132464454754031,0.3887227871691108
train:5073,7.987113253229332,0.37939904727034535
train:5074,22.194968335988357,11.24095678259966
train:5075,14.06741744249759,4.783086527162596
train:5076,3.745408690398641,0.5214661029853032
train:5077,-0.5596813068631661,0.02017627445852435
train:5078,6.996419470515448,1.9952232441023654
train:5079,14.133407687739831,5.274694537157495
train:5080,8.49664311919866,6.139533470220342
train:5081,2.9355590501028046,0.8096968622353571
train:5082,-2.1396914811183523,0.9594008364315669
train:5083,-5.927167063502287,-4.537522822788075
train:5084,-3.1567878707598584,0.03247249499457906
train:5085,11.396682404271393,6.042319258492955
train:5086,3.27649811241416,1.6021750225948335
train:5087,2.6236391446713303,3.861606402059746
train:5088,7.301571121823797,2.744295783061379
train:5089,1.7979220211251312,7.146055701419232
train:5090,33.4690888468339,14.796422531908991
train:5091,1.5785707062931507,-0.6394176925348785
train:5092,1.8381944814155262,-0.2073072293179279
train:5093,0.6751391899285692,-0.13027210384429797
train:5094,2.6843735091015133,0.17721073171609308
train:5095,0.6130751643641548,0.49422159745517846
train:5096,1.1992495341011158,-0.17625482144711757
train:5097,0.13364724575779077,-3.8637420942044147
train:5098,1.718528466208301,7.459624161812867
train:5099,-20.740485203399516,-11.249008618535287
train:5100,-3.7054246514029687,0.244450195331457
train:5101,-0.2051471568290154,-0.32414529142652865
train:5102,13.36306990437229,2.0938326785516135
train:5103,-11.693000350610564,-12.619283959228554
train:5104,-9.039298922396945,-7.303099634109137
train:5105,-9.745294124529138,-5.456777153933209
train:5106,3.287652388614328,0.5033390498226749
train:5107,-0.49996603935824013,-1.8702150572235852
train:5108,1.240360006347613,-0.4309411737971727
train:5109,1.296513316237184,-0.13553115194436666
train:5110,-8.033467923994447,-3.4399396259189854
train:5111,1.9235385023662825,0.32436906641855234
train:5112,-0.6860381675995144,-0.19331733964547954
train:5113,-3.8867234821389443,-0.09020980985673585
train:5114,0.9495961253613134,-0.24299896673013993
train:5115,4.084230523057797,8.24270532594764
train:5116,0.3253597407404972,-0.25304399968429675
train:5117,-2.467781646658115,0.21479529275546747
train:5118,0.7228075415907662,0.6474575679855219
train:5119,-4.607070191107708,-5.363551167810355
train:5120,0.1915823480588803,-0.06943126287933227
train:5121,0.03239680480143049,-0.06283690959760552
train:5122,-11.129637805364082,-5.768640532325651
train:5123,-0.628855532622115,-0.4705620752385757
train:5124,-3.4221263992605464,-0.5578687790326522
train:5125,-0.6076964862198164,0.07340473460155902
train:5126,0.13313630254572073,-0.48306429798427936
train:5127,9.511161546955792,0.6537078233935139
train:5128,7.663454671581699,0.5460748073897533
train:5129,3.8139494674529084,7.677728002653032
train:5130,2.9233986946388337,7.774170134076665
train:5131,-4.472515458070694,-1.154617877332527
train:5132,-24.80854532042919,-10.05993647356598
train:5133,0.7746178341777421,-0.12725625432076682
train:5134,-4.268211630046593,-0.08772066404374759
train:5135,12.640564588184564,2.666272874139266
train:5136,-1.6178200584867763,-2.8130184082764433
train:5137,2.3116188172800674,8.905282615799893
train:5138,-27.826565530925574,-18.3326154362486
train:5139,-0.649424135094178,0.281242703553677
train:5140,19.957208156386354,6.451963497350128
train:5141,0.19052094373389766,-0.050360936440943
train:5142,0.5545026615682991,-0.21453214337988208
train:5143,10.69602816266719,1.9450785400284247
train:5144,1.4885303315146183,4.987968564131386
train:5145,2.674875265404888,8.603832905894663
train:5146,-1.0920829715489586,-0.36612294944923407
train:5147,4.366179122657326,10.81643473318856
train:5148,-2.684518271203761,-0.10395004311167333
train:5149,0.0349017747983672,-0.1370704620843336
train:5150,-3.241594215800916,-0.022494144457571183
train:5151,-14.927025407112286,-14.060168411869531
train:5152,-0.6303360591542688,-3.180575140287207
train:5153,4.5737248132999575,0.9423744114181367
train:5154,0.4058549152578736,-0.02933159175954851
train:5155,3.7187122562553414,2.0112597457551624
train:5156,-1.3844245466118363,-0.24274645709642895
train:5157,-3.970703205677672,-0.2129143697944117
train:5158,-0.023642949237778627,-0.04399141659578601
train:5159,-2.071145125066319,-0.5943226104919175
train:5160,-8.909627207154628,-0.5951848524275949
train:5161,4.470246492569039,0.877904992750663
train:5162,11.776764644742007,18.18895365818052
train:5163,0.8679156462769011,1.0770643339868637
train:5164,-0.17958883822998084,0.028447748222684047
train:5165,-1.7814130099793708,-6.224334539366347
train:5166,0.06331979466896037,0.6458783128187533
train:5167,3.20222352040588,-0.3043131562627062
train:5168,-20.97847037076996,-6.006687783761442
train:5169,-1.0585948050002671,0.45162365023056605
train:5170,-3.0765790847944703,-0.5565505931481949
train:5171,-0.9589450714862701,-0.14027490919869295
train:5172,-0.24608630735244807,-1.3886352462072635
train:5173,10.727953047550198,6.415001222764001
train:5174,7.336428699865802,3.8604947890281776
train:5175,0.2234323813885282,0.004175438008228546
train:5176,4.485792834760495,0.1085147012305658
train:5177,-0.5885735415438698,-2.5539994471265
train:5178,0.5650870663924936,-0.21944994682241592
train:5179,-8.518566428913475,-0.371479577543347
train:5180,-4.443565573746408,0.2574796924309436
train:5181,0.1197255542074435,0.5655848144445816
train:5182,-0.31954555208305,-0.08022127058334147
train:5183,2.6332424594925485,11.598029942326308
train:5184,-1.1361716987695418,-1.9879578741892452
train:5185,2.76418153706071,-0.0807830688531459
train:5186,-1.3647506759064965,-1.0473214695099762
train:5187,-1.7025971137895621,-7.871293102704525
train:5188,-4.493440883941541,-9.531557354470364
train:5189,-0.2644230782598684,0.00981852900883394
train:5190,-0.9555216589821046,-0.03946735698886927
train:5191,-0.03464217579169973,0.08833219111736815
train:5192,-6.396607646274539,-0.3503321097112674
train:5193,0.32688269090149674,-0.18645535468418112
train:5194,-13.678074703728699,-6.08322245511357
train:5195,1.7179866060502778,0.13327434077200248
train:5196,-9.202254008478294,-9.514110508049844
train:5197,10.878493003936262,7.405450716464351
train:5198,-17.172976485267746,-10.050090595102592
train:5199,0.2814816206855806,-0.06760805772745299
train:5200,-8.700037278747237,-15.369843723045124
train:5201,16.26338720950036,11.51528781380919
train:5202,-2.419356410965663,-5.663791684689971
train:5203,-22.609849283184765,-7.337276599040703
train:5204,-0.7316985449824297,0.17109600407760717
train:5205,1.711851800631833,1.0285331236740933
train:5206,12.484297790591697,4.331651515943825
train:5207,1.3565614639421484,0.26357815673708884
train:5208,0.85834696773348,-1.507607514033557
train:5209,0.19932553204161618,0.3461436711714192
train:5210,0.8922933094737047,-2.555101929866228
train:5211,0.13130546144550975,-0.7155460659001089
train:5212,1.3295607419623612,-0.22973208204280304
train:5213,6.371961320733433,0.41049682127873766
train:5214,-0.7993848055455368,-0.040545302069276146
train:5215,-7.859517563149263,-0.17304980368951817
train:5216,4.202066859456012,8.512174476752158
train:5217,1.9455390475982872,3.996800915913465
train:5218,-7.745179723266813,-7.177091335133338
train:5219,3.7760392477999365,4.626973944059288
train:5220,-5.50340498985569,-2.0790079976378846
train:5221,0.2802600526330655,-0.08229983858513187
train:5222,-1.3090783221160032,0.6506123691379992
train:5223,-3.698978119484349,-6.460131744506721
train:5224,3.0055215417544425,-0.026485793921544765
train:5225,-9.071752882234764,-14.768159773335919
train:5226,1.3089849332848504,0.1038006174247208
train:5227,4.153791791786762,0.47054903328598907
train:5228,-8.617231004405292,-11.912595946922384
train:5229,0.09733285192413683,-0.21962085447280333
train:5230,-0.8257125609197997,4.437890735833825
train:5231,-1.189594786627374,-0.5189472008818996
train:5232,1.241508350054449,0.6017518976757346
train:5233,4.655803958266399,4.678374063261283
train:5234,0.9765682549775501,5.330306574114113
train:5235,0.837518244490577,4.577864386822752
train:5236,-7.3328011296452695,-0.7510440699323326
train:5237,14.532960630413807,2.6134301688264885
train:5238,0.06624644391371104,0.07269028926504795
train:5239,1.6505630232986532,-0.03945023769166853
train:5240,-7.727228368121727,-0.5841143735711136
train:5241,2.376247787067403,-0.12095806488061295
train:5242,1.5799026920097847,4.27748206509799
train:5243,1.294198264622532,0.832647848027535
train:5244,1.9658975078211638,0.09663390897324915
train:5245,-19.04538297850139,-10.724598893817284
train:5246,0.9239455208408995,-0.16546595502958839
train:5247,-0.12340530876917694,-0.023935303960253854
train:5248,-2.019701651582458,-0.028099002361094916
train:5249,-0.650293645141834,0.3064719824816541
train:5250,0.7567827081527819,0.05771832257651689
train:5251,7.21318863921473,0.6091517138907563
train:5252,-4.309664978197459,-7.74146149402056
train:5253,3.7683704504540807,7.792406180098138
train:5254,-1.4925106545809954,-1.7461067149154483
train:5255,0.2512878523177158,0.1183985274694156
train:5256,-5.361942527751399,-7.119918588915252
train:5257,3.1936658027493072,-0.14114342821001072
train:5258,-5.670008275559525,-0.16432409790629876
train:5259,0.11903201504765688,-0.024038590386698352
train:5260,-7.672372872587473,-0.16569250039587824
train:5261,-14.849815797362607,-7.624256508308623
train:5262,9.144965431924767,0.6224011939592724
train:5263,4.122105873974731,1.0237357259552047
train:5264,-1.0229175792031389,0.2483017518800045
train:5265,6.764906870386536,2.4141207484181613
train:5266,0.543788661275165,-0.1523634155953786
train:5267,-1.7745796675489744,0.05935264481594796
train:5268,-1.9489529861622943,0.29450159923565356
train:5269,-3.4297886877756754,0.07378078849673537
train:5270,1.94613600035925,-0.004849855476003917
train:5271,-0.2992062696649939,0.07079832160274568
train:5272,-0.007825444509070412,0.09815124934847513
train:5273,0.4035289381059296,3.414028368500303
train:5274,-8.504008034243082,-15.800672521544978
train:5275,-1.9781418375575575,-1.6473289407103928
train:5276,-0.2610003631304237,-0.06962699351066079
train:5277,-0.2628554961167408,0.07476628937225824
train:5278,4.218351024102023,11.245686273772986
train:5279,-0.6917022450814521,-2.474804151667756
train:5280,9.062310720355466,0.3235524759420768
train:5281,-0.6511943045936835,-0.18740690228692253
train:5282,-3.9156705769643474,-8.415335237452343
train:5283,-0.6610070642893674,0.43595378685948466
train:5284,-2.179149872651391,0.3253134809807934
train:5285,11.795385479619014,1.0288076030725453
train:5286,-1.0065474050082357,0.1738835963051284
train:5287,-2.884143179768105,-0.10884844468404634
train:5288,-9.939645020538686,-16.29361926058097
train:5289,7.051275895882664,2.8368646734933445
train:5290,-0.21683910893888225,0.10117366126926657
train:5291,-0.0793314588759696,0.017708242445417036
train:5292,10.435606125947794,1.4765179545332692
train:5293,-3.227497948112141,-9.87712292261867
train:5294,10.431775214148471,16.022870667813446
train:5295,0.7923153449244742,-0.14863197944885637
train:5296,-0.24395617626791494,0.058811389702784427
train:5297,0.060777689468143686,-0.10659269195622825
train:5298,11.066848337013273,9.096838991827623
train:5299,-1.5231602735579912,-6.400260997049797
train:5300,-0.30167567355117236,-0.01796038391557403
train:5301,-0.18262358055644784,-0.4057752362688384
train:5302,-3.885691367552233,-4.1750744890620135
train:5303,1.4394553750406671,0.0887907029607281
train:5304,-2.3274094137005985,-0.9611803045336504
train:5305,7.424206791050219,0.39519017232993203
train:5306,-0.9991352415596163,0.14899442074820607
train:5307,-0.07620954470940872,1.0630005460148322
train:5308,1.0254167971254975,0.003026733166058601
train:5309,2.1060783114178343,-0.149521041616815
train:5310,0.7216622198410532,-0.1343504910807553
train:5311,-4.682270431828664,-3.4848532434116186
train:5312,-1.035050969511241,0.47289808618355117
train:5313,-3.7683631848672046,-1.4876532612163693
train:5314,-6.351049085600853,-1.3899320329702198
train:5315,-9.284795280426353,-0.4058790933385229
train:5316,19.798768339163626,4.431320920211419
train:5317,0.5948162669672183,-0.16697159721839389
train:5318,-0.13617540219732444,0.672267994775321
train:5319,14.915852826092566,5.22677362978993
train:5320,4.267272325679169,1.1545074693771114
train:5321,-1.645847548513749,-0.15594705514273446
train:5322,-0.011677974924737822,0.06989185481596627
train:5323,4.83369867053215,1.0160520147282706
train:5324,3.7785502617111195,10.099139604336807
train:5325,-2.6086889984846873,-4.320220735700145
train:5326,0.7622189765592743,-0.15299454701884607
train:5327,-3.1247862746575676,0.000411475197024877
train:5328,8.519313376620827,9.012338711487988
train:5329,2.082855616987714,0.3061073414512782
train:5330,0.15823807316090382,-0.05276876559222771
train:5331,-1.8053871256710998,0.0983387056528233
train:5332,-2.0909933394518467,0.00805524139715727
train:5333,-0.09906995297209889,-0.07320464130399637
train:5334,-1.6119132946020174,0.17647174872026095
train:5335,-3.400028454025877,-0.1333267571081508
train:5336,-2.0164053937357096,-0.24708248975575753
train:5337,-1.88542121926894,-4.793426071847483
train:5338,-6.692205263908602,-2.666982528827113
train:5339,17.84499774251055,4.58470582862741
train:5340,11.708689714001203,3.2681933554714613
train:5341,-2.754792721813814,-5.682303351396376
train:5342,-14.050358435155399,-6.064648588294003
train:5343,0.5325186208713524,-0.012483920741055893
train:5344,0.45976430575430927,0.10947309655218748
train:5345,-1.5684215201423966,-0.04072391340340392
train:5346,0.20006381941265097,-0.07486435716760853
train:5347,0.32799523603933445,-0.16205693231368012
train:5348,0.4766621601545805,0.24205920015575305
train:5349,4.1310299458179385,0.09871647147771971
train:5350,0.7860982492889813,-0.016334906646363348
train:5351,-10.832660315615893,-13.70323563037993
train:5352,-2.0482173039139564,-6.601719174578437
train:5353,-5.705772905654987,-9.517699854029601
train:5354,32.58013506213034,13.243358748570977
train:5355,9.178951756482315,4.450747328031585
train:5356,-2.0153881564763747,1.5876943797359637
train:5357,2.30533268154722,3.3597316642119415
train:5358,-0.9874686273979368,0.24540117229095837
train:5359,-15.983794514784343,-5.683214098007456
train:5360,1.0139445180526672,-0.03763330961542952
train:5361,-0.4226899465518492,-1.500224817115736
train:5362,0.706180036123906,-0.20604097196831284
train:5363,8.570082256291482,4.035203779359034
train:5364,7.081216517226896,4.642391583118278
train:5365,-2.9647987504712545,-0.13460613925228643
train:5366,-0.2854833299100606,-2.7262974697682525
train:5367,-0.12973398435999,-0.13503183910934494
train:5368,16.408381642107013,4.544312276239014
train:5369,-3.7909874155578005,-0.6890682195629576
train:5370,2.4977416214177164,0.1832176077822143
train:5371,-4.83180105453556,-3.5891400074558737
train:5372,-1.017816748037328,0.025204212046383
train:5373,3.6136239297524497,0.2703491241016033
train:5374,4.322288217399196,-0.1948626415394667
train:5375,-15.044573960209073,-13.19660258387518
train:5376,19.556054041353534,10.013797625218137
train:5377,-0.34148530948522904,-0.4470806765547945
train:5378,-5.171734037583112,-2.4860632281150656
train:5379,-0.21705878197591877,-0.0564622539632883
train:5380,-3.6561230481447735,-0.12147849151551557
train:5381,-1.6281427153324488,0.286302597162977
train:5382,0.534100266738015,0.7611165766039445
train:5383,-8.06325233340123,-1.3628732718147232
train:5384,-0.2833363456031093,-0.4750884174184525
train:5385,8.140319970547544,4.785417604798098
train:5386,7.599243196793854,6.874043764337163
train:5387,-15.075825646028315,-5.072546511770541
train:5388,10.128545527570513,1.5633153592356237
train:5389,-2.494276771965358,-1.1586192277315812
train:5390,-3.684637770643311,-7.869656497892135
train:5391,-14.356050319414088,-2.8095517505932928
train:5392,-1.7730579959082964,-1.0377686163503408
train:5393,0.1851665006279734,1.0696528195854214
train:5394,-0.3210536249166735,-0.47091530340415105
train:5395,2.3709923711718255,4.629749552778769
train:5396,-9.597556684687532,-2.2171712829478327
train:5397,-7.122889014116891,-4.190133764166268
train:5398,0.3512799968196014,-0.06493944461547693
train:5399,6.665255742123097,12.982518864842113
train:5400,1.825725421408503,-0.07858152723313017
train:5401,-2.9680517710853165,-0.19027466988966724
train:5402,4.367300036291812,-0.1863403700713161
train:5403,1.7443531819506624,0.3375432215793852
train:5404,-3.273257817621883,-4.890016570513524
train:5405,1.7077749480143245,0.02969175048593814
train:5406,4.287175400209395,8.69506449389363
train:5407,-2.690032180662497,0.04251467473253576
train:5408,-4.732391682841982,-0.5083677605334596
train:5409,-0.8762085346164007,0.3160182732440292
train:5410,0.6972465497219688,0.08997735557835969
train:5411,-0.16852336107758836,-0.14129179545241716
train:5412,-3.4197557901264743,0.015738381980851368
train:5413,-12.42730152774155,-5.311412065612528
train:5414,1.634501088730322,0.42798988980169833
train:5415,7.972991880050609,14.142474509132395
train:5416,-8.781639419404684,-3.420978577661061
train:5417,-5.370894959499917,-0.2885206045950195
train:5418,1.6593597080262033,0.015534662344162509
train:5419,-1.4684605250447045,0.35478378046863496
train:5420,0.1628565534781958,-0.20114314103917985
train:5421,-0.250614593872523,-0.11588504647679235
train:5422,-1.8927022762700583,-9.032504162122862
train:5423,15.403916568324227,5.321265302619159
train:5424,5.261900231651047,1.3081051563912256
train:5425,0.8472754466668411,0.22444144608484692
train:5426,-8.32383523122288,-2.264921853308249
train:5427,7.999310802011743,6.361423528958071
train:5428,0.2805693383217185,0.11157249303223876
train:5429,7.174394148415845,3.839636922640411
train:5430,-16.248069779294124,-9.70558756466721
train:5431,1.5629271965572697,0.05995952390171435
train:5432,0.8251189219556286,-0.2465920218909562
train:5433,0.23402085423192712,-0.15183528527673565
train:5434,26.236846216502162,10.358189950864952
train:5435,6.302362393769547,2.157472524608901
train:5436,-12.579339445027786,-3.163006461534943
train:5437,15.3155712790336,12.718037135955411
train:5438,0.7257644104067494,0.02835273612321991
train:5439,2.7156284493361205,6.121185007480585
train:5440,-0.1280992217854301,-0.07527550562204641
train:5441,-11.915084444514928,-11.18145815435411
train:5442,1.267050396576666,-0.16109482781099832
train:5443,6.582442958950426,5.697711800344649
train:5444,-21.557603812867978,-14.624293764806783
train:5445,0.006845459949603422,-0.018416613185973874
train:5446,0.27215574477410087,-0.1970681776621626
train:5447,0.7440839794043912,-0.12356647513076638
train:5448,-0.40465723102267626,0.07391146579870106
train:5449,-5.376843565867921,-1.843784288953736
train:5450,0.06254326791740442,-0.13200828590207347
train:5451,9.207141502360983,2.7571355412835574
train:5452,-2.7469877039391717,-0.3873953881508791
train:5453,-5.3561129400024035,-0.6172185292114332
train:5454,4.621217426532525,3.9038414201837024
train:5455,2.7135223776794533,1.0938429571733133
train:5456,0.40635191097552864,0.7117821859308391
train:5457,-0.1457938268041591,0.02528067824054632
train:5458,0.0640304195094054,-0.05589332265298358
train:5459,0.5381664262764725,-0.10606655888892538
train:5460,-0.611877015212477,-2.145264813593926
train:5461,0.4390176402702146,0.38393195184748247
train:5462,6.371705616669158,1.3794332788213675
train:5463,3.261014533947571,7.165730339048807
train:5464,-9.449888982318003,-2.0367353170600864
train:5465,-2.6142577680881223,0.10703559395242147
train:5466,5.988885947961357,1.446968050313444
train:5467,-5.872433376085923,0.13548758057843874
train:5468,-4.527671289651352,-1.4444681220977713
train:5469,-2.263867651102913,0.03923518803211314
train:5470,2.6209235675087266,0.4026076784853946
train:5471,0.7284688295738209,-2.3834319001101227
train:5472,-0.2504779084272558,-0.18082110865379614
train:5473,6.015286695223058,0.21855554638561098
train:5474,-3.849846771822125,-0.31437131401138363
train:5475,3.6165003680173062,-0.13911850067278267
train:5476,-2.921961345957938,-0.33688975222762285
train:5477,-9.894264522877032,-5.766862407989733
train:5478,-0.40868526740973254,0.41914292232997363
train:5479,2.5769829161871827,0.3961051987653118
train:5480,4.300450160477126,0.6706445147574502
train:5481,0.7420664743372593,-0.019437779263998284
train:5482,4.54379813945014,5.207313554018604
train:5483,0.18908481672563163,0.035373074583625194
train:5484,3.273354812089496,1.1426206853657745
train:5485,0.7936355914999755,3.4299267744890143
train:5486,0.2328411286626571,0.2292399850902156
train:5487,-0.2534577906090238,0.4259001942567275
train:5488,-0.6880879843620412,0.8943960117441403
train:5489,0.0006276669393897039,-0.8937562378301385
train:5490,-0.5229524399871459,0.07598233011675111
train:5491,-0.05343886532745515,0.29474069875322395
train:5492,6.979168279589997,0.23175538049224498
train:5493,0.15105069683060632,-2.0942490226140875
train:5494,-0.8549232633896462,-3.9802597401337416
train:5495,1.4984488597096162,-0.5679446267217705
train:5496,-0.5001187644220846,0.08319811388686489
train:5497,0.12192112228660712,-0.13638369294496375
train:5498,0.42224298873727606,0.4501351273389613
train:5499,-0.22884348492364548,-0.014889181997760487
train:5500,1.3709592299685283,-2.0221839144394536
train:5501,-3.220591613794306,0.1732210795034596
train:5502,43.890359127185626,19.572450802745163
train:5503,-0.555262508174249,0.2661571788603809
train:5504,1.5421707678270846,0.10398265261828872
train:5505,0.6415954658604581,-0.2588009340112871
train:5506,0.3272559026062185,0.07524876823169921
train:5507,-3.1543224186637646,-0.2906160065723906
train:5508,3.2493097966344906,0.7569266286140623
train:5509,4.180827150044347,1.6687956236163906
train:5510,-1.506519053054956,0.1708343641520558
train:5511,0.12675276681020858,-0.26124899351099357
train:5512,-15.809380167291618,-5.238762904081729
train:5513,-2.2256224591257405,-1.326280488726512
train:5514,-1.1370945579833354,-0.03308728024377183
train:5515,34.55117637620105,19.428899789284518
train:5516,-28.68626677067604,-19.22461984075283
train:5517,11.641831004773387,3.968912154165352
train:5518,-0.38380526195574827,-3.053617576281626
train:5519,-0.25811509145243755,-0.12611782105691732
train:5520,-0.027847305200064787,-0.03885163293288249
train:5521,1.0010970160305164,-0.1784149914322315
train:5522,-0.3396540034685376,-0.27841280088445997
train:5523,0.7965660763056903,-0.14183961296284098
train:5524,-13.864434615271403,-5.421668328590682
train:5525,-6.404882694710968,-6.684607958408242
train:5526,-9.430994776550461,-2.791967093830308
train:5527,0.39996767786529575,1.3793339868976031
train:5528,-0.04158303015821185,-4.1033820109231165
train:5529,14.240407285894062,5.974091440785868
train:5530,-2.2148817261349776,0.10683957799947295
train:5531,-2.3749633959085923,-10.896225554687147
train:5532,-9.419618270272615,-14.19307692890371
train:5533,1.1893317032808386,-0.09747951941303196
train:5534,-0.9293150143510119,-3.603178687125344
train:5535,4.8144171893363525,6.124269904836159
train:5536,-4.097830897938691,0.04058960976231204
train:5537,-18.256985049532325,-13.030884363112532
train:5538,-3.1181319250721637,0.11117618130204153
train:5539,-6.401163827783444,-2.2083899394487108
train:5540,-5.644840951720591,-4.747378586236921
train:5541,-1.164398637966649,-0.05353342753386095
train:5542,-4.472805101038046,-1.153100536957301
train:5543,3.0997856827583217,0.0244891960666319
train:5544,-0.21243611741030227,-0.23728882514883165
train:5545,-4.242690969682479,-5.230616401187135
train:5546,-0.6263191807627445,0.09504752076598016
train:5547,0.31420383733264745,-0.009171622054331849
train:5548,-0.08298825945334629,-0.096836689803144
train:5549,3.3163493583732215,-0.03020467591678648
train:5550,-0.6281093416709117,0.13955626687981565
train:5551,-7.362738961490619,-0.5928823069540947
train:5552,-6.778567684409895,-0.698485259631467
train:5553,-2.0034756014965103,-0.36915648891320596
train:5554,2.359911086859096,-0.11820585253397325
train:5555,4.273202800304433,2.7798006348124833
train:5556,-10.996372285727496,-2.571273103323671
train:5557,-1.3776279325833993,0.7059068431315436
train:5558,0.15140054648218296,-0.7433047209894961
train:5559,-5.690043851286694,-0.1535726086209912
train:5560,0.11379531204041936,0.049563260033322266
train:5561,6.094484287843358,2.0349402989297123
train:5562,0.38599112617024944,-0.017302432259825418
train:5563,1.0041727872363875,-0.15769122620587028
train:5564,0.8916438211504455,-0.1860479154108034
train:5565,-0.6110378409651736,0.10649291223115788
train:5566,-1.5220774830749053,-0.03383054306390415
train:5567,0.13999289080014213,5.726134398843805
train:5568,-0.02973044940433206,0.04242679567357193
train:5569,-5.388921631114843,-0.12672156160486356
train:5570,-1.2451481217988594,-6.027746231248078
train:5571,0.5572708905223192,0.0018671861023281805
train:5572,0.0033320861064611296,-0.0935780315809823
train:5573,-2.5477828474149593,0.12179670796376338
train:5574,7.142311191929467,0.31132672984616516
train:5575,0.179712565395222,2.405028974996466
train:5576,7.048597976954981,0.5802540548942796
train:5577,-21.95875978756672,-6.868481764495518
train:5578,2.5558371199045786,0.04825078058126519
train:5579,3.679821992661475,0.5582075386375409
train:5580,-4.249744217608152,0.04823908239484468
train:5581,-0.062353755070172406,-0.1291136980670476
train:5582,0.639722782277002,-0.23062713596478196
train:5583,-15.059185355358242,-4.824431401650991
train:5584,-5.215863444995739,-0.09024661634571743
train:5585,-16.61190597827013,-2.8505090985028336
train:5586,-1.120766226271677,0.447481921594466
train:5587,0.15134405912980214,-0.004194757036455429
train:5588,-3.354993389309235,-5.1270332402578305
train:5589,0.14401534818943248,0.1755184891877995
train:5590,2.6336697177381283,0.14706621724016222
train:5591,-1.2244946720691052,-0.1503367761284305
train:5592,-0.01487311343697753,-0.4784472235292386
train:5593,0.0885995701816151,0.07926181681717372
train:5594,-6.239556999495547,-0.07615429621168462
train:5595,6.300749598498691,8.016064662236705
train:5596,3.222717503782823,0.17965964718065958
train:5597,1.3402714878401318,0.32534943150491497
train:5598,-0.7103240097914192,-0.12590953627430826
train:5599,0.5015794751561251,3.581761245221857
train:5600,-2.881309048902974,-0.12574804423738123
train:5601,-2.136139984123809,0.18530216753802492
train:5602,-0.877905944686708,0.20425322953924904
train:5603,2.2409529069934324,-0.46809860837138856
train:5604,0.9245922196652757,-1.4628901978154925
train:5605,3.652527211007771,0.3502819759480792
train:5606,-1.034655209357215,-0.22499146332629688
train:5607,-8.21119712599314,-6.815072410445396
train:5608,-0.17726727778460155,0.4944903704212301
train:5609,-1.9798936428560832,-10.076010352350998
train:5610,-4.7245062344162125,-0.1657538445441809
train:5611,-4.499129137080465,-0.3339409532847946
train:5612,-1.9465163588879912,0.04184131570930647
train:5613,-8.37382863020406,-4.985905748637573
train:5614,0.22330766754263393,-0.21358972606898108
train:5615,0.4038171863238399,-0.13638198101524365
train:5616,0.5210262341607403,-0.08028033215868405
train:5617,2.928137123408095,-0.35333198122407783
train:5618,5.287681710160721,4.280893941030098
train:5619,3.1644890391825373,0.09398270048009387
train:5620,-8.52227646242787,-12.290532964790819
train:5621,3.508235732119635,5.820943349314488
train:5622,-0.03779396084213277,-0.40300676058985796
train:5623,-3.2619505838996306,0.03423178810357557
train:5624,-20.591791895274003,-4.316772909243915
train:5625,2.406249312470581,2.4798100596719976
train:5626,17.884312939767597,7.066048665951552
train:5627,1.269850820996961,0.5854685928216263
train:5628,1.8759561602529784,1.7520627439143315
train:5629,-1.661958531770773,0.3797186074847592
train:5630,-6.296736612515824,-1.801403756803573
train:5631,0.7998037546758958,0.3069633063113154
train:5632,-8.669882795821973,-16.158199913290684
train:5633,-2.7215298072999254,-1.6696964437896455
train:5634,1.0209059449734414,-0.36365377614964667
train:5635,1.7873003067533766,0.031652480658663405
train:5636,-10.675883969560397,-19.29637252175355
train:5637,-0.403910110238512,-1.7256728364550198
train:5638,10.09870811768495,16.395152611173234
train:5639,-7.520519527143996,-3.6726151272148035
train:5640,-0.40824801345982187,-0.006674487235983267
train:5641,-7.955505149546356,-16.300533174077113
train:5642,-0.16371449746153144,0.29061123894678437
train:5643,-0.29272486901033645,0.09459642728474055
train:5644,-3.687810825622727,-8.222292906427588
train:5645,1.0914123889072647,-0.1607085023375015
train:5646,-0.20089014907531255,0.07429750595057785
train:5647,-1.7850616745183387,-8.230376638565781
train:5648,5.754149616956654,7.143588810692604
train:5649,9.687366752731405,0.5877868309842271
train:5650,9.786887704380304,2.6550380500296575
train:5651,-4.109839690630019,-0.1425369390021513
train:5652,0.6932207216881948,-0.17986956105105473
train:5653,-4.9651683908813755,-0.15197252497596161
train:5654,17.121117203373505,7.993243497781632
train:5655,-22.99704846513888,-10.293083040856438
train:5656,-5.873549175639125,-0.035527065416497944
train:5657,-31.85122662433349,-15.469279448905928
train:5658,-2.288054233626231,0.152672216430166
train:5659,9.902890875095904,3.1638948932407858
train:5660,-3.0737110150262628,-6.347243674905571
train:5661,5.561138610243909,1.0685323615836326
train:5662,-0.7082930221463527,0.15443036825268247
train:5663,3.3447720274086197,0.21721139623373253
train:5664,-27.17266236076754,-7.904414948285286
train:5665,3.8021912647445704,-0.026022431610644617
train:5666,-2.744426014131614,-0.2677877090768179
train:5667,-1.5721829269278857,0.5535120007369967
train:5668,-1.8923707908194611,0.06658668916974253
train:5669,-8.969045393028514,-2.6731845648813226
train:5670,4.559917723662053,0.6365748307550088
train:5671,18.37246408629759,13.404040472097163
train:5672,3.0132493834933216,5.232210718580887
train:5673,14.35927713162843,2.944747916557856
train:5674,-1.3836690573310229,-0.1530661627454692
train:5675,-1.5758729690336186,-4.119197388320404
train:5676,0.742660753828459,-0.007388076607634297
train:5677,17.194341549052332,9.698642776617232
train:5678,-0.06603926424022,-0.5006974594226661
train:5679,-14.864687545740857,-9.628430892183456
train:5680,-2.6593793072701377,-1.3435829624073043
train:5681,6.586225519435778,2.261434592649582
train:5682,2.0885796686956364,-0.03385565136646526
train:5683,4.968554669448528,0.7895465934652208
train:5684,2.252409378905926,-0.16446732935954494
train:5685,0.3807491928526062,-0.0022856700769524063
train:5686,-0.3897045871768191,-0.018271099159767545
train:5687,-0.08420145900921236,-0.07334530486266247
train:5688,1.596113399851876,0.06032330896723017
train:5689,-14.518812930072508,-4.889828828887555
train:5690,6.488751130134043,0.5515738109722524
train:5691,1.3704320146796407,3.295370525099263
train:5692,2.0817607386761354,-0.3530529366797057
train:5693,2.22384026117917,-0.09810893890677932
train:5694,7.801905869641788,1.8874909361748404
train:5695,-18.91814463611801,-9.653810820926799
train:5696,-5.702973643525893,-1.78110084096673
train:5697,0.4092750733466755,-0.19737061857937577
train:5698,0.8656854419199401,-0.01716005677143924
train:5699,-12.612926871245064,-9.537525141474543
train:5700,0.8707230444444034,-0.2842621794163343
train:5701,-8.034268510173868,-3.333640488488783
train:5702,2.0303963009939596,2.4206158097761237
train:5703,-6.321239105787642,-1.4167417083514457
train:5704,0.6783594339307559,-0.14008031985384448
train:5705,-0.4756127261621028,0.2234382552688833
train:5706,2.1573706870455327,0.8422469232896126
train:5707,3.1945547230600244,0.13262066894055405
train:5708,5.695454841126426,4.035502796416807
train:5709,0.9533284748667715,0.7045812388849662
train:5710,1.165823201444331,1.55908946072162
train:5711,-3.831259410931715,-9.16330301109867
train:5712,6.5381001548732485,0.521233851186613
train:5713,-10.505663168721787,-7.5493378986122455
train:5714,1.5820538605650603,0.04736885145380684
train:5715,-0.4810774125884657,-2.5709655266172975
train:5716,-0.01658377362697913,0.00018093532805485424
train:5717,-8.997256525065286,-4.823516660537232
train:5718,-2.010060213609839,-0.0413721641240721
train:5719,-5.033916985602426,-0.509571817769912
train:5720,-0.1645487900857896,-0.21993784679263712
train:5721,-0.44770570761813966,-1.8650652873039812
train:5722,-0.08923999136663655,-0.13195921058343132
train:5723,-1.4515966095475097,-0.3162775477546865
train:5724,7.612136260631093,2.406542891512252
train:5725,-1.7657355613404135,1.0102925125067002
train:5726,0.9223901427553851,-0.5730804158819938
train:5727,-1.936701507068145,-8.641716258489067
train:5728,2.2820464097883915,5.137406333256124
train:5729,-0.42525210127588753,-0.08511881619085446
train:5730,-0.3996700719363474,0.08959844846698321
train:5731,-1.1370601541637781,-2.209930676196778
train:5732,-0.46622774774303943,-0.3315927563520925
train:5733,-0.024721904159900165,-0.16954034776336557
train:5734,5.015155107955016,3.5743842547364357
train:5735,-0.08179109951605751,0.14096604100429697
train:5736,2.572088740396954,0.3789522336134059
train:5737,-33.82889206841836,-11.731700898548038
train:5738,-5.000213330265023,-0.47935939674841815
train:5739,0.2052320634681348,-0.06462987065776349
train:5740,-2.5130366168700338,0.2735432996376421
train:5741,-0.2999947680159228,-0.2746525472543164
train:5742,0.14768412036618206,0.04478526418459449
train:5743,-0.01648893066495702,-0.07606384925814069
train:5744,0.07957490203493967,-0.03726381811751345
train:5745,7.740545262712371,13.128060281923961
train:5746,0.28774857861360725,-0.09191774507413011
train:5747,-0.7858320252224666,0.12124489595065938
train:5748,-11.152737645614229,-0.6298074897296204
train:5749,-11.608625448063412,-2.999343127079626
train:5750,-9.459814949176689,-10.019779167478953
train:5751,5.601755573646355,0.9821780613571576
train:5752,13.644028231868354,3.957619124445261
train:5753,-2.95067551762661,-1.3489475795067776
train:5754,-0.3404369228217004,0.10061528685890228
train:5755,-0.35750144978023113,0.005670523297093569
train:5756,-12.936252107776177,-2.52089215294836
train:5757,3.3657346465979066,10.654819437321692
train:5758,0.09549189889047498,-0.03717650970178965
train:5759,-6.6247291455946815,-5.0191057723422166
train:5760,0.9043763725727926,0.5244945066601149
train:5761,-13.748144126170851,-7.895971140262639
train:5762,17.309612941227627,6.336970324836528
train:5763,-0.3112039043607899,0.02108730639122397
train:5764,7.976604281104098,3.505051671716661
train:5765,0.332111722786806,-3.8920012034153038
train:5766,14.812780842365605,2.3826905747224547
train:5767,-3.170117956088769,0.16268072821696122
train:5768,-3.152690096900727,-7.094245920189775
train:5769,-0.12502624007844193,-0.047566781816161474
train:5770,0.43003173453510096,0.0012357693572407208
train:5771,0.42731917932962077,-2.289983648445279
train:5772,-1.4001721976393493,0.21357126300561424
train:5773,1.6392251050886877,-0.10263014529749595
train:5774,-0.28881608370052847,0.004723540840272392
train:5775,-0.08350059741485785,0.07246945033115836
train:5776,-5.008705029781364,-4.238245551697621
train:5777,2.0261948507596768,-0.23252452473786445
train:5778,12.95597787605052,5.418526307092229
train:5779,0.16821436722860372,-0.29843781346341075
train:5780,-4.3424281074948095,0.33450169311005296
train:5781,-3.390306585502131,0.015039914655060993
train:5782,4.542838551834387,2.8237515771591943
train:5783,-2.426751372504504,-11.05363406858855
train:5784,-0.09552798676540583,0.0028210162780296505
train:5785,-2.673407232236279,-0.6048252993245742
train:5786,1.632313656689567,-0.061719590133636926
train:5787,-3.0153342420686977,-0.8205438514214347
train:5788,1.3835012818629902,0.27108810709743536
train:5789,-1.761608962659491,-6.1687573116473695
train:5790,2.892712812176359,0.32231475075446303
train:5791,-9.434342175210066,-5.949073359675577
train:5792,-0.10548975219309009,-0.2444675171083438
train:5793,-14.920486821730528,-3.880696760830412
train:5794,-8.349776641001846,-1.358775482708105
train:5795,-0.5580094671992862,0.20864832377392017
train:5796,-0.8359858203894193,-1.10397464505802
train:5797,0.14401441835647147,-0.06315247530933923
train:5798,-9.176004823989235,-13.830770970666036
train:5799,28.510823389935155,12.01710919651405
train:5800,6.619890586705299,14.107906082938172
train:5801,0.2475471343156087,-2.2294192841301053
train:5802,-0.45130764805081736,0.20301208049219505
train:5803,-0.11333916959162033,-0.6013132755038415
train:5804,4.224942609962559,0.9668386004220504
train:5805,-1.857574116836401,-0.7261571769483703
train:5806,0.35213521068548215,0.09274041014655984
train:5807,2.8857836969509796,7.160909544957077
train:5808,-0.16630617438208145,-0.3869722561884007
train:5809,19.769683164143515,4.656580056638255
train:5810,6.292864150072922,0.2692009899026733
train:5811,19.0523728247089,3.6465127043107124
train:5812,-0.2693460788718882,-0.524771471111213
train:5813,-3.501227754169382,-8.956565242313319
train:5814,3.910386628086647,0.21723450728495353
train:5815,1.537414439773324,-0.41653271730816616
train:5816,-1.4846493818122126,-8.960415942897006
train:5817,-1.9142399971457245,-9.068318873153299
train:5818,17.211480230189505,11.361838422707077
train:5819,0.014735325081937173,-0.08011941076499704
train:5820,-14.270576354307032,-2.100614262634944
train:5821,-4.875814697744542,-1.3718971386908556
train:5822,-3.680231292241127,-0.13041191143810404
train:5823,-0.3843320123281553,-0.026187347507011793
train:5824,17.212839645978487,5.286376174924042
train:5825,-10.169148251638875,-15.795003751598571
train:5826,0.8691056000087422,0.3917899945842442
train:5827,-3.599070357323674,-10.436915952077653
train:5828,2.0768284397345056,3.7999170145968635
train:5829,0.36032331974005694,0.05921854365454213
train:5830,-4.341605205324324,-5.545594350383632
train:5831,-5.51821164992667,-0.45660242965784864
train:5832,-9.159915924265034,-15.489781519233539
train:5833,-3.980671944852564,-7.993202471287226
train:5834,-0.11251952183649794,-0.21784786592604627
train:5835,-0.4897587980288516,0.913084577854953
train:5836,-8.864332254125387,-0.5706323563822873
train:5837,-2.12060991400917,-0.019886304850657788
train:5838,-5.517744873780247,-12.52031159567865
train:5839,19.42947588037247,5.882535727426567
train:5840,-3.7441865980482176,-8.139829822454843
train:5841,9.191829013159218,6.481486866659292
train:5842,1.0369104623564311,-0.18304233746559273
train:5843,0.44770785912373,-0.015037263918546928
train:5844,-0.2507603451891599,-0.3772208191812367
train:5845,12.255675111305575,2.2341258897549543
train:5846,4.839125175692552,3.642747029569789
train:5847,1.0908540242141833,1.085237371792119
train:5848,-1.099436787979275,-0.016696409138919066
train:5849,-0.04885496317340038,0.05836571733232505
train:5850,-2.3358429986568776,0.22837032479241778
train:5851,6.975685125318087,13.494682585629185
train:5852,-2.0293588967154146,-0.1582747089187957
train:5853,-1.406726125264965,-0.4922961643214007
train:5854,-0.2435790127731089,-0.16529675930892102
train:5855,-7.2191313747453,-1.194190274098528
train:5856,3.564854190947947,9.825846002537643
train:5857,0.8818770881863311,-0.225960415547859
train:5858,13.181059751421149,11.441228592832289
train:5859,-1.0402073581964721,-3.116209150706988
train:5860,1.069550040099089,-0.3647003358518522
train:5861,-0.2592546017461443,-0.4577360124541579
train:5862,-0.129507337575746,0.03552543632871182
train:5863,-2.426869461290551,-5.337699887750751
train:5864,-5.582094428762802,-1.899573225314762
train:5865,-0.09979592005640045,0.1250878928506065
train:5866,-4.5453832128089795,-3.1409590893133443
train:5867,1.8438232252449458,-0.23439281070570572
train:5868,-24.134446178358214,-9.849661287335715
train:5869,1.857555463329489,2.875761999306396
train:5870,2.1196468989012414,0.19043624476852822
train:5871,-8.795157330991717,-1.677064018661606
train:5872,-1.5188552631776764,0.12195677339259034
train:5873,-2.520349753108307,-0.018256547757146913
train:5874,2.036539707367293,7.044316288798448
train:5875,-0.40092389356969715,0.14573062673688414
train:5876,2.3905253721835735,-0.019737366965011313
train:5877,6.414110183939129,2.3302952537098562
train:5878,2.5298743239675083,-0.12487153622070313
train:5879,-19.41769925408172,-6.130657174440633
train:5880,-1.7011461094539202,-0.8410219547329654
train:5881,5.437602862711238,3.7479048805199415
train:5882,0.22114080805614122,0.09167616050391357
train:5883,3.1345581810843957,0.39473108984333205
train:5884,-5.944386640107064,0.08990688113821663
train:5885,-40.28056038431489,-13.144251773035302
train:5886,0.23350014777376654,-0.1943784507503057
train:5887,-5.968966309514645,-0.328867364237734
train:5888,-0.18158356238956824,-0.18510378617018236
train:5889,6.06978652964973,0.3580838103256984
train:5890,1.9738436278476383,6.537286074598639
train:5891,-9.981304326690413,-0.9063942736669681
train:5892,-9.970108208007,-4.055478793495993
train:5893,1.067456637416515,0.2830653380623162
train:5894,-1.1654688757047613,0.15375016151057289
train:5895,1.8970401226436762,8.500583571260774
train:5896,0.25575465363324446,0.10800026634968343
train:5897,1.3753845374881721,0.5283186723331412
train:5898,15.356141750787994,3.1686283789167913
train:5899,-0.9081896743935497,0.21758687948566885
train:5900,-1.845123653488598,-0.44050686642970865
train:5901,-8.19624262248136,-5.69641535872219
train:5902,0.222678868002757,-0.013497668456959974
train:5903,1.6383294434890034,-0.21590910551806192
train:5904,-2.5049930968408947,-0.5002746127818076
train:5905,0.15339713030769236,0.037221958681305595
train:5906,-2.47371305111634,-1.9743959669468154
train:5907,-14.455388093969669,-5.671493085857346
train:5908,-8.676414872373005,-3.6572111835935734
train:5909,-1.4356598537415532,0.05895975694519088
train:5910,0.07758250245775476,-0.015806205684480365
train:5911,3.861793092628254,7.198792837732605
train:5912,-2.4548904424867968,-0.40121979128372026
train:5913,0.14841485284440872,-1.9027374420806995
train:5914,-3.706673417069593,-7.3232256505415725
train:5915,3.3556203885646183,0.4309207134824658
train:5916,2.87086592184116,-0.03461289494597819
train:5917,-3.1241739796527486,-0.1966601677455449
train:5918,0.21178180684542586,-0.22734222815357913
train:5919,-0.22695197222272917,-0.010638175181195628
train:5920,-2.8701487287885596,0.08949059689461852
train:5921,0.99451449604135,4.786340905560458
train:5922,-1.8231289197125995,0.21016338157618603
train:5923,0.15418679094982246,-0.06903637775723509
train:5924,-0.15788374742133438,0.14517510554272
train:5925,3.1660423251438896,0.6148738389801052
train:5926,-2.256348324405538,-3.8528915983169627
train:5927,13.78326606861345,3.731834140272743
train:5928,-34.651574798325456,-12.991904864672918
train:5929,0.24250279050217827,1.0281721918247775
train:5930,0.3655110902877218,3.2475974143308655
train:5931,-2.5285815643120486,-0.1175627376024653
train:5932,-6.188651434379626,-0.16549505783482965
train:5933,-0.7075507829852337,-0.18227396634289927
train:5934,-3.882573172717516,0.09961437861589877
train:5935,-2.0036466907613346,0.20368515419380434
train:5936,-4.280541215109466,-0.2828946328916148
train:5937,-1.3370886102331974,0.0030278744525386453
train:5938,2.2115232288612705,7.627115941765511
train:5939,7.1714038056132665,1.8075312640960834
train:5940,8.92754073098798,8.195719132207236
train:5941,2.953506685916046,0.013316001426946028
train:5942,0.7992765393870083,1.1987502957410954
train:5943,13.629062570361043,9.395448039684007
train:5944,19.07677536093741,6.551362702043571
train:5945,-24.693132593643824,-18.094202973139193
train:5946,0.44552089199945566,0.11989218615018055
train:5947,-18.082860809923435,-4.175495909094772
train:5948,-1.812843572414487,0.08005044577488801
train:5949,11.845021822743169,2.4761724943384595
train:5950,1.7009109210962148,-0.16035527417192613
train:5951,0.9349252209026396,-0.10765294709619436
train:5952,-4.8319530822246834,0.15551630233844968
train:5953,-2.5944853350889168,-8.167411292818203
train:5954,3.16539237190415,2.8541337645445957
train:5955,-8.715471576066891,-5.225544524069794
train:5956,-4.796665921354696,-3.793867970749856
train:5957,5.068516826837421,1.5446835721271934
train:5958,6.771737423318049,0.5503657592331199
train:5959,-2.2288731551574,-3.1294069875622816
train:5960,-7.820929495267721,-7.364246910493996
train:5961,-4.475960024274722,-0.11613498821592322
train:5962,-4.42795181866528,0.04345937461639683
train:5963,-5.0130840781111985,-6.840277722357292
train:5964,-0.7228414211124147,-0.07944091595260755
train:5965,2.510177672354624,6.308517482245651
train:5966,-1.176507620159525,0.10035707079279106
train:5967,0.17763857297570926,-0.004024990672548051
train:5968,-9.579136693730103,-13.548125667449346
train:5969,-0.044467953148837586,0.08486153893153722
train:5970,2.091513756604075,1.2644986685702744
train:5971,3.3143469630917055,0.2478321124934641
train:5972,-0.0999484126620046,0.1343967960251313
train:5973,-9.399996935129572,-10.74775902035693
train:5974,-0.41962940136071436,0.43033580416144035
train:5975,0.12270101968264671,0.5555383548823248
train:5976,-19.45244525216841,-5.521723773010153
train:5977,0.1919575356586442,0.18895628152552385
train:5978,6.076425072074796,13.968209193920655
train:5979,3.5143856473236954,8.951709008521831
train:5980,-0.011380660835457745,-0.655502984184698
train:5981,-0.37183273274989936,0.04007517488142967
train:5982,-6.232490733908421,-8.305913254891106
train:5983,1.7051914071321832,-0.4682618123380356
train:5984,-0.5124416081959906,0.47165779310135725
train:5985,-2.046787220819937,-2.0903626568278986
train:5986,0.9416871986532792,0.0028763686723120574
train:5987,-0.11359336267733394,-0.2267929840350552
train:5988,7.449769758814059,1.666690806025559
train:5989,-1.6689018269488076,0.37510267431619854
train:5990,6.230098100622952,2.3460084859671793
train:5991,3.5862440683828143,-0.20364940614936883
train:5992,0.6056027942313105,-0.059220743385568264
train:5993,4.165573705235606,-0.05229598766786714
train:5994,-0.7680415311796345,0.06780957763311571
train:5995,2.2217932339155264,-0.21501975802848328
train:5996,-8.633795048772564,-6.610249149730328
train:5997,18.51610096278118,12.006770282291281
train:5998,5.127469166397846,3.3035983446555606
train:5999,1.1477881613327554,0.3363791093697346
train:6000,-0.003140248676826607,-0.024921090157396728
train:6001,-16.991067684109353,-4.657108817419015
train:6002,5.973619485491162,7.169229523396639
train:6003,0.6001518809556823,0.25251823478054786
train:6004,-1.9642966247682523,0.05514928670992517
train:6005,-1.021984956743255,1.6161751838456022
train:6006,11.85721937152558,4.045644838721769
train:6007,0.9140042117383573,0.7209387273602774
train:6008,21.24360974194018,9.478427555788976
train:6009,-7.636585926500947,-0.7761837578716257
train:6010,-27.944286103120145,-17.47965900737279
train:6011,5.495872704878288,0.6585343239176438
train:6012,-2.2493220416357342,0.7006380940963945
train:6013,0.43545231201037643,-0.12207338709324145
train:6014,0.6837930290674855,-0.03809182145878945
train:6015,-0.46628074822181653,0.06934403730554245
train:6016,2.49082459402083,6.533241925956583
train:6017,-0.27467216207250195,-0.3230770472812022
train:6018,-0.0013036542351694547,-0.1913018277217119
train:6019,-3.8692044993207246,-0.12264888080080646
train:6020,1.402410597416147,-0.2130410525936972
train:6021,-1.8061008886977885,-0.05854396050289884
train:6022,4.401519284006091,-0.2711456592227439
train:6023,1.8079481774853652,-0.04211257372800431
train:6024,1.6855500805804784,3.795454299138249
train:6025,1.9478134190208958,-0.08611801250413789
train:6026,0.28881149391715155,0.07866378270162772
train:6027,0.00939552684514866,-0.005424493218708901
train:6028,0.8277696432692022,-0.05857962570540037
train:6029,1.9159443241155474,0.10342399288630442
train:6030,-7.264298475742404,-11.291554637225058
train:6031,-2.4413074425924943,-2.1829232729328836
train:6032,-3.9508429034636516,0.13147082281190406
train:6033,-3.06323040280634,-10.203562811934306
train:6034,-0.001190853874088016,-0.09086547893952435
train:6035,-23.182574316515566,-9.136957553993204
train:6036,0.9989123734886445,1.6461921595573876
train:6037,8.264069579661246,12.669502787104822
train:6038,-0.1563332509588652,-2.8746124983182417
train:6039,-0.4115189333583832,-0.07778605055653559
train:6040,9.833452809234272,2.1895055828876937
train:6041,1.1373935586617252,0.3928117313055086
train:6042,1.9512026601637444,0.33876981922381855
train:6043,0.45678558586374257,0.09966545118588098
train:6044,-16.384238237434957,-5.738704587953949
train:6045,-0.35385667891678735,0.061130198508625264
train:6046,-5.7257684985648325,-4.6744067259538875
train:6047,-2.885304076219915,-2.58274445905627
train:6048,14.213178057464107,5.263367268843002
train:6049,3.9487952382067153,-0.21703099012795074
train:6050,4.3400531410356,4.975216970289791
train:6051,0.031111775649327114,0.03285824982483584
train:6052,0.29724298674926836,-0.03185668809665833
train:6053,0.601449346623639,0.4209196200577909
train:6054,19.38418371684211,7.9383436235885645
train:6055,-1.406270042197594,0.4519226672883391
train:6056,0.18623906294848805,0.021771222314393712
train:6057,2.839861106673062,0.22451106456012995
train:6058,-14.491386577054824,-4.76277910599871
train:6059,-0.3065314937317598,0.14342722529852397
train:6060,-9.161127496613219,-4.960672475206915
train:6061,2.3982843633266464,-0.2971447358815145
train:6062,-0.10866931600323304,-0.1367052504107177
train:6063,-11.793848173894812,-2.5216297093360924
train:6064,4.6071978700630325,0.7226643525181125
train:6065,-0.4220240699226524,-0.07547665736415515
train:6066,-9.830807142620557,-0.9162718228301776
train:6067,-6.626657154239317,-6.4647316996645605
train:6068,-9.453840772402257,-8.608306808715335
train:6069,-2.1690574656926858,-7.788576082489969
train:6070,3.6110915296831636,0.1865769845362404
train:6071,4.256285884328461,0.4350844118833068
train:6072,-3.822649622629326,-0.6969040072133583
train:6073,0.45803807086221093,-0.06179149118188004
train:6074,0.06222003473433643,0.15424062937537422
train:6075,1.6991026284453081,-0.20186557538105127
train:6076,5.897942240461212,9.240324381315661
train:6077,-4.182264844878867,0.14723683956892963
train:6078,-7.3757496491974255,-3.6749858645554867
train:6079,4.923656290177154,6.96687144147848
train:6080,-0.17933255302010492,-0.06803290161965148
train:6081,1.3694886991407054,0.07716755612628265
train:6082,-0.2727804169133454,-0.020403307626120262
train:6083,-0.7455102837851386,-2.2453764663725395
train:6084,0.7792002834677954,-0.005111495401555297
train:6085,23.397660779395103,12.175900949629277
train:6086,5.939092927983273,0.2804991554119246
train:6087,6.213563345993951,4.317827968775845
train:6088,0.23208401217416202,-0.04461798287333327
train:6089,0.6601818969179071,-0.044108969103231116
train:6090,0.8372818344602425,0.0770928018618394
train:6091,-2.468477626629424,-0.011306113093644668
train:6092,4.208087527878494,6.00036271427013
train:6093,0.5105914162141467,-0.30489292979457144
train:6094,-4.572869075136169,-2.2350563833766905
train:6095,0.24563353808186866,2.515089792664912
train:6096,2.6379446247763307,9.562413686569348
train:6097,1.8740725511322305,5.654629377009256
train:6098,-1.6312993820059272,-2.5890300943451434
train:6099,2.3056460352550774,-0.17949493376397846
train:6100,1.2337182095071828,3.743636183762936
train:6101,-7.960746617947519,-2.4480061744729507
train:6102,-0.9137231103444666,-5.3437327280842934
train:6103,0.10450442109409733,-0.13392992701285703
train:6104,3.724242437790895,0.25491265381569195
train:6105,-17.8193759034305,-12.448402558430164
train:6106,-22.46922692516074,-9.242096859038055
train:6107,2.4226785310585077,-0.05438967771551817
train:6108,-0.41763676932528926,0.056712849187593166
train:6109,-5.230391155178419,-1.9261452277865172
train:6110,-4.800688843660466,-8.45689404333687
train:6111,-2.884323102446059,-10.29680819992732
train:6112,-17.54499707396648,-23.131097377293266
train:6113,4.387061776211967,0.417978524798703
train:6114,-2.0864971321689265,-5.685064694034856
train:6115,2.059023533280778,5.303719734918117
train:6116,0.06439189207299453,0.5702318476697238
train:6117,5.92897495061814,1.6816950140571514
train:6118,0.38283829505773526,0.0389744040714218
train:6119,-7.92258813289396,-10.167387454376172
train:6120,4.812862508625559,0.9855431445435838
train:6121,-1.400197070671056,-0.05295393932361575
train:6122,0.6221991502939771,-0.06990660869827295
train:6123,6.010417624922777,1.2018009545022679
train:6124,0.6734579357059594,-0.22319336647697868
train:6125,-0.08450853634458294,0.015981476001101946
train:6126,1.235102498327873,0.12094730550098644
train:6127,1.8989351222181963,2.596844708376787
train:6128,-2.9101887308387044,-7.120997675282139
train:6129,1.3320657119592978,0.02390942253476669
train:6130,0.41174982377237973,-0.007536729171660761
train:6131,-1.932023517441349,0.060039699276937836
train:6132,-1.1219154998114744,0.42603030091545313
train:6133,7.485527415162314,0.8759160157375567
train:6134,-4.467880705676585,-11.403321963502798
train:6135,5.758413830915805,6.593967496987063
train:6136,-0.043389230684956315,-0.17674643059839895
train:6137,5.196854231780702,0.7943536921191898
train:6138,-0.7477753568781371,-1.570499246803172
train:6139,0.7527816369215946,-0.15593164777525378
train:6140,1.1400387009775328,0.008223010509724557
train:6141,-0.21361898116581568,-0.1756117065156096
train:6142,-3.561470236963196,-2.345958329180933
train:6143,0.5817102713819091,-0.1128851749639819
train:6144,0.3689331080424457,0.1514784307720341
train:6145,2.7007715782852464,10.517885602872378
train:6146,-6.182260692438666,-1.9810867589361063
train:6147,-3.614992816947855,-7.931245452144772
train:6148,-0.05221474023429734,-0.0974963533886127
train:6149,0.8257965377259581,-0.22302673865089145
train:6150,-0.35981975581024683,0.48956914311925614
train:6151,7.005587623510919,1.2744729417626681
train:6152,-6.252752723961593,-1.93862662205396
train:6153,0.9047818959729091,2.087571866243681
train:6154,-1.0751423448324813,0.4510878162281828
train:6155,-1.0769599358129978,-0.8210249036727757
train:6156,-4.716309756864989,0.281864419363684
train:6157,-9.020965405904889,-6.902651881708204
train:6158,-1.6660839681604944,0.07260583406552429
train:6159,-9.053336610609177,-12.454897619788126
train:6160,15.3094771538072,10.35535613653499
train:6161,1.6132704451900262,-0.18617060370740873
train:6162,1.89317015785999,0.7161978233221513
train:6163,0.06751491041619659,-0.17965471387118542
train:6164,0.7404754139118664,-0.2076712997050637
train:6165,15.657526648771329,6.2444040022991425
train:6166,-0.1359423628114736,-0.23163089742398563
train:6167,2.0403738735819807,1.2741890467507557
train:6168,-0.22019092430505066,0.038515036263201824
train:6169,10.570019989291218,9.529689579326885
train:6170,2.7477816082110547,0.33879778074257977
train:6171,-3.25317203091482,-7.426468137456582
train:6172,-1.1501033860242198,0.4071636941137527
train:6173,2.2843621587777645,3.1271865548964692
train:6174,0.2527369969874358,-0.03786270819791951
train:6175,4.926076645374639,1.5087107929192691
train:6176,4.807665207290044,-0.08452534722122865
train:6177,5.637175700629767,1.6469767940124216
train:6178,7.428515636991498,8.461708500534083
train:6179,3.353848591857431,3.041836872094058
train:6180,5.2055398014694125,0.8382880858119404
train:6181,-1.8589716557767857,-2.422372594809416
train:6182,1.1521909204030951,0.9738255562529143
train:6183,0.019787340017295887,-0.5844541916205483
train:6184,-3.292961442981975,0.24563570666260856
train:6185,0.5621461209659675,-0.20448368656628507
train:6186,1.1953198275496852,-0.15316345741789342
train:6187,-0.3587317350167556,-0.01747248394535282
train:6188,-1.0165579866663728,0.4516304979494464
train:6189,3.4085660071969763,-0.03768352622055171
train:6190,9.335770874854017,0.8102244219107599
train:6191,-3.777580154093127,-2.2338577472510184
train:6192,3.2006632606973207,0.31281924724045007
train:6193,3.8531805148269824,0.23748349733561408
train:6194,-0.3929280855943693,0.09323744040862146
train:6195,-0.04558363647291866,-0.40508361666192827
train:6196,9.897604774712615,3.56205721946542
train:6197,5.536339965174013,-0.030668038227686628
train:6198,-0.8812854225834662,0.13275106092089972
train:6199,2.7782884978285365,0.6172043459723664
train:6200,1.9106654299377044,0.3631445598998585
train:6201,0.6665063882603957,-0.030403259764315127
train:6202,-1.0750028698883312,0.48098781007576297
train:6203,-12.352175673657474,-6.859288131255478
train:6204,11.388172573012312,1.4403072170942546
train:6205,0.14210733095345843,0.2710978080325158
train:6206,7.94937970183895,9.860680348481718
train:6207,-0.08317678308618925,-0.27585860174210886
train:6208,1.527069350707467,0.24432151528083143
train:6209,-1.794505987903226,0.9367565713809023
train:6210,6.644436782126284,0.9542339472147623
train:6211,-5.821103807139785,-5.535030602724292
train:6212,-7.143877668629086,-0.2286666911136767
train:6213,-1.5288906016384,-0.982261292428267
train:6214,-1.0723935261415218,-2.114528827399709
train:6215,-6.627340116549172,-2.6051093942409427
train:6216,-0.01430870482964991,0.5820310379437169
train:6217,-3.455183820690054,-0.18788481600044327
train:6218,-36.873421816632884,-12.139065988304552
train:6219,0.022101171226186822,-0.03789295228964082
train:6220,-1.3654796649479213,1.5464970763439922
train:6221,1.5427495888453078,0.019375091349529514
train:6222,-6.847717502053618,-3.1757369415766563
train:6223,2.6974339428717333,-0.021690678775616243
train:6224,-6.4585266178970375,-0.5086216967752706
train:6225,9.380116468430076,2.038378709772482
train:6226,-2.898384966315277,-1.2799645154715178
train:6227,2.862387239986272,4.145754494249042
train:6228,0.4359833628602281,-0.09859056180136028
train:6229,0.10062632027200238,0.26706507225526044
train:6230,26.092681194896723,9.07539364822425
train:6231,-1.1626719381580704,-6.51000824625785
train:6232,0.20596082005131933,-0.20744475433877385
train:6233,-3.8617746690458463,-0.24789365912145278
train:6234,-2.3335718816496325,-0.5741737683298813
train:6235,-0.18100450891310482,-0.21050796725122706
train:6236,-0.2402409124431153,-0.015112588826230192
train:6237,7.195367460684184,0.8980735221044802
train:6238,-0.04751722411532025,-0.12537398759354498
train:6239,1.3948350158246314,-0.07584243968101106
train:6240,-3.1909620215755283,0.2588055819991413
train:6241,-0.969210427375721,0.2396644957989889
train:6242,-6.782258191432108,-0.11813851663165034
train:6243,-0.5978560639935427,-0.5354544832077175
train:6244,6.204981917596873,0.7694217183192658
train:6245,-0.4052702234022162,0.11285501371419454
train:6246,-0.4527770165874392,0.7855304063419262
train:6247,0.003584884442733277,0.1072199117189495
train:6248,-19.018802773478214,-11.864933540942552
train:6249,2.045397528612029,-0.15094993228983716
train:6250,0.31237229885771567,-0.0817805532367093
train:6251,-6.242767247793403,0.007086289175595131
train:6252,5.753544295699042,0.23465710136777115
train:6253,-3.1487150609924477,-5.698733311563171
train:6254,-0.6296252018555836,0.17816912703771476
train:6255,8.731173957118983,2.048016874096501
train:6256,2.93720810885914,-0.373503078472475
train:6257,0.013754583766321382,0.950684831583428
train:6258,-0.4290014202328838,0.04307476107262011
train:6259,-0.4932605489599814,-0.163112051664486
train:6260,-0.04202377098172633,-4.133086274139368
train:6261,-1.8599326381419803,0.11159075361591957
train:6262,1.5032158808424279,-0.08893955800444059
train:6263,10.682074159421449,4.833812716698122
train:6264,-5.146337509919292,-11.835205310710219
train:6265,3.2900522874866716,0.2225734454386257
train:6266,-2.3406116469973712,-0.39972014084893503
train:6267,-0.38662498040998383,-0.02496132050581848
train:6268,39.162723858935806,17.116301864468113
train:6269,0.12301390847402355,-0.11560029550001996
train:6270,-0.3875013479757272,0.019839024303669697
train:6271,-6.306556578416955,-1.434731807136468
train:6272,-6.505526884576755,-5.074510095159466
train:6273,2.4410892236863275,-0.0154575426648252
train:6274,-0.5487720416482218,-0.2434315143060788
train:6275,-0.11817523082178655,-0.040624621479639605
train:6276,-2.742765332463266,-6.698641787610172
train:6277,-8.021440534643899,-2.576332426289731
train:6278,2.0155617459341495,-1.2470894730920683
train:6279,-2.252955828847326,-0.22893746133106846
train:6280,16.577637276332105,10.86933906797126
train:6281,-0.35033162404707247,0.08415536792200652
train:6282,-35.71071033088326,-11.337075989768318
train:6283,-1.174534282158041,0.013845558353689058
train:6284,0.5127755938395382,-0.11476772701282376
train:6285,-33.40490311552928,-14.423834783591426
train:6286,1.8467524315303394,0.012071999163691935
train:6287,4.355301471763056,0.46638076973922776
train:6288,-0.7123524403958429,-0.26634997343357536
train:6289,-1.887731389260547,0.3537229546854288
train:6290,0.32221806762351507,-0.04075130427892512
train:6291,-4.71703595640753,-2.4489291899136907
train:6292,1.6951110880019713,-0.06300467871017282
train:6293,-19.34506628216609,-8.160612649256548
train:6294,7.716716433420798,3.4821788640483664
train:6295,6.63234709396735,1.609317193386984
train:6296,-0.485937649475618,-0.12249880162867993
train:6297,4.774713786818091,10.794512902479767
train:6298,-0.5508832273861746,0.5654450068507757
train:6299,9.115839344254372,4.534718051444476
train:6300,0.6293979170780468,0.42873457922993075
train:6301,-10.657558821564988,-2.6837933933566243
train:6302,0.8946825152669967,0.8699616388495177
train:6303,0.10112261861493668,0.09404889509593674
train:6304,13.651772810600532,3.666627593199967
train:6305,-6.33590489616503,-7.826366931060612
train:6306,-13.386712475231995,-8.633756926577203
train:6307,-5.742899276121835,-6.894713663596218
train:6308,9.770241834712463,9.444699116444069
train:6309,2.407237724908125,0.11051937093277298
train:6310,0.44232470742513486,0.026461053782537658
train:6311,-0.16913077445936225,-0.18348658322795203
train:6312,0.886972921499977,0.05006228754672396
train:6313,-2.58500429330207,0.28810640044469543
train:6314,2.2041710396386356,1.1599425609167278
train:6315,0.9163371626375089,0.04874609891360673
train:6316,-6.309919319320415,-0.9449863053466061
train:6317,-0.10541269228644712,0.11827555385119025
train:6318,40.28303868099563,12.048394141505172
train:6319,1.443561749854688,1.0099221650439238
train:6320,1.804826960693525,-0.06555031820392351
train:6321,-0.2368563204650716,-0.044465050485006596
train:6322,-0.8509449730660035,0.4111810225235274
train:6323,-0.7337046595957895,0.006778712469221751
train:6324,6.653679786675115,2.277378079454255
train:6325,-4.949818708361171,-0.1925789272928874
train:6326,-1.0305068758308291,-5.673454957316552
train:6327,0.24545919440168096,0.2796129464601661
train:6328,-15.274471440484726,-7.506878617694959
train:6329,-5.360581717212974,-0.9978872162698667
train:6330,0.05502824169747418,-0.07998958942789142
train:6331,-14.7788797706008,-2.4684654465575604
train:6332,-5.709118444648668,-1.2368826627793645
train:6333,0.27172488342579704,-0.04022231799542211
train:6334,-9.83345902622533,-1.2784212108288708
train:6335,-8.949053054534032,-3.8238812372805815
train:6336,-3.8450511583257625,-2.0598737591566127
train:6337,-0.28718631897813396,0.26019253039402157
train:6338,0.5745912377742453,-0.33259166734375595
train:6339,-8.831197656560116,-0.9741846933305758
train:6340,0.7527674569689393,1.4936592214987545
train:6341,0.8642025908053839,-0.17102430550905012
train:6342,0.17066343101876025,0.3357305733274464
train:6343,2.385407571566224,0.2624622638812203
train:6344,-4.239443992982663,-5.378014691372024
train:6345,0.9277359849064202,-0.2156212160034694
train:6346,26.009433249898304,9.69605433888048
train:6347,0.9384292964161719,-0.2113097210034619
train:6348,22.536295138644448,6.59847957308594
train:6349,9.596285894869512,0.8247133390966102
train:6350,-0.1802852831177706,0.5345075835928303
train:6351,-0.4847353754570437,-0.3305387782877667
train:6352,-0.6196888906052067,0.037452498550275624
train:6353,2.269121266713997,1.3723530228207594
train:6354,0.7410620222811379,-0.036190723504646805
train:6355,5.980239896173489,9.483497150333356
train:6356,5.272663513091114,3.43880113283626
train:6357,-1.1273689701277454,0.2852263640122902
train:6358,-1.904637612157467,0.37597005204103623
train:6359,-4.179781261040033,0.02851850798444712
train:6360,1.0827505299590596,0.11385991645987824
train:6361,12.724132395721568,4.223152548823328
train:6362,5.114753700656157,0.263099387058708
train:6363,2.331603717110862,-0.11906067610753043
train:6364,32.399420166493876,12.4316917819704
train:6365,-0.04620743816063022,-0.2097598539635545
train:6366,7.423066815840032,1.1499848363782947
train:6367,3.93814493147141,0.6422875402308972
train:6368,-0.2576155386941398,0.13529784170113046
train:6369,0.18756732933327797,1.5039884347864438
train:6370,0.2415859752026313,0.05114993356221126
train:6371,1.9699385618696743,0.24461625251430424
train:6372,16.741161420185588,17.900278938489727
train:6373,-0.12663252651857115,-0.5700642810368426
train:6374,-1.8967103212484528,0.049817196275133306
train:6375,-1.2649354321254411,-3.4660884964282626
train:6376,0.5141653454288743,0.2452610793755323
train:6377,-0.9055770762313772,0.32647416933100387
train:6378,1.3995139352843888,3.954627241937811
train:6379,2.8574614498753697,3.935170875347545
train:6380,-9.449343170369895,-1.9224420384803764
train:6381,0.04194409718674855,-0.009453234493284099
train:6382,1.878379304949347,0.7506047574794474
train:6383,2.0459368317294095,0.10719765663258853
train:6384,6.0355663521024905,0.10421661634669889
train:6385,-0.5247093593669573,-0.14646096724218194
train:6386,19.866636846987088,7.982004108526103
train:6387,0.16518229817189958,-0.15843505966924265
train:6388,0.6497240656055289,-0.22336056494630596
train:6389,3.043832984330086,0.08173840847888142
train:6390,13.974989256675208,6.091013958093993
train:6391,-3.1526384911713916,-0.15660728937144316
train:6392,-2.5632517810124122,-6.8414777850910635
train:6393,2.459429713925592,8.59409944414956
train:6394,2.068271651910894,0.023023213583008156
train:6395,16.37383276860806,4.43705645541691
train:6396,0.24814687657545437,2.2400254848919507
train:6397,2.8447269225579803,0.9777744074738859
train:6398,-0.1405739770193397,-0.6218427367069741
train:6399,-1.447675039034488,-9.62120540747826
train:6400,-10.062294637259523,-0.4822488487942838
train:6401,5.076449231827721,-0.16725549223030622
train:6402,26.368294842532954,7.027339081764469
train:6403,-3.3025842842953743,-0.2013833818432303
train:6404,2.1399312049454786,8.5688119596111
train:6405,-0.5917489211056882,-2.0526471331649385
train:6406,13.210873915482686,4.738628282975503
train:6407,0.39303623805751375,-3.78199745007086
train:6408,-0.2305955226804116,-0.053084331303961424
train:6409,-12.375938484808815,-9.962491151326383
train:6410,4.819272312142219,-0.2868720162745878
train:6411,1.389540546944692,-0.538130229360194
train:6412,-16.129495620441354,-4.963181022890065
train:6413,-0.3304314552448491,-0.32900317732885986
train:6414,4.776902613608287,0.6571799021874447
train:6415,3.3245221251839396,4.997849251832416
train:6416,-0.2772719750314607,-0.6588064379012015
train:6417,-4.411013516531205,-7.563864192930317
train:6418,-3.372562583107349,-0.12315047620878827
train:6419,11.3253670056615,4.574417701653003
train:6420,-9.62450138423142,-4.732383223175549
train:6421,5.45644267325056,13.128635490309907
train:6422,0.6358673461333315,-0.2514584674418878
train:6423,9.985175513146729,5.1449114331489305
train:6424,1.3660669138442216,0.17799336891978712
train:6425,-9.891330899885073,-0.9997640618863082
train:6426,-2.2671348516696304,-1.22941836387822
train:6427,5.384967343371374,2.9076349921563622
train:6428,-7.599552074413719,-3.7212325046568178
train:6429,-0.46750882510505853,0.09428457075406699
train:6430,2.0999734931123824,1.1722798677660642
train:6431,3.206333847009985,-0.1707352747079775
train:6432,-0.9006057243053852,0.3126497661981627
train:6433,1.9121612987137149,0.025761159848647214
train:6434,-25.041535425133134,-9.429045861545825
train:6435,-2.00780397392997,0.014709797540706643
train:6436,-0.013450585235766116,-0.2902462297528545
train:6437,-6.170168679697328,-2.9253124382647266
train:6438,1.1763389148585315,0.03653946936623592
train:6439,0.4767611873649271,0.4883879116124048
train:6440,-7.368137571662191,-2.0695980906098757
train:6441,5.380459048259961,2.0826683288821477
train:6442,0.699501278423276,0.14887144712998074
train:6443,13.771440453015439,12.988227579815321
train:6444,2.9084590684544307,0.3212385176037762
train:6445,-0.268714257374888,0.03022016612620112
train:6446,-0.6806767507463827,-0.1817492598836965
train:6447,-2.81687673878689,-0.7484807404981411
train:6448,-0.06539860933009031,-0.05875966364762822
train:6449,-1.720898086127984,1.1129557965330845
train:6450,-5.300323892175304,-11.016418999047094
train:6451,5.650791244677704,14.374942010967223
train:6452,18.173273409726033,6.860707261174543
train:6453,-1.299142127094746,-3.4381951695342297
train:6454,-1.4020909079543746,-5.867666536340117
train:6455,8.61003252946089,0.2715737244946965
train:6456,-0.06945151874885344,-0.03208779860886837
train:6457,-7.555632344333797,-1.8474050203116934
train:6458,-2.3996290748650657,0.5419519099805741
train:6459,0.5301563802339293,0.12073131703463705
train:6460,-8.430632125791611,-1.708479070311452
train:6461,1.9455462538037351,6.2508482764087425
train:6462,0.09078706033693001,-0.00043478872793192846
train:6463,-1.0063881711136644,-0.3254703250298663
train:6464,20.32295981126202,4.083668509734342
train:6465,-0.8553021703212541,-3.778499977652748
train:6466,4.415355663382266,-0.26947253324299114
train:6467,3.4568234080399676,0.2557092717787666
train:6468,2.516919426238362,-0.016141743909614953
train:6469,11.826118318646019,2.6403151691153974
train:6470,0.5796774240709207,-0.030672888695226844
train:6471,-1.4362092687923846,-2.0031814945466273
train:6472,-0.3088332952267178,0.23523345104019622
train:6473,3.2096291750237724,-0.04780331343915176
train:6474,11.408432703399564,16.90008742339567
train:6475,1.6485676017643454,5.2946436541855215
train:6476,-2.001493197623656,0.12232712085536644
train:6477,-0.23558988797218827,3.76925321477251
train:6478,-1.5751579274866088,0.09156117589104856
train:6479,-7.379660991547876,-9.204771655351273
train:6480,-1.9894118779613699,-1.4922980118685514
train:6481,2.486332570986234,6.980239330019301
train:6482,-0.959923255761243,0.370330955543111
train:6483,-17.60070150699413,-8.788584421103975
train:6484,-13.01485925646624,-2.9234236091402446
train:6485,-2.1384389961198838,0.2771603218145394
train:6486,2.275373463543768,1.4426973563050984
train:6487,6.468784362045987,1.1991996772926148
train:6488,27.549597408504834,9.034410050725667
train:6489,0.8192897991231134,4.634637112129581
train:6490,-3.7975697030887265,0.0040082395389012815
train:6491,-2.5102968640504444,-0.33953040382083766
train:6492,-0.1451733957609312,-0.16548022111058902
train:6493,-0.3182108930966532,0.0606228966682432
train:6494,-1.877204285392574,-0.2869439173228309
train:6495,13.341467095189355,2.6326377349641037
train:6496,-0.1934944901617508,0.11064262987261833
train:6497,-3.448371864417761,-1.8690754826732556
train:6498,8.58608468155031,0.9899781838050568
train:6499,-9.920847517399089,-5.7679397824269
train:6500,-0.19444570928085486,-0.03713000227772764
train:6501,-3.0704575294957204,-0.6669312563526748
train:6502,-6.287614951168404,-5.552032347417591
train:6503,0.0628511007420558,0.0202553085472678
train:6504,2.0896722224248125,0.165618970259849
train:6505,0.25717230021141063,0.3091089248938087
train:6506,8.78946983460894,1.9743260033310366
train:6507,-1.876200995627654,-0.34736761807933847
train:6508,1.783544014049173,0.002448100920673435
train:6509,-0.8373364027652732,0.2018936197417464
train:6510,-1.9910916212054182,0.42019147928351924
train:6511,0.9324169964903395,-0.10175363728081782
train:6512,21.164371236669595,13.191909554050339
train:6513,0.9532331669882689,-1.003302049974462
train:6514,-1.0284821645582496,0.2978507044113592
train:6515,-1.2879313635421972,0.27000873540892845
train:6516,0.5010168099855994,0.5391791544772935
train:6517,1.3160235363413877,0.9931680795167954
train:6518,0.1327007920326119,-0.03773345750405388
train:6519,0.2428947150952402,0.14676349100132907
train:6520,-0.7369920840294084,0.1851931746791802
train:6521,-6.7828272492042405,-0.48986921862157523
train:6522,-6.372042854194334,-1.4084559685062854
train:6523,0.3612196787144619,0.008361391495430581
train:6524,-35.901207069269454,-13.768817375383023
train:6525,4.701084033968265,0.25438309688894895
train:6526,1.2430407147741787,3.2868302783690515
train:6527,-11.611894740754291,-4.197572098799992
train:6528,0.5536788295648521,-0.2787899960661163
train:6529,-0.18202221108892042,-0.42452343459823366
train:6530,14.361324623808553,12.592733010737803
train:6531,0.00928441180630904,-0.6922381427612954
train:6532,-0.6598078122279164,-0.02032256160765676
train:6533,17.71625121106443,5.935578728516593
train:6534,0.07269832237185675,-0.0603004003956952
train:6535,29.060806568705793,19.27143877620503
train:6536,2.2157404862558905,1.2765711969562394
train:6537,3.3364463030758165,-0.02215518237299645
train:6538,7.608582439054147,12.742453818909594
train:6539,-3.698342113739024,0.1367564058226339
train:6540,0.5459542422413364,-0.08657338580967772
train:6541,-0.17076146901471778,0.04504947200472598
train:6542,1.4886928198245535,-0.05294994482093557
train:6543,-2.850466489586571,-0.5084881662571048
train:6544,2.08709681758108,0.12584370982201937
train:6545,-1.678558955852644,0.4546731677052587
train:6546,4.648681902701612,-0.08052856196809485
train:6547,1.7484421223966642,0.004320381391194852
train:6548,-5.745428421775758,-1.0913097889889092
train:6549,2.5429040732500154,-0.11809286517244835
train:6550,-0.0048394602984958845,0.05953268275817579
train:6551,0.7749267711790347,-0.031562236184805526
train:6552,-2.9383315201528415,-3.3191849539324743
train:6553,-2.707605558708935,-0.17418823695336766
train:6554,6.49073725333874,0.5090332133932626
train:6555,2.1824561855838986,0.05435552196305066
train:6556,0.8394557839230629,-0.055546656884668505
train:6557,-0.2487786386910265,0.02377760394632096
train:6558,-39.56537006403136,-15.589067736565458
train:6559,2.657888611956841,6.817378890602699
train:6560,0.9262977657739918,-0.010329171866722192
train:6561,-1.6657774719707241,0.07081601154318645
train:6562,1.104522336282658,0.04309616019412104
train:6563,-14.869231639421269,-1.1403854642830682
train:6564,-3.896152918196456,-1.0192926148464374
train:6565,-2.130420116664211,0.16662986475955296
train:6566,14.359186937831213,5.950503331816202
train:6567,1.7166248656788916,0.4690442470620436
train:6568,-0.2817728314791861,-0.8085597727376737
train:6569,-2.786602772326139,-0.4342220871056954
train:6570,17.742134041366853,5.827038960404433
train:6571,6.634858107878533,7.603771497459335
train:6572,-3.320095363533426,0.27774209259774474
train:6573,7.579625580982654,4.477360702138242
train:6574,1.9976996547533203,9.251286437956539
train:6575,0.3956214061473368,-0.27330582920785784
train:6576,-5.462449102338959,-2.376025806819461
train:6577,14.292550458681076,9.255322026949994
train:6578,-14.994429928288211,-7.675524808922172
train:6579,0.1081763314570903,1.4803903395600775
train:6580,10.14959415630869,1.5511013113261325
train:6581,0.9026579250317426,-0.11550100357625565
train:6582,-0.1867790040591613,-0.09342196065483552
train:6583,-0.7017944195819167,0.08398731348781921
train:6584,21.121083793003155,15.087789546406222
train:6585,-0.009475026296446254,0.058178831671216916
train:6586,-2.589112295323772,0.31301440722853857
train:6587,-2.6114496725458993,0.09337953057538764
train:6588,2.4578643401357465,3.444843388783263
train:6589,-2.9939020572341053,1.9478296110885844
train:6590,0.21116974429884694,-0.01309165579168231
train:6591,1.4416353684177339,-0.20550856182536964
train:6592,-5.088235037685222,-0.5670783902834127
train:6593,-15.025365470900713,-7.781581708296985
train:6594,4.140990316496181,1.9630090065948644
train:6595,-7.93319659714602,-2.4425040323526317
train:6596,-8.081632341541338,-2.918476702892469
train:6597,11.604514948382494,11.19841875291525
train:6598,3.2216054235614657,0.16307104819313822
train:6599,9.181082003795968,3.313886756951588
train:6600,1.1980149483871467,-0.10058524524686702
train:6601,13.709579595953002,9.972905330637959
train:6602,-1.8360010623082172,-0.25045812984212434
train:6603,2.4521849204099526,0.030824477317387397
train:6604,-0.29358403466630134,-0.3432678317213802
train:6605,-1.6292486354104394,0.4670595498732373
train:6606,-1.771641162933971,-0.08015307871615851
train:6607,-0.010662190529404286,-0.08457784639931093
train:6608,-11.130679218280402,-4.440055530783736
train:6609,-3.816569909813821,-2.0623115470779987
train:6610,8.252887408472247,0.3917540440601226
train:6611,-0.06265839159402034,-1.0063761051084756
train:6612,1.444867932706654,2.0920596900048563
train:6613,28.93542789224442,14.594588300485174
train:6614,16.675541248461823,16.46470375055394
train:6615,0.7051870907506771,-0.09621953913905718
train:6616,9.01589717827414,17.4383740504246
train:6617,-9.007971920107861,-8.789219547030122
train:6618,10.741263606386928,3.462210915793418
train:6619,2.532975316892447,4.985162140676944
train:6620,-3.1289784265622407,-0.27147720294519834
train:6621,-2.42790854962447,-9.045239207310495
train:6622,1.895426629998099,0.3065898203107192
train:6623,2.368148477060604,-1.9107098987870863
train:6624,0.3032631902552694,3.3160825921392036
train:6625,6.101484070373774,3.2457063026334234
train:6626,-7.566263124576921,-2.1959581911431503
train:6627,0.5195379202775381,-0.03499009012763457
train:6628,-1.286746523891642,-0.14531768351079224
train:6629,3.153470053678195,0.032086169521082265
train:6630,-29.967392484009142,-10.122365985311175
train:6631,-9.614622838853746,-3.4857913808982195
train:6632,-0.3535568659014246,-0.17194218516063003
train:6633,-1.4386152115789748,-2.0972486088052777
train:6634,-5.6182946856004925,-1.8637217077953427
train:6635,-0.10092845660289965,0.10573024754086471
train:6636,2.6233364840425244,0.22221536680551013
train:6637,-3.1131740557241065,-0.6927020757154356
train:6638,0.2960411776471745,0.7677426005854926
train:6639,2.2135995458631856,6.956216390900736
train:6640,-2.359300824597011,-1.3699033112102088
train:6641,-0.6852417656684171,0.14782003696023502
train:6642,7.012603213201671,3.1380835582079833
train:6643,13.179833301745589,14.354130652003517
train:6644,2.312293876009754,2.252679784061121
train:6645,-0.07822832829686202,-0.2104580359677249
train:6646,6.901698316611237,5.0272299603315735
train:6647,14.311780334147537,2.3127613841952335
train:6648,0.026030703433937125,0.009167995715205657
train:6649,-1.1811370260141087,-4.331213607075983
train:6650,0.0018248268766785092,-0.08016106772151887
train:6651,4.231703425421998,0.38887115441151726
train:6652,0.6428672448928672,-0.08800512969889995
train:6653,-2.8342576414104013,-0.42288026738858214
train:6654,-0.529916423948563,-0.09463657479122833
train:6655,3.4081926792631343,-0.3172935780435507
train:6656,-3.231799820306212,-0.42881609837132034
train:6657,2.988833829603357,8.330175804351603
train:6658,2.2845815993565606,-0.10306811398421498
train:6659,2.624852111768956,4.108295474722473
train:6660,7.507267839623478,4.904158191468942
train:6661,-0.31932599527513367,-0.08363457312354991
train:6662,-0.06390715726064469,0.1571723090210017
train:6663,-4.301902267722542,-2.0168615249397424
train:6664,-0.307179122389097,1.563509948580472
train:6665,0.8731122502376955,-0.392888970622598
train:6666,-1.1991953119497092,0.17839652836886466
train:6667,-2.9012065444354347,-0.3453954750418127
train:6668,-2.154833345971773,0.4324568850846126
train:6669,-4.769691932072537,-7.948089699303825
train:6670,-2.059981085620061,-0.21326331813568689
train:6671,3.2142020935259756,1.588138054855083
train:6672,11.630196004932381,14.947333701879474
train:6673,1.0371074707150432,-0.1885707291749531
train:6674,8.533098150267667,5.359995429962884
train:6675,0.7445211171251818,-0.24706907963961694
train:6676,0.5554650386829351,-0.30976822031572343
train:6677,2.469437971001326,0.19819699283286568
train:6678,0.8165216863982133,-0.22767748105709368
train:6679,1.8486476635630997,0.23189861194549122
train:6680,1.2059678097025883,-0.018032855607057183
train:6681,9.23563902294974,2.577636286274312
train:6682,-0.42067918277368455,0.08295559050985435
train:6683,-10.353900481992008,-4.095438657021971
train:6684,-3.0076352251516094,-4.6866524445632
train:6685,0.5379181608758852,1.0196801644483482
train:6686,-2.9852355491210956,-0.3291618161495868
train:6687,-1.5956082087143844,-5.217452802926242
train:6688,0.46757048592015293,-0.3052344597737263
train:6689,-0.18767187615996256,-0.5756080801136836
train:6690,-1.6693056069121224,0.10007631431869884
train:6691,4.867793320629654,2.7435610798898473
train:6692,4.462523299994965,0.10206586197504537
train:6693,4.823732720856142,3.6384403850373213
train:6694,-3.661633703188146,-0.28074045466052117
train:6695,4.777319178774816,3.287690523053389
train:6696,-0.15748269884234262,-0.1284745776382198
train:6697,14.440869973956268,3.125746536680267
train:6698,0.6316348627239751,0.05391384409527145
train:6699,4.469915472034923,0.3273227158289208
train:6700,10.481026606426772,3.4320489966986663
train:6701,3.912078924075669,1.5039108273058004
train:6702,0.7215803945404852,3.437332297136436
train:6703,0.6981334941376436,3.557966278077682
train:6704,0.05964207284996116,0.13941817121572964
train:6705,-0.3123945554673517,0.2515612660670262
train:6706,38.02160309454062,19.252411248009643
train:6707,1.683310112977427,3.359042041856372
train:6708,2.6473926574930617,-0.22839249703684478
train:6709,-0.662484568864398,-0.00224429844205061
train:6710,-0.12759769313209018,0.02910170537575249
train:6711,2.500747306464152,7.517262552914813
train:6712,-26.972990030722187,-11.988639865088091
train:6713,-0.07027907008414433,0.13813993035807406
train:6714,0.008927123491044409,-0.10901421654527355
train:6715,2.3067330099864876,4.309490015074222
train:6716,2.7460200396664383,4.312654517161779
train:6717,6.743572318012848,6.2581302547946995
train:6718,-1.2831699214071515,-1.1573663804981067
train:6719,-12.084522326000375,-5.455644997745
train:6720,0.6108047447316305,-0.07847424630400551
train:6721,-14.246847017142287,-2.842786583535578
train:6722,-0.004705854924912045,-0.11602513939221842
train:6723,-1.7148402243870624,-9.672963890634993
train:6724,1.249471671990702,-0.23690364096181488
train:6725,-1.9187840908261364,-0.03335690917468356
train:6726,-0.4311760670704249,-0.2719422771858186
train:6727,-9.772806952012196,-2.9114726277644047
train:6728,0.18792136323317912,0.051825004515160616
train:6729,1.1133954997712503,2.616252284970031
train:6730,-0.14476891842289574,-0.12168991483594477
train:6731,4.07352303159539,0.2674399848639567
train:6732,0.5653198733201041,0.8893900439210225
train:6733,-1.2220794309529048,-1.6646368355019656
train:6734,-8.2781906610003,-8.729292876535677
train:6735,0.6246450758978903,-0.029907370788733553
train:6736,0.30101950332037397,-0.44747727360661177
train:6737,-0.4053160176755455,-4.606831438791769
train:6738,0.49251813672205014,1.3544853270107224
train:6739,25.875172808993447,8.988519492006112
train:6740,-12.761941901575085,-14.851827485188357
train:6741,-5.88217384126889,0.0980816308731921
train:6742,8.913748518677453,4.629388906251073
train:6743,-5.026385803534798,-12.504028861467782
train:6744,4.503952937405325,-0.17793108596469043
train:6745,-2.568009271357374,-1.6817604125270103
train:6746,0.41895614544925763,-0.08518272823373724
train:6747,4.498424150619213,1.2310137512280483
train:6748,6.078947243981512,5.333426280707329
train:6749,-3.2103685653045804,-0.10179415295085958
train:6750,33.11805458806495,10.945165000419278
train:6751,-2.678727736439127,-0.8467475036817542
train:6752,32.95914613502988,9.343488690106788
train:6753,1.4642786606840303,5.2557075246321485
train:6754,0.9283950040175296,-0.13752326749529328
train:6755,0.28483018163638546,-0.06117919098533342
train:6756,-2.818688983227881,0.08220005886006149
train:6757,1.8964654858737777,-0.458727505083701
train:6758,-0.5948659536492038,0.22084097256191038
train:6759,-1.5557299975994536,-2.917201885894254
train:6760,1.005030441913791,-0.31813242360638716
train:6761,8.419723617332814,15.690601087157715
train:6762,-14.255105793501897,-1.847397601949573
train:6763,17.326375969848552,5.715578640189826
train:6764,-14.194393280146297,-2.5517819274957634
train:6765,0.6431159752099349,4.744662835238766
train:6766,8.159683741960391,7.191666074307935
train:6767,0.041634695268975466,-0.12330454988359499
train:6768,3.819210462346252,-0.14376153939524455
train:6769,-0.31758162864029577,-0.5550526546431298
train:6770,-29.79397119811877,-9.736750392004966
train:6771,2.1700731351257674,3.219965727362384
train:6772,-6.44303513585028,-2.2705763571736552
train:6773,-0.7567290671469762,-0.13781486619094596
train:6774,-1.4501660615370096,-5.334813003599465
train:6775,0.2471972846640321,-0.009070332879227441
train:6776,0.3257665426609352,0.320107502702047
train:6777,-7.305824815780709,-3.830863342643905
train:6778,1.7862979468214175,2.3993736151662
train:6779,0.39564837130320585,2.6079888002112317
train:6780,24.968079842886684,5.926958591732778
train:6781,25.39286287312446,7.419655738638289
train:6782,4.95335050578672,4.00841778567227
train:6783,-0.9159702841529659,-0.9688423313174637
train:6784,3.116100996808526,0.2962697373148704
train:6785,6.103181015527601,3.50525824456955
train:6786,1.177413336844968,-0.22891292367174743
train:6787,-2.559850916957551,-5.289509066130655
train:6788,-0.8172432355090822,0.2615098603136189
train:6789,-0.372364655318152,-0.056952151184849614
train:6790,-1.6753925259330753,-0.09679588881148224
train:6791,-10.950688662520555,-6.991706465746477
train:6792,2.640533279739757,0.023178428544294902
train:6793,-23.431332528572163,-8.205695747791466
train:6794,-0.23446339533993554,0.4597670145873402
train:6795,-12.807675735761919,-10.09995340141596
train:6796,-1.416009577547599,-5.286594220460609
train:6797,-2.2226730289734453,-7.341219173186035
train:6798,2.301716561161887,-0.04304671671192492
train:6799,-1.0736887834561966,-1.5380422005970404
train:6800,0.38821737873712603,-0.17865066709036176
train:6801,26.076572768680343,21.678745218281875
train:6802,3.9546336593688407,0.3153831473178816
train:6803,-2.592363921188393,-0.11970122314445827
train:6804,2.901796350372378,-0.2922514700983017
train:6805,1.9888678688314925,0.33652747661214105
train:6806,-2.0262393071312563,-0.04553728913301322
train:6807,10.7223619619557,2.5651454763934085
train:6808,2.653872663398278,-0.43710497675430077
train:6809,5.232867592193232,0.21371506510210048
train:6810,-2.260921242907741,-5.818128426030323
train:6811,-0.8310504994906662,0.27998785906886237
train:6812,12.603845484554634,8.729909111416026
train:6813,0.05915774610639976,0.017221769083295882
train:6814,-2.1081203976770047,0.07540997494700621
train:6815,0.21210875936033785,-0.0617578232307186
train:6816,0.09671614021275292,0.4000694573537642
train:6817,0.6891117898335314,-0.15001464801943648
train:6818,0.16864104432858307,-0.02152576287924908
train:6819,4.682820254948283,-0.11004394227189834
train:6820,12.010886356159489,9.495683807367326
train:6821,-7.024134244827858,-2.2919246914262237
train:6822,-6.469319189075376,-1.307174782407241
train:6823,-6.5917786549556885,-2.510612585622553
train:6824,-7.762174280295028,-7.033729204585144
train:6825,1.4231028676720232,-0.19363747050313346
train:6826,-0.17702063959169606,-0.47526845536068035
train:6827,2.1665462787046907,0.057470092767106094
train:6828,-3.872235754773588,-0.3663708939370248
train:6829,8.496019201281829,5.271407061451711
train:6830,9.05296032009964,1.3565462050720722
train:6831,3.3333285731575804,0.3180925614215194
train:6832,0.060860270257992594,-0.020782785380736774
train:6833,-5.1231265546303035,0.2744937059539035
train:6834,-3.598344157781132,0.0979917545628882
train:6835,1.4481388526052155,-0.2867658766319432
train:6836,-9.757344759703711,-5.930413325726765
train:6837,21.564446745467652,8.847456483071978
train:6838,0.5096338044934359,-0.09636762105984362
train:6839,-15.763639824274057,-9.831531951600127
train:6840,2.7015135849881253,11.425216343517192
train:6841,16.81733519601671,8.561818726704596
train:6842,0.9585936540084397,-0.2125368892911353
train:6843,41.39614543794178,16.708797537761033
train:6844,-6.147698336361778,-4.736687585135056
train:6845,-0.8786237757326009,1.6988682370440782
train:6846,-9.73470518676926,-10.862233478165349
train:6847,0.456236984416752,0.15666215396441951
train:6848,-6.3690725028004165,-12.89331026694791
train:6849,-1.1967407853909071,0.04567889149847335
train:6850,-0.5935885956190287,0.21126700560239403
train:6851,-6.920144980884869,-4.66986982687407
train:6852,11.323549182222743,3.8551036370180434
train:6853,-0.1210930466534077,0.5322757978810932
train:6854,5.114087940256081,3.1888471248757306
train:6855,0.03861692239404671,0.7050297644716255
train:6856,4.799268815652205,2.2863571508360456
train:6857,-2.3616488852817787,0.3280782474787136
train:6858,19.595384115937954,5.0368938036013935
train:6859,6.348367739180994,6.349800096802006
train:6860,-3.768160016365226,-0.0007629085909462013
train:6861,-0.36887353935151357,0.10603753892561808
train:6862,6.422869675348238,7.608270448763691
train:6863,6.285137238167004,7.502964515892752
train:6864,1.4346169892280987,-0.15255657833212702
train:6865,12.752512757357241,9.082450222530397
train:6866,0.6668420579593171,-0.3154749380375916
train:6867,3.1500826722012683,-0.04882847401985635
train:6868,-3.2370729030280487,-0.3829278222247248
train:6869,-4.858031642365399,-1.4791455411508394
train:6870,-13.10876122753181,-10.386603478891145
train:6871,3.737899824322078,-0.18157121919280872
train:6872,-3.113879798941506,-0.9654313113502153
train:6873,-1.0856111016821512,-0.5005813335233211
train:6874,0.18805851359492676,0.007728833463863077
train:6875,4.6588798457013905,4.610088610586954
train:6876,4.703249614934436,2.066136223575389
train:6877,11.547787699097745,1.7392791940512955
train:6878,-2.6436888409697263,-0.008424935374759385
train:6879,6.731880133444741,8.206032367484205
train:6880,5.505413255974639,3.8932588412974423
train:6881,0.19648640332431974,0.05679930163845693
train:6882,-0.5495786717418901,0.038777532153613244
train:6883,-0.06263328610407332,0.0951767714598458
train:6884,4.697707810486871,-0.1433649423434273
train:6885,1.6086710264484347,-0.14542410847505685
train:6886,3.7878764863099597,1.7107010952692328
train:6887,1.461871323147999,0.4419509619905254
train:6888,0.21822624663988358,-0.08723133746542633
train:6889,-5.645150586096604,-8.064151115962751
train:6890,-0.9215457950453682,-4.4096062928176325
train:6891,10.000100262003755,5.252161547538634
train:6892,16.08487973731331,22.69942282569282
train:6893,1.5052484956951764,-0.18151700808500637
train:6894,1.773601310197189,0.12085143743666227
train:6895,2.617401360252455,6.993389232842433
train:6896,4.3373426779542825,0.7723699466188538
train:6897,-0.23840960642642378,0.4298510427290393
train:6898,-2.874451530815592,0.14808938056952672
train:6899,0.14262059874793098,-0.15320768226899534
train:6900,-0.33219953262019253,-0.06707507694126982
train:6901,3.6383398196888175,1.6546933172256573
train:6902,-0.6442696060748688,-0.16767605629820448
train:6903,2.5070283281157137,11.843732943470272
train:6904,13.450384008909168,1.2726406063189484
train:6905,-6.347634738968058,-0.4689157694911041
train:6906,-16.775089803259885,-13.410363259015515
train:6907,-1.2766899155019353,-5.091895312110062
train:6908,0.45584505982369006,-0.06946921065479392
train:6909,0.06653748163050435,0.7024279166187324
train:6910,-0.5419833311999535,-1.0103278095456476
train:6911,2.160634865655127,-0.11173732608667197
train:6912,-3.142181124775494,-0.60335018654911
train:6913,0.10521109414445809,-0.10087028154525943
train:6914,0.011270070094526685,0.03385402227867914
train:6915,2.0632040622734387,0.06789003832995921
train:6916,6.520696471342193,1.8936310574375075
train:6917,-2.732698495910989,-0.08313526028852819
train:6918,-9.761121741191298,-5.440176000794407
train:6919,-13.188519509427593,-20.58668134264918
train:6920,0.6181599559113887,-0.23248457971106273
train:6921,48.788603866451744,17.524479550198425
train:6922,-0.9769010757961604,-0.06888201876080838
train:6923,-3.5057555757729766,-0.10153907542256849
train:6924,13.485393149723818,18.287918032725063
train:6925,0.12098908097232375,0.13507015504836056
train:6926,4.569936208900359,-0.21757138927625425
train:6927,-10.531122925026956,-14.434460160720688
train:6928,-2.9684753099990524,-0.6557883058047103
train:6929,5.211895674674335,0.2563113003969928
train:6930,0.5194116954530822,-0.10014727656014796
train:6931,1.960047463747026,0.059396013702189845
train:6932,-0.11874800792576312,-0.8050320562278404
train:6933,-4.08803045852974,0.007913151230391088
train:6934,2.865696515494475,0.5714701435005777
train:6935,0.15175074482111994,-0.1668674548270893
train:6936,4.112033458424688,2.551879447670932
train:6937,-12.109613868452987,-12.879649067781717
train:6938,-4.809348842942749,-6.220756606251391
train:6939,-2.3795246914987827,-0.11694901079781861
train:6940,-0.18681015346335483,-0.17271055628332344
train:6941,0.6358119048430317,-0.2435245291542028
train:6942,-0.4935962186589028,-0.07800232434450499
train:6943,-28.566961763115923,-10.87425236608675
train:6944,2.8783348051004007,-0.05959451470778451
train:6945,2.8589338403691147,0.005168357245871724
train:6946,0.09443851437478096,0.2866267225233111
train:6947,-1.768048985747384,-1.3006703054358182
train:6948,0.7929898225085603,0.12282358047418802
train:6949,0.11132149144767618,-0.06318785519022077
train:6950,-8.48475863228444,-11.934738045921826
train:6951,-4.237494598179924,-1.3982859646825632
train:6952,-3.9904537876022945,0.24136501265426286
train:6953,-1.5217752873625798,0.0815127190774516
train:6954,-11.727381854176539,-13.829156050296767
train:6955,-1.883899082711781,-0.10673078762031427
train:6956,0.6807656091755864,-0.1783904537729104
train:6957,-0.18893063753091766,-0.11362101942199387
train:6958,27.393255294442124,13.764231626487307
train:6959,-4.966459463947725,-1.3372836316806704
train:6960,-1.5521719917741832,-1.254927257993809
train:6961,-0.07567814517219665,1.166849626693988
train:6962,1.9280082094098145,1.1626913494039273
train:6963,3.3262069825092735,7.601884380264574
train:6964,7.020678812467965,5.834334634228151
train:6965,-1.170756835753974,-0.9126599364424404
train:6966,10.16433386840648,2.6134852358991507
train:6967,0.18914014178681118,0.249830790441651
train:6968,3.5386347611136406,1.6960552511923759
train:6969,-7.63803786066955,-4.584946129250337
train:6970,4.251829194946383,0.13218783604299522
train:6971,-1.1268008421885738,0.05613821144488818
train:6972,0.2980031251948867,0.32844716833338966
train:6973,-3.385734596832889,-0.32039759194766565
train:6974,2.9354116715784864,7.071360783872943
train:6975,1.0202201931647032,-0.22551987896655984
train:6976,-0.010715132893621276,0.0024289843721326115
train:6977,0.6422072959487968,0.22637335877395093
train:6978,-0.11655267230483979,0.46755715077853893
train:6979,6.683533468637494,10.310836833521213
train:6980,0.1771081032714582,0.01368806081944221
train:6981,-1.4071371114337272,0.06054072404167962
train:6982,0.8801875816961924,-0.14629262748637462
train:6983,-1.0182702740640561,-0.13531544879963728
train:6984,-1.58149427419935,-1.7674479161275163
train:6985,7.393253581611457,4.565118784735178
train:6986,0.18834559952163582,-0.15419175653641812
train:6987,1.4066664428786484,-0.060753776449894936
train:6988,6.862508646803928,5.381125778497762
train:6989,-0.035257608982762284,-0.08343941313546144
train:6990,-0.5766944605506015,0.09780658083150015
train:6991,21.588211416284917,12.503293813155754
train:6992,6.271437079319615,7.958240812081749
train:6993,10.190277137851368,0.5699556563415518
train:6994,-1.175524786719747,-0.03589598627117396
train:6995,0.0933678117201883,-0.06876617818308334
train:6996,1.248374934013201,-0.661483325340158
train:6997,-3.251753570732813,0.18727830507823087
train:6998,-0.7498786390359213,-0.1373532158097659
train:6999,-0.04611340880244899,-0.4410401325375119
train:7000,-33.7050271600175,-19.20114586043117
train:7001,0.6871801780861718,-0.07477505150054464
train:7002,-11.06389861502131,-4.003777089341645
train:7003,4.554325708234594,5.8554102010119875
train:7004,-3.497256902509428,-2.8986845127554486
train:7005,-4.505272543453798,0.25179180593599626
train:7006,0.6798045105812717,-0.21437864034831539
train:7007,0.4268085848049111,-0.32108207851407544
train:7008,-5.4065717203805645,0.00013186000941271814
train:7009,4.09442381689277,10.253410721704556
train:7010,10.16510562976411,1.9926972918003956
train:7011,0.17827597347047547,1.4892367363885624
train:7012,6.4025760709743915,4.9791515554297625
train:7013,-0.13495825085137414,0.009795132635992923
train:7014,4.18801987291417,-0.2171388417003154
train:7015,-0.505631279131379,0.17669886472979082
train:7016,2.2027377021292525,0.17985309523902798
train:7017,1.50710978882486,-0.14748384524992642
train:7018,-0.8492010713476461,0.9988725146657034
train:7019,-11.637969116646682,-4.306052520015189
train:7020,20.250360313332983,11.642294738455032
train:7021,-17.537943361124327,-5.560554333564122
train:7022,6.299409244285409,10.007398431924498
train:7023,-20.59380591346753,-5.517067894814791
train:7024,0.43788208176659216,-0.15906504980623004
train:7025,3.544682859608472,0.3671045386640107
train:7026,22.98812143071998,13.886566124283826
train:7027,4.2906525105670585,3.196100571099686
train:7028,2.144647782640156,-0.14154858491042832
train:7029,0.1065656283103963,-0.8072044950426147
train:7030,0.10875933672363791,-0.09017928044339452
train:7031,-34.03789992139217,-13.731597740695644
train:7032,-0.48869553403794697,-0.13501871431482437
train:7033,2.1852159298121494,-0.0735712795857123
train:7034,0.6119286803232405,0.13009756985478432
train:7035,-0.05368085435555567,0.6642707150879932
train:7036,-4.782099623104134,-2.5745109330675717
train:7037,6.261690570222402,11.204881858251772
train:7038,5.567078848115265,1.520299986480933
train:7039,3.2656093035243576,0.6864775820951787
train:7040,12.567600595734815,3.3204237605876923
train:7041,-0.5758086784261278,0.10683215963735262
train:7042,3.35448878185108,9.630486859958388
train:7043,16.388929536562873,10.403368917464197
train:7044,-0.7123724318045044,0.11501832223712861
train:7045,-0.13671540268942578,-0.23175073250439082
train:7046,1.5825950233483628,-0.15501861859121407
train:7047,5.90050393026877,6.907192430150205
train:7048,0.5940522929606358,-0.2672039410422725
train:7049,-10.969545674969655,-3.0381965133631956
train:7050,-0.09228124252383058,0.026342930631852515
train:7051,0.6051395049584917,0.022401212451381103
train:7052,-0.8680046184014888,-0.005081536631453998
train:7053,0.14872123280505856,-0.06930914522596696
train:7054,0.11104393630881738,-0.010321182861361841
train:7055,-0.15688754763274193,-0.1460669380849448
train:7056,3.0721147836718927,3.178341297505254
train:7057,1.0654279743538513,3.3202468611832847
train:7058,-0.25803965875347634,0.19048589073041036
train:7059,-1.4303383034766242,-9.144096300925915
train:7060,2.0582329428056867,0.06053273503631928
train:7061,-0.3071816794297398,0.003274107010609359
train:7062,0.14178781710223445,-0.02137625435036257
train:7063,-1.0861411064699218,-1.1182524955754658
train:7064,-9.210420731374764,-1.4015140934913835
train:7065,-5.913164244026092,-2.2096262380282248
train:7066,3.6975213630741286,0.22940404502172274
train:7067,-0.3786544522682832,0.19396767045942176
train:7068,-1.1257675653106611,0.4865698422496857
train:7069,16.170117524848273,10.669906103301468
train:7070,-2.560377202413478,-0.38041413875241553
train:7071,0.9213315279292855,-0.7688681115345077
train:7072,-4.142303413713927,-0.21742986975272804
train:7073,-0.1405379459921009,0.05760447925013194
train:7074,0.3259063662924457,-0.12402013650658611
train:7075,1.8111760926094798,-0.1929427123584032
train:7076,-1.2935824233626811,0.06976973716260096
train:7077,0.30222386946311053,-0.17677924258470035
train:7078,-17.833213677556117,-7.814656190488822
train:7079,4.745692770272288,7.864264430098263
train:7080,1.787824500085141,-0.09880569430284963
train:7081,2.7092284090655507,0.20783401587040473
train:7082,1.4459753637632065,1.8121763000698854
train:7083,-1.2297668249579807,0.3389353057634258
train:7084,3.124970673423514,-0.0655799916524048
train:7085,-0.37020134081982303,0.08287570045625087
train:7086,27.369715643201424,10.181456032996868
train:7087,5.811093517321316,8.213435892880288
train:7088,-1.1408724693038823,-0.23443675023518762
train:7089,3.200540987662949,0.4041398555848612
train:7090,-1.9402585830604546,0.539075868050849
train:7091,3.2747225963751285,0.3182931425203881
train:7092,1.3062275136390018,-0.05241411081855227
train:7093,2.3713192074576175,0.7698845099869258
train:7094,0.21052153449590913,-0.032713508921555584
train:7095,-0.7897535957354884,-0.14734803215880052
train:7096,-5.316786584749827,-2.5887841471086928
train:7097,-1.5080774530975938,0.11672739874100294
train:7098,0.40428942523890826,0.14223515157011216
train:7099,5.97786231329221,6.000626351447022
train:7100,-1.2183838098494064,-3.3578254902875146
train:7101,1.8156523084837386,1.42226747234735
train:7102,0.07004248697699764,-0.0751097337608192
train:7103,-0.9322026106114006,-3.4125778532030355
train:7104,0.8321312572310177,-0.17138238414216567
train:7105,-0.19435598040011826,-3.949916356488662
train:7106,4.045274241323699,2.506214863674426
train:7107,-0.21085679612604208,-0.03700731398112231
train:7108,-9.287934396502692,-4.47348752096545
train:7109,10.453497971783376,16.581189155140205
train:7110,-2.0029548950383496,-7.138785195716952
train:7111,1.435944790696408,-0.251485572995789
train:7112,0.3184480598831365,-0.018212608227665003
train:7113,-6.4526314769242905,-0.19026439831134678
train:7114,7.795967956352835,1.4588157452628394
train:7115,1.0262018086028228,-0.08983318531831946
train:7116,6.5433853254235785,11.462559237144417
train:7117,0.8446691248771553,-0.004833021500423182
train:7118,-4.939320429314989,-7.3668148050741085
train:7119,8.573849939449458,13.312394026462698
train:7120,-11.279679371283047,-2.295185917542965
train:7121,-0.21367663080939775,0.03438928563782242
train:7122,-1.6763869822848658,-0.4150287870490808
train:7123,-1.7936175325089896,-3.2445413942777885
train:7124,-4.277407678030893,-1.499972307482025
train:7125,-1.528151151976164,-4.661197190912173
train:7126,12.28836710838141,4.400619172611605
train:7127,4.013449313483998,11.056212174928106
train:7128,-7.5413119869014205,-10.578817806574623
train:7129,-0.7966232016513638,-0.5752420124752078
train:7130,-13.213800737804249,-8.731483575934131
train:7131,-3.7371603152784134,-0.24830509289751068
train:7132,9.448823685584363,6.7709348079403195
train:7133,0.6562673001520929,-0.024664586021005575
train:7134,0.39307517481275567,0.04109947949727421
train:7135,10.189283146416058,3.6655131269521988
train:7136,0.007068561745683599,-0.04878481981199445
train:7137,-1.255322818974613,-3.037127983896249
train:7138,2.5448962403689603,7.961177342194917
train:7139,0.21719366713669197,-0.09375350437728994
train:7140,0.2701076714483761,-0.05454318074708486
train:7141,0.9582749537610566,-0.05993404743559927
train:7142,5.483598444876594,5.548560494126404
train:7143,0.007428988247191598,-0.2126980960064423
train:7144,10.521689131644306,2.4682610964587557
train:7145,-0.29542045476427836,0.28389191479549214
train:7146,4.116072652807277,5.107383080468699
train:7147,0.3428687278543864,0.78699810075527
train:7148,28.69252204884436,9.942284614378227
train:7149,-3.4617907487944466,-0.006229100187143899
train:7150,5.10408293759571,-0.11570757642914462
train:7151,0.9726931761125784,-0.17835735646498896
train:7152,1.0899046647610016,3.3718093283870667
train:7153,2.3728715635860085,6.964962069197356
train:7154,8.55951935385451,4.868385708038266
train:7155,0.8705561394279037,-0.20415899056271097
train:7156,1.7830356278777457,2.5959348177305674
train:7157,6.272074479814381,2.64497275924048
train:7158,0.38436275619729643,-0.04985534653028101
train:7159,1.8020232818578665,0.04120390721019875
train:7160,-3.944661838855397,-0.006549801688037843
train:7161,0.2199055249674514,0.029384173779564773
train:7162,-0.15148649664964747,0.000354696194642401
train:7163,9.426152498329236,2.193488387381447
train:7164,-7.274023598681514,-3.2440586300967276
train:7165,-19.651405330165638,-14.705257768987984
train:7166,-0.044394728803158756,-0.07152324099726323
train:7167,0.7052531088909081,-0.3115700263461018
train:7168,1.87895812596757,0.04378720915779109
train:7169,0.546139743917056,0.40444600568313455
train:7170,-4.305896830123002,-1.7194864930899108
train:7171,3.110073354638837,0.19769311485192376
train:7172,-9.272937120674706,-3.3954508523185507
train:7173,-4.3065398096155345,-2.0639652711875907
train:7174,-0.9000488705908659,0.2956089324429217
train:7175,0.18811128161546356,-0.10953635510989626
train:7176,-2.0338332529237513,-0.400454558698847
train:7177,-7.226354782102836,-1.5219392190067802
train:7178,1.281286604126072,-0.33085805318056055
train:7179,2.351372895694704,-0.0691582100889804
train:7180,0.48107712328253344,-0.19532115338282668
train:7181,-3.3034448447007807,-0.1896441091094398
train:7182,2.6360607831973426,5.596449445472526
train:7183,0.1444577162206287,-0.04988758787334241
train:7184,-4.649649566974347,-2.297869652700802
train:7185,6.57839725573711,8.514704708878428
train:7186,-8.554832703891398,-4.367752464378012
train:7187,7.9994056449737645,1.8787449725566001
train:7188,-1.5998775367548204,-1.8491392051181288
train:7189,1.336454988451703,6.063866176593052
train:7190,-2.9599264257556093,-0.3868806679483767
train:7191,2.4756776150861235,7.8588153577992665
train:7192,-0.5576008056129264,-3.3452465160260276
train:7193,-5.298769211464511,-7.654694048088307
train:7194,-0.6142862124144305,-0.4759694905810508
train:7195,-1.355562299044125,1.4686405099263466
train:7196,2.4596621721658423,2.580030705309456
train:7197,2.452163069335369,4.358820411244647
train:7198,-0.8886724805421388,0.18483766394064474
train:7199,2.7750484948759286,4.991191557151046
train:7200,-8.261499229517371,-2.3971558700327193
train:7201,-5.014628065742941,-0.07463438794187854
train:7202,17.038782354342786,4.986809587710895
train:7203,-6.344405894010982,-0.36131927465470515
train:7204,1.5334556759418625,0.17733884112347864
train:7205,-0.6487139751702135,0.41435151636510525
train:7206,-1.6396641593230923,-4.434900054431732
train:7207,-8.542022395187686,-7.868260704527033
train:7208,3.42018984904245,3.3677569054180307
train:7209,15.76115653227489,20.935007622973853
train:7210,-3.8796056108224817,-0.37964605295134213
train:7211,1.4639864606760358,0.2996262608526964
train:7212,-15.73097293268817,-2.5041697381210533
train:7213,0.018614820653473613,0.3232078074251018
train:7214,2.0289106603805203,0.006994700935571155
train:7215,-2.416925362689126,-0.24920785050322997
train:7216,-6.073420025021655,-4.021387139728811
train:7217,-5.739599763859723,-3.666137185154042
train:7218,-3.0656656353312015,-0.4643637483654261
train:7219,-0.6140611928378683,-0.10115046737611161
train:7220,3.1405597879311764,10.530300517202358
train:7221,-3.2362923082572883,-2.4916050299405668
train:7222,-0.3936349911029704,0.18310233784772928
train:7223,-0.5605684837370811,-0.09838170637551119
train:7224,-0.6521420368391839,0.3925101463531555
train:7225,-1.9160819962414672,0.021558372385864458
train:7226,6.438665677689723,-0.060295264606534976
train:7227,-0.22622414547250563,-0.18274246444295966
train:7228,-0.1431321799532937,0.6562740060439054
train:7229,0.25916888403692,0.699017467294724
train:7230,0.12720768758637832,-0.4921015749765523
train:7231,1.2212407810035102,-0.10437574296873184
train:7232,3.0859758036215346,0.5861202674017347
train:7233,-3.2449713691152717,-0.37084673419015945
train:7234,4.754943213484807,0.17526968873514867
train:7235,0.2914154911244348,-0.14217486586635555
train:7236,-0.3645047191842504,-0.3459056300983949
train:7237,0.2528262609516919,0.1317615655426967
train:7238,-0.5570359320891182,-2.294665490908063
train:7239,-19.571832085029094,-5.504183911741511
train:7240,0.8151957445958259,-0.3298597128321371
train:7241,0.8996287617030415,0.21420810086148193
train:7242,1.0570836533618282,-0.13861433737022075
train:7243,13.575528367464372,4.219781473882881
train:7244,5.742900497794463,1.7876149590543573
train:7245,-0.20483054870579454,-0.19101992996113965
train:7246,-0.24022615134485936,-0.09999719738802146
train:7247,1.8039136322675815,-0.13960040888898362
train:7248,5.135723293592652,3.2845257356442112
train:7249,-5.373279516128404,-4.886502549441451
train:7250,4.557361612852262,0.44214926051643405
train:7251,-7.825456851954835,-0.23622685807914545
train:7252,15.20037985249295,6.204966277337788
train:7253,1.071321488118916,1.8491608297423738
train:7254,6.446180587680534,4.184766234031718
train:7255,0.4364078316069251,0.1188102465670935
train:7256,2.5812104017443738,-0.11866350841247317
train:7257,-0.4291336889715862,-0.23892428867474275
train:7258,-0.01342245778869583,0.12202810379759343
train:7259,-18.301126079856964,-7.755781786128982
train:7260,-9.133440790366453,-1.1366032408881837
train:7261,0.8824765979879365,0.6186286714994684
train:7262,1.7732451841731258,2.3968796188856714
train:7263,-0.5015932470399919,0.08623507721027696
train:7264,-8.627889679637246,-4.973769878851965
train:7265,0.7063636781337037,0.19706740453923655
train:7266,-8.852012897225084,-2.546071500592835
train:7267,0.08160588968000611,-0.020402166339640218
train:7268,3.488219217968166,2.097498490725533
train:7269,5.700412245558003,8.813190497794968
train:7270,6.06087872988334,0.29211745177882986
train:7271,-11.860228948980673,-7.416638237003915
train:7272,0.8737426769852541,-0.27008996922869805
train:7273,-1.9288448834641674,-4.179752622343737
train:7274,-0.15221176635922828,-0.3489294686272864
train:7275,13.684567089302076,3.5881689981640954
train:7276,-0.7601960655711885,-0.2329573576354233
train:7277,-0.2916141835384207,0.07212306988446329
train:7278,36.728666642936886,10.962546793510434
train:7279,-2.7163180935535145,-1.2494239745870097
train:7280,1.6967701424626371,2.687864587733705
train:7281,-11.523111500139033,-14.379014180946918
train:7282,-8.797879881901528,-6.142722284464478
train:7283,-8.433862365498127,-5.840924482182834
train:7284,-13.375247634822854,-5.8214284558873866
train:7285,0.2822190944527745,0.13839243999178505
train:7286,5.518282609071373,0.5719957059246406
train:7287,2.3793538940736267,-0.060963202518984044
train:7288,-0.2787638920173869,-0.005796552611205083
train:7289,1.7477012779849868,0.5446151019817698
train:7290,0.33531267275505194,0.4979316344801998
train:7291,0.2055586672956864,0.23793230824389358
train:7292,-19.902882373800203,-9.148280827805015
train:7293,1.6165980848992088,4.912885609181881
train:7294,4.30704872008487,-0.13576055052685665
train:7295,8.958387009636228,2.5103423262295257
train:7296,-2.3491168290916473,-0.4009584366797889
train:7297,-9.380794024818979,-3.6334079421224184
train:7298,-5.164472042157694,-3.0254129635001594
train:7299,-1.3365376842038041,-3.7266944164287152
train:7300,1.9894592425946893,-0.10426304092882696
train:7301,-0.21005063094885418,0.6685077411451774
train:7302,-5.739713203480965,-5.874500559782654
train:7303,1.405628516835931,-0.09115964552975714
train:7304,-0.5682943495809184,3.516805210531452
train:7305,0.4924897768167396,0.3873384066688106
train:7306,-2.799318702984308,0.27819118882764426
train:7307,3.8528676260356054,-0.13683450110458334
train:7308,-0.29941780666362167,-0.09882509617301047
train:7309,-3.54404795677292,0.24334400341066892
train:7310,0.5573944420770122,-0.14811868585445404
train:7311,23.245415509358565,8.615723399087061
train:7312,-5.730825860039717,-1.0722157808560588
train:7313,24.058307098186315,9.944358331912477
train:7314,2.354470634204279,0.9782857038169481
train:7315,-10.950765838656318,-6.053459986286836
train:7316,-1.0205372068229766,-5.200857926863081
train:7317,0.35542542461798415,0.027903925214940395
train:7318,7.734225188076447,5.68968056738454
train:7319,-2.251110342877979,-0.1445667170069196
train:7320,2.3693809706504108,0.33738658000999844
train:7321,-5.265306382864006,-1.5578167007936203
train:7322,-0.07977754623900982,-0.276321964053009
train:7323,-16.196904790782085,-4.7098610757782495
train:7324,0.22306811932605605,-0.3324236129095686
train:7325,2.3066907025867622,0.13870743506027874
train:7326,1.6924129452073866,0.036343453413287395
train:7327,13.5211954380542,21.42014339734039
train:7328,-3.0575337811707675,-0.3889732167095477
train:7329,2.264724086641423,2.261789818066497
train:7330,1.1339090096403739,-0.1679425466912961
train:7331,-8.798052830832274,-6.102586092177332
train:7332,0.10224178881262151,0.0267335359296495
train:7333,-5.38460860092524,-2.7094883171684616
train:7334,-5.568399383996699,0.16111859234739329
train:7335,4.6757758404357395,-0.14579645318917306
train:7336,-1.4243929515239837,0.08450488690652172
train:7337,0.49867072519587363,0.012415526394186874
train:7338,3.2857415818794706,1.9672137913089873
train:7339,-2.016406323568671,-0.4265283896220608
train:7340,-2.155399614245023,0.5138163450311506
train:7341,-0.27457034536327235,-0.25613945393981136
train:7342,1.4802192520509512,0.30702807431905826
train:7343,1.0867725224318696,0.04817716760330199
train:7344,0.6565130085120374,-0.07370481010387811
train:7345,-0.04442459968703091,-0.06460247978224229
train:7346,-2.81398774777706,0.02447721255859138
train:7347,3.470171160195137,10.59336116037102
train:7348,4.800383685372445,11.851107936704352
train:7349,-2.45154908774144,0.4145837681637954
train:7350,-9.397280893050487,-2.568180787605977
train:7351,0.6498089128632202,0.06352119368432924
train:7352,1.0704301269966763,0.0013875604590873197
train:7353,1.5075412313187644,3.8233499086052425
train:7354,-5.935731754906067,-1.7919496249244617
train:7355,0.7968785001805867,-0.08146470220335555
train:7356,-0.6261029945993117,-0.1630809516079047
train:7357,0.10119770262653752,0.20820550461966092
train:7358,-5.867228636086721,-13.937690111976526
train:7359,0.5712755696644358,0.23287526785079368
train:7360,-8.38405772260803,-1.1555209202598664
train:7361,0.6093153847863473,-0.3629059481835942
train:7362,-0.6340312153412868,-0.04595499998471139
train:7363,-9.367077128978293,-5.489698703736721
train:7364,-0.7396455948418651,0.22008059044457728
train:7365,-0.1507472794456517,-0.40118184350825864
train:7366,-1.9087037716959245,-0.23267945437753118
train:7367,-0.1928087383530126,0.04458553905058581
train:7368,0.13276866983876495,-0.11140806493717764
train:7369,-1.883566202511743,-1.3040807547598265
train:7370,-23.66709353549989,-8.523376834015961
train:7371,7.191458442916136,4.695250266441777
train:7372,1.4900582795277835,-0.34042174856175644
train:7373,11.72999590646958,3.06580017899404
train:7374,0.6837654827660158,-0.1571528243089069
train:7375,-0.8045821068810519,0.21431081664468637
train:7376,4.707198150603327,-0.21342338356451385
train:7377,-20.182750937065972,-7.8965674624484645
train:7378,-1.7176836535818034,-6.286531228669611
train:7379,-1.1469526470358677,-0.1324690803183935
train:7380,13.491409168981493,16.173746457903047
train:7381,-0.9714197104910595,0.2659003894023698
train:7382,1.9267329435038016,-0.11857049356434912
train:7383,-3.8554234450057288,-0.4135348430466958
train:7384,6.436720002218829,7.353935327327871
train:7385,0.2820323142567335,1.1985893743474083
train:7386,1.0094193697188358,-0.30554403373143973
train:7387,0.5372786682569567,0.747881647938049
train:7388,-4.068823363970823,-0.0773609213427171
train:7389,0.16314805611146962,-0.05002083306988819
train:7390,-1.757513513382762,-3.759944086095241
train:7391,-7.774667515959037,-0.49283599282646423
train:7392,1.0267248396433857,-0.18272049467821871
train:7393,-1.42684166662678,-3.3735281656448977
train:7394,-8.797016996913719,-5.297188212211669
train:7395,-5.913207946175259,-8.583965450668837
train:7396,3.3173340514789214,9.546113833061279
train:7397,8.409106784584106,0.4378859848702087
train:7398,1.0356228761636848,0.015410262117837109
train:7399,2.7787371422322193,-0.052832962956730484
train:7400,-0.03564744145166196,0.1944421603135024
train:7401,1.1321967222426905,-0.8008418229163381
train:7402,0.9024189579607653,5.151271822702247
train:7403,6.933951432529479,8.397512847961012
train:7404,2.078702518067403,-0.09859912144996066
train:7405,23.944025048281528,11.66406135420254
train:7406,1.33076720022926,-4.508049384762413
train:7407,-10.076877207586902,-14.246201531977063
train:7408,4.146763649351036,-0.060027632926963365
train:7409,1.8412180657464612,0.14662282744266295
train:7410,0.8639229435423628,-0.1443972359646322
train:7411,2.607813387675093,-0.20436385148587988
train:7412,-12.84573379885569,-3.798626279406803
train:7413,-14.90271027518211,-3.2969224492093865
train:7414,-0.6420965864450096,0.3553430108438593
train:7415,-3.3879913014292384,-0.9632905432352621
train:7416,-0.36458840415074045,-0.6009132545925839
train:7417,-0.6723705529057608,0.3083140188604542
train:7418,-2.8514172437891943,-0.6958973925379546
train:7419,-0.13599652558145187,0.09952678487855496
train:7420,0.22760756384166295,-0.27046031669147413
train:7421,-6.851005391403717,-0.04222242255170908
train:7422,-1.7091849803182542,0.18788718141533733
train:7423,-2.029768023218255,-2.0070655777598563
train:7424,1.897453433394841,0.29541263116835315
train:7425,3.0110619514525667,2.7964537164861274
train:7426,1.0083996916479778,-0.16819248843042695
train:7427,-0.3856565593811012,0.2514845145512429
train:7428,-12.539964738461236,-2.7393158393245587
train:7429,-0.4526556733860285,0.2665121189556764
train:7430,9.669273133143285,3.8781932891175472
train:7431,-20.273361299449597,-10.75488521313836
train:7432,1.2005784978606262,0.3839744647688643
train:7433,-5.664148003322816,0.10771294747833093
train:7434,3.772813657258224,-0.36468036333845133
train:7435,-23.005954405239347,-11.316571636867746
train:7436,2.847849766557502,0.23473813270785468
train:7437,8.12190369892196,0.5537722140544481
train:7438,-3.1674600285697476,-0.1111193194577251
train:7439,-4.259117863688003,-0.4849228830170402
train:7440,9.527495922581696,1.8867816266274897
train:7441,-4.902143382951766,-8.887091710413259
train:7442,1.6974180035782145,-0.3110159317600377
train:7443,-2.678379049078752,0.07176812978916786
train:7444,-0.24603167966598927,-0.13390453338867592
train:7445,0.8699866167392906,0.15391821594476018
train:7446,6.095707018187074,6.833483013479439
train:7447,3.856971908725464,10.726007181514788
train:7448,0.7964138161583264,2.982993282469179
train:7449,4.191735485426331,-0.10550904044342113
train:7450,-9.7806128997198,-16.51783069601912
train:7451,-0.17620680329257993,-1.822287016815521
train:7452,0.771759411426505,-0.09685323845710472
train:7453,-21.159936571438912,-4.645357846498804
train:7454,-3.9511446342594962,-8.219291893628299
train:7455,-0.2585990695086386,-0.011057883284233877
train:7456,-0.05882515521229373,0.05256655540557286
train:7457,-4.925511015094683,-0.16958257536312743
train:7458,-1.7191887044583036,0.011856866662202578
train:7459,0.7222045449155571,-0.14072799993127263
train:7460,3.191488133954643,0.11801876439317908
train:7461,1.0518224260102444,0.12001145058734575
train:7462,-0.17219387669113984,0.05788723297556424
train:7463,-7.436332915771446,-0.11464675064593849
train:7464,0.727058040513742,-0.2634065956015274
train:7465,0.6826810650752484,0.4031874520172598
train:7466,-3.2495401033691502,-7.960055517403905
train:7467,-0.10205006761210711,-0.10270432891869916
train:7468,-12.19125785159368,-4.950221714909102
train:7469,0.11139169383623176,-0.07363176776915492
train:7470,7.108266287895376,12.49148263937372
train:7471,0.6924438462492785,-0.13927970738808967
train:7472,-3.1030054024625997,-0.9378789437920971
train:7473,1.9051980121270184,1.1344992907737412
train:7474,5.757374277665405,8.080250043231455
train:7475,-0.13500102316758017,0.31712132662699716
train:7476,-1.1918570702214892,-0.06525358371911061
train:7477,-0.5675234018271285,-0.20185844234055095
train:7478,0.6870899842889547,0.7329547620654799
train:7479,-8.240375284309351,-4.875426934795809
train:7480,0.8144558300171094,-0.02943316625627293
train:7481,-5.574210840002955,0.15708214738907778
train:7482,-0.5500524216355202,-0.3582489287017517
train:7483,-0.5428484245410448,0.16082813493822068
train:7484,-4.392513559939129,-3.435487752681932
train:7485,0.9215560825893673,-1.207644900411833
train:7486,-0.5049468058429621,0.08205226226089507
train:7487,5.397631203383727,1.7271210691793268
train:7488,0.8075906408077987,-0.11714502675076713
train:7489,3.6530748826218002,4.460254815053638
train:7490,0.3241528175571179,-1.0651392340365111
train:7491,-3.976074385776894,-5.610726428513583
train:7492,2.311808038287631,0.23650855336003168
train:7493,-4.058097740765676,0.10887848629608161
train:7494,1.0517023613291552,-0.3813956451252582
train:7495,0.1662654373423456,0.10570200070048348
train:7496,2.98983014562107,0.4757344684080945
train:7497,1.008703514567985,-0.0703240342283511
train:7498,-3.088334498003926,-0.20984316787659818
train:7499,-1.0130794815592679,0.7185020807253715
train:7500,-7.895517905900338,-12.712598965696852
train:7501,-11.962973631505362,-0.8202123076989805
train:7502,7.2228114805281285,8.267860421254413
train:7503,-25.061253462904123,-9.945342180677157
train:7504,15.542504451829583,2.628857794142179
train:7505,-0.1371474263289309,-0.028761804484383743
train:7506,-0.7381185766616611,0.009111502034443206
train:7507,-0.23395524162674852,-0.08510968589901405
train:7508,11.269200445652235,1.2837310576888308
train:7509,-2.65119817196277,0.16034651204363973
train:7510,1.035630431056493,0.03075657077182445
train:7511,-0.16624503786489564,0.014391378612772801
train:7512,1.3885486476335442,-0.1893861783649486
train:7513,-3.3770959837087093,-0.33780021351708245
train:7514,3.6235731424351605,1.1896088763575179
train:7515,-0.00851398581669166,0.2580155264333269
train:7516,-0.11978895592560379,-0.4302384266470822
train:7517,-0.7369123508530027,0.1857752307840055
train:7518,0.42403872864320924,0.06614529662358334
train:7519,-6.322416739232749,-5.872140379341912
train:7520,-3.290648483491485,-9.905505576091024
train:7521,1.0407801946818769,0.3592650418325498
train:7522,-3.1878326687452794,-0.3819018056791602
train:7523,-0.5976040792611115,-0.475468751137929
train:7524,21.45498308996677,9.55232243151275
train:7525,-7.84072377934151,-15.769521107072023
train:7526,0.17537954379695733,0.1499536720346878
train:7527,-1.2192959759841484,0.1177822327701888
train:7528,22.19385067676923,7.84739393335017
train:7529,-2.149047925288425,-8.427200622342179
train:7530,-11.391528978161858,-7.576237450303775
train:7531,-12.91318202218078,-7.119052352476894
train:7532,5.2609229772090345,1.7396461176546314
train:7533,-8.883060019792907,-6.233388365012581
train:7534,-0.22588894069006477,-0.022997737116893083
train:7535,20.215275856048493,7.0597818618896
train:7536,3.865988963864771,-0.029802372432568988
train:7537,8.968209765036242,0.6448622825298891
train:7538,0.8937968493716433,-0.14711121521419024
train:7539,-1.8412406710434577,-0.1271729404077232
train:7540,-23.38669682711227,-9.589683074899291
train:7541,-0.6353971399609973,0.24861075519447795
train:7542,-5.710709388844941,0.1557425623831195
train:7543,-2.320199953837477,-0.16032331815048478
train:7544,-6.011452702085184,-3.7725578695943693
train:7545,-2.5068220782751833,-0.44876493007772783
train:7546,-6.906653569537225,-0.40125631245108184
train:7547,1.7573933918539808,0.4223530758767332
train:7548,-0.47401858566502664,0.09809190245151256
train:7549,13.482511597377675,3.9224928944839137
train:7550,8.68590596924561,0.39531314594815736
train:7551,-3.478183238980414,-0.42480675896690595
train:7552,5.011380451049832,0.3769809465407402
train:7553,0.4379969161372758,0.6899622150403903
train:7554,7.12249180236573,1.0596708427092874
train:7555,2.3551545263470954,0.09415731731154146
train:7556,-6.140424718024348,-13.504567327651772
train:7557,4.031400203712603,0.3566206810582748
train:7558,1.3005620414076229,0.8706678098590483
train:7559,37.297441745849355,10.21899066275274
train:7560,-2.4564600005249666,-6.42379204169546
train:7561,1.3893678304721857,-0.5582939082464706
train:7562,-6.552210078216771,-1.4508190960376275
train:7563,7.052471661070511,0.6613664263178869
train:7564,1.6305037368309785,1.622997223780099
train:7565,2.2803596927971355,6.453211494116063
train:7566,0.8316602968362707,-0.17342642822793458
train:7567,17.167434042826887,10.564507155582405
train:7568,-5.3797423201238415,-4.42150477501539
train:7569,-10.994878973992128,-2.9761909895453393
train:7570,16.0493285038824,7.027158758500621
train:7571,4.877722541903704,0.6419782515948038
train:7572,15.314660042731818,10.736505875844763
train:7573,4.7926256240623335,7.308126941234879
train:7574,2.669084265723774,-0.06893366197403064
train:7575,1.9147539054672258,-0.03813005455587112
train:7576,3.09538106402206,0.6898215514817243
train:7577,-9.45533966313539,-4.604675263309335
train:7578,19.53540059162378,8.949259807735645
train:7579,10.325001565403765,2.4603944940733937
train:7580,-8.964621247800071,-1.879912283122947
train:7581,0.05675459281869266,0.008179926945102695
train:7582,-1.3495025776372813,0.03585555344306618
train:7583,-10.412295851608793,-2.0170974859194923
train:7584,-1.204078329744406,-0.8661721995721989
train:7585,3.7099936774965157,0.2941409527079578
train:7586,0.6829263085187124,-0.12249280987465969
train:7587,29.62704322763473,9.02940037372149
train:7588,6.181107061573731,0.41942852927160607
train:7589,7.356370827380391,3.0113770772280133
train:7590,-0.5447019303196802,0.0750738660786316
train:7591,1.5748987959301575,-0.03405680310857401
train:7592,7.383144437659454,0.35828952721372737
train:7593,-1.2205842595516154,-5.664975198769783
train:7594,1.1799101708034962,-0.4296903238150383
train:7595,-1.1533552443470807,0.20191387757676732
train:7596,-2.9889678986265533,0.06725034725789139
train:7597,2.7065449111401017,1.072656685600912
train:7598,11.626282337999527,8.450301342165988
train:7599,-7.678359137190397,-2.6898188153280462
train:7600,8.113155830424862,12.456515904197959
train:7601,1.0659183450116592,0.5024676775951571
train:7602,6.705160453477416,2.3297993647342747
train:7603,-0.3329819870568749,-0.23280528121195665
train:7604,14.368597777229503,14.130739801544523
train:7605,-7.966365598530848,-10.932513899606805
train:7606,5.097885600910638,9.490435030845578
train:7607,-0.6196067166172783,0.15473537706447574
train:7608,-10.994018878503203,-4.639155525122974
train:7609,9.817275575378776,2.5316244658662512
train:7610,0.26648411239935516,0.7561750914669496
train:7611,2.670278171245699,0.053129780283477354
train:7612,-2.292701771223554,-0.60197037119473
train:7613,-0.9281197140796452,-0.4244535308013306
train:7614,1.9433927606660566,3.886632817315894
train:7615,4.874366774747451,0.19518627909849476
train:7616,-5.504155365055217,-3.101285403372239
train:7617,-0.07561259194844608,-0.27127205670040944
train:7618,-1.8171742694303492,0.6304478342868622
train:7619,-26.176930278154476,-9.70807785176668
train:7620,-24.480078107623743,-8.941059724195364
train:7621,-2.306435171599299,-0.17004165784972736
train:7622,1.6766634345139515,-0.09989276967509692
train:7623,9.88160513895267,0.40185271747884177
train:7624,-6.7851862354263,-0.8816854213738936
train:7625,3.970882955278814,-0.12586103159890616
train:7626,0.7403565115219783,-0.14060188777522717
train:7627,-12.222009287279905,-9.456012749139678
train:7628,0.5030736004953336,0.4032499374520425
train:7629,-3.823346997350077,-0.23463133958003607
train:7630,1.585605590017844,0.15230301025386994
train:7631,1.0300954841270142,5.715362937045097
train:7632,-0.010109230490409016,0.08036372891366164
train:7633,-4.761496849270754,-1.6965377898706928
train:7634,11.322704893894153,2.6716366352738796
train:7635,-5.750898629085326,-0.30960244845449625
train:7636,0.8946433460535146,-0.08692604333201304
train:7637,4.791216927126417,0.46810268571600266
train:7638,-1.6765437753679149,0.11208436001854102
train:7639,-0.09144485777541017,0.3996714336938469
train:7640,-13.027132121718493,-3.711071631124936
train:7641,0.6671415804018795,0.19274278474470852
train:7642,1.6270473152566978,-0.10474922896932809
train:7643,0.13992268841158656,0.050249458529452104
train:7644,-2.3680951847421583,-3.3262212704036003
train:7645,2.3995782258918794,-0.1550785361314167
train:7646,-1.1848970380501567,0.09940238465222954
train:7647,-9.24660518105212,-13.143442600920947
train:7648,-0.2970462676965886,-0.004836730681483353
train:7649,0.012298000432913292,0.16668464651059534
train:7650,0.8566604832004644,-0.22485051444601079
train:7651,-1.2334080508332605,0.49217669740454956
train:7652,-3.928783081380383,-1.3479963172256562
train:7653,2.09077500431656,3.116967761075725
train:7654,0.29027156412416333,-0.044747518888818894
train:7655,-16.737740272882395,-7.935856249524173
train:7656,0.25753098327611673,-0.08079048721526624
train:7657,-3.7254486042181254,0.14671755422050708
train:7658,-5.79655807663528,-1.581542620105752
train:7659,-1.1949078521665335,-0.17218927368356074
train:7660,13.229491031027848,2.1914691662766193
train:7661,-0.09491336717818416,0.12057924061117042
train:7662,4.040733866975131,0.16858460317825796
train:7663,1.7461263734072912,-0.3606898551609578
train:7664,-2.047405094822522,-0.4510631957269277
train:7665,-2.8068719685847596,0.00330634835367076
train:7666,-30.597938250186832,-14.07257647848063
train:7667,31.805234588423165,21.0170387300139
train:7668,2.241367612494039,3.453077770736821
train:7669,11.67067814255548,3.453844429929794
train:7670,-2.4476419296393135,-0.2608087422513144
train:7671,-1.5070548692987327,-0.2605031627962811
train:7672,3.021836390888166,7.365145043134919
train:7673,1.5428355983942001,0.08079998567066062
train:7674,-0.2428667607249821,5.754099912107701
train:7675,8.08399533893491,1.0906524908183346
train:7676,-0.08777225003769645,-0.04216649951418666
train:7677,4.051280497335285,0.5565252823659478
train:7678,0.7557961553811599,0.361040883595507
train:7679,0.49484225420807215,0.8664887040907268
train:7680,-1.627775780000214,-8.32834467001324
train:7681,20.561990110880625,7.041748964861576
train:7682,-0.827828860739038,-3.377233637523999
train:7683,-0.6509911360917049,0.13725486269279558
train:7684,2.6956365757581184,0.074922074976785
train:7685,7.447477720565192,1.9008251567645005
train:7686,-3.025844608943373,-12.90066585831183
train:7687,31.85000418582944,11.245259432629448
train:7688,6.068137935809875,3.6484705812672376
train:7689,-0.5095823718409125,0.6815689089444854
train:7690,-0.012851772808881473,-0.11712248634278616
train:7691,2.701375039876936,0.5140214912759395
train:7692,-1.8132271285109,0.22846134238920174
train:7693,-2.9684920469923504,-5.122342552824826
train:7694,7.459457688434728,10.441196857845442
train:7695,-1.7154116067415974,0.3633999227497696
train:7696,0.36271624486519305,-0.02281484595846514
train:7697,-1.5777952824513677,-0.05040259339746481
train:7698,2.761342292114293,8.950825652786273
train:7699,-5.527498356624667,-3.1161743414693466
train:7700,-1.4573752889418907,-0.05037434655708356
train:7701,-4.887328819300618,-0.3018308581685983
train:7702,-26.900587657380882,-17.04527167762814
train:7703,18.259474504208594,7.109746813342933
train:7704,1.2018263336942896,0.033424613240560466
train:7705,2.1670455990047484,2.082045757107281
train:7706,5.657975134134398,0.8026428558237904
train:7707,-0.038013866337409496,-0.5376999643572151
train:7708,-2.2997478129437794,-1.0458994265558343
train:7709,1.1652583279205229,-1.0597535031371568
train:7710,0.48564527639081123,-0.11952289713195052
train:7711,11.682898937161918,20.57048300381896
train:7712,-0.2661971995494583,0.11797910468799735
train:7713,-1.1219717547056152,0.39981951561463336
train:7714,-8.553417498124753,-3.8447428128494088
train:7715,0.13389365149245605,0.5171720126041165
train:7716,1.8140141752646954,-0.33615162519665076
train:7717,-2.633978130441512,-0.14909876561919666
train:7718,0.49291540785463783,0.9680569237395034
train:7719,1.694213566736365,-0.09341425697109518
train:7720,1.9922052717867653,3.211920228321274
train:7721,-3.635180420364148,-0.6841475629042235
train:7722,-0.886745401730464,-0.44108977849939407
train:7723,-9.976021945638966,-5.377120493414905
train:7724,-0.7303177430353432,0.040499162808768106
train:7725,-3.4998618295496717,-0.17848575119399457
train:7726,0.6891847817209699,-0.19573458441022462
train:7727,10.205264185516782,3.980852007998011
train:7728,-0.09139720383615887,-0.0018297261281725874
train:7729,-0.4668830475223049,-0.10821388940113877
train:7730,2.793793462453228,0.3438633807842801
train:7731,3.3784259366826093,3.9789414944304085
train:7732,-0.5164190849157925,0.09543755542053713
train:7733,1.2167252796866492,5.754544443191681
train:7734,-0.054378461534546674,0.0862544790804378
train:7735,0.8322500433917855,0.6795528263774777
train:7736,0.8198284048657731,1.4520031209418032
train:7737,6.931534796663837,0.8066082556987229
train:7738,17.75861812009948,10.616562373223948
train:7739,-0.7198238806957262,0.208483978520793
train:7740,-0.6528445256412201,0.2283797404058782
train:7741,3.161003560328225,-0.20697112044955324
train:7742,-0.9752308633399623,0.06578179687968753
train:7743,-18.273000492452606,-18.83603005487961
train:7744,-4.481211720838456,0.06783810979511695
train:7745,0.5122491921544914,0.02127932784149232
train:7746,-5.880137972000778,-0.32425542557185344
train:7747,-2.6989353312640816,0.12094730550098644
train:7748,-1.2025561931872475,-2.293612083486977
train:7749,31.861861415748123,8.784543636502482
train:7750,3.8383394509364455,0.5112401761240586
train:7751,-0.3343785961642984,-0.043384252188399614
train:7752,-2.070113475396089,-0.5914023437110905
train:7753,-2.7205455791107056,-8.965405076744544
train:7754,-2.094227298490208,-6.181907785113742
train:7755,0.27191433689160105,0.1772937603075167
train:7756,0.29160610688144006,-0.17918792770084507
train:7757,-0.21372997997553517,-0.045966698171131914
train:7758,-21.10706998860824,-7.004113391071096
train:7759,6.216427231513834,7.790270262450726
train:7760,0.03009825772183601,0.29255142596286876
train:7761,-3.460426218924178,-6.584236948277037
train:7762,-9.158633684611814,-4.140548575789173
train:7763,9.930170314505753,5.636918322768606
train:7764,0.10290406233909447,0.020584569696762117
train:7765,2.8456488519388126,-0.36700744647127254
train:7766,-8.575342029512196,-0.6193801258046472
train:7767,24.95956815196168,10.58348446717267
train:7768,-4.190013142942889,-7.014024322863847
train:7769,4.6323684483173295,8.361671887341533
train:7770,-1.0345721055363257,1.299510413231592
train:7771,6.164094837719257,3.835993936196092
train:7772,17.79387924564656,4.8592634052032295
train:7773,-12.586481492001234,-4.930743378554094
train:7774,-0.41798080752085964,0.03268819813930844
train:7775,3.956661625056784,-0.1317235349253011
train:7776,-5.853280676755225,-0.9118852882441069
train:7777,7.056904174795603,0.5961789957936521
train:7778,-10.831715605327515,-4.7766360357962325
train:7779,0.18845938783023833,-0.03668290329916821
train:7780,-2.4214522544597594,-0.40103090837127203
train:7781,5.342642276819569,11.728772297621353
train:7782,-3.737718215055014,-4.193442924315172
train:7783,7.907096012853909,0.4198664979583251
train:7784,1.468117243605283,-0.20627037055080277
train:7785,-8.56792382214933,-3.3468089372172156
train:7786,0.697687058087243,-0.07709528691448556
train:7787,-0.07789068270289853,0.07404299906552678
train:7788,0.9002787149427812,-0.025298285339053123
train:7789,3.6674129068804358,2.212513633003874
train:7790,2.356308913968178,0.12569020679045267
train:7791,-4.873989900558578,0.04713631433349673
train:7792,9.99009061017858,6.879783864688572
train:7793,1.2558194091572155,-0.313989268362187
train:7794,-5.404865011980647,-5.072416975755055
train:7795,-0.00805627554163893,-0.09799366897229433
train:7796,-3.608944718453024,-0.2125577177693962
train:7797,2.1409103190534124,5.290368395031256
train:7798,7.3252902308259715,4.779242103654549
train:7799,-1.1991813644552942,-5.774615167048711
train:7800,-1.6940026677310298,-4.687032492961056
train:7801,-0.6231870384336127,-2.755585163419286
train:7802,14.368191440225546,12.89161197284672
train:7803,1.7759867966586373,2.2651691673339243
train:7804,-3.6733151946772016,-0.1859277950087782
train:7805,-22.02825922240378,-11.893337878858027
train:7806,0.6663843476842644,1.159191594412855
train:7807,-0.43259871150075635,0.08120428640621818
train:7808,-15.043259176402216,-5.968107164946605
train:7809,-0.45061329528718985,-1.3925193294204923
train:7810,-0.5743573254031255,-4.737203446624038
train:7811,7.22401096504782,11.075544426613668
train:7812,-0.9137740186990816,0.4569528874491578
train:7813,-1.44746303711938,0.05697020928884436
train:7814,30.626717802002442,13.706396934110792
train:7815,0.7992207494093482,-0.11484590513670714
train:7816,-3.126333516704673,-1.8007663483044651
train:7817,-10.01554914481112,-1.5003306714367606
train:7818,0.33056355090673933,0.6801856697306652
train:7819,-4.936403543316329,-0.002117044999525086
train:7820,5.357346190348358,4.790643555590245
train:7821,0.48268887249130854,-0.18562392748346496
train:7822,3.5590687702645987,8.932730555645087
train:7823,0.8678653190678869,0.382979262958261
train:7824,-1.3075517688522797,0.38968317974207256
train:7825,-2.811723139600542,-0.13981097624455277
train:7826,-3.2545770085188925,-0.488485123442895
train:7827,-1.1585564974726799,0.08470232946757031
train:7828,-0.33421727014556474,0.033290512079154636
train:7829,14.689618887683256,3.0935448533240466
train:7830,13.501291433691012,4.488629764842252
train:7831,9.653446446314089,4.484139087864877
train:7832,1.988129813918698,0.3503886862339638
train:7833,0.3232809829270593,-0.14216059978535495
train:7834,-1.405621948623776,0.013341680372747147
train:7835,-0.4132925897314925,0.09910536484579663
train:7836,-1.0209951495562697,-1.4375838820501121
train:7837,-1.043093094790939,0.2602062258317822
train:7838,-14.247632725994333,-7.830512083556152
train:7839,-0.563773036808051,-1.2869511859807616
train:7840,5.298076777748232,14.048180278864214
train:7841,-8.506048087759519,-1.0133847453824605
train:7842,-2.0242913070779593,-10.694101436497396
train:7843,2.7588931120950164,3.675482834998672
train:7844,1.3809881758276448,0.017088523886750084
train:7845,8.518657844383322,5.797737000672399
train:7846,0.5882323522286104,0.04806817474445725
train:7847,3.839910868640537,8.439247411963466
train:7848,-1.3067012041512038,0.04892157170991436
train:7849,3.775916044932604,0.21524381834212697
train:7850,-1.5423132053469297,0.14335332699894077
train:7851,0.3459203234032715,-0.038283842909057814
train:7852,-0.34599918359440845,0.11287156236815526
train:7853,0.360820315457712,-0.361270199336063
train:7854,0.002052403493883498,-1.9841397002702394
train:7855,33.478487598403696,10.890806666660994
train:7856,-1.189853977565253,0.13245232918474675
train:7857,-5.081046034147242,-9.217920416887925
train:7858,-1.3099161016138647,-1.9090949784178157
train:7859,-2.313253636702319,0.4815972570561095
train:7860,0.7966021073329291,4.189462057253882
train:7861,-0.13511550885090345,-0.09826786304912624
train:7862,-10.033400077996417,-20.60826306998692
train:7863,-0.21687839438148454,-0.08914584553570956
train:7864,4.9922217078048865,3.359325366225044
train:7865,-1.2602605806848888,0.27709013269601634
train:7866,-4.953142396280269,-0.16853544501768186
train:7867,1.792420664411369,3.4298223467760898
train:7868,0.1396337428189555,-0.043629343459990255
train:7869,1.3868537946038795,-0.5129420367454987
train:7870,-0.14829298534508956,-0.13204452174781503
train:7871,-5.69118289666392,-5.116287457404923
train:7872,21.2315163344494,14.56827251682819
train:7873,-0.2794528982414886,-1.2724217531248698
train:7874,0.7564849291470213,-0.22819762237037633
train:7875,4.107801788619172,1.4018099121924605
train:7876,-1.9800535741253755,-10.241011845204174
train:7877,0.10747314528033328,-0.15433099348698417
train:7878,-3.692181505455912,-10.254600002035644
train:7879,-15.606209805646976,-6.058700773803224
train:7880,-0.14131249684861474,0.30650336785985544
train:7881,-0.15299956733543635,-0.18613208528870706
train:7882,3.42608824443056,1.0029329266401
train:7883,8.605206696393294,0.3801394568742775
train:7884,-3.4262432346953786,-0.046044590973395305
train:7885,-6.437332470300461,-0.06658774761428862
train:7886,0.06933395426071487,-0.1144490227632699
train:7887,2.2257994192279993,7.372026429966378
train:7888,-0.9456958816249666,0.31539741339888216
train:7889,0.020839852814588958,-0.2396059220249524
train:7890,-9.381071115041358,-7.0047342509162425
train:7891,0.5105357424656068,-0.030738512667829704
train:7892,-2.368738629151171,-10.000260886097145
train:7893,-4.800378744367973,-0.1250712613547118
train:7894,2.6043655670557015,-0.11027505278410837
train:7895,2.3446283523120837,3.204540955262893
train:7896,0.42581284993279916,-0.007265958954268986
train:7897,-0.09869941453714001,-0.16552244871035082
train:7898,-10.365510376343067,-2.226198003040165
train:7899,2.5525366778095053,-0.2813373474895871
train:7900,-0.6282153426284658,0.310930988759208
train:7901,1.3062872554067462,-0.015986243626708183
train:7902,-0.9085060500585304,0.39394759667477797
train:7903,0.7777992576538071,-0.15264531335595088
train:7904,-2.5340248064657485,0.023362746310822927
train:7905,0.48198301304478863,-0.053606755190204136
train:7906,9.45744044763396,2.5032321114588165
train:7907,0.6127769204419137,-0.2530422877545767
train:7908,1.3076952549679421,0.0030683901225804083
train:7909,8.31453161445477,3.730648058298351
train:7910,-1.900756489378249,0.04333725696303152
train:7911,-1.4213547223239131,0.08198549700181217
train:7912,0.8510847398498219,-0.1421825695500959
train:7913,0.622311427624018,3.06258517497974
train:7914,1.2963452489294833,0.2479034428984672
train:7915,5.66225887458573,4.451045489124498
train:7916,-0.595993841030898,-0.5044694112392301
train:7917,0.14672185948066616,-0.00983528014248071
train:7918,-5.308523624141891,0.15490685535810317
train:7919,-0.5594367607944228,0.06475406840440284
train:7920,-23.10547070772344,-8.190739759113656
train:7921,-5.56887452863977,-1.2643502898163388
train:7922,-6.2649697992361855,-5.255995188643998
train:7923,13.450179445657747,15.450793971969688
train:7924,-9.640829251026597,-1.569217582086076
train:7925,-4.294090741017173,-0.16521886650665762
train:7926,1.90231994665448,0.31483532980745776
train:7927,-0.25558734054795634,-0.2658312587283928
train:7928,-2.5878695735713944,-0.05335453087811318
train:7929,-0.0127747129022385,0.12204664970289425
train:7930,14.64947613909092,3.0183685982047974
train:7931,-14.842484994298076,-9.322412612498589
train:7932,-4.846099095976872,-7.681605583287877
train:7933,10.728486771669813,5.18262524488217
train:7934,0.8653876629141796,-0.22412636817441928
train:7935,-1.013075762227424,0.1747464088840459
train:7936,3.747396208352781,0.5458111702128619
train:7937,-6.552000865800546,-13.29572902109989
train:7938,-0.3963589367622228,0.5209759204421218
train:7939,-0.2574302694766603,0.07666082492914061
train:7940,2.7204394050763394,4.4685941953633606
train:7941,-3.4102780027549913,-3.6179463635339464
train:7942,-1.2487765624709257,-0.03881910626820109
train:7943,0.046616159128418225,-0.013074536494481578
train:7944,28.062110178613057,15.702049331839094
train:7945,0.576670809191524,-0.017047925374774356
train:7946,-2.61830533096736,-0.05421477556245058
train:7947,5.589464111734883,0.3374716058527621
train:7948,0.1272232622884751,1.6128046795483957
train:7949,-11.838643806623995,-3.6651890614107407
train:7950,0.07627724943874961,-0.13830248083954716
train:7951,-3.980172159636026,-0.07829563496987774
train:7952,-20.11077814655265,-7.868371409315598
train:7953,-7.6488039316085,-5.387515901318437
train:7954,5.882421933592664,13.381082353264485
train:7955,4.752563306021124,1.3604879232525435
train:7956,6.1548973949855155,7.633944258775648
train:7957,0.9043079136210389,-0.0157012073283158
train:7958,-6.108430095669264,-0.6350770947296296
train:7959,-0.38210668959423966,-0.11602114488953827
train:7960,0.16756755217510738,-0.010244431345578509
train:7961,0.687667991703337,-0.1319189802350096
train:7962,0.17956751145330585,0.007317685009425201
train:7963,-8.298502862033368,-6.241854998764829
train:7964,-6.843041372092744,-6.445535831713366
train:7965,6.0023025077556404,0.32920983302368284
train:7966,-0.8731949459897964,-0.2308876346038533
train:7967,-7.129708873969353,-0.7695095145362956
train:7968,-6.188040999040728,-0.24094436574443062
train:7969,1.6383375795274122,3.505834594241975
train:7970,-0.27183733383265013,-0.11514492219448016
train:7971,17.515388694828992,10.857518763897387
train:7972,9.870678671827948,10.016158946945358
train:7973,-0.007103254871172943,-0.0028588812115573348
train:7974,1.881030258721161,-0.16214652330236407
train:7975,5.838826715216132,3.380709080358494
train:7976,-1.3312793625802235,0.007970786197633598
train:7977,0.03135306730270687,-0.09510849675072885
train:7978,8.716924266991644,1.8495942332831725
train:7979,-0.24438517795029674,-0.1929906463905653
train:7980,0.09341058403639435,-3.115998298029799
train:7981,10.125456622474067,2.1924055918335
train:7982,0.7742714713997693,-0.017273614776204177
train:7983,13.653306105153222,5.070790012058867
train:7984,5.730374717976819,3.5442705549954665
train:7985,0.3640486954983075,0.1695079039406181
train:7986,2.1639036934295257,3.681207242660981
train:7987,5.696170347589916,1.2579442603153494
train:7988,-24.86184520541969,-17.28055473320925
train:7989,10.949493189172376,3.084940409229332
train:7990,0.7480773795136503,-0.03566944090488414
train:7991,-0.6903253949244499,0.22397180669830652
train:7992,-3.559813274626692,0.05417063355328262
train:7993,-0.4883664893988727,0.08220605061408176
train:7994,1.7184731411471215,5.179332633387228
train:7995,-5.1907454023037385,0.06051504509587851
train:7996,3.126281272982045,7.832298137078553
train:7997,-9.37216517494089,-1.119591795259804
train:7998,-1.6798943122137615,-0.086764551295086
train:7999,0.6174239931227565,0.09761798324067195
train:8000,1.7360183917464895,0.12659467632589202
train:8001,-0.24132649242508397,0.08363408532224385
