row_id,pred_displacement_m,pred_v_final_m_s
train:2,24.298350915732414,9.818052157165384
train:3,2.661533324705725,-0.15834498720032497
train:4,-1.0830946250023223,-0.0024640674198651707
train:5,-0.8872132239389677,0.03850134082544123
train:6,1.5637055829747477,-0.22232163759743578
train:7,0.665254484407528,-0.3428282937657511
train:8,-0.4841413284240842,-0.07534537375374695
train:9,-6.510888766346367,-0.28167138777621664
train:10,-0.9002538987587666,-0.05308194173539382
train:11,-3.1096990374906053,-2.089448058374949
train:12,-0.6534720466607756,-0.28322795987419436
train:13,-5.842057127999462,-6.06342912369007
train:14,-1.050929610757135,0.13810490712921755
train:15,29.317890505095196,10.354542399274715
train:16,-3.1904754864786846,-8.902054546809948
train:17,2.7584284280727562,4.821845757311562
train:18,-9.972134314029022,-7.219498116872542
train:19,8.079796213283029,10.178128041621042
train:20,2.5699054926045237,3.037177284717635
train:21,14.201607216097411,2.4674323798134297
train:22,-7.99858245096361,-4.996635553479759
train:23,5.718487268486902,2.4372770231159384
train:24,-11.949412947602124,-12.359850140443113
train:25,1.0993969807725001,-0.11642298472612322
train:26,-29.612518015111267,-14.465462066664756
train:27,1.200722040823981,-0.08953791310680911
train:28,-0.8146935173008972,-0.6857904447922549
train:29,-1.5899302999671518,-1.7089271679156814
train:30,-9.906772635868418,-1.3249446129016138
train:31,-0.0005413655508288151,0.10386210423383348
train:32,-0.2618955598136274,-0.33676984581681263
train:33,-1.9238279697230865,0.01675416261329804
train:34,-0.9918075766813278,0.05543610626844265
train:35,17.37621687622413,6.989032942348083
train:36,-1.1425230390387795,-0.09493459322333131
train:37,25.712866746318877,17.688371712592993
train:38,-2.4927444072456284,-0.5355835199103682
train:39,0.0919910777923062,0.028497679506186216
train:40,1.1696739884231966,0.33237711699703554
train:41,-6.320177236546178,-1.664072041355151
train:42,1.764153161251338,0.09197510623128156
train:43,17.513832154452277,4.4352931678052325
train:44,2.1715743504413036,0.042446696856567795
train:45,0.9936874096225395,3.377510054354915
train:46,-2.024780631673686,-2.3102694449849213
train:47,2.7725695602019,9.650906757659437
train:48,-0.6792952514245755,-0.48277540984401673
train:49,-1.1392656017181526,0.04733899967931304
train:50,-6.138601315587825,-4.780975206993381
train:51,6.018691278609763,14.941983350861001
train:52,1.4484260547610446,4.235891017870402
train:53,-1.71919463214343,-1.6805460837122375
train:54,1.1450245815435403,-0.8016376562449576
train:55,13.924484449565478,5.521856673066202
train:56,-4.9264180671481395,0.04030286153419957
train:57,-0.5336544686809072,0.12814978615056713
train:58,-11.254314457939902,-1.1534105388974447
train:59,-0.8006971485408696,-0.9166357505565033
train:60,-0.5596028522070816,-0.06268497583494892
train:61,6.505386306722831,10.006696540739268
train:62,-14.152667026021378,-2.229129968007413
train:63,4.859524316107472,1.5492060624652
train:64,5.501220639153485,0.4311473301791606
train:65,6.325663542855752,6.809767651067248
train:66,-0.08977022861264736,0.0998798703833203
train:67,-33.88805176072909,-13.168773454345649
train:68,-0.9762068392616531,0.0856978522649961
train:69,24.276284119901938,11.189747258239834
train:70,0.7806307152491753,-0.17379961107430952
train:71,-2.839940083093319,-0.3200813129318819
train:72,0.7038932281854442,-0.08704288253540812
train:73,-0.1729513418669953,0.38478591945617957
train:74,0.6255640995507197,4.237765580913883
train:75,-0.024401460475715175,-0.10273453734521798
train:76,-3.466766052510523,-0.19636696411577964
train:77,3.9719259954028168,-0.0918297946847613
train:78,-0.2766120842019503,-0.5039816895950213
train:79,7.077282858885381,0.4022093695038573
train:80,-0.5549979706968443,0.008075178245355641
train:81,-3.5736945184432356,0.2537611670877269
train:82,6.3855020132280105,1.3555123421819573
train:83,6.62488843887068,5.1376271721900135
train:84,0.13053614089940155,-0.04081503799579539
train:85,0.3508163588594223,0.0662731207093489
train:86,-3.0876708297280113,0.2725906107484207
train:87,-4.700174830409219,-5.04355612324756
train:88,19.998511336514017,5.647766821404717
train:89,-2.154914938814101,-0.12222129068801538
train:90,-0.31238746549102403,4.021582525219642
train:91,3.245402406074124,1.721721785503022
train:92,1.025712600236216,3.391405787892759
train:93,-1.3025403178798447,0.14774182317114912
train:94,0.1955910904119959,-0.031352952776526416
train:95,-2.4821422193660547,-0.023907485102302645
train:96,2.0161420779309345,3.143233042805967
train:97,3.7234011714194293,2.407012388237982
train:98,-1.6299432206323075,-4.2506370696547595
train:99,0.19930751652799678,0.45053514825021873
train:100,0.5958710462323538,-0.08174438872137271
train:101,-1.0664269042598988,0.14717521009900697
train:102,-4.459384356995438,0.1344312842759503
train:103,13.492272983802263,3.1505698029429663
train:104,14.087208007239536,8.23416850307687
train:105,1.8949134784327466,4.868956351278291
train:106,-13.902660048298154,-6.4831081239230794
train:107,0.5370650391341667,0.06537474992353734
train:108,0.20838849768337284,-2.108038331187667
train:109,11.871499746140634,7.20351491054381
train:110,1.2358636828355722,-0.1329265578708809
train:111,7.49143138954819,2.5505150396840324
train:112,0.7095577705838623,-0.3363203929348881
train:113,0.23153448089421044,0.07043895902234006
train:114,0.8902832430702607,-0.029832295537467787
train:115,-4.939258130506602,-9.030818481991828
train:116,7.592764585638078,5.973805548522615
train:117,7.756242237843509,3.9498344093648425
train:118,-0.5071442335880477,0.12478552326379834
train:119,-0.3356101018065842,-0.42024756913552525
train:120,0.41478177659996374,0.26865631093006964
train:121,-1.0153084073959073,0.09981695696610757
train:122,16.560963511675435,7.061845307845529
train:123,-18.46952998708978,-6.388707183369014
train:124,-0.1532620126886789,0.016740324514727442
train:125,1.7425819663890754,0.1219583069962979
train:126,-0.24333876718181024,0.09212636235509064
train:127,-0.1540317981512676,0.22061078934496536
train:128,0.08834822470934452,0.00026974168228370565
train:129,-3.5814084126877,-0.055227881304709625
train:130,1.9271517170236123,9.286891152274647
train:131,12.841670720655783,5.031085796704421
train:132,0.8668359939800588,-0.23774904892191168
train:133,-1.6855289837283078,-0.1048067926061656
train:134,-2.9689597529717338,-9.378054893546928
train:135,-1.8838874597997686,-0.17804899512416056
train:136,1.3764186279699255,2.0873434662868613
train:137,-1.4121003273213102,-0.22861861442070464
train:138,0.9212587685000871,0.3151985442297336
train:139,-2.6969924452920697,-0.1470352483328619
train:140,11.349186536623462,4.4257988055777
train:141,1.38773678722947,-0.18195462011970043
train:142,-1.7071423697611752,-0.8742895996615518
train:143,2.6786031982037812,2.9755061578384336
train:144,5.245785296603938,3.9292324764702267
train:145,6.589071273212921,0.24490849318360194
train:146,2.8655623870898506,-0.33428269725516446
train:147,0.651438096440014,0.11119251596478724
train:148,0.6159886797183313,4.438399749603928
train:149,-25.268161753051988,-19.835246911319704
train:150,20.30397262219838,13.449359816933454
train:151,-3.030164845338424,0.3211524218049374
train:152,-0.17201023468134213,-0.029719058519525374
train:153,2.7991911427918392,6.4697190617635005
train:154,0.23524172490972145,0.5037149610570413
train:155,2.629660975385013,2.97175075467583
train:156,0.26083061176734895,0.051209744106806364
train:157,18.940155003977534,10.76931443828675
train:158,-12.727033182720223,-10.768161798760778
train:159,0.12050998453916797,0.026640414085917954
train:160,-0.1750357949073193,0.09159769705841016
train:161,-0.41819908580845466,-0.4937691015195123
train:162,11.000882267428018,2.734397976063149
train:163,-0.9046345742962826,-0.1869100860160759
train:164,-2.91862859216747,0.022932160321021702
train:165,3.5783913965689202,5.953330869070525
train:166,-5.999922308452291,-3.7910541289332937
train:167,-0.7877735745595968,-3.7649968466640407
train:168,-0.7590012302163022,0.15611754632222083
train:169,1.355063619271096,6.680333780721579
train:170,-33.456802672080514,-13.053617648508641
train:171,-3.7592484972669924,-4.164348964044128
train:172,-1.338367479241934,-4.596173534997825
train:173,-1.3945142803007782,-0.03532716195647673
train:174,-2.621145738204978,-4.760916526463269
train:175,2.706259917337555,0.07871107476014477
train:176,20.612991448791533,7.590958274147818
train:177,-0.11752678856060844,-0.06038328632630882
train:178,-0.40853033399260585,-0.10677725937917379
train:179,0.6829898858474208,-0.09727911664017574
train:180,-0.6915692789680289,0.09224997794696102
train:181,-5.67245652574584,-0.06008191536517071
train:182,3.058658008602046,0.07929420082104513
train:183,33.749102464041584,11.178818298906878
train:184,-1.3340830414158815,-0.0980618608394773
train:185,0.09139923911262907,-0.027429923162165817
train:186,-4.345318958170562,-10.872807497403008
train:187,1.022823609226386,-0.02501781418658093
train:188,0.5634800825776436,-0.5494819640036026
train:189,0.3236675609805955,0.05440620221580536
train:190,-6.7841927089074705,-2.3390221605984314
train:191,6.4092350697246,0.604109082239467
train:192,7.745434789337795,10.31306348344379
train:193,-18.04364975395802,-15.954953910491048
train:194,-7.748617315723633,-0.7698518291499055
train:195,-0.8620388101237065,-0.005219917617160008
train:196,0.028942591580431887,-0.04628076594436056
train:197,-7.111426963206632,-0.33733799249266233
train:198,-0.4535044946503023,-0.16351542510477857
train:199,-2.104361083015678,-0.24304797071837708
train:200,0.026848259064897254,0.10485188493365652
train:201,0.25644668181446945,-0.03833630642193758
train:202,-4.875002953569589,-0.6357819104614653
train:203,-0.5787976264792656,0.20334241159776442
train:204,3.3985775090716634,0.057344265932680626
train:205,-3.763210050597337,-2.240421856441024
train:206,-1.524497954501511,-0.21750508766480386
train:207,-13.00698171162064,-3.3147901450194235
train:208,9.956080109964045,6.142234895318619
train:209,-0.5039789659596802,0.8048724302929722
train:210,-1.6994278943711105,0.07203290825253937
train:211,3.0698341358767975,9.291024891905387
train:212,-2.7880014735577245,0.1710875157594118
train:213,2.678031815849246,0.23725552536122416
train:214,-0.055162775637151024,0.13187548019948664
train:215,3.575730679551016,0.8273229619636486
train:216,2.7060899903639317,-0.23636680833376156
train:217,1.2146855748575733,1.6339574258304455
train:218,-12.724003786933283,-12.008888569817131
train:219,-1.1517660435876098,-0.5807968677648243
train:220,-0.06471587947847532,-0.052109102006759
train:221,0.9450103054267767,-0.33526270568950206
train:222,0.5904954494265668,-0.17279231876005824
train:223,0.045167130687818274,-0.13702859113659677
train:224,-3.4288451397784994,-0.14575351228536118
train:225,13.465422197387438,3.6579863426162715
train:226,-10.793617559416422,-2.1075669798714065
train:227,15.306480302173892,7.386960163557827
train:228,-3.511855744913624,-5.698844016351735
train:229,-4.521051808801985,-2.6885388625406703
train:230,-0.3707441889253674,0.5489050551994664
train:231,3.509654424759882,10.467502369924107
train:232,0.9320831864573401,-0.24705299463328873
train:233,-0.39367032475548835,0.06438753711829441
train:234,25.98848225362103,8.093617931772277
train:235,0.9205075796967185,-0.06529581131887244
train:236,-9.377685593230353,-2.3090377115513276
train:237,-0.8033071896623994,-0.4748117267774455
train:238,-21.90545990257622,-6.287550397496296
train:239,-22.292947332748245,-6.18692316855032
train:240,9.386664352141446,1.0567711904155062
train:241,-1.2377783819790857,-0.3912378857379912
train:242,1.014961406624642,-0.10440498843478313
train:243,-1.311377566570318,0.049253579080001296
train:244,-1.1688244104027739,0.0032675802785515767
train:245,-3.210552904689099,-5.461773706142867
train:246,-0.4121420376713739,-0.27700694993225383
train:247,0.8048417058877194,1.9313853848407894
train:248,1.3739624742034415,-0.13342975821297529
train:249,-10.305303692118251,-8.325133089858381
train:250,6.1300759690080735,-0.14178515219862112
train:251,-0.6683059043458649,0.010242730927387395
train:252,-6.045543632850844,-0.26903970034543234
train:253,2.580846604598382,0.01889104322117846
train:254,-0.8227083868519256,0.06928119521873471
train:255,6.719734190391665,1.3117624089165447
train:256,-0.16268156927097943,0.12749418839818363
train:257,1.2190618336885244,0.21463173213679534
train:258,1.308235604147404,6.095338863210141
train:259,2.3876956580250073,-0.11831456007119798
train:260,-0.9093673078386576,-0.12669213781279978
train:261,-5.449218509136875,-3.991401264073606
train:262,-18.28030526019423,-3.904745093573158
train:263,11.736514965359158,2.480476998958777
train:264,0.7501473039139586,0.15086577392346245
train:265,0.5420833476246891,0.04909925574877709
train:266,-9.975460326530522,-4.005601150458384
train:267,2.1603047749539717,-0.36048135638713374
train:268,-6.649720266087505,-6.764800452928929
train:269,-0.5717285713932555,-2.877168409390313
train:270,0.8086217093324287,-0.3357473244610932
train:271,1.6837956020121898,-0.25469490624289104
train:272,-5.667683693157022,-5.143852949757561
train:273,5.706695126875487,1.4902825827867177
train:274,1.3543946044556558,-0.10028237634722384
train:275,-1.5288291164338537,-0.2730844196307282
train:276,-3.516152270568169,-0.5204395042849697
train:277,-0.780655528899454,0.08698376114118951
train:278,0.21510026445411834,-0.1120716516949215
train:279,-1.29700943896957,-1.8958173941697285
train:280,2.1745035567266973,0.08240887862070807
train:281,6.006076234827863,5.431972944400174
train:282,-0.08112894221870467,-0.07611570646257795
train:283,2.0330287743356736,-0.11114749496770132
train:284,3.144923261558914,0.508239947959223
train:285,1.6698051028227283,3.599106231824031
train:286,2.296311209701348,0.2887080010804916
train:287,-2.091579134217277,-0.07164921049249873
train:288,3.8240783703553327,-0.19667257923601544
train:289,-4.9041811118858005,-5.998136124166431
train:290,1.8913924334676762,-0.08411530438806833
train:291,-4.765062758676193,-0.2766045751176313
train:292,-4.789067791313876,-0.2819724734157347
train:293,2.430222730787589,-0.411907368526145
train:294,-0.5683920401563836,-0.16704474654872453
train:295,6.744499361474966,0.453070872817674
train:296,12.58219804338957,11.383810470020993
train:297,3.633613246289809,0.38766445795007975
train:298,-0.01730172090199203,-0.018195488930464257
train:299,-2.2413629039478056,-0.14787552050379846
train:300,-0.8494466634784704,-0.10063703112089928
train:301,0.9611928858217978,-0.11144002095861905
train:302,-4.130739546094438,0.3648087695789859
train:303,-5.752942866850087,-4.414046467868266
train:304,-1.5494797766647253,0.015931723043612275
train:305,-0.3923067247181804,-0.15406721364928272
train:306,14.913268820293943,21.90767359074207
train:307,1.7001230038908868,-0.4531164771001445
train:308,-0.09244535804144727,0.1053023721064536
train:309,2.1899171652629703,-0.43369352880462236
train:310,1.2386996733666256,0.14647759873807664
train:311,0.07277375507081796,0.01378742407361154
train:312,14.689147462372029,4.369032357346511
train:313,-17.361496398778854,-4.566409354241371
train:314,-2.6857068301861604,-4.10071938956516
train:315,0.9818275064340919,0.12042274170259362
train:316,8.358613135469906,1.2814445615564563
train:317,-13.811256538398796,-14.452985522864854
train:318,0.16330729000604105,-0.12498837542409821
train:319,0.8061332438705497,0.07880979604066907
train:320,-8.333428317881527,-2.3962844978052016
train:321,1.7082799635412682,0.9384916834826027
train:322,2.969462387068583,8.194443744565781
train:323,-2.390206612554762,-6.454301482523387
train:324,-5.42907460786975,-0.06560445798132086
train:325,-0.5358694470231317,-1.3957461742820227
train:326,6.211913357404655,14.160235209334926
train:327,1.112648262757966,-0.3547914013104413
train:328,-17.75040461371529,-6.0832521285620516
train:329,10.628027618563264,5.574849457551107
train:330,-2.5411842878072157,0.02228633483412361
train:331,0.9046588093346967,0.0738710214590643
train:332,-14.130316631137797,-4.204566758314596
train:333,-4.7405639847362195,-2.567930560545226
train:334,0.5092238643867546,0.5734201027821475
train:335,-2.8994156861525466,-0.14185430702627164
train:336,-0.003909569222934811,-0.005280049148577631
train:337,-1.0801045146579833,0.5747929277568371
train:338,5.242484389592385,0.8548874556906172
train:339,-11.357859726644012,-4.59926185621284
train:340,0.5302538964657142,0.025543067135350234
train:341,-6.001781974374293,-14.270424196229635
train:342,-1.2491386161801152,0.13197134826381082
train:343,-2.7363611079443717,1.2158809344762351
train:344,-0.04272056455687645,-0.023979172159330764
train:345,-5.292743428960743,-1.6242238812434082
train:346,-3.9302647702037388,-0.1429875331705559
train:347,-4.9489897622764385,-5.416018960514437
train:348,-2.762198376431707,-0.14379467236836851
train:349,3.034089497189997,-0.016496577009302876
train:350,2.632833100531468,-0.062019677147484964
train:351,-1.9219752775482917,0.03972743915703955
train:352,-3.2047072773215257,-0.4927227914737243
train:353,-3.306152750741456,-1.6720091181806562
train:354,11.033797424414493,10.949160644385932
train:355,8.681065258850639,3.2734949164929117
train:356,-2.5129473529057775,-0.06065719508152073
train:357,2.323805905441667,-0.3835544241674746
train:358,11.539784626802408,3.8955188738495607
train:359,-9.011106387019394,-7.794568977796709
train:360,0.4571276481642708,-1.849722259848624
train:361,-0.7562174265601853,0.1341784893206193
train:362,-1.3242099588068528,-0.2778897706897747
train:363,-2.702106991494056,-0.12640542524988982
train:364,0.47246872972958615,-0.1599474782465234
train:365,0.9781567583623002,3.514612799203277
train:366,5.979352835528695,-0.25896121343132905
train:367,1.1834638761513219,-0.12382297926715752
train:368,-1.7074929167874728,-0.03206354627116732
train:369,-8.1646980392794,-14.982370115349394
train:370,-0.9840227826735871,-1.3436485863799073
train:371,0.8442417504024552,0.42492289637777997
train:372,-19.36712006033511,-5.444183057625861
train:373,6.357055633452107,3.95367940351613
train:374,1.936162495790433,-0.1653106330726941
train:375,-0.7173588935161125,0.15583265268463845
train:376,12.754662531163076,3.055017874973771
train:377,1.2042200724232668,-0.2927901573168851
train:378,1.2513082083177989,6.682841757761488
train:379,-5.871316181783281,-0.9537608724572528
train:380,-7.236484847296461,-3.6881871252702205
train:381,-5.842310972397816,-0.5311703790832312
train:382,-20.948611574726293,-11.501266027934177
train:383,-4.611499450417436,-1.8681618828459758
train:384,0.2688283375231588,-0.0033502763716237033
train:385,-1.2203057745797956,0.04381695393667738
train:386,0.6542005139380279,-0.1917781721663226
train:387,5.57346587072438,0.02756282321821557
train:388,-5.006758424477509,-2.76717920744849
train:389,-1.9175190530826947,-0.1252269042984286
train:390,0.9721458531859092,-0.0615740761074306
train:391,-6.410239927315775,-0.0923543584831541
train:392,-4.2077501715904635,-0.13328167629218884
train:393,-3.328272547050709,0.27212603582063555
train:394,-0.1413098816934119,0.010317199870210625
train:395,-2.8858117650166215,-0.780396317599894
train:396,0.19684648113846737,-0.08572583793743085
train:397,3.9315363761593356,2.7040968200178312
train:398,-0.277533199978942,0.1388144663329859
train:399,0.007745422026732257,-0.15339374763044591
train:400,-36.823028589478476,-13.753717013965487
train:401,11.09598465284624,4.521377553779176
train:402,-2.8069591404248535,-0.11870452339534995
train:403,1.0526291723330328,-0.10797026040285065
train:404,0.3515037378758423,-0.0569124914796679
train:405,0.12742120048004818,-0.08262678149646357
train:406,9.21660534223805,7.575103522366969
train:407,0.04549652401425289,-0.0671433758040603
train:408,4.030251162631046,-0.09106085291882784
train:409,1.006121019747925,-0.09660786186389406
train:410,5.449524716020712,11.817770958622104
train:411,6.195131732124509,4.973858839378533
train:412,-2.439535645885307,-4.152112090405035
train:413,-2.4001360662870517,-2.355885238984405
train:414,52.4752204675559,18.587623286245535
train:415,0.9097646383526733,-0.18292856546961278
train:416,-2.314070959875039,1.0046042693597277
train:417,-2.8056799227287565,-0.1053864234772208
train:418,2.063021233867482,2.3199373655993556
train:419,-0.16225663560780196,-0.515363204682519
train:420,-0.03918719930507264,-0.1258670946833314
train:421,-6.643302558990676,0.10070751707257129
train:422,-0.3896733215435054,-0.054487222044359934
train:423,26.202972401732897,9.4407959166823
train:424,-0.44139074706350134,-0.178967409753778
train:425,-7.786960837536432,-0.34850005958916774
train:426,6.4367497568735805,1.9865119470609565
train:427,0.19837082604890838,-0.04134976637690113
train:428,5.252814833789106,-0.3664324520765425
train:429,2.2031270696816714,5.2172695666273174
train:430,-6.560441424504033,-0.4675733312689457
train:431,12.034836993568954,5.298657558735856
train:432,-0.11033981903223139,-0.05751081091683391
train:433,3.357439839211057,6.090465569940329
train:434,0.04507310132963706,-0.39959352938005455
train:435,-1.559873333273674,0.11867314952867754
train:436,-0.15464386069784652,-0.13704834965878263
train:437,1.994393517431361,-0.5110854489640779
train:438,0.7733938253137044,4.941125031200989
train:439,10.378227063757384,1.715512901729932
train:440,6.902364541927795,2.2582862112335547
train:441,-2.722470798256458,-3.397297739164891
train:442,-3.869427659231365,-7.786607363311883
train:443,-5.010858058002563,-9.074859585970463
train:444,-0.8580464560765285,0.046372151704698494
train:445,-0.16666834432039135,0.09106243369926688
train:446,0.33221016885155197,-0.020341820817007597
train:447,1.1619944979982892,-0.16489631041523362
train:448,-24.25562386950179,-7.880737248326937
train:449,-1.723988385973871,-0.9519004328339618
train:450,6.249140149831291,7.697075091062833
train:451,2.6063165890661217,-0.023381994008644796
train:452,-34.37808116984031,-10.428067557997828
train:453,-0.2911130035724412,-0.06368185391006975
train:454,-1.762744869850474,0.017687057315131108
train:455,-3.7209149711585248,-0.209632315199409
train:456,-5.846988962024612,-0.5419379177096644
train:457,-3.860132119120238,-0.24328286174205227
train:458,-1.9483483622794036,-0.06364465510386064
train:459,-1.1032427105177725,0.2040062836771283
train:460,-9.7654538329566,-12.963971878073703
train:461,5.0879256951488765,0.8279861920693674
train:462,-2.612209810991518,-0.2823330842782279
train:463,2.6166116996103246,0.5135822386419304
train:464,8.662240790555174,2.366784037067573
train:465,-35.41379606977642,-12.213452758501226
train:466,1.691472535396454,5.533365405931023
train:467,-7.239466821602392,-4.444434932329307
train:468,3.5004039815473638,3.493278731031709
train:469,-6.099600401871599,-7.931337896349657
train:470,11.729146968976185,4.270054858007447
train:471,-12.081842547406769,-3.153895000921467
train:472,-2.438043961357621,-0.711708918093372
train:473,1.6695438197606869,-0.2197946866697959
train:474,0.9775793320935185,0.21333701395558405
train:475,-1.5997184190893692,0.2586960184970565
train:476,2.443629294877542,0.09686102498277903
train:477,0.03386059434028632,-0.0726262587150287
train:478,-3.2277250598128653,-3.5436962623932575
train:479,-2.0967643477242994,0.21353837968890782
train:480,0.4472040058879876,5.657726828516111
train:481,0.6559630123156053,0.6687846457773994
train:482,-4.732167593098381,-4.261484427004391
train:483,12.925693216510718,19.447886231166624
train:484,-0.4433360157324756,-3.4247171468480837
train:485,-10.346969507100708,-3.583331429915661
train:486,-1.3465851104930207,0.05533417511969321
train:487,0.8596509422321638,1.492056997941575
train:488,1.9297654774769861,4.604117970366574
train:489,0.24406804806290333,-0.12787351198046115
train:490,-10.480884050144072,-5.148371873575318
train:491,1.603691189796674,-0.1200255624960074
train:492,-3.033443436358913,-1.5270282154213215
train:493,-5.623425503879297,-1.6429911961213444
train:494,1.1767662893332314,8.68654421967682
train:495,-21.316009033942933,-6.650728869247969
train:496,0.8631980225201423,-0.6776987236487031
train:497,4.8521042490786845,0.676823154438819
train:498,-0.2845980127020675,0.32342044336241604
train:499,1.8677804877142568,0.2029481684493123
train:500,-0.3982129074573386,0.6516086409046775
train:501,-2.2767174777074666,-7.246227616878544
train:502,4.777692506708657,-0.1769229376855791
train:503,-7.141965467144788,-0.6303399712029687
train:504,-0.5768252183107422,0.07222621365009778
train:505,0.48249755935958255,-0.02277108475499573
train:506,0.019097287731113022,-0.13389294219786294
train:507,2.740759277231335,0.05859212003780489
train:508,-0.4555509988829055,0.6471757415553547
train:509,-9.928063021176456,-3.206359940409348
train:510,2.761773037233477,-0.16884180910717017
train:511,19.21860092281297,8.251420189509298
train:512,3.940384666616221,3.203640194908514
train:513,23.40823669949353,7.13176907726197
train:514,17.629512673130414,3.6608909167079977
train:515,5.6445041791118955,4.845561119723754
train:516,-0.1996843881831345,-0.7698987645563975
train:517,15.182481497826643,6.612006100447488
train:518,4.189224471515147,-0.33814049521414974
train:519,4.483514744006043,12.227110473989104
train:520,1.9993114039620954,6.591953696993016
train:521,1.0447228026656412,-0.1631391928835897
train:522,0.08947425242511672,-0.0416410440857313
train:523,0.23182795942252638,0.21797491688888573
train:524,-3.596206704262031,-3.5999217408329023
train:525,-12.234751718177462,-7.586235690512249
train:526,-5.709288139164051,-0.997186680362331
train:527,1.0494530953964936,0.11724910932319561
train:528,0.4890832175349923,0.005226277534734244
train:529,1.4061321376134335,-0.12627474794792415
train:530,0.2869249790684006,3.3844211146348555
train:531,-2.191850925982184,-5.995742275774527
train:532,2.9226432053580202,-0.22208699623017808
train:533,2.9166843708274452,0.022794706630580724
train:534,-11.519289886669318,-2.572186417829331
train:535,-1.1046546618690525,0.026045161856167065
train:536,-0.9313072976990767,0.098584866880489
train:537,-0.11493848228454201,0.37442039899234386
train:538,2.1706831055481843,0.08589422486996963
train:539,-0.6105123691130878,0.12582487859509855
train:540,0.46482991949672264,0.2635922088268744
train:541,0.6282634046365055,0.028019516136247924
train:542,0.8497993620103581,2.237916244816009
train:543,-8.739419423977473,-8.34189116988819
train:544,-0.4732639099880541,-0.030037655773471728
train:545,5.8075224938345915,14.345590405273306
train:546,7.38693955088978,5.130725242201914
train:547,0.7371896166859291,4.473340805833887
train:548,-0.2572999766330001,-0.47033816909727094
train:549,7.1467246440788585,2.0822969827937015
train:550,3.015931719127569,-0.16274921172683648
train:551,-1.3439852975340618,-0.057242822585237246
train:552,1.1290616741855555,-0.15254152761667136
train:553,-6.0279911760460285,-5.012783615885982
train:554,-0.09539897244206694,-4.010251892864586
train:555,1.3488855766199652,-0.38721948737214146
train:556,-0.3894562055471117,0.0924932502932241
train:557,-0.129953192480546,-0.122707229072099
train:558,5.306788847676331,7.844967558293584
train:559,4.205472372675678,0.025533615856687328
train:560,-0.05258121065005186,-0.12071618347724741
train:561,27.476056919619264,11.4230821377995
train:562,0.40473690735139,-0.062485571687762725
train:563,-4.965328787067148,-3.9852554363785386
train:564,-0.0039061985784511755,0.039988401443743396
train:565,26.257410402267663,14.22629515337316
train:566,11.407251815539093,13.391646100923824
train:567,-3.95359985819302,-2.33392859903797
train:568,-1.2810714046432925,0.13939484617329365
train:569,0.9061447986354964,0.13402958710017532
train:570,20.478161950114544,13.734998714587315
train:571,0.043721007975221465,-0.1416258714042492
train:572,-1.1338569958422497,0.08938838042424908
train:573,-0.454560319977519,-1.1549097613497998
train:574,-17.45862674988502,-4.8645424856355755
train:575,2.740372001803078,1.3577261526316335
train:576,-2.485216944509845,-0.3291922385673206
train:577,0.6522472835743252,0.16952466658579385
train:578,-0.6307039243194649,0.03683755912874388
train:579,2.135412681671494,0.027952144568722498
train:580,-10.66131162739559,-15.250965040710195
train:581,9.727158024464481,5.395803293274441
train:582,2.967822626641858,0.4787248529770396
train:583,-1.7176951602646957,-0.5613327261604129
train:584,0.1476862124903443,-0.016020767542729686
train:585,3.0960972678602707,2.1921672056199797
train:586,-0.8172147593746515,-1.098897132838684
train:587,-10.79689429077099,-4.802112403247141
train:588,10.69461574639943,3.9959235519319267
train:589,-0.47266149445844563,-1.0812969260474088
train:590,-0.7156994903680861,0.05543218309616748
train:591,-0.25779162581112935,0.09071484063568676
train:592,0.45096982938004165,2.8306506539310945
train:593,-1.1075399335470384,0.1569120243731454
train:594,3.866144943343979,-0.20530871186315225
train:595,0.7148652571252561,-0.19761175101348877
train:596,4.328152673884229,11.34237606436279
train:597,0.9586377048449671,-0.278080579523158
train:598,6.330450322938985,-0.09517754458277186
train:599,3.2671716553570795,-0.32262524049591257
train:600,-6.472873475568802,-0.7164687960192291
train:601,22.147399941369464,6.481857214122068
train:602,-0.9428962708085128,0.03889740289922095
train:603,-1.0488695658320375,0.0012900874606505824
train:604,-8.68347881337773,-1.1120136530322744
train:605,-1.3682095382923003,0.228513342254449
train:606,2.955406102197131,-0.008144606883097191
train:607,-0.3230765927524513,0.13389195508372184
train:608,6.977783293394586,7.101502730454294
train:609,-1.4716927406462639,0.08576650777981158
train:610,-1.2213519528900418,0.00922038789768044
train:611,16.03341720225375,11.855548682398226
train:612,0.3101487195606019,-0.0717726477583566
train:613,-2.0622663825799608,-9.15250415842444
train:614,0.7363173171393901,0.10399171157972412
train:615,-1.0626464358987087,0.14304724823107245
train:616,6.308915391562202,5.95435003789721
train:617,1.3082711702581622,-0.17578332747004705
train:618,-1.1720512794648075,-3.204694803434956
train:619,-5.299689281179421,-6.093119120825321
train:620,8.835593268806436,13.591084772026017
train:621,3.411544029712822,0.22911387293417013
train:622,17.485831164664695,8.027379947043157
train:623,-1.9461362896651822,-0.012516483070939805
train:624,5.527904985468292,4.463865845476515
train:625,1.2226600547893582,-0.14298917376987097
train:626,7.995246502139207,0.4092678697309392
train:627,-0.5390683048672154,-0.5426092794815536
train:628,6.928942887285047,-0.1903350689101036
train:629,-7.045666386705758,-0.05877813822252401
train:630,3.7059226363350133,6.739293781567423
train:631,-8.413791921034921,-5.118737799477589
train:632,-3.7867803863257516,-4.476860022513997
train:633,-1.1199917916442836,-0.2022409516373801
train:634,2.4400759382170767,3.624952946737715
train:635,0.9032433711098128,0.39543669020962274
train:636,12.276731178707442,4.073665133736707
train:637,-5.650704013456183,-13.211377678645903
train:638,1.1412922320380823,0.07843837862181792
train:639,-5.278595090626152,-0.36114879498674773
train:640,0.06353261018790948,0.48878101347437686
train:641,1.4445279625302883,0.01655201224551925
train:642,1.513065950085672,-0.1674143450422481
train:643,0.9242773549788568,-0.05202700071060043
train:644,0.51568480871627,0.0021860330126920458
train:645,0.14194751591328636,-0.03226198745788594
train:646,3.501215260805837,0.08564702935143138
train:647,0.36724046336606353,-0.026237635442538973
train:648,-2.1921022133398944,0.1072132423260817
train:649,-7.348576210745133,-5.625324623879899
train:650,10.593404358427431,19.205716652964895
train:651,0.7929168306211217,-0.21091305262123966
train:652,1.0969891783199883,-0.29742388742149417
train:653,-4.722449908822959,-9.931895543369212
train:654,11.677331097391443,9.73355130618251
train:655,1.1026334968515046,8.135367332498973
train:656,-2.464132284744426,0.2526642481195892
train:657,3.3438298741608854,3.3087184411266835
train:658,1.3291366219030247,-0.22946245311189128
train:659,-0.008299891777421187,-0.02232181019908369
train:660,7.014724627102194,1.8294958930478786
train:661,-0.7522598250199248,0.19943286342994943
train:662,-1.3157272089327607,-0.16129383964095695
train:663,14.76354525724764,8.17534374467891
train:664,-0.3577644181645142,-0.0021739666627175608
train:665,27.624322504582718,8.40232622369062
train:666,-7.674439891259778,-3.4294734582536903
train:667,-6.912411095231743,-0.4958711728897512
train:668,-0.5702515317347053,0.02821039630003623
train:669,1.7285658967931865,0.5087993209952574
train:670,0.27620877042198416,-1.0581639763920678
train:671,1.8813172284187498,0.17454069199601696
train:672,2.6488155343816335,0.1510231287968993
train:673,1.1817327596361782,-0.16237420995513396
train:674,-6.5739649150888315,-9.980972003297826
train:675,3.896210627221466,4.220993234803074
train:676,-14.643179018439355,-6.556730232178121
train:677,-0.6829506572525106,-0.055575296042277234
train:678,10.813620417913143,2.3937686146018664
train:679,-5.828033387281645,-1.7668918242901122
train:680,-3.001196364354918,-9.297557104892828
train:681,1.3139647699366113,2.0800204015876225
train:682,2.0815628004845625,-0.10646622314815776
train:683,2.885528690261425,0.7959782420931354
train:684,3.5909845892762373,1.7458963730626231
train:685,-0.23656690995596008,-0.10022402807593131
train:686,-1.5045311864134558,-0.14597164066386067
train:687,1.6811088496713773,-0.2850510936956686
train:688,1.355509474175896,-0.2715772795034177
train:689,0.5736294418052098,0.25560256149288196
train:690,4.468981454825597,0.21682164690079558
train:691,10.088011319301595,1.6843181183707354
train:692,2.595109777303657,1.7445563600742349
train:693,-1.758470543957872,-0.512057040410625
train:694,-1.2572723300064719,0.28896614581619784
train:695,-14.634382798628284,-9.579218619163715
train:696,0.6419605415267711,-0.07323948620684037
train:697,-2.7255148389125354,-10.22643076913506
train:698,-3.1651914686031453,-6.332186111731037
train:699,-0.40460237087797724,-0.03872102696132182
train:700,18.13772217629512,4.288263513153399
train:701,22.39950741175159,6.652371120673883
train:702,0.4209801593471165,-0.0069590955519456404
train:703,-0.2032801684724455,0.3323805408564757
train:704,0.7457043295680555,1.6576907635046976
train:705,-6.154756233452256,-2.719853480980272
train:706,-6.718168059845672,-2.899588411647648
train:707,-2.1869904566367917,-2.2932037882487393
train:708,-6.154149982361683,-8.608517946714144
train:709,0.28680177620106795,-0.1481085926021461
train:710,8.195926771114287,7.209606527131075
train:711,13.433804157381559,20.117072711024843
train:712,-7.09227147437705,-4.157322063186462
train:713,0.6085532704456867,0.32456187250327573
train:714,7.969732815522301,3.1349963782794488
train:715,-0.3155944593735165,0.1269900964260267
train:716,0.31508752733295875,-0.21889435429784676
train:717,-1.8378174909975327,0.9998277001191
train:718,-1.7018868376364775,-0.22619309532897913
train:719,-12.718815319010897,-6.792391624227369
train:720,-2.277270960777502,0.04581987604396198
train:721,14.013454586605897,11.645951420337111
train:722,1.2393798461775978,-0.07539302246428903
train:723,-8.851100731090343,-2.032491300623212
train:724,-1.8724435406322488,0.23106383221573992
train:725,0.45127830146485376,3.2198407564928186
train:726,-9.733977127560795,-1.8932845941488785
train:727,-11.815763406952644,-3.5775690744778905
train:728,-6.375860283415723,-0.3268562034686715
train:729,-0.33023084378351314,0.012173038682378831
train:730,3.769137795105147,9.737723849553571
train:731,-9.586914746448876,-10.969230226956482
train:732,-0.7049022119103824,-0.23436905768083965
train:733,-8.745791569259213,-3.871949655925692
train:734,-4.684639181296814,0.009108149505408059
train:735,-0.7577558351941615,0.04522376784935106
train:736,1.0476794390233843,-0.16678615599798707
train:737,-16.18453429306893,-11.590492946230937
train:738,3.6190092898043273,12.515330961660837
train:739,0.8205172948607548,0.0373624082487567
train:740,-2.128472116610914,-1.3585101336014935
train:741,-15.031890108788058,-6.034605362993176
train:742,0.9440793101745744,2.319022339163976
train:743,0.7218707348825577,-0.0602469739223479
train:744,3.974518834614568,0.007127981797319438
train:745,-12.193583363829143,-9.176315388900955
train:746,1.0038368850792259,-0.05996928465567081
train:747,-0.3302823332837286,-0.012818531670925434
train:748,-1.7557174247894682,-3.926577333293267
train:749,5.3937096328707055,0.2980022101915858
train:750,-40.04481425471454,-13.95896597453761
train:751,-0.683199096996778,-2.7555243899142234
train:752,-0.634408495065213,-0.038732118839299806
train:753,-5.819165570332578,-0.5408488450860771
train:754,25.480973844508917,8.824195352678846
train:755,2.5522540085893612,0.13866642007740196
train:756,2.3454710134329906,-0.028645892576253704
train:757,-8.046386093321633,-4.880263136255019
train:758,-0.4825636343475057,0.12804710603256517
train:759,0.6014391184610681,-0.12028263727563857
train:760,-1.9408060222162438,0.0005292416956849955
train:761,0.01814816073617123,-0.0529435964148903
train:762,-4.7575371556063315,-0.5389429679947992
train:763,4.195629160950522,8.599076023845816
train:764,-0.9776637712824215,-2.362832249788467
train:765,-1.749889231789914,0.22871691923032786
train:766,0.6181221814473481,0.039462482367655524
train:767,0.8746635603040055,-0.06622182263662271
train:768,0.6181181134281437,-0.10530624810199732
train:769,0.013250962988819198,6.632826019059793
train:770,-21.607102540713907,-15.29594314088895
train:771,-1.0041278634145914,-0.15918169285101136
train:772,-10.323571190470078,-3.089421445090503
train:773,3.76698569671691,-0.05056387144317681
train:774,1.0309549984703397,7.275538647083542
train:775,-0.15630930776011942,0.048295076762772116
train:776,-9.426221014128682,-4.679192425486355
train:777,4.193879215317918,2.00890256119143
train:778,-11.884298605009144,-1.2169305498743268
train:779,-2.8464444971137612,-2.3162780329807626
train:780,-24.812218160625147,-6.835488313643763
train:781,-0.20292264769894064,-0.04604644556392537
train:782,-0.8128124071062321,-0.17177682344923156
train:783,-7.706048632936047,-13.388204040718872
train:784,-3.685060612182326,-1.4842095719236297
train:785,-1.011848615177143,-5.070042529233311
train:786,-1.0961504096077372,0.12329757101543364
train:787,8.902567277321415,1.971395036989459
train:788,-4.568079040637572,-7.056344937473807
train:789,2.0209353668448946,4.5408598846368635
train:790,-7.864890137997925,-1.6643368198185224
train:791,14.604012886295738,8.452833856865217
train:792,7.525236396678342,0.29984524519605593
train:793,0.46523509420947884,-0.07271995120200028
train:794,0.19656799616664758,0.08963539761677482
train:795,-1.4480201232921397,-0.17476612022950033
train:796,-1.9537116387984574,-1.3974466911372967
train:797,-11.827756392483636,-5.5215508681084255
train:798,-16.147259149328317,-8.904473503504414
train:799,10.555966493918648,0.9495518907607636
train:800,4.696477176562985,5.381671884078466
train:801,-4.719049509684578,-4.7136975102809355
train:802,-4.56547643817973,0.11943645619261574
train:803,7.502522437107009,11.217071939145182
train:804,7.196634358093548,4.1330856436772505
train:805,3.8230127817820256,0.20243316292518987
train:806,0.9869938908236537,-0.18135544471767434
train:807,-6.864174150713894,-0.037323664327311046
train:808,9.594907882421309,5.938353195949594
train:809,-8.644683392745886,-12.183941372700103
train:810,6.8381660848014025,0.3486567840004885
train:811,-2.5395789312000474,-0.5766751116421249
train:812,0.31758935914365205,-0.0959120337630888
train:813,-1.5130458992955824,0.9574337578527965
train:814,8.640187942219113,3.408744782740913
train:815,-13.523304937203044,-6.639132257324184
train:816,-6.533134090105356,0.10208062736888102
train:817,-3.2715271660232204,-0.5335944002364517
train:818,-1.4234144185616504,0.12874999584346575
train:819,4.577879771886191,4.343651287316687
train:820,2.0345855471706296,0.1033912878956105
train:821,-4.226644377358004,-5.6883664358216395
train:822,8.65521497270185,8.59342722641281
train:823,-0.7579292490413881,0.0014677358343108127
train:824,-10.380990235477812,-16.072689023772966
train:825,-1.0049526252509993,-6.243907602499198
train:826,2.402782895191969,0.009789640194807686
train:827,-1.2628624857680095,0.2087041754810376
train:828,-1.967677497414452,-0.16785666488367235
train:829,10.606492687186481,4.399478456774795
train:830,0.6284360048798914,-0.33199563047955
train:831,1.690711467117875,-0.20529391080411408
train:832,-0.839988170140928,-0.032794183609614086
train:833,0.22936645911651649,0.662520766262052
train:834,0.029318011638436045,-0.09022104439552384
train:835,0.8589676312349481,0.09415432143453133
train:836,0.9007710614956312,-0.08887536063993781
train:837,0.02342507901897206,-0.03301641348640125
train:838,4.667194876955142,0.2960828516537623
train:839,2.534745951308433,-0.6076113936135903
train:840,5.490127731928744,0.05940928115752042
train:841,32.11703733490155,13.458659019172899
train:842,1.7237168179015665,-0.9982054212065854
train:843,-6.639137837158353,-8.4695263727413
train:844,-1.904986764434323,0.11282733751705333
train:845,2.974022287909332,-0.06948914750299229
train:846,0.7190092901741972,0.590884924464727
train:847,-1.2167704334329499,0.11872432909426726
train:848,-3.7634657546616124,-1.5825416737582256
train:849,-3.429387232394763,0.3356946941337299
train:850,-0.44127184467361336,0.10571077434029887
train:851,0.7636870665755747,-0.35582490754853124
train:852,0.07437446251318118,-0.022586659992860206
train:853,0.07570482102213337,0.006857782223167699
train:854,0.1687175230896254,-0.19028968493992038
train:855,2.0086366987279747,0.2933357037658778
train:856,-16.628836376824037,-12.789081137870898
train:857,1.0849685302584073,0.2622574029580514
train:858,-2.47235642482624,-1.0055262033328638
train:859,8.6923794663201,16.005871205693104
train:860,-15.866468191765236,-7.991194377725579
train:861,-0.6676970962146496,-0.13511436838793353
train:862,8.20142859274453,17.485893795594425
train:863,1.2832674970203644,0.15455020333308767
train:864,4.216163592061268,1.0369076698734825
train:865,-13.6351415264204,-4.735437876439401
train:866,-4.687101378977545,-0.1018678372592278
train:867,0.7578228425487816,0.10726898703759163
train:868,-0.19316643347019763,-0.1908152830291857
train:869,-7.744076941375066,-1.7256478708132685
train:870,-0.7917268175078527,-0.042413124389484885
train:871,-2.1467300841748895,0.24985368750165698
train:872,0.1594762619775968,-0.005051649191757698
train:873,0.675918273720768,-0.08885610143058698
train:874,-2.7965761606658357,-1.933397390063183
train:875,9.425794512639252,1.303976409888836
train:876,-0.30376698410958375,-0.1685771733046087
train:877,-0.2367866992221167,-0.11151124436801466
train:878,-5.807888556181559,-9.269237792820116
train:879,-4.519266529516863,-0.10855342212895353
train:880,6.7510937368343855,1.7900292079420923
train:881,9.55552294769219,18.25018139526222
train:882,-7.076560086835016,-1.3994281071274728
train:883,-4.392440103135209,-13.734784212547943
train:884,-0.8069256346301348,0.03763389177019851
train:885,-0.3832750247097374,-0.10148550628841116
train:886,1.095835488073626,-0.07091365135610672
train:887,1.9223091469627192,-0.1424512355205401
train:888,-2.963739438270434,-2.2825883973761774
train:889,-0.038239467059572374,0.06266412320301445
train:890,-0.5716904482418544,0.0011398299625115516
train:891,1.2952751274204912,1.2610443510471891
train:892,-15.209967068314166,-5.84911948975283
train:893,-2.818384462933153,-2.647957568526306
train:894,-1.699765888652434,0.0732018709297302
train:895,3.755897438656973,6.920348039405736
train:896,-20.622037501829443,-5.498811305636677
train:897,-1.1479575640084696,0.08737015794509131
train:898,0.10847259948428924,0.020286551264659156
train:899,1.395164060463706,4.37406600136677
train:900,0.3305655268017814,0.37015113159209817
train:901,0.23702316863387923,0.11654208234880487
train:902,4.158755705049066,0.9494177895993579
train:903,-1.118295311406937,-0.012826877328310796
train:904,-3.674248979428287,-0.09579808344109636
train:905,0.21881494713331734,0.08384868284569569
train:906,-0.833354858026267,0.14469526590826412
train:907,-0.25686923151381635,-1.609136644620392
train:908,-0.06998036124542276,-0.032393520724711675
train:909,-15.65458157594417,-6.46334560723454
train:910,0.4651309529178467,0.16964264707566898
train:911,0.43815580134448684,3.689249032521031
train:912,0.9693107924878172,-0.2610657457005406
train:913,0.7259997743750027,-0.12024886232886961
train:914,-1.0900697669592714,0.16283794042958807
train:915,7.215800075085701,7.30860685219974
train:916,2.3720644685758594,4.058642950443054
train:917,5.367645485140886,12.095889919658918
train:918,-11.60120259153574,-8.404504428756672
train:919,0.37158022625329545,-0.24217306763581153
train:920,-1.2987558977285705,-0.04559827662929089
train:921,0.3416772631439837,-0.11399789361682777
train:922,1.404008399130507,-0.479986212682383
train:923,0.09350438093633533,-0.037882752041725365
train:924,-1.1320619533110374,0.04859659038472023
train:925,-1.0319942598810705,-0.07355109308109642
train:926,-1.571848651978406,0.19331000412529314
train:927,30.08344057854654,17.012878483646016
train:928,3.1995281671101785,1.1962546588612517
train:929,-0.7075830946806284,-1.6347023177383637
train:930,13.423719189086542,3.2723924337531836
train:931,-1.5412447110456196,-1.7814228264149141
train:932,2.525293501885137,2.5725395861760303
train:933,-0.177224970384876,0.12537392777466894
train:934,0.24681035792313555,-0.465362267039862
train:935,-0.2879716791428194,0.05146560626955249
train:936,23.738411085615375,7.386590386738291
train:937,1.0988230413773223,-0.2585935408587406
train:938,0.12650915057442633,0.607952221800224
train:939,-1.6088672780508984,-0.003473107329039049
train:940,30.880856027571394,10.47356716627909
train:941,0.5144247688249936,-0.004402257184609459
train:942,-0.051435423983858364,-0.05450566095405324
train:943,5.850843411487628,-0.3829614901758863
train:944,0.2844102458253734,-0.10733969962262324
train:945,5.972162437241273,4.6062493228680665
train:946,-0.1949169021338421,0.3583699879105709
train:947,-10.069513860368735,-4.452104377475241
train:948,-2.9861953691950887,-0.6906302841021204
train:949,0.545235830049843,-0.03860133454172662
train:950,-3.348971558595552,-0.10675564626645784
train:951,-7.245325699089659,-4.702592222186813
train:952,-1.3632353968674251,0.1386283296411303
train:953,0.3082062985050708,-0.285060366648319
train:954,-0.05837186164380573,0.01863507406282483
train:955,28.753861269615673,18.160018622051822
train:956,-1.2792247563827441,-0.393004311887488
train:957,6.811533809132412,11.959227711391854
train:958,5.53551101908928,2.824480288576706
train:959,-1.5666712258224322,-1.0784091859312632
train:960,5.948580013684366,0.011606496940641697
train:961,5.070989717597204,8.941731882113237
train:962,-4.203908101795607,0.0015858233197934418
train:963,0.7981371453224216,-2.565912766048498
train:964,0.4115716445312279,0.18407863710100675
train:965,-26.345176113783918,-9.908937424536534
train:966,14.182831099115917,4.542172364088921
train:967,0.2448057542883375,0.2598475052250216
train:968,-2.217593583965737,0.1174186973610905
train:969,1.1725239264486644,-0.1965032765197406
train:970,-25.48223719566325,-16.907451063583824
train:971,1.3734445572441638,-0.10148111946850347
train:972,0.17183757759026425,-0.6701399119609295
train:973,-0.14905498345662987,-0.06221030765485577
train:974,-6.720557730555445,-0.8095914243852336
train:975,-6.405184425506812,-0.2337513363735128
train:976,-29.71646404182157,-8.848355305993893
train:977,7.39452047902082,6.87191412376539
train:978,-3.9048440668829323,-0.10171198032429601
train:979,-0.691462522521194,-0.26110750965266993
train:980,-0.9740489294174101,0.10557332064985789
train:981,-3.3407443965566155,-5.5955958230043255
train:982,-6.484661897848373,-10.10870250357202
train:983,-0.06666940041497837,-3.208174585912627
train:984,0.8386827440451107,0.4646797535711188
train:985,-1.5914487171924665,-2.322685500601381
train:986,0.9743451405969168,-0.33660492992044544
train:987,7.416784399439028,13.497287001376659
train:988,1.5577309412838356,-0.22779845742397897
train:989,0.8900297473592679,3.1094755006558192
train:990,-4.326551674602198,-11.478758717261117
train:991,-0.3712712298705748,0.20953981117564893
train:992,-11.449797890495947,-1.0088273031460024
train:993,1.4408472187541657,-0.030190802153013382
train:994,0.4634705037077392,0.11305630811711329
train:995,0.5328420865126605,0.9192992393908481
train:996,-0.6759654614766708,-0.10839282172208903
train:997,1.1241798186820602,0.2399307722008655
train:998,-3.8619796972137466,-0.5994737356892164
train:999,0.08083912617454066,0.1409206392015125
train:1000,-19.47077411949566,-11.589056066552555
train:1001,-0.6983173092242535,-1.7691832422204319
train:1002,2.038892533445986,-0.23247908726987748
train:1003,14.885673237677356,4.41292109958006
train:1004,4.95249552437908,-0.32220913457832695
train:1005,-5.535603710545713,-7.414429277021779
train:1006,-0.20626214277837573,-0.09218987056921693
train:1007,-10.8007875013787,-4.466240351817135
train:1008,-0.2189411125763452,-0.44145235094802476
train:1009,-3.378148787078803,-6.424560698139774
train:1010,-9.669208682829309,-4.236176969952531
train:1011,-1.0050972142764345,-0.2528924225736652
train:1012,1.084236286801619,8.763743119760337
train:1013,11.30533003518489,2.7365532955807224
train:1014,-2.291682906756537,-5.998868259443382
train:1015,0.8208700502403345,0.10887755900081658
train:1016,-19.66695771627134,-7.582221215318675
train:1017,-2.7183309494558414,-4.724060391519787
train:1018,4.706814129590434,2.5566494545142993
train:1019,1.9852920799508431,3.115908361900619
train:1020,-1.041316300231586,0.09776481687937083
train:1021,4.741232826474847,0.3204937568451388
train:1022,-4.692883080329049,-1.6297151811421668
train:1023,1.7684227217500141,5.220376148426013
train:1024,-1.129596384985823,-2.8434856215046085
train:1025,2.0806703933002417,3.0636168979577048
train:1026,3.875364237152304,-0.6039589915558115
train:1027,-0.20489278939962158,-0.2221333253282276
train:1028,0.8321678694038571,0.21574605572375383
train:1029,-10.397154451671852,-4.061984126432276
train:1030,2.1873887169837687,6.2649945223289585
train:1031,2.97781972572206,3.299121933759186
train:1032,4.44281688513599,1.793032931296773
train:1033,-2.776886250341919,0.02204677166892069
train:1034,-1.2395443672302666,-0.9338654672241926
train:1035,8.158138359579207,9.531468844949282
train:1036,1.8440306942243692,-0.1313488363078198
train:1037,7.887462124965893,6.749587614974231
train:1038,-6.438494761501712,-2.0299520808659115
train:1039,-7.186867100831526,-12.539092605994346
train:1040,3.6722268845777783,0.5047039571224092
train:1041,-1.350825148795185,0.1673638546270349
train:1042,11.473642818787525,10.188323153747326
train:1043,8.018810329036896,7.642073642373041
train:1044,-0.6924534338848207,0.07245771647953533
train:1045,0.5817079467995067,1.4375714107407656
train:1046,-3.569821996618907,0.2084722090039675
train:1047,2.004317857082365,3.3012920900010005
train:1048,-2.0750455418794784,0.2859684142155374
train:1049,0.24151728379263734,0.9239288679971696
train:1050,30.412320637186674,17.32592651740475
train:1051,0.6426611706628853,-0.299777683790989
train:1052,-1.812501858801319,-0.5738290284825012
train:1053,1.9242943403344563,-0.21601174997086142
train:1054,0.0384943006723147,0.14725542113943296
train:1055,-1.6134746003726583,0.22103905709660399
train:1056,-3.7644034912027817,0.7660836693563355
train:1057,-3.7029229358213955,-4.15913271418706
train:1058,-16.426275985601812,-5.463515309311422
train:1059,-0.45524653670273774,-0.02784938160878657
train:1060,-1.380819119305555,0.11556021932393717
train:1061,2.7903316943394216,4.409851609591966
train:1062,0.23241154583467463,-0.12261499885843
train:1063,-0.9675686910539537,-0.11145685493419977
train:1064,4.924020319781385,0.09630257924200974
train:1065,-6.802929772904601,-3.9751504858841797
train:1066,-1.3075302664650565,-0.026857140009990912
train:1067,-2.5198787927135595,0.22002730663203998
train:1068,-4.109324563169624,-0.09201314949082176
train:1069,-8.006125255943251,-7.650001078082343
train:1070,0.21158363619561255,-0.15298306282364058
train:1071,1.1493476074374742,-0.3269849191844996
train:1072,3.1160579920340794,12.159243873452953
train:1073,-0.867502276144308,-0.12239644249750048
train:1074,0.5310551800198569,-0.2700821585493502
train:1075,10.013844123000311,2.7221571079213764
train:1076,-0.9301808050668242,0.06507983436405201
train:1077,12.082106911807362,6.567705353794642
train:1078,-0.37315187514875947,-2.26792671794941
train:1079,0.5066641504742389,2.081894964631104
train:1080,6.74642597537016,0.6299799781604469
train:1081,0.8592528574957352,0.006395739524760108
train:1082,4.33976535773417,-0.5527696537006004
train:1083,1.7344887002965228,1.1344879492393458
train:1084,3.9263930051355587,9.31086729864753
train:1085,0.3015274245753207,-1.0914497392435252
train:1086,1.2915451024974356,-0.3912978032781938
train:1087,-0.9109804517968741,0.10117120037029396
train:1088,6.089709130672137,6.488949168309097
train:1089,0.15888849131712401,1.911651400314251
train:1090,1.5852291238977587,-1.3826611821274437
train:1091,0.18587096532505176,-0.11746023581047585
train:1092,3.869264068011657,-0.23704244992995094
train:1093,-2.880764631704308,-0.06571929993337586
train:1094,0.5452236259922298,0.013689986740377302
train:1095,6.518672689902575,-0.42927675012683036
train:1096,-0.8625075621651711,-0.26686044947698007
train:1097,-2.4892259193212007,-1.2124947973088038
train:1098,-0.34840710227604066,0.007422291048362242
train:1099,9.866372615385552,3.958998939799641
train:1100,-2.87172828253106,-0.01691303957891349
train:1101,-0.5033809671366364,0.08742772158192882
train:1102,23.617651819304253,11.621211753309076
train:1103,-0.956905134198954,0.16423751430615394
train:1104,3.4871389845257235,0.11333749257363551
train:1105,-0.35085663098267766,2.3617957591848957
train:1106,-5.089911526513907,0.14294902626338318
train:1107,-0.5673544046864665,0.10543165846552173
train:1108,0.8751617183128618,0.001080982378383985
train:1109,1.87193544630049,-0.2708192512894497
train:1110,14.398406362293274,3.1704675620793914
train:1111,-10.635965310711663,-15.405349145439468
train:1112,-9.862567447069468,-7.5330277735258555
train:1113,-15.42174303401287,-6.182692990212016
train:1114,-1.0342029618508084,1.8985144796248299
train:1115,-1.00498145007279,-2.964041424321971
train:1116,-0.23641116293499237,-0.11755075409442478
train:1117,1.1288413037737983,-0.306216108807379
train:1118,-3.2933447666201476,0.034684522184130255
train:1119,3.7816096446110534,0.3687847263538588
train:1120,-0.15213557817098622,0.001725167265966998
train:1121,-1.8102842071893317,-0.38795854169837857
train:1122,-1.041048973255298,0.03918679035231854
train:1123,-3.1813859043684194,-0.035088882738563865
train:1124,2.2085184736477954,-0.4293629885864791
train:1125,21.576874892824392,5.9092349833408475
train:1126,16.70242085969844,2.879923985777517
train:1127,-0.06650929480200601,-1.1575203115121033
train:1128,0.3204845102968488,0.9546697046589263
train:1129,-8.809059263591642,-0.24124637867921372
train:1130,0.19432802856359616,-0.12797512214238807
train:1131,3.3912467060071316,0.03167216785044426
train:1132,1.3175055738521033,-0.21861602305752464
train:1133,0.5192277047559242,0.12017625948810541
train:1134,-1.6566640628908336,-0.1097213861804743
train:1135,-0.6840893539423765,-1.8961089928653811
train:1136,13.882854898068501,3.426981970048866
train:1137,4.437090043929184,10.300408898953
train:1138,7.712076102028923,0.8591946708663245
train:1139,-0.978320117123768,0.07788806454721899
train:1140,-2.25318270808981,-0.805831955389545
train:1141,0.9101945698680161,-0.11073770179095851
train:1142,1.4623349611081782,0.24917455071562247
train:1143,-0.11503187238256257,0.09870990908045943
train:1144,-4.163636106421693,0.035146957199765363
train:1145,2.939136349962016,3.4739333545516278
train:1146,5.683238230768315,0.4028566929292604
train:1147,-13.969937182358422,-20.041392923065146
train:1148,3.3852437044109087,2.168330866840903
train:1149,0.11794504031624671,-0.023909839005667746
train:1150,4.716803325090467,0.676891346306002
train:1151,-7.436759709100546,-3.097582784709338
train:1152,-9.83210983859892,-4.550090669506381
train:1153,1.716256535597215,0.1284041147096057
train:1154,1.0859971579715149,-0.14855084111316533
train:1155,-2.9413039636709213,-7.434438882233248
train:1156,2.2860732838842464,0.5703177294773476
train:1157,1.1276966793988061,-0.21560356172823114
train:1158,5.331187664572997,0.4114316775667083
train:1159,0.7580890072338682,-0.30785677945285533
train:1160,-9.61531463457673,-2.703823256403115
train:1161,-2.613761004828708,-0.7268786839949768
train:1162,-1.1930557411373397,0.12606651034204655
train:1163,4.75618175098886,4.933968594327838
train:1164,-24.315099705019257,-10.860037642977733
train:1165,0.06648947900389267,-0.11189842580637147
train:1166,18.146949838600097,21.576618338901113
train:1167,-0.8585648379522867,0.1298389258062431
train:1168,0.15616454565787158,0.03645080567281706
train:1169,13.512243006305683,5.308469198604843
train:1170,-0.3608379229025429,-1.1439498446210732
train:1171,-5.456843139417083,0.14000393650161513
train:1172,-1.0734433075544922,-1.231211610259998
train:1173,-2.8924591408548177,-0.9796194282181672
train:1174,-1.7729116634460587,-0.04580192493557475
train:1175,-5.516609082818384,-0.14305315714315875
train:1176,-0.3867921178847237,-0.9885856601270571
train:1177,2.361444846328267,6.235113930351539
train:1178,4.494615089894473,-0.2114312680135872
train:1179,6.918643127576039,5.4177896066693565
train:1180,-17.21829282445509,-8.295253639167441
train:1181,-1.011217142367503,0.12863740079916836
train:1182,7.834729438081604,1.426153695472729
train:1183,-1.6671000431286283,0.044171287723530295
train:1184,2.0277703364829724,-0.1847098283433502
train:1185,7.10779532750063,10.451900983741828
train:1186,-0.20994788440666357,-0.5195180581131396
train:1187,-1.9783508175155422,-0.024625211637443856
train:1188,1.0760370197515123,-0.03781163562793727
train:1189,-2.5513703754367416,-6.525951447740903
train:1190,8.892153148158204,5.253765055043104
train:1191,3.2520995279757337,0.14603856009528254
train:1192,0.5883208025890256,2.2467743398309143
train:1193,4.779382943031757,0.004565401332380509
train:1194,2.2258600908287045,0.00047214170648000875
train:1195,2.2632379811115033,6.555237940286579
train:1196,0.537887476388172,0.0676667028318945
train:1197,-5.948145489851911,-0.6179961732867769
train:1198,-3.162054212192728,0.10215145846104909
train:1199,3.7191634576996675,7.891336316048281
train:1200,-0.5788380742130691,1.6410436735850737
train:1201,2.09623719181684,0.29008132536801634
train:1202,1.0831137459594506,-0.2887358084269138
train:1203,15.98229126672607,23.20028552775444
train:1204,-27.667902553792207,-12.66038168537514
train:1205,-6.649373438393051,-6.342338425614318
train:1206,0.6632381416315973,0.9448062789159073
train:1207,1.0614251596858622,-0.18318143175534873
train:1208,11.840010023083375,1.3842373815983262
train:1209,-2.320154392022388,-8.514344122169609
train:1210,-2.8147732241708656,-0.08941872000004894
train:1211,14.06112805234938,4.659726583463752
train:1212,0.24246222653925462,-0.09985460790842024
train:1213,-5.571956459989008,-0.38262862684093935
train:1214,4.78354673503112,1.2314137008089008
train:1215,-1.33421182328098,-0.07670646487681365
train:1216,-7.644503919080351,-1.4880896606341782
train:1217,-1.213106194191885,0.10136689533641997
train:1218,-6.285145779740466,-0.46761077973157233
train:1219,4.42912509478525,-0.2471506102925355
train:1220,6.76868152729172,5.794516290225699
train:1221,1.1431165643075663,5.785076709749209
train:1222,-14.14974363119199,-5.456923238602656
train:1223,-1.0943395599161878,0.1805290934872424
train:1224,1.4655791483091107,1.929351612333341
train:1225,-2.014700080085234,-0.08721617975436316
train:1226,2.1008245227299382,-0.05852648455367307
train:1227,-0.5246941333522209,0.1654788773444229
train:1228,-9.091672693758287,-0.2639586929362514
train:1229,-0.4502303784509376,2.6008925661999034
train:1230,-5.646095761301462,-13.750793038003598
train:1231,-0.2819783245635673,-0.015430223119709013
train:1232,4.795801003624152,7.630696157453427
train:1233,0.25162038383039376,-0.0981106865017019
train:1234,1.9315205371908757,-0.5357452972689152
train:1235,1.8200333327086153,2.695724913043427
train:1236,0.8122249282854277,-0.11304474107997384
train:1237,3.7508019540306874,1.9877548080377305
train:1238,0.09984630664684267,0.06678513035646116
train:1239,-0.1424151625112418,-0.15863981359680407
train:1240,12.27261387835613,9.694805771471305
train:1241,0.8860923696859091,-0.11047677516945717
train:1242,0.12070153012913418,-0.026611656421172747
train:1243,0.03525499509442746,0.16638291889743223
train:1244,-0.25479611081270453,-0.04789743390855336
train:1245,-4.939743503312244,-0.07125065185454388
train:1246,9.214331900648403,3.2921224237770415
train:1247,2.2744406086256435,-0.2244099421995091
train:1248,-0.6445308891369101,-0.10309960635802387
train:1249,-0.8340077169940098,0.06317409993358414
train:1250,-0.7952124707058451,-1.0387257990550776
train:1251,-5.332303172286531,-1.6470895558712024
train:1252,-3.366558186761685,-0.15637389628627302
train:1253,-2.9757261474289383,0.012989201176424325
train:1254,-6.687072585963876,-7.136216730493601
train:1255,0.45481724571442356,1.4115921639345859
train:1256,-0.14930109861849483,-0.07900615713411363
train:1257,-0.21288708639638776,-0.09381952066712032
train:1258,2.0047176852555957,0.33887339097188307
train:1259,6.428287347095511,1.1443135698677132
train:1260,-0.5802492119605083,0.19229047864658383
train:1261,-14.265044778022038,-3.4847431092662937
train:1262,-4.531237199056791,0.0907941600460502
train:1263,0.11168575351014834,-0.4818760760977377
train:1264,-16.277433904202535,-5.16289930917987
train:1265,-3.8727927247172276,-4.7248707049206216
train:1266,-1.6905182349387986,-0.33204170992118204
train:1267,-10.081341335632667,-8.343223621853648
train:1268,8.22160410833233,5.586495715436773
train:1269,0.15116611234689056,-1.008177911138854
train:1270,-19.381991808713362,-12.709123748365101
train:1271,-1.8740774896029677,0.1219605539040555
train:1272,-14.777234896092791,-9.60602515600712
train:1273,1.202466407458819,-0.3471223484817353
train:1274,-1.2811769406843658,0.143243620836046
train:1275,-30.113512014498607,-11.24261284910109
train:1276,-0.3758517032655859,-0.4888990537831281
train:1277,6.867224294665645,1.2815010552372188
train:1278,1.2843049581466013,-0.5877010803258844
train:1279,7.142605484061624,2.998397511412029
train:1280,14.786798519936355,10.846867137179084
train:1281,5.6763119050418185,-0.07803606362607146
train:1282,7.869945931646556,2.165639998642566
train:1283,-17.12140051058694,-8.93381883212269
train:1284,-1.0926161145229725,0.10345837414151592
train:1285,-4.7243114344108825,-10.83329273560425
train:1286,7.638455647508707,2.7281323132876762
train:1287,-1.252004826282401,0.03685353713946458
train:1288,3.7731105064310237,-0.1688136692623965
train:1289,5.091353989276087,1.2352973560396996
train:1290,-0.8887111848391404,-0.12645186134354683
train:1291,-0.1886434353750885,-0.047431753359490625
train:1292,0.42348652409349474,-0.06436844472342712
train:1293,2.037420142952241,-0.14718375823607838
train:1294,-1.7159861272823762,0.11910983426810653
train:1295,0.5389297029083341,2.884554185027078
train:1296,-7.936752278388889,-16.564580072814916
train:1297,11.84145591333773,15.241293719259376
train:1298,3.6601543983286216,3.8195434328726567
train:1299,-8.115852054172096,-16.456039163416275
train:1300,14.274077467244869,7.510370323861794
train:1301,1.0229670359606202,-0.16082698214021168
train:1302,1.6743292050944785,2.797760489505784
train:1303,2.666004194040458,-0.011211564641813054
train:1304,-0.6349023525966246,-1.2675190717281968
train:1305,-1.1581395836187913,-2.6235277607776033
train:1306,-3.6361562800567184,-9.079943446595845
train:1307,2.0095918696371626,0.8918368908038439
train:1308,-4.2964543764040375,-0.0508695935590201
train:1309,-32.34843806323548,-13.587248967985447
train:1310,-0.9492457514118283,-0.6180657204316549
train:1311,1.9650340416877543,3.884788498364134
train:1312,0.5747784828867668,7.019382032425563
train:1313,9.754609482972114,1.3505470326896913
train:1314,0.2876593146493511,-0.017253713593208306
train:1315,-4.728144670792609,-4.655859964688221
train:1316,0.25084025397611387,-0.023723737979014656
train:1317,18.444927828614322,7.179719087434775
train:1318,0.13444283408504726,-0.0022248965718897756
train:1319,10.733353517387693,14.702460416006506
train:1320,-4.391253171360492,-1.4470862332830052
train:1321,9.013874791583962,13.635277667106498
train:1322,4.7467681220916855,0.012585506749309264
train:1323,0.4609615819207182,0.10771865391073118
train:1324,3.50315024319768,2.434670610117125
train:1325,32.062857827929946,10.996178223504536
train:1326,1.9976105070181842,0.28745515384701714
train:1327,-3.3638630659242237,-0.28182859998884346
train:1328,-0.5217956115545406,-0.2074501041191491
train:1329,-0.5476755361289614,0.16063932335617748
train:1330,-5.663406461536417,-0.23796061490315085
train:1331,1.5045628601155583,0.8510607221230109
train:1332,11.139079621089753,1.4238691252612896
train:1333,2.4126444711181056,-0.30096679730759324
train:1334,-12.05647484456474,-5.7388461074774755
train:1335,2.3606816859255257,-0.14751526629333028
train:1336,2.3143601973073387,6.171470089791571
train:1337,0.8309803564835387,0.35640148272370026
train:1338,-0.17409125896262245,-1.4131990124565617
train:1339,-0.07253751811729564,0.052504890270447684
train:1340,-3.4015389676710233,-3.6879611505471708
train:1341,-2.139981124085704,0.18953362982361893
train:1342,0.06876873204954638,0.0836650427180152
train:1343,1.7475963230895135,-0.5272184606548445
train:1344,1.7210602851319865,7.357899015273084
train:1345,6.729470471326307,0.9369920330478176
train:1346,0.9193810870644658,-0.2348003213094884
train:1347,-0.8973642103742158,0.06421431122974437
train:1348,-1.5794213278419185,-1.3828947178734239
train:1349,-5.199779659352824,-0.31828328741296874
train:1350,-5.722833015906953,-0.21133654123574308
train:1351,-5.777995356318337,-0.007378874985388889
train:1352,-0.5868552102319399,-0.5487292855700099
train:1353,7.771178144696068,-0.48852999026764204
train:1354,-0.7932249527517055,-2.5765278715994397
train:1355,5.406677083344825,0.5404078920338768
train:1356,0.05857904131729676,0.11636511161399218
train:1357,-3.7244567049069777,-4.065707573573437
train:1358,-0.2152243377729839,7.364792956255823
train:1359,6.385515030889465,9.420945520934795
train:1360,-1.311238905230009,-0.12098367249600905
train:1361,-4.317234748332968,-1.6421925809069295
train:1362,-0.04729255322611839,0.22855813774879094
train:1363,-0.1405847863275113,-0.07731009842915237
train:1364,-9.504345579511988,-18.572627983003038
train:1365,-1.2844093887441659,-2.6342024985471277
train:1366,-2.5371946070298006,-7.653400970506411
train:1367,11.513203491946273,10.895880826351295
train:1368,21.006522793210063,5.555895542333682
train:1369,-1.8385432256235936,-0.901978493614846
train:1370,6.869668825520116,3.250596144557196
train:1371,0.9558485546493245,0.16914019570282712
train:1372,3.06735613103573,0.2896327997813568
train:1373,-30.416752859072098,-12.424443531354482
train:1374,0.04010081957068419,-0.0006687524563420977
train:1375,2.770754526262026,3.4454428495069087
train:1376,-1.9142802124212879,0.12855472885976976
train:1377,-4.685707559369004,0.2583923649629583
train:1378,-0.6830040064186481,-0.2726116417063677
train:1379,5.293759098393824,0.11071503023369648
train:1380,-2.5277661008052505,0.10663453875029154
train:1381,2.5802301253452384,11.226613094118397
train:1382,-10.26691088915852,-6.671293710331983
train:1383,-0.5264833644274272,0.058353519833069516
train:1384,1.7121059937175467,0.002001608250556522
train:1385,39.81578274076525,13.258115582758018
train:1386,12.84657187019322,14.846422292599966
train:1387,7.308076698135441,0.590678280281433
train:1388,-22.109106338696893,-10.04615772189234
train:1389,-0.6405098264970613,0.20474776323713556
train:1390,1.5497897028804068,-0.21798061180975703
train:1391,-3.7180710770473033,-0.20186072491351104
train:1392,-3.940096359016883,-8.16115590162105
train:1393,4.752583297429786,0.1365999069140571
train:1394,-1.9886417438114208,0.02004359990521859
train:1395,3.889370311043862,1.8262258219609164
train:1396,-1.6241135166541913,0.041876766920593014
train:1397,-9.189508788081852,-5.278277095237247
train:1398,-1.2300007941767928,0.12856838863232783
train:1399,5.726485691617432,1.2462401534712255
train:1400,20.82112711844792,13.474317469679178
train:1401,-1.31889387131057,-0.8866940284219964
train:1402,10.13101423408197,1.871036438348725
train:1403,2.8631594662603836,0.5323505521455365
train:1404,9.422501974124346,7.567952791926218
train:1405,-0.3410420697356319,-0.06144596670004504
train:1406,-2.3217220903946356,-8.403913242360007
train:1407,-0.3977492694971595,-0.19879433779803518
train:1408,-12.782575824812659,-12.69004486227811
train:1409,0.02189713100580716,0.0364837603199285
train:1410,2.1045382755761763,0.12682739177221464
train:1411,-2.597483813929905,0.2497549662211327
train:1412,1.0033115294562602,-0.12357589074422679
train:1413,-11.781164322473797,-3.3067024183785514
train:1414,0.1325639903582246,-0.2914889480688186
train:1415,-2.9152949085440416,-7.658725071935842
train:1416,-0.6026828850086591,-0.1670777368610385
train:1417,0.5133078069805911,0.09293678275153339
train:1418,3.0202391703194063,1.5356432992579103
train:1419,4.071432302182579,10.67475999470112
train:1420,1.195977103223993,8.24318295433954
train:1421,-4.374210263018305,-0.260615936166591
train:1422,25.625138866114355,7.301206750663098
train:1423,-0.6957827008016848,0.09697615225645403
train:1424,2.820487572014126,0.2598078455198398
train:1425,1.4438231491458495,-0.17631117246707
train:1426,3.436759704865728,-0.12065726456271486
train:1427,3.079522995330428,4.209038258924553
train:1428,2.567822434313641,-0.2851676475774437
train:1429,-0.31595511833326473,0.08604334108162862
train:1430,-3.5256960760798837,-3.6382381518276086
train:1431,1.025766530547954,-0.14046133121216856
train:1432,7.164039063645658,3.594348779131944
train:1433,5.728250514577412,0.6082802703328334
train:1434,-1.8734194003248192,-0.029919889274811595
train:1435,5.0557497553663975,5.016137797031971
train:1436,27.23084137114408,7.414296257327976
train:1437,-0.23103899488824903,-1.978037669443844
train:1438,-0.741769914470392,-6.308382299616642
train:1439,-0.8497880284042779,-0.38303389053696446
train:1440,-3.3669312822372865,-2.254605764815081
train:1441,1.151361393172762,0.022091139180832622
train:1442,-3.764532737984361,-0.0019091168689410326
train:1443,-1.104997770231662,-1.1605377303045445
train:1444,7.999414013470414,7.7713094995144205
train:1445,-8.872535240507338,-4.756601892925442
train:1446,-3.5534339231395045,-4.577535185492135
train:1447,-10.243843593062008,-0.4000968367177564
train:1448,12.236716747063726,19.0609444629706
train:1449,4.424329946205368,1.5050399876169995
train:1450,0.5176266486262004,0.08143842846064087
train:1451,-0.07235637503358064,-0.16327825150814324
train:1452,-6.80934655016847,-5.277462787333731
train:1453,1.3510518549608572,0.16672352158132203
train:1454,0.9521600235221537,0.14909071679496028
train:1455,-5.6543666254895655,-0.35151976095456905
train:1456,-5.927851885478064,-0.7303384939592472
train:1457,-8.36812503482128,-0.2497656542703542
train:1458,-1.2404378204766684,-0.009252047085972853
train:1459,0.5072979478662812,4.0847299061607885
train:1460,24.52565974104464,10.221910073568706
train:1461,3.1745426256151204,0.870499541433646
train:1462,35.15188566232614,10.819115615130196
train:1463,25.654662922292058,8.97099446746171
train:1464,1.5464427691372835,-0.22157266834490325
train:1465,2.9344646367077067,-0.0699927758275167
train:1466,-3.219075753609634,-0.018743021119268066
train:1467,-6.154338738452767,-0.6712017363698055
train:1468,-0.3675154020828515,-0.02051872022141528
train:1469,12.267285005656634,1.2606825632330134
train:1470,-0.6591874974138086,0.19183089684714882
train:1471,6.760766789127679,14.020563428619973
train:1472,-0.1889155277453014,-1.8770462274499222
train:1473,0.9824790868815133,0.0636053635622329
train:1474,-11.29387420126569,-6.826182263685438
train:1475,3.1885328923463416,-0.15140887211562712
train:1476,-0.5918999027327307,0.041626789516259644
train:1477,7.968060975858421,0.7387615563455674
train:1478,0.4657374364666596,-0.701220709332931
train:1479,2.9434033534200497,3.297163486159421
train:1480,7.3052760412569056,5.402040423887912
train:1481,-1.7382423765786559,-0.13789340096685437
train:1482,1.0629937878910707,0.9389884284230443
train:1483,0.8488054868041682,-0.7358910666759035
train:1484,-2.992217664825252,0.2865647364013634
train:1485,0.19916966879152836,-0.010526899749390792
train:1486,8.089054560075716,3.740307907065491
train:1487,9.41553752524645,2.7001011760511773
train:1488,5.187987809581077,11.293901062409162
train:1489,0.2789673523590339,0.6815946592206914
train:1490,1.2386664318382694,-0.1543663733678657
train:1491,-1.502560870369095,-0.6078946466518576
train:1492,0.6695069592255459,0.055415063798966734
train:1493,0.13801385757177162,-0.04997985375221392
train:1494,8.751276015902864,2.69303490080995
train:1495,-3.9855135850804957,-3.0980775323984395
train:1496,0.7490557962468636,-2.8133202785504166
train:1497,-0.9216333155728224,0.112980483896595
train:1498,-7.280150732978029,-4.706332217981935
train:1499,-1.571094208759674,-1.154591057100246
train:1500,-0.04348110980441522,-0.12297578804693568
train:1501,6.69887524757753,8.01501639060478
train:1502,-2.9938139555610506,0.09610706260189625
train:1503,0.19575183528512893,0.07752463613372818
train:1504,-22.178365876630014,-4.985399588083671
train:1505,0.1947894581704929,2.6220794084155443
train:1506,-6.3334292159063645,-1.5056824490633334
train:1507,-2.224132866722217,-3.189781613000147
train:1508,2.864338261996693,0.13404638541055355
train:1509,21.088013353912192,6.969427352550551
train:1510,-9.21601739596703,-6.75493517259538
train:1511,-2.57001189909713,0.2076672453835075
train:1512,-6.902871938884833,-0.5595533892076106
train:1513,0.3155805712605295,0.026616268743824403
train:1514,12.682728793634116,3.317342572413178
train:1515,13.312671098220115,4.416164635756361
train:1516,-5.558357652934368,-0.34740299796022
train:1517,-22.51545264098394,-13.36080974133824
train:1518,-0.8158234386921936,-6.809355706466826
train:1519,0.8929179247652571,-1.204561572325169
train:1520,0.1684293911008352,-0.13505316690044086
train:1521,-6.306865747876488,-0.0399275094315443
train:1522,-1.779204308009633,-2.5638983954112105
train:1523,-3.25487199802577,-1.1772532974129715
train:1524,3.7188673059015884,-0.35120283996514023
train:1525,0.3274376849500942,0.15803562091275425
train:1526,-1.2262095165074314,0.07884139541008545
train:1527,-0.961168883241624,-0.019962200401581087
train:1528,-10.52170743646386,-8.438592373342795
train:1529,-14.513216265480244,-6.305804133458209
train:1530,11.156285250200115,3.520599417434377
train:1531,0.02127460783841699,-0.052982079168389484
train:1532,-2.729972225669334,0.12194257864199472
train:1533,-4.144365318304947,-1.1562433546017379
train:1534,-1.6312557960858802,0.08167888325590633
train:1535,2.2737353303247243,0.14122504170486322
train:1536,-3.192581790593592,-1.2295406241923952
train:1537,-1.4072069651349226,-0.7973625397515018
train:1538,8.769046053620555,1.1005074282431582
train:1539,1.5087408320675757,-0.02885328572880022
train:1540,-7.802161746782876,-0.755769923255003
train:1541,18.671174784685086,4.503838833797014
train:1542,1.5019986132673577,0.801232867708094
train:1543,-1.9283546290354794,0.08848398221921475
train:1544,-1.0789658179681174,-0.12266493014193217
train:1545,14.571183273941674,10.251470534688472
train:1546,24.828614197066145,10.553695748756894
train:1547,-3.202409195158412,0.02750140773950789
train:1548,3.203944873674933,2.782188776771987
train:1549,6.8496281357116615,0.24098760348139145
train:1550,-0.7605575381347777,0.15559405247990307
train:1551,10.939583029474027,4.653293722218953
train:1552,0.015351804335080849,0.01862851166556455
train:1553,-2.12310837517538,0.20617044816492242
train:1554,0.8229583388416227,0.02858020878477481
train:1555,-12.538409127917483,-2.671649534565656
train:1556,5.75953381471733,0.07177932866275334
train:1557,-9.822239661717893,-16.404010195363774
train:1558,2.2517640748309913,-0.33351140158586595
train:1559,8.081905074438579,7.546101150335947
train:1560,8.51219178597252,2.2035312804234537
train:1561,4.169183781706693,0.18302144916845575
train:1562,-2.0584991643384654,-0.6974069578990352
train:1563,-1.9964209588213957,-0.050260396235091126
train:1564,-4.0747543035125675,-2.228233630138144
train:1565,19.06562108473724,8.151525095840276
train:1566,14.787616772942034,9.62204932901138
train:1567,12.335266953101339,2.7547339892079132
train:1568,9.858558299181299,3.304411225950976
train:1569,5.974714828719221,3.0085344179278297
train:1570,5.6999166445897895,3.246530311472019
train:1571,-1.6383494917453572,0.11505363078760514
train:1572,0.3768992194775816,0.19054958878207812
train:1573,0.5297056437060841,-0.006539958092147413
train:1574,0.0515760043715177,0.02523317219081425
train:1575,7.308390051843298,8.484671755155922
train:1576,2.1092839105508854,0.3618497703882422
train:1577,1.007388149615529,-0.08902543981206434
train:1578,3.3224897427894318,-0.15927067753125274
train:1579,-2.1625846659929175,0.1533527798243006
train:1580,8.712094714592205,1.6707125569204437
train:1581,-2.191657520726296,-3.197380869027558
train:1582,3.5702809285665893,4.667174619032556
train:1583,-1.955850487067,-0.22636132808917897
train:1584,1.3118621851535477,0.07370589157148212
train:1585,-0.3145213159074012,-0.025943789839128692
train:1586,0.03600327816979301,-0.032161482917236583
train:1587,-1.681150749002314,0.41597856290322605
train:1588,1.0197056468499093,-0.24980913015220357
train:1589,4.28060380575752,0.022637280426738876
train:1590,-1.288125349943686,0.20392518100663976
train:1591,-4.4480775881896655,-8.815026316917004
train:1592,-2.0745906211033085,0.914786592648732
train:1593,-8.901303342487747,-0.25568393797346156
train:1594,-0.7941040517017719,0.07766701162211437
train:1595,5.0736508995315885,2.02178226444041
train:1596,-0.7692218378945052,-0.00831216200444948
train:1597,-2.3480793679654104,0.032556878863697736
train:1598,-16.062251960367686,-7.370194724984775
train:1599,5.7570930031947025,1.0513356708934598
train:1600,-1.710809282272003,0.12312109959345596
train:1601,0.19456176532416777,-0.01655139442554776
train:1602,-9.130830749244923,-11.83205878388472
train:1603,-2.8081390984523638,0.34790838539119595
train:1604,0.8841615715423905,-0.06992536859478876
train:1605,-4.158272364986159,-0.09125890178831897
train:1606,-23.14954664974081,-6.146825209360256
train:1607,-1.4170777231615488,-6.516054211385912
train:1608,-7.27339828601524,-1.7366433100836869
train:1609,0.16148249282007657,-0.009049932383396561
train:1610,21.840891663771018,8.205894842463358
train:1611,0.677088700960428,-0.06812213595631034
train:1612,4.142650998164529,-0.3174482936920024
train:1613,-0.09538764010285475,-1.438615034384837
train:1614,-1.268561664444225,0.13276058352996764
train:1615,-2.3999317354938716,-1.619804249349416
train:1616,0.39663201834682477,0.08607169491761735
train:1617,8.513580956416256,10.361188110448044
train:1618,-10.732380620270819,-0.9901893816227418
train:1619,-0.7825661031760708,-1.745936805890731
train:1620,3.4531140719002944,5.70371496722971
train:1621,3.2113347211324887,0.34339495401462466
train:1622,-1.3478688611248026,-0.04002544607761355
train:1623,-0.7063349101596047,0.11342505064577682
train:1624,0.7530872032784035,-0.11225939332088969
train:1625,2.5332547316972276,-0.08962325993639533
train:1626,-4.927240039485664,-3.255087166675067
train:1627,1.2664189237670263,-0.1211640670902619
train:1628,1.108296412042241,-0.04795492621498587
train:1629,3.389736657278466,-0.3861005986392628
train:1630,-2.3114348834306013,0.21644445171913917
train:1631,-5.4185172844305445,-1.926342670347566
train:1632,1.0701727957247194,1.916084157002764
train:1633,1.6696702770433829,-0.40920301888126237
train:1634,-0.7454113728039121,0.0936498371451469
train:1635,-1.0675101596594647,0.0152307234884443
train:1636,0.49801379820892644,-0.043697784983590726
train:1637,-12.83142924858365,-4.075365710410858
train:1638,9.145641420487415,15.575427020737028
train:1639,0.8146039059161488,1.5277087903269853
train:1640,-1.3827453845133886,0.2383257667578907
train:1641,-3.2393763317306883,-0.758275475061142
train:1642,1.4867442386256555,-0.3571894938614431
train:1643,1.0178127393995515,-0.11873252057931366
train:1644,-0.6881120437899071,-6.724081063250479
train:1645,20.29518570071692,12.161053953810312
train:1646,-1.7785018192075968,-0.24631254936415403
train:1647,-0.913832946862985,-0.15147563737471
train:1648,1.7151990830623167,5.669274365121253
train:1649,-2.4662783392184164,-4.339136988463728
train:1650,-1.1803890916261035,0.17066951958609364
train:1651,-1.922318153452661,0.4308079401121559
train:1652,-0.6160057641321217,0.23666662153751855
train:1653,-1.574863867812692,-0.41178346761265466
train:1654,5.551756130750928,4.876042599032918
train:1655,-1.057784920491235,0.1379891378818975
train:1656,9.632565187508888,5.960744666044928
train:1657,-1.2072998522669143,0.2541674650746246
train:1658,-4.651874657250022,-7.192635656991614
train:1659,-7.998838155027887,-4.277638195843013
train:1660,-0.6788220826765461,0.016924178633622944
train:1661,-4.9691159967173055,-5.562314197316359
train:1662,-7.590662871306549,-1.0610272501792972
train:1663,-1.8496277643516867,-3.429648645728378
train:1664,0.8296555769723525,1.0398794372067217
train:1665,-2.320836192041042,0.0987321641668204
train:1666,-0.14683826167760344,-0.04374814424952292
train:1667,-0.5971448580074972,0.14202861438242567
train:1668,13.948309559525205,7.252132002664204
train:1669,-0.2729108259861258,-0.0736905440228775
train:1670,-0.03212395567506876,0.06268869652753803
train:1671,-4.459152828588149,-4.102909518320375
train:1672,-2.654750133873794,-0.6009050515960086
train:1673,3.1627648964146013,-0.3937650506568461
train:1674,2.324225725023559,4.74338573566759
train:1675,-0.4034934869574234,0.2813376443227361
train:1676,-0.9142399812416632,-0.09039690950905899
train:1677,0.7423441457052382,-0.07548486036073052
train:1678,-3.6273784244466287,-0.6517274658478838
train:1679,0.6099147783588325,0.10562293094653755
train:1680,-1.6234200937235248,-3.388096116919491
train:1681,29.73712429222172,10.95487848965098
train:1682,2.973969287430555,-0.11248451207907947
train:1683,11.313677145675795,4.4161406687402796
train:1684,-1.0036534161462405,-0.02228389808882454
train:1685,-14.753791947480034,-4.162952600035786
train:1686,-4.3774907137047165,-5.106962005576437
train:1687,-17.463913780101272,-3.403313460201233
train:1688,5.58106446568168,9.115348946604307
train:1689,3.1439948233473545,-0.050034813829268804
train:1690,0.5312620678536796,-0.11613762744090833
train:1691,3.4379712772139124,-0.08861125981541382
train:1692,0.4697615210636317,-0.07880639633490247
train:1693,5.700324841259669,0.48689489490528487
train:1694,8.956227007667822,6.784388292967144
train:1695,0.46758989618321384,-0.13874383772050386
train:1696,0.35433414940912933,-5.916858266203216
train:1697,-3.9355304142618874,-1.8418158550972703
train:1698,4.262417202873302,-0.23538565861294386
train:1699,-14.253892361487791,-2.979123525155827
train:1700,0.2898547664993947,-0.05184874602849768
train:1701,-1.5825915933224515,0.2066092728165015
train:1702,12.672038504081486,5.237973644661897
train:1703,-0.6261926653654883,-0.035817166173645554
train:1704,-8.804956840567707,-0.9205371670581479
train:1705,0.7842338179730541,-0.10372792023049368
train:1706,1.5525357320724829,3.059523103353767
train:1707,-0.10931566614024885,0.03294206305071448
train:1708,1.238029728718224,-0.13547312465989664
train:1709,-3.3280637995509643,0.08748499989714631
train:1710,29.210284655850394,11.741253406567177
train:1711,-0.011232003790817707,0.45084108435727704
train:1712,0.9089964800977663,-0.02911471166313659
train:1713,-4.519458540023311,-0.6117337203795297
train:1714,1.667888484631865,0.8623571757025421
train:1715,2.412245340319596,-0.002772535756301084
train:1716,-13.009631735559493,-9.087054802653034
train:1717,-0.15874907322066595,0.0005234282676772478
train:1718,-2.3388310168770543,-4.710216015873544
train:1719,14.882415102982009,8.64305264513833
train:1720,3.2609436341842946,10.25326691960807
train:1721,-1.1458607906814127,-0.23735223787887938
train:1722,4.274603593660181,3.164959713526672
train:1723,1.6411432342581125,0.0053497504657946116
train:1724,0.21776179507586357,0.0006776802684964472
train:1725,-1.851165243152702,0.08139381129231144
train:1726,-0.9482408344392265,-2.539612960402234
train:1727,0.6738965844053115,-0.08389999356056646
train:1728,-0.7794771980796255,0.08778744081435946
train:1729,-7.43458111047292,-0.46739636053413297
train:1730,7.715738714062305,8.78656371357217
train:1731,-0.8271028936547364,-3.591930452899595
train:1732,-0.8899018359457022,-0.26312252226360255
train:1733,0.021177788981352766,0.00495507933491246
train:1734,0.47595816037398264,0.10241473898591553
train:1735,2.0218317258192995,0.2616551603486102
train:1736,-11.744737186393621,-9.793265757210543
train:1737,26.306795690492347,7.136781036839108
train:1738,-1.5472517806610466,0.04515382838724552
train:1739,-0.42979636929997955,2.509016721982948
train:1740,-4.970704151414695,-0.743926936112338
train:1741,-1.5728357858956286,-0.03426159270133791
train:1742,33.46299286194157,16.442900613639072
train:1743,-0.8715949359221541,-0.07647988384532128
train:1744,1.0825425960631558,-0.18200603150910638
train:1745,-10.73824507675585,-4.097284687903451
train:1746,-0.024416570261331455,0.056010316028717616
train:1747,-3.449127121240334,-3.144220886073326
train:1748,-0.7202349830936088,0.34018801033609025
train:1749,-0.9194456510738273,0.12414058940696279
train:1750,-2.0693779775239367,-0.013610156505649867
train:1751,8.343986862993361,5.978820361315954
train:1752,-4.380176536212567,-5.1272278296026785
train:1753,6.762427470796027,1.4603082626571242
train:1754,0.5515960037322098,0.09778767827417433
train:1755,-8.573090903913613,-2.858355443053175
train:1756,41.794686722354186,17.31487544041843
train:1757,-4.267790415715259,-1.4477175073672828
train:1758,-0.44148041782967795,-0.5409546280766968
train:1759,-1.6424693491373121,0.09696185051025091
train:1760,-4.9984029454899535,-9.54623772246324
train:1761,1.4037798926803413,-0.06896126684076684
train:1762,4.65069592089514,6.78727175325899
train:1763,9.972698084643056,4.190347980884021
train:1764,0.6599582720907864,-0.21019561140771847
train:1765,7.189832629983826,11.369705310414059
train:1766,1.0714475967142516,-0.2724571757143335
train:1767,-2.0982702122046404,-1.6084625722931127
train:1768,0.6564748853606364,0.010076103101300152
train:1769,0.90994746675863,0.11645994538744381
train:1770,0.2459246920277821,0.06521457749910287
train:1771,0.44784407965251666,0.749149545886979
train:1772,0.7452210488865753,-0.6452704949261929
train:1773,0.2850866993045016,-0.4194710306814589
train:1774,-12.375963590298763,-5.3089440335994205
train:1775,-1.331797511997741,0.051939703806405606
train:1776,-5.3178182344200575,0.05501732546066944
train:1777,-0.3654533231481516,-0.04793734327015259
train:1778,-10.47057127277361,-0.2827790776355098
train:1779,-1.3082312442885309,0.39337188897599795
train:1780,0.5868202846482102,0.005977600690631926
train:1781,0.04631930995561864,-0.6644789883590732
train:1782,-3.098894843400254,0.08186477029134441
train:1783,-4.910573713492682,-1.296728729916157
train:1784,1.3845270038480946,-0.21415487686782064
train:1785,0.20156887028915121,0.02250153866601798
train:1786,-0.9227828215708599,-0.1978997831888913
train:1787,-0.03168571377763699,-0.05017326614537984
train:1788,1.058205380600156,-0.3531954548289019
train:1789,0.5044867141378149,0.2184593216692618
train:1790,0.14428162910363915,-0.14242676919162403
train:1791,-0.5984747515999688,0.025222900612493812
train:1792,-4.696922739628118,-0.48603535201346854
train:1793,0.1437097818326235,0.02145308870807988
train:1794,3.48454428564805,6.514958516546188
train:1795,-2.7860748596625307,-11.713742755784457
train:1796,-2.49845869570746,-1.5395812254153873
train:1797,2.4924432007476924,0.294995348299085
train:1798,-6.768551058837511,-2.8399270902598137
train:1799,-6.5274425825510685,-14.096987455002413
train:1800,-2.0475729296719827,0.14684074182994744
train:1801,-1.131179076914567,-6.53415273238654
train:1802,0.12163845306646281,0.4539973834482593
train:1803,-11.422819716965463,-1.716111423646784
train:1804,-13.28752905294794,-2.6357908840057367
train:1805,1.9197018953400726,-0.026745828912983577
train:1806,-7.735334651875734,-6.737812451535196
train:1807,2.184114775128084,-0.21097464642595987
train:1808,1.6934921325877483,0.03808405795617308
train:1809,1.3971427450047158,5.67727364205992
train:1810,-0.4178729468973835,-0.9616949534057477
train:1811,-0.12596967184649754,-0.006196181205234963
train:1812,11.790298363489377,7.41001985688723
train:1813,-0.6811833934810081,0.006507514269399967
train:1814,1.1017101727212304,-0.2196032358627676
train:1815,-2.0250607438531874,2.023891361855542
train:1816,-0.24061918011456251,-0.16499813456837553
train:1817,1.3738759997380683,0.1299564783136882
train:1818,7.3180510163080985,1.508314623849882
train:1819,-0.2300980620462761,0.01546679146380206
train:1820,-1.2057730665449506,0.18650444151435222
train:1821,-6.775037573573455,-4.626797104473757
train:1822,7.961116983305665,7.5214299604967145
train:1823,6.192445444700177,8.935143235263912
train:1824,0.1763411073077525,-1.3025114858497584
train:1825,-11.653878558609408,-4.1386711595294905
train:1826,-3.1550070081813013,-0.17270449319889813
train:1827,11.415737471141187,12.38869837898045
train:1828,-7.66202290189857,-8.602626055260888
train:1829,-3.8754776173921175,-0.09166644805730417
train:1830,-0.5521173481836632,-2.0499778067489123
train:1831,-1.2731285390321814,0.2213960657736445
train:1832,2.239502600032511,4.282655231390435
train:1833,19.39440258108351,10.738886599442148
train:1834,-0.5771440347872454,-2.587621746828762
train:1835,0.5000507135391192,-0.08415553473649007
train:1836,-0.8250529025485296,-0.2977583200253512
train:1837,-2.49342388268188,-0.2187717729968489
train:1838,20.810867341556232,7.825150259854002
train:1839,-1.8799644945373055,-1.1239563600811338
train:1840,-1.4690743310280854,-0.010884764391291352
train:1841,-14.785744727351872,-4.094533046200051
train:1842,-13.601858155581368,-4.745618722484684
train:1843,3.257386093275505,0.054589129039435816
train:1844,0.3154400502542982,-0.02616865894090098
train:1845,-0.7639016823790178,-0.2271102973417115
train:1846,-16.541071303301074,-9.13548928893662
train:1847,6.7984408312085565,-0.551099523597858
train:1848,-0.9602432345289474,-1.3354878174043123
train:1849,1.5401412911605799,-0.12061425232849798
train:1850,-0.20256907871552,0.04832988600041363
train:1851,0.6610288585162589,-0.26602991390632647
train:1852,1.0618640408434545,0.07577475863819208
train:1853,-2.5512887825944137,-3.1653603649000455
train:1854,1.318820822575439,3.3600249748373145
train:1855,6.493710394231542,3.6282341453678577
train:1856,39.1743281742891,16.31247325341252
train:1857,0.49743114162973917,-0.44094690369817285
train:1858,-0.871695241652822,0.1485000653763321
train:1859,-1.449968588261917,0.25321135232596303
train:1860,-0.829689398379441,-0.15164249702461352
train:1861,-8.498770285173764,-2.432901533231114
train:1862,39.81886606686393,17.371729767708583
train:1863,-2.0630381439375918,-0.005919740220645439
train:1864,-0.39476485437970665,0.5228970622400704
train:1865,-0.2767105883812564,0.08275543739341565
train:1866,5.626620701772963,4.685607536971838
train:1867,2.7233476901201104,0.3680878996273835
train:1868,-30.731571983675973,-9.416463748746517
train:1869,-4.879081200936539,-0.15250925060840745
train:1870,0.6647128567077448,-0.31377231693537005
train:1871,1.4509535732072854,1.3818916098993943
train:1872,2.446160300197387,0.012790189346465669
train:1873,-5.6921141243743625,-3.8454974885343414
train:1874,-4.598445060561462,-5.112212494027905
train:1875,0.6665399784761118,-0.03661353448030269
train:1876,8.145616299093406,5.587279779248568
train:1877,-28.416055452543226,-14.857497396421245
train:1878,-0.3556818829046723,-0.511501305225246
train:1879,0.019477821870402673,0.13777436203243318
train:1880,-2.159256561367255,-0.08840265404598224
train:1881,1.7894662364069083,-0.11035519249412937
train:1882,-2.4877433006648846,0.12432722541165342
train:1883,-0.1290825201416887,0.22950597617047216
train:1884,-0.37390963089741514,0.004662018365957213
train:1885,-0.6676611233019708,-0.03739763395729928
train:1886,4.99457511502918,11.762646821635705
train:1887,17.581200412142724,5.892100278772623
train:1888,-6.302358847514516,-12.430939733998924
train:1889,6.57134679731032,-0.09612231579703795
train:1890,1.3256088356489868,-3.9343181088442036
train:1891,0.0837929730334006,-0.30059962404783974
train:1892,-1.087490061638094,0.002874086099351955
train:1893,6.257491909487002,1.9755045242824978
train:1894,-0.34877153868219296,-0.1495693323010021
train:1895,2.1379425247001373,1.155720157592569
train:1896,-12.08386679376287,-11.583833539619848
train:1897,0.6455115736048339,-0.06479553552338319
train:1898,-0.5673367959747675,1.2050178844375028
train:1899,0.3205131026603996,0.3316304303174631
train:1900,11.646101727563265,5.448556407598534
train:1901,-12.996478318493173,-15.121242995528313
train:1902,-18.616060503748006,-8.077278193056284
train:1903,-0.29634482495663345,0.0518820331739606
train:1904,0.7865232991812788,3.1767868653194262
train:1905,-3.386101415936004,-0.1678585908046074
train:1906,6.898888826319573,2.810404231775014
train:1907,-2.263909261127918,-0.018117453467390868
train:1908,-3.0916800369976074,-0.02028261658085502
train:1909,8.993486344248094,2.6486862201249415
train:1910,2.6328326356149874,1.8404608029049554
train:1911,-1.0359920766968944,0.032241241821559005
train:1912,-0.8240811108751634,-0.17508359402956786
train:1913,0.8070509890030577,-0.0799869502029063
train:1914,-0.7900785723553583,-0.22998084683025133
train:1915,0.837383534940352,0.04151191189900215
train:1916,-6.9659090346429355,-12.213830524326124
train:1917,-10.958392328602448,-7.618864500333628
train:1918,-0.2057137737896254,0.10900524042577213
train:1919,-3.388133100955791,-0.10340550679987967
train:1920,0.8041822218601294,5.500502061737993
train:1921,4.7112568714780965,4.743401713678311
train:1922,-2.5617033766741053,-0.5555800716577226
train:1923,-22.259387801519797,-11.149914137332019
train:1924,0.22370517113346186,-0.22644984912178778
train:1925,1.9932623756343033,-0.12768266748187537
train:1926,10.618764622605774,1.0341366262999219
train:1927,-0.1450790758299496,-2.2952401286507675
train:1928,-33.95551672104748,-12.45755795857312
train:1929,3.5359194164092775,0.8260091985643014
train:1930,-2.650998025417915,0.42171452609114546
train:1931,1.2318807433471246,-0.5143950370954118
train:1932,-10.339209121208192,-12.177309356964535
train:1933,1.6890975095558174,-0.11136555201579582
train:1934,-9.050564778552433,-3.4061352910231553
train:1935,6.555608444612417,5.505281769516442
train:1936,-2.1618754359019143,0.5424037880962687
train:1937,-1.4748848572013804,0.24602210346651038
train:1938,-0.9972059543946595,0.13236965724534813
train:1939,-6.780875064902618,-4.64042406504555
train:1940,-1.2446068427864367,-0.27220584303230505
train:1941,5.90884546176191,13.764616240031083
train:1942,-3.1284116933725103,-2.9274917247983816
train:1943,-1.5704486722264988,0.03192927829527794
train:1944,12.904682710923938,5.47349922362002
train:1945,-4.783459968726079,-0.30083287447219986
train:1946,-6.3607095851491735,-0.48996986582303464
train:1947,1.022777117578336,-0.11585005891313832
train:1948,2.9690337340735615,-0.725669419638959
train:1949,0.29790258700597844,0.0023859721379157345
train:1950,0.49978268918811075,0.23976557098287832
train:1951,1.8956043443227704,-0.13695565579748112
train:1952,0.6176698177118212,-0.1538117081385616
train:1953,-2.95004392858785,-0.08739343581079587
train:1954,0.668493557527175,0.07716327630198247
train:1955,-3.6977342354407696,0.061440628431198754
train:1956,-4.537570756270649,-5.859915489210859
train:1957,-1.7904071679820133,-1.5533534146917662
train:1958,10.945908683107717,0.5845226803208803
train:1959,1.6648184086528799,2.0282099898960495
train:1960,-4.36042130512314,-0.2007059926521183
train:1961,13.7044487776742,15.839575493971553
train:1962,0.10064724151362492,-0.02372659119521478
train:1963,-0.38944865065430356,2.5471334078436456
train:1964,-0.320224562602821,5.534192838629059
train:1965,0.5990599083721068,2.3531331094796992
train:1966,-15.424839377773004,-5.907771913892301
train:1967,0.3029879596988131,-0.04259455327461026
train:1968,-14.599945505084651,-4.50820773826152
train:1969,0.27842409745156904,0.07558701701222392
train:1970,0.6319773899409837,-0.06993728077242428
train:1971,1.4724299251075257,-0.059260545751560006
train:1972,-3.299840579685701,-0.9033190059160694
train:1973,-0.659072663043125,0.032087310807562316
train:1974,0.4314033543816975,-0.09487745756892382
train:1975,-7.635578452487702,-1.6357310448393185
train:1976,1.226288263003184,0.6910274633087066
train:1977,0.22869651446811523,0.06968631625394983
train:1978,1.3384196092691782,0.03890817379037642
train:1979,-1.132717253090303,0.07581399036094379
train:1980,0.26719973509196554,-0.11385687340613665
train:1981,1.0369387060326214,-0.3569845616078692
train:1982,-16.40596099506986,-6.392331909229652
train:1983,5.659475419616973,-0.029253199644450112
train:1984,1.1019175254715337,-0.12541689283215435
train:1985,0.4731119416803586,0.0592706861805994
train:1986,-1.0429360692496497,-0.04848801399677655
train:1987,-0.3891836482604183,1.111496875759556
train:1988,-7.762861426853208,-4.373182134806848
train:1989,0.6128270151926876,-0.10086971090201938
train:1990,-1.8601162801517779,-2.9905409551022433
train:1991,-0.14455865994458938,0.042008157526608726
train:1992,-6.648292972492369,-1.6346414015724913
train:1993,-0.6578927050156147,-0.39653188573651144
train:1994,6.221525040722523,0.8990773548940889
train:1995,1.1715092462299723,0.06692536593269727
train:1996,10.04651380408508,18.7169744133214
train:1997,15.100840304184832,17.086601025111303
train:1998,1.0169898372290658,-0.19856645498665154
train:1999,1.0595187696575699,0.6237374264361955
train:2000,-4.28532892502566,-8.096965955480378
train:2001,-5.004238577153196,-2.6215987013046993
train:2002,0.03335615995894328,0.16690527145326994
train:2003,-24.32726935881284,-11.803928354724459
train:2004,2.029745301692139,8.015800454416572
train:2005,0.0032901855086560072,-5.315030514397526
train:2006,13.905376382216906,16.40953852725426
train:2007,-0.45111412656580896,0.05660021847809327
train:2008,16.901146619789497,4.4319166717540055
train:2009,1.2088173990406959,-0.17410206982412396
train:2010,15.6536910878072,5.988755830768025
train:2011,-5.755733295566051,-4.151395362495564
train:2012,14.160088314722794,2.6387958314888316
train:2013,-1.3456503959089745,-5.207576680371132
train:2014,0.29752054188812715,-0.9295514043296049
train:2015,0.556727286927494,-0.3534362306109899
train:2016,1.2686237901758002,2.7800836738595356
train:2017,-3.6398865374380143,-0.2231281704868059
train:2018,5.212802261811311,4.866053489116284
train:2019,-4.3570320639802915,-2.013752945889707
train:2020,0.372044212900835,-0.6100760730976624
train:2021,-3.2245457284609627,-0.21241769618437512
train:2022,0.21309903146380393,-0.44643863157936164
train:2023,2.7697919166891496,-0.13634524585666707
train:2024,-0.3254731209803113,-0.0380053690079257
train:2025,-3.1471782795661536,-4.558590400566551
train:2026,-1.9664436090752035,0.12449770507961083
train:2027,0.39896671268277817,0.5404565393700891
train:2028,7.651833154318629,-0.1405339812296642
train:2029,-3.7257036109076798,-0.6429342815015313
train:2030,-0.14087349946190214,0.029213087803164825
train:2031,-1.4710490637790112,-0.3315264190754396
train:2032,-30.299921207188245,-13.75704728791427
train:2033,4.326547782193542,-0.32384106724919043
train:2034,0.6053316316940585,0.2538479761906157
train:2035,0.8700672797486574,1.6291400555981561
train:2036,-0.3062053548206887,-0.025710289758351046
train:2037,-4.054299838036468,-0.23877927396137144
train:2038,-1.119847202618848,0.14278482367106604
train:2039,0.10055181740600219,0.003460636019692473
train:2040,-2.576314771823275,0.06880645570823657
train:2041,3.1086593111633944,0.09667784850273106
train:2042,-2.0031422563799914,-0.19154713298451753
train:2043,4.695287920205865,0.02229279023577639
train:2044,2.0848481327940194,1.0808460580689132
train:2045,-0.029553432454381495,-0.7017017615842718
train:2046,-2.010861264705741,0.06726618260780208
train:2047,-9.815643426692553,-12.273018782467977
train:2048,-2.090341526546185,-0.15760256251245144
train:2049,0.6477812958626373,4.38463716738823
train:2050,-3.8063431419922518,-2.863459276191957
train:2051,15.481610621046588,8.937545643304416
train:2052,-1.9534410574068062,-8.463211064003945
train:2053,1.7052394097587946,-0.06733878544856628
train:2054,-1.195891731668393,-0.18006398990249195
train:2055,0.0339090618833785,-0.09377847001904102
train:2056,-1.3564708620761428,-0.19054536877665396
train:2057,-3.3354824718303107,-0.4952055888806673
train:2058,-18.54124242437402,-6.992603516919796
train:2059,3.6113860542735607,-0.13065757335293474
train:2060,-0.6321050663625732,-0.07914632137994473
train:2061,-0.04180520212133104,-0.16550697001246517
train:2062,27.301471482861718,12.60551998446028
train:2063,6.537368841249422,0.384449953248615
train:2064,2.254977810002451,7.651693546113379
train:2065,-1.2279226175089555,0.2406917962918436
train:2066,4.33186921622935,6.590526518249714
train:2067,6.480511415350132,4.624988105584001
train:2068,-4.1309636358380395,-0.6919414082764825
train:2069,1.0499491612811878,1.7164223643937215
train:2070,13.184968769189197,10.445205055963376
train:2071,8.383615413958262,0.20535642558302702
train:2072,-7.349820327246952,-0.7484261727383137
train:2073,-11.69308961457482,-3.489990744501562
train:2074,-2.968815163946298,-2.114480037402687
train:2075,2.953412540328745,5.38911592514459
train:2076,4.213483813467663,0.15885706185676995
train:2077,-3.9709082338455732,-0.0960732404783958
train:2078,-2.061399778260308,-0.06926014123772983
train:2079,5.16990441815553,2.1143280438211547
train:2080,-1.798517984671705,-0.9472782939201658
train:2081,-0.23725736904406336,-0.044696481984039166
train:2082,2.8897743075613556,-0.2558175754872349
train:2083,-3.441337445609548,-1.5924491816915365
train:2084,-9.38948982267026,-1.6945596550791469
train:2085,2.9096332150259347,1.0765311392094654
train:2086,1.9907834409602745,0.18212596726404684
train:2087,-1.4449035556651046,-0.3144909351005738
train:2088,0.7654765301090212,-0.22061573529658413
train:2089,8.288329851446724,17.534804768983435
train:2090,-3.05194432278395,-0.12198771927683272
train:2091,19.618709905597626,15.89465626207171
train:2092,7.991458362656089,2.20574937069743
train:2093,3.325010055030225,3.134030279274087
train:2094,-6.338133240856068,-3.8147563665509647
train:2095,-2.2993028878719404,-0.6157524040669993
train:2096,-3.4153611670945434,-0.31724970984447376
train:2097,-0.8616062053386008,-2.3081281062267283
train:2098,-0.9750009621403549,-2.6012110449467127
train:2099,0.8347630331980109,-0.10629845403559046
train:2100,3.022086283496435,1.9419545536109089
train:2101,-2.446324123875335,-3.902336408457013
train:2102,-11.508656316927311,-13.630358782196362
train:2103,3.0873754346860816,-0.3394322531835534
train:2104,-0.38805703939904546,0.10733404036695446
train:2105,0.31720987106644355,-0.026103962263563166
train:2106,7.357190475135513,3.9270897111039336
train:2107,0.7414833528415915,-2.6978574666502757
train:2108,14.313971020603656,21.919116128991046
train:2109,1.2914723430682375,5.13937790565041
train:2110,-10.398008038330053,-10.04477220010556
train:2111,-4.044711400542625,-0.29519327866143963
train:2112,-0.8446024662098954,-1.9629494341951577
train:2113,1.55283025666288,-0.13427370389976948
train:2114,-1.5698232433311055,0.2364862269432657
train:2115,3.6665767545902557,2.36258695603719
train:2116,-2.1287805886957263,-4.0046652955447435
train:2117,1.7012404306517697,3.7294616910023395
train:2118,0.3005784138094991,0.721780568800124
train:2119,-0.4971651500214649,1.3328889056095534
train:2120,-2.6400610976723806,0.15958384735334658
train:2121,-1.1765247058401833,-0.010370543501623988
train:2122,-0.23991093797108004,-0.17964590456616752
train:2123,0.2776064255914888,0.007898920814592966
train:2124,1.7620422079716254,3.5613153832533877
train:2125,-0.49091609137793746,0.02817280517659959
train:2126,14.719696194472755,5.7588003004757855
train:2127,-2.0105339635034687,-0.12281222742826356
train:2128,-5.299987757559903,-3.621571945359444
train:2129,-3.5720368587320115,0.012945083320929904
train:2130,-15.518035605621174,-7.0300725227030645
train:2131,0.7770353998763447,-0.028730561766992388
train:2132,-6.98215042697274,-1.1607233320183625
train:2133,-2.3039855266635416,-4.4619125934847865
train:2134,2.0007010393223115,-0.219176252058419
train:2135,-29.727367263122268,-12.783977304732117
train:2136,5.475214141067248,2.863385603395118
train:2137,1.3903949472067318,-0.14931896257944122
train:2138,3.9131940262541494,11.37824441585779
train:2139,3.6740079796145757,-0.05715287494452834
train:2140,0.97037231304192,-0.3151255973790889
train:2141,1.1824759286302582,-0.0925707749319335
train:2142,-1.1755655831409109,0.016923180007952898
train:2143,-3.3835264760087522,0.33718977942259487
train:2144,1.2245941073482403,0.25801830831912204
train:2145,-12.13636051357618,-4.233876707051991
train:2146,10.750260670117573,14.64320824582177
train:2147,0.5007498316966719,-0.02100005779437622
train:2148,-3.3845571958460217,-12.981134544160689
train:2149,1.414019910621605,-0.1614491259326487
train:2150,-0.2859616127393755,-1.7647332235739084
train:2151,0.7171535760422795,-0.21424346923083448
train:2152,-4.199568106450135,-0.09202452669041974
train:2153,-1.2409027369571692,-5.6047734782336445
train:2154,-8.239303186905317,-0.8330487133921236
train:2155,0.9035385930749307,-0.22444557173680812
train:2156,-1.2737573385720586,0.04607270666449548
train:2157,2.0456672963998392,-0.8237430914162289
train:2158,9.77000751680629,1.1018510077517967
train:2159,-1.6607546305445169,-0.039186957166802094
train:2160,-10.045334484050864,-5.018922595862168
train:2161,-0.8707933036806511,-2.039370975524951
train:2162,0.4538104690758997,0.04063611718637406
train:2163,25.219547588191638,7.430622931068326
train:2164,1.6287362406012358,-0.23187570337395624
train:2165,-0.7531998861434969,0.026762781395700777
train:2166,-9.33509180495282,-9.53264956563177
train:2167,0.03408863587397182,-1.1832015398861802
train:2168,0.7509747390201293,0.7192925642736159
train:2169,-1.1806998882933182,0.015277230912506323
train:2170,-2.202783204562913,-4.642942884307019
train:2171,-1.4156721644118755,0.06251001386300525
train:2172,0.8753432681984972,-0.1628895899638826
train:2173,0.28815747265820746,-0.09204560482509816
train:2174,-2.4030806148163015,-0.09618644183113573
train:2175,-8.131047384420775,-2.628211029848487
train:2176,-21.294254661987353,-10.21769992756268
train:2177,-0.6753993675471014,0.003915010699562224
train:2178,15.448765201532188,9.080347402190904
train:2179,4.897487536239222,0.19396688582496674
train:2180,-15.315593303184995,-9.480879669610239
train:2181,14.658628484926053,3.0151772758849584
train:2182,-0.6754535303170797,-0.20728768478695703
train:2183,0.039324641506488595,0.07554785661987722
train:2184,14.779821053397002,10.083193549637555
train:2185,-0.7340653185555377,0.13338686448589487
train:2186,-5.3257246040874495,-0.9149568468139453
train:2187,1.1761377222515947,-0.12526784795090035
train:2188,1.2491077586155903,-0.05953174395138178
train:2189,3.124131731634451,-0.2693055487648789
train:2190,-5.687429625916839,-0.4832795018161737
train:2191,-1.2579017106919492,0.10618947268827468
train:2192,3.855544382672087,0.14282387706780525
train:2193,-15.546960849371992,-4.802865081680733
train:2194,-3.2799110049160856,-1.9949859163333907
train:2195,0.40708241099551506,-0.23315087702419668
train:2196,9.141649647585837,4.615778494333241
train:2197,1.0137953960915467,-0.16467466901428773
train:2198,0.8485733772512783,-0.22393045921707827
train:2199,-3.993982038772813,-1.8104555851984665
train:2200,-6.489690434501466,-1.7742330069122214
train:2201,-0.704076985157494,-2.052037400862972
train:2202,3.100577203066374,0.09898881096402155
train:2203,0.08399311957825606,0.08592678719985355
train:2204,11.682367072708224,7.8786178195146075
train:2205,-1.6216204020275073,0.21299691058452924
train:2206,-4.1638815823233974,0.06886212908934149
train:2207,-0.7975349028696253,-0.15963547905503983
train:2208,3.6492190977907693,0.14251947456445452
train:2209,-2.989407012242386,-2.97436949632318
train:2210,-32.97717995346882,-12.097783373748197
train:2211,-0.039850402664506596,-0.004320120223248375
train:2212,-5.9078800033087235,-3.9352357031741634
train:2213,-1.5477186730365893,0.17126320254693445
train:2214,-8.880318872223876,-8.510581300644885
train:2215,6.3531670720092,-0.3944621983701439
train:2216,-0.5278331913140003,-1.8949408861530503
train:2217,2.8526479370945075,10.61085365825074
train:2218,0.21522067782256796,0.4330810261283897
train:2219,0.22938296365157423,-3.442484694769496
train:2220,-1.368226042827358,0.0553429130943061
train:2221,-15.764991801399352,-5.312678893605383
train:2222,-0.7119888757080914,-1.4515555111388796
train:2223,-1.07610739521688,0.12533583733839726
train:2224,-17.34851593064328,-8.374804160043102
train:2225,24.954666072591284,8.592055400063792
train:2226,0.042570920831583356,-0.11844384643026612
train:2227,1.0337700677597703,-4.00711449633093
train:2228,-0.7289028859560601,-0.1704619900938094
train:2229,0.4397497674978828,0.05541677572868681
train:2230,6.237517237818779,14.236920530502422
train:2231,13.559880208563685,9.398426797396937
train:2232,-1.2616320843023652,-0.0028891253032786585
train:2233,5.423114670429401,8.291795481314015
train:2234,-1.321195091659927,0.19677815974694898
train:2235,-1.0225771441102927,0.0019047058953598067
train:2236,-2.747504458607248,0.10270116622720549
train:2237,-0.18239542279364224,-0.01688536338177228
train:2238,-1.2079521300890566,0.13502539521922113
train:2239,1.1055194659042114,-0.2905283058394393
train:2240,-1.4568189001438516,-4.791349501097033
train:2241,3.5563720222194557,3.1831683686726238
train:2242,3.0260352840818063,-0.3061030501154491
train:2243,0.08026960348592754,0.25339367284115094
train:2244,-1.563982497586578,0.029770463587859064
train:2245,-1.4746786667422787,0.1195619977054212
train:2246,5.7014332021491825,8.10887122557814
train:2247,-12.813503928761474,-7.0138029132867175
train:2248,-1.2718804707402778,0.13635513662928894
train:2249,1.6816128191362396,-0.1307603604665442
train:2250,6.831296478885527,3.841577109656495
train:2251,-1.6052126858268037,0.03063316917116908
train:2252,-9.673772303001902,-3.3312788814399403
train:2253,4.275849569827923,2.8455313177012216
train:2254,-2.6543619286125764,-1.799839338361045
train:2255,-4.987120352341168,-0.9215502014700021
train:2256,-1.7430770430593805,0.09990148349603625
train:2257,-3.79613311116398,-0.05635632831185869
train:2258,-6.281287902785272,-0.6270077713332487
train:2259,1.868107556458289,-0.5155382494963965
train:2260,2.1329635016522173,-0.10552591008420437
train:2261,29.87664758768584,10.166719741966467
train:2262,0.7171184748480017,-3.7232542936562254
train:2263,12.97964770390576,7.0578616473869165
train:2264,1.4967627238639611,0.21219123366001924
train:2265,9.770256712039838,2.321486091352783
train:2266,1.351766199133146,-0.053035255985319274
train:2267,9.992439368238069,3.814114903730301
train:2268,3.4101488153548405,1.0578889378619047
train:2269,-0.02610433331466841,0.2783263599451251
train:2270,-1.651342977542385,0.005654545286372867
train:2271,-1.8074017250102288,-0.16757819098254023
train:2272,-1.9186278788886884,0.05684737833142902
train:2273,0.6713705769376321,-0.46370672400494256
train:2274,1.7963614127292113,0.04932358987251184
train:2275,2.130470851942014,-0.1548488165621042
train:2276,-1.8295419776446238,-6.895807016044106
train:2277,-1.315767191750084,0.03727131932156774
train:2278,3.6319418715424097,2.383804612987793
train:2279,-0.2792055626738623,-0.1567830474893708
train:2280,5.875217122894348,9.659655859815496
train:2281,0.9369072760881334,-0.7480517594424525
train:2282,-1.5902448159662104,0.14576943047720584
train:2283,2.0041288685330416,-0.28292419934448865
train:2284,0.34538892386605946,-0.050976660496929754
train:2285,10.501300684308438,11.417225055583886
train:2286,0.7711880290719698,-0.07299535789571726
train:2287,-2.4370395093014996,-4.76369270582599
train:2288,-18.769151921779056,-16.345401710753784
train:2289,-9.38368394566177,-8.871894339644918
train:2290,2.086106661706734,-0.36989910975969326
train:2291,-1.6446657308203165,-3.4738449646683
train:2292,-2.4425469099295087,-8.549858674855793
train:2293,1.4565862688267894,-0.1060048224233952
train:2294,0.1268480746887112,0.04281354912949875
train:2295,17.81231597359729,4.401900266685461
train:2296,-5.239107874271323,0.04656927327892457
train:2297,1.2685403376675501,-0.2626544164807697
train:2298,-2.5911030676932754,0.015559984637938618
train:2299,-0.6501523105317618,0.009808756743348523
train:2300,1.0507922873185753,-0.07372702952503657
train:2301,-1.159280256203699,0.11971453777652033
train:2302,-7.6525441846941265,-3.874466763257441
train:2303,5.631761748214338,0.25959399696564056
train:2304,0.5058053335056343,2.5279135728763698
train:2305,-0.531713965405858,0.7663627139007076
train:2306,-0.3971233756852858,0.0528410348040248
train:2307,1.4475120289603804,0.8005903234198262
train:2308,-9.859318610703731,-7.462463742394108
train:2309,-0.0024175360078885766,0.0007420559590117504
train:2310,-1.3034201723191918,-0.588865192535535
train:2311,-20.043065850666636,-12.529280966125361
train:2312,0.7458619362549452,-0.23653282985140628
train:2313,-23.198905902642586,-8.924027164767104
train:2314,1.8942563189875594,-0.32379541578998844
train:2315,0.4728673956116153,-0.24984543732835018
train:2316,-7.04118180233485,-14.449048084508682
train:2317,-0.1609374350943818,-0.020383691764744416
train:2318,1.1000083459443584,0.33312458831106306
train:2319,-17.114590413980572,-4.424816217737254
train:2320,5.1887019212951255,4.391485456911767
train:2321,0.95929986214232,0.045166275542918556
train:2322,-8.119306383622215,-1.7542278241858615
train:2323,-2.109913348084055,-6.62959053170773
train:2324,0.6457705320844727,-0.07359200106836569
train:2325,-1.1781807383437264,0.09905361463696688
train:2326,-1.8007429587182604,0.04701048749907125
train:2327,0.27816967190761516,0.005515415331414322
train:2328,-21.184761251831716,-7.327855849791134
train:2329,0.4352348473266223,2.907476923978875
train:2330,0.07886183638297202,-0.31443101756037123
train:2331,-0.03856084057671835,-0.5042630167123536
train:2332,-1.853849903369352,-8.634061650067375
train:2333,-5.963947071191162,-11.287585242847445
train:2334,-3.534527629543471,-9.901182382904596
train:2335,0.7712579990022851,-0.18865118987179663
train:2336,-3.552573130275858,-3.340960414650201
train:2337,0.15062320612678612,-0.11892550499004956
train:2338,-0.38113536283735394,-0.5912440615423886
train:2339,6.707827679326048,4.947861474649482
train:2340,15.880377854868517,5.693392031017662
train:2341,-1.836618006477841,-6.092451468234492
train:2342,7.980130207692214,8.011856168341522
train:2343,-7.683145917273631,-1.8104816921266977
train:2344,2.5832483631366476,-0.24010587683361917
train:2345,-1.9495531933386205,-6.939282612571876
train:2346,6.722123861101438,5.5813097096714275
train:2347,-1.135424926672738,0.08356097165711568
train:2348,0.6770666174276042,0.20816063779491395
train:2349,-1.8826898349459995,-0.2220642061657796
train:2350,-30.96587501252085,-11.393133699095394
train:2351,0.1796514288780362,-0.06437821698891255
train:2352,0.6145079207279371,-0.2103292489214918
train:2353,-0.01747164787561495,-0.0651774385117698
train:2354,-8.219481007842697,-1.9635941183955756
train:2355,-1.2133990915746002,0.050005686870354005
train:2356,1.6773758027911985,0.15428628083457618
train:2357,1.349648039647986,-0.39515784814493665
train:2358,0.8238347064073661,2.689423870387073
train:2359,3.164048065900783,2.8003363730912563
train:2360,4.5522219611603285,8.119243237108831
train:2361,-3.2158297067427797,0.06964276904169543
train:2362,0.04611730374484119,-0.0066466683780320585
train:2363,0.3898435403567967,0.11613457174502215
train:2364,0.7175271364343616,-0.13523634338048884
train:2365,-8.482808772565221,-0.9281207303964578
train:2366,-0.1312725092230863,0.40497599059230754
train:2367,21.924961581106963,9.352824413513593
train:2368,-1.159716696549769,-1.1906367359820833
train:2369,-3.0299700453330938,0.03686844519411022
train:2370,-33.648452403338354,-13.169279044256312
train:2371,-0.28011784503772447,0.05568768860688859
train:2372,0.20565978663019527,-0.12518039687436655
train:2373,-7.934801488836708,-0.12488865551790387
train:2374,10.176979596676093,5.786569512465113
train:2375,0.416291476641269,-0.06254852077017797
train:2376,3.987338906564369,3.4130514272733805
train:2377,-13.385343761113402,-12.842132698609525
train:2378,-0.030628784273779158,0.12120894542653782
train:2379,1.8587587834101447,0.6286458142652689
train:2380,-1.7326140976657167,-0.011870764579649223
train:2381,-9.579081833585404,-0.380171900697025
train:2382,-3.5718013785346376,-1.1679796314585182
train:2383,10.415259521095171,16.814452133651628
train:2384,0.1826514186975858,-0.038391837142232516
train:2385,0.14629402008948555,-1.1793531218754527
train:2386,-3.417037423464988,-0.10122343838042977
train:2387,0.36639849961987714,0.11546795344506566
train:2388,4.618429787315445,1.0261293603558936
train:2389,-10.647673767356588,-7.004289719832263
train:2390,3.5557011477380933,0.11464858108279503
train:2391,12.013349483673181,9.04157732982038
train:2392,-0.6995898437459434,-0.2175227062748396
train:2393,-9.007931937290538,-11.194099043407139
train:2394,11.270725371708275,3.398169622216773
train:2395,-2.275989883415483,-4.828148571716513
train:2396,6.7395833346101535,7.481483221765258
train:2397,1.174895000499217,-0.31357241347534887
train:2398,-14.838387220438944,-9.787522803642934
train:2399,1.1110670818077837,0.10173360494854092
train:2400,10.53716713111313,10.083958211579187
train:2401,-2.650758593430457,-0.14061569020859527
train:2402,0.06459796630297637,0.12042359766745367
train:2403,2.6495024484815732,-0.1945100553475364
train:2404,-22.90015429160481,-14.08014320784336
train:2405,-6.802707542826922,-0.9342212632843481
train:2406,5.255778211435816,1.2087073783058833
train:2407,0.4989535106451381,-0.059884722460539636
train:2408,0.5298109472889174,-0.11965064988731108
train:2409,30.50458238290904,10.888674743516262
train:2410,0.5690675650694188,0.1978091694208638
train:2411,5.7578563960556846,6.201198890667144
train:2412,-0.299976403814943,-0.09673943079592229
train:2413,0.15362063890569297,-2.3170906289545576
train:2414,0.16206468448278333,0.1684288889041362
train:2415,-1.5394231682750186,-3.7575419633763567
train:2416,8.87954368337407,9.27866361803997
train:2417,0.6347573580361365,0.04853653018370762
train:2418,6.7205329169051655,2.172997587257826
train:2419,-14.98830790807298,-7.102131639123678
train:2420,3.129284400987838,0.5628934469334097
train:2421,0.11817912576417872,-0.013202895558284647
train:2422,3.560402848105395,3.376595313241155
train:2423,0.10049161072177737,-0.18443634757056832
train:2424,-1.9411395997910028,-3.003695993714535
train:2425,-0.08353424574513407,0.24484393916707414
train:2426,0.47471520616336454,0.18116600267351507
train:2427,-1.0359906819474527,-0.059666166099610146
train:2428,-8.358745809743661,-2.963900475441685
train:2429,-1.832958648859822,-3.200216965930481
train:2430,-2.4562868191359803,0.1852049441960057
train:2431,4.911996649762681,3.148536601078758
train:2432,8.956253042990731,17.859255395964343
train:2433,3.484501513331844,-0.32653079416104736
train:2434,0.6609419191344053,-0.13871462791965508
train:2435,-0.8840895663356049,-0.0671393456361776
train:2436,-14.697778809909334,-4.451815061352548
train:2437,-3.397633669234819,-3.6928732475573045
train:2438,-0.2821021085765006,0.0457191931773001
train:2439,3.4722063320885277,1.0405878907892125
train:2440,-0.8257709079381025,-5.557543619829751
train:2441,-6.8475617550326495,0.07922351238968706
train:2442,16.85839475990859,5.599828794739953
train:2443,-12.967534478083133,-12.336212956154805
train:2444,2.005718417979873,0.08638911521988116
train:2445,-0.14134771427201265,-0.192936720604383
train:2446,-15.713451160371067,-21.597263129857605
train:2447,-17.35703320056605,-12.169699258715564
train:2448,1.221548904400962,4.18985836898408
train:2449,-0.9981653095521722,-0.16796726267662965
train:2450,-0.8808945440524855,-0.13653099023129514
train:2451,-0.9557302902527293,0.06906131924531264
train:2452,1.0936571219042412,-0.20501745198692328
train:2453,-0.6089404864925156,0.21369330932857455
train:2454,-11.629657339808293,-13.42863867942055
train:2455,2.690240290168949,-1.2572132548133486
train:2456,-1.2615848952795945,-1.623231675309815
train:2457,11.834686729381643,2.1467907964596864
train:2458,16.57491844475414,13.131026485485611
train:2459,3.4912688376220093,2.4942387739960252
train:2460,17.742465061900973,10.159656319941439
train:2461,-34.01450904342523,-12.607031107578742
train:2462,-0.387677667550957,-0.040565702565107026
train:2463,11.230373410699714,12.07735200336347
train:2464,-11.983456921803253,-14.17969648621161
train:2465,-2.432978696302568,-0.1067251168531165
train:2466,-10.726663077393622,-5.6953425494309435
train:2467,-0.5534962904648276,0.04766259006160961
train:2468,-6.7095550171279195,-5.481941379531824
train:2469,-4.7234359966781,-5.616455686643433
train:2470,-0.47960490586560056,-1.7168342859710854
train:2471,3.7159369373249937,-0.10162616984707729
train:2472,-0.19431425414599335,-6.185890874929115
train:2473,6.564738474456486,-0.20983168368139266
train:2474,-0.8651071426658895,0.12317673730935838
train:2475,-13.509110107220401,-2.6258565558401448
train:2476,-16.61746266004507,-7.473180422441773
train:2477,4.582859027392351,2.405946711987236
train:2478,-0.6087468487783871,-0.6325634825877253
train:2479,2.793807177489403,1.6864420525101078
train:2480,1.7173016678453803,0.348737815340572
train:2481,-4.583536583781253,0.30670730148775927
train:2482,0.6650636361922825,0.1128794800431106
train:2483,-9.298812512313443,-1.4365970972272992
train:2484,0.4717748418824391,-0.17642824349428132
train:2485,3.3378584868853367,-0.0004128189631909668
train:2486,-2.2488905991418298,-0.8758208494657536
train:2487,1.591285590889239,-0.07808485362309359
train:2488,10.946699970957528,4.574259062832276
train:2489,-3.6525701564007886,-0.13130004631079767
train:2490,-9.075581934368165,-17.04004116169007
train:2491,2.9042636621343942,0.0484326374488206
train:2492,4.388165952853155,2.8934830398037468
train:2493,-0.4942106057878841,-0.2712460924329883
train:2494,6.740507588573389,0.9894270137655976
train:2495,-6.087765487943978,-9.103620575910954
train:2496,11.082256599010021,1.5072349668397549
train:2497,-2.895505971009778,-2.8925900429519835
train:2498,-13.340841025766933,-9.820410114852043
train:2499,2.249896970245301,3.6171499710736157
train:2500,1.0229888870352037,-0.22241550841041985
train:2501,-2.719435591013511,-8.08549031992348
train:2502,-3.1222673571662156,-0.12081718733073182
train:2503,6.046006051672129,0.6280504193747081
train:2504,2.2706596753479733,-0.02598262924465289
train:2505,-6.935201301105877,-6.455543202213681
train:2506,-9.794067582665486,-14.020200559338194
train:2507,-2.097811107180146,-3.1353953177231024
train:2508,3.765188329603295,2.258496778589124
train:2509,-1.7194742794064513,0.06162351958962671
train:2510,-5.312982173189892,-4.055005159606773
train:2511,2.4176399987010835,-0.013574384307540807
train:2512,3.8439670324746635,7.856905985518143
train:2513,-3.0564330914031825,-1.591289491966996
train:2514,0.029748989215860014,-0.06765880931061269
train:2515,1.3223388455833867,0.007810007464756602
train:2516,-0.8750926188340794,-0.21522162307464204
train:2517,4.901657837069311,0.5164794657019414
train:2518,-0.9529035980512862,0.30205056732753677
train:2519,-2.6725334217111785,-0.09566358996246299
train:2520,4.2388775516326005,9.39663954276918
train:2521,2.627351735226367,1.6306736593057227
train:2522,-5.106033900224703,0.14345561479971522
train:2523,-0.8743643271673754,-5.483615076154816
train:2524,-0.9565824821614867,0.062209926849157215
train:2525,-6.810334962606014,-3.144932478193637
train:2526,2.178633409822983,0.13366847692484712
train:2527,1.892270893157582,2.6319155859438523
train:2528,1.6693448355070326,-0.26171684963740893
train:2529,-2.080591763033609,-3.062039699861152
train:2530,-0.9051671361246959,0.036950403829458786
train:2531,-5.621382660863977,-10.259727802190508
train:2532,0.6003739948042415,-0.008679442259810446
train:2533,0.7948596003640133,5.37232703037982
train:2534,0.8302889094479143,2.7847264272603773
train:2535,-9.341768005612806,-15.789817745833227
train:2536,2.157378125709221,6.48234511409229
train:2537,0.20174449248966028,-0.055953133197578664
train:2538,0.06681282841608077,0.2245235473810055
train:2539,0.28223629636255304,-0.09730743481096199
train:2540,-5.126427926558338,-12.39338456108641
train:2541,0.3417531607594254,0.05246041576292825
train:2542,3.1272094787353644,9.023606632905517
train:2543,-1.0305618522046482,0.14225590871796806
train:2544,17.258726902603886,16.283910276676316
train:2545,-1.111075855839485,-0.0009036434800173132
train:2546,-18.96781259356284,-12.211383606112896
train:2547,-4.532386007680107,0.18764273211739171
train:2548,-3.6150637167111315,-0.05890510634342955
train:2549,-26.582590363716303,-8.117046891096852
train:2550,-10.009515458727183,-2.3700497454883007
train:2551,0.8744492338064948,-0.30445760033283753
train:2552,-1.303123206917272,0.6634440670244122
train:2553,0.9520039278138256,0.25242008414326356
train:2554,4.926773555178909,-0.27273169077798787
train:2555,-6.495725050418363,-0.5060815497227051
train:2556,-0.37159800804180665,-0.12365941864848543
train:2557,-1.3251852373538227,-0.010053230194967691
train:2558,0.8715388566385616,-0.22127265266146018
train:2559,-1.438964712543191,-2.3801544106610404
train:2560,-0.0513878862737272,-0.06684917354862499
train:2561,-4.571424579631254,-4.574101054473665
train:2562,-1.2166124780586998,-0.1582020232360975
train:2563,0.4644435739014267,-0.2692915323402958
train:2564,1.4408960349846183,4.223482951259302
train:2565,0.789867443425519,-0.1774129062375454
train:2566,-1.7168808590490992,-4.108283265711689
train:2567,-4.387144704422309,-5.204836451532533
train:2568,0.03814421856249782,-0.08049204080073324
train:2569,-1.0300518388255395,0.017091056116127698
train:2570,0.9523427356989903,-0.25444193296154755
train:2571,2.2358041894301297,-0.02131976066960012
train:2572,-0.8901738120867949,-0.19640430558279875
train:2573,1.3403106570536139,0.5115776402701282
train:2574,7.399244030462706,10.81898893233091
train:2575,0.674413455302508,-0.007519395883245003
train:2576,-1.0088804721365077,1.0019188222721709
train:2577,0.43480201008327635,0.1602029239383685
train:2578,23.358507373073273,12.79870668822476
train:2579,0.752376113521478,-0.18627474609871325
train:2580,-0.3053480488306458,-0.05589774513809376
train:2581,1.7152925312748972,-0.11440971971011318
train:2582,-0.5075368555558304,0.029268404532244732
train:2583,0.09444816139175136,-0.10187368635243804
train:2584,-1.665693554545994,0.22453446093297097
train:2585,2.3928125288093955,-0.3002857346006236
train:2586,-16.086803269869954,-11.27963275865446
train:2587,10.839994200018976,6.779391740757487
train:2588,0.06671728807933791,0.11764470774934283
train:2589,-0.8028892878609896,-0.10313716181625798
train:2590,-0.5358142381910722,2.5575065606608165
train:2591,-30.387814597659826,-13.345936495930234
train:2592,-0.6596960579289161,-0.3909870167035953
train:2593,-3.0276547612602016,-0.45427384858652237
train:2594,2.333468264655909,0.2137224834642208
train:2595,-2.7157116100047016,-3.171465106281831
train:2596,-1.3916183155437407,0.13212349601768245
train:2597,-4.644559661345827,-4.055934166801533
train:2598,1.930832460799735,-0.07628254827988021
train:2599,1.4540627021706327,3.4581921607755435
train:2600,0.28252384720574264,-0.045786232246474046
train:2601,-21.475765494638434,-7.668608612853072
train:2602,12.739606675858546,3.8750253631705496
train:2603,-0.22970927563945753,0.08645584481376156
train:2604,-17.294012841801248,-8.061307030054468
train:2605,-2.436080154143987,-1.0270895274261114
train:2606,4.52220137418145,0.30242576525785314
train:2607,0.5019182830412898,-0.026679741292748207
train:2608,1.065242821365492,-0.15289996290181196
train:2609,-1.3940488989037974,-1.016430910328118
train:2610,0.4122220626874481,-0.07459965003464203
train:2611,-1.9182322349637824,-0.28519239922797973
train:2612,-1.8504069643730054,-7.499579520011801
train:2613,14.846889904874004,15.996800260749671
train:2614,-0.7074011961076326,0.10039687315878279
train:2615,0.41226983285581953,0.008573421124302302
train:2616,-11.529250257347561,-5.899120391730285
train:2617,4.175008255374403,-0.2246305314769812
train:2618,1.1902818763378615,8.209350657924949
train:2619,1.6075927689010343,6.651300593955597
train:2620,-7.220152331336479,-3.6549973731438974
train:2621,-3.504665114167963,-1.1280012220272397
train:2622,-6.16874928968236,-4.753536968083268
train:2623,-0.8790104700152571,-0.056031418317069565
train:2624,2.3002762499052967,0.540135124565145
train:2625,-3.759070899171441,-0.10395977971195627
train:2626,8.293502512208772,0.07062053056827546
train:2627,-1.3238221022329952,-0.42184754578494726
train:2628,0.6319157885073174,2.0364674829008287
train:2629,-1.2083742742533508,0.12660755146399508
train:2630,1.1185480528955172,-0.15642826788748662
train:2631,0.7854512017772447,1.0467812245340118
train:2632,-2.1549472505094958,-4.580830079560038
train:2633,0.653286604366484,-0.254394391246613
train:2634,0.39158279291034903,-0.035892348420518805
train:2635,-15.16571910719901,-11.302508704860573
train:2636,0.3770820478835384,0.01274664213421127
train:2637,4.908810112205331,1.556610443826142
train:2638,-1.706293780955142,0.1392669507571231
train:2639,-5.173573247179972,-13.465008055680292
train:2640,3.2827231116298212,-0.2127767734431607
train:2641,-4.916269870211774,-1.198791798525278
train:2642,6.978798670987999,0.527003838977719
train:2643,23.820005787609134,9.081268991023546
train:2644,-0.2537494094714177,0.04499458325807609
train:2645,2.7802892659023706,0.1873733885081
train:2646,-2.2328695772237825,-4.263023451822738
train:2647,0.13940721226383163,-0.11969943988433321
train:2648,-1.7172481430686948,-0.1690854737706608
train:2649,-3.0335805867206607,-1.474033861667507
train:2650,-2.0613323653706352,0.23285650795427787
train:2651,-0.28424979025817265,0.07396578390211092
train:2652,-12.535393679624956,-5.81139654772775
train:2653,0.11387818340306857,0.12872731277467475
train:2654,0.03430784399452781,-1.0951605609030015
train:2655,-1.037737024477333,-0.45610065592385424
train:2656,0.7598540626520883,0.022941468938874596
train:2657,0.29401449047955275,0.06620667643708851
train:2658,33.65539761756374,13.88940450375971
train:2659,-24.28392054617097,-13.47416687968269
train:2660,-0.9929016413890658,-3.6413464455560236
train:2661,2.6844676546888144,9.522640994026098
train:2662,0.10492458936334965,0.11744940510044433
train:2663,-0.36071820690881407,-0.10009213815708057
train:2664,2.382530435926647,0.011889963970124026
train:2665,-11.556576188405458,-6.755091528843147
train:2666,-0.9819457682969511,-5.212831733968521
train:2667,-1.2163387584808052,0.2307278660081753
train:2668,-3.3091533217066065,-2.266648762413374
train:2669,-0.01809742545836862,-0.03542570491098854
train:2670,13.581457912256674,5.483578495168578
train:2671,13.357224974379438,1.6061260137279552
train:2672,1.0988892919757938,-0.30846936497102195
train:2673,1.3442940614585424,-0.035305085196128266
train:2674,1.0701365322392402,0.06600138753148958
train:2675,11.19313731994347,2.4694125118563157
train:2676,0.6595643716026823,0.26775818980067556
train:2677,-1.4741190235288761,0.4381075371081483
train:2678,-0.6545541397691406,0.1606147856968564
train:2679,9.959422859458844,-0.004280674509281671
train:2680,-12.35460439735161,-1.637003721925384
train:2681,-0.3933354686604079,-0.06622731507780794
train:2682,3.851538197359614,-0.16899128197085417
train:2683,19.140651166026338,6.0654308803572
train:2684,37.67679499727854,21.124579872456017
train:2685,1.8985786475067723,-0.12387911629589496
train:2686,-0.51595230876937,-0.06546725394729738
train:2687,-1.1363905582027374,0.08567014040265239
train:2688,-3.129737402716658,-0.017033017320128713
train:2689,1.6539235558488312,-0.028293128058310857
train:2690,0.13237093378969678,0.292649219948128
train:2691,-0.8946388699655218,0.1443312311863308
train:2692,-13.09423444718209,-5.188296927863654
train:2693,-0.5628737721056429,-0.06135452112083106
train:2694,-0.2932122758255811,-0.12739991375644308
train:2695,1.1218768548959008,-0.12560010497740481
train:2696,-2.9289701943597235,-8.890610867274491
train:2697,1.3163114358719379,0.3187343210753323
train:2698,-5.796688718166301,-0.14296256752880482
train:2699,-2.0195782162568854,-0.1558711417592099
train:2700,-0.18731214703317528,0.03998322998938067
train:2701,-0.47324856774419766,-0.06698238307996829
train:2702,-0.03500236983496749,0.17739626209950615
train:2703,-0.048573107557096956,-0.41344332613707685
train:2704,0.2494245832929899,0.12400538262427942
train:2705,-11.80946099914298,-8.708023861693471
train:2706,37.33922843911674,13.019461166914839
train:2707,26.8744791695086,15.746639394614633
train:2708,0.4911465168754535,-0.16511508076737813
train:2709,-0.745843163985177,-0.2796925753458231
train:2710,-0.9811065940496478,0.04264189250985879
train:2711,1.905074925488806,4.485419611295493
train:2712,-16.739875169360854,-7.231058778272205
train:2713,1.5061884405896282,-0.0804814125703878
train:2714,-2.047647316308863,0.005606397262995777
train:2715,-13.733830277569202,-14.293970077599539
train:2716,5.330925451677995,4.974376983440475
train:2717,5.27264073218357,5.509682570183513
train:2718,0.1614135689518424,-0.07442845706263457
train:2719,6.558495575956325,0.5950232292413868
train:2720,-0.46823049171191544,-0.04575655879799276
train:2721,11.077645557356417,4.5578365210276015
train:2722,3.1661880764605264,2.2604900354265305
train:2723,-4.539518291407465,-1.9303403115655597
train:2724,-11.347243823728263,-12.053098584194814
train:2725,-4.6303267082117845,-4.776383240840902
train:2726,0.7661319461174068,-0.030805206596507595
train:2727,-0.05424950532576783,-0.02369827302442855
train:2728,-8.894314717952865,-10.65808243518703
train:2729,8.184491685359898,6.457486182627089
train:2730,1.3842083036007113,-0.10042525114844505
train:2731,0.716989692982903,-0.06537694965456348
train:2732,-0.10844046086570663,0.025209597491960736
train:2733,1.1850352938554134,-0.1366085977119385
train:2734,12.233054135030342,4.993864450087322
train:2735,-4.245737567379199,-9.219704247656242
train:2736,-2.545102371446634,0.1169015875900205
train:2737,-0.5635971821493017,-0.16648879737213035
train:2738,-4.35607387111398,0.07654576898587061
train:2739,-0.48522539742749116,-3.7995675554312243
train:2740,-8.407252405820202,-0.6670523040499652
train:2741,5.733090295139422,4.7040284714030784
train:2742,12.55178506690115,8.692248369504108
train:2743,-0.19654120408759074,-0.08935462963115365
train:2744,0.9612858691178979,-0.346230112110754
train:2745,-9.763389603783178,-2.0617464676095643
train:2746,0.3502075507282069,-0.029540197528980086
train:2747,4.30413229900269,0.4750435621052345
train:2748,-4.728447331421416,-8.369089738637493
train:2749,-0.8356829273023733,-0.07306932752570547
train:2750,-17.69633296736716,-13.750753092976797
train:2751,1.4483281898418991,0.20570280602972207
train:2752,-0.6384322309748247,-0.825749473048156
train:2753,0.5894368346004671,-0.1447350924279294
train:2754,5.534724380404273,0.7102176961579061
train:2755,-1.7184769173266576,0.07138619113557874
train:2756,5.999674334891371,2.5742908902796664
train:2757,-2.3996502285649286,-10.807029451125347
train:2758,3.823315907327312,3.8647229701151415
train:2759,-1.275964762021475,0.14088219211321582
train:2760,2.1990313879467025,4.058306270931439
train:2761,-0.3436611186139714,-0.11355375485007596
train:2762,2.4470090052325406,-0.10605343409440482
train:2763,-1.4185620852546665,0.634694418618317
train:2764,-10.910853688638312,-9.372881441932863
train:2765,-0.00040037962811703687,-0.16201982267047726
train:2766,0.7611676841677425,-0.16334815530504632
train:2767,-0.582163389339849,-0.08111571819687788
train:2768,-13.928514053778787,-3.1734412438220367
train:2769,-0.04196687682742509,-0.11924973734599115
train:2770,-3.6032027674606026,0.0005219659943746791
train:2771,1.1006501631456893,-0.10352042008233966
train:2772,0.02175730737429664,0.31098733977916043
train:2773,8.989445290199583,10.700660350079366
train:2774,6.221901623071728,9.33754715269165
train:2775,-13.383125179668454,-2.2853173560107862
train:2776,-2.9406337865642795,-0.012077194771728209
train:2777,-0.989824475433753,-0.023536780987501532
train:2778,-0.9996860513598894,0.042126815655331384
train:2779,-2.903221724920164,-1.4630596788577799
train:2780,-0.5489778834199633,0.09274098078979987
train:2781,3.942960303918194,0.1361097243708758
train:2782,0.434614997428995,-0.24845977288075993
train:2783,-10.177465607475028,-0.6527653945710838
train:2784,-0.39995245058369133,-0.4823723217253442
train:2785,-2.461542235031558,-7.378318402149769
train:2786,0.7031860902186029,-0.16298775843376812
train:2787,-1.9336753656965673,0.030864458009391638
train:2788,-3.256575219552084,0.15158999152545893
train:2789,-0.8570086462629313,-0.17440706080331597
train:2790,-1.030298477018445,-0.020545397792886444
train:2791,4.714458286362823,7.164787636416286
train:2792,-0.6082239339669442,-0.1665413143828139
train:2793,2.257025302182575,-0.48785313605456754
train:2794,1.0673974767943715,-0.2761765213572077
train:2795,-0.732978808740608,0.031407817369502766
train:2796,-7.088819934425814,-1.2415816245393487
train:2797,-3.792935415611098,-0.24384266276051664
train:2798,-15.410073630352308,-14.784191424521177
train:2799,-5.470146259590125,-4.800766255843922
train:2800,-0.7364889281683867,0.01146347947861047
train:2801,7.416239517323882,4.918121260909109
train:2802,-13.114162627202266,-9.510524585929529
train:2803,9.195391203232813,1.4763650221449425
train:2804,1.1074288778896269,-0.14206708562439588
train:2805,8.974903632522489,14.884653107108669
train:2806,0.6537088647598986,-0.09691315599730735
train:2807,1.9998046803479066,0.059542954336496236
train:2808,2.323658062000868,-0.0946036558093194
train:2809,0.36979401713521254,-0.06950444787486545
train:2810,0.35695255902730816,-0.11962896544419013
train:2811,5.500829179476904,2.695704940530026
train:2812,-5.8973803295131,-0.22960340199217744
train:2813,0.06955792777519598,0.0021853910390470105
train:2814,39.639914134521526,13.112254605461755
train:2815,-0.3284879881272369,0.0319950092634883
train:2816,-23.756119462517972,-6.382932273779963
train:2817,-7.671589023401349,-2.523276015083564
train:2818,-0.4572922273315,-4.399232569357221
train:2819,-10.723639260604447,-4.648514074259381
train:2820,2.8813690825103873,0.12415029034204322
train:2821,5.261391613021379,-0.24212081811414676
train:2822,1.517769975035376,0.23200674883947592
train:2823,-4.552559198685505,-0.4635666310895164
train:2824,13.490682039605991,10.112361408208184
train:2825,-11.861607891261837,-7.883324544777209
train:2826,3.7829383759123236,1.1949647198171758
train:2827,-1.2031434989312397,-0.03151647772999602
train:2828,-15.77861757360986,-5.326156916291529
train:2829,-13.318837458577805,-6.4105959167698865
train:2830,-5.824961219178498,-2.306536011587059
train:2831,7.28972179548528,8.841618232083285
train:2832,0.5032358563470283,0.06322909567584153
train:2833,-2.942447890671193,0.18944439548696007
train:2834,-2.573173098706293,-0.7844585841648206
train:2835,0.20034497765423365,-0.33175695894440965
train:2836,6.876495659119786,2.384260842258193
train:2837,0.8202618232547197,-0.00939552819563659
train:2838,0.5514900027746558,-0.18828840343195086
train:2839,-1.136013975853532,-0.08391504427602212
train:2840,-24.976240694945723,-11.287771272543694
train:2841,-4.664482262368234,-2.6436503533505986
train:2842,-0.6655479035544158,-0.43119889055044897
train:2843,-0.9882054037904099,0.12851325022926044
train:2844,1.0099709931229497,-0.16940895715734983
train:2845,2.7532757587193695,-0.29549711052155037
train:2846,5.526659939133512,6.296164197385593
train:2847,3.4004213678333284,9.708199909601168
train:2848,-5.162560305589876,-12.11994145075836
train:2849,2.1975322647553286,1.2577678602237767
train:2850,-12.72578534688656,-3.6867411152999976
train:2851,-1.1769885762586028,-0.8437464908824637
train:2852,0.3363046882953199,-0.08807888533767316
train:2853,0.5823623167458112,-0.18948750320525548
train:2854,-5.229014537479657,-0.6591367690067709
train:2855,3.191453032760365,-0.5654656811566976
train:2856,6.419310739690007,2.8381694492616614
train:2857,-2.444355899955136,-0.0170651160023801
train:2858,0.7804991438851936,0.008217589398944333
train:2859,-3.0706200178056555,-0.13233462250496267
train:2860,-0.6926201064430801,0.04007781410641478
train:2861,1.2697242474851445,-0.06660229901690926
train:2862,1.1481413816288155,0.10769044273555245
train:2863,-0.48023120647939477,-2.392480019323956
train:2864,-39.194764681099265,-12.533068895952646
train:2865,-4.001979996986863,-2.9835648414929397
train:2866,4.293127725909243,1.6406322398090158
train:2867,-5.152682690045162,-7.282613541792246
train:2868,-0.8994440142497347,-0.30475269421833534
train:2869,-0.24435182019282087,0.11404095302777612
train:2870,-0.24827664512120606,0.025978253936274162
train:2871,2.345391512714825,7.035571181145067
train:2872,8.511815203623314,1.57012798355666
train:2873,-2.6268407326328687,-2.3587983727247317
train:2874,2.0791719674835885,-0.17176168357076965
train:2875,0.2761655331892976,0.11149349460869784
train:2876,-1.4554814516585721,-0.19907043996320095
train:2877,-28.11952800194816,-13.11706062264812
train:2878,5.708380914033782,2.1858419106259244
train:2879,3.2488241913706077,4.749172058121442
train:2880,3.160796440036162,2.848645317862037
train:2881,-1.6129240230306254,-0.2729200743776011
train:2882,-0.8778954840658969,-0.09766932962074523
train:2883,3.3842157740725223,1.6478888245707912
train:2884,0.8821513889098265,0.008477660055585631
train:2885,-2.7742545906040457,-6.869981985573543
train:2886,-3.294858534680657,-0.3003088813170471
train:2887,1.1811767195254994,2.8547814446220237
train:2888,0.7039625007410387,0.022175023737116273
train:2889,0.6804399351809958,-0.09648913240476639
train:2890,1.4837527335318752,-0.03630856133371191
train:2891,-1.5388134303108423,1.7914496816273242
train:2892,0.7064133079679972,-0.4114861981498042
train:2893,-4.277165456544552,-0.11766470441641722
train:2894,2.468208034452162,-0.17640622023173663
train:2895,2.684335153491872,-0.1041469863598869
train:2896,-0.3683545763301549,0.02023362410414685
train:2897,-2.445515866573985,-0.26382683868260315
train:2898,-7.849278242582719,-1.0489324667069713
train:2899,-1.5263558769867114,-0.6281703142739894
train:2900,-0.1609997339027689,-0.17437376733678073
train:2901,6.481416142821186,5.372930200284526
train:2902,44.2895996459847,16.532927573758347
train:2903,-13.769528424607953,-2.46799323927644
train:2904,-1.7560389145357345,0.045387292802820674
train:2905,-4.0582758037777085,-7.337175595187219
train:2906,0.9313246752194035,-1.82571387213268
train:2907,-2.317446485981713,-1.6545805323438183
train:2908,1.079003651813586,-0.03642561452832199
train:2909,0.4949760339253362,2.801371519928661
train:2910,-6.105073398680051,-3.0486375727259296
train:2911,3.8719489606865474,3.8096713048202275
train:2912,5.849324064429353,6.905852559822626
train:2913,9.19771206630347,9.142592596169571
train:2914,0.11270566403924631,0.02521876344900363
train:2915,2.642825550446865,0.421036601921996
train:2916,-4.584776980951228,-2.1941008900576797
train:2917,2.428768704494824,3.295123436576332
train:2918,2.415487202938126,1.535018444910083
train:2919,2.4775895841121818,-0.28934108257856767
train:2920,0.5982877983271155,0.0020927685081504888
train:2921,2.9402916674160595,0.12933590379016122
train:2922,-3.473444577752913,-0.37729692872337495
train:2923,0.5679924457082614,0.25898248140354896
train:2924,-2.1511474881143653,0.05348675329531538
train:2925,-14.228748748389362,-12.348089183266202
train:2926,-4.211246343523827,-0.21800878731973322
train:2927,-25.95432454795899,-8.667499632003109
train:2928,1.4529069198001086,-0.18580610533784292
train:2929,1.5209665082970574,-0.17954864555894579
train:2930,6.672396394347104,4.3322532592404315
train:2931,12.011768767639479,12.178625200457155
train:2932,-4.203963891773268,-2.966569944518521
train:2933,-1.4877811754539838,0.19917129483480306
train:2934,2.07569020796112,-0.06451360209760842
train:2935,-1.2627683401807084,0.05190756945895171
train:2936,0.08189448658527679,-0.10351674656648199
train:2937,20.5091105103885,15.933929071136697
train:2938,13.831438854656989,4.195037527030545
train:2939,-7.3160506537693175,-13.61009752331604
train:2940,1.3649321689444398,-0.11594018487985974
train:2941,-0.2248364860073318,-0.04637078491547447
train:2942,-0.22880565234504474,-0.050901085932828966
train:2943,8.296397082216368,14.90102828552442
train:2944,0.9699814345109391,-0.20333533837614015
train:2945,2.510242295745414,-0.0994786966740539
train:2946,-0.11368192926686932,-0.02657474293658363
train:2947,-15.166965083366751,-6.03560455930646
train:2948,-13.300546714401955,-1.6741243500106182
train:2949,-4.776537827247907,-0.5524778410137328
train:2950,-6.685391447970387,0.031084619304433708
train:2951,-0.11733960156264694,-0.20355116634907827
train:2952,-14.873454010897175,-19.09883181006768
train:2953,4.760017311952989,10.290710246445538
train:2954,3.249506223847502,7.873869497114361
train:2955,0.09476802393033569,0.07297457659418782
train:2956,-0.9053252077280661,-0.04562730810412716
train:2957,-1.8931806753284932,0.10050565202641253
train:2958,-8.571334449450282,-10.258014731183954
train:2959,0.9010989438435043,-0.04565191709385322
train:2960,5.054073266537713,3.9339505547787517
train:2961,-0.9519932915824662,-0.04032218056242645
train:2962,-13.312876299464827,-10.614245621488324
train:2963,0.8427482062088473,-0.004557507811098704
train:2964,-12.264487776270274,-6.827171188420402
train:2965,0.9212237835349295,-0.21758016291606963
train:2966,-2.9268048458517923,-1.1268199905203884
train:2967,-0.8801441688529575,-0.2811707553287024
train:2968,12.391069948422853,2.755791961774919
train:2969,0.6349312367998436,-0.00014422432315179534
train:2970,4.779324363555214,0.3779704419189432
train:2971,-4.757566910261084,-12.3645933270542
train:2972,3.2703065871850945,5.409939838259575
train:2973,-1.4279259680884273,0.054303058450170874
train:2974,21.444918577996894,9.023543862149115
train:2975,-12.876658183472662,-6.974421111362885
train:2976,-6.829114798919351,-8.212967454599104
train:2977,0.17652544669227094,-0.08343063949564605
train:2978,-2.085689572242297,0.3342378419419465
train:2979,-6.77786612544082,-8.745671478810868
train:2980,-1.3039022907094706,0.03459992432379658
train:2981,-0.7243676256887777,0.3942376974319256
train:2982,-0.7769068492026183,-0.2396130194002502
train:2983,-1.9798199535939238,0.05311344562073165
train:2984,2.4089476877234057,-0.07783284330221762
train:2985,0.8218980968078413,-0.012677939442664321
train:2986,0.01815257744273599,0.8633714940616861
train:2987,0.023943577123850243,-0.05091032322027689
train:2988,10.496883977743684,9.296554424901228
train:2989,-16.313150647900507,-6.762121853560252
train:2990,1.1168836518953253,5.873958959528994
train:2991,-7.389641353634781,-4.345785552853257
train:2992,-0.7208969079327213,-3.9519943538472124
train:2993,-8.166867339577417,-9.136564951444067
train:2994,2.0134192945628833,-0.054211565694225444
train:2995,-1.1009878655873448,0.04652073293831996
train:2996,4.445112642716701,-0.36627898471017833
train:2997,16.528902871180122,12.161438567354088
train:2998,-10.919246360944307,-9.813835163440478
train:2999,-22.41985837392935,-18.264194170483144
train:3000,13.95729639509328,2.7861541766469196
train:3001,-0.3773374601081454,-0.6050732438123649
train:3002,3.0381807622184014,1.736324403354447
train:3003,-16.848455483548786,-2.7371539574097246
train:3004,-2.9186067410928866,-9.683453454673128
train:3005,-4.066689862241806,-0.045701848377355386
train:3006,-5.151618961137777,-0.1594726852382215
train:3007,2.8209624841989567,-0.18874256412060558
train:3008,2.085812834491058,-0.6419332305977179
train:3009,-19.1052512035284,-4.581300860233059
train:3010,2.0691144292609214,0.10764211638616285
train:3011,-42.243988226100925,-16.999185388277255
train:3012,-1.5964279726986268,0.28660140022953495
train:3013,2.3542181845553674,0.13383742298909695
train:3014,2.0877973304880744,-0.26620392442933155
train:3015,-0.8041665877766045,-0.008503042168237773
train:3016,-15.231852546717246,-4.721979826266656
train:3017,0.29550873204788136,0.01029779800004979
train:3018,-7.545068512063865,-7.217357063435969
train:3019,-5.781164227049429,-5.801818300943934
train:3020,-3.467482488806974,-0.028421201800493928
train:3021,3.0118818316659293,0.4007022293765467
train:3022,-2.089052080687517,-0.028829889355959204
train:3023,0.7569127685382019,-0.29616872194985705
train:3024,-7.786022636078782,-7.693547434371876
train:3025,2.9829445000866173,-0.06811232802562242
train:3026,-2.85744163154352,-7.677791403871551
train:3027,-0.10917566816505814,0.0011000989269248224
train:3028,0.3715132782801034,-0.17420118342187574
train:3029,-5.554121333964048,-4.711012633836619
train:3030,-0.47395988995936345,0.06249867232860977
train:3031,12.525449407946718,3.660802467005794
train:3032,-0.2220042148081227,-2.10189036358045
train:3033,4.751734359936393,1.391590119746046
train:3034,-4.321028931730333,-0.11134529418077493
train:3035,0.8331971944916853,-0.15284382587307452
train:3036,9.662982813162115,2.156478321423968
train:3037,1.5499649763935555,-1.0820744274619425
train:3038,-3.3639260621073315,-0.08882328944428555
train:3039,-4.4557008237204325,-3.029124997776521
train:3040,1.6684891567246716,0.03852052870438707
train:3041,2.909900309543982,0.02487502222729368
train:3042,-2.7367139795530715,-1.6943335376952868
train:3043,-0.2451112612637184,-0.6030782750452381
train:3044,-5.848103831744852,-0.5497067261097672
train:3045,5.386010615953617,0.3346429273119591
train:3046,4.676892104905422,5.136060185852906
train:3047,-0.9053907609518167,-0.02129047953834634
train:3048,-1.7273843684056867,0.03616812327778977
train:3049,-5.391349424976017,-12.074097114141246
train:3050,-1.2774980565741654,0.14083201117329613
train:3051,-3.531757424694409,-0.7434089347112056
train:3052,11.866050924989167,4.7059150179546005
train:3053,1.6725585706784925,3.7693878865771557
train:3054,-20.871868741123038,-5.409141568185658
train:3055,13.470573471991383,7.643269710604133
train:3056,5.189387208187384,8.17072952344007
train:3057,0.6304122486093788,0.07086829673005372
train:3058,6.516990622076124,4.548424331426632
train:3059,-2.0602818865829446,-0.19289356570935612
train:3060,-0.9313379821867899,-0.8298620988790151
train:3061,-0.8174060143918174,-0.001366435147677439
train:3062,20.720606596365943,9.897457164014838
train:3063,-0.14962299516668137,0.08230330962130349
train:3064,-0.6455077948915618,0.1585249474910755
train:3065,17.827851622709694,5.813804031738538
train:3066,-0.7347303815808937,0.06907173348444309
train:3067,3.038954383241954,0.25380446464356377
train:3068,0.6322165894702013,1.3788535052895021
train:3069,-0.36705257772651323,0.040547881475385225
train:3070,-30.050324285800823,-11.189815795247513
train:3071,10.122564841965353,16.052843133352507
train:3072,2.9891041785367682,0.27871047417606687
train:3073,-21.73306329260887,-8.703258419996024
train:3074,-3.990004213365651,-0.028001565027860678
train:3075,-0.508683688284105,-0.09083109768431286
train:3076,-0.07796599917273964,-0.2473077868399598
train:3077,-0.7958050648748031,0.04608105232188084
train:3078,4.627507746513697,-0.16587441076123738
train:3079,-6.0073377263162735,-2.820574580739232
train:3080,-0.1487497076726212,-0.46410603161214986
train:3081,-0.6195798676905293,-0.39615590317174004
train:3082,-0.2645013004577126,-0.03358595110514853
train:3083,0.09280863342326633,0.16668971096935056
train:3084,5.331360613503744,0.02040767029235442
train:3085,-0.5532451193362372,-0.4827194868064943
train:3086,23.335674394882933,7.3483167739865864
train:3087,-3.9936826325593704,-4.856888447857123
train:3088,-1.975501576864795,-0.4934209021474896
train:3089,0.7955250120767295,0.10367090308322266
train:3090,0.3542849844913164,2.333970909479666
train:3091,1.0508046076053086,8.007859383088388
train:3092,-11.362012360647842,-5.468259066565748
train:3093,-0.09877879902618547,-0.03407613364832984
train:3094,-17.47526518088917,-6.612226999200255
train:3095,1.8138992246648917,-0.42933516972852787
train:3096,2.564599168354331,7.276901913783961
train:3097,-0.2633055352698653,0.016888513431121382
train:3098,1.6448746539306094,2.456240924590063
train:3099,-1.5616471058759038,0.04926381499311924
train:3100,5.2558191240861,5.236852330695249
train:3101,-1.0233442563031185,0.5434921474158061
train:3102,-4.064002644984513,-2.961332010218333
train:3103,-22.470634692263694,-6.401277312660281
train:3104,21.289896826738808,8.555425239843359
train:3105,7.177112515077332,2.504445869630349
train:3106,1.901989274807724,0.016486031620891378
train:3107,-0.29989934390830003,-0.06514708742444097
train:3108,-1.1100691954300812,-0.006869682889274253
train:3109,-9.667349016907307,-3.506137094978064
train:3110,-4.873374816054876,-0.2943466580844578
train:3111,-2.276323925906723,-0.11021545623072829
train:3112,1.1541959889543736,-0.177990290200843
train:3113,16.635893171004742,9.410199167438648
train:3114,0.0926891498877777,0.12009897299428454
train:3115,-1.2778616212619167,0.1744707168687089
train:3116,-8.179358715575503,-2.189610213080304
train:3117,-1.6617572229347162,-0.24960009640034203
train:3118,0.32410365263930496,0.4653996200184101
train:3119,-1.620840388402348,-0.7638301876899485
train:3120,3.5657112644797495,6.737787283413757
train:3121,2.14778178463521,-0.10877204982028801
train:3122,3.8671384698628084,2.8402357484337912
train:3123,3.101190892820634,0.03609475995624408
train:3124,-1.2585550345761725,-0.036123387602323864
train:3125,7.241916293461336,9.255088063221583
train:3126,1.3896975724859808,-0.033733319721884925
train:3127,-4.743749127544128,-0.02615713908049297
train:3128,0.9691301724351427,-0.08749679356764536
train:3129,12.866806895090523,7.7883066790618
train:3130,-1.085667472805412,0.04390600994732376
train:3131,-0.28047269254146645,0.29227601926915175
train:3132,-5.677252604158683,-6.99271593363808
train:3133,0.7623529887347785,1.3406226907807997
train:3134,0.908755653360867,-0.07095473766938853
train:3135,7.7603260642082255,10.673340234319937
train:3136,-4.18114300141142,0.09116832368549398
train:3137,-2.7295717001213826,-5.3263669130038584
train:3138,1.108375447843926,-0.19090924300517603
train:3139,0.35052892424535287,0.01036210236016008
train:3140,3.0954789289412052,0.03802396208995797
train:3141,-1.1102996777752896,-0.028782347641024636
train:3142,1.312129977046316,-0.00974497584974679
train:3143,-0.5437607069049069,-0.6003479611329345
train:3144,3.87961496853352,4.4335350159827165
train:3145,1.6746653397098803,0.05509129509065765
train:3146,2.908527178718824,0.2448933711377413
train:3147,9.247217302980125,2.4130457992147645
train:3148,-0.3524605347258443,-0.04535682320835538
train:3149,2.0544862971184537,0.9319817854003998
train:3150,-4.84775047931561,-0.5433285039551998
train:3151,1.4860198987490358,0.5735439323652328
train:3152,-0.01410658238975232,-0.05410285815700072
train:3153,-1.2562818254447654,0.11604715633369085
train:3154,-0.07221905032815279,0.041390400554079367
train:3155,-3.9233082249060094,-5.446253351300672
train:3156,-0.970516261540327,-0.09929395092509588
train:3157,-6.108205076092702,-0.15431908130934865
train:3158,1.4009248405735875,5.379728273202942
train:3159,10.749129993236997,5.001291942499486
train:3160,-3.283873255621151,-6.1276287707658215
train:3161,-7.1970004204405145,-0.18533454003036737
train:3162,0.6211369323651537,0.10723021896247244
train:3163,-1.0928313708534443,0.17488921235486213
train:3164,1.277036918806937,-0.021918579419601153
train:3165,-0.5939952813103465,0.013236539355772584
train:3166,0.09056517894661115,0.04305503821563675
train:3167,-1.598886102360153,-0.7790913991707673
train:3168,-1.2899547962944555,0.10603668296075804
train:3169,3.1270886004504344,-0.09952520409811591
train:3170,24.372802640919762,7.921565571045355
train:3171,0.9806928777634304,-0.12834999908588188
train:3172,-15.145409695664826,-3.937339094156895
train:3173,-19.36446073806665,-12.041621807351435
train:3174,0.41508408854140916,0.10543986146209709
train:3175,-12.623927725006666,-3.2654477653409577
train:3176,-0.21805567913923196,0.04967614039923967
train:3177,1.9312095080654208,0.3063970855564008
train:3178,6.263337769312816,10.719047616559445
train:3179,3.523995703433881,-0.20647178978193031
train:3180,-0.8103262662267557,-0.1123404603261757
train:3181,-6.307413419490517,0.00928226702402063
train:3182,1.202139571173027,0.03312919836824012
train:3183,1.1417445957736092,-0.12554132872368226
train:3184,3.877021664405288,0.3505672975680916
train:3185,-9.090620122846435,-4.566925215730353
train:3186,0.40308691876209374,-0.12759036593780135
train:3187,-3.351261737178498,-0.20000306717601524
train:3188,-2.3587371133644037,0.1722437816245121
train:3189,2.3166468890166803,-0.2517085875070312
train:3190,2.5088784632498653,-0.29312826343659987
train:3191,-0.3086071133589543,-0.059630500897108585
train:3192,-0.3513875656034092,-0.10816035593218393
train:3193,-0.4029664460122161,-0.03816743168809275
train:3194,0.7671516241882644,-0.06422967142049357
train:3195,1.4960711605992163,-0.41675191564274067
train:3196,-1.1384759410760226,0.17120078844255673
train:3197,0.49464141028849595,-0.0482320091732204
train:3198,-7.776941887381646,-0.14418256711077537
train:3199,-2.4910651289180605,-2.0997505940911667
train:3200,0.5497533072617462,-0.20554001853397602
train:3201,0.14375557610595283,-0.6024361587394003
train:3202,1.0620792971739261,-0.24403340026349496
train:3203,0.9900730326740086,-0.30808714099581286
train:3204,3.9010304163748146,0.04807441615489502
train:3205,-0.2584727284550626,0.043015949153695054
train:3206,5.100544458262621,10.844388262944415
train:3207,-2.1810258106502105,-0.054730423060218
train:3208,-6.579760563934751,-0.11524221686690439
train:3209,-0.015438103189905766,0.13209867303674136
train:3210,-19.430021400480907,-4.316783180822236
train:3211,-0.9290945277101347,0.057227212738070535
train:3212,-0.1172938654038777,-1.1460181410445431
train:3213,-13.083276365736694,-6.930087838045357
train:3214,5.941396124227672,-0.09255886275429798
train:3215,6.897664236309934,1.3270497986559995
train:3216,3.0219105450668056,0.12521100912964184
train:3217,0.4307337584206567,0.021199509118293852
train:3218,-1.1382791651756508,-0.38062798730661485
train:3219,-0.6422524496950973,-0.09498926797876617
train:3220,-0.30920580955671884,0.5760703839800376
train:3221,-0.8780426301319751,0.6334925726244198
train:3222,-9.978221930424695,-3.922249574960919
train:3223,0.9340643118098728,4.629974386215339
train:3224,4.09970852252662,0.1709518453290959
train:3225,-0.458829531788835,-0.237538945213975
train:3226,-2.86799407335968,-0.04058210855825775
train:3227,0.10875968541099829,-0.03030254123245074
train:3228,-17.650812064928395,-5.192232654290105
train:3229,2.0547612952166694,0.34291967952608904
train:3230,-0.4058545071890851,-0.713894410372262
train:3231,-2.019637260649909,-0.8073236881493748
train:3232,-2.4439344531655625,-4.307627780679278
train:3233,5.312787200107749,9.339544404031736
train:3234,-1.0249852952501652,0.2242798827175149
train:3235,-3.4228451601394,0.07439686920474717
train:3236,-0.18069278241292924,0.023837806808143583
train:3237,0.26965333181780693,0.0005052746796039564
train:3238,-18.423458623538103,-6.08114873757932
train:3239,9.251290901182271,18.675746580516087
train:3240,-4.26770766058173,-6.1218538611767706
train:3241,2.151214030552505,0.08876488135411696
train:3242,-0.10901451649000465,1.7144523612683458
train:3243,-1.0390411152051366,-2.7838742314002762
train:3244,-0.05310761233509853,0.10991791295778681
train:3245,-0.5191691821270731,-0.6507097949597045
train:3246,-1.0150022598934978,0.20443711932334702
train:3247,-5.126175011992946,-0.09406054610562578
train:3248,5.531448578882666,12.758394167176446
train:3249,0.6229984579530776,-0.0392376374195568
train:3250,-1.0277833950880573,-0.4253334626774488
train:3251,0.7572461136547207,-0.139540420018376
train:3252,1.5081617785911123,-0.03387009577347838
train:3253,-1.7988904990017058,0.09684839950109349
train:3254,2.6727345574704233,2.9847848169212368
train:3255,-0.12569664964332367,0.2646156574778589
train:3256,1.4531781985664805,3.4252694696855515
train:3257,0.8602834611038848,-0.07154553174882672
train:3258,-3.023787353517158,0.04921495366569212
train:3259,0.3810501100446102,-0.05435062431877899
train:3260,0.6120242206599833,-0.1511120306352067
train:3261,-6.898508232798855,-11.347638596141175
train:3262,-2.913245324239755,-0.14458372930851282
train:3263,3.1737057759502196,-0.022910428701169286
train:3264,0.7983307830365501,-0.14975924950432287
train:3265,-1.353784342193571,0.15726368326981066
train:3266,-0.7449194911675426,1.8897409824702585
train:3267,0.08263951524527885,-0.1617521374931019
train:3268,1.4715712243680414,-0.07212416399421187
train:3269,2.147538400857668,0.05183235154687594
train:3270,-1.2560100817619126,0.06533694480888569
train:3271,-1.8221635206408404,-2.7502804638600153
train:3272,-2.7907412263773144,-0.9204393730728888
train:3273,-10.843541220925527,-2.1976217588486326
train:3274,17.01383121666729,5.863959578034039
train:3275,6.195746351711731,0.38036935476960254
train:3276,-1.6142271839254683,0.19418287429131612
train:3277,-8.060683204929985,-6.8844238246920915
train:3278,-2.031308988892874,-0.6346145883835896
train:3279,-0.10590364408985564,-0.0030147024812866158
train:3280,28.614990716890173,8.499997520653269
train:3281,-0.23945973652675429,0.01006854207836981
train:3282,-0.6735029732231398,-0.12558359198864658
train:3283,2.895984429449641,6.3159769306792555
train:3284,7.932118282750927,3.0604098829487656
train:3285,-5.208287630945983,-5.373483784046227
train:3286,-6.482918461046496,-1.3288753461997147
train:3287,-1.4754534500570324,-1.0207672283090665
train:3288,-0.9105257634789446,0.07689346904505823
train:3289,-5.226557918796692,-4.650861700548844
train:3290,6.3447158202266625,0.35876901019615826
train:3291,-2.214076723248991,0.11170317033420445
train:3292,6.194376707760176,3.4456608352245985
train:3293,-0.8516963943276123,0.005000873454924448
train:3294,1.8497029077447156,0.3541621359890329
train:3295,0.1903355582872981,-0.07498954202838898
train:3296,-1.0419540494137127,0.12317031757290811
train:3297,-3.3222346767184487,-0.8729868924749804
train:3298,10.635973041215019,15.17947821964045
train:3299,4.528541905142516,7.346854215362403
train:3300,3.0727314953832767,6.455184778440069
train:3301,-21.326025194598834,-12.104815981038263
train:3302,-1.3726487933063591,0.16279585549063624
train:3303,-0.5638312675972337,0.21303949483631612
train:3304,0.8316671543543581,-0.05178358570352737
train:3305,-1.8543134251004112,-3.7896657539303136
train:3306,0.25793720405095405,0.025423695702577548
train:3307,-0.12210877293418115,0.13016240919293215
train:3308,-0.34590149301894324,-3.016334029551365
train:3309,-1.9483816038077593,-6.005205823267098
train:3310,24.834544671691408,8.439939031570377
train:3311,0.18919930240895488,-0.03276301222262773
train:3312,1.964162323286816,9.851461036295877
train:3313,-3.4456286247245678,-0.15407498866342806
train:3314,-0.47472177184178366,-0.06708734577093034
train:3315,0.8903517020220144,-2.303752984505458
train:3316,4.5607438802479034,0.45696009182006314
train:3317,3.7709746801196045,8.737994555483938
train:3318,11.585253458595359,5.588839917866795
train:3319,1.051086579450732,0.32114792798942227
train:3320,11.320532804097255,6.147614349142334
train:3321,0.017371110953574714,0.015163851233753883
train:3322,0.5536301295635198,-0.06747067536741702
train:3323,1.2431219589291462,-0.23527638043247912
train:3324,2.6247737733419916,2.3454890579579466
train:3325,-0.6180110070270805,0.06230065912432116
train:3326,8.246094048859176,1.5936068143458608
train:3327,-1.2649752987136442,-0.7432956620280606
train:3328,1.4464278437278533,-0.43760411126330995
train:3329,-0.1843788727285775,-0.05377652155411153
train:3330,-10.651480503498926,-2.9595230711474545
train:3331,0.7465775589475556,1.859101862966036
train:3332,5.966775914898195,8.258019107936946
train:3333,-0.17533647964108295,-2.0991701072552513
train:3334,-10.05245607469917,-9.398470226102056
train:3335,-7.464927138988149,-1.4992029377336615
train:3336,2.7721062709290814,-0.005739274295987598
train:3337,-3.9351138490953583,-5.544817134290717
train:3338,0.5795614274090358,0.08771586075293886
train:3339,0.23519627932375253,-0.013143726987334584
train:3340,-1.896479955132365,-0.40987167009776154
train:3341,1.3821087407747714,-0.08958417087445364
train:3342,2.0926326943435196,6.136139284228674
train:3343,-11.679554036161528,-3.6190143223576525
train:3344,0.7215182119612182,-0.2656646309023056
train:3345,-0.33197195600298757,-0.04088569076195095
train:3346,-0.3940179660537826,-0.045327898729126626
train:3347,-11.237475183016173,-3.9276878050383552
train:3348,-1.0414225336473804,-6.405429883517942
train:3349,-2.15005609667639,-0.02879939560782037
train:3350,1.040325157676587,-0.28060742345519035
train:3351,4.9497460083134,1.767576964341696
train:3352,4.62108260075318,0.031464667702290235
train:3353,13.438329654402752,3.7607118267558186
train:3354,-2.1841481897332518,-8.515575570281582
train:3355,1.1370289479118927,0.08682758321943522
train:3356,13.778563903329667,9.995063407648122
train:3357,4.2107287184042175,0.35688574484326635
train:3358,3.7563930396251863,-0.01757830260117492
train:3359,5.327744493118411,-0.18493296768280115
train:3360,-11.947091154698503,-5.947142873594573
train:3361,-0.2932243055395141,0.010575701257941869
train:3362,-1.2999548011026612,-6.4570582600159465
train:3363,1.4309126509405905,-1.7224197420044483
train:3364,-3.1896284086512128,0.06770422262492613
train:3365,-15.787979131861219,-9.225404973624089
train:3366,1.9783887675901313,-0.42753796450927223
train:3367,-19.579203800743908,-11.369463417499166
train:3368,2.447892114087251,-0.745997229787148
train:3369,-2.0096908374660813,-0.70361149051742
train:3370,0.6146791262218815,0.18303756983998648
train:3371,-4.281797419439778,-0.14010532116079807
train:3372,0.9620139283263618,-0.1303691131951022
train:3373,-2.110037945700829,0.07277256888721903
train:3374,1.6694829157017415,1.55403199234609
train:3375,4.295095252454721,11.52267764376751
train:3376,2.5840561555215174,0.045425525899902335
train:3377,3.344761101871328,5.164433138390179
train:3378,7.574656088722584,4.749691343469864
train:3379,2.380361135628631,0.10475780012945743
train:3380,0.8073145966475015,0.0778700892851582
train:3381,-7.3867439941283015,-0.46163329179231233
train:3382,0.008698442697198216,0.009920210501165871
train:3383,14.57557301535056,8.175888708973135
train:3384,-2.8231152205804864,0.14391904844102038
train:3385,38.092244364253794,11.834871995239167
train:3386,0.2332829155482527,-0.0023573571339805255
train:3387,1.6580687511889738,0.12717887234286743
train:3388,-3.702622367316752,-0.18249280802544882
train:3389,-17.521245420810672,-7.404091504085489
train:3390,-3.2176177755267843,-0.050438686582396364
train:3391,1.0215334659929969,-0.17189228954233032
train:3392,16.241558450907903,11.98209452730613
train:3393,-19.90045550977199,-7.718792691310574
train:3394,-0.34275807646515927,-0.11118176922730533
train:3395,0.9474748276899099,0.5638148931052398
train:3396,0.07836832753892074,-0.5254911948976944
train:3397,0.6438078871620398,-0.3571690220352072
train:3398,-4.537334578698554,-6.879450668855275
train:3399,5.0067271019965025,3.3287685620081953
train:3400,1.9462374683811192,-0.4000113828925627
train:3401,2.660449604389678,0.04100090087755993
train:3402,3.187411978711855,0.16531146488388065
train:3403,4.8319426809853,9.79910223645064
train:3404,-0.9404138492608803,-0.13054751053801494
train:3405,11.321044212225805,2.2630382428148614
train:3406,-11.000126021391058,-3.114143422178098
train:3407,32.35286900913432,12.959310804270304
train:3408,0.5702056806136839,0.3200477991530594
train:3409,-2.4785460903893832,-4.70965906807128
train:3410,-0.6333644088791289,0.07382358673973724
train:3411,-2.146310497051238,-3.433749858694436
train:3412,4.9972381566294874,0.9564515381759038
train:3413,-2.9854240727539385,-4.144808427575957
train:3414,-6.3904354150794145,-0.33981223025100493
train:3415,-0.1644694055967441,0.3371832883557396
train:3416,16.521324732547964,10.522741776844988
train:3417,-0.09780869267506109,-0.015920548323700337
train:3418,0.010495344894332681,-0.3317033184798473
train:3419,0.40122225498792635,2.067701925965207
train:3420,0.7216716343997833,-0.06545452147000433
train:3421,1.8306213406355334,-0.6423809002195173
train:3422,-0.05438671380207555,-0.09365513974879067
train:3423,8.849272041495722,1.6838093899222533
train:3424,-12.44504460030337,-4.188418125265134
train:3425,-1.1950841717417635,0.2038432937016962
train:3426,0.6868101045676934,3.422817415683165
train:3427,-8.15918784915251,-11.235099760202923
train:3428,-1.4098530372836913,0.9152185695814308
train:3429,2.4056628203304298,2.6838658052292312
train:3430,-9.180676304785305,-3.50466312348908
train:3431,1.8238042702819546,-0.3429296542712605
train:3432,2.7283611169875877,3.5489124524314484
train:3433,3.264258023773783,0.46292003247969227
train:3434,1.4224083986792753,0.04102008875650576
train:3435,-20.46507797868063,-8.383142399066344
train:3436,0.9737734095550213,0.23723933335928846
train:3437,0.1936884197155476,0.060849156712913036
train:3438,0.3868600550723048,0.297823242205433
train:3439,11.5492503263454,2.0186363082581535
train:3440,2.641026091209088,3.3014130663678856
train:3441,0.1479753905412156,-0.08282315410143712
train:3442,0.8053705483842887,0.002168699724276288
train:3443,-1.4335103123939592,-0.061245599592391314
train:3444,-0.4506005681985361,-3.029075351814639
train:3445,-2.335216756157643,0.08085519540413301
train:3446,-0.4376783308521448,-2.4558214189667105
train:3447,-2.4166517593403514,0.03528045205272867
train:3448,10.20683095405607,5.135761739438373
train:3449,0.4697593127103493,0.7953037417834261
train:3450,-0.5888226205482979,0.08409609235544895
train:3451,-0.19440712121297332,-0.2448277356536095
train:3452,-4.689941088840442,0.007535028753469647
train:3453,1.327819048597286,-0.14847580152710207
train:3454,3.0511063702092764,1.07479638375979
train:3455,0.8290493258817799,0.2911140469716512
train:3456,0.29163202597522797,1.3022621975958015
train:3457,0.2729452891871109,0.5838255682727849
train:3458,0.29787631922483016,-0.5081989927952224
train:3459,-0.3508963813417605,0.015415968550237358
train:3460,2.72517713647088,2.436563433744287
train:3461,-2.988301440851756,-7.232072240666489
train:3462,4.093233165786208,0.42104038243346115
train:3463,0.9946592012959058,-0.204631518830654
train:3464,-3.668300605518523,0.2576638675366616
train:3465,-10.067118610661195,-5.066337913319071
train:3466,-2.098853914845909,-0.1498834000742308
train:3467,1.3791009636041731,-0.6625566339442397
train:3468,5.337616529665358,3.388004183538971
train:3469,26.443339801149424,11.882900754179095
train:3470,1.2967844787744363,-0.04370313476396598
train:3471,0.3193691756601281,0.06992634306678526
train:3472,0.8632896110668009,0.0734752803721071
train:3473,4.518389059041346,1.5346790548430784
train:3474,-2.5040446672206733,-0.6291096643774752
train:3475,-1.0840272474622061,0.052210402693392374
train:3476,1.956033258625265,-0.22938349035355288
train:3477,-3.2481555820902197,-7.454725249416131
train:3478,4.627117216670077,-0.28763924611080116
train:3479,17.932656815075962,9.539556000946915
train:3480,-0.3105440135312795,-0.17663428136913278
train:3481,0.29929536055243783,0.30045890067029757
train:3482,-0.025094767177261557,-0.0918763734392283
train:3483,0.31443385476137503,0.12760706876410105
train:3484,2.030874118906794,-0.17840949899104624
train:3485,0.6788959475492535,-0.21106691230483138
train:3486,-1.849575926164111,-0.29435678700196827
train:3487,-0.8108026893901487,-5.378690332968214
train:3488,7.127045659292233,4.774692365101831
train:3489,20.689628281437233,11.174779286053983
train:3490,4.19610058626175,-0.19934711277160672
train:3491,0.8812853657357741,-0.09844333584543388
train:3492,-1.32223813178393,-7.24727874172667
train:3493,9.449806519024142,13.199187537933614
train:3494,1.5161367234393777,-0.06347039492443807
train:3495,0.04434678555797515,-0.09032964493714105
train:3496,-5.486838620906015,-4.2860283634010985
train:3497,2.5333558510317364,0.16889667370014655
train:3498,-0.034284771247314966,0.05245809752476565
train:3499,1.3693077304006702,1.2895709492768397
train:3500,0.4039056366842551,0.35603926692709453
train:3501,0.39917708739020463,1.019718040893405
train:3502,1.0579882646037622,-0.20886993583073582
train:3503,0.9108480099813595,0.03360522182602832
train:3504,-8.02876947804251,-6.606493746567725
train:3505,-0.18109249435703956,0.12719713292654822
train:3506,0.29975655770109433,0.23192978333247757
train:3507,0.6080744064707713,-0.020169914540950115
train:3508,-2.950913787322867,-2.92493410179659
train:3509,-3.7107609627661535,-0.20350731598260263
train:3510,0.7144505516246495,-0.0670861331540453
train:3511,3.741851381948092,5.261105809682784
train:3512,12.757725400936613,1.4657449234656508
train:3513,15.779968912741863,3.7127852129558545
train:3514,1.1503276513783693,0.35284081156675545
train:3515,-7.950394787592694,-6.509144292392452
train:3516,-1.8066471655623766,0.050134759238207115
train:3517,2.420494120974876,-0.48446183894430256
train:3518,0.9650461136121861,3.0948179583925417
train:3519,0.8336031828082823,0.13456399449445855
train:3520,-3.835361369039171,-4.01769536328747
train:3521,3.656803280337174,6.8956083723777
train:3522,4.963872960489888,4.590466472135461
train:3523,1.9583524944882416,-0.15725723418923018
train:3524,2.523233224501799,0.15093639102441553
train:3525,-0.5040806664397897,-4.112926019112531
train:3526,2.405868313414811,0.07608033809322537
train:3527,2.5918311862831676,-0.23668643987858046
train:3528,20.027083243739657,8.94939676211325
train:3529,0.14303786128918017,-1.2806076304030258
train:3530,-0.8962502704869365,0.03669907114743036
train:3531,-2.6232748232274297,-0.021569987730351
train:3532,2.1133970266538733,0.12093842486556355
train:3533,-5.85291385765211,-11.778099900394455
train:3534,-0.3836770612362502,0.5077363552999011
train:3535,3.6160389384104095,1.632086857289644
train:3536,2.238579275902237,-0.07915398939848256
train:3537,0.1271993190897293,0.3485390888322334
train:3538,5.5880475112187975,1.2562757708119219
train:3539,-8.526370516955156,-9.28013023098571
train:3540,-2.7748994297625,-0.13514311454114977
train:3541,2.317107156332376,-0.026517678612581155
train:3542,-28.287232674794303,-9.517993164654973
train:3543,0.21487106062923156,-0.18907289522617493
train:3544,-0.5943423414630401,-0.4008341077838685
train:3545,-3.204737496892758,-0.3795261465405319
train:3546,17.59327336330836,14.266482132908667
train:3547,0.48489862052312743,-0.6756189430300277
train:3548,-13.315297584495275,-9.138795595869324
train:3549,1.1279442474246726,-0.15689120221595676
train:3550,-1.6936507259552909,-0.2789152165920993
train:3551,1.1992624355334498,-0.034428505849045166
train:3552,-0.2366929023221757,-0.06703181505063543
train:3553,-2.294906172715847,0.24338929821784588
train:3554,0.6704722420681851,0.05514204667381736
train:3555,4.250925397308291,-0.0765561003830671
train:3556,-0.3246214521025944,-0.14495960487767667
train:3557,-5.5430516725633305,-0.10869472766126467
train:3558,-17.943183162187786,-11.84627921342614
train:3559,-9.177079710892151,-3.9229697267298307
train:3560,-0.4631558120981324,-1.9179680528177716
train:3561,-1.6721730955347294,-9.4063508092468
train:3562,0.10237173296892141,0.010020750707017745
train:3563,-0.2510990368452045,0.043013024607089924
train:3564,-23.421943075331978,-10.840159856354708
train:3565,-1.708949732579121,0.08335090361438154
train:3566,-0.48273658327825186,-1.1571973274382492
train:3567,-2.209880852012474,0.9498899968804784
train:3568,-1.3176440595818644,0.20812861044306757
train:3569,0.41431790618154435,-0.010354529825700787
train:3570,-0.2753164200853555,-1.9842853569572556
train:3571,-1.8932808648300412,0.16397594571100754
train:3572,-2.422787727049997,-1.1296704961651223
train:3573,-2.8551068209784463,-0.010700375294358327
train:3574,-2.337899789166612,-2.875606558842365
train:3575,1.6787907760996017,-0.07738745625337826
train:3576,-7.59322735061299,-8.538897188858156
train:3577,-1.5132050169610336,-0.5968010567441553
train:3578,-3.3993245704743993,-0.4184928055072464
train:3579,-0.7652739996003352,0.039689705372792906
train:3580,4.772953148106435,0.07326339340404538
train:3581,2.9687575736841443,1.6801960769264161
train:3582,-10.456160721544016,-2.10534503775556
train:3583,1.547905163926698,0.07395219545995783
train:3584,0.4816445538469843,0.09655851273516088
train:3585,1.3107491750992297,0.3268869583847568
train:3586,-1.4878541673414225,0.3571380404857623
train:3587,-4.815521074137874,-3.937733408635752
train:3588,0.7446626841934941,-0.20818965775822124
train:3589,-0.0018060546069103012,-0.056093190447802255
train:3590,17.661839245852573,6.31700751237074
train:3591,10.807773628254369,4.578946326405839
train:3592,0.8374270046312788,9.114361163155824
train:3593,-6.027121782227492,-0.3323655499598961
train:3594,1.0676192419555703,6.453725643675325
train:3595,36.7387348742386,18.671808000873437
train:3596,23.27708747967618,6.417202764384017
train:3597,-10.535856704631412,-4.070202530375113
train:3598,-5.738691317056825,-1.0807709356409159
train:3599,4.665453299819187,1.5406524056188482
train:3600,-8.737972603890155,-1.0753379126830447
train:3601,0.27047239842732873,-0.11087019801825176
train:3602,-0.4829148787485238,0.09391179805752078
train:3603,-1.5802123832334898,-1.3181459693399582
train:3604,5.3362310785534675,3.377036420465694
train:3605,-0.29627903927464266,-0.09721919909997315
train:3606,2.9248113433648344,-0.12215249251238988
train:3607,0.2514203535146584,0.20479633924294266
train:3608,1.7482825398147326,5.383003194757444
train:3609,0.11851130858949632,-0.016253661315064824
train:3610,-3.831483035758836,0.1496918181179214
train:3611,-1.5742380902299384,-0.3035868700789646
train:3612,-3.9788159982624056,-0.5491305904285573
train:3613,-0.7797194195659662,-0.2574939470004153
train:3614,7.004983697002748,2.7463078711257065
train:3615,3.3740680420526377,1.6299338203450304
train:3616,1.2419436281093175,-0.12627011147159894
train:3617,-0.8478450262031463,0.03819187386333527
train:3618,0.7982036283791332,-0.10292784274277639
train:3619,16.82987492332877,6.764140158881344
train:3620,-1.3856415817286662,-2.8035845342323533
train:3621,-0.1350322306863338,-0.18974265206395158
train:3622,11.676488668728776,18.583763455370008
train:3623,2.3865303448666326,2.8757708442766163
train:3624,-7.278359874695142,-4.155115385777286
train:3625,9.871230992606781,9.243994758635502
train:3626,17.765655095948336,4.243649483361779
train:3627,0.3138316716900068,0.03312902004222761
train:3628,0.9028356393564139,1.7189764208752627
train:3629,-1.687940040596183,-0.22317574786694294
train:3630,0.7497779277702009,-0.10792903142875887
train:3631,-0.8972575120419407,0.0893060651368755
train:3632,-0.38694402934472727,0.055664470560060075
train:3633,22.406244981387005,10.89346244030007
train:3634,0.5474832363165824,-0.0027558087763278616
train:3635,9.579119318743512,4.887878310474274
train:3636,-29.925484912456827,-18.105024651543022
train:3637,1.2305994335268653,-0.037667191557805985
train:3638,-1.707781165005383,-0.15544510308272763
train:3639,22.473879171304294,9.342677235419472
train:3640,0.14125618510678212,-0.06852237085878274
train:3641,-3.5910210258385287,-0.3155457691297597
train:3642,-2.1719332065828216,0.005261693080818294
train:3643,-4.592291890942039,-0.09181217607472553
train:3644,4.365713276343865,0.6865622512859175
train:3645,0.7770029719518299,3.635549791704976
train:3646,-1.310768177293502,-0.8710167466887946
train:3647,2.0437306868003144,0.22809648736761087
train:3648,1.4546073518275389,-0.19741177622306255
train:3649,8.222865891660408,5.159587235995889
train:3650,10.963377454946043,10.49034750139526
train:3651,2.4862983996249173,0.10464620371083007
train:3652,-0.3489124664903447,0.0008713779832823787
train:3653,-0.16975806302067759,0.04778773925718755
train:3654,-4.413655171973408,-0.04808927703280921
train:3655,1.746660213756026,-0.33690408963902846
train:3656,-0.3773651226387351,-0.022020367907540583
train:3657,-0.7954941519784684,0.06024095801465409
train:3658,5.005877234670147,-0.2268155244430362
train:3659,-12.866621566491617,-7.298088245175239
train:3660,11.623961474928869,8.037397018478552
train:3661,-1.791275399509348,0.0036717383532991477
train:3662,5.779515925049242,0.31635523807726385
train:3663,-0.4099673908338328,0.07125779640657316
train:3664,0.6464447772103186,-0.15414389383466104
train:3665,-1.1061328638188037,0.06138527603691635
train:3666,5.950665629015892,12.879127440041456
train:3667,-14.974923892432331,-6.333088869336756
train:3668,6.820278888130626,11.904702749807484
train:3669,-1.396974618315587,0.15487618328395186
train:3670,-0.8578244584570894,0.0887148787402098
train:3671,-4.29187680873703,-2.35807536773962
train:3672,-7.064133799144199,-0.5889634858336295
train:3673,3.7752607451533384,2.244705758085824
train:3674,4.329991883481089,0.23953510244431328
train:3675,0.23521545712857317,0.006871584656535798
train:3676,6.306270946621115,5.330207282190348
train:3677,7.5815108173110834,0.5843073338281759
train:3678,0.21893512804352672,-0.14022465692836825
train:3679,0.6283545282666836,-0.08564737449192744
train:3680,13.887326464777955,4.276688015029496
train:3681,-17.33904093277068,-8.649241901538515
train:3682,1.2812702158201343,-0.15090435216104017
train:3683,5.533141804704649,5.300312994775169
train:3684,1.0161778605958713,-0.4402260386252114
train:3685,1.838528407677646,3.2561736115851985
train:3686,29.180596949071553,9.127528755919396
train:3687,-1.0633028979691757,-0.04443077622540262
train:3688,-3.2571180095430683,0.3342459736081168
train:3689,8.709653903069576,0.7075902406896168
train:3690,-3.7405460695476584,-0.07372228605310388
train:3691,-3.0406073344069453,-2.07016916183233
train:3692,0.3718115222023445,0.0656800083917481
train:3693,-3.065670516954247,-1.8553643522235594
train:3694,-2.3379702240134077,0.2969991620364322
train:3695,-1.3180765481378498,-1.3129058951276202
train:3696,20.27265770773779,18.083768131033224
train:3697,0.7496233430404345,-0.03534396026685496
train:3698,-1.1676145814913914,0.1533574163006258
train:3699,-0.5439365615636562,0.14235238309073475
train:3700,-3.2984309529168234,-0.8104199983697495
train:3701,6.8884691181585955,6.4713893345270534
train:3702,-0.21258175249781908,-0.14731086901779392
train:3703,2.1616441993342934,-0.22402928749321005
train:3704,-12.252208402187295,-4.94284843360474
train:3705,0.7469700646862182,-0.1371559159095273
train:3706,1.0004704248439218,-0.24071525248356063
train:3707,4.313889966095434,1.1088597906865914
train:3708,3.50475699455429,-0.24626215443301935
train:3709,-0.8521673547223594,0.008675673259874242
train:3710,-0.47067630108670855,-0.23668643987858046
train:3711,-0.4849284901401316,-1.9167842534163402
train:3712,-1.9342623227531992,-1.620010108898255
train:3713,-2.3523782182023583,-3.5238977951805963
train:3714,-1.4429484656354798,-4.803290210894552
train:3715,-1.3380662133625698,0.03184114957989661
train:3716,-8.873733795194068,-3.9611035318877286
train:3717,-0.07232156441210316,-0.16480967963835735
train:3718,9.702146447646516,10.329025516153765
train:3719,3.8802388864503516,-0.27663917036405783
train:3720,-4.695858545804252,-0.2544318753744421
train:3721,-0.6035195603298797,-0.36566008645116893
train:3722,1.6536794746965682,-0.12295845475851994
train:3723,-3.7441482424385764,0.21056097725367334
train:3724,-1.1103563975859108,0.20105791271673007
train:3725,-0.04848459908212169,-0.0062036352325577915
train:3726,-8.756776615860478,-5.117643876386461
train:3727,0.5201538183850811,0.06093239929555166
train:3728,0.15824190872186794,-0.05802481781528626
train:3729,10.660184031853563,20.276373477910173
train:3730,3.737203146976048,9.69627917231705
train:3731,0.7099052956530364,0.054923668638900365
train:3732,-1.1808164661008038,-0.3017605620544677
train:3733,7.874405410527516,1.7983554634572945
train:3734,3.6738759433341133,0.08403852871861144
train:3735,-10.944409500534915,-2.030887222475502
train:3736,0.9094046767676457,-0.34157919137853926
train:3737,-17.153526239389528,-5.058160025046275
train:3738,2.3754746309603307,0.5895750129072499
train:3739,0.26865318023913026,-0.16114269051275537
train:3740,1.381889300195975,-0.11800530710030704
train:3741,12.037897073843608,8.001514400902552
train:3742,-8.313989229998839,-11.053331627671339
train:3743,6.178205982735408,0.29938395146690083
train:3744,8.149537404689948,2.0937195485292786
train:3745,-7.821080128207402,-6.907120588920838
train:3746,1.2458528783356062,-0.19732878329684145
train:3747,-1.884818687510211,0.011033143145226756
train:3748,-1.2641884275703972,0.131515618306246
train:3749,6.002814380800672,3.042786137123839
train:3750,7.399778684415281,0.13237304543958578
train:3751,0.33086411941138294,0.915982660879824
train:3752,-4.88596475434683,-0.6492940290812028
train:3753,1.1518137569082891,5.995732515020569
train:3754,-12.618139514824435,-2.259672934125691
train:3755,3.2644658414405665,6.934046901025772
train:3756,8.820784749069533,3.490564751782151
train:3757,-6.594633242145962,-3.21628913278578
train:3758,-12.781387498288499,-3.1863297920412372
train:3759,-0.3143311069523164,0.006207034938324391
train:3760,2.670906970785576,0.33591952757029964
train:3761,-0.985662078183832,0.20587207308079442
train:3762,-1.3092444135286616,0.02959399216588139
train:3763,2.465421325068042,1.6804595714424977
train:3764,-0.9359786622660257,-5.50624165126504
train:3765,0.7855544132359158,-0.1503258982416675
train:3766,-0.8961531029425119,0.1270357122200262
train:3767,2.8619739292351074,-0.04019542643273594
train:3768,6.196526481566011,5.0345923994143735
train:3769,-3.6545579068131686,-9.70232120276131
train:3770,-4.318990272963338,-2.491286611012633
train:3771,0.5658859091351136,3.9104954056840118
train:3772,-1.4764074586750198,0.15983193450194735
train:3773,0.26390696411882075,-0.19432855513200598
train:3774,-12.010204496759409,-16.479894333422273
train:3775,8.611375208256575,6.412531478821173
train:3776,-0.8363245120454639,-0.21688854330915952
train:3777,3.360840703265918,-0.13393417117195472
train:3778,3.388132695420739,1.3548787855247195
train:3779,0.6204967423715044,-0.1573805822920818
train:3780,-0.9996862838181296,0.0723876343566198
train:3781,-16.67038875218525,-5.0112497268567955
train:3782,-1.6921008106384225,-0.06158399103372603
train:3783,0.8068359651308262,-0.22206962727655982
train:3784,0.19778026588955264,0.06639320544617162
train:3785,0.6544531960451799,-0.22159021562453396
train:3786,-31.23098340736369,-14.287228498361886
train:3787,3.6916966569481784,-0.20525512489639364
train:3788,1.329885602353111,3.215135232335574
train:3789,-32.82541261757424,-16.045552655136827
train:3790,0.6997594232990739,-0.02998840212881708
train:3791,0.496111011283358,-0.00952096271283455
train:3792,1.1198619068694118,1.2166423152192383
train:3793,1.7836473417369643,4.38809070027686
train:3794,22.90181061594802,9.116053691005737
train:3795,-1.3243833726540797,-8.176570116820601
train:3796,-5.343738258040921,-11.148069818380257
train:3797,0.6081467009834891,-0.009569182066616638
train:3798,10.466710898159201,5.07728621470331
train:3799,2.5160609579571176,4.752651269955873
train:3800,25.287977715123546,6.966764731192595
train:3801,-0.23060580895754268,-0.05576228869899286
train:3802,-1.4450260611577161,-0.0777584456897994
train:3803,0.586703939298965,-0.1564243268826102
train:3804,-4.653307529842924,-0.20092328289835903
train:3805,1.5922942271936846,-0.04009716879984415
train:3806,4.034901722185492,2.268868790119815
train:3807,-3.313143467400502,-0.3077069856023488
train:3808,-9.082650524537696,-3.548980418795887
train:3809,2.1532306057866757,0.0022423840326444983
train:3810,-1.218724244942253,0.029838976441864548
train:3811,-2.502612724460732,-9.589056508621743
train:3812,-0.4292314376616114,-0.024035023866448194
train:3813,17.035001653523356,23.43968634495557
train:3814,-5.489659734109692,-1.0933338605612772
train:3815,5.739586108204976,4.528928305131184
train:3816,0.651830021033076,0.6586072235915568
train:3817,-2.38321891785284,-0.5869883469190935
train:3818,-2.367192316937026,-6.5861908307308825
train:3819,-22.150924646284953,-12.425066673772589
train:3820,-0.41356956372475073,0.11884883631620019
train:3821,-2.9917401955997778,-0.031130758564941755
train:3822,-1.093250260602375,0.018199851596698416
train:3823,0.1409437612318858,0.06608430912730569
train:3824,-0.7141387657430459,-0.3077176851630993
train:3825,4.531642898067455,4.675864374291654
train:3826,-0.084555957825594,0.11250317649151674
train:3827,1.110251850759226,-0.2732960926075749
train:3828,1.0486469302193058,-0.2054219667136959
train:3829,7.985318675614599,-0.45765804832148954
train:3830,8.25795220861082,11.616567858621753
train:3831,0.3607065271491095,-0.0437817765354819
train:3832,2.5315498829632324,-0.0027267416362890956
train:3833,20.353268646458808,5.765271965460907
train:3834,-10.99094113140229,-9.874103078592459
train:3835,-1.7816283825389627,-0.9924076145575282
train:3836,0.4982934454719475,0.08846557897472396
train:3837,-3.926960143860341,-10.910218868219035
train:3838,-0.14023191471881147,0.01888797601376334
train:3839,1.5947761838248367,-0.03358844766932362
train:3840,-10.50692960121467,-4.364808515902724
train:3841,15.357275217167455,6.122880388546698
train:3842,-2.469168724977688,0.32060239305195853
train:3843,1.3603097368370638,0.000521680672754668
train:3844,3.5777061096766625,2.818318482870918
train:3845,0.19084975591473163,0.1979494049970999
train:3846,-1.1902834441641152,0.15249324844401324
train:3847,20.639999376976768,19.687487914788242
train:3848,2.129025659062378,5.5691424545076185
train:3849,3.7873388104002608,-0.0029294626473079094
train:3850,-1.5454728939775313,0.07597805029245093
train:3851,2.8132141861349353,-0.221740544453078
train:3852,-6.80037366209481,-4.556930399381319
train:3853,19.18553978205162,7.95710580267734
train:3854,2.561556754905936,0.029898822651662146
train:3855,0.4459724421311418,-0.11375169672395957
train:3856,-0.34045255563835725,-0.05000121720851236
train:3857,0.3401734907878048,0.2162886661146124
train:3858,-1.0843922068993992,-0.1009252772875168
train:3859,0.20171136719042462,-0.010898780815874462
train:3860,-0.11765992901771177,-0.021481181376122135
train:3861,0.9215771200601098,-0.1813214557796904
train:3862,-0.01580486417846058,-0.7638298310379235
train:3863,-4.947582925006444,-12.68220422416017
train:3864,-0.131011226161045,0.027614216775020295
train:3865,-1.3456476064100915,-1.9137962227507606
train:3866,9.72213041764435,9.912277910244763
train:3867,-2.0324657010963594,-0.7137079526935839
train:3868,-1.5438731163681294,-3.279871914519065
train:3869,-0.01751674477422349,-0.030350796251435344
train:3870,5.723076923982402,0.2723694151625061
train:3871,-5.056774139449753,-0.6470366357540698
train:3872,-0.9862997111368385,0.04177255319888348
train:3873,15.944244361627833,8.383729531141451
train:3874,-1.3401051045878045,0.15645365519059545
train:3875,-6.4440458642788885,0.05479627253556482
train:3876,0.39556294289991384,2.1508868736365843
train:3877,-1.0620777268139365,-0.011235032345059084
train:3878,8.522675652607806,3.5096173882800996
train:3879,1.0731742965228306,0.38624954803643824
train:3880,-15.841916882262964,-2.1597899666255174
train:3881,5.932818415162438,3.0784798717873914
train:3882,5.93873680195921,5.124538898836804
train:3883,-9.721694034145973,-4.243374493138964
train:3884,1.7206467419225815,-0.1562949691931371
train:3885,-1.3235418738243734,-3.4517154198201374
train:3886,-1.5711928872826602,-10.002880138568859
train:3887,-8.63384711941838,-3.31356326205337
train:3888,0.17470343900518948,0.10221957899782705
train:3889,-0.16665009634853173,-0.051840400371112316
train:3890,13.58758458163671,2.604619437200505
train:3891,1.0049729084993289,-0.2376582096511402
train:3892,-2.265840756646157,-0.03916320414193605
train:3893,-2.491794815334206,-11.912771705040312
train:3894,21.05273177203997,9.233095472751028
train:3895,-6.0665857527582965,-3.642135074513738
train:3896,8.999292221256583,3.338330830781291
train:3897,-0.42899868884856085,0.3264555520952981
train:3898,0.5129657446800628,-0.1674252942594161
train:3899,21.50450971280153,6.427399588440021
train:3900,-9.777248764066899,-11.2884172406914
train:3901,2.6311487081226144,3.7203154211512217
train:3902,0.6496775739574787,-0.019890513344552968
train:3903,-4.0103498883853135,-0.248426996559661
train:3904,9.455421780275627,2.6168523163369173
train:3905,2.106044372514758,6.551305637719569
train:3906,0.5863067843954974,0.3049615611557134
train:3907,3.585524145212759,-0.1024197206027368
train:3908,-0.5588453870312262,-0.6725321910839235
train:3909,-0.04100653372239124,-0.10269740986941386
train:3910,0.8316546016093845,-0.5873344420441686
train:3911,2.4323769212999884,1.0184609138356302
train:3912,4.3877028960385775,0.14374393229673776
train:3913,-0.6612496344630686,0.21636805685538085
train:3914,0.7395713838155332,0.0060319544592442875
train:3915,-8.66537403579408,-4.177700303930988
train:3916,2.800582870276217,0.018068246999467685
train:3917,6.754461591819131,0.42772361339982173
train:3918,7.949415035491468,14.425769204356234
train:3919,0.10870168708005586,0.3622908776127814
train:3920,-2.8443714345272095,-2.4671578175730438
train:3921,1.2518888890019442,-0.1618457408170672
train:3922,1.8886691851831445,1.4414737545376752
train:3923,14.250100794512496,4.972914995459531
train:3924,-10.40061621978566,-9.175661431747887
train:3925,4.968629985918369,0.5733713841155303
train:3926,1.8911741551800811,2.1296087285025393
train:3927,1.1290300598648817,-0.14762154859678492
train:3928,-3.3564402093965526,-2.986030020289847
train:3929,-19.52354399969839,-8.123358775974767
train:3930,4.650413251674996,-0.10278956875267786
train:3931,0.4766195040674946,-0.031081041272654597
train:3932,-13.111487497773465,-1.57597570997769
train:3933,0.7232878003151232,-0.15210605549412742
train:3934,1.6124348740454466,2.552045504853779
train:3935,-1.1003862636615773,0.013500889836714075
train:3936,6.905438569696864,2.60289095882647
train:3937,-4.494029933122335,-1.4493668089917644
train:3938,-4.063299226349516,-0.18286836260779016
train:3939,-1.7489247625511157,-0.20759297892037032
train:3940,-1.0464970970320433,-0.5400973079389644
train:3941,-4.725870764286482,0.04577725612697263
train:3942,-23.162731681127806,-6.848215940469276
train:3943,-0.4646706262207232,0.11142904758777752
train:3944,0.9989805999821579,0.39707236772674886
train:3945,-3.196661200251744,-0.5005249111729635
train:3946,-0.34963448178456197,0.0020333859459854
train:3947,-5.6232720814407315,-0.9798867745761188
train:3948,-4.5875953046560225,-0.25677793239499414
train:3949,0.295160044687506,-0.1353069248162394
train:3950,0.6326391985509763,-3.6422897188317847
train:3951,1.032507587056971,0.5548924580650217
train:3952,0.8422133197980315,-0.003075618647159259
train:3953,1.5180461354247936,-0.3524943482781264
train:3954,-18.73448031032925,-9.797286509479758
train:3955,-1.7161992914886857,-8.54104052486769
train:3956,10.395168620306823,-0.01861558935073003
train:3957,1.4774635758419046,-0.1563943324473064
train:3958,1.273210656172418,0.020495692012128253
train:3959,-6.172091109344198,-5.602615876143111
train:3960,1.5869786046138823,0.014783802835897364
train:3961,-0.7056361406894125,-0.2979453483472693
train:3962,3.116009640720107,9.55417017432395
train:3963,11.742245525897806,4.568016796429644
train:3964,-0.7487708592920088,0.10586584664077561
train:3965,1.4778822331325951,-0.07410604363202056
train:3966,3.05909828450908,-0.11766531072485975
train:3967,5.034533756695238,2.1636567280618597
train:3968,-1.180442324563121,-0.5803606110078252
train:3969,-4.7795537404569135,-0.335352154017376
train:3970,-0.1962877083765978,-0.03292799944939992
train:3971,0.9370173450648919,-0.22919414379347214
train:3972,0.20342923358587398,-0.06958465891529145
train:3973,-0.7755263378283321,-0.0017377812361235867
train:3974,-4.428683132289107,-2.7981211958523557
train:3975,6.784524951114215,-0.2675989331599772
train:3976,0.6222024047093406,1.892468229175147
train:3977,8.557621564781106,0.33572943204096634
train:3978,-15.726998826612851,-8.313497103551034
train:3979,-10.665959862367632,-10.82408711885617
train:3980,-1.2796322556779032,0.1393019739859796
train:3981,-2.623540058079555,0.10343084060518472
train:3982,-6.6142127348057596,-6.609916464721394
train:3983,2.018262561998497,2.5153537151634233
train:3984,2.5442021200635727,-0.1003937944398387
train:3985,0.6624354633280132,-0.1727348799514295
train:3986,0.0657795515381684,0.02408375404459427
train:3987,-31.207492107436963,-8.776621456220095
train:3988,-2.7235977558051916,-11.585704108160648
train:3989,-9.651082519087556,-0.8232832956255789
train:3990,1.2565857077462006,-0.03280413420111203
train:3991,-2.856416025787536,-0.53804006772827
train:3992,0.43272278735335795,0.010004023727044509
train:3993,16.768563597546287,10.029050919024
train:3994,10.497625984446563,2.2912785207988295
train:3995,-0.14725842994685578,-0.3845455244797902
train:3996,-1.0908464099399473,-0.027003010688222265
train:3997,5.7619671875762695,13.231600073967025
train:3998,8.248164786863324,4.125179381586707
train:3999,-0.34990436580149253,-0.07632370592356699
train:4000,6.740404377114718,0.7407033839609669
train:4001,-2.692229375949342,-1.7646146724407932
train:4002,-4.291102257880516,-2.833063393368795
train:4003,-3.7314055790827783,-6.060545663398225
train:4004,1.4304793487807643,3.905897733099132
train:4005,1.0873635475077057,0.29154816381650006
train:4006,4.089836485979672,-0.07737932458720789
train:4007,2.216932067195413,2.8812250523647736
train:4008,3.8865106097723037,0.117556971351189
train:4009,0.23453772512912358,0.08415672319970158
train:4010,3.7207093049973317,-0.30364507568944715
train:4011,7.097901904795578,3.468973894152572
train:4012,6.224250381131217,0.3999374247741035
train:4013,-0.8314846152543336,0.06076873168127204
train:4014,-1.7365112600635122,-0.9237394029299522
train:4015,0.23255543748538954,0.5148017745762684
train:4016,-0.7867021164157234,0.014508110820560374
train:4017,-3.596330139587604,-10.122150282166444
train:4018,-1.642423787322223,-1.0744377229719055
train:4019,-1.0177321332378768,-0.07735147006405418
train:4020,0.025410853536309827,1.3359531171476766
train:4021,0.6074272427299146,-0.06064460526503768
train:4022,0.7330941674092002,3.0868089805187937
train:4023,5.1594372885135416,0.588911283488696
train:4024,0.5077477545611655,-0.020065486828025572
train:4025,33.48011666575137,11.636990038895762
train:4026,4.374146861300144,6.493720316438944
train:4027,23.28253816049357,7.611328525886984
train:4028,3.80173587905192,-0.10251109485154578
train:4029,8.096949771747575,5.0730942694620875
train:4030,0.18310692061935618,-0.3553734217500641
train:4031,-1.156389173069707,0.174633207531306
train:4032,-6.626299633465812,-0.1289987847845876
train:4033,-0.4002674314992305,-0.0866101922986593
train:4034,1.3799856996665656,0.28661916150038075
train:4035,-2.6945167650334048,-1.286778423739844
train:4036,1.2256013489032447,0.04887320969532226
train:4037,-12.776394295287924,-1.4612196397303199
train:4038,16.03019440121092,12.246528322160668
train:4039,0.2685263742690738,-0.14325420188966
train:4040,-0.14750204618263807,-0.4025329127094224
train:4041,1.3603506494873479,0.5343263330337175
train:4042,1.089573527997765,0.016961127783414548
train:4043,1.3748425611010289,-0.9909432726732197
train:4044,1.3275949588536848,-0.23936981838439214
train:4045,-1.9614945731402758,-1.501051679170532
train:4046,0.028398290610885932,0.0025004217727432193
train:4047,-4.8948790629439465,-3.811486580785622
train:4048,-0.3263122952276147,-0.0009204417903955486
train:4049,0.9695362769808599,-0.2968293128305908
train:4050,0.18170856807513078,-1.4215051527975529
train:4051,0.29607941702769575,-0.0060531994084062485
train:4052,-3.287901524466448,-0.1661172729576717
train:4053,-1.9689367237018875,0.04344510853539622
train:4054,0.8451164907605169,1.466074755258385
train:4055,-0.34181470281166365,-0.4014160212278838
train:4056,-0.27286590343119743,-1.457981809986419
train:4057,5.509494292840472,8.394359473416635
train:4058,-8.829006040271036,-2.992675160819936
train:4059,-5.490319915512003,-0.08660972865102678
train:4060,1.2449016592165023,0.2259242625440514
train:4061,-3.088948420216427,-7.268026188647492
train:4062,-2.568838682358587,-0.583663280089874
train:4063,-1.988277714207189,-4.624841510090192
train:4064,2.92803995586367,1.3593865817992956
train:4065,-0.14858291888524167,-0.14580800871478355
train:4066,-1.5444343867892134,1.9410545065605798
train:4067,-1.8978489017091986,0.0512773653307493
train:4068,1.8034662663842198,-0.16250670618242719
train:4069,3.2061169634718314,0.31791480605225164
train:4070,-0.6412857721030166,0.06183116239859074
train:4071,-2.6177381328611493,0.04064185928397681
train:4072,0.10971648352786834,0.021091621880726663
train:4073,4.858739537088388,2.0703868024095238
train:4074,11.48339304721658,2.075562251274929
train:4075,-1.132876835672235,1.5845144702809255
train:4076,-8.956902704390803,-4.342452425688272
train:4077,4.254562903851727,1.719650778524162
train:4078,0.9697213137400991,-0.23462370722670073
train:4079,6.606455430251796,2.3386193693129083
train:4080,-7.517211646385236,-2.7716929954770864
train:4081,1.5664713711172453,0.15231663436122556
train:4082,8.305944607059926,0.7810709007515373
train:4083,0.0005458416388216258,-0.4929394932441237
train:4084,0.6059916968672492,-0.3406625600090469
train:4085,0.8749020624585022,0.0882415301726092
train:4086,15.07160635589096,5.731819146800933
train:4087,-4.147756419113717,-0.36024257785638586
train:4088,1.6160244941913913,-0.12558466194472162
train:4089,-6.911281348184127,-3.692816753876542
train:4090,3.4662330851470573,-0.04823896388770821
train:4091,1.4513150457708748,-0.23188494066140414
train:4092,11.17836878302389,8.371699230355249
train:4093,10.929511078840465,2.7688853709172885
train:4094,6.2775167921351205,3.265981256951505
train:4095,11.540581493649986,2.301840271206829
train:4096,23.346166630014867,14.920825040807362
train:4097,-0.22236667531923293,-0.5522605686000934
train:4098,-0.1289808196615792,-0.05565226154927558
train:4099,-3.7000076770304173,-11.371549689184697
train:4100,2.3074499111994196,-0.2505672653617791
train:4101,0.509341255798081,-0.12627777949013677
train:4102,-0.2213212524982675,0.0394895165911517
train:4103,-0.8237763000076352,-0.3195727271442098
train:4104,1.6989651293962003,0.13313941931093912
train:4105,2.2068452392344744,-0.0475622880006463
train:4106,0.3542076921264332,-0.07322382918294221
train:4107,-0.6683437950390257,0.06866532850193793
train:4108,-0.44168643394509977,-0.0463920413761654
train:4109,-2.308513115808896,-1.7343832775315684
train:4110,0.2496800548990249,-0.16069469990413343
train:4111,0.11446548914706083,-0.017591641386910495
train:4112,14.901443204695934,4.46764293308224
train:4113,-1.1570598150928286,0.20943231625530925
train:4114,11.047609163217201,10.193650679036198
train:4115,2.4217826370005833,2.838668191453443
train:4116,-2.565852988720813,-2.895010711576169
train:4117,3.1548552723318464,-0.028260851050046956
train:4118,7.481643967800693,5.814233726098276
train:4119,2.0527475094813816,2.4597378263649348
train:4120,1.5373085550448904,-0.07985202874184291
train:4121,7.180889496564918,7.166039057041661
train:4122,-4.582861525051566,-0.6910389359923832
train:4123,-5.702769080274473,-12.607764954785413
train:4124,-1.0600563861858405,0.19740558198935626
train:4125,-3.3169815854052738,-5.486852905898717
train:4126,-29.5069522193829,-10.281807130433547
train:4127,-0.22058412741843392,0.031303567982590735
train:4128,2.652604836155953,7.791789885398911
train:4129,-5.181806918049635,-0.4104041515711096
train:4130,-6.028251529275108,-2.3425898221350665
train:4131,-0.6356186726639558,-1.8605567777253553
train:4132,-2.753781993385206,-0.48688832099649565
train:4133,-15.077169254656962,-3.7160921503506743
train:4134,-1.552022869813063,0.17752351554203166
train:4135,-8.894754528943418,-1.7408934609353917
train:4136,1.103646549862515,-0.1403110737140295
train:4137,-12.786403017280138,-0.9241777282686963
train:4138,-5.83391830009182,-0.8876234635991869
train:4139,-2.2078693908595888,-0.0504643655281975
train:4140,-0.3756645743821845,-0.2865852680464753
train:4141,-5.159438856339795,-11.9695438597039
train:4142,-0.269806636760384,-0.08777137996170481
train:4143,0.36922612165428115,0.24913731624421084
train:4144,3.1292718482428645,3.0165108691368965
train:4145,1.9482721753580297,8.494422906841466
train:4146,6.381630188778402,5.675351715627517
train:4147,-2.5610864325044815,0.10392291340409862
train:4148,3.8414011584187815,0.18241564003876443
train:4149,0.19141091010669575,-0.020077933983698615
train:4150,0.6613389578087527,-0.0869963394461436
train:4151,-1.635712253009718,-0.35474246865260917
train:4152,-1.6494012538615745,-3.220917620105621
train:4153,-0.6990252607949357,-4.55351053444385
train:4154,3.5662324358543906,7.9266842409083775
train:4155,-6.011202112102194,-15.315423759816918
train:4156,0.39410938152362907,-0.03811240028063287
train:4157,-0.9795381983026793,0.11676655913334963
train:4158,6.9357613523880675,6.265368864294414
train:4159,6.362275715695167,0.3736782774586916
train:4160,14.426704898628378,7.721519735535776
train:4161,0.01761153088855355,-0.010037929823094524
train:4162,2.7471521112964568,-0.20345770568592297
train:4163,-13.066288317539206,-6.832398851142269
train:4164,-4.187457497049578,0.02246840569289403
train:4165,-1.2197679824409766,0.06034060659044342
train:4166,5.74518277279724,-0.15629031488421063
train:4167,-1.198785371843028,0.13794173882777294
train:4168,9.491507667659114,1.699902385255813
train:4169,-0.8868087466009323,0.08675272195938447
train:4170,-3.4219818102351107,-2.7940436645807583
train:4171,4.773609610176901,6.2276242378262125
train:4172,1.327223490585765,-0.0378421650412786
train:4173,2.1718502783724807,-0.6724652831640305
train:4174,-0.9167248436008183,-0.14062442818320814
train:4175,-5.170461096259501,-2.723916460849249
train:4176,-0.25075081440130964,0.037340759470838265
train:4177,-3.0200357099777593,-3.3092919974017843
train:4178,5.784680217314641,7.0206979357370605
train:4179,-0.5188161942892531,0.05682344698055048
train:4180,6.841826837168863,0.567016415672994
train:4181,6.892731472451824,1.976587605152065
train:4182,-6.480177313477465,-10.586367416640153
train:4183,4.67733656506078,1.3714572555947306
train:4184,0.6196249077414459,0.13719961729412067
train:4185,0.6480906977804104,0.7257191484427752
train:4186,4.218874984975547,8.663102766019842
train:4187,1.0332056591524426,-0.24785806524935627
train:4188,-0.5513677865879762,0.9065947236165557
train:4189,-1.4973634528044597,-0.07108505831932918
train:4190,0.13895345377886315,0.006302867337446061
train:4191,18.984852074412853,8.148633646543068
train:4192,7.1345949731026,2.6361526120010366
train:4193,-6.273891081580509,-5.118189411323925
train:4194,0.13721117926818752,-0.11436488855056873
train:4195,2.077672379375734,-0.2779352081577617
train:4196,2.232579993637859,-0.15356476227644086
train:4197,21.441295948780834,4.51021577200429
train:4198,-1.0996907486067484,0.1814676589562732
train:4199,-2.0722746396556952,0.09772875935964176
train:4200,-5.9969310358167505,-3.6441186304160644
train:4201,-16.658447837300074,-4.597044907225343
train:4202,-1.7324802017193326,0.2659834893241984
train:4203,-0.7314148878147644,0.6679742610461592
train:4204,2.4490897389410207,-0.03729887701157247
train:4205,-0.018293678327699903,-0.7838599080756297
train:4206,-3.6982354154067494,-2.253941821405312
train:4207,8.170566506935947,2.686709320494275
train:4208,-6.761833015694279,-4.819972395373437
train:4209,-0.5638800838276863,0.0022616075767928345
train:4210,2.7328949825054285,-0.23487967638505436
train:4211,0.07690872224838942,-0.12398857280237222
train:4212,-42.566710930873306,-16.58834964633491
train:4213,8.138249232543396,5.093695061070224
train:4214,-3.9773998626628013,-0.048134072527151156
train:4215,3.408082726515496,0.24173714337716404
train:4216,36.69319537514062,15.458341299462255
train:4217,0.21249859182923753,-0.024713590009242697
train:4218,24.25457809926033,7.203811645028623
train:4219,0.6432062852362721,-2.0824267212888734
train:4220,5.090491104288278,-0.11624694128657559
train:4221,0.1877824694346296,-0.0061953609055774295
train:4222,-0.13375934747728346,-0.04781358501747221
train:4223,0.38600460874818393,-0.06673197769320488
train:4224,-0.35304813104263694,-0.07878342794449145
train:4225,0.2170773217874467,0.31572432064501144
train:4226,-19.759100443374695,-9.626272719449682
train:4227,4.422508403434767,8.627487780123412
train:4228,3.6678064586811794,-0.21191424618586324
train:4229,-0.37465001039261225,-0.25504834839968143
train:4230,-0.5522040551072765,2.5624962651515935
train:4231,11.074348369676708,1.6304352730922023
train:4232,-6.831833630497318,-4.704859958422672
train:4233,0.3879097202561549,-0.04148807603220214
train:4234,-0.6604223155860179,-0.012942432584415825
train:4235,-5.721084929940271,-14.53799538761783
train:4236,1.5165114461226614,2.9058032273558823
train:4237,-0.12618533497888973,-0.2938076142138494
train:4238,-6.236511796548269,-0.5308687228004731
train:4239,-4.865103022033811,-0.1903819508187919
train:4240,1.904625583710402,1.0586849851817395
train:4241,-6.843541157309281,-1.4433445255581625
train:4242,-1.5021366340806384,-1.7399680202608814
train:4243,15.049444717098464,5.191448530659434
train:4244,1.0481127411832107,4.187728728412307
train:4245,0.14820064257601812,0.07179773190724414
train:4246,-8.402888699734223,-0.6296779537141348
train:4247,-9.309259185630289,-5.592819072998365
train:4248,1.1908623245637666,5.360990061130247
train:4249,-2.413299943974183,-0.13661426847913627
train:4250,2.436829658891982,0.004044903367072875
train:4251,4.059485808299638,3.833460850853622
train:4252,3.564282111218691,1.8616870195041584
train:4253,0.40009587858479373,0.24135516905837243
train:4254,-4.730766334826152,-5.382978716917
train:4255,-38.45632109812702,-13.527614466829894
train:4256,4.7328066801822555,1.3325507994898387
train:4257,3.1470707107823457,6.15627157773675
train:4258,9.574511996421752,18.21746755959808
train:4259,-6.041469104815738,-0.19460656538550558
train:4260,5.569646116920588,10.042126638225929
train:4261,4.258360341664455,9.704183722477874
train:4262,0.1028931368018027,-0.9334068127200226
train:4263,-0.6583589000164366,-0.316081246480118
train:4264,21.040980543078838,10.26061680453959
train:4265,-3.6727254481216867,-0.1987226329084058
train:4266,0.23883053145182492,-0.06101341912410621
train:4267,-0.23882245226110826,-0.07476749047761433
train:4268,2.292706944686268,6.3143728525315455
train:4269,0.02169396250382845,0.11940036300768417
train:4270,8.634022219854716,7.871269646512808
train:4271,7.652305509462817,12.909379520768132
train:4272,2.014274740887004,1.5938141005028
train:4273,-23.608008229826044,-10.258020437616354
train:4274,-2.68465681631495,-1.5219653259350114
train:4275,11.202100909687518,12.747698030285422
train:4276,2.115267618113167,2.1683285842679427
train:4277,-9.88564311166263,-2.0982308284821705
train:4278,-5.491261836301497,-1.8774916144987617
train:4279,-3.6049954854094124,-9.94219222999222
train:4280,-0.8532414280214357,-0.19504943803756858
train:4281,1.3378040598489953,-0.3032176639026686
train:4282,2.7933673664988494,-0.31613378132340275
train:4283,0.2752296563140501,-0.13946620073197027
train:4284,1.3136374687343388,-0.1478718826531433
train:4285,2.166754793746195,-0.13175763085889255
train:4286,-0.13891480632955355,0.15882004137657335
train:4287,3.8352744890387456,6.632425427505296
train:4288,-0.6456065896436682,0.23048562795278477
train:4289,-1.152735045762093,-0.6172993465603016
train:4290,-8.775579697997841,-0.15561593940271007
train:4291,0.660368444655708,-0.5597606753645494
train:4292,-0.636066619692918,-0.2120189235552053
train:4293,-3.0477519384210368,-0.18863251913828705
train:4294,-7.740401311680229,-12.073905378012599
train:4295,-33.76375912916617,-12.25125216672047
train:4296,2.0747847831153456,0.23552854492569406
train:4297,0.6343507885739388,0.7395286435209707
train:4298,-0.8652890412388855,0.13718781211209266
train:4299,8.40074200726694,7.879579353374049
train:4300,-0.29366394218638736,0.39322238044711144
train:4301,-3.744702190425093,-7.698250105312921
train:4302,13.964503530374,1.160157479427002
train:4303,10.039950113213376,3.161813757344415
train:4304,5.756315662839305,2.2679837224545363
train:4305,2.060692932133135,3.2559396478567884
train:4306,0.2627502519153355,0.06527117817547283
train:4307,-1.9480738290976678,-0.13072551556370018
train:4308,0.07416432026399496,0.6437127930532642
train:4309,-0.20654173192683672,-0.1918591321760011
train:4310,0.5432325049353662,-0.21078629849154917
train:4311,1.736478310374825,0.14114443834720972
train:4312,-0.9752114530769015,-0.04232068018460086
train:4313,-0.538709505573389,-2.2917607741555264
train:4314,-1.129050689266836,0.10998285929154214
train:4315,-5.785118806632566,-4.943590840460013
train:4316,35.965478345206485,14.346853809406722
train:4317,-6.177087101843656,-5.082679994426901
train:4318,-5.550075630750732,-0.07830205470632803
train:4319,-1.0575130605792626,0.025110519559411418
train:4320,-0.4663370612305171,-0.07105581285327792
train:4321,1.0210013690810642,-0.0014615899079515743
train:4322,1.1284310149797565,-0.11184328740330407
train:4323,4.802678048203715,12.324874215156635
train:4324,11.794674157403849,1.4762474696374974
train:4325,0.21783327598474053,-0.041294306987011226
train:4326,0.6450126019921367,0.3355800661728898
train:4327,-0.5811302286910567,-0.6847053666713478
train:4328,35.743263144854616,16.72944341018513
train:4329,-0.012350476613781802,-0.39550800910309686
train:4330,0.719554404747584,-0.2619191426659977
train:4331,0.9518892096722621,-0.2973216352859222
train:4332,-7.352534509660114,-13.206401669592886
train:4333,-4.3720488663004575,-4.974403292848393
train:4334,0.47122170749976366,0.2169190129036248
train:4335,16.45546280425434,5.372609498783632
train:4336,-3.096574212787836,-0.1903395270604163
train:4337,0.7981964221736855,0.3709126549959113
train:4338,-0.800553489348395,0.026858257142797423
train:4339,-0.3788000292412399,-0.31618210767279237
train:4340,8.682084355775897,3.129113046474793
train:4341,4.773061008729911,5.201908421249089
train:4342,1.3263236447377564,-0.11351270420199669
train:4343,2.406750724894801,0.05476642076107103
train:4344,-0.43994311337234293,-0.1259169189712261
train:4345,-0.7062056633780256,0.016675342515769617
train:4346,-2.330896287304352,-0.13591583681854838
train:4347,0.6965305783419979,-0.06824193537151305
train:4348,-4.53280722201144,-5.866168597835052
train:4349,3.037939470565022,0.1915427220109363
train:4350,19.618557412992022,5.501054444394338
train:4351,3.0735850820414754,-0.009482408628930364
train:4352,2.4469580968779256,8.700592314959751
train:4353,1.0473414447420604,-0.33375849010879666
train:4354,-2.6438280834556362,-5.478286409579464
train:4355,1.787105390518927,-0.5016174076559912
train:4356,-1.3689103998866545,0.0036657822644813876
train:4357,-0.386700413108945,-0.03591096565622462
train:4358,8.459864506259228,10.260927234462164
train:4359,9.937535521389842,9.265445238028034
train:4360,-2.2237827846124,0.024967109780152694
train:4361,-0.9982090117013392,0.05676292313190535
train:4362,-1.9301229388690628,-5.243548318292577
train:4363,4.999681757650998,1.5376074532900756
train:4364,13.261547022358357,19.460990482530555
train:4365,-8.599315912745686,-6.99270280884356
train:4366,-2.1629187084841575,-2.2759217150637774
train:4367,0.9823407742285645,-0.06086647848979984
train:4368,1.3350684912777306,0.32840736596739795
train:4369,1.1140850871409527,0.3822984855729114
train:4370,-1.848430371956158,0.1140981956777911
train:4371,-3.9837720079445416,-11.119738522799507
train:4372,-0.773944227045189,-0.028017043725746357
train:4373,2.6532580438110562,-0.3258389248977198
train:4374,1.5975552220870282,-0.10270211767614407
train:4375,38.624525383112896,13.068077688391993
train:4376,-3.6879665726436945,-4.3162541945387325
train:4377,-0.0199906815960868,-0.8942423545402347
train:4378,6.619487039200225,1.9688493974957084
train:4379,-0.11801390480305285,0.7825278956041306
train:4380,3.1571454509147916,-0.12420295633460904
train:4381,1.5056170582350932,-0.13083033559385224
train:4382,-0.5190151785429074,-3.707121638617484
train:4383,-4.248106781763829,-0.22071449224231088
train:4384,-0.8036284469504252,-3.269478218545253
train:4385,0.02418696090139226,-0.0146343184606844
train:4386,-0.6891891971606666,-0.026102392994653098
train:4387,-10.041697907340389,-11.94078572297961
train:4388,1.2136915834222632,3.8654163016517717
train:4389,0.7098309090161563,-0.0377664834815703
train:4390,0.13649520788821673,3.7019144592333815
train:4391,-16.80255148993009,-9.108883047870464
train:4392,-0.27694618480775,-0.3473675467489335
train:4393,-0.6381318949284214,-0.06135987090120629
train:4394,3.8598304477058214,1.3718344507763869
train:4395,5.965976258551734,1.9855233076476135
train:4396,2.232789206054084,1.7787368915260513
train:4397,1.1768232416020927,-0.034516848555641494
train:4398,-3.5848069521601587,-7.105213683263052
train:4399,-1.3539575235825572,0.1295195082526392
train:4400,13.494538056895262,2.121211998547194
train:4401,-11.770217399023933,-8.619071993438403
train:4402,-0.10873893724618794,-0.03337552641038938
train:4403,12.428749569501496,2.9177861647531635
train:4404,-8.935430071822406,-2.587226861706665
train:4405,-4.26012766228365,-5.7519646249224055
train:4406,-4.123530551147797,-0.20496823400747116
train:4407,-0.6408883847413088,-0.4243524556174412
train:4408,-1.0138415958999283,-1.2962429698580857
train:4409,31.111086388047084,13.270408379434633
train:4410,6.224297802612227,12.764985096598734
train:4411,0.03592586957578968,0.2008857924494576
train:4412,1.8560694740286894,4.0643122910327
train:4413,-3.6948666305890425,-1.62104768096943
train:4414,-4.465084233046374,-8.687111498876282
train:4415,-15.188966790889957,-4.03266276483008
train:4416,-35.280279495240364,-12.178846669853161
train:4417,4.394070392155512,1.299169311234867
train:4418,-28.893128569175854,-13.60273280166028
train:4419,-0.011618523729793828,-0.02007465278506848
train:4420,22.353728015749667,11.855216568032532
train:4421,0.06127195380147579,-0.6544119856401756
train:4422,-2.2113950849894644,0.006473810653035997
train:4423,-1.192867449962737,0.22717190265796067
train:4424,0.029089737646510308,0.325533535280228
train:4425,1.9410141317226959,-0.09345470131073194
train:4426,-2.573966246222027,-5.099398700073149
train:4427,3.1010551372083284,-0.13092213782509124
train:4428,-2.4032514716228857,0.035703013371967046
train:4429,-8.849846386425952,-0.3254851617541069
train:4430,-7.905930175397627,-8.960898707078067
train:4431,-3.766902882201953,-9.968133671683749
train:4432,0.26357431637702267,0.14603149838518723
train:4433,1.3959204795774802,-0.12158306188925011
train:4434,-1.2733337996583223,-6.956088055990607
train:4435,-2.874816025336304,-0.15439290827852686
train:4436,-2.5901093087162055,0.11349167324404973
train:4437,0.4049103211986167,-0.16700301826179775
train:4438,2.0026776317391595,3.600348522157565
train:4439,0.3285668508521098,-0.19668010459374324
train:4440,-23.18451766740406,-8.008367315390887
train:4441,2.974112481706549,10.190846538154716
train:4442,-5.576075620006242,-0.16758104419874037
train:4443,4.957748150775775,0.6095284810899826
train:4444,0.008491148061455067,4.804973548633749
train:4445,-1.2140476500648987,0.11574371679080765
train:4446,-3.0422050198921853,-0.5406483353176135
train:4447,1.4899979566144386,0.15351063401057247
train:4448,2.0470978444103394,-0.2636667019233712
train:4449,1.2462896673690365,-0.11598095020631902
train:4450,-1.306991195805916,-3.7925874473192405
train:4451,-20.28788157096859,-15.00204589426545
train:4452,0.2843923465408741,-0.09387801159922285
train:4453,-0.8554278140001094,1.3885160646120323
train:4454,2.3157275166764903,0.07190501283636881
train:4455,6.293799097115208,12.85781505631301
train:4456,8.983069425585999,2.5127595709942705
train:4457,-2.9914024337766945,0.13305039896549525
train:4458,2.2586971418464548,2.1777031114150707
train:4459,-1.0040290686624846,0.16913777046905704
train:4460,2.0582409626149754,0.016618099865754632
train:4461,-1.6928606003966804,0.07880851209337901
train:4462,-0.4752647942910082,3.251909194652493
train:4463,3.131135233496711,-0.36280041484939207
train:4464,0.03485772396183978,0.01180857597801549
train:4465,-4.05631757556184,-0.16907513086193532
train:4466,4.185171329638144,13.17079004773702
train:4467,-1.0443085027000873,-3.02152117660319
train:4468,-3.4554553319146666,-2.7613797602001178
train:4469,-2.1465148278444177,0.1102141124645622
train:4470,-0.5713823829589628,1.8662210653677755
train:4471,-3.3114423379983506,-12.169653607256363
train:4472,2.272571876832272,-0.05299705855344011
train:4473,2.631935346807621,-0.19649211331135757
train:4474,-13.853429112344996,-9.709653968395628
train:4475,6.506541159260395,14.538173368489842
train:4476,1.6417962094549754,-0.099239276169661
train:4477,2.8179193733758408,2.514309438034178
train:4478,1.2462334124748957,5.213594053518317
train:4479,2.2378905021363757,0.24451617595608488
train:4480,1.5318599663516648,-0.019256742696100407
train:4481,-1.7854393029296252,-0.49615264266789344
train:4482,1.9149960107244466,0.9227176777202168
train:4483,0.5531831123675185,0.01584280969377591
train:4484,13.957525134001687,4.614189823553012
train:4485,3.8403448681750842,0.9397985991630695
train:4486,-2.158860917442349,-0.7937984447351167
train:4487,-0.18622604402016601,-0.4678346858728771
train:4488,1.1642058732377896,7.770907766673443
train:4489,-8.171564855696394,-0.5040454946422968
train:4490,3.3952384789087087,4.534090914523689
train:4491,-3.868729354677653,-7.7265317549317905
train:4492,-1.2030965423667093,0.06899990376660498
train:4493,8.867399135070436,1.5756538073714401
train:4494,9.580233258630791,7.462735879400722
train:4495,-0.562491203956751,-1.2612342924041833
train:4496,3.381057131504002,0.5220037202478116
train:4497,-5.585434388758717,-0.107713791931662
train:4498,0.8829083891692013,-0.11958709449645333
train:4499,1.788728413952354,-0.19032406619513187
train:4500,-3.6000769015039578,0.047307542970706676
train:4501,2.3032003421094047,0.012607405183645226
train:4502,-4.568205033003788,-7.401099621578039
train:4503,22.694857693818026,7.156481924057725
train:4504,-5.639932828435947,-2.2627658204866257
train:4505,17.526182195840292,13.247177493133222
train:4506,-0.36836538563832655,-0.1418630450008845
train:4507,-2.305225923833517,-0.6865768625074142
train:4508,-6.739477041812932,-0.2493544344855113
train:4509,-1.675043024968859,0.08222152931196743
train:4510,0.5135123702320112,0.17902159670790682
train:4511,2.985971571291156,4.831098737448564
train:4512,-1.5136905059957964,0.19015413301674094
train:4513,1.2255650854177653,1.7662021421156662
train:4514,1.4012712033515604,0.127192496450223
train:4515,-3.030373360379928,-0.07477030802861195
train:4516,8.41514790933173,13.375516299101283
train:4517,0.787159769843084,-0.11882439414095766
train:4518,3.645423984560444,3.488652526284828
train:4519,2.7435622586922723,11.180757344636483
train:4520,-0.8602164537492646,0.11475022690992445
train:4521,-2.614209881690631,0.10100353825333418
train:4522,-5.333029371829073,-0.029378491500838058
train:4523,1.2892486475420033,-0.11334454277220185
train:4524,3.0256833423060674,0.4652539633313938
train:4525,0.07087654714301553,-0.10339990736308691
train:4526,5.174491284152148,12.131438710939504
train:4527,-30.98421131851179,-9.168484451718095
train:4528,0.05318322064460794,-0.019765756466202544
train:4529,20.2424585928304,7.883075113862441
train:4530,7.882245762054677,3.673224799697894
train:4531,4.424581001104838,3.1999823717399547
train:4532,4.709823069052233,10.97259239710783
train:4533,-7.008746439156251,-3.6809856075811074
train:4534,-8.064479712909753,-2.8953011689853416
train:4535,8.083504387131502,1.0020389426741962
train:4536,-1.5863574168145052,0.14627623300475287
train:4537,12.607230076532678,2.8981936997501516
train:4538,-0.8063676186244141,0.6340210595950877
train:4539,1.4390426454351029,-0.6283291670859312
train:4540,-3.482996984219516,0.15885841713446502
train:4541,2.0447976701230632,-0.11391679094633925
train:4542,-7.212525841390349,-5.771502308174375
train:4543,1.0482089788946745,0.25504718295952783
train:4544,1.2867920288590389,4.0964823036891
train:4545,-1.1253713402401546,0.11341595601913892
train:4546,1.8163525889324927,-0.132986653737096
train:4547,0.05307082708544694,0.054127300332243236
train:4548,-33.024902700359235,-14.96915173533746
train:4549,1.91649513391582,-0.03432254453241304
train:4550,0.46025827951484105,-0.004707800974440235
train:4551,-1.6526679895118113,0.09089901574140477
train:4552,-0.7208559952824373,0.14812675770174835
train:4553,0.014195092131595588,0.14360719191034682
train:4554,11.930712438930138,6.092772680559749
train:4555,-0.23994452818679624,-0.03251763562941706
train:4556,-3.120553675019091,-0.4318701096615281
train:4557,-34.32473851253361,-10.555295892220801
train:4558,1.3579609787775753,-0.01888507562083175
train:4559,-13.56081067951798,-4.327874773478598
train:4560,-24.327139182198298,-7.77734239966684
train:4561,2.2185404457597047,3.217301394074708
train:4562,-3.9210315289009983,-0.3216328919015094
train:4563,2.493454394092781,-0.24069256941476963
train:4564,-3.811142009903978,-0.9507493027580218
train:4565,-0.7158101986050053,-0.15064820467667403
train:4566,-6.82387519018411,-4.946660330448107
train:4567,-0.12869919650351602,-0.21023377317439512
train:4568,-5.847371123371583,-12.736061533153713
train:4569,0.539569660443743,-0.21202206209302543
train:4570,-4.252298468752022,-0.4257168636043405
train:4571,0.8339152579958182,2.3321297290657257
train:4572,-2.5588515789827153,-5.035911215760947
train:4573,-5.553588539677394,-0.1414096332814823
train:4574,5.148144467202184,2.399974359837136
train:4575,-4.532801178097194,-6.804663307104103
train:4576,1.6008245147779077,-0.16223828986840055
train:4577,-1.656633262174,0.041188285851503074
train:4578,1.982698543364371,-1.398948766805852
train:4579,7.688051077982578,3.6017157833606643
train:4580,-24.54972445606864,-7.789666011078416
train:4581,2.056614684766185,0.04601029256011776
train:4582,-0.18319042997529805,-0.08352258438769505
train:4583,11.765734966158615,3.4815086435629574
train:4584,-30.186548533919314,-11.274651043169042
train:4585,1.4843150500150406,2.7488198426682957
train:4586,-13.266430213229867,-3.7890973932632486
train:4587,3.057287899734011,0.11488126086391515
train:4588,10.213132432032774,2.4585266360879823
train:4589,-0.31434546124865187,0.12774819597039969
train:4590,-0.6508792074490244,0.09435286961685746
train:4591,0.11242938742070888,1.0456462151296024
train:4592,-21.323748963510305,-7.6502350418107525
train:4593,-0.5830609106054552,0.16332041928902907
train:4594,0.2086737239441599,0.29584952989899715
train:4595,0.07479614176099514,0.06184250393298624
train:4596,15.6106100670581,3.5815732182742686
train:4597,-3.1651042967630514,-0.12212659957537375
train:4598,-0.12434234793562571,-1.1888842905919672
train:4599,-0.04820948475478551,-0.22070186676062536
train:4600,7.4845208709820295,1.0077205520935033
train:4601,-3.4757982174354463,-2.856424386328931
train:4602,0.6017226012850533,-3.881592956038871
train:4603,1.1531359793788325,0.29143974160089536
train:4604,-0.789834026286615,0.03881433864259484
train:4605,14.644359268306532,16.84529768334793
train:4606,0.05389733235865671,-0.07626268276208684
train:4607,-5.996626980438503,-15.130303668893427
train:4608,-0.20819724139933893,0.005281308942194141
train:4609,4.612168292156063,2.7054395435616096
train:4610,-9.453508822035179,-4.183144811084064
train:4611,-2.6360732765608876,0.47039952475710256
train:4612,-0.671209772683071,-3.276468027592317
train:4613,-1.3654551406035749,0.21346177083393447
train:4614,-15.8540065704219,-9.445548864047343
train:4615,-13.445022300216369,-1.9928398697684675
train:4616,0.20081907623522405,0.1912438476139733
train:4617,0.7802585496065346,-0.30641444299849013
train:4618,8.804523830247547,1.1641923551164075
train:4619,0.9508562814817101,0.08372874076968297
train:4620,-2.2698346216718965,-7.109423889087956
train:4621,0.6573548560291037,0.3971179478555459
train:4622,5.473147122394943,10.883857373283972
train:4623,-0.52029951032029,0.15560553667510857
train:4624,-7.013017161946129,-6.066678936942011
train:4625,-0.4685354769231238,-0.7282386694967657
train:4626,6.627914115325777,1.0655680839429187
train:4627,-0.9130628127130359,0.008867052736497572
train:4628,6.142600818992757,12.89069551980324
train:4629,-10.53297515228527,-7.844051165068981
train:4630,0.08046440349125726,0.020696915084641998
train:4631,-3.440296032693227,-0.9753289043572306
train:4632,-7.835113167254829,-5.964154319222953
train:4633,-1.5002083929777625,0.2714530334494313
train:4634,-12.186616125452362,-6.539795823387145
train:4635,8.864807690608126,0.6698268543248997
train:4636,-0.3199094654581618,-0.08456896576388803
train:4637,1.655230668533758,-0.2192894534111589
train:4638,-2.7508541818492542,-0.3158107259191437
train:4639,10.58309158105697,9.350185759171719
train:4640,0.5403453735914581,-0.07019835005473563
train:4641,2.599442101527201,0.5422325237938562
train:4642,-4.676395282264579,-3.544726273441502
train:4643,5.286357628024256,11.719387498895905
train:4644,4.423861310393023,5.728501427003429
train:4645,33.94142911369503,9.547651145949906
train:4646,-1.1974733775350557,0.12540745306502038
train:4647,-2.5964868005374715,1.275734847957578
train:4648,-7.368011579295976,-0.07047889253761283
train:4649,0.2163385694999314,0.18650929198189242
train:4650,-0.9197248334203679,-1.1943111078046031
train:4651,-1.990968883254566,-2.7759288802477906
train:4652,-6.462887999400612,-0.3820075886697798
train:4653,9.28422930399277,8.725229836847822
train:4654,-1.2424253384308082,-3.3388952567645513
train:4655,1.2749547903490157,-0.21369468875994313
train:4656,-0.9906759699677897,0.19629910474694814
train:4657,2.5549361117653686,5.740818190696124
train:4658,-37.440586448856905,-16.548039407859555
train:4659,6.509207920192545,10.526965678107652
train:4660,-2.8034115952203944,0.294145232532258
train:4661,7.517353272834975,5.9995426999342145
train:4662,0.5571460604473047,-2.8780300806827506
train:4663,-12.00726157543784,-4.7241659605191915
train:4664,-34.70370867278286,-15.05306710635607
train:4665,4.371971052171402,-0.21847992464477872
train:4666,8.141659859844347,4.64611674218916
train:4667,0.35383541025467247,4.302018868454197
train:4668,-6.469563270227638,-10.328240370874367
train:4669,0.15669013373907742,-0.3707163778750163
train:4670,-8.897394324719698,-9.543600209407847
train:4671,1.4480292485449375,0.04806617749311716
train:4672,1.0578983032647853,-0.19740910133287498
train:4673,1.1259327862717872,-0.05315188119749936
train:4674,8.102680332286225,1.1090997461690217
train:4675,-0.032068630613889204,0.018390446438866698
train:4676,3.6054616235625425,8.932231813453305
train:4677,0.24178995730845088,0.13407837709719744
train:4678,0.6373983161036196,0.051034984614548765
train:4679,2.824092766862167,0.2268780213893479
train:4680,-2.1020997292545234,-0.20555317899369913
train:4681,0.5942296585979467,3.956627346494098
train:4682,-10.706721879711996,-5.562218329252034
train:4683,-1.806517686322557,-8.99774970623239
train:4684,-0.6241066432320426,-0.30027339444055806
train:4685,1.8401360888672165,-0.3011484401839336
train:4686,-2.0472263344357695,-4.524944133848208
train:4687,3.4733077192308337,-0.06045725595629703
train:4688,1.320895977286153,-0.07612348147672329
train:4689,-7.768141018405771,-8.907442560282263
train:4690,-4.354685165586725,-0.05478937763995306
train:4691,-6.462563487697223,0.08487166784904766
train:4692,16.60075292374259,11.058483335023405
train:4693,5.912306300042756,0.17160152265786416
train:4694,0.051599598882903094,-0.14908471352941105
train:4695,3.079191509879831,0.30746796892671235
train:4696,1.6140160549956288,-0.17056493770083014
train:4697,1.5471540913524495,0.038283426438156756
train:4698,2.015828491764837,-0.14700835677017576
train:4699,-15.730422471575256,-5.055464306380398
train:4700,29.923152253397344,11.13076557295087
train:4701,1.225731990434265,0.26265963511186385
train:4702,-0.8969762375712381,-0.08861693058261158
train:4703,-2.9940340935145673,-2.3018196452082536
train:4704,-1.5605796576366746,0.10011996852656074
train:4705,-5.430661832734178,-0.16474382384193825
train:4706,12.84078551967691,4.045797771110095
train:4707,-4.59608281992404,-11.065872083514124
train:4708,22.62240882882867,5.4207033110529235
train:4709,33.12976676404172,14.242322239412497
train:4710,-1.72434997476658,-1.7759149778621945
train:4711,3.228254891523824,6.953530943813179
train:4712,-2.057487273618656,-4.534162304747569
train:4713,0.022778263965475734,-2.1372263049325064
train:4714,-1.189495178271427,-0.8138892952778853
train:4715,0.6461106184899588,0.7451302202258643
train:4716,-2.9139322383396946,-0.3177532668385932
train:4717,0.41873937814022427,0.15868180305167734
train:4718,-0.6976890908299772,0.05207227136410387
train:4719,0.40443657130498667,0.35738755424246316
train:4720,-1.223114451267619,-0.00945705066995177
train:4721,-0.8586975716074695,-1.6608804337136922
train:4722,-0.24406926720179667,-0.3775338526635928
train:4723,0.0017980941790497196,-0.20605966053442365
train:4724,2.989689973302199,10.497542171365492
train:4725,-9.450520338898523,-7.862768263341795
train:4726,-0.05772516281942952,0.1388325485906542
train:4727,-0.3546032766699111,-0.050914103731742044
train:4728,-9.98392087664267,-8.191998027457911
train:4729,-2.4652018251078176,-0.05482286726510202
train:4730,1.0879267938238322,-0.21092218291308007
train:4731,2.5904582879162494,1.4812905292712166
train:4732,-9.592118091698637,-7.878728013478809
train:4733,-3.177751884698587,-1.1581361782289001
train:4734,1.3728443500678376,-0.16907878654519176
train:4735,13.491410098814454,6.740759764051047
train:4736,-12.715986767143532,-5.028871190108761
train:4737,0.3307112781184184,4.857282131873863
train:4738,7.781399798436352,2.4865037048774887
train:4739,-0.8055859196770125,-0.847844208658677
train:4740,12.992676523355307,18.258572133463545
train:4741,6.2799185506733854,4.361754373463235
train:4742,3.3728834348603227,0.28308638053179214
train:4743,0.31779508468627354,0.5202713900319063
train:4744,-0.20897493044209614,0.16625680674138674
train:4745,-0.3494035926374334,-0.011378549119925321
train:4746,-11.730934745920523,-4.714786297582903
train:4747,20.24268361240696,7.147235220996363
train:4748,6.196695711164913,-0.5064413402855408
train:4749,-9.683961412588552,-5.538530928358604
train:4750,-2.9894539688069166,-0.4494033372025055
train:4751,-3.6301946560272604,-9.207203166197019
train:4752,-0.6183893328130877,-0.2196041274928301
train:4753,11.146659619387833,3.598809497339218
train:4754,-2.2994672358477977,0.1754634221151371
train:4755,-7.3230011551528,-0.48558839569571904
train:4756,0.5645371864251816,2.75098657505067
train:4757,-3.7968523369593146,-7.806432080113585
train:4758,-0.3402112058704174,-0.47105097383446687
train:4759,-7.865967814399726,-9.81110406489372
train:4760,4.5641833323706456,8.48597396302966
train:4761,0.9281019904056942,1.598667563920021
train:4762,1.7594145000238366,0.40081264884349155
train:4763,7.681111734594628,-0.27312133311531733
train:4764,0.2733122245193459,0.24129546550938483
train:4765,8.979472831692847,2.0097188663462857
train:4766,-23.85736153497768,-14.278498798075987
train:4767,-0.8028508741367881,0.23925049412835092
train:4768,-3.597939912901337,-9.820902009324945
train:4769,-0.25810143453082285,-0.09589298854495298
train:4770,1.0881662258112899,-0.2247068550103345
train:4771,-0.7871668004379836,-0.33988891043638325
train:4772,0.5144639380384757,-0.17507159268892608
train:4773,-7.45130973527429,-3.209833445811379
train:4774,1.4996689167835697,0.06077422412245728
train:4775,-0.4243678301299755,-0.17470529322663392
train:4776,1.6737596824058656,1.0183908673779172
train:4777,9.381880361557096,2.3433591320645544
train:4778,-0.5999362165564222,-0.020247593351998494
train:4779,1.809698471805329,1.9283110443851557
train:4780,6.682952787953349,0.10381606045740398
train:4781,11.18411979988768,2.3818975232796302
train:4782,11.570732257243405,1.5279266333838648
train:4783,0.6816214041870676,-0.0605232365809249
train:4784,0.953265827371024,-0.31676412811241517
train:4785,1.1856622337293685,4.3259704771677585
train:4786,-4.02602640719131,-1.6662239370132845
train:4787,-1.8118916559206624,0.19217478072966881
train:4788,4.0580454970430475,5.446767441041057
train:4789,-6.331682989605605,-3.1491923299804223
train:4790,5.700422473720574,-0.3289525327413077
train:4791,11.883475994678326,2.459984914887866
train:4792,5.210684102326151,1.757665889888135
train:4793,12.301562367930973,10.567935580168474
train:4794,3.208931102928301,2.52423977169709
train:4795,2.7424545951774797,0.3801455199587028
train:4796,-2.5814667438019416,-0.11452720088715329
train:4797,3.049012386381102,2.32854894273457
train:4798,-18.60158300454522,-5.047115795778835
train:4799,0.3172268405179818,0.09843418139991994
train:4800,-0.1729860943739127,0.363593442138543
train:4801,-7.3713757149488774,-4.885269389399757
train:4802,9.075471576085475,9.708274093222371
train:4803,-0.09898696538032956,0.2142809292049901
train:4804,26.7927542909003,12.831265308927616
train:4805,11.24350451177497,6.091681040041581
train:4806,3.0397675221663496,1.5026061941982936
train:4807,1.2682678966099767,1.5391635974056233
train:4808,0.571823938653186,0.1149031592982511
train:4809,0.404030001842789,0.18741975327135202
train:4810,5.475506108617003,7.935454456864319
train:4811,3.3665312809872443,4.22942220610148
train:4812,0.46549800447920187,-0.0035384459800218843
train:4813,1.5759472988228063,-0.10194009495949594
train:4814,0.07723416378473977,-0.11421926752875491
train:4815,0.3478381038853361,-0.04589433347525626
train:4816,1.0023877404095058,-0.20234052888276438
train:4817,-15.408768144875062,-5.410322799692509
train:4818,3.648012639523871,0.12731083359212314
train:4819,-2.187977241866654,0.2525092471495175
train:4820,-0.8554213051693824,0.07920867566544641
train:4821,-4.905213226472511,-7.939515784622452
train:4822,-0.14148742167440304,-0.10202087664316195
train:4823,1.3973407994254092,-0.04941773449558698
train:4824,7.75887180545722,9.483880622590654
train:4825,1.7737897176009119,-0.16954990603763598
train:4826,2.011965733186598,1.1352240790189778
train:4827,1.6286923059938285,-0.04151885510196099
train:4828,-6.179474912887507,-2.8668066694379424
train:4829,-5.233899879856756,-2.6009859261885233
train:4830,1.220820845192498,5.62413876740825
train:4831,-1.0840188789655572,-0.05242812724313539
train:4832,1.4595880020831409,-0.02472543085647322
train:4833,-2.698558748914876,-4.942943160382585
train:4834,0.15784208054863752,-0.11023171956306901
train:4835,-3.4743899854160105,-0.2663617429504009
train:4836,-10.862219705446115,-5.706899216327926
train:4837,0.4072357172049601,0.06218246464323102
train:4838,1.7564371748827114,-0.27458178749255335
train:4839,0.44316934444108413,0.09243832588137171
train:4840,19.034025360722428,8.990828885198493
train:4841,0.25545664216924363,-0.1449626364198893
train:4842,0.9364930355040074,-0.07953681968213422
train:4843,1.967750548683319,-1.2152701207066645
train:4844,1.4137532810200377,-0.08693003783469322
train:4845,2.0535750608166725,0.3197761016404026
train:4846,7.333473225799261,2.2675052380977756
train:4847,-6.525070578667554,-0.9967295951270712
train:4848,-0.6370997803417102,-0.0021300984636406506
train:4849,0.09627342349419632,0.043260077464818164
train:4850,1.2176594131250948,-0.1163508340214626
train:4851,-22.440258909093714,-14.135121260160311
train:4852,8.886304498833509,2.816507261227079
train:4853,-0.2892384022085031,0.1141694190871867
train:4854,-0.4380247517446778,-0.23354451386420633
train:4855,-5.697827947919714,-2.4100164567331586
train:4856,0.14153141566323843,0.09605235218125886
train:4857,-6.480847723042347,-2.185718711504955
train:4858,-1.7937508473097727,-0.04117579151909856
train:4859,0.6438226482602958,-0.024188526898014873
train:4860,3.7886173307216375,0.4680026091577833
train:4861,-8.12352782526516,-9.028955902456387
train:4862,-1.8900248222588556,0.12025083542653615
train:4863,-1.0919605822854668,0.051728530142393925
train:4864,0.22640796309285155,0.06333980046440635
train:4865,0.33621240237394057,0.1264679935266065
train:4866,9.611654174048937,6.876238458238299
train:4867,-0.9309066559220055,-4.297355631715591
train:4868,-1.3439930848851103,-1.9821183392532613
train:4869,0.2977829872413697,0.02953550123377885
train:4870,3.0680916289078817,5.428634110802789
train:4871,16.804992593292383,8.661803411362305
train:4872,-0.37500718247875675,-0.10189162594929632
train:4873,-3.8111977998816378,0.34210194776313346
train:4874,-1.7072830069965268,-1.3896422888650972
train:4875,3.64789129632246,0.8242149535568535
train:4876,-1.6866388555963825,-0.9021108115161267
train:4877,-3.922350961872659,-0.21216122771318646
train:4878,0.1576117144325495,-0.02412611279363716
train:4879,2.049757864053523,4.0350428579653475
train:4880,-0.5652736709779865,0.0017644703191237038
train:4881,-8.320128917040329,-9.334762473499206
train:4882,4.538321888226325,4.8672427096284965
train:4883,-4.8782527197682874,-9.667809840891088
train:4884,-8.57868849833884,-1.0229285395806604
train:4885,4.4529846085645355,7.588292799573662
train:4886,-11.454522371770793,-3.4876984706063823
train:4887,0.45638819850203477,0.15100073104972833
train:4888,-8.400662679625587,-0.33143729173438824
train:4889,-0.15598967767977534,0.002038450404740627
train:4890,-0.830931364642538,-0.11814065654380043
train:4891,-8.3185584291692,-6.056855884208224
train:4892,-2.9462578812288944,-4.193952794050134
train:4893,-1.3506429015348291,0.1866858347342751
train:4894,-1.1044512609088333,0.05072273576664769
train:4895,-0.7944698247428056,5.486347826812418
train:4896,0.7863066481013656,0.12664079143272652
train:4897,7.2008799753934785,2.2886598389703554
train:4898,0.045089373406454566,-0.0692891727125661
train:4899,-2.296178881581217,0.21023285739065906
train:4900,11.30502504997368,5.682715295996798
train:4901,-1.3513474824610276,0.09703203962877396
train:4902,7.5489443476849845,5.089102524274503
train:4903,-0.008662759090451833,0.01275042264567644
train:4904,13.72148610701862,5.421134717342382
train:4905,10.065993804618053,1.6483697341613222
train:4906,0.05120395495799718,-0.25605121822882254
train:4907,-2.490743174255314,0.10506016971626558
train:4908,-4.908859101512596,0.17129665650688092
train:4909,0.022438410018229868,-0.0737552407002153
train:4910,-0.19357178252663404,-0.018468434725208635
train:4911,2.5742787294783516,0.218073424178195
train:4912,-3.7652231389579045,-2.644999353970017
train:4913,-10.378662863576427,-1.476288045126415
train:4914,-7.267840674407338,-4.350800936289835
train:4915,-1.2019402950797042,0.22831411643327534
train:4916,-1.0040878805972682,-0.2774389981953576
train:4917,-4.794825317008394,-0.08151092430579757
train:4918,1.8085192111525399,-0.3489991584329744
train:4919,-0.24048499359537806,0.031557468559199275
train:4920,2.506744496604368,10.94523119503512
train:4921,-0.7352496932896126,0.14397407984848026
train:4922,0.3796846503413802,0.5735218199396819
train:4923,-8.649336276882735,-1.9902398765061045
train:4924,-5.148401739092714,-0.10344195663683625
train:4925,0.11275680485210135,-0.036287804185856004
train:4926,7.679976408549246,3.6081286720920636
train:4927,2.94080284308637,1.8973055719208374
train:4928,3.4417380305389274,2.6527954220963603
train:4929,2.530727445709227,-0.5840086619108988
train:4930,0.0985691810749078,-0.5777663241778626
train:4931,27.374693968874624,10.576023877452585
train:4932,3.285693463023739,5.599861321404634
train:4933,-0.06771604364170514,0.12540873701231045
train:4934,-3.3246624705796224,-0.17467144694945996
train:4935,1.6850113586086986,-0.27512033205032677
train:4936,-6.44256092104017,-1.349371139451686
train:4937,-1.657417111360124,0.054432915452479025
train:4938,1.0844668853759476,-0.9136002138411914
train:4939,-2.8830592269938182,0.1757554487932198
train:4940,-0.2804914054298066,0.047471317580593794
train:4941,-1.077336285703963,0.05899164163622726
train:4942,0.7049276673545578,-0.30684788220449144
train:4943,6.617088999993803,8.540454414441308
train:4944,-2.6344037614794105,0.20223479306887626
train:4945,0.033668700062959744,0.0942941646935399
train:4946,3.754446434321331,0.14308462536329408
train:4947,0.24048575035152686,-0.8924729325137277
train:4948,-0.3393916162298551,-0.675808039933691
train:4949,-6.030885746053624,-0.1570750741674535
train:4950,3.429982152412992,9.539508066914753
train:4951,-3.5576000397212693,-0.2006371944764928
train:4952,6.810338973777525,12.990237385306688
train:4953,15.329607107579909,9.80763107031605
train:4954,-9.932167303866315,-2.9923059546436397
train:4955,2.529227392684892,-0.26385804573479205
train:4956,-3.7231512194297323,-0.020247308030378483
train:4957,11.05393295718497,2.434951081269597
train:4958,-0.5754662093236792,-0.4211542855787221
train:4959,-2.101703620413137,-0.08824059136581522
train:4960,0.5433989450353854,-0.10967930124152248
train:4961,-0.011543149145392673,-0.11428250193279016
train:4962,2.0471303885639744,-0.1208508552818933
train:4963,0.9298325257752371,-0.19535696124613822
train:4964,0.5263083827539468,0.15753673606016255
train:4965,-0.06988034608755508,-0.701313153537815
train:4966,0.8176578260474364,-0.033261397762384404
train:4967,-14.844215413438498,-6.317287758020469
train:4968,-7.855971180236004,-2.4027441792822826
train:4969,0.9386428093098418,0.042295547728366224
train:4970,-0.32941107979927065,0.1767792540962293
train:4971,1.0794388136393345,0.9190130618059758
train:4972,12.917964444938876,2.872730457093764
train:4973,-5.136192102481809,-0.7858489564191411
train:4974,-0.4863780416117721,0.053943053896120224
train:4975,-1.0829502684351269,0.04984030732635431
train:4976,7.488551696867969,0.798219443418333
train:4977,-13.243832482778659,-8.992823343141255
train:4978,0.9364453815647562,-0.3552525167135839
train:4979,-3.1049799027552853,0.08490419451372909
train:4980,3.820155405092869,-0.18290063961605407
train:4981,7.237404743934559,2.6938703225133462
train:4982,-1.7053046711428772,-0.7863384256582724
train:4983,0.2598191859640201,-0.13698903842702256
train:4984,-3.1891107241501753,-2.9847768877347525
train:4985,-0.06685774970414113,-0.6975048945451043
train:4986,1.7802229993998377,1.7295450190021422
train:4987,-0.4965931865213291,0.021588188495155758
train:4988,-4.31894610589769,-2.9551393897775835
train:4989,-0.21980463682431478,-0.7587307770362768
train:4990,-0.8868884797773381,0.20449061712709937
train:4991,-0.9955341147307796,0.23805763576548403
train:4992,-5.340453158189705,-0.18815993737254028
train:4993,19.52525425435334,5.710859420594821
train:4994,-12.542189828736912,-13.546671668473762
train:4995,1.661080712607896,-0.07945867722345332
train:4996,-1.463534153788201,-0.25881812463889287
train:4997,-3.2383351512726075,-4.788902012240566
train:4998,6.480234325127753,10.623767314772502
train:4999,-14.653189600097491,-3.879644780017426
train:5000,1.1692432433040127,-0.1410029073121546
train:5001,-10.014259466494211,-0.28986104556583775
train:5002,3.838693019919866,4.171200617608228
train:5003,-1.275140000185067,0.25750044957879953
train:5004,-1.4270461136490802,-0.07550215798394377
train:5005,2.620163893979589,1.2444215134652663
train:5006,0.8866489909421883,0.03500379707692414
train:5007,0.6546111514194299,-0.2558623353163743
train:5008,2.4869111595462168,-0.09340783723464491
train:5009,6.565751992383977,0.7117815439571942
train:5010,0.08849234881829968,0.152832995163043
train:5011,-0.37635642821972926,0.17222052791248108
train:5012,-1.1649650224690191,-2.067839653465739
train:5013,1.1452330965850446,-0.16859664650517453
train:5014,0.1780092276397883,0.14085933071841233
train:5015,5.838652371535944,1.7324547288830288
train:5016,-0.04052220697882983,0.01508895430850063
train:5017,7.0979167821229545,6.2517356266469815
train:5018,-1.1625195617815862,0.12380116367475553
train:5019,-0.3083904622790411,-0.025549939007904074
train:5020,-3.914785840901955,-2.163274028927489
train:5021,8.233143335378353,5.306917048991975
train:5022,4.321761002110308,0.034508657070595104
train:5023,11.844468572131374,3.6535016573929164
train:5024,-9.512445354435267,-2.311941429678194
train:5025,28.140456044241077,9.63581552653374
train:5026,0.8764189687052553,-0.03944050109138561
train:5027,-2.3312561326602594,0.10674560019088136
train:5028,-20.728564744839485,-8.587566780156633
train:5029,-0.6963445523683697,0.022784363721855272
train:5030,-18.71423226777049,-9.133246661003323
train:5031,-1.6375250785963096,0.1383710052050816
train:5032,0.08087329753585745,0.11112903190433449
train:5033,-0.088148018783061,4.397999349496651
train:5034,1.1751046778319227,0.5188171057347031
train:5035,-0.47815535439396006,-0.35359240853274415
train:5036,-0.8715091588315017,0.07019911053551713
train:5037,-0.2045840848565692,-0.4023518048111195
train:5038,-9.812161202253604,-15.91617185461248
train:5039,-9.905832574744844,-6.834241458164309
train:5040,0.8938360185851254,3.5816879175655134
train:5041,26.407786708052587,6.997916716308789
train:5042,-6.748050101713361,-15.491953387405074
train:5043,0.5437308954024628,-0.084464502385761
train:5044,16.15654382328358,8.751029759015825
train:5045,5.400785661703923,12.247205105043337
train:5046,-0.8582360257714526,-0.9066344431406135
train:5047,-3.0977413856121325,-4.537458910745192
train:5048,5.203733600942668,-0.23710072687083844
train:5049,3.258399611202996,0.7332283854990718
train:5050,-0.5140949093152104,-0.3504708473489984
train:5051,6.484220519031565,2.576104394496465
train:5052,3.8286447800268086,-0.23070135525118768
train:5053,2.036867589715166,0.030819412858632177
train:5054,-0.3314662431013231,-0.07375295812725521
train:5055,2.7781676195436065,0.053665293299038144
train:5056,2.057089364492776,-0.08333031328100918
train:5057,-3.866635370849479,-5.504554259204287
train:5058,-12.067865298337002,-6.162133284917162
train:5059,-0.6730045827560432,0.033656437056820546
train:5060,-0.6977769600447917,0.0695707253326423
train:5061,-0.012081522429812253,-0.04892573302707809
train:5062,-0.3309282185042639,-0.06660251300812425
train:5063,3.262460656660168,-0.23619864690396675
train:5064,0.8408272875405394,0.3080507383355877
train:5065,10.386680175205845,13.491019056028225
train:5066,0.6547078540473741,0.18491213288346797
train:5067,-5.406145856884426,-6.27662257944982
train:5068,3.644750785496679,-0.41806557204648026
train:5069,0.0002665430631609289,-0.11986260818577782
train:5070,-2.612025239148759,-2.8871112972045054
train:5071,-0.09643992044190758,0.03559277223103475
train:5072,-1.1721386837631416,0.20795242434270989
train:5073,7.351528722235979,0.2676944204186028
train:5074,21.07264507473277,11.023724313987014
train:5075,15.055960986489158,4.673350690819345
train:5076,2.96128543600954,-0.010051125948020101
train:5077,-0.8212425051889075,-0.0746058557798773
train:5078,6.814301921857312,1.7789411818059802
train:5079,14.050927784767199,4.74290582470273
train:5080,9.507352951147531,6.136291075330521
train:5081,3.0417480663732817,1.1255867706598188
train:5082,-1.4797941427772257,1.1083850155108907
train:5083,-6.403395426889846,-4.4865250070702976
train:5084,-2.8754764391968552,-0.08675559932925814
train:5085,10.275010026088507,5.9449258647882
train:5086,3.8449033742663916,1.9749458645505136
train:5087,3.1414270896255503,3.6556130373810083
train:5088,6.3390122248438825,2.0403915111408595
train:5089,1.1575940635103517,6.376917063567985
train:5090,34.139003740580364,14.624872337233292
train:5091,2.4781904886632287,-0.4833076059957449
train:5092,1.4420099748718975,-0.08488342585434422
train:5093,0.7470551444021497,-0.19114138780825862
train:5094,1.898109314319707,0.14559895080924842
train:5095,-0.10941544883987625,0.3197029166448694
train:5096,1.5129652956676436,-0.1186391847443671
train:5097,-0.46026333421469856,-4.39116424458651
train:5098,1.0870030047770776,7.237577746827371
train:5099,-20.59735601571263,-10.981996657522316
train:5100,-3.6587286725597385,0.016169431618285116
train:5101,-0.4180133516744947,-0.14149123526480584
train:5102,13.290618249884053,1.9194087245191485
train:5103,-10.989802086025064,-12.941020606959905
train:5104,-8.374053649780622,-7.267299759802941
train:5105,-8.980220125553824,-5.119800907833755
train:5106,2.7304697456848976,0.07072485128559249
train:5107,-0.6567851577299424,-2.080072389941341
train:5108,1.8813365224526906,-0.566070420330314
train:5109,1.2816405217968532,-0.010700731946383352
train:5110,-7.18258893937796,-2.8556939629816993
train:5111,1.2956847188398122,0.12285325392266933
train:5112,-1.0540468757588912,-0.10891242805733414
train:5113,-3.6137533496108407,-0.3073591785475537
train:5114,0.9320823728534993,-0.23098806781409764
train:5115,4.468866155538433,7.842625638436522
train:5116,0.8882430733247044,-0.05062236237527937
train:5117,-2.483983753545317,0.1530785857474687
train:5118,1.2824813232518384,0.15945388335543093
train:5119,-4.89298778270127,-4.724095200757428
train:5120,-0.35877845912304585,-0.06397826740806015
train:5121,0.31565960706221463,0.09797149672786733
train:5122,-11.64861291455126,-6.045377395435125
train:5123,-0.08122866680377203,-0.2695233918217584
train:5124,-2.7076260150340774,-0.3411407590441877
train:5125,0.321668071427083,0.40396623737908366
train:5126,-0.3044866167068384,-0.598565984955147
train:5127,9.65040124336681,0.24398191122261165
train:5128,6.37913823644292,0.16361729643465195
train:5129,3.5917735525436467,7.591946057596301
train:5130,2.9877545259938754,8.223875240313301
train:5131,-3.827858546876854,-1.6407574131582672
train:5132,-24.446388399780755,-10.708776098057875
train:5133,0.8485190982521799,-0.22014705887051123
train:5134,-4.273251789611699,-0.09881132940484488
train:5135,12.007057304026088,3.0072396284162135
train:5136,-0.28863058202480874,-2.0283860931544733
train:5137,1.5600141461195736,8.239535402749302
train:5138,-28.282086979188122,-18.32275814492041
train:5139,-0.7155774497919547,0.052621265826210246
train:5140,19.93753103126565,6.623311113675619
train:5141,0.059458082152803085,-0.1561904523172063
train:5142,-0.5558923537762072,-0.34072376149653955
train:5143,10.09909771769561,1.8171641499701323
train:5144,1.3944357687970017,4.70958710720416
train:5145,2.7905125468503362,8.829228426055865
train:5146,-1.1375942269707533,-0.12426993558490695
train:5147,4.3372575982383506,10.569962504957042
train:5148,-2.1366200103899256,-0.06325929259083138
train:5149,0.04214319766952289,-0.09676913990960606
train:5150,-2.4024824997641376,-0.05513033697586789
train:5151,-15.388940386814676,-14.002932894895043
train:5152,-0.5336536550770662,-3.065252421302492
train:5153,3.024851606722452,0.773059925626449
train:5154,0.532560114667237,-0.1683638240632444
train:5155,3.7710997426528587,2.1939150858641754
train:5156,-2.1482773262219954,-0.3988519071592373
train:5157,-3.696722809637441,-0.11348813087747311
train:5158,0.2281776676758767,0.0011751385129880887
train:5159,-1.8245334324001918,-0.3076610131563243
train:5160,-8.920210565916742,-0.4892597003108237
train:5161,2.932565917801343,0.2132096891826535
train:5162,11.65254454015004,17.65041937198542
train:5163,1.5276671170722707,0.9862085858918577
train:5164,-0.7459765950150806,0.004803323898268361
train:5165,-2.566765619772035,-6.589608983738631
train:5166,0.08797315333870073,0.7666996787339424
train:5167,2.551377873481858,-0.390094709002209
train:5168,-21.509287832548445,-6.3316274519990525
train:5169,-1.3779339638566888,0.23715159696113464
train:5170,-2.7815240246931516,-0.154648913102083
train:5171,-1.264245844755739,-0.08808487709169344
train:5172,-0.5717446110118327,-1.623393452668362
train:5173,10.991322654755967,6.458113319547876
train:5174,7.390075877467236,3.6609080360051984
train:5175,0.30852453383597345,-0.11543698453776535
train:5176,3.7413692635578126,0.37806524002719233
train:5177,-0.6450534552609927,-2.5820026228442376
train:5178,1.1732426873275181,0.027105488326538182
train:5179,-9.060160654709964,-0.9740411765557095
train:5180,-3.8671616563054054,-0.09846915745204501
train:5181,0.622317006621784,0.20867614263187137
train:5182,-0.833340096928011,-0.02141163423124412
train:5183,3.060620885982719,11.575504371069568
train:5184,-1.1735243673332736,-1.3219684230832645
train:5185,2.3911188380709323,-0.09244815796573316
train:5186,-1.3374470608396631,-0.9037683874675888
train:5187,-1.8831691638373953,-7.57404903347828
train:5188,-4.800294594485002,-9.729403930932886
train:5189,-1.2294759034703078,0.02756927861986834
train:5190,-0.8462745383320155,0.151453251139068
train:5191,-0.07039593846443015,-0.012921247454129911
train:5192,-6.335377215959662,-0.670409612222246
train:5193,-0.27664340794982406,-0.16158568799302714
train:5194,-13.967708372750902,-6.605590418318766
train:5195,1.3892084803484943,-0.6775421534097212
train:5196,-9.00298243643913,-9.815408997496466
train:5197,10.58950184949011,7.6786290483290305
train:5198,-18.6260673660743,-10.110151937401683
train:5199,0.35972485600053267,0.08440951815503257
train:5200,-7.932980875899068,-15.447183001365687
train:5201,16.589555875226218,11.261789826006487
train:5202,-2.0117808695041712,-5.658360872974655
train:5203,-22.631744989750416,-7.314612932119878
train:5204,-1.0032759039640742,0.02087367182823968
train:5205,1.3548385996945336,0.29780869080281236
train:5206,11.960943168158204,4.235748927703635
train:5207,1.1791338765101802,0.22436070006638342
train:5208,1.252508157753971,-1.188464867810549
train:5209,0.44285006304810043,0.17038419796608123
train:5210,0.05124254302587872,-2.8133362565611373
train:5211,0.12633817753872226,-0.7997296392415296
train:5212,1.2845113810639437,-0.20210060906553645
train:5213,6.5283829355143075,0.5122506426413325
train:5214,-1.0561148242641574,0.05550208689307052
train:5215,-8.141525672058295,-0.30064438387697917
train:5216,4.136284431880555,7.9738536111288285
train:5217,2.193817349617889,4.042640972706278
train:5218,-7.855263577352682,-7.2147218329535345
train:5219,4.353945310389435,4.526254841551668
train:5220,-5.193601849159934,-2.1077805431039858
train:5221,0.25317088029286294,0.03396365711116891
train:5222,-1.4555034189622758,0.7799992327467706
train:5223,-3.1329232428992873,-6.279284059521296
train:5224,3.148334353776346,0.17925192258566186
train:5225,-8.171450486242192,-14.50765999297811
train:5226,0.9709445090002959,0.32976364228812693
train:5227,3.724439329920387,0.5607582425900468
train:5228,-8.541966605210026,-12.294648443837877
train:5229,-0.2792822738931449,-0.04381565847785837
train:5230,-1.2073584317434571,3.9794759018246917
train:5231,-0.9316722571362698,0.005621947291286455
train:5232,0.8715688437515539,0.19923798876348095
train:5233,5.702632686668873,4.72658428675154
train:5234,0.915854230643389,5.279065093732845
train:5235,0.9270560445536882,4.550291476107994
train:5236,-8.022116523206547,-0.9477883776463429
train:5237,14.095010235615295,2.51137176663453
train:5238,0.41620453725941536,0.20818467614140002
train:5239,1.0319164457520147,-0.2009812031872215
train:5240,-7.749254251301919,-0.5867512446528631
train:5241,2.433962983873216,0.06638061562968858
train:5242,1.692590659532058,3.9895266412112487
train:5243,0.47092148768248043,0.3906922909816514
train:5244,1.9723476428425077,0.15502533516081335
train:5245,-18.626991620037533,-10.409105083131804
train:5246,0.7526964409765429,-0.3487408710364582
train:5247,0.1106207460824418,-0.07554420725769309
train:5248,-2.8119972078657973,-0.2841083197327426
train:5249,-0.905926112279113,0.12979256104299108
train:5250,0.7144628719113828,0.12133224003158567
train:5251,8.278119355701971,0.9194831291749461
train:5252,-5.2512738087330595,-8.01630153900019
train:5253,3.4581333102237775,8.051083325947307
train:5254,-0.9811545966762595,-1.0655476006051539
train:5255,-0.14843955026556732,0.06501421039144915
train:5256,-5.628084896846873,-7.238122200297232
train:5257,2.764426083129453,-0.0942773192064302
train:5258,-5.538663790820367,-0.15878065548148268
train:5259,0.3450927720679806,0.049668187059081825
train:5260,-7.762826093200689,-0.2356592820465358
train:5261,-14.937802171130288,-7.877202684098223
train:5262,9.060738372818413,0.23842170615261987
train:5263,3.409992603417392,0.5086316945435001
train:5264,-1.616779226716056,0.09865209578720442
train:5265,6.632672070587219,2.5433443367298807
train:5266,1.0663449058825183,-0.06430870550923701
train:5267,-2.0629709635061593,-0.05422743670933863
train:5268,-1.9718464034951002,0.028367679843068067
train:5269,-3.5251028426507647,0.0008827551828803626
train:5270,2.0432381077892243,-0.06714319747804778
train:5271,-0.2184929330891427,0.038432506984613236
train:5272,0.44203204250065975,-0.06713692040240751
train:5273,0.03138991193378654,3.2053760916446694
train:5274,-7.879907870151053,-15.494028246225804
train:5275,-2.6988939536973167,-1.261319603568567
train:5276,-1.1362885090352677,0.03782127674414166
train:5277,-0.5570155919930964,-0.02707847825671554
train:5278,3.9343984020132967,11.141800671926468
train:5279,-1.0414828565607253,-2.616712283240367
train:5280,8.910744228380459,-0.10645709285631735
train:5281,0.23349050075679617,0.035651049171922286
train:5282,-4.078504784760765,-7.9682043028714595
train:5283,-1.0795533561703499,0.0828764494255034
train:5284,-1.9683139680762571,0.14825308384900884
train:5285,11.21371452337042,0.9947155926533378
train:5286,-1.5671240544744398,-0.18642473610783356
train:5287,-1.854016111011131,-4.702050965726956e-06
train:5288,-9.948354765884382,-16.648955382284985
train:5289,6.849203202048484,2.7578730976712897
train:5290,0.36479325924182904,0.07679364214325639
train:5291,0.17438078696772213,-0.08295472303346535
train:5292,11.138670494586913,1.9292108061138646
train:5293,-3.566172402246978,-9.868846313065351
train:5294,9.786445103890866,16.23265624214377
train:5295,1.0676571326487312,-0.3503488366912406
train:5296,-0.2165112265910093,0.003128949636428041
train:5297,-0.1231178741551075,-0.040352139332527764
train:5298,12.589307546209383,8.528696310480596
train:5299,-2.756769314230662,-6.048380120164135
train:5300,0.6150750026050277,-0.09682670354644357
train:5301,-0.49140657826486556,-0.14937923677166884
train:5302,-3.9890097570138594,-4.3440222652415805
train:5303,1.093585524766244,0.009477783664134126
train:5304,-2.3190288292230963,-0.6151153522199166
train:5305,6.682755663365617,-0.3338329590516199
train:5306,-1.2104437337371787,0.16402930085394987
train:5307,0.7309442773742457,0.7216947583229052
train:5308,1.473879069777246,-0.07424535191299161
train:5309,2.3764372405332073,-0.18964475108308482
train:5310,1.23552708330369,-0.08079458871355391
train:5311,-4.809322342703361,-2.995599136781823
train:5312,-1.5383852422323012,0.058740665606223846
train:5313,-3.765940970003797,-1.5890504305539486
train:5314,-6.52220483348175,-0.8763233008385953
train:5315,-8.804339431481601,-0.3055628649583606
train:5316,19.544741693549998,4.81835227939613
train:5317,0.9766948284893664,-0.03587244723752295
train:5318,0.3336253746181955,0.22579957699610598
train:5319,14.585087066207523,5.227277507770872
train:5320,3.9240949229724444,0.44006791062884854
train:5321,-0.7137865915090668,0.16423516040278885
train:5322,-0.13760379996910216,0.005205235065258329
train:5323,4.359328113400671,1.2460116108535955
train:5324,3.5184841185575477,9.712295986778066
train:5325,-2.15093827569814,-4.391565406784248
train:5326,0.8995347323448604,-0.14807517430740214
train:5327,-2.722022851227496,0.01563456057636936
train:5328,9.255049286010637,9.375474384996659
train:5329,1.6359568584598891,0.10783798967830137
train:5330,0.31295890722698716,0.056260578754671
train:5331,-0.8265176800349064,0.08736170529209845
train:5332,-1.7775494377972914,0.05450228427134454
train:5333,-0.7204268773709354,-0.014153230544140985
train:5334,-1.6569184884347874,0.21784488156056508
train:5335,-3.7971629011682886,-0.03881051095439822
train:5336,-1.458196680133815,0.06479312180114205
train:5337,-2.0418291190136393,-4.414081847749147
train:5338,-5.979278157052146,-2.134276364703198
train:5339,16.976822005153526,4.939508969545239
train:5340,11.170033760361477,2.9164662669389863
train:5341,-3.1922926125427207,-5.16521440880465
train:5342,-14.841729040100782,-6.727138569730531
train:5343,0.91344933391888,-0.21249380572651344
train:5344,0.5773974736505463,0.07745195045103001
train:5345,-1.037192026133066,0.14311633172831797
train:5346,1.0079906813742576,-0.02585958429602253
train:5347,0.20634030812852788,-0.0641909390105769
train:5348,0.29940264003031336,0.08482316317364556
train:5349,4.372198861246846,-0.19593277594052577
train:5350,0.45509991493456786,-0.02525149259337109
train:5351,-10.488227870870057,-13.637280684697862
train:5352,-2.0086389639289486,-6.446606929074893
train:5353,-5.14288039097029,-9.31874565903819
train:5354,32.925880431017106,12.93071473022618
train:5355,9.107649375533875,3.9946561532958316
train:5356,-1.375890539695769,1.7487554383559576
train:5357,2.9032162053038264,3.3953751822703717
train:5358,-2.026179565363512,-0.15748237078002122
train:5359,-15.662672982370802,-5.666140452265913
train:5360,0.3549401680414618,-0.21174034265846564
train:5361,-0.2306377719655771,-1.2773367033512035
train:5362,0.9399813038572027,-0.24558954437904262
train:5363,8.924754951436821,4.162517139424771
train:5364,7.193439452039549,4.288885514285026
train:5365,-3.1025397886073782,-0.0853363739261139
train:5366,-0.87645877591203,-2.3871576298242445
train:5367,-0.39683884679921944,-0.030621281147207108
train:5368,16.674561204520927,4.872567952344408
train:5369,-4.219731999125922,-0.9947613039314156
train:5370,1.5650652312219715,-0.2373593709193797
train:5371,-5.4395231408525175,-3.9836251086417875
train:5372,-1.163318055836846,-0.13444992566532965
train:5373,3.2944273840264215,0.08464276857939271
train:5374,4.440091544727296,-0.17943615751025588
train:5375,-16.643895951460408,-13.803152979135316
train:5376,20.489695598162797,10.149465772961076
train:5377,-0.3643765184647524,-0.5495120654345138
train:5378,-4.6220465456940705,-2.413081952218572
train:5379,0.376913515659357,-0.1484419552499281
train:5380,-3.379518198572117,-0.0646392862712239
train:5381,-1.7715150543386353,0.20694680829297618
train:5382,-0.10869674607558255,0.450058875136013
train:5383,-7.799274615438968,-1.5898001131105313
train:5384,-0.20513286064724,-0.5250187022949537
train:5385,8.532727146916228,4.445618957233481
train:5386,7.527706962855722,6.622503082847745
train:5387,-14.571124402625465,-5.11139419162171
train:5388,9.6678755942029,1.4412989950454176
train:5389,-1.8803210854778492,-0.7318601141587733
train:5390,-4.406715828585458,-7.976547677683863
train:5391,-13.38214699539348,-2.3208311953929206
train:5392,-1.8277929618449806,-0.639360556880471
train:5393,0.7240482874481019,1.0059859393046378
train:5394,0.7202552663419386,-0.38912836034042947
train:5395,2.7772301154606773,3.8448360532002765
train:5396,-9.230606475125136,-2.145896230339013
train:5397,-5.8940338606864575,-4.312248849636998
train:5398,-0.3124562731301381,-0.10990349270444721
train:5399,5.755454637517419,13.218202511977722
train:5400,1.2424248166666358,-0.11160625646747876
train:5401,-3.0869455600184303,-0.14583254637410462
train:5402,4.290186664253597,-0.17970357519861252
train:5403,1.751506270690523,0.1050586004473555
train:5404,-2.3768174828328283,-4.137086483251942
train:5405,1.3784270671656875,0.12450062962621596
train:5406,4.176549918423742,8.128254264512062
train:5407,-1.842451546016921,0.018469694518825144
train:5408,-5.377334052754849,-0.14099270706423916
train:5409,-1.0098623757433245,0.12583885935447914
train:5410,0.7092193113860579,0.03914513339579673
train:5411,-0.3051532488253161,-0.2865618003432293
train:5412,-3.629586312812526,-0.1742273616805119
train:5413,-12.825312807366187,-5.289633466356981
train:5414,1.2374818246459545,0.257855817656525
train:5415,7.5051798997095505,14.085437576005434
train:5416,-7.959968347759162,-3.1941841255969385
train:5417,-5.236410428851459,-0.21676517737370665
train:5418,1.8119956241354824,-0.2761931413415734
train:5419,-1.9391290684710785,0.07851356086869118
train:5420,-0.3728977401776058,-0.0676362332374292
train:5421,-0.9585758115716324,0.019007561437751036
train:5422,-2.336346038288779,-8.797953812461943
train:5423,15.682019378797056,5.477593588867197
train:5424,4.827959276580372,1.440828071711587
train:5425,0.35122281209249984,0.13995464719175799
train:5426,-6.865645146458197,-1.7611470161319724
train:5427,7.194739358519028,6.51891421548604
train:5428,-0.02372198503946371,0.02864030465098992
train:5429,6.911887891114366,3.6089880608115408
train:5430,-16.601263110198513,-9.860500085036747
train:5431,0.9364374779845877,0.21200349203405106
train:5432,1.0908501886532194,-0.3331916630454395
train:5433,0.5343658502775009,-0.024957932311580833
train:5434,26.646333494531472,10.46713829953697
train:5435,6.17031170089651,2.3016953278238623
train:5436,-13.151247155185867,-2.8680803451496777
train:5437,15.686553244314897,12.909848589511434
train:5438,0.5409116418647077,-0.0012422489125670372
train:5439,2.6773279322977683,5.955882214996676
train:5440,-0.31429106602043333,-0.1430426715736233
train:5441,-13.27940975153248,-11.484465149661366
train:5442,1.1092608812810392,-0.10787592594223405
train:5443,7.78405447154001,5.19641084427469
train:5444,-21.539496245785443,-14.07370977595532
train:5445,-0.8731601934828791,-0.08959437112236907
train:5446,0.8935252219179108,-0.03887813217834116
train:5447,0.8081010028742681,-0.22007480117024308
train:5448,-1.0583330570217453,0.008951008623186221
train:5449,-4.5405838799807725,-1.667402885947176
train:5450,0.18228831892631492,-0.12445710656763509
train:5451,8.48176951115449,2.5706627405595888
train:5452,-2.5912444023033476,-0.5499327721632221
train:5453,-5.639897494783429,-0.9718133140162477
train:5454,4.974584636200619,3.9682981420390857
train:5455,2.4625944004083586,1.0129174000804093
train:5456,0.2578753701590475,0.3824538431950082
train:5457,-1.0599830456110415,-0.07999590216873417
train:5458,-0.5764704870361204,-0.1999168287163665
train:5459,1.5071164138847073,-0.22271409748576287
train:5460,-0.8327911467936601,-2.363037681354876
train:5461,0.05660117038012749,0.32473392144014324
train:5462,6.1501529223020075,1.1757891097010018
train:5463,3.600029074487894,6.789496120608606
train:5464,-10.299386235154442,-2.250179713184638
train:5465,-2.978194156565675,-0.14657844841922205
train:5466,5.904311596244069,1.2845856672711728
train:5467,-6.328929754208081,-0.12547763067201448
train:5468,-4.304412816717245,-1.3498446306800966
train:5469,-2.4057703891142372,0.08783173699586638
train:5470,2.6357439426158815,0.605327762208945
train:5471,0.2944394241427302,-2.5112160408488795
train:5472,0.1225223755250144,-0.24281525527205444
train:5473,6.116219598223237,0.3038536573052052
train:5474,-4.273504704177091,-0.08155971430281969
train:5475,3.8310288717388152,-0.11509442026773795
train:5476,-2.4365571584529806,-0.610984751126997
train:5477,-8.68947065697842,-5.811249892415064
train:5478,-0.4100098144626785,0.5434718895807851
train:5479,2.144365345878252,-0.05988768267234726
train:5480,4.392427377313424,0.25321206563001303
train:5481,0.38893323388797674,-0.09363370496208723
train:5482,4.113400312877359,5.0067438680146825
train:5483,0.2717745132600905,-0.07634332178494285
train:5484,3.914632477844818,1.203754194982468
train:5485,0.5968161052080911,3.7170171032238786
train:5486,0.09492423586778387,0.25458703051685283
train:5487,-1.1354811815668784,0.0793534763876027
train:5488,-0.9651075394353043,1.1453812433697996
train:5489,-0.2758791433704413,-1.1562185316207967
train:5490,-0.5617834267297491,0.03857434749496191
train:5491,0.2167086430184098,0.1442896812254165
train:5492,7.5792299370577485,0.5295627459268003
train:5493,-0.07623110521119195,-1.657125458533519
train:5494,-1.4202020781396323,-3.4611179084860266
train:5495,1.2585827564881904,-0.8529042449287869
train:5496,-0.2680813898158067,0.09050776846996275
train:5497,-0.2336421203771314,-0.07583266741552563
train:5498,0.32430031231055667,0.19845413894290187
train:5499,-0.3278844103064271,0.022852127606608222
train:5500,0.6372547731402651,-1.9219216118454736
train:5501,-4.118097072240188,0.18855433469333138
train:5502,43.61776929633857,19.045192426972953
train:5503,-0.7590004166124613,0.07767599925314476
train:5504,1.1603412549936292,-0.03448114768793745
train:5505,1.0618517205567213,-0.3021650411160378
train:5506,-0.37517385503701617,-0.03928300355713876
train:5507,-3.2236261236625325,-0.18480944125393706
train:5508,3.031548263707581,0.7767285910165684
train:5509,4.469881533131846,1.51333271784185
train:5510,-1.7183628965598148,-0.009054426198911752
train:5511,0.26590994054593703,0.025042113701013446
train:5512,-15.442595467996279,-5.326453650776342
train:5513,-2.4565934315548703,-1.509354252991273
train:5514,-0.5513419837233084,-0.005523214499233195
train:5515,33.89728436403855,18.80825450599577
train:5516,-29.17788991348241,-19.04360267472512
train:5517,10.691266488073904,4.301102415410718
train:5518,-0.11015809480291577,-2.668431106691916
train:5519,-0.11110216583113208,-0.26966312808515946
train:5520,-0.35627546502115126,-0.10582257323861227
train:5521,0.7822349095651422,-0.3406696930495472
train:5522,0.007041189787894142,-0.11479090939444975
train:5523,1.737151044522109,-0.09416975295568553
train:5524,-14.105708601824904,-5.288685057292059
train:5525,-6.284632511945993,-6.233220595900013
train:5526,-9.135101472034801,-2.4220926943001837
train:5527,1.0072205472243085,1.6080697672642899
train:5528,0.07373624841457412,-4.309184495438066
train:5529,14.857713160540056,5.607311639546398
train:5530,-2.6574194518465877,-0.19659725432833214
train:5531,-3.0853508964903136,-10.603015362524635
train:5532,-9.162579895698302,-14.5248911362539
train:5533,1.066758681550164,-0.2824493885035855
train:5534,-0.49505721869887553,-4.201375721316377
train:5535,4.147214618337122,6.109766436247688
train:5536,-4.023590244833487,-0.07088818640152061
train:5537,-19.413308582839875,-13.075998276382414
train:5538,-2.761639314363905,-0.08408006716799679
train:5539,-7.699600241351504,-2.6281066021355626
train:5540,-5.5013923664116025,-5.023300000156399
train:5541,-0.7684780877548244,0.11521533681574718
train:5542,-3.2818060044906057,-1.0611636339136632
train:5543,3.0539219044151875,-0.01492795007287967
train:5544,-0.028516436244625132,-0.11451988952064046
train:5545,-4.390275452001999,-5.230341921788683
train:5546,-0.9258403448048714,0.09555311067664216
train:5547,0.056559095438642196,-0.048755788337158185
train:5548,0.13344977248269818,0.03672200387263885
train:5549,2.849313556096358,-0.06803332960208147
train:5550,-0.7757211378336619,0.12072411266373173
train:5551,-6.618853531114116,-0.21659430538852176
train:5552,-6.791717847060851,-0.3826876527510794
train:5553,-1.3452712565191263,-0.16108070439080768
train:5554,2.1070330174105423,-0.157926081564343
train:5555,4.220339471889123,2.715507972888607
train:5556,-10.683778251399296,-2.103406562669196
train:5557,-1.7954805690754752,0.35330388855603556
train:5558,0.11223307643681754,-0.806937148684663
train:5559,-5.757564136666262,-0.14762843198086772
train:5560,0.2421471293945954,-0.10475008493418814
train:5561,6.4010181358482345,2.319606677841761
train:5562,0.03222606422396669,-0.005593367952553746
train:5563,0.7673930320707644,-0.17562950345165784
train:5564,1.342457408902325,-0.15398614664399668
train:5565,-0.6620148869899724,0.09436788466711062
train:5566,-1.0632120067972375,0.06841121393411438
train:5567,-0.3652691581073133,5.725910706693716
train:5568,-0.5081249749036636,-0.07974442682589575
train:5569,-6.2274496445103535,-0.28659746554573085
train:5570,-1.1033864859393674,-5.803868051462103
train:5571,0.40794843416956733,0.04367315184019113
train:5572,0.21162989538542232,0.06873919113631864
train:5573,-2.9549748327800387,-0.11716207471756288
train:5574,7.701231460204768,0.4094606758156626
train:5575,0.5824974912125167,2.4652981740957367
train:5576,5.8733918607919025,-0.06209175652174062
train:5577,-21.541288963734253,-6.6189366224164665
train:5578,1.861023856503143,0.0709090977217155
train:5579,3.893101730716359,0.33930772180794694
train:5580,-3.7993731141165883,-0.07746656167252669
train:5581,0.08133495960099445,0.017096263235692924
train:5582,1.1479965601451396,-0.290487326521765
train:5583,-15.00368176625017,-4.081072713454346
train:5584,-4.938001926176289,-0.6050704619265699
train:5585,-14.938391685227563,-2.474162748665968
train:5586,-1.9170792420921408,0.023222582064991823
train:5587,0.40904342871026617,0.3096630908102779
train:5588,-2.7179557618560777,-4.6885030405906
train:5589,-0.09094251551822938,-0.1552488731385641
train:5590,1.3155020162793862,-0.026181997726636555
train:5591,-1.5367310693946807,-0.27045382562461884
train:5592,-0.46683760193633594,-0.2229449226763529
train:5593,0.4342851391860799,0.012342519724666198
train:5594,-6.833562189971818,-0.4505294303062895
train:5595,5.429589097336851,8.050471596394
train:5596,2.5703994663650556,0.025904819284323463
train:5597,0.7731632267393762,0.19340180635653215
train:5598,-1.1372701801838443,-0.19470815771483124
train:5599,0.28499697042376504,3.469011556606414
train:5600,-2.875107295511338,-0.01971657415195291
train:5601,-2.2662538349390817,0.0036106438614139924
train:5602,-1.1595510700535905,0.10619681971999001
train:5603,2.965598931115624,-0.42424078786840885
train:5604,1.1939091547187264,-0.9789310898098873
train:5605,2.676541990987482,0.18762004904860075
train:5606,-1.0452239232501928,-0.1695060021733566
train:5607,-7.790890311629622,-6.354844642862702
train:5608,0.1193249124303722,0.45797740605621734
train:5609,-1.8782398868528887,-10.673344859284734
train:5610,-5.5142166226097284,-0.8924857006562232
train:5611,-4.751973965000663,-0.580720686892281
train:5612,-1.6804355912261846,0.04974030209853996
train:5613,-8.704987709431606,-5.051777380406597
train:5614,0.8207476609768428,-0.014936902038707553
train:5615,-0.013449016142644432,-0.41823794197017033
train:5616,0.15960295171853317,-0.23616690487374037
train:5617,3.2695659752316573,-0.15915014697939872
train:5618,4.699000743219142,4.970884646811523
train:5619,3.566265909840987,0.2092930793047432
train:5620,-7.6981766670882115,-12.200525406541704
train:5621,2.9872910042628162,5.716250857926576
train:5622,0.16143414150610452,-0.5163638276039024
train:5623,-3.4299960405259786,-0.13033084443281803
train:5624,-21.43683896755909,-4.805511725027968
train:5625,2.7984972549446923,2.4405328281218996
train:5626,18.318861075761806,6.610281616576133
train:5627,0.5205612014511196,0.3628638747561713
train:5628,1.83940524015987,1.6197499784227376
train:5629,-2.360996142543156,0.13131446656413726
train:5630,-7.336011377943126,-2.3752106429510853
train:5631,0.4050742042579931,0.22790075673628235
train:5632,-8.520626938755054,-15.88234982977621
train:5633,-2.390732200635968,-1.219212409530376
train:5634,0.5656270668845949,-0.32803443909851276
train:5635,0.9869822679116412,0.10287071859989787
train:5636,-11.602431830710184,-19.023419023325438
train:5637,-0.5545222449081721,-1.8453609762259244
train:5638,9.16323943910732,16.594549054675667
train:5639,-6.30707217079383,-3.714020715389384
train:5640,-0.1051469925178411,0.025920583303829153
train:5641,-8.815426759708577,-16.09412923158718
train:5642,0.38045257613804695,-0.0012283394835914396
train:5643,-1.008317923195102,0.04478134101231932
train:5644,-2.708406842263078,-7.642655187653503
train:5645,1.1493073921619108,-0.35652637075133176
train:5646,0.1777035450538592,-0.05210849569831649
train:5647,-1.8379941592601226,-8.348741741984687
train:5648,5.780559197631485,6.893313245266321
train:5649,9.174489488102472,0.1496733435430256
train:5650,10.042247730460009,2.585065205294575
train:5651,-3.835561283125786,-0.44318018734841497
train:5652,1.025578936748072,-0.24607416315063368
train:5653,-4.963183662426119,-0.41926267456844485
train:5654,17.280477555227623,7.885547140378229
train:5655,-21.766712087801572,-9.670991747597466
train:5656,-6.546290296670558,-0.5351533975681995
train:5657,-32.870461164868814,-15.91131682192635
train:5658,-2.2533451963997453,0.13131589317223732
train:5659,9.43421786943296,3.2318704866357817
train:5660,-3.39346406577945,-6.60133284910494
train:5661,6.258373391134032,1.0224256004065126
train:5662,-1.1343890927541826,-0.01841361730896375
train:5663,3.6058535481556047,0.2492697768063016
train:5664,-27.11566360025818,-7.819615080244638
train:5665,3.8053812891755245,0.08858930156220184
train:5666,-2.3942634737636097,-0.27704946285363563
train:5667,-1.3067666411458343,0.5869943501846427
train:5668,-2.065586351167215,0.14007112974312805
train:5669,-9.583217730595937,-2.952553234613791
train:5670,4.237363783572091,0.6491319065821599
train:5671,18.754738872890247,13.654104328881397
train:5672,2.7523677768329518,5.066623745763446
train:5673,14.611153073603264,3.018638227135709
train:5674,-1.4579656166430062,-0.031808112090851215
train:5675,-2.1128204708366245,-3.606140040219453
train:5676,0.5273724603486922,-0.017943121957563285
train:5677,16.90349165851714,9.596193483805857
train:5678,0.11715805294387949,-0.12486943197375552
train:5679,-15.227441419150257,-9.709267072278891
train:5680,-2.7805151559304653,-1.802372281042705
train:5681,5.9174519956489355,1.9946013856315483
train:5682,2.0082926605324043,-0.3563016443103695
train:5683,4.747596603259938,0.4051309915623793
train:5684,2.146135747835998,-0.07628383222717025
train:5685,0.00322294696266362,0.025966948067081164
train:5686,-0.5440298935471167,-0.29280613532760585
train:5687,-0.15906591380212703,-0.06592576579065734
train:5688,1.0610392790070466,-0.0874771063758645
train:5689,-15.486008439112455,-4.164481923919053
train:5690,5.866958346534737,0.18674161511098752
train:5691,1.6313723170456735,3.2181727663022257
train:5692,2.587934953718333,-0.1659809605537108
train:5693,0.9926858632944213,-0.3392930875633923
train:5694,7.3338423694847785,1.707210613230811
train:5695,-20.03771931114088,-10.168408905775816
train:5696,-5.198116188185593,-1.6981470038075628
train:5697,0.16691771516448783,-0.038067997103518436
train:5698,1.2403464075405584,-0.2304229883456631
train:5699,-13.171837376274274,-8.854138204588304
train:5700,0.9340368817375233,-0.21906943477692686
train:5701,-8.37282720010506,-3.246204534000841
train:5702,1.332847120333899,2.8916666823707478
train:5703,-6.549725099628496,-1.4934574162714718
train:5704,0.8491628913485529,0.07508028581508189
train:5705,-0.8363460144326871,0.16718559994493215
train:5706,2.783486031622292,0.699980356431861
train:5707,3.5444376161650077,0.31355651830656217
train:5708,6.772544053411718,4.275119316762668
train:5709,0.6019333246798402,1.1457018022098835
train:5710,0.8286205566576383,1.3704713267367776
train:5711,-4.247037473858677,-9.692974066489702
train:5712,7.131880790689438,0.7410889961304137
train:5713,-9.153155108805596,-7.405507269963991
train:5714,0.973560361577832,-0.1361251915572325
train:5715,-0.5275286710192725,-2.440722198835654
train:5716,0.04142071745882511,-0.08837790239544618
train:5717,-7.761715872645254,-4.953458974009762
train:5718,-1.3069825948510267,0.083626060651681
train:5719,-5.308982031791665,-0.44143844151904915
train:5720,0.1250703502963974,-0.03574069997948223
train:5721,-0.5872707874509473,-1.6539158756299994
train:5722,-0.40455669283376805,-0.0346640388463654
train:5723,-1.448286287977226,-0.49982883341574086
train:5724,7.1541261144484265,2.7377995804169366
train:5725,-1.4573609927601154,1.154199393357903
train:5726,0.48797136977187533,-0.32632272336965334
train:5727,-2.4726848883197134,-8.781532411943747
train:5728,1.5372674099363661,4.5615165992825215
train:5729,-0.8565733682080626,-0.10972958917704967
train:5730,-0.7404700079909126,-0.07070779180726777
train:5731,-0.7984471852334875,-2.1179832162531995
train:5732,-0.2259999394997843,-0.09328636155492462
train:5733,0.26601105988044593,-0.18758704722475783
train:5734,5.244471442630044,3.4558354041942407
train:5735,-0.1807281160654473,0.14512182173018268
train:5736,2.086349115651315,-0.21665682648850693
train:5737,-33.329259344485926,-11.743103491770214
train:5738,-4.669314604266557,-0.4456874154190715
train:5739,0.14968395860705497,-0.16416765249552567
train:5740,-2.0206184668820053,0.143979465294058
train:5741,-0.09997165848602962,-0.33419998965056336
train:5742,0.09541472275471188,-0.03963038262950386
train:5743,-0.8706738201451624,-0.1907117112811212
train:5744,-0.6498505216213569,-0.08450416209094272
train:5745,7.399449523547087,12.943557626986179
train:5746,0.4259726649729712,0.012457967985163729
train:5747,-1.2957258045669082,0.08742572433058873
train:5748,-10.531521823367225,-0.5406671665445342
train:5749,-11.405275628657296,-3.3844679671994133
train:5750,-9.505959769532286,-10.230288317437628
train:5751,5.498120576061508,0.6621668247924266
train:5752,13.013001742049829,4.503008547882777
train:5753,-2.594430707402458,-1.2497205664110127
train:5754,0.27687464705118103,-0.0657596016122026
train:5755,-0.8678938520500096,0.012622812551125892
train:5756,-12.389192323834925,-2.055308327914794
train:5757,2.5081699305335827,10.349992090078755
train:5758,0.27981547624858694,-0.11584346085067554
train:5759,-6.639253136445517,-5.2925203505082665
train:5760,0.6680795494012892,0.14776739512134274
train:5761,-14.438052288244767,-7.994445332264
train:5762,16.334227463467187,5.804312522727205
train:5763,-0.25971911142472437,0.21949560979314686
train:5764,6.80820686679795,3.6190410827710577
train:5765,0.00650868607404087,-4.017850007605516
train:5766,15.419884589763496,2.6583820194162033
train:5767,-3.0825609326908303,0.01916823317502052
train:5768,-3.6647860693841796,-7.226336705461
train:5769,-1.0474326252199306,-0.02514959710982416
train:5770,0.23080711906046741,0.09949411555306353
train:5771,0.15480234037000512,-1.9619510938467344
train:5772,-1.5831099751982092,0.12679397347747068
train:5773,1.8807149291182612,-0.10079752453215626
train:5774,0.44109430595949023,-0.12859665962638261
train:5775,-0.5058282874899911,-0.039794442561011
train:5776,-4.787648866215388,-4.2578288864087925
train:5777,2.0649027508640674,-0.520519608329788
train:5778,11.118215099277853,5.022893642350625
train:5779,0.2955447630751201,-0.3765450349242373
train:5780,-4.473909277679235,0.0005209317035021338
train:5781,-2.717256759927645,-0.5591097140884911
train:5782,4.979324924635803,3.3860828277498074
train:5783,-2.736163285981919,-11.304459163454979
train:5784,-1.0898559053782408,-0.03640703295781869
train:5785,-2.129257128088239,-0.33883157984302226
train:5786,1.5923211923495537,0.12268808836988464
train:5787,-2.9909723860322313,-0.9840254360048037
train:5788,0.8711139229753841,0.42385080039058337
train:5789,-2.0288749186592137,-6.223064858157292
train:5790,3.039603406648733,0.1344108837801194
train:5791,-9.386885360546497,-6.2719084956439755
train:5792,0.2290877416864564,-0.2316124941794948
train:5793,-15.652325801180782,-4.354055885330936
train:5794,-8.917073309506325,-1.4182075481742595
train:5795,-1.1329722597798573,-0.012119030054262528
train:5796,-1.3919205112560662,-1.6594673783905807
train:5797,-0.3296718979448314,-0.04682523092574925
train:5798,-8.304779234520124,-14.040905778659255
train:5799,28.52717729205324,12.145972994262936
train:5800,6.032072504751529,14.052264943176311
train:5801,0.005989897396362381,-2.081222806713231
train:5802,-0.8312728457974656,0.11479545038669642
train:5803,-0.24508592331553114,-0.5360330441226977
train:5804,2.7571382848393675,0.319646922276942
train:5805,-1.0426503780723824,-0.2795222740038782
train:5806,-0.3002358272110623,0.1868095216565505
train:5807,2.1729721218399285,6.7705975577854645
train:5808,-0.6945370733213039,-0.318093798192078
train:5809,19.59363602997127,4.516861483177619
train:5810,5.735056891851939,-0.2791801733814833
train:5811,19.026997683203184,3.521152370733961
train:5812,-0.23336712227891537,-0.4345411836724768
train:5813,-3.0798432634040647,-8.890669072884974
train:5814,4.511580822100897,0.18598365822742458
train:5815,1.534854260944328,-0.6637043401607396
train:5816,-2.009998379717932,-8.813710984248747
train:5817,-2.550399164908976,-8.765136119728115
train:5818,17.699553270750776,11.489102136810931
train:5819,-0.3639129967336934,0.04985949520530015
train:5820,-13.066729988195682,-1.4518391208291719
train:5821,-4.256219574348563,-1.543940797108367
train:5822,-3.9367615131022524,-0.4967630526087075
train:5823,-1.0519072138865075,-0.25421642188613025
train:5824,17.841018057437466,5.167624746031638
train:5825,-9.41249946912319,-15.556182707929306
train:5826,0.7496000972164095,-0.07550754342952151
train:5827,-3.8657334328773074,-10.412277859546341
train:5828,2.13005823856557,3.4472945868207896
train:5829,0.2407931763742578,-0.08016499089379403
train:5830,-3.5533439618005276,-5.4429618810922085
train:5831,-5.21325386879069,0.042706196869969085
train:5832,-10.086699962986916,-15.364833475397706
train:5833,-3.232868895753123,-7.854911647213133
train:5834,0.12785694345139728,-0.13607312036158023
train:5835,-1.1928152630878008,0.6620194561756902
train:5836,-9.856990308969383,-0.9256605447279007
train:5837,-2.5552956652816072,0.02686153834142757
train:5838,-4.978282290046853,-12.81416889727535
train:5839,18.931526154099444,5.615979710362375
train:5840,-3.938247386173932,-8.348215038274144
train:5841,9.370627523063062,6.896266894676689
train:5842,1.3648208214473598,-0.11669692914653765
train:5843,0.10758658490157541,0.017863029424273758
train:5844,0.3247818495552351,-0.17239845009623234
train:5845,11.204327859629116,2.013796682939503
train:5846,4.25399012674775,3.2531925712993086
train:5847,1.8435629882449858,1.1329426473453585
train:5848,-1.041192632447773,-0.5649512462758153
train:5849,0.12083240411839508,-0.11694530161675845
train:5850,-2.362387637569294,0.06307245410645472
train:5851,6.3768973390069075,13.261768840780656
train:5852,-1.3490961244042037,0.09016367059622779
train:5853,-0.9019093501167087,-0.23070160490760522
train:5854,-0.00999230399556314,-0.038871997763510885
train:5855,-7.471859973545373,-1.017330529396017
train:5856,3.281359046676033,9.573897311131608
train:5857,1.1425426249123882,-0.33289168302719896
train:5858,13.550144857462005,11.095647046673262
train:5859,-1.3097824381257208,-3.0270672582529916
train:5860,1.786700448264411,-0.15937045093525082
train:5861,-0.18007182833866076,-0.34237145818690873
train:5862,-0.5541489169743302,0.1073006220722105
train:5863,-2.8338836161018386,-4.932641337970416
train:5864,-4.9348628100999505,-1.153418385241995
train:5865,0.21548695873677462,0.0020987602621707485
train:5866,-3.930565106250142,-3.4352301072590605
train:5867,1.5476366746592087,-0.09987714831640124
train:5868,-24.73343155417361,-10.848258425217141
train:5869,1.9287370822221193,2.7297272611435455
train:5870,1.6674651781763692,0.11547997261830868
train:5871,-8.93923401846586,-2.0403561910788537
train:5872,-0.6621039184959883,0.014083659245589422
train:5873,-1.8233795096955894,0.010604304750348112
train:5874,2.123734677056042,7.20672991455811
train:5875,-0.7983458334407383,0.16001118780972015
train:5876,2.6589634988597584,-0.11449645748259696
train:5877,5.94626194011259,2.524373872858496
train:5878,3.1663080249124955,-0.19483833570396192
train:5879,-19.210270257475695,-6.232939839425921
train:5880,-1.6482975421368664,-0.7804804874777975
train:5881,4.795399315785,4.169700967173443
train:5882,-0.055089783749712434,-0.008145962160792247
train:5883,2.217975107319416,0.1681232381186979
train:5884,-6.873346952874169,-0.08290921423507336
train:5885,-40.56565832815333,-13.026990293642603
train:5886,0.6175947337002203,-0.042741493908916656
train:5887,-5.2954827168638525,-0.3154429106857452
train:5888,-0.39044124734017216,0.06084480555820785
train:5889,5.803047207793294,-0.41127374053850246
train:5890,2.7365238880939753,6.29539497029804
train:5891,-8.916443812591726,-0.7980137863491801
train:5892,-9.452843991468065,-3.495940270922061
train:5893,0.7789114541042844,0.11364617490128645
train:5894,-1.2335174224352987,0.043342178760976735
train:5895,1.1099066502724544,8.584829915358597
train:5896,-0.11572535342778911,0.003440806167101601
train:5897,1.084196071526056,0.22363619714276692
train:5898,14.570673725479047,3.1302332191549618
train:5899,-1.438890325906311,0.07924009670885028
train:5900,-1.144825305450218,-0.2309824327121024
train:5901,-7.776786605277159,-5.480125022098824
train:5902,-0.3785009136005979,-0.04549809307546401
train:5903,1.6112095866610878,-0.09344935153035672
train:5904,-1.7122239068930458,-0.32589524025246974
train:5905,-0.3575538691134075,-0.1016999254858505
train:5906,-3.0570779305616367,-2.6701949649468326
train:5907,-15.140171016762546,-5.965522721712532
train:5908,-7.709018519413483,-2.518011545872715
train:5909,-0.9514449225937157,0.05554295921513729
train:5910,0.40407440136667677,0.13200637149266733
train:5911,4.557459710229647,7.182143179918401
train:5912,-2.291795184086578,-0.46869742712138956
train:5913,-0.12082287206367681,-1.425393087852652
train:5914,-3.610131882685982,-6.93659944805728
train:5915,2.5287634060373523,0.07836358869217216
train:5916,2.778294774201023,-0.2758659487738242
train:5917,-3.0853341594970156,-0.14957860525365252
train:5918,-0.3571055152825249,-0.13548286126017955
train:5919,0.46057639861662353,-0.04196919961394807
train:5920,-2.7179704067252133,0.038950793707365775
train:5921,0.9555318302969835,4.5278098443807355
train:5922,-1.8204254303784895,0.048783761367448365
train:5923,0.25707478397962563,-0.12370335817796732
train:5924,-0.05329439253113963,0.07060722744774237
train:5925,2.595236002128113,0.3247896304864506
train:5926,-2.9848196813292875,-4.439390446087487
train:5927,13.919818547767173,4.008454877482872
train:5928,-35.01704378398098,-12.944080396012918
train:5929,-0.30846566251976204,0.8989158628571619
train:5930,-0.19604537066113698,2.9336762964148946
train:5931,-2.555030895345962,0.03742036420282172
train:5932,-5.686995393924052,-0.09984048448822963
train:5933,-1.2209374798476755,-0.11503500204037037
train:5934,-3.4096394399690237,-0.1388639224573266
train:5935,-1.9365346020516454,0.025830635663120244
train:5936,-4.704256797108013,-0.11044160927979063
train:5937,-0.9304490618760729,0.04510632233751345
train:5938,2.5142198886943357,6.985879567803706
train:5939,6.970957389627878,1.6709870363188957
train:5940,9.8193779277036,8.547753512124466
train:5941,3.470150006495274,-0.10835854746248505
train:5942,1.5748621837573182,1.063020875180258
train:5943,13.028709410260019,9.17011243706301
train:5944,18.890394063236602,6.50717266017929
train:5945,-25.497728212793525,-17.285688239796514
train:5946,-0.21182068421923972,0.0801331177142866
train:5947,-17.828400862149977,-4.538635006462883
train:5948,-1.864473012490548,0.08475611259294265
train:5949,11.72856675320852,2.718213392489565
train:5950,1.5329780904872683,-0.05233543338183386
train:5951,0.459052518622663,0.2024443617987754
train:5952,-5.033129417084458,0.026733607260054512
train:5953,-2.2701093873118725,-7.875600888523473
train:5954,3.255079642615742,2.7424891265634606
train:5955,-8.261884180363227,-5.440592570359625
train:5956,-4.133814503696469,-3.8262451269023843
train:5957,4.405035912264597,2.235658209515231
train:5958,6.336384516896094,0.0763755389743307
train:5959,-2.683819966650049,-3.608558426270678
train:5960,-8.159567221000598,-6.583887143970902
train:5961,-4.6454206866677135,0.00014284489178319204
train:5962,-4.6352831828104,-0.3491228453552498
train:5963,-4.933401112685257,-6.575382847764812
train:5964,-0.5644884270424211,0.1592692089368779
train:5965,3.0457477428550277,6.395290634610304
train:5966,-0.420876539819657,0.2797777196957233
train:5967,-0.02899808971842366,-0.0070292490052661916
train:5968,-10.19187522887166,-13.507144352523724
train:5969,-0.08975291047374873,0.14497135024082863
train:5970,3.0437667337316148,1.3570813257704053
train:5971,3.3785772669970124,0.112957301514969
train:5972,-0.393240858156626,-0.07726797782499806
train:5973,-10.191162976823534,-10.837230173960421
train:5974,-0.45678424796199313,0.07928328726907966
train:5975,-0.23761413432828743,0.44734161468782485
train:5976,-19.338622539746353,-5.357322026202244
train:5977,0.8054679483869536,-0.011095153420847992
train:5978,5.903960119384811,13.882079727130751
train:5979,3.528190644837437,8.54533683800296
train:5980,0.12486311377521431,-0.700465035022328
train:5981,-1.3049788048200694,0.07533857321159812
train:5982,-5.827764665555916,-8.372451397964479
train:5983,1.4481647716990032,-0.6914333931320504
train:5984,-1.184162702469206,0.09243397472666652
train:5985,-2.3984084366455116,-2.195557884910273
train:5986,0.11100093153437109,0.00415022271005995
train:5987,0.022032305472512684,-0.09625074619124604
train:5988,6.680935050427976,1.8956946460542472
train:5989,-2.3044978646250533,0.25358405369210424
train:5990,7.030535506771056,2.1487010247056695
train:5991,3.719973342208699,-0.16984763914811896
train:5992,0.4789819771631579,-0.18718695498309545
train:5993,4.176221687388509,-0.24751443102325382
train:5994,-0.3304004220697757,0.07414803308689384
train:5995,2.160510500496593,-0.20918774845022714
train:5996,-8.518876063289488,-6.632265136573726
train:5997,18.71851630006149,11.808800446888913
train:5998,5.713199308437689,3.451970437529553
train:5999,0.5030199026418357,0.19796652429430067
train:6000,0.32397347602476484,-0.11023967290322684
train:6001,-17.414310910963714,-4.532246655390805
train:6002,5.723988160284184,7.278303413581463
train:6003,0.21168080374003712,0.007356845401771894
train:6004,-1.964586267735604,0.07051606719014841
train:6005,-0.8745930660757816,2.1864938705276526
train:6006,10.846095763909064,3.8109352795968823
train:6007,0.11031064678994797,0.4405660108469852
train:6008,20.85911265457073,9.013256876461188
train:6009,-6.880178435638643,-0.6660930527634834
train:6010,-28.13511386204046,-17.53738185367426
train:6011,5.342439573234071,0.4603432929293602
train:6012,-2.6687552779323913,0.3552621934949907
train:6013,0.6443376594915702,-0.12722165907434033
train:6014,0.5412284824461688,0.072691359221123
train:6015,-0.7881269691993372,-0.021780127103490143
train:6016,1.9794989881455667,6.46486802358005
train:6017,-0.32885329625179016,-0.6479356128483238
train:6018,0.017172184814480573,0.03145828363104246
train:6019,-4.2538605881265035,-0.2610661380177681
train:6020,1.5227954897313465,-0.20617847915655757
train:6021,-2.029294970699346,0.010676847772236264
train:6022,4.636624758696312,-0.2337157068362138
train:6023,1.6037739449302029,-0.2769218527590851
train:6024,2.275502710325347,3.613844234784152
train:6025,1.5388395250151783,-0.4793641758855534
train:6026,-0.09267072630536988,0.026884292740623553
train:6027,0.06963266309943644,-0.019619743127161193
train:6028,0.671661149737945,-0.04503387479970383
train:6029,2.082820167106076,-0.23508760451563843
train:6030,-7.265651847617141,-11.860145844158742
train:6031,-2.539516864849901,-2.7422763364538074
train:6032,-4.139932804579855,0.018817144921595252
train:6033,-3.3944306271424107,-10.230215275102905
train:6034,-0.8139593560636269,-0.21174219724899573
train:6035,-22.04675545966401,-9.287169685994655
train:6036,1.1261062001190139,1.2891790600317525
train:6037,8.042595456179301,12.137634755239693
train:6038,-0.9459505396271609,-3.071209936728351
train:6039,-0.8588582002514823,-0.1026773303604055
train:6040,9.24655340224597,2.243986462281773
train:6041,0.6636558690893269,0.2194552367839151
train:6042,2.1321533846849454,-0.33783463043749645
train:6043,0.8533084353760558,-0.003456630005483338
train:6044,-16.893537504829958,-4.973378417589308
train:6045,-0.2079630397222868,0.010716792799038005
train:6046,-5.457047702668504,-5.014706112961625
train:6047,-3.1848290758230062,-2.1254142751856127
train:6048,14.641190397575441,5.336115151654325
train:6049,3.657681042652359,-0.6739280557794292
train:6050,5.069393194403165,5.125316114929719
train:6051,-0.08557517097997122,-0.04368601546676523
train:6052,0.804234757422426,-0.20245397989192182
train:6053,0.7914536222278665,0.2612861681635291
train:6054,18.863817577545273,7.8353465132667655
train:6055,-1.5523836450019313,0.29262104443815173
train:6056,0.21209922857248759,-0.10674045289019218
train:6057,3.1356253968653847,0.006741727654227647
train:6058,-14.98187904298062,-5.145358306624747
train:6059,-0.19844178265987678,0.08193039426394727
train:6060,-9.664139233525932,-5.706050099186769
train:6061,2.5776293825533187,-0.30768758373218796
train:6062,0.4015366547578648,-0.11299505945288918
train:6063,-12.711914098774347,-2.367003081229808
train:6064,4.704231053624773,0.6026788362887499
train:6065,-0.44366767552675257,-0.019098210870981014
train:6066,-10.731014695651107,-1.194354334030035
train:6067,-7.650083846679318,-6.162944739604477
train:6068,-10.337309472468867,-8.05075469525993
train:6069,-2.410570651775405,-7.697226371340316
train:6070,3.0673282360468996,0.3027647273424279
train:6071,4.634466616393828,0.17956434975957541
train:6072,-2.667172469774527,-0.03610484169702305
train:6073,0.1853173660258958,-0.047740899334774045
train:6074,0.15976892690207184,0.19489917421835729
train:6075,1.457458219685968,-0.11583454455005016
train:6076,5.461068592231539,8.930486786425309
train:6077,-5.134131592640231,-0.06809474508078917
train:6078,-6.804474225452824,-4.131199727587846
train:6079,4.396067673355742,6.656002123610161
train:6080,0.1460485441877813,0.0012934756548882292
train:6081,1.5431467437487751,-0.43869446783418736
train:6082,-1.2929225906477306,0.06509295915857258
train:6083,-0.23706518419393646,-1.776571502909843
train:6084,1.299355699369844,-0.24896126129313423
train:6085,24.109555771664848,12.388300069998913
train:6086,5.62266054319206,0.09398997618140419
train:6087,6.6625215683012735,4.4084461152917855
train:6088,0.45954114584366906,-0.05227444588555619
train:6089,0.44386985734807827,-0.052185603866124836
train:6090,0.7296953954785013,-0.018751402441855927
train:6091,-2.1691167425439497,-0.009975444388311813
train:6092,4.756675492291151,5.455901727384134
train:6093,1.0544191007829598,-0.14097359051569833
train:6094,-3.9368331102402494,-2.2060343241538884
train:6095,-0.091812548596926,2.526957174806088
train:6096,2.652420031854954,9.159824880731842
train:6097,1.1856424747789474,5.3185342040724
train:6098,-2.2591615340290465,-2.5114502898989097
train:6099,2.1928719419547913,-0.2208153177697828
train:6100,0.7772606519111472,3.666418737774118
train:6101,-8.410026097542866,-2.5867732003308452
train:6102,-0.7700426479408288,-5.49565393658962
train:6103,-0.13636543680872903,-0.022228581359744634
train:6104,2.8839326319838667,-0.19415465160460843
train:6105,-17.597917587108892,-12.227611558572722
train:6106,-22.08770344360057,-9.510520020783607
train:6107,0.9165348683708416,-0.15115643381232113
train:6108,-0.6037169173758522,0.025143438541320354
train:6109,-5.404900810549646,-2.0469529695943507
train:6110,-4.5068579086523055,-8.738912209632774
train:6111,-3.269020801276842,-9.826720287800239
train:6112,-17.98168010643915,-21.859576414432212
train:6113,3.688748156628844,0.1156089379905543
train:6114,-3.329354872617314,-5.815672948168496
train:6115,2.2774690745796238,4.663740488014087
train:6116,0.4807466838940177,0.9128173028274063
train:6117,5.802072742850165,1.4644354398906037
train:6118,0.023717743943447125,-0.082636696422759
train:6119,-8.832698406959171,-10.526379116675784
train:6120,6.020695068640721,0.9535177186181263
train:6121,-0.8971675507029641,-0.002521203074272657
train:6122,0.6050584932617644,-0.028134489237583965
train:6123,5.79676339664285,0.82482768173583
train:6124,0.8379319039291023,-0.3017641285747179
train:6125,-0.34458734847224853,-0.07390842274495946
train:6126,1.3128668696679093,-0.2335817840008204
train:6127,1.6421228132825272,2.887443351751324
train:6128,-2.59882672518383,-6.8212193794269425
train:6129,1.1866590146635616,-0.17184995494696098
train:6130,-0.004860207196438204,-0.30461709511842444
train:6131,-1.7687223010402686,0.025247866254244897
train:6132,-1.1701172269059255,0.24313636060170488
train:6133,7.351675635843817,0.9609288050371385
train:6134,-4.754040053840007,-11.588808407386384
train:6135,5.666005636502083,6.68541079362808
train:6136,0.2102174791176618,-0.07377795943420878
train:6137,4.64556789211522,0.7188535969612266
train:6138,-1.0272523442382058,-1.5135519046648955
train:6139,1.0100802484958673,-0.22356456990461482
train:6140,0.5413214657422689,-0.034706837089367254
train:6141,-0.8525530029429346,-0.07089610407647598
train:6142,-3.368618464145023,-2.3196961859885112
train:6143,0.9038466002432622,0.013073478049935486
train:6144,0.7934848423311732,-0.01860956193150727
train:6145,3.0098794363844137,11.275779715678935
train:6146,-7.328988349588685,-2.5847308681747965
train:6147,-3.8352367714223967,-7.754903566182584
train:6148,-0.36705164789355227,-0.11482079683414606
train:6149,0.9908069033384787,-0.2538222500680831
train:6150,-0.11254898591844964,0.2332638758972506
train:6151,6.638138558564944,1.2395487908386944
train:6152,-5.179161543275588,-2.0655478075529894
train:6153,0.9392127969149354,2.2490221035533717
train:6154,-1.5610952500135498,0.23507680947080942
train:6155,-1.3571501050541541,-0.42929561701895363
train:6156,-4.77734910650638,-0.07340037193532487
train:6157,-9.488350592916849,-6.809329456877785
train:6158,-1.6403896614909135,0.030511122848208776
train:6159,-10.358696560404852,-12.771111582242517
train:6160,15.899603081170174,10.168237652984933
train:6161,1.561157840661605,-0.13788740921283413
train:6162,1.003512838292317,0.5303124998137878
train:6163,0.055151328335686686,0.032016301389381725
train:6164,0.982101574699347,-0.3312549355539978
train:6165,14.44577670249147,6.030435042376198
train:6166,0.018324480311401048,-0.10296268764562042
train:6167,1.8376318162450005,1.5821186246376813
train:6168,-0.3942933128393591,-0.017709514881178126
train:6169,11.282069333832489,9.306910458421198
train:6170,1.8296368799880738,0.08334237963098366
train:6171,-3.395329078240978,-6.9168443497308605
train:6172,-1.551480777196799,0.07311277925388132
train:6173,1.9377167115847462,3.5332311761955664
train:6174,0.1129975153598805,-0.01069698710012068
train:6175,3.373163314581584,1.4636717765746405
train:6176,4.836727601402611,-0.39073115454084917
train:6177,4.627948487337211,1.7432172030507067
train:6178,7.3491669465150355,8.770829938158206
train:6179,3.754617523586155,2.9873230380528675
train:6180,4.142388785269527,0.3148599387971838
train:6181,-1.996060881007248,-2.869011634917398
train:6182,0.8985503879265206,0.713549182723576
train:6183,-0.04013760482033579,-0.6229564183202876
train:6184,-3.272677834312459,0.05719746795918424
train:6185,0.6178527623468981,-0.05596443906677165
train:6186,1.4807677372688217,-0.16960886061737107
train:6187,-0.19205104071891688,0.027460499752238618
train:6188,-1.6275346045759544,0.19959071761622127
train:6189,2.392954793252429,-0.3221116615798902
train:6190,9.134432284142548,0.5410664856632705
train:6191,-3.434422045420343,-2.426629308058381
train:6192,2.5506802663028667,0.02012969570405733
train:6193,3.4551420375882373,0.19765616570213215
train:6194,0.31026181049448365,0.06875755871560693
train:6195,-0.3258699853109785,-0.19711573720969844
train:6196,10.38621990789015,3.862420424641641
train:6197,5.218271539287919,-0.3485590498341053
train:6198,-0.5270542818654818,0.0827454868019177
train:6199,3.4519778160219508,0.5699749155509026
train:6200,1.7262917578288186,0.24179927215992175
train:6201,0.2777618239250961,-0.07926323191374482
train:6202,-1.7110540607989866,0.226857692223922
train:6203,-12.870677497867502,-7.053223518950872
train:6204,10.870147753111278,1.497371113114306
train:6205,0.37313932367065394,0.5100930405507986
train:6206,7.946504658323534,9.883130594830774
train:6207,0.5664030124905503,-0.38522804946006234
train:6208,0.6315621032947767,-0.0823671388222523
train:6209,-1.6852752555590746,0.7643807272672916
train:6210,6.188186809738792,0.7980462531949855
train:6211,-5.56167529693922,-5.34434674021056
train:6212,-8.039218940858238,-0.6192555829175117
train:6213,-2.0169244729861884,-1.5285643870234684
train:6214,-1.6570649371261448,-2.3591641550415874
train:6215,-6.995426581989912,-2.5834372199496602
train:6216,-0.14924955100371934,0.6015298461249599
train:6217,-3.89576657260116,-0.09671485747139871
train:6218,-36.3426806011572,-12.037428720823732
train:6219,0.10490227337228564,-0.017925182360705005
train:6220,-0.6220080102390634,2.625270445413763
train:6221,0.9698796178017095,0.24077760676906232
train:6222,-8.28461673659378,-3.6216780850020887
train:6223,2.0456259188330748,0.029802312613692955
train:6224,-6.048900329840058,-0.9290400366561378
train:6225,9.423005943589208,2.484645833148778
train:6226,-2.6515252407068024,-1.0878771559089448
train:6227,2.102543318958349,4.5893365985202115
train:6228,0.26493396462424634,-0.16843558245067752
train:6229,0.42858061397033875,0.3263666744106642
train:6230,26.002080130842707,8.913798324870783
train:6231,-1.278203451104205,-6.428894733547762
train:6232,0.42718005307283097,-0.059658854733097316
train:6233,-3.4145020014385783,-0.7046614027486606
train:6234,-0.8337866492075318,-0.4120470334591411
train:6235,-0.2020662715418587,-0.2376123798659257
train:6236,-0.7004760326723374,0.0631364374797425
train:6237,7.2571822910150505,0.6394694185900347
train:6238,-0.8941768592130243,-0.07758825134346198
train:6239,1.6777214681944503,-0.12184812567424164
train:6240,-2.690192344390029,-0.18980677809804936
train:6241,-1.141207325398963,0.12099545352436353
train:6242,-7.376177372359487,-0.23157925421076336
train:6243,-1.145745375165128,-0.2375273896883645
train:6244,5.826064292909913,0.129434232753458
train:6245,-0.4174895070300907,0.06151381342673194
train:6246,-0.2936379649780394,0.9413574538340075
train:6247,0.2923955350653299,0.036653812005455894
train:6248,-19.377748051079354,-12.035558152282931
train:6249,1.764168271036954,-0.18964359196400354
train:6250,0.09601469747279778,-0.015323512833824368
train:6251,-5.78272634642391,-0.0017928483087859826
train:6252,5.197303806017346,-0.3156975602316063
train:6253,-3.53276187675053,-5.554434755458096
train:6254,-1.2806831993820746,0.12490553667021606
train:6255,8.901630005696726,2.018744159830518
train:6256,2.1531669122288473,-0.7913229943598892
train:6257,0.35451500192004404,1.1908931802995986
train:6258,-0.680438248591886,0.07566683573542239
train:6259,-0.46693877938540496,-0.018554566189249874
train:6260,-0.11582060319173165,-4.19937904061953
train:6261,-2.0989548017221775,-0.019558256318048514
train:6262,1.324420974041308,-0.19001338661614087
train:6263,11.39785864296706,4.356455380336365
train:6264,-5.059030844046102,-12.125820217417095
train:6265,2.775887901581472,0.016169788270310126
train:6266,-1.850942548158542,-0.4580840335001681
train:6267,-1.319799761072825,-0.01643305728364762
train:6268,39.77916963809288,16.70980529372292
train:6269,0.680269194603532,-0.008807551667196017
train:6270,-0.36727643501187424,0.08682376704276756
train:6271,-6.2926541809005485,-1.162660951139867
train:6272,-6.454345623987896,-5.505674431884455
train:6273,1.9814897605150699,0.11110460124062092
train:6274,-1.4445439427674374,-0.2613259946831944
train:6275,-0.2844136733175491,-0.04411553150049141
train:6276,-2.7859781570345867,-6.298180339771478
train:6277,-8.173639313032387,-2.0335384309686573
train:6278,1.158370706491028,-1.6897260215145165
train:6279,-1.9420485115103814,0.05163241242165224
train:6280,17.17149555320054,10.633197764957151
train:6281,-0.17530730613193157,0.019487258411396896
train:6282,-35.38563328905362,-11.154253308529167
train:6283,-0.5543439494379002,0.003561211890746846
train:6284,0.2245759597014393,-0.07483211582454713
train:6285,-33.038210469697084,-13.896953032357635
train:6286,0.6787398518409256,-0.25137272829507407
train:6287,3.9694958769592406,0.02178092324947413
train:6288,-0.9658598905298742,-0.26280838315996885
train:6289,-1.7950022862461603,0.09508992669175452
train:6290,-0.13722960031685932,-0.20495582251700062
train:6291,-4.0151817653671555,-2.4375788105479774
train:6292,1.4514094238164161,-0.3583349888353879
train:6293,-20.76023857482302,-8.670425319894717
train:6294,8.038160152955326,3.196513431483844
train:6295,6.138281744888908,2.068597835852046
train:6296,-1.5655361322352905,-0.02793722500254789
train:6297,5.0866732101504075,10.886403583420963
train:6298,-0.0745309056420016,0.8067857970767756
train:6299,8.692037287790452,4.6099482323499075
train:6300,-0.13233071724726547,0.06450298537879193
train:6301,-10.875694844716941,-2.2380626746259513
train:6302,0.2663206942564592,0.5399301209811661
train:6303,-0.8782533535267621,-0.13527753668937814
train:6304,13.161157606723885,3.4421068691257237
train:6305,-7.093403081090588,-7.853191728487698
train:6306,-15.022526690870777,-9.093560135589316
train:6307,-4.670003610490658,-6.527937856859429
train:6308,9.804805585538793,9.168473549677657
train:6309,2.428949789463979,-0.04441725911365452
train:6310,0.3527169374317084,0.12795280723715108
train:6311,0.6881798647483681,0.10172839782897569
train:6312,1.247403839714556,-0.20274222605853937
train:6313,-2.1970772845977304,0.06503004574135984
train:6314,2.3116683308852406,1.2475155411126808
train:6315,0.8616363680621412,0.03392392607558218
train:6316,-7.61887493317628,-0.9602571464321001
train:6317,0.0020304361901798407,0.013700971622747776
train:6318,40.9884360005339,12.445457979492758
train:6319,1.601877085689761,0.4148072463226701
train:6320,2.017442216868654,-0.16628828760366665
train:6321,-1.2573771686728246,0.01424187008388629
train:6322,-1.8846710765276522,-0.022484586183300778
train:6323,-0.888146078857092,0.027267051693870198
train:6324,6.948494484956015,2.334853694571984
train:6325,-4.23552986113333,-0.08598130778294946
train:6326,-1.2208263648088362,-5.4847974489481475
train:6327,-0.0361023622278317,0.0947123391928706
train:6328,-15.385864499379686,-7.884383087987455
train:6329,-5.874158681145061,-0.6046232202872004
train:6330,-0.3751599075426012,-0.16298165968414036
train:6331,-14.456749369424575,-2.437504341605154
train:6332,-5.003772730839734,-1.4412197354539302
train:6333,-0.07785221086413713,-0.11502758367825006
train:6334,-10.485921885126775,-1.6797513203396928
train:6335,-9.84859949632931,-4.263141004330183
train:6336,-3.2671671792690864,-1.9863790470049065
train:6337,0.12457974718034925,0.2455098084977781
train:6338,1.083067719227881,-0.13372100025660294
train:6339,-10.163033670087332,-1.2005132865196229
train:6340,1.153225475801329,1.5367004158600561
train:6341,0.4361629368508214,-0.20067262785517814
train:6342,0.061909470525362095,0.015135069415335142
train:6343,2.2121078613355,-0.09589694738243065
train:6344,-4.117846482257199,-5.523218287655778
train:6345,1.5877210762332412,-0.3688830438056266
train:6346,25.9232284360839,9.518615676610963
train:6347,1.44917410537817,-0.1542671171093039
train:6348,22.71107026132604,6.443072305027302
train:6349,8.413085539824229,0.332708304067465
train:6350,0.1284685410814957,0.8194182691420149
train:6351,-1.4364539310902482,-0.5855331353266253
train:6352,-0.6567869011667442,0.06142108390022791
train:6353,2.210460894703327,0.749377375200559
train:6354,0.5485750926710378,-0.12300503351298694
train:6355,6.019120861437746,9.594833070321638
train:6356,5.51842812792977,3.4309753314425597
train:6357,-1.0649507944343095,0.17146827746131837
train:6358,-2.8506954609532174,0.24314014111317006
train:6359,-4.989934956714118,0.03170398121107564
train:6360,1.3251850642770107,-0.09911384165246304
train:6361,12.501272821127731,3.713253711055915
train:6362,5.723094590808661,0.3320921520290482
train:6363,2.1970008652181163,0.031989338496290556
train:6364,32.262623141271405,12.462525918801902
train:6365,0.040214026733686056,-0.05352732878423319
train:6366,7.278201165098478,0.9740336270443084
train:6367,3.983818094057539,0.19418358759536614
train:6368,-0.92225351415781,-0.06345759111674001
train:6369,-0.9594710082548362,1.0557498816766717
train:6370,-0.1475685292393496,0.06865940807832267
train:6371,1.1798765805877798,-0.1469150209352292
train:6372,16.969606501376155,17.528405575689796
train:6373,-0.012832188202140382,-0.062177923650984346
train:6374,-1.846653693625925,0.002776577435712718
train:6375,-1.9092963077503224,-3.778801277283481
train:6376,-0.10039560420168603,0.15371456763847635
train:6377,-1.198646826731839,0.1536653496590242
train:6378,1.5050642725397778,4.3554772978229614
train:6379,2.949280827566537,4.1711275752735055
train:6380,-9.751656971481268,-1.8444593599066852
train:6381,0.40051732537436746,-0.2667570560549281
train:6382,0.9949374538094853,0.3292527025970897
train:6383,1.4068660082779036,0.08933349167759919
train:6384,6.155049422674639,-0.2851231374047217
train:6385,-0.09308729147189831,-0.08988564883119923
train:6386,19.2366657175793,8.087364823148086
train:6387,-0.4380140005510662,-0.07255339470631805
train:6388,1.1613910364065996,-0.30510656435755573
train:6389,2.736654529624996,-0.03275142103181472
train:6390,14.112699377865377,5.964542296807292
train:6391,-3.313043045440714,-0.12959114813293585
train:6392,-2.6991675570460916,-6.285148560099032
train:6393,1.5092373628687503,8.273216478705287
train:6394,2.0803005522400038,0.06572309195636998
train:6395,17.075499598306795,4.676834467799696
train:6396,0.18235480198302648,2.6274423135852976
train:6397,1.7957763153385016,0.7882386078286789
train:6398,-0.07688913637478034,-0.35452776413354986
train:6399,-1.3786778302254898,-9.913262900295921
train:6400,-9.18182464849214,-0.27535668534730456
train:6401,4.859236997722523,-0.001272778325908372
train:6402,26.767129954161035,7.499340360675355
train:6403,-2.547549226883508,-0.1554884719689695
train:6404,2.8698909919815505,8.20936378271947
train:6405,-0.406554729523279,-1.9968226742622206
train:6406,13.408760036409959,4.76292227763308
train:6407,-0.5408387649395213,-3.9474885548239764
train:6408,-0.29853864959899523,-0.058591395222225895
train:6409,-12.278459446342275,-9.822873011075991
train:6410,5.059257085295293,-0.23535744743776515
train:6411,0.9556245811348434,-0.6080058507532575
train:6412,-15.885460959826641,-4.7338680368860935
train:6413,0.2952693000604236,-0.2870169596575541
train:6414,4.437992911734317,0.2325721849599355
train:6415,3.357458435870277,4.841200834726724
train:6416,-0.05664004775394135,-0.34588679887147405
train:6417,-4.300502869116236,-7.527352155860569
train:6418,-2.9749090567144587,-0.14143837943469853
train:6419,10.814987272365814,4.296186894541144
train:6420,-10.242921198764694,-5.067546535701443
train:6421,5.367214042646982,12.824144822578585
train:6422,1.081631359761375,-0.23881757838885814
train:6423,10.587619867577045,4.626743404190318
train:6424,1.012719114439188,-0.20352564789668842
train:6425,-11.1759323288264,-1.2956002829090079
train:6426,-2.2770557044470303,-1.0252189588853102
train:6427,5.872250955748755,3.110389100483099
train:6428,-7.128537749354972,-3.2604477892718604
train:6429,-0.7597586953921577,-0.04800539247652555
train:6430,1.6533972703929045,0.3092737694597709
train:6431,3.318984737442938,0.09023557164447092
train:6432,-1.2854132596546863,0.1556203733993492
train:6433,0.9046218484744968,-0.018075689515261548
train:6434,-24.247482252095264,-9.563732502915922
train:6435,-2.422495062125522,-0.3605780090859129
train:6436,-0.18593134508608877,0.05765590847213918
train:6437,-5.3339285203023605,-2.904868573547598
train:6438,0.07839087598822501,-0.03269464202943226
train:6439,0.7743596893019442,0.15941893145697938
train:6440,-6.746828301202606,-1.5297013936792179
train:6441,3.9807924176024416,1.961339732456982
train:6442,0.6512212129018605,0.005328565335508698
train:6443,12.267919151736036,12.40249196737833
train:6444,2.0969424701177592,0.20361467975366127
train:6445,-0.17221305449596047,-0.03423940894538194
train:6446,-1.1451464465091235,-0.1424656799275532
train:6447,-2.4132948298928976,-0.7601641615248143
train:6448,-0.18125137956425058,-0.04933609684706092
train:6449,-3.170060538903427,0.43150669275956627
train:6450,-5.370680168085926,-11.176996865503595
train:6451,6.121541962092007,14.923185221248104
train:6452,17.422972596835105,6.64354954682634
train:6453,-1.3344728738847813,-2.4547822776266255
train:6454,-1.264569194167927,-5.5353695648088665
train:6455,7.7659850276088775,-0.41993232441061396
train:6456,-0.7005224080912673,0.12254300232610832
train:6457,-7.968936586668017,-1.8377794101389546
train:6458,-2.7151290696546346,0.11587771095660598
train:6459,0.5713530944875592,0.14191017024491803
train:6460,-9.758038415092619,-2.1605530592982407
train:6461,1.1758708601917878,6.753287665742552
train:6462,0.13197877673839462,0.00019537973506797424
train:6463,-1.5218825668404556,-0.22280803962915197
train:6464,20.226655151825224,3.9792236775126004
train:6465,-1.2631079616697138,-3.5317641122443386
train:6466,4.604570627031724,-0.21465804154471252
train:6467,2.6280349299944623,0.24058957982147414
train:6468,2.1732124836603472,0.004233536623103579
train:6469,12.045148841106455,2.549006258957407
train:6470,0.9681325778971087,-0.21824967009742874
train:6471,-1.354081656282851,-2.495515362742837
train:6472,-0.7232534533432583,0.0469171159989222
train:6473,2.898373170326453,-0.20068423687859238
train:6474,10.327390306280577,17.35691701048402
train:6475,1.2656690134839792,5.345493673304133
train:6476,-1.9902361748812973,-0.19509157647432418
train:6477,0.1348736954333511,3.9952753012112585
train:6478,-0.8618641177561585,0.2248090116618279
train:6479,-8.306745831232641,-9.68462441460166
train:6480,-1.5501406554417567,-1.567491956928241
train:6481,2.5248350942353635,7.304794955356375
train:6482,-1.2465657683770255,0.17616096214566243
train:6483,-16.989276825826465,-8.648795658524815
train:6484,-13.485388208719344,-2.7867713871298823
train:6485,-2.3809143268589987,0.12974858584830667
train:6486,3.2152321159885244,1.5877186320736647
train:6487,6.664734570748456,1.1007570846606691
train:6488,28.06900581985184,9.454096469320797
train:6489,0.8505620574966192,4.649284953457778
train:6490,-4.203793267424923,-0.08794585413234238
train:6491,-1.9745036336394008,-0.41417660270050866
train:6492,-0.8572600498497619,-0.11549936297694058
train:6493,-1.1713543696605373,0.059058763547335184
train:6494,-2.1054757202776777,-0.23579473848563665
train:6495,13.880753475576638,3.330610598386995
train:6496,-0.26353659876067403,-0.010308700040486299
train:6497,-3.0595524485291006,-1.8632259614805713
train:6498,8.620906925939796,0.7626319910582353
train:6499,-9.250351478051993,-6.345487805656015
train:6500,0.056371501638760244,-0.12146629401626005
train:6501,-3.0373136336008395,-1.0646615343142054
train:6502,-5.268045205850635,-5.569656663885758
train:6503,0.10587766814837568,0.028541547705263126
train:6504,1.281347159497657,-0.007221341785939542
train:6505,0.43089171379490676,0.20941712287904357
train:6506,8.765096123202222,2.074577035721026
train:6507,-1.324728456911731,0.10556550997051005
train:6508,1.3156375394334523,0.06390787580985105
train:6509,-1.1996996301019323,0.035203950193362844
train:6510,-2.5285334454563166,0.19774176218813588
train:6511,1.0967132503888113,-0.1534035733937351
train:6512,21.70863036373231,13.18779749886272
train:6513,1.2772542672615712,-0.19903259918334681
train:6514,-1.1253983053960237,0.14502338577127838
train:6515,-1.4995784311466842,-0.14090072650698765
train:6516,-0.12000862896264025,0.39267698817045776
train:6517,0.8632663652427759,0.9433942222184659
train:6518,0.3711662181274098,0.049963851587819685
train:6519,0.7890711577235417,0.13530925456593096
train:6520,-1.1293018603954263,0.1658417351146737
train:6521,-5.929843587680528,-0.09452280279524838
train:6522,-6.692485143629863,-1.7050432273632625
train:6523,-0.11989455008123745,-0.07269691148118429
train:6524,-36.487236152606265,-13.647496339980787
train:6525,5.459477648035267,0.28927678972998633
train:6526,1.7299071808394304,3.7895858040578343
train:6527,-11.50081596540015,-3.64401990913554
train:6528,0.45690681283603307,-0.008057869110613416
train:6529,-0.06030521682796705,-0.5326043342150086
train:6530,14.443311715311856,12.570804332310129
train:6531,-0.15125764151212112,-0.6655465192003496
train:6532,-0.6435041210897248,0.2122689838014726
train:6533,18.095935483027738,6.377815826671024
train:6534,-0.5868542222844189,-0.20764269621265746
train:6535,29.61429893707125,19.323661762959144
train:6536,2.207049337569414,1.212245223733227
train:6537,3.8589745364652197,-0.09382772366369566
train:6538,7.3408542398436865,12.957552081804547
train:6539,-3.5749186435363938,-0.015348692466790465
train:6540,0.9759441046024782,-0.2614077749925305
train:6541,0.3779202922978808,-0.08337992357768884
train:6542,1.5593983642411509,-0.2007398389292923
train:6543,-3.9693279827283514,-1.2012417126155146
train:6544,2.325619079715619,-0.02978297056240814
train:6545,-1.5048154828412823,0.21697165474251712
train:6546,4.6037495845271605,-0.009926333404467177
train:6547,1.8255335271311761,-0.13411231885844996
train:6548,-4.737290042880535,-0.56022945878623
train:6549,2.9902134692592424,0.14639064697437787
train:6550,0.2333545126862498,0.008858386092289686
train:6551,1.136092838578405,0.13746839026017238
train:6552,-3.0044173057318253,-3.642083716622136
train:6553,-3.0323064831058493,-0.062192867370832516
train:6554,5.764976127038069,0.7014378505972894
train:6555,1.7209858984951065,-0.07492655728077124
train:6556,1.0693222310236434,-0.008005227271721135
train:6557,-0.26194838594872427,0.05800164694518921
train:6558,-38.80013241445491,-14.564551982722106
train:6559,2.9162092261843737,6.511019936903536
train:6560,0.9015200419457176,-0.20814550423752431
train:6561,-0.788329207868355,0.11185674469617612
train:6562,0.9765086294389259,0.13969842837698684
train:6563,-13.320652492517679,-0.9744832824059189
train:6564,-3.556344765223918,-0.6705840863928838
train:6565,-1.7652842436669673,0.20605439359598238
train:6566,14.009316829929443,5.662474009629877
train:6567,1.5747445598877516,0.23920576996441398
train:6568,-0.4814564357491937,-0.9733942811127365
train:6569,-1.6708167017028694,0.07570225128150643
train:6570,18.25375045250067,5.936027254103252
train:6571,6.202855854531545,7.4736317414257565
train:6572,-3.365846632088279,0.037484169250096996
train:6573,8.349548193933108,4.371468433338177
train:6574,2.9368471012120314,9.758110649946698
train:6575,1.2132880359171887,-0.11691930168413481
train:6576,-4.977725320103214,-2.7952799631602723
train:6577,14.116627922125607,9.424836166545285
train:6578,-16.227864509051575,-8.1443601591374
train:6579,0.21792451584403877,1.6566099652080906
train:6580,9.88426167172225,1.2527091079009567
train:6581,1.126146182936337,-0.16113771521700643
train:6582,-0.5271542389087893,-0.1574378249420968
train:6583,-0.5866135698911997,0.0726497379298037
train:6584,20.828301709575,14.338095576958821
train:6585,0.139529252839963,-0.07421064967095761
train:6586,-3.104862511343959,0.21551408924668372
train:6587,-2.306478873748466,-0.11511293050783628
train:6588,2.284937028005903,3.8051695002996717
train:6589,-2.6980399021226376,1.3091979381958732
train:6590,0.1724308110193829,-0.051938194356371564
train:6591,1.5380754347794756,-0.22324162149596327
train:6592,-5.557268818537036,-0.3708632115137152
train:6593,-14.88662974395456,-8.170508173681817
train:6594,4.958981109282062,2.3882076962278243
train:6595,-8.682825140806147,-2.5925498218496164
train:6596,-8.04928066332923,-3.074488852785534
train:6597,11.347323151369617,11.082882898680387
train:6598,3.226765764036781,0.14773765034245642
train:6599,9.522591983545377,2.779593491316354
train:6600,1.187154615631775,0.07610733665151904
train:6601,14.510068142913962,9.827967654104055
train:6602,-2.0036892306193,0.00781157673366667
train:6603,2.2349310762797496,0.0885010301860105
train:6604,0.019665183212044385,-0.1351294191033892
train:6605,-1.893366177004213,0.8405434818877335
train:6606,-2.346445883911172,0.08657439594687671
train:6607,0.21154225862884798,0.06172206254413849
train:6608,-12.17084987776563,-4.741329197249417
train:6609,-3.4672923379664495,-1.7147263298424338
train:6610,7.056481565714828,-0.15466243021383108
train:6611,-0.19053930666800944,-1.0462454503505045
train:6612,1.7855937145825793,1.8976525230107724
train:6613,28.955283545293632,14.306303900770558
train:6614,15.504564477521859,16.473315898332395
train:6615,1.2623369570682321,-0.10908847149688178
train:6616,9.050102943410483,17.44991359802438
train:6617,-8.43985606876474,-9.373552518383132
train:6618,9.818575481858256,3.307769461418522
train:6619,2.6825075668070246,5.12811683195176
train:6620,-2.8779470053742346,-0.1476329257963829
train:6621,-3.1004379011990353,-9.037250201950147
train:6622,1.6501077538351234,0.44274379944213493
train:6623,1.5198067741364487,-2.512032916646975
train:6624,0.7023275057082387,3.599515383027129
train:6625,6.312964814107361,3.6345060852189706
train:6626,-7.464628662607668,-1.638803816026042
train:6627,0.16317130193549464,-0.0018063297553315705
train:6628,-1.783835805988379,0.043555028689506
train:6629,3.382390976886558,0.07381845095057701
train:6630,-29.608225906163288,-9.93255178309524
train:6631,-11.573487990300144,-4.237430102507625
train:6632,0.10314535399247424,0.03210974421993579
train:6633,-1.2362998313419737,-1.404216231893711
train:6634,-5.499794913384603,-2.2251002281071677
train:6635,-0.20663872512758114,0.026206974879916606
train:6636,2.761687027684584,-0.2120172116254852
train:6637,-2.7747090464637347,-1.07707010023814
train:6638,-0.1695309513199531,0.3759832481659618
train:6639,1.3667469704260737,6.536245791972074
train:6640,-1.1115842420109123,-0.6018718639054208
train:6641,-0.909233993037874,-0.16577788289066697
train:6642,7.046017225571722,2.782758278725532
train:6643,13.978281795190112,14.789994806453352
train:6644,2.2315941382409576,2.5160921275160155
train:6645,0.06874850818264461,-0.06823216310602762
train:6646,7.495329249320705,4.64058663855008
train:6647,14.091892505697059,2.106910252344072
train:6648,-0.18919285042591993,-0.05288692440811532
train:6649,-1.3329976938921533,-4.252099628278943
train:6650,0.4260698325173958,-0.10877668629661322
train:6651,4.122466184247119,0.26640005888941654
train:6652,0.48254707296475585,-0.055409060533417515
train:6653,-3.1764980049506772,-0.0010207680050324103
train:6654,-0.5935505886967477,-0.0479512526991282
train:6655,3.976133954467827,-0.3840559482450514
train:6656,-3.461647786976693,-0.05756495069423126
train:6657,1.5743561221682936,8.073283630557233
train:6658,2.69149533220806,-0.40666483341483456
train:6659,1.8741635585332888,4.05095010892428
train:6660,7.925055271579163,4.647219795572128
train:6661,0.049577212192725914,0.000314465846220649
train:6662,-0.4155340683131056,-0.04073914244487209
train:6663,-4.076064438154618,-2.2103579453227464
train:6664,-0.6749285233814745,1.555436916003031
train:6665,0.7732666706562875,-0.30272462814328716
train:6666,-1.3981761949594405,0.08838026781034024
train:6667,-2.8963323600538673,-0.12030111185053438
train:6668,-2.710475488143065,-0.20452491554037688
train:6669,-4.886452916651355,-8.302397521889313
train:6670,-1.7899638701178562,0.021074359922715905
train:6671,3.650797954158549,1.7882579313250553
train:6672,12.404246611313198,15.555810588717934
train:6673,0.848718896109675,-0.1428933413707493
train:6674,7.734716604796336,5.429938601249485
train:6675,0.5437629746396173,-0.20277024107510433
train:6676,1.0347073393844592,-0.3259153554266806
train:6677,2.150121941739809,0.04737694745477469
train:6678,1.0837304576708346,-0.34485621717998927
train:6679,1.745832429962495,-0.02279704902241686
train:6680,0.9429332910501407,0.1875873797231093
train:6681,8.305912062906291,2.6402287166645335
train:6682,-0.6774917241675938,0.04843777323798082
train:6683,-10.953179685023077,-4.093717026366816
train:6684,-1.8788303307831242,-4.612087063032398
train:6685,1.1003509893904875,1.0117773975476496
train:6686,-2.8527341197202123,-0.1484120678102318
train:6687,-1.806705280122439,-5.270894112997806
train:6688,1.021314257872441,-0.038295612425883335
train:6689,-0.1714755226142065,-0.7026838386003547
train:6690,-1.7014227347598179,0.020865504496866832
train:6691,4.415794079623379,2.651705493507913
train:6692,4.970086104335297,0.003580756421717693
train:6693,4.720235338549522,3.337041177058835
train:6694,-3.6774299379878714,-0.7222677439547662
train:6695,3.8158707348085765,3.1067929067844626
train:6696,-0.028641266319639508,-0.024748470577289225
train:6697,14.101326590919374,3.324398576076085
train:6698,0.23412743633508187,0.2563506034501495
train:6699,5.148878105408414,0.19269584933821646
train:6700,10.435879496838329,3.359215802722959
train:6701,4.128204183449457,1.8263981562194038
train:6702,0.8125371197020838,3.371926310251272
train:6703,0.6118365106309813,4.28553127332016
train:6704,0.12360842042346357,0.0017241686402969525
train:6705,-0.40997773522552394,0.060855790440578324
train:6706,37.254271461136,18.89932688453077
train:6707,1.621719488619282,3.275177743407745
train:6708,2.5796773396499235,-0.039463576477404116
train:6709,-0.8717824134929159,-0.0859660074110763
train:6710,-0.032960107965248925,-0.08363229055058982
train:6711,2.8082147067618735,7.190313649829076
train:6712,-27.591254563150972,-13.29550647023628
train:6713,-0.2259925008360963,0.15954240438803977
train:6714,-0.30413397755637883,-0.050061170413917444
train:6715,2.6637365639068165,4.241657938454092
train:6716,2.6827295644264635,4.0238650981797415
train:6717,6.518864235492541,6.107737799529399
train:6718,-1.7519897244488152,-1.2890187691001815
train:6719,-12.276378480175556,-4.938354618089545
train:6720,0.4042601355006368,-0.024601565608185327
train:6721,-14.231199788074562,-2.896319767168786
train:6722,0.17721468537461293,0.05541067697905904
train:6723,-1.8133484717123105,-9.278469659157237
train:6724,0.7078157285314269,-0.31308055466765
train:6725,-2.1227754949753415,0.027563893174290616
train:6726,-0.8175223597410626,-0.12451994865444282
train:6727,-10.30363092262141,-3.3791895172291837
train:6728,-0.058583049955073074,-0.08613210025912602
train:6729,1.9118080784176543,2.835169577748851
train:6730,0.30134564223144505,-0.13451883083656263
train:6731,3.768814678151199,0.36674424878834005
train:6732,1.105788420088181,0.8703334842507988
train:6733,-1.7261852325733558,-1.7143382924392168
train:6734,-7.567071149420031,-8.762813601741215
train:6735,0.42080232879332513,-0.032111979616164424
train:6736,-0.3229665237756928,-0.40201719388124996
train:6737,-0.24031471793439474,-4.795124306129797
train:6738,-0.07149598897185439,0.9886831803022254
train:6739,25.75018466237569,8.832741876484699
train:6740,-13.225503615451409,-14.754093417469308
train:6741,-5.323483706651436,0.15306217975431796
train:6742,8.861028849454618,4.695294776614499
train:6743,-4.6087824785053915,-12.519954373010394
train:6744,4.528538185810672,-0.1280883591603305
train:6745,-1.4187606045918404,-1.3231716243548568
train:6746,0.2957297998343593,-0.06714041559225264
train:6747,3.5575887086489253,0.9795046691080462
train:6748,6.48519126464285,5.620599067390376
train:6749,-3.324345165081681,0.006104105163904916
train:6750,33.75127455383848,11.145238226804379
train:6751,-3.420416901361746,-1.5300450635705227
train:6752,33.35035661637775,9.821384713687129
train:6753,1.983627678950651,4.679942761528111
train:6754,1.4851021536165279,-0.08357144571512218
train:6755,-0.08967619925446613,0.11378694545556006
train:6756,-2.656164642265717,0.08868659623462606
train:6757,2.1596538918812707,-0.8255999645192698
train:6758,-0.6715435827160704,0.17084727495536137
train:6759,-2.0685701851390674,-3.155883692612953
train:6760,0.6093812866974582,-0.34096567856510757
train:6761,7.915325499475249,15.272271658187364
train:6762,-13.151665580018317,-1.8552476556809743
train:6763,16.524197916397455,5.766166163418026
train:6764,-14.714342854276605,-2.313481310461401
train:6765,0.834421319584843,4.560972205631538
train:6766,9.121696362075717,7.4223383325096455
train:6767,-0.5463978294114259,-0.07378402251863406
train:6768,4.257134821821856,-0.23708724542429288
train:6769,0.23261506302401375,-0.19441910908115745
train:6770,-29.579696771253854,-9.774860230146784
train:6771,2.612147339106319,3.33761695608802
train:6772,-5.228353426244385,-2.551311146822743
train:6773,-0.5651911483026977,0.02132073514159663
train:6774,-1.6958213047736277,-5.003831935379712
train:6775,0.6547213366253086,-0.044059893784588994
train:6776,0.07493782505842767,0.16785111262361108
train:6777,-6.880978091985104,-4.0313297422213825
train:6778,1.8145561516518387,2.681345274038042
train:6779,0.23290389238752468,2.922413510786525
train:6780,25.47714293270959,6.222839964901845
train:6781,26.043965386403958,7.922634385833922
train:6782,5.982376652317869,4.063283421270936
train:6783,0.23856645889090067,-0.3528946545110038
train:6784,2.9874323388728885,-0.1408970886563325
train:6785,6.835259426965313,4.156112810341972
train:6786,1.6936076643331526,-0.06887809558853322
train:6787,-2.2137359394687843,-5.310899627982986
train:6788,-0.7136329366122613,0.14241625946841502
train:6789,-0.3392826514297378,0.02506073093671926
train:6790,-1.4148253190426439,-0.24415116676215504
train:6791,-10.623588304167779,-7.038830755150966
train:6792,2.5694940415192806,0.18050833633938648
train:6793,-23.83840038123695,-8.428700843420204
train:6794,0.36562952776112934,0.3038464529342999
train:6795,-12.795204816088974,-10.818239166932395
train:6796,-1.8174325305352674,-5.138672079781376
train:6797,-2.4311713334846226,-7.044179394239718
train:6798,2.6454667409725885,-0.0011008007194458908
train:6799,-0.9589777318690252,-1.3806155687727648
train:6800,-0.5765378999257929,-0.265477994897615
train:6801,25.39155180864945,21.244554189811794
train:6802,3.7733713245765843,-0.20957207667238387
train:6803,-1.9428893129653666,0.06322663477686892
train:6804,2.7805142854789326,-0.24702810032194267
train:6805,1.2186806021745142,0.1357878459182993
train:6806,-2.4166645445435653,-0.02463819377115442
train:6807,10.61510294040535,2.7552972140858176
train:6808,2.774140745447751,-0.80122921834591
train:6809,4.971903927774054,0.024367363734886613
train:6810,-2.5130791567279993,-5.417140845124326
train:6811,-1.309690268433462,0.14932311125446038
train:6812,13.963497451110197,8.418825231689459
train:6813,0.3880749980649728,-0.027269429750908847
train:6814,-1.583978206725544,0.167412287972032
train:6815,0.004148130758859642,0.14878381772743443
train:6816,0.35218983837194096,-0.03645806986259842
train:6817,1.2738408504617365,-0.29249634737867736
train:6818,0.3664714915073157,0.07337399119700269
train:6819,4.552489753053097,-0.1746622274946133
train:6820,11.900916871527823,9.389682260386797
train:6821,-6.92857159209394,-2.2390340520812835
train:6822,-6.832191616187303,-1.3863348406459135
train:6823,-7.418756283309644,-2.605212395345767
train:6824,-7.099486048321457,-7.114302888790167
train:6825,1.4695255918538392,-0.13519561371923206
train:6826,-0.6303110117788818,-0.41162942960305043
train:6827,2.125083399765974,0.08447029166009522
train:6828,-3.5561778602074186,-0.5418665873046613
train:6829,9.146711658225527,5.340907413584054
train:6830,9.386647615148147,1.2448353724750942
train:6831,2.4029932698993957,0.18066462125674826
train:6832,-0.4379700078290988,-0.05366053831557646
train:6833,-5.077047287498457,0.3417317429611674
train:6834,-3.822406936226505,-0.379596906302295
train:6835,1.7555422106577478,-0.14360225860087264
train:6836,-10.125863597471318,-5.973775364249771
train:6837,20.6660607352077,8.96545694546051
train:6838,0.2804364884374155,-0.029762998049007283
train:6839,-17.417794065235622,-10.943997524169063
train:6840,2.590462472164574,11.003768919883345
train:6841,16.500044575402494,8.239736269169791
train:6842,0.950954727546456,-0.12976323273500584
train:6843,42.39729658705156,16.61282105122126
train:6844,-6.5741025303670595,-5.119283334415053
train:6845,-1.3861004542949202,1.4717906032720935
train:6846,-8.708295125273887,-11.093494640190764
train:6847,-0.16528823974802564,0.22889339065230552
train:6848,-6.916390780304827,-13.505718885710142
train:6849,-0.9270322744317546,0.20598099460923416
train:6850,-0.9125837162798801,-0.005728075422402112
train:6851,-6.586523239060111,-4.9279032871484905
train:6852,10.564353587226877,3.7282707585604076
train:6853,-1.137345961570166,0.2707542808020209
train:6854,5.72731045345384,3.346631977993932
train:6855,0.3299552076920044,1.1282202892125333
train:6856,5.376712286343607,2.326088329083583
train:6857,-2.725164524344478,0.15092747472379014
train:6858,20.060622318642963,5.00140036471509
train:6859,6.506000926310053,6.392491629517982
train:6860,-4.2088380761548345,-0.04702499172496041
train:6861,-1.2263009888249696,-0.041486043115659565
train:6862,6.699950134480447,7.38954346550542
train:6863,6.190715955392715,7.44289917909098
train:6864,1.4003595021332989,-0.10950115355502724
train:6865,12.870206364395942,9.31708046224492
train:6866,0.49317750452051995,-0.2886891226768393
train:6867,3.593046958783738,-0.21761828901754376
train:6868,-3.053498538578263,-0.17533747677357514
train:6869,-4.118701928581319,-1.4445629915364255
train:6870,-14.114416487504679,-10.62816132753957
train:6871,3.712491906204485,-0.05365547385682126
train:6872,-2.602724120039866,-0.7084634559961358
train:6873,-1.2158653572745353,-0.14903959704824657
train:6874,0.16556341345678985,0.035502039955870805
train:6875,4.908666917929336,4.891178340331337
train:6876,5.134954786650384,2.461282272294062
train:6877,11.64537273852184,1.5729445359286123
train:6878,-1.3939263934111854,0.06719627881089904
train:6879,6.528954782785323,7.960928541742266
train:6880,5.877685829405806,3.9058840376613713
train:6881,-0.013729535124066411,-0.03366969300062217
train:6882,-1.0088442086510283,0.09014277078756189
train:6883,0.35259559423029774,-0.09267791320024815
train:6884,4.56028547259813,-0.04384889844658982
train:6885,1.704923034093814,-0.26453703986001653
train:6886,4.427085971101775,1.8498695686464846
train:6887,1.1566893360392978,0.4062424619331376
train:6888,0.03783039993815998,-0.2160307951889972
train:6889,-6.092675935811024,-8.108782835694813
train:6890,-0.9674533917667897,-4.381488988451889
train:6891,10.0785409705938,4.900459281987101
train:6892,16.02350518288948,22.783533356699518
train:6893,1.1833113835457176,-0.05931810938839749
train:6894,2.1471369454767557,0.12591311430608737
train:6895,2.698008812099872,7.565323267876184
train:6896,4.988863151149751,0.6112728661443334
train:6897,-0.4168168891119266,0.21899429970678505
train:6898,-3.3231921722100397,0.17226874726626318
train:6899,0.08566716759541824,0.08436914514580082
train:6900,0.4250739814161637,-0.14876044550826695
train:6901,4.074345468849395,1.9702996872902314
train:6902,-0.5246943658104611,0.018707759745522995
train:6903,2.6114488020943667,11.518476568234448
train:6904,12.818654565372125,1.5229854335684898
train:6905,-6.495071377846779,-0.8054173117452621
train:6906,-17.535034843622316,-13.807335794084697
train:6907,-0.7870903797915013,-5.368173948697796
train:6908,0.6231406061669906,-0.03652911494598152
train:6909,-0.20531313201255408,0.3965317545872304
train:6910,-0.39261984596779753,-1.157101316713115
train:6911,1.8854470815150357,-0.28272672111823755
train:6912,-3.1996522404290437,-0.7403068467280256
train:6913,0.17117425800171016,-0.07374033264556965
train:6914,-0.5407291027646832,0.04817035554962419
train:6915,1.6481902058112987,-0.14283745399842937
train:6916,6.838608685290839,1.9530248898065803
train:6917,-2.0855256891829206,0.0432285494258068
train:6918,-10.858347880996506,-5.501849410246569
train:6919,-13.695851250277116,-19.995860157657088
train:6920,1.022525597762385,-0.22889077558099397
train:6921,49.73027174138037,16.947482768339174
train:6922,-1.3832477267705694,0.064102358159092
train:6923,-3.144419930087344,-0.110622824173701
train:6924,13.644541499662827,18.206885551355057
train:6925,0.022073218122796723,0.03283806332021996
train:6926,4.919048502938913,-0.3011453729765185
train:6927,-10.471749371135198,-14.578948170381452
train:6928,-3.4461646734265847,-0.7472771825745237
train:6929,5.179543996462227,-0.21588913300466106
train:6930,0.710310819053153,-0.20036899215368115
train:6931,1.522818503097131,0.20255898975961537
train:6932,0.08617171820588142,-0.7570529432497939
train:6933,-5.146773601578001,-0.4181053387472696
train:6934,1.8090366631953367,0.2529261733667606
train:6935,0.489513962654176,-0.06778809566968083
train:6936,4.599121805880259,3.1191188007689985
train:6937,-12.135588752218549,-12.856697796667918
train:6938,-4.612937902008105,-6.146060547418623
train:6939,-2.7094773124594305,-0.2726490188385893
train:6940,0.0561404381479515,-0.15029889968337384
train:6941,1.085118698281609,-0.25903639567820236
train:6942,-0.9419999118341079,-0.07923380812168104
train:6943,-28.91797184622788,-11.082000744050184
train:6944,2.5042432459392754,-0.01387236707444127
train:6945,3.3035025537257914,-0.1261037333019292
train:6946,0.24590260849495832,0.44677731985384533
train:6947,-1.8919451597815633,-1.2259882273624307
train:6948,1.473546654493688,0.04636558930743821
train:6949,-0.13001723472573495,0.06186508000616972
train:6950,-8.682736806674852,-11.554779809697225
train:6951,-3.9004022548282298,-1.5361722026994793
train:6952,-4.3692026476068335,0.04841141665333218
train:6953,-1.358612848530929,-0.0638736970343256
train:6954,-11.840016240074434,-13.839925229522514
train:6955,-2.156791341729401,0.06373315198279594
train:6956,0.9990703288628945,-0.2317762687893819
train:6957,-0.6776202735744522,-0.21424471751292207
train:6958,26.878758260795127,13.307226281281032
train:6959,-4.966189812389035,-0.9745138831496651
train:6960,-1.6277589267777959,-1.0785487795338542
train:6961,0.28502195968459193,1.1061973119894455
train:6962,1.6424635970627341,1.0163061649612966
train:6963,3.132237085555497,7.627993591068669
train:6964,7.203195259466371,5.516247250016758
train:6965,-0.4733914133328314,-0.8697533425553796
train:6966,10.336397598173793,2.640620177927191
train:6967,0.5553291668415088,0.14867610881587973
train:6968,3.6538426921893468,2.1352075946520426
train:6969,-7.842249635230512,-4.78346092894693
train:6970,3.6847991560434727,0.5587172657116931
train:6971,-1.031593501874879,-0.03198811436787653
train:6972,0.461198224409293,0.3320377269300308
train:6973,-3.476230357304072,-0.5838806238339183
train:6974,2.3635272072444287,6.774256522240504
train:6975,1.492895083662677,-0.18243581503185136
train:6976,0.2625215130069293,-0.06367404323072193
train:6977,0.3205177518252046,0.295525333208258
train:6978,0.029205269391914673,0.14884423458047205
train:6979,5.587246925039376,10.153178377880678
train:6980,0.2467027297578997,-0.10052368710734935
train:6981,-1.0274892191850205,0.1969304501616306
train:6982,0.7540033212032298,-0.08572519596378583
train:6983,-1.2973179110543822,-0.05672364423242218
train:6984,-2.4519807626935846,-2.077106043718882
train:6985,7.06409131866766,4.578090361545802
train:6986,-0.3353009904616114,-0.05649642122728479
train:6987,0.7114879875817802,0.24210891744804022
train:6988,7.0303393120162845,4.860766479497454
train:6989,-0.5260118228870795,-0.17810855601233816
train:6990,-0.6551924700968678,0.04306053065682199
train:6991,21.558990485652497,12.341724168748089
train:6992,6.227753061895307,7.813927419252434
train:6993,9.304773963266088,-0.07447146929685144
train:6994,-0.704214426092042,-0.2205212581751575
train:6995,0.30992602456644214,0.039535275045961195
train:6996,1.0873765651691598,-1.129435105828612
train:6997,-2.7610911778333946,0.07708902135037424
train:6998,-1.2554647347302859,0.03697472749756484
train:6999,-0.12611681791257595,-0.37898210954157324
train:7000,-34.75979619699044,-18.606423758250266
train:7001,0.6511421771001755,-0.034503759426323444
train:7002,-10.707309534143349,-3.291412603405327
train:7003,3.9815297751405154,5.665724964168298
train:7004,-3.6732475493292887,-2.6966163176032216
train:7005,-5.003091163279321,0.08324775984874705
train:7006,0.13217799345028908,0.20747772049741425
train:7007,0.31176081745673745,-0.11681269839385769
train:7008,-5.336903985777564,-0.1949657139746962
train:7009,3.955739463217711,9.884281011602665
train:7010,10.880208545749309,2.5165303815243547
train:7011,0.15072409300305473,1.2334520384622694
train:7012,5.978665688970515,4.408739425917158
train:7013,0.18416123496801118,0.012718252633020039
train:7014,4.421030898859736,-0.13216507013227027
train:7015,0.3713398644328767,0.2717837925374306
train:7016,1.704085951970673,0.2951629747508423
train:7017,2.041879156916721,-0.2754360404228705
train:7018,-0.9574237485329523,1.2502262391636088
train:7019,-12.195015306589085,-3.9543762187310763
train:7020,21.381239897495703,11.828761547424982
train:7021,-17.89808812324516,-5.873745598776101
train:7022,6.770854546921578,9.51326190173305
train:7023,-21.331228539848595,-5.775574418335192
train:7024,1.2390032638283923,-0.20365885742803175
train:7025,3.839536378415494,-0.021628835314478553
train:7026,24.554356245887053,14.070078142556927
train:7027,4.451429927853742,3.5575211763504626
train:7028,2.360623803823703,-0.3163938163148416
train:7029,0.6451025633311136,-0.184199530625958
train:7030,-0.6506276876330737,-0.10953899433488137
train:7031,-32.6526198987655,-13.534446207699471
train:7032,-1.1630523560682398,-0.26464995589113643
train:7033,1.7387577958787186,-0.15181841563595241
train:7034,-0.345901202446143,-0.009370812210303017
train:7035,0.5130626797662472,0.5340354476421147
train:7036,-3.9931503031891977,-2.5961619935589733
train:7037,5.482226941259118,11.18507483139051
train:7038,6.465078977696399,1.680858593728085
train:7039,1.7584330613334997,0.3334956490778892
train:7040,12.326760841174101,3.7290616700910824
train:7041,-0.5674036858333995,0.14514265020844358
train:7042,3.5089384533799115,10.187226377439998
train:7043,14.939425021486903,9.794532525384522
train:7044,-0.4397192560869819,0.08709261133922425
train:7045,0.2521527132005668,-0.022688270154787124
train:7046,1.6885014866278159,-0.3003380554526934
train:7047,6.200485710313953,6.550437689351491
train:7048,1.030357115876416,-0.02971085552295001
train:7049,-10.540405447476628,-2.3269250945531454
train:7050,-0.7111093699561046,0.11225662294662352
train:7051,0.5419668860463238,0.04582929165742239
train:7052,-0.8184818311276956,0.06529239897096126
train:7053,0.4286192020382203,-0.1310804199937931
train:7054,0.32827906755068,0.024778333863311977
train:7055,-0.35436942368021934,-0.1412054856623634
train:7056,3.5315487365760925,2.9997767561231687
train:7057,0.8238263379107171,3.3830835268802373
train:7058,-0.3400744041960302,0.10415891004905138
train:7059,-1.0927805787279494,-9.236140484898677
train:7060,1.673154593606494,-0.15272523907475685
train:7061,-0.229224832666776,0.05274010228094541
train:7062,0.18916443367291733,0.015464437560436958
train:7063,-1.1040543384636061,-1.0507560998412806
train:7064,-8.76539802707488,-1.0452879823241479
train:7065,-5.896942378188468,-2.6733457715966296
train:7066,4.4391217289489715,0.3042997576580946
train:7067,-0.2508053839732084,0.37678671384791673
train:7068,-1.9931128456043945,0.028249307035965412
train:7069,16.44187422536227,10.735915830734578
train:7070,-1.9278397340333249,-0.07528224634531921
train:7071,0.7025813501065918,-0.8360927384256309
train:7072,-4.249030105894103,-0.16126764354971956
train:7073,0.40387797415366533,-0.060491922533128545
train:7074,-0.26205862926916296,0.04744474700473014
train:7075,2.4989101889914545,-0.23200099523034418
train:7076,-0.9931658301791101,0.034615474352087255
train:7077,0.8064343935207939,0.011248917620361149
train:7078,-17.98547382492003,-7.375456626301044
train:7079,5.256618780432561,7.481483792408498
train:7080,1.2129500416358647,-0.07403549786147248
train:7081,2.073797068052522,0.17680807157985057
train:7082,1.233699961535323,1.890841039976216
train:7083,-1.9776980747769195,0.11788173868516813
train:7084,2.745907297419917,-0.05630511308106648
train:7085,-1.1627299364890127,0.06796764581060259
train:7086,26.51944105000959,10.079755994759644
train:7087,6.068192795954574,8.084342696548914
train:7088,-1.4455400263269098,-0.5305363231131586
train:7089,2.26833486048723,0.26529443761186844
train:7090,-2.236196519558244,0.22449194801158912
train:7091,3.0670381281630674,0.13207716691963292
train:7092,1.4997786370729678,-0.14277297131230657
train:7093,2.296319578197997,0.3061373002213795
train:7094,0.3063352421292965,0.08766525183058915
train:7095,-1.1805597159744474,-0.11519870531985249
train:7096,-5.5718820733521275,-2.8819230088662
train:7097,-1.5829786362924678,0.041639593323957697
train:7098,-0.14355583509614978,0.09559719286693408
train:7099,5.911802330577894,5.8865239530311
train:7100,-1.9298453837302043,-3.6282148033165726
train:7101,2.228741875633087,1.3767438372311305
train:7102,1.023560269389739,-0.1473591240367785
train:7103,-1.071212986968411,-3.3747676027622315
train:7104,0.9063025215515061,-0.3540398641633286
train:7105,-0.35294794154108905,-4.55419644761836
train:7106,3.783221974965429,2.020378196748329
train:7107,-0.16993571923078882,-0.0835079616546694
train:7108,-8.943100263917703,-4.6641673889765025
train:7109,9.336567741701595,16.52197236483635
train:7110,-2.6689877361726415,-7.512040085800983
train:7111,1.3265358791111046,-0.4329493030240225
train:7112,0.4709937821951983,-0.08121319119531462
train:7113,-5.87704674232193,-0.6062010488458689
train:7114,8.190167385753847,1.955387352820283
train:7115,0.7152539273029545,-0.12545159507418835
train:7116,5.828197329722449,11.520090347317238
train:7117,0.4403176629788142,-0.01737240738713347
train:7118,-4.101312657461159,-7.256028985169211
train:7119,6.884627978196701,13.630140736659795
train:7120,-11.983740520856358,-2.639014447668637
train:7121,-0.0839331440854035,-0.08122467539052011
train:7122,-1.686777749394932,-0.04652592854635623
train:7123,-2.4766085509568976,-3.437557190391882
train:7124,-4.261183952527347,-1.146495341454014
train:7125,-1.501699147672487,-4.557603187761308
train:7126,11.843532230339646,4.461055427519393
train:7127,3.312422441320674,10.261142937606893
train:7128,-6.807188407865986,-10.736383818010275
train:7129,-0.5131890776675153,-0.20227353179986524
train:7130,-14.452828263828033,-9.424661609532714
train:7131,-4.193846379324615,-0.13752505075541838
train:7132,8.682322393013912,6.390923501894394
train:7133,1.1689896313638997,-0.08485803223016311
train:7134,0.23310031960053612,-0.03681047772851623
train:7135,10.398542984122296,3.524688076249155
train:7136,0.2674412592035856,0.0008803656143127614
train:7137,-1.6984090299040937,-2.462208058109068
train:7138,2.878256001756956,7.570157757405673
train:7139,0.5129810869239193,0.06545043148324563
train:7140,-0.08837210852666222,-0.08140464200234293
train:7141,0.7636274410369505,-0.33707777917521103
train:7142,5.628180031648562,5.652261778206393
train:7143,0.6780062136346957,-0.11464582335067344
train:7144,10.379213616529006,2.5621264883320576
train:7145,-0.8048125892262601,0.17296935450420364
train:7146,4.043743968728132,5.123093459509822
train:7147,-0.7267613644177546,0.24372911626728067
train:7148,28.376308174798982,9.745702583335598
train:7149,-3.5357922023704322,-0.023031868715687076
train:7150,5.2440762636216185,-0.2049683053378762
train:7151,0.6187791084342953,-0.272136937861072
train:7152,1.143319732809545,3.824539414439074
train:7153,1.7480744896897087,7.205183471377643
train:7154,8.816540061602563,4.608667708919292
train:7155,1.0852121464941897,-0.17846970185286887
train:7156,2.6557395355257274,2.3252945643367084
train:7157,7.081138876174652,3.108641790882143
train:7158,0.615739484484783,-0.21651327404843823
train:7159,0.3402397413862761,0.022600295611744772
train:7160,-3.7808843155200442,-0.057157868072878565
train:7161,0.5077897132735306,0.13794855088145075
train:7162,0.2618594719386965,-0.2816171410032118
train:7163,9.211136064761442,2.4633793862011535
train:7164,-6.417753907473624,-3.178551354036459
train:7165,-19.531659581782005,-14.845713613514732
train:7166,0.200454930401872,0.02510616840470624
train:7167,0.6244501596634404,-0.36660771088163513
train:7168,1.5749258773151467,-0.09981230897825341
train:7169,-0.08226914988713213,0.07394395679817997
train:7170,-4.18167207636623,-1.4060246003213497
train:7171,2.842481608415403,0.30985611088621623
train:7172,-8.384321795168955,-3.3213690909336693
train:7173,-2.524775525544431,-1.5940148840813546
train:7174,-0.863710301100226,0.007801483481358729
train:7175,0.22416474107443662,-0.12911216446334003
train:7176,-1.7581466134000836,0.10556961146879773
train:7177,-8.215852799628871,-1.5482276117882434
train:7178,1.6677262287801704,-0.2842114634983771
train:7179,2.768404373453096,-0.35385882759543075
train:7180,0.8622758606810697,-0.06054713226660094
train:7181,-3.0110040099693163,-0.15645093312367636
train:7182,2.5495881774901714,5.201451906657069
train:7183,-0.20107193141918828,-0.020005640618227974
train:7184,-5.368914415292985,-2.553034489407618
train:7185,6.6853182830061355,8.502193926484123
train:7186,-8.37346785501519,-4.03976042544951
train:7187,9.318756791333621,2.3288508130085432
train:7188,-2.00493357957936,-2.5805788679603756
train:7189,1.7608692236913224,6.028231788826463
train:7190,-2.9298809657450238,-0.059593088099684444
train:7191,2.381538071699018,8.233781036316891
train:7192,-0.6835879415181567,-3.5934352391235405
train:7193,-5.645900496379651,-7.466035398433423
train:7194,-0.7316275871045933,-0.4344108986877386
train:7195,-1.907281127265593,1.4489013896106482
train:7196,2.8766083377500618,2.955863476230299
train:7197,2.299984049897302,3.9532668284535917
train:7198,-0.6777827618843871,0.07879642158973098
train:7199,1.834932743617455,5.843639542899996
train:7200,-7.666498187939869,-2.453950850425909
train:7201,-5.609923399452601,-0.1123541914291388
train:7202,17.142313675552483,5.374367650606149
train:7203,-6.046452079653742,-0.45868591945758425
train:7204,1.129443835532527,0.038859633449771815
train:7205,-1.1725189854441913,0.14194112764068936
train:7206,-1.4999166578862484,-3.979236862125997
train:7207,-8.768868163685335,-7.33604686285845
train:7208,3.6659467927591773,3.497373666922127
train:7209,16.07299833173764,21.143627943808045
train:7210,-4.375001085951636,-0.4546677350829495
train:7211,0.9731612307793223,0.13228052990429678
train:7212,-15.313252913622156,-2.5387678377637575
train:7213,-0.36900348350781353,0.2977805152928361
train:7214,2.21909346391326,-0.18691741521518995
train:7215,-2.1850110747210607,-0.029359481947904734
train:7216,-6.673720184643902,-3.864235129963796
train:7217,-5.440722625372209,-3.9756127069085996
train:7218,-3.6687013635247148,-0.8965399068853845
train:7219,-1.0054479937609724,-0.07273132840159827
train:7220,3.9256761039226267,10.825416657786551
train:7221,-2.5236990114338322,-2.2428027226992175
train:7222,-0.6505054727132621,-0.1534278435640374
train:7223,-1.047068246928338,-0.1561977993489216
train:7224,-1.286485589516961,0.07425328109947592
train:7225,-1.9629897445415656,-0.04753079562683743
train:7226,6.2261537492023855,-0.2961071638103394
train:7227,-0.7131183321829073,0.05878956259885348
train:7228,0.059052558752686515,0.9028172080284014
train:7229,0.5337458841507535,0.7771270426589156
train:7230,-0.6987368963479051,-0.5021301306071535
train:7231,1.4755127862897246,-0.20969062780549902
train:7232,1.5581405327031566,0.18363931313659262
train:7233,-3.6262737828889597,-0.47978730784803186
train:7234,3.8493893533867407,-0.5683208946081617
train:7235,-0.09124308402287296,-0.4068260757953441
train:7236,0.13353252761622728,-0.08244777784510829
train:7237,0.12860534275588298,0.15921321456895043
train:7238,-0.9845905619253984,-1.9804262393857779
train:7239,-20.089602130698815,-5.4583253090433965
train:7240,0.7344524209069824,-0.5576875284735394
train:7241,0.7413108688273258,0.2761349472426199
train:7242,1.7167593427708763,-0.1330365493553957
train:7243,13.405647885489488,3.623050422175472
train:7244,5.323963792298981,1.9681820302264994
train:7245,-0.4100565966835289,-0.12593107805661918
train:7246,-0.2844261098334025,-0.10247029385988399
train:7247,2.5289974914852844,-0.10611488523831497
train:7248,5.880517170772054,3.541616778607731
train:7249,-4.994328417454847,-5.127761951675342
train:7250,3.753476618543007,0.2970229863917032
train:7251,-8.304857340488848,-0.5095815187049924
train:7252,14.163556591667328,5.886932533590958
train:7253,1.3488862739946859,1.8055696779584982
train:7254,5.629044776302293,3.4675353025444697
train:7255,0.4867742098345866,0.0561502662833337
train:7256,1.8898021866461243,-0.13959965991973108
train:7257,-0.8576210574968705,-0.270515490759744
train:7258,-0.0549684405483018,0.06709855615604479
train:7259,-18.93722480847775,-7.060880409945525
train:7260,-8.83102470762937,-1.308208217314926
train:7261,1.1330064905226025,0.49431354234722746
train:7262,2.1231042503084834,2.4157743298669434
train:7263,-0.8363629838842254,-0.046797162411380516
train:7264,-7.451786739583283,-5.445235894403707
train:7265,0.47031674757046943,0.0251790680786194
train:7266,-8.87656978572512,-1.825784061251203
train:7267,0.6441098504161249,-0.003389294103160398
train:7268,2.561900328185026,0.9914252637313545
train:7269,6.635503411953468,9.008087419349803
train:7270,5.284435663293867,-0.26435329273672853
train:7271,-10.568536613878752,-6.900219229575978
train:7272,1.1595555461415836,-0.33005337488172054
train:7273,-1.994004322955754,-4.253861203960899
train:7274,0.2649669736943619,-0.07547141457938744
train:7275,13.766632286774103,3.848316406321188
train:7276,-1.1008360703564617,-0.21713484719763526
train:7277,0.16595324592568952,-0.02152783146099417
train:7278,37.411599198137374,10.83756565236668
train:7279,-3.0571155887965573,-1.6742617323706541
train:7280,1.2948295049739316,2.687131596491893
train:7281,-10.905635466061174,-14.359339543317342
train:7282,-9.40089608360286,-6.230273794208525
train:7283,-7.682196557820449,-6.01929443422007
train:7284,-13.913826412326816,-5.518702217054222
train:7285,0.0721693636461673,0.11880361283942822
train:7286,5.327921161381001,0.48637468226159725
train:7287,1.8231308387599499,-0.24895954936341413
train:7288,-0.5102200047939189,-0.03611835880877115
train:7289,0.934050480544578,0.6156558342101541
train:7290,0.17771807369387485,0.4378981110390592
train:7291,0.40144157933760244,0.34929426383000123
train:7292,-18.8326743903428,-9.429706666417774
train:7293,1.6141020645445217,4.542703062302143
train:7294,4.137986956032148,-0.1134901994592182
train:7295,9.117735273661852,2.586082662191539
train:7296,-2.8475412350912617,-0.5887689678191859
train:7297,-9.809249895252709,-3.467800711469957
train:7298,-4.084180020238235,-2.917459816638745
train:7299,-0.9779088984967653,-3.7595380734299635
train:7300,2.2697263555133684,-0.10290430370912537
train:7301,-0.33219999753667306,0.2896841576729591
train:7302,-4.9650172930252126,-5.5339292612710445
train:7303,1.9535120165515103,-0.06275616357914202
train:7304,-1.1974335109468526,2.941709811947964
train:7305,0.6066145687219997,0.5098180618395116
train:7306,-2.8123591453458667,0.14171130107576937
train:7307,3.5022050679928225,-0.11219683655570195
train:7308,-0.10794950906229811,0.1315247129328839
train:7309,-3.775742804162189,0.19052255455858197
train:7310,0.21542361386630643,-0.07928398906160072
train:7311,22.603230094175064,8.694447057907924
train:7312,-4.726251065967531,-1.030782445153932
train:7313,23.552911269561598,9.706427491697651
train:7314,1.8999238833431007,0.5435074121224767
train:7315,-9.929739510005142,-5.88958151933003
train:7316,-1.2054336775141854,-5.2259896257970135
train:7317,0.19124156427867345,-0.04812273099275566
train:7318,8.33816331915861,5.5221676736320155
train:7319,-1.955556194934843,-0.23135534806945862
train:7320,1.9285434445079908,0.1863291113788546
train:7321,-5.3222302918200075,-1.4286613043490841
train:7322,0.2742487987693142,-0.13953300165625568
train:7323,-15.676560967476313,-4.719976868494169
train:7324,0.922353763040786,-0.24179498082409262
train:7325,1.4748781752938411,-0.02252495919253253
train:7326,2.1136515684269472,-0.02687454462881167
train:7327,13.508629675419233,21.480097458710357
train:7328,-2.105001273009327,-0.3029469650156818
train:7329,3.013869349620069,2.4619348028390307
train:7330,1.8091098875410156,-0.13515652465729036
train:7331,-9.246628426876145,-6.1163654144942114
train:7332,0.13445120258169627,0.029044284399724993
train:7333,-4.5971177240096335,-2.844792965167505
train:7334,-7.147456130779498,-0.05168711133076065
train:7335,4.890142785680275,-0.382402973104712
train:7336,-0.9094174025894314,0.025139872021070195
train:7337,0.17207154680907613,0.06409975459930939
train:7338,3.0483270994888443,2.0038540804469305
train:7339,-1.9070605243955954,-0.6744189516266605
train:7340,-2.1551578576751624,0.6223371392555797
train:7341,0.18077582938612666,-0.09592965237312456
train:7342,1.9208360590942535,0.5391889980731839
train:7343,0.9699626053934789,0.02593952152635748
train:7344,0.5972053565313902,-0.10574528674479142
train:7345,-0.23249598502357754,-0.14823616703149414
train:7346,-2.4388836005214047,0.010456436820776682
train:7347,4.007009057937865,10.490469619048625
train:7348,4.652955414990372,12.007921840349653
train:7349,-2.648770610559837,0.1227125903640032
train:7350,-9.219194635194771,-2.595696348675113
train:7351,0.5940461328172693,0.09103682608387076
train:7352,0.8768485515332377,0.14746202965752445
train:7353,1.1747604071781121,4.044706130591928
train:7354,-4.969569755202274,-1.875521326051766
train:7355,1.2358125420227175,-0.07741092395662427
train:7356,-0.3381840537863151,-0.21734149138092923
train:7357,-0.48506906926092297,0.10665740014509503
train:7358,-5.905735808500655,-14.45934933627761
train:7359,0.31343637645246125,0.09535367086425349
train:7360,-8.2911943749599,-0.6194334096171843
train:7361,1.3572092088286056,-0.14766766370361942
train:7362,-0.8887586063201515,-0.09421597505812754
train:7363,-8.875588811951264,-4.791603437338844
train:7364,-1.4070172792108782,0.05705644774849311
train:7365,-0.2660959639858293,-0.4403719093034428
train:7366,-1.4247159522488118,0.05470250871818825
train:7367,-0.2774455051078076,0.04903841091330944
train:7368,0.2040510593785434,-0.12718121473470356
train:7369,-2.12033096412087,-1.3669436700458202
train:7370,-22.93574085868824,-8.287685768518232
train:7371,8.04265124615696,4.683966367013526
train:7372,1.782283741699656,-0.3081086471129213
train:7373,11.50626135905944,2.6820574368015926
train:7374,1.0204074382772248,-0.16839026981089933
train:7375,-0.402481538123054,0.09406765499245257
train:7376,4.890581666837867,-0.17694016397838735
train:7377,-19.59231072616218,-8.041385874545202
train:7378,-2.153055272892099,-6.611787033262195
train:7379,-1.5523354099170792,-0.7068760691631968
train:7380,13.469655726858875,15.813384110540895
train:7381,-0.9513475225910509,0.12106510766484906
train:7382,2.2844014442203666,-0.10893775035111022
train:7383,-3.6415237408240966,-0.5950324906825084
train:7384,6.339692862571336,7.267264320103182
train:7385,0.2504460048006495,0.7100151178076974
train:7386,0.5274856675116941,-0.3099534653775165
train:7387,0.12226760129370012,0.5098379630225076
train:7388,-3.187175509300092,0.013073264058720474
train:7389,-0.06649732320263313,-0.04581847358953545
train:7390,-2.325341930111813,-4.215971063466492
train:7391,-6.783523229175549,-0.17693413655916457
train:7392,1.3449012423820759,-0.1189516475834832
train:7393,-2.209374557965209,-3.1626241305641263
train:7394,-9.23829247438077,-5.416380748328613
train:7395,-6.104829782444268,-8.82504567092536
train:7396,3.0914378748926947,9.229185425270378
train:7397,8.431323283521301,0.4740821709066027
train:7398,0.754407566083025,0.03138891481217694
train:7399,2.533557857242514,0.0021062856198985763
train:7400,0.3794712536768305,-0.08599058073559987
train:7401,0.22382349237774923,-0.44098385284796443
train:7402,1.1876132557397887,4.984045962499455
train:7403,7.126434759036855,8.231857397954768
train:7404,1.8578954335058553,-0.3644561362103241
train:7405,23.9455778693264,11.453987034392764
train:7406,0.31764840353667567,-4.424144000000505
train:7407,-9.272811593224972,-13.96836446870082
train:7408,3.3442310970835574,0.11032956072505971
train:7409,1.2371017554231454,0.06408352693217119
train:7410,0.7873680524263482,-0.3410510253946938
train:7411,3.343613223080972,-0.23113821831662917
train:7412,-15.109321948615417,-4.135946338058372
train:7413,-14.163999830150058,-3.386944558861121
train:7414,-0.16293053204628744,0.24184813348734888
train:7415,-2.910013689783796,-1.033886673049262
train:7416,0.4104711872218832,-0.4024144685719147
train:7417,-1.185422858589603,0.06582348950141184
train:7418,-1.7332783470872317,-0.7386964915046756
train:7419,-0.1689126124008874,-0.009635840330092044
train:7420,1.0206596554678962,-0.04572428178972887
train:7421,-7.322705468271201,-0.3271356403302712
train:7422,-1.323392519405013,0.1249226916326193
train:7423,-2.426338061753339,-2.586446221754311
train:7424,1.7793457020011334,0.06949557875097154
train:7425,2.838638376329346,3.4653280544920535
train:7426,0.89815032729505,-0.04814316715378905
train:7427,-0.2915049281655031,0.03321311858972627
train:7428,-12.95703480428751,-2.9719670882826756
train:7429,-0.3156648942203123,0.4696671041585307
train:7430,9.829067716990192,3.8645580542187745
train:7431,-20.494036696418043,-11.417760378761905
train:7432,1.468656198035303,-0.14755353505561447
train:7433,-5.05534126685685,0.117648916243238
train:7434,4.226240191859636,-0.2301821412331701
train:7435,-23.17714409202332,-12.33906731364141
train:7436,2.9965242455655563,0.14491146836582852
train:7437,7.680921118837623,0.7049844696644485
train:7438,-2.9926193526644043,-0.18798075539517245
train:7439,-4.903109944314727,-0.04542472975391834
train:7440,9.708954684586965,2.1135046056257987
train:7441,-4.086592936772033,-8.723720545296834
train:7442,2.297119234544458,-0.21263400563754703
train:7443,-3.0778522585763213,-0.028092190307417123
train:7444,-0.15685389930246574,-0.06008969037931605
train:7445,0.8358490780964601,0.1644734039554992
train:7446,6.282053447151844,6.90454464551649
train:7447,4.439263063559044,10.738977902360551
train:7448,0.4224498765710988,2.7269870323049465
train:7449,3.4463676688517513,-0.1077339427710754
train:7450,-9.35234299587827,-16.246302664404595
train:7451,0.9054832224837441,-1.0490032977991395
train:7452,0.974755894307439,-0.08472664162414739
train:7453,-21.790080649777448,-5.075589752169593
train:7454,-4.609186955843427,-8.42512747545117
train:7455,0.05822814560363901,-0.12104319771898414
train:7456,0.32339628221422345,-0.08856999517611952
train:7457,-5.873512447237165,-0.005602319918381643
train:7458,-2.265148496006692,-0.06500271468471469
train:7459,0.7892923417391399,-0.22586904129905006
train:7460,3.6081572093164844,-0.1377095825131614
train:7461,1.063934778847604,-0.21285844675688925
train:7462,-0.22183916945754506,0.09423624440467739
train:7463,-7.237576471192677,-0.5308848434720037
train:7464,1.214774606363589,-0.31017473229383613
train:7465,0.9751703673498052,0.0689476542449402
train:7466,-3.7391524823973583,-8.16483883309217
train:7467,-0.45133612418524804,-0.14577330647274955
train:7468,-12.555867671593237,-5.050419249495339
train:7469,0.06622215202760488,-0.07769328536482906
train:7470,7.257762506782715,12.575049918015914
train:7471,1.107587646867718,-0.2936169837064786
train:7472,-2.555512781278001,-0.9012271704589483
train:7473,1.2769251063933766,0.8423328764276412
train:7474,6.115547328992434,7.849682212742669
train:7475,0.6528261045925483,0.1835373819878432
train:7476,-1.2659122216509728,-0.17275221323984524
train:7477,-1.2403681992337137,0.054251950214986154
train:7478,0.4783667764303356,0.022926846205848964
train:7479,-7.869105070810143,-5.1222426902578215
train:7480,0.8588054916123736,0.0032630151326313722
train:7481,-6.264773139564934,-0.03552542481718285
train:7482,-0.5687483405241271,-0.05753470660250995
train:7483,-0.41009965957253525,0.16964229042364398
train:7484,-3.8997048801074796,-3.5606991483730366
train:7485,0.9927650153252265,-1.2722314436043216
train:7486,-0.7441332011698961,0.004323591259420001
train:7487,6.444592897899624,1.3336682616146174
train:7488,0.5193813596527295,-0.2965584356175915
train:7489,3.538413228410682,4.295984316190935
train:7490,0.46555356199862163,-1.091141877215532
train:7491,-4.5688289509206195,-5.368543154874092
train:7492,1.4900725757095588,0.3705714103383765
train:7493,-4.455247065235464,0.030447496126946007
train:7494,0.647767115909982,-0.35130156124566453
train:7495,-0.031077719250262453,-0.06380714576645771
train:7496,2.7872848641844614,-0.009492894198465829
train:7497,0.9151348886189345,-0.16007116516879877
train:7498,-2.559451321242561,-0.0036217598930655126
train:7499,-1.0197912483300136,0.3200082821086877
train:7500,-7.505987632712992,-12.687975709889782
train:7501,-10.792972255341487,-0.5142378962131899
train:7502,6.687762813860607,8.460523845167792
train:7503,-24.40895146510493,-10.370125584692188
train:7504,15.326819468362828,2.637772097516227
train:7505,-0.31823512686819927,-0.07654058601997893
train:7506,-0.7449657503573525,0.06513590006238446
train:7507,-0.3367572251076591,0.012963201243800695
train:7508,10.26849189703189,1.117450967325975
train:7509,-2.6226550895589225,0.004641082892088796
train:7510,0.6380874385568416,0.2983082176290491
train:7511,-0.25001984946484274,-0.0370277501421557
train:7512,1.5700986494981102,-0.07140986131851082
train:7513,-3.573211702678236,0.06156517131833417
train:7514,3.4062900085666863,1.32936161708215
train:7515,0.13035761297088935,-0.05079540993781689
train:7516,-0.6938140119650055,-0.31245138483032014
train:7517,-1.2162973809140403,0.11365744510527694
train:7518,-0.040212398259136306,0.04162604054700711
train:7519,-5.851669741150291,-5.6999407926590635
train:7520,-3.3816728540009966,-10.181878368813363
train:7521,0.19106710436936564,0.128100568171115
train:7522,-2.4131074685512557,-0.19234471390805974
train:7523,0.44702338583531315,-0.38925622009139754
train:7524,21.568331587578715,9.356340717158627
train:7525,-7.579327277678986,-15.73904191033582
train:7526,0.8286171860131547,0.015829435242837836
train:7527,-1.6065681498257032,0.026163677324079718
train:7528,21.374840787058094,7.957205094601105
train:7529,-2.5497789663239883,-8.136168004783604
train:7530,-13.129749417127524,-7.508156287909374
train:7531,-11.488464064346212,-6.974236793596357
train:7532,4.404161869281256,1.7939120072080312
train:7533,-7.446199373320628,-5.972357315798309
train:7534,-0.13849550977870212,-0.09659562869943603
train:7535,19.857001917845196,7.134606315451373
train:7536,3.725737841650425,0.04426558651894439
train:7537,8.284075865650143,0.09162965307985155
train:7538,1.5347073473364898,-0.10876670003991279
train:7539,-2.0373289599406346,-0.17481829842076008
train:7540,-23.544428111618718,-10.836964254210569
train:7541,-0.9894476606263073,-0.07233212778999842
train:7542,-6.97624226833854,-0.36619556380152724
train:7543,-2.6013316951807672,-0.19467407961384103
train:7544,-6.3826936258461195,-3.606208517408256
train:7545,-1.7211962138211048,-0.3163369659820541
train:7546,-7.076685614284751,-1.0118449359296586
train:7547,1.4849003798639906,0.1693255120950252
train:7548,-0.9150256900937089,0.11835640686526128
train:7549,12.964363109692826,3.9755727020629217
train:7550,8.286624537796248,0.008374230968331134
train:7551,-2.895725411588574,-0.3786198224145625
train:7552,5.470712819703042,0.4564802521856073
train:7553,-0.06673762690849183,0.4325601715110571
train:7554,7.456496635370421,0.9874176362566602
train:7555,2.5242090841943696,-0.0500139140206029
train:7556,-6.362821235803606,-13.696432421672355
train:7557,3.127471226713886,0.2986926171816108
train:7558,1.0228552235470598,1.2563219929143639
train:7559,37.26628862232398,10.339408940549257
train:7560,-2.438167396683194,-6.341613138056247
train:7561,0.9905939715904094,-0.7465325644766965
train:7562,-6.506179162398897,-1.7336203275196553
train:7563,7.309982855705493,0.8208849649296885
train:7564,1.708296468076326,1.8907745600387533
train:7565,1.306637918662164,6.972191548405231
train:7566,1.0137163602898616,-0.1596507437617105
train:7567,16.469270823725203,10.626568031794543
train:7568,-4.828640552301118,-4.881969930185933
train:7569,-10.773641028082276,-3.2814326237805327
train:7570,16.29443991106595,7.0404832781552
train:7571,4.37099379772939,0.38286163912041093
train:7572,15.715069361562875,10.70628346856657
train:7573,4.792143970588535,7.0674901107758545
train:7574,2.1800579139192364,0.008614400441976588
train:7575,1.4563707800380774,-0.028548098590994442
train:7576,3.2927899481820986,0.5650540449009536
train:7577,-8.290626247020729,-4.281258927200971
train:7578,19.30782025508694,8.591348373089401
train:7579,9.93989264794598,1.999858436480277
train:7580,-9.785676770025413,-2.150700047794352
train:7581,0.26708211122239894,-0.012707256239120598
train:7582,-1.0303833242761362,0.1376600907236182
train:7583,-11.056421828181902,-1.8288141768557349
train:7584,-1.0663456601049313,-0.6601000861263377
train:7585,3.212773637639638,-0.006738399278866047
train:7586,0.031210919088793837,-0.20079039435383822
train:7587,29.395862577872894,9.44681049643216
train:7588,5.851174432021745,0.03898949045207996
train:7589,7.039577202483829,3.139643696826211
train:7590,-0.7536120346034605,0.1024068926413652
train:7591,1.4328004443096631,-0.20348206501923155
train:7592,8.0236073372827,0.6990253849696795
train:7593,-1.158734095568231,-5.524715655517603
train:7594,1.5529625254015822,-0.4904446053335328
train:7595,-1.7405270923929552,0.0004682898646098388
train:7596,-2.7577877137811986,-0.010919430968122854
train:7597,2.8146177689895664,0.71789327571867
train:7598,11.151109799939185,8.347674008663724
train:7599,-6.703503664217725,-2.061730774920463
train:7600,7.544690361888405,12.620535890678292
train:7601,1.3600091683324202,0.5884568374784214
train:7602,7.090641769036083,2.4969093843593413
train:7603,-0.8699595922019935,-0.21754899152908325
train:7604,14.18712506772982,14.819248261509983
train:7605,-7.9828440982657085,-11.613702148089226
train:7606,4.438826971900334,9.292196993120397
train:7607,-0.7425144782139136,0.017729819892930473
train:7608,-11.759114263636619,-4.799057749983288
train:7609,9.27262777813836,2.459650803270831
train:7610,0.8564096607592344,0.3246653015905302
train:7611,2.4004257686358317,-0.024143196425635394
train:7612,-1.8389195755145589,-0.3969485979625395
train:7613,-0.744330906903229,-0.29666717882001875
train:7614,1.6446389412749958,3.7763400331703783
train:7615,5.333413684681634,0.019192485512721583
train:7616,-4.888619427450488,-3.3230131141081807
train:7617,0.0032531665338961513,0.030432980389527874
train:7618,-2.354807639271214,0.23022726922586353
train:7619,-25.176061798264836,-9.396215614660717
train:7620,-24.841031824420643,-9.78398481555478
train:7621,-2.554142672409966,-0.05079947577090205
train:7622,1.1342452604848958,-0.20845329493511272
train:7623,9.797864382484919,0.20971713856248664
train:7624,-7.55613724363162,-0.7320860888818232
train:7625,4.2153109352360305,-0.06192302444870576
train:7626,0.9369656231064363,-0.009801968843344264
train:7627,-11.821437247680672,-9.367395848466504
train:7628,0.3165345798785165,0.17103772713671966
train:7629,-3.39749535658187,-0.6763873854831262
train:7630,1.2862727171503199,0.04597391405356618
train:7631,0.26083200651679045,6.081503617855739
train:7632,-0.24479767509762085,-0.011901115666978046
train:7633,-4.254279012958953,-1.9117209359476002
train:7634,10.25519993485438,2.303587866129405
train:7635,-5.5735576323478515,-0.3638727604930062
train:7636,0.9292841567864868,-0.17781410410048537
train:7637,4.533854970681676,0.20802468204297803
train:7638,-1.7870493087015986,-0.03108189723751463
train:7639,0.490770748130089,0.4552882497876004
train:7640,-13.658590054030924,-3.5321099220477934
train:7641,0.5173829161612982,0.11386091508554828
train:7642,1.300030990557771,-0.18718745429593048
train:7643,0.22883482712106415,-0.10792828245950634
train:7644,-2.9406921335825826,-3.3039821620533534
train:7645,2.2288064990238765,-0.303180072779232
train:7646,-0.7904592808383281,-0.154074275359378
train:7647,-10.940963539581446,-13.47830061931343
train:7648,0.34797804374596675,-0.0825691465292211
train:7649,-0.13809969151011603,0.1387888943827923
train:7650,1.1750891031298258,-0.32994313374078826
train:7651,-1.285707319328603,0.0542852258489201
train:7652,-3.46918780245745,-1.1337287682273687
train:7653,1.7903216827310295,3.125060338184137
train:7654,-0.16671152343851786,-0.05575055484736985
train:7655,-16.669881063388544,-8.116835753098043
train:7656,-0.39015340592418224,-0.17512789021107478
train:7657,-3.906580994854082,-0.05904651887134818
train:7658,-6.06828827690989,-1.7858749849735875
train:7659,-1.4510007028486283,-0.2591390401310018
train:7660,13.480596141478014,2.2858017723026913
train:7661,-0.08390774802265616,0.017226405559621086
train:7662,3.466118715692854,0.11238508900603411
train:7663,1.5928205126496113,-0.052220948081803886
train:7664,-2.078635394483663,-0.31339743999187625
train:7665,-2.870764743125223,0.1753487228238921
train:7666,-30.34701910632887,-13.810682046044203
train:7667,31.787571481495988,20.447529928750253
train:7668,2.3773489417514684,3.240660675105124
train:7669,11.557171573340167,3.0165485315907383
train:7670,-1.0738037340560003,0.23276442040141887
train:7671,-0.7101809317445451,0.04892000244100429
train:7672,2.3102043088881445,7.0277545100432075
train:7673,0.9702380684081754,-0.09239986728154606
train:7674,-0.181953054762446,6.3101352558311214
train:7675,8.415730914598276,1.2541090384295477
train:7676,0.38979751362522713,-0.07185260914236508
train:7677,4.011253280488354,0.4344073436790174
train:7678,1.5043250553357823,0.23526112723733744
train:7679,0.7888819367159781,0.37327939783391423
train:7680,-1.8078075970977054,-8.474770584117127
train:7681,20.408629041290887,6.902036668476581
train:7682,-0.5410977234191601,-3.228361661171745
train:7683,-0.941105412525625,0.048504716823076235
train:7684,3.4999478984799928,-0.12539577903227342
train:7685,6.713777680443493,2.149063383163085
train:7686,-3.5658285965096477,-13.480947262660663
train:7687,31.883943088905976,11.69143511042653
train:7688,6.112828497414466,3.4771443640632476
train:7689,-1.320145194017837,0.34635188462362326
train:7690,0.24271514110464687,0.09487158432204001
train:7691,2.2332308767105595,0.05813307321640743
train:7692,-1.3681332919894982,0.2127956875120155
train:7693,-3.9112650283951242,-5.301461759436215
train:7694,6.765097951060022,9.695646899607102
train:7695,-2.0622250050131963,0.0979892936639156
train:7696,0.654735632807084,-0.16364314219493664
train:7697,-1.5219987959605805,0.13501886848716335
train:7698,3.3347072829805042,8.758937733036088
train:7699,-4.849454863133125,-3.391080581064821
train:7700,-0.985897093464725,0.04781666373641631
train:7701,-5.033302366015205,-0.5779475034065704
train:7702,-26.81010189261403,-16.585337791314057
train:7703,17.18273909336496,6.7400087975471745
train:7704,0.9993148749316377,-0.0010400985447882455
train:7705,2.285890106790929,2.2488882877135863
train:7706,4.47750244408021,0.2607274371011399
train:7707,-0.06041017172344004,-0.6409463744444999
train:7708,-2.1193465034734102,-0.940313379184448
train:7709,0.6511081219679788,-1.3582290918057813
train:7710,0.663845322555131,-0.09566655017427061
train:7711,12.357480662539652,20.86569272989452
train:7712,-0.1690030967709048,0.2758952770818094
train:7713,-1.1945397545430976,0.20691157107290464
train:7714,-8.147517515658986,-3.792168024537822
train:7715,0.7338049084787653,0.35502145337810526
train:7716,2.308618943689638,-0.2329666305880737
train:7717,-2.1100300421206604,-0.19108976242763764
train:7718,0.6691783795029522,1.3558029422519398
train:7719,1.8803076622813428,-0.07977267366627697
train:7720,1.5020988027689053,3.8381800704486273
train:7721,-3.6572562820659935,-0.7865857995028231
train:7722,-1.1835255344326803,-0.15036414917135044
train:7723,-10.068802538153568,-5.548881826089414
train:7724,-0.605655386641299,-0.01911147832631159
train:7725,-2.8333668614337624,0.14528024655969457
train:7726,1.4740431852948626,-0.01814848219356721
train:7727,11.015868385260472,3.811634317565913
train:7728,0.3302863444552409,-0.0406846103502472
train:7729,-0.2436925686234711,0.01580282900177167
train:7730,2.553522765664647,0.23744376630002734
train:7731,3.933353734681612,4.131063284034603
train:7732,-0.46526246490040024,0.12574181433847242
train:7733,0.8386250944015285,6.0024090409288595
train:7734,0.011506363895741084,0.004686092377645765
train:7735,0.4153608300764271,0.3859170770187188
train:7736,0.6097067282338084,1.950783688481383
train:7737,7.535384593614706,0.8413644948493191
train:7738,18.847552939391445,10.701300611794673
train:7739,-1.1909668713904509,0.11099657134224372
train:7740,-0.6031892371704841,0.14684851684409278
train:7741,3.516367353821829,-0.2756955047710693
train:7742,-0.8049711838606708,-0.05465488416131972
train:7743,-17.60093396523438,-17.949605399976345
train:7744,-4.992978299995474,-0.11812000639155204
train:7745,0.21801563947421684,0.08372053777310762
train:7746,-5.236659624085007,-0.2953575169189593
train:7747,-2.6363857004357842,0.08655955922263607
train:7748,-1.8681277209437628,-2.761702173630732
train:7749,32.2820120181742,9.273045064698685
train:7750,2.6434859643074162,0.056590410547405344
train:7751,-0.0004378635193573732,-0.09340255878467468
train:7752,-1.700619242852393,-0.4187521628598377
train:7753,-1.8871451295786357,-8.335497683026952
train:7754,-2.5687089706605275,-6.601234698467657
train:7755,0.33116038743858184,0.0610989914564364
train:7756,0.08819875406086361,0.10908848300841074
train:7757,0.2844455794778914,0.0871374781639712
train:7758,-19.79792282916241,-6.697180940915708
train:7759,5.858901343927664,7.785848347983773
train:7760,0.03699645600126221,0.12264247257588515
train:7761,-3.727156707367484,-6.767432830195164
train:7762,-8.217506972466492,-3.6700446647401117
train:7763,9.812806798168205,5.608444937021088
train:7764,0.12278110154641293,-0.022586410336442694
train:7765,3.2724489223272406,-0.3789445184181366
train:7766,-8.006319591032101,-0.3254322345935946
train:7767,25.807146229566612,10.714224539894754
train:7768,-4.836421394518774,-7.129720527849158
train:7769,4.794695432233522,8.330203195227124
train:7770,-2.082229663794412,1.030275226155484
train:7771,5.888867070761843,3.541984843497547
train:7772,17.42833773302008,5.210480624000742
train:7773,-13.032211799184442,-4.670516936308259
train:7774,-0.39141373638825905,-0.07446191102258104
train:7775,4.218026047482153,-0.258797938134277
train:7776,-7.037163994110364,-0.9753122130424599
train:7777,6.96180969295755,1.0732699130927237
train:7778,-10.383299940552938,-4.284876805342728
train:7779,0.17887455343911984,0.10066047467047175
train:7780,-2.808829499425907,-0.4594939502854593
train:7781,4.7160808448797695,11.161560906042048
train:7782,-3.5425351185453713,-4.377757552305368
train:7783,8.50659047221545,0.6461455165158949
train:7784,1.2929689092189687,-0.13818710390945466
train:7785,-9.847993245238738,-3.872950564168695
train:7786,0.7286030742075653,-0.08709848458610803
train:7787,-0.276456627753783,0.07535786808615146
train:7788,1.3628639879809334,-0.2778371645160849
train:7789,3.301239340298715,1.7925782712952831
train:7790,1.8744938816926844,0.28378905635147766
train:7791,-5.2794384491217805,0.14433440538935344
train:7792,9.109119441445218,6.452784082329284
train:7793,1.968989783562093,-0.14653461588534766
train:7794,-4.635416148923824,-4.325959124121835
train:7795,0.4488365601092651,-0.05716760467316148
train:7796,-3.8919686698719507,-0.020899053940891824
train:7797,1.9656981748801492,4.921298031826327
train:7798,7.934198319084686,4.940807182916295
train:7799,-1.3113554830374943,-5.715665437781187
train:7800,-1.433036678729449,-4.576883510912027
train:7801,-0.598659788359208,-3.2527720670502864
train:7802,13.798114571167675,12.870033669368421
train:7803,2.043251822825399,1.9524996127041374
train:7804,-3.4482010076111766,-0.20887628423678112
train:7805,-21.895060650740383,-11.400957217916135
train:7806,0.5233475621478794,0.8405364915080431
train:7807,-0.4594063769120159,-0.032260025871748366
train:7808,-15.116015816101662,-5.968102599800685
train:7809,-1.1054005041328954,-1.8736832841756461
train:7810,-0.7351920436460306,-4.7966262391375425
train:7811,6.047135798719745,11.329847021384806
train:7812,-1.878655987102937,0.018219110806049252
train:7813,-1.0876694031704472,0.06892839503558937
train:7814,31.454155697672093,13.617222514992113
train:7815,1.1986922154701158,-0.12051595903040371
train:7816,-2.736644706997477,-0.9829860806735036
train:7817,-9.434188752771501,-1.300389834283346
train:7818,0.16166404270571202,0.1691025332489855
train:7819,-5.3026256936702625,-0.18447914581357017
train:7820,5.533924724057813,5.031102345358382
train:7821,0.8223039688953182,-0.1265063577729692
train:7822,3.962200407547227,8.860257152232215
train:7823,1.0081243448624015,0.3729477114506498
train:7824,-1.4662397352464738,0.1375247056149223
train:7825,-2.260564651967197,-0.37152408771606893
train:7826,-2.82032269974036,-0.6613318908903363
train:7827,-1.148609958059732,-0.01783188219096095
train:7828,-0.33867035642491866,0.03951640815383787
train:7829,14.30813352927449,3.379584913175645
train:7830,13.323623600667746,3.770815635963698
train:7831,9.755941933605229,4.684632878317875
train:7832,1.312472620492445,0.0807287265960625
train:7833,0.1754391693355815,0.07638028244626341
train:7834,-0.7054936437881391,-0.02728854629944967
train:7835,0.334198965326013,0.14326295137580183
train:7836,-1.4515231527435906,-1.095331753875009
train:7837,-0.9043430716630086,0.23803680728722312
train:7838,-13.678380618772868,-7.8106919319003705
train:7839,0.20390786510254924,-0.7273938321799092
train:7840,5.9275899644227295,14.448307329764253
train:7841,-7.602840893596779,-0.6549798469944053
train:7842,-2.3113530581300332,-10.5566460341267
train:7843,3.340389957121662,3.857949434856047
train:7844,1.1618499089728536,-0.438053385819222
train:7845,9.355054680632216,5.2684631129764234
train:7846,0.6143325309856684,-0.014497613739495957
train:7847,3.637923486980529,8.284950615649917
train:7848,-1.2771774966608604,0.11159881395168492
train:7849,4.472948122237227,0.3140703825442045
train:7850,-1.4978745122456498,0.07648727805376807
train:7851,0.41891964950553834,0.06978214865307149
train:7852,-0.2331766227510303,0.057663433829867
train:7853,0.22011206411391374,-0.3251770857348985
train:7854,0.47284275503814877,-1.1633036380889448
train:7855,34.32819871282116,11.362958024744005
train:7856,-0.8846791966619997,0.1919913189280008
train:7857,-4.49453576225312,-9.231902317555013
train:7858,-0.8906322197365685,-1.9022642361739088
train:7859,-2.803850476377987,0.1836452335602079
train:7860,0.8299470796056263,4.111563263236475
train:7861,0.5904001415480642,-0.010808405192735529
train:7862,-11.551930742932297,-19.927955894667093
train:7863,-0.10189222846697721,-0.3706577086169013
train:7864,5.120148126579405,3.518577628434969
train:7865,-0.5854866123424666,0.03649153533407384
train:7866,-4.912888997565575,0.06355350635779564
train:7867,2.439527336770086,3.1602165269155855
train:7868,0.07455136323401163,-0.052561122783263664
train:7869,1.0578548335738585,-0.5774946979956106
train:7870,-0.865309148876667,-0.07166757807178703
train:7871,-5.565209592023985,-5.239192027798227
train:7872,21.352524795994068,14.182659206094941
train:7873,-0.6467392424192875,-1.5460708656625697
train:7874,0.9303189446429608,-0.46429940834011335
train:7875,3.6159877975975543,1.2249737065236006
train:7876,-1.8097139871259977,-10.927061974091608
train:7877,-0.6804822994284133,-0.03322419895617529
train:7878,-3.6864999936059557,-10.270481003405536
train:7879,-16.5134682820208,-6.046500421331493
train:7880,0.1747304041610585,0.10245660993365235
train:7881,-0.010910397815431488,0.007292862028484115
train:7882,3.0723604920318373,0.7376400283877036
train:7883,7.087116772280928,-0.1721466894317739
train:7884,-2.8152153597438216,-0.45945971169105787
train:7885,-6.044355306326684,-0.03169323447359372
train:7886,-0.1576516378684445,-0.03643567211542745
train:7887,2.035959840286989,7.114779316076711
train:7888,-1.470136665186029,0.02004606080419119
train:7889,0.7142008914746207,-0.12526492340429524
train:7890,-8.68849433236937,-7.526841430160747
train:7891,0.4658369285934867,0.3368297748685442
train:7892,-2.944002106465506,-9.888696708812853
train:7893,-4.549997973794428,-0.0906984944614121
train:7894,2.3478402278176214,-0.15822003416336078
train:7895,2.1369631781339633,3.058374398511597
train:7896,0.17015702074237507,-0.08020133373514313
train:7897,-0.4285569600775253,-0.06998261124480376
train:7898,-10.4703760078518,-2.0662642501408404
train:7899,3.1029329348730696,-0.3520250298784085
train:7900,-1.2463123888951526,0.15669539393315096
train:7901,1.1421769681004748,-0.19687941957792315
train:7902,-1.4706438890662548,0.16668778504841547
train:7903,1.5064983074238816,-0.22468816644422368
train:7904,-2.9050660485983095,0.1873201046955627
train:7905,0.4893302044152582,0.038028099253448154
train:7906,9.054482456656798,2.9580621646341148
train:7907,1.0207612397188857,-0.1795762682582832
train:7908,0.599535750389899,-0.06425171251563955
train:7909,8.147532684826029,3.7434818247665094
train:7910,-0.9988977854672009,0.17834552712928742
train:7911,-1.399963101452244,0.130319621405559
train:7912,0.7651859573087083,-0.23467898829057815
train:7913,1.0982614222688778,2.6759800862953282
train:7914,1.080867037067432,0.2557480041886833
train:7915,5.4088528924735675,4.490638714368759
train:7916,0.13115726931735022,-0.11189139976147866
train:7917,-0.09812872955732563,-0.032334245158154085
train:7918,-6.392922718250092,0.043251660477027803
train:7919,-0.5203114819196628,0.22077427863323246
train:7920,-23.700372257174116,-8.10687631662989
train:7921,-6.004267417879048,-0.7699796532356711
train:7922,-6.967501838505131,-5.876786556602194
train:7923,14.343112915434387,16.07911098297733
train:7924,-9.22690481010739,-1.1552655574099553
train:7925,-4.2579379056604925,-0.021061401942678887
train:7926,1.7874694201231587,0.1345853936159595
train:7927,-0.3942486227426709,-0.08625717812429895
train:7928,-2.0454726694713217,-0.022507483243306772
train:7929,-0.3445307448907476,0.16410612370013822
train:7930,14.981373505689502,3.2869489721629765
train:7931,-14.90515294637066,-9.555364590444198
train:7932,-5.435885634309082,-8.155555608863446
train:7933,11.35503611578112,5.3947293426967144
train:7934,1.2458259131797371,-0.16065081387245528
train:7935,-0.7609165117722841,0.35772936954323803
train:7936,4.481669955411417,0.47309802530877487
train:7937,-6.219819435232379,-13.311942136835475
train:7938,-0.4952634091579775,0.11166622118441284
train:7939,-0.11868762689785817,0.23610753382310423
train:7940,2.4975940104351575,4.288336555488122
train:7941,-3.8154936281614624,-3.884648750589204
train:7942,-0.22923506082934703,0.019588511921298804
train:7943,0.2644978729655369,0.0017928598203149487
train:7944,27.47610713059916,15.539679645608912
train:7945,0.41668003058984726,0.017653032711944627
train:7946,-2.7322317197645662,-0.05833571138549229
train:7947,5.279481513277654,-0.005743982102717801
train:7948,-0.034423548816744365,1.7137998307233775
train:7949,-11.913518605808601,-3.3088856994148865
train:7950,0.3842894156224974,-0.26236816756549225
train:7951,-4.170422492287559,-0.3744201734895999
train:7952,-19.99013417952869,-8.105663129101597
train:7953,-7.37706350317132,-5.961287978228308
train:7954,5.11659523483542,13.37616226724899
train:7955,4.938826050019404,1.7229258427394742
train:7956,6.24136395677844,7.176983423742096
train:7957,0.4858838947744281,0.008071861381522993
train:7958,-8.044570129548799,-1.0313204190684655
train:7959,-0.03402610334047651,-0.10219478017055952
train:7960,-0.30392575308767467,0.07212667206991595
train:7961,0.5363796360127888,0.06346651892889435
train:7962,-0.11665251311902725,-0.03228138932804679
train:7963,-7.447065977640281,-6.763121620516777
train:7964,-7.043928528901646,-6.300510846763739
train:7965,5.898580105872459,0.14073143530224175
train:7966,-0.7374507822519822,-0.27583285146590275
train:7967,-6.892412247906533,-0.5859106871603066
train:7968,-5.4635016732508115,-0.12605711888225968
train:7969,1.3913024641766687,3.6808006593524634
train:7970,-0.4189218565919527,-0.09428316829964048
train:7971,17.640358244787528,10.77274742801874
train:7972,10.111893149071944,9.841585484384009
train:7973,0.2563534660601291,-0.05268192082413642
train:7974,2.377430069677316,-0.09464980658135641
train:7975,5.765222532772734,3.219210195712591
train:7976,-0.7626514057338317,0.010868227248859594
train:7977,0.36632295069179577,-0.02765618320683566
train:7978,9.021187927822236,1.8297737963057707
train:7979,-0.036977683731494015,-0.10091265180583125
train:7980,0.0411703599340756,-3.360639046782457
train:7981,9.403112167388592,1.9750888106821398
train:7982,0.5408188910268479,0.023721966230418542
train:7983,14.033478539421054,4.768812457156616
train:7984,6.883944550970365,3.35049865658834
train:7985,0.3010572777844146,0.033983130311734756
train:7986,1.5143003033414009,4.481156906292507
train:7987,5.494066504351544,1.6152337651603712
train:7988,-24.60575433063264,-17.146644166645586
train:7989,10.458699457367215,2.918144528707899
train:7990,1.0075685372099632,0.03145546608004484
train:7991,-0.4355991662367865,0.19177739904339652
train:7992,-4.377997937584942,0.3055185089579776
train:7993,-0.3208394146482829,0.135367495841616
train:7994,2.4378248126184934,4.833329952517062
train:7995,-5.359534260382406,-0.13300641225928186
train:7996,2.486267715137204,7.367217619382688
train:7997,-8.592675975571177,-1.1100109805814073
train:7998,-1.8408213163780465,0.1463571216840264
train:7999,0.7080692242424198,-0.03876575112525876
train:8000,1.5152464083792192,0.04926591924006683
train:8001,-0.22604956933407772,0.05363251697793922
